comparison_id	dataset_class	evidence_role	workload_id	repeat_id	authority_output	candidate_output	authority_output_sha256	candidate_output_sha256	authority_query_fasta	candidate_query_fasta	authority_target_fasta	candidate_target_fasta	query_fasta_interval	target_fasta_interval	target_region_start0	query_ordinal_namespace	query_source_ordinal	query_sequence_sha256	target_ordinal_namespace	target_source_ordinal	target_sequence_sha256	assembly	target_coordinate_namespace	query_extraction_recipe_id	target_extraction_recipe_id	parameter_bundle_sha256	input_pair_digest	authority_receipt_sha256	candidate_receipt_sha256
canonical_hybrid_v2_former_fresh:vh001__repeat00	canonical_hybrid_v2_former_fresh_60_regression_only	historical_regression_only	vh001	0	.paper-artifacts/bioinformatics-canonical-hybrid-v2/fresh-holdout/v2hold_vh001__repeat00_a/output/at0018-aq038|ENST00000702329.1|ENSG00000289987.1|ENSG00000289987|GENCODE v49|GRCh38|application_query-target-TFOsorted	.paper-artifacts/bioinformatics-canonical-hybrid-v2/fresh-holdout/v2hold_vh001__repeat00_h/output/at0018-aq038|ENST00000702329.1|ENSG00000289987.1|ENSG00000289987|GENCODE v49|GRCh38|application_query-target-TFOsorted	cdc3f8a37932f10c0942fe4802a4172053b1097e51448e47be343d8ad107c903	cdc3f8a37932f10c0942fe4802a4172053b1097e51448e47be343d8ad107c903	.paper-artifacts/bioinformatics-canonical-hybrid-v2/fresh-holdout/v2hold_vh001__repeat00_a/inputs/query.fa	.paper-artifacts/bioinformatics-canonical-hybrid-v2/fresh-holdout/v2hold_vh001__repeat00_h/inputs/query.fa	.paper-artifacts/bioinformatics-canonical-hybrid-v2/fresh-holdout/v2hold_vh001__repeat00_a/inputs/target.fa	.paper-artifacts/bioinformatics-canonical-hybrid-v2/fresh-holdout/v2hold_vh001__repeat00_h/inputs/target.fa	0:766	0:2501	0	canonical_hybrid_v2_application_query_v1	38	6a023206231290a6707f066bf8b57ca4183862caa7485d61644f5f86b8aaf528	canonical_hybrid_v2_application_target_v1	18	2fe2f0ccd0808778a2699709160f2dba14b8f912d6d1851fa6c66ab3dc0da2c2	GRCh38	application_target_fasta_0_based_half_open	historical_application_query_fasta_v1	historical_application_target_fasta_v1	110752c4078bc2b300ad4e92e2495ea868c365486e540da7002fc3e19a18241a	8bb09677c0e423b3a8b7a1a0632fe561f1267591b3eb309872a141d87c6d661d	361721121726e5db5d018d96779940efd2dd632eca48df7e6cb46748efc3cc26	406aa0b0142c54e6cc597a5ba98e57ddeed13efbd5f29bed238c41673e7d1bb7
canonical_hybrid_v2_former_fresh:vh001__repeat01	canonical_hybrid_v2_former_fresh_60_regression_only	historical_regression_only	vh001	1	.paper-artifacts/bioinformatics-canonical-hybrid-v2/fresh-holdout/v2hold_vh001__repeat01_a/output/at0018-aq038|ENST00000702329.1|ENSG00000289987.1|ENSG00000289987|GENCODE v49|GRCh38|application_query-target-TFOsorted	.paper-artifacts/bioinformatics-canonical-hybrid-v2/fresh-holdout/v2hold_vh001__repeat01_h/output/at0018-aq038|ENST00000702329.1|ENSG00000289987.1|ENSG00000289987|GENCODE v49|GRCh38|application_query-target-TFOsorted	cdc3f8a37932f10c0942fe4802a4172053b1097e51448e47be343d8ad107c903	cdc3f8a37932f10c0942fe4802a4172053b1097e51448e47be343d8ad107c903	.paper-artifacts/bioinformatics-canonical-hybrid-v2/fresh-holdout/v2hold_vh001__repeat01_a/inputs/query.fa	.paper-artifacts/bioinformatics-canonical-hybrid-v2/fresh-holdout/v2hold_vh001__repeat01_h/inputs/query.fa	.paper-artifacts/bioinformatics-canonical-hybrid-v2/fresh-holdout/v2hold_vh001__repeat01_a/inputs/target.fa	.paper-artifacts/bioinformatics-canonical-hybrid-v2/fresh-holdout/v2hold_vh001__repeat01_h/inputs/target.fa	0:766	0:2501	0	canonical_hybrid_v2_application_query_v1	38	6a023206231290a6707f066bf8b57ca4183862caa7485d61644f5f86b8aaf528	canonical_hybrid_v2_application_target_v1	18	2fe2f0ccd0808778a2699709160f2dba14b8f912d6d1851fa6c66ab3dc0da2c2	GRCh38	application_target_fasta_0_based_half_open	historical_application_query_fasta_v1	historical_application_target_fasta_v1	110752c4078bc2b300ad4e92e2495ea868c365486e540da7002fc3e19a18241a	8bb09677c0e423b3a8b7a1a0632fe561f1267591b3eb309872a141d87c6d661d	15d432e98737a6e3c50f845bb7ac0770145b757c91632162aa87d6d34039092e	8037d7f6ab75f3a141507c19207dbd108e60f68e7c8f29be537b588ab548c014
canonical_hybrid_v2_former_fresh:vh001__repeat02	canonical_hybrid_v2_former_fresh_60_regression_only	historical_regression_only	vh001	2	.paper-artifacts/bioinformatics-canonical-hybrid-v2/fresh-holdout/v2hold_vh001__repeat02_a/output/at0018-aq038|ENST00000702329.1|ENSG00000289987.1|ENSG00000289987|GENCODE v49|GRCh38|application_query-target-TFOsorted	.paper-artifacts/bioinformatics-canonical-hybrid-v2/fresh-holdout/v2hold_vh001__repeat02_h/output/at0018-aq038|ENST00000702329.1|ENSG00000289987.1|ENSG00000289987|GENCODE v49|GRCh38|application_query-target-TFOsorted	cdc3f8a37932f10c0942fe4802a4172053b1097e51448e47be343d8ad107c903	cdc3f8a37932f10c0942fe4802a4172053b1097e51448e47be343d8ad107c903	.paper-artifacts/bioinformatics-canonical-hybrid-v2/fresh-holdout/v2hold_vh001__repeat02_a/inputs/query.fa	.paper-artifacts/bioinformatics-canonical-hybrid-v2/fresh-holdout/v2hold_vh001__repeat02_h/inputs/query.fa	.paper-artifacts/bioinformatics-canonical-hybrid-v2/fresh-holdout/v2hold_vh001__repeat02_a/inputs/target.fa	.paper-artifacts/bioinformatics-canonical-hybrid-v2/fresh-holdout/v2hold_vh001__repeat02_h/inputs/target.fa	0:766	0:2501	0	canonical_hybrid_v2_application_query_v1	38	6a023206231290a6707f066bf8b57ca4183862caa7485d61644f5f86b8aaf528	canonical_hybrid_v2_application_target_v1	18	2fe2f0ccd0808778a2699709160f2dba14b8f912d6d1851fa6c66ab3dc0da2c2	GRCh38	application_target_fasta_0_based_half_open	historical_application_query_fasta_v1	historical_application_target_fasta_v1	110752c4078bc2b300ad4e92e2495ea868c365486e540da7002fc3e19a18241a	8bb09677c0e423b3a8b7a1a0632fe561f1267591b3eb309872a141d87c6d661d	d5d2b8d53acdbf9d7ab45912ab15c74dcebf5ec67f86e8a1e13dd8090308a4a1	4111fb2ffbd91a8730973d7358907b23964be615359266cf3af4a1d4be334232
canonical_hybrid_v2_former_fresh:vh002__repeat00	canonical_hybrid_v2_former_fresh_60_regression_only	historical_regression_only	vh002	0	.paper-artifacts/bioinformatics-canonical-hybrid-v2/fresh-holdout/v2hold_vh002__repeat00_a/output/at0195-aq038|ENST00000702329.1|ENSG00000289987.1|ENSG00000289987|GENCODE v49|GRCh38|application_query-target-TFOsorted	.paper-artifacts/bioinformatics-canonical-hybrid-v2/fresh-holdout/v2hold_vh002__repeat00_h/output/at0195-aq038|ENST00000702329.1|ENSG00000289987.1|ENSG00000289987|GENCODE v49|GRCh38|application_query-target-TFOsorted	85e57bafbbac2617e7654e49a25ba39e279b8d9d8da4f990ff5f039c72fe7e09	85e57bafbbac2617e7654e49a25ba39e279b8d9d8da4f990ff5f039c72fe7e09	.paper-artifacts/bioinformatics-canonical-hybrid-v2/fresh-holdout/v2hold_vh002__repeat00_a/inputs/query.fa	.paper-artifacts/bioinformatics-canonical-hybrid-v2/fresh-holdout/v2hold_vh002__repeat00_h/inputs/query.fa	.paper-artifacts/bioinformatics-canonical-hybrid-v2/fresh-holdout/v2hold_vh002__repeat00_a/inputs/target.fa	.paper-artifacts/bioinformatics-canonical-hybrid-v2/fresh-holdout/v2hold_vh002__repeat00_h/inputs/target.fa	0:766	0:2501	0	canonical_hybrid_v2_application_query_v1	38	6a023206231290a6707f066bf8b57ca4183862caa7485d61644f5f86b8aaf528	canonical_hybrid_v2_application_target_v1	195	8c12c883ba773e1d6290eef5baa7f13d2a5bca6bd909caf6e971e0201cb860f2	GRCh38	application_target_fasta_0_based_half_open	historical_application_query_fasta_v1	historical_application_target_fasta_v1	110752c4078bc2b300ad4e92e2495ea868c365486e540da7002fc3e19a18241a	46935110a12b633a8e8401625c6e75be0d0bca8bf09baba1f863b7834b1aaa8a	96a0543cde0b4f0f72079292af00ed9f62adbef389b03510e230834b990edbe4	178ef7499c1df5982691abf874c59270c2089a5f54d1e39377f5cf2e851a1773
canonical_hybrid_v2_former_fresh:vh003__repeat00	canonical_hybrid_v2_former_fresh_60_regression_only	historical_regression_only	vh003	0	.paper-artifacts/bioinformatics-canonical-hybrid-v2/fresh-holdout/v2hold_vh003__repeat00_a/output/at0652-aq038|ENST00000702329.1|ENSG00000289987.1|ENSG00000289987|GENCODE v49|GRCh38|application_query-target-TFOsorted	.paper-artifacts/bioinformatics-canonical-hybrid-v2/fresh-holdout/v2hold_vh003__repeat00_h/output/at0652-aq038|ENST00000702329.1|ENSG00000289987.1|ENSG00000289987|GENCODE v49|GRCh38|application_query-target-TFOsorted	63cc20b0383c60e0d4f5b2324c714f0615f97be7f28b49c0856a229be1984389	63cc20b0383c60e0d4f5b2324c714f0615f97be7f28b49c0856a229be1984389	.paper-artifacts/bioinformatics-canonical-hybrid-v2/fresh-holdout/v2hold_vh003__repeat00_a/inputs/query.fa	.paper-artifacts/bioinformatics-canonical-hybrid-v2/fresh-holdout/v2hold_vh003__repeat00_h/inputs/query.fa	.paper-artifacts/bioinformatics-canonical-hybrid-v2/fresh-holdout/v2hold_vh003__repeat00_a/inputs/target.fa	.paper-artifacts/bioinformatics-canonical-hybrid-v2/fresh-holdout/v2hold_vh003__repeat00_h/inputs/target.fa	0:766	0:2501	0	canonical_hybrid_v2_application_query_v1	38	6a023206231290a6707f066bf8b57ca4183862caa7485d61644f5f86b8aaf528	canonical_hybrid_v2_application_target_v1	652	e1d6e517851f9f88fe22a1995aaaac5b667423bdba3b4478911e2595dd26538c	GRCh38	application_target_fasta_0_based_half_open	historical_application_query_fasta_v1	historical_application_target_fasta_v1	110752c4078bc2b300ad4e92e2495ea868c365486e540da7002fc3e19a18241a	f800c199c441f91b93c0927985ca71e1d092a933b71aa659c6b3b6f4ed7b9859	ea4ab67f4487f50531eb5fe2097164dade66a7506032371bbf0eb4bef0fcbe75	e5ef73712d920e58a29712dfd45d8197bf1fbcdeec3b916ddb166cd1100c848b
canonical_hybrid_v2_former_fresh:vh003__repeat01	canonical_hybrid_v2_former_fresh_60_regression_only	historical_regression_only	vh003	1	.paper-artifacts/bioinformatics-canonical-hybrid-v2/fresh-holdout/v2hold_vh003__repeat01_a/output/at0652-aq038|ENST00000702329.1|ENSG00000289987.1|ENSG00000289987|GENCODE v49|GRCh38|application_query-target-TFOsorted	.paper-artifacts/bioinformatics-canonical-hybrid-v2/fresh-holdout/v2hold_vh003__repeat01_h/output/at0652-aq038|ENST00000702329.1|ENSG00000289987.1|ENSG00000289987|GENCODE v49|GRCh38|application_query-target-TFOsorted	63cc20b0383c60e0d4f5b2324c714f0615f97be7f28b49c0856a229be1984389	63cc20b0383c60e0d4f5b2324c714f0615f97be7f28b49c0856a229be1984389	.paper-artifacts/bioinformatics-canonical-hybrid-v2/fresh-holdout/v2hold_vh003__repeat01_a/inputs/query.fa	.paper-artifacts/bioinformatics-canonical-hybrid-v2/fresh-holdout/v2hold_vh003__repeat01_h/inputs/query.fa	.paper-artifacts/bioinformatics-canonical-hybrid-v2/fresh-holdout/v2hold_vh003__repeat01_a/inputs/target.fa	.paper-artifacts/bioinformatics-canonical-hybrid-v2/fresh-holdout/v2hold_vh003__repeat01_h/inputs/target.fa	0:766	0:2501	0	canonical_hybrid_v2_application_query_v1	38	6a023206231290a6707f066bf8b57ca4183862caa7485d61644f5f86b8aaf528	canonical_hybrid_v2_application_target_v1	652	e1d6e517851f9f88fe22a1995aaaac5b667423bdba3b4478911e2595dd26538c	GRCh38	application_target_fasta_0_based_half_open	historical_application_query_fasta_v1	historical_application_target_fasta_v1	110752c4078bc2b300ad4e92e2495ea868c365486e540da7002fc3e19a18241a	f800c199c441f91b93c0927985ca71e1d092a933b71aa659c6b3b6f4ed7b9859	9e2011a608f1cd9aa6385ed23741ad1fe57326e8fddb33b1d7b528241974fb5a	35e7b7bb287228ee826903e476033fd42bfacdc0710db36c3e8d3ef9412d9687
canonical_hybrid_v2_former_fresh:vh003__repeat02	canonical_hybrid_v2_former_fresh_60_regression_only	historical_regression_only	vh003	2	.paper-artifacts/bioinformatics-canonical-hybrid-v2/fresh-holdout/v2hold_vh003__repeat02_a/output/at0652-aq038|ENST00000702329.1|ENSG00000289987.1|ENSG00000289987|GENCODE v49|GRCh38|application_query-target-TFOsorted	.paper-artifacts/bioinformatics-canonical-hybrid-v2/fresh-holdout/v2hold_vh003__repeat02_h/output/at0652-aq038|ENST00000702329.1|ENSG00000289987.1|ENSG00000289987|GENCODE v49|GRCh38|application_query-target-TFOsorted	63cc20b0383c60e0d4f5b2324c714f0615f97be7f28b49c0856a229be1984389	63cc20b0383c60e0d4f5b2324c714f0615f97be7f28b49c0856a229be1984389	.paper-artifacts/bioinformatics-canonical-hybrid-v2/fresh-holdout/v2hold_vh003__repeat02_a/inputs/query.fa	.paper-artifacts/bioinformatics-canonical-hybrid-v2/fresh-holdout/v2hold_vh003__repeat02_h/inputs/query.fa	.paper-artifacts/bioinformatics-canonical-hybrid-v2/fresh-holdout/v2hold_vh003__repeat02_a/inputs/target.fa	.paper-artifacts/bioinformatics-canonical-hybrid-v2/fresh-holdout/v2hold_vh003__repeat02_h/inputs/target.fa	0:766	0:2501	0	canonical_hybrid_v2_application_query_v1	38	6a023206231290a6707f066bf8b57ca4183862caa7485d61644f5f86b8aaf528	canonical_hybrid_v2_application_target_v1	652	e1d6e517851f9f88fe22a1995aaaac5b667423bdba3b4478911e2595dd26538c	GRCh38	application_target_fasta_0_based_half_open	historical_application_query_fasta_v1	historical_application_target_fasta_v1	110752c4078bc2b300ad4e92e2495ea868c365486e540da7002fc3e19a18241a	f800c199c441f91b93c0927985ca71e1d092a933b71aa659c6b3b6f4ed7b9859	d48f01626e013a7b7f7bbfde39deb154fcfa6b139bd2e966cbbe2dcafff782e8	8c952f87293c9495b527da28beb8d762ae5a10178e352455201fe6988d7d0b1c
canonical_hybrid_v2_former_fresh:vh004__repeat00	canonical_hybrid_v2_former_fresh_60_regression_only	historical_regression_only	vh004	0	.paper-artifacts/bioinformatics-canonical-hybrid-v2/fresh-holdout/v2hold_vh004__repeat00_a/output/at0260-aq038|ENST00000702329.1|ENSG00000289987.1|ENSG00000289987|GENCODE v49|GRCh38|application_query-target-TFOsorted	.paper-artifacts/bioinformatics-canonical-hybrid-v2/fresh-holdout/v2hold_vh004__repeat00_h/output/at0260-aq038|ENST00000702329.1|ENSG00000289987.1|ENSG00000289987|GENCODE v49|GRCh38|application_query-target-TFOsorted	ac33bcd88daa5880d6e1afb352480b594a2bb3e92591b8c4c5057e72da30276d	ac33bcd88daa5880d6e1afb352480b594a2bb3e92591b8c4c5057e72da30276d	.paper-artifacts/bioinformatics-canonical-hybrid-v2/fresh-holdout/v2hold_vh004__repeat00_a/inputs/query.fa	.paper-artifacts/bioinformatics-canonical-hybrid-v2/fresh-holdout/v2hold_vh004__repeat00_h/inputs/query.fa	.paper-artifacts/bioinformatics-canonical-hybrid-v2/fresh-holdout/v2hold_vh004__repeat00_a/inputs/target.fa	.paper-artifacts/bioinformatics-canonical-hybrid-v2/fresh-holdout/v2hold_vh004__repeat00_h/inputs/target.fa	0:766	0:2501	0	canonical_hybrid_v2_application_query_v1	38	6a023206231290a6707f066bf8b57ca4183862caa7485d61644f5f86b8aaf528	canonical_hybrid_v2_application_target_v1	260	e4dd2ecb30026c7cccf72b245c30cec49ebfb006b5a3f2b7ce447b34dacd80e1	GRCh38	application_target_fasta_0_based_half_open	historical_application_query_fasta_v1	historical_application_target_fasta_v1	110752c4078bc2b300ad4e92e2495ea868c365486e540da7002fc3e19a18241a	709c8fe06413d8e89178bdeac3665bfa5401a86cc0e287843b0a9c34a39e2826	5558389dd2313e2e6f1a1b128307200a9f344497357d53b0d73ae1044d6841d4	25912226d3b9b1689ca806bcaadcd358c33d9b18dcc2f3d4b38872e3ad9c716c
canonical_hybrid_v2_former_fresh:vh005__repeat00	canonical_hybrid_v2_former_fresh_60_regression_only	historical_regression_only	vh005	0	.paper-artifacts/bioinformatics-canonical-hybrid-v2/fresh-holdout/v2hold_vh005__repeat00_a/output/at0018-aq033|ENST00000440477.1|ENSG00000227880.2|ENSG00000227880|GENCODE v49|GRCh38|application_query-target-TFOsorted	.paper-artifacts/bioinformatics-canonical-hybrid-v2/fresh-holdout/v2hold_vh005__repeat00_h/output/at0018-aq033|ENST00000440477.1|ENSG00000227880.2|ENSG00000227880|GENCODE v49|GRCh38|application_query-target-TFOsorted	a49412f6731131af346f14740d0ec5e34eab1d71a6c19aa82f33ec12406bc260	a49412f6731131af346f14740d0ec5e34eab1d71a6c19aa82f33ec12406bc260	.paper-artifacts/bioinformatics-canonical-hybrid-v2/fresh-holdout/v2hold_vh005__repeat00_a/inputs/query.fa	.paper-artifacts/bioinformatics-canonical-hybrid-v2/fresh-holdout/v2hold_vh005__repeat00_h/inputs/query.fa	.paper-artifacts/bioinformatics-canonical-hybrid-v2/fresh-holdout/v2hold_vh005__repeat00_a/inputs/target.fa	.paper-artifacts/bioinformatics-canonical-hybrid-v2/fresh-holdout/v2hold_vh005__repeat00_h/inputs/target.fa	0:770	0:2501	0	canonical_hybrid_v2_application_query_v1	33	8a339029600f81e08c4c1c0652de1466837e863dee6aee2dcd0e3f2b3c40231e	canonical_hybrid_v2_application_target_v1	18	2fe2f0ccd0808778a2699709160f2dba14b8f912d6d1851fa6c66ab3dc0da2c2	GRCh38	application_target_fasta_0_based_half_open	historical_application_query_fasta_v1	historical_application_target_fasta_v1	110752c4078bc2b300ad4e92e2495ea868c365486e540da7002fc3e19a18241a	80ee5c424e45eee273355a7bedfbef6d98fc68033b7f67c14655c4cc184143f7	4bbbb06de094ae7bd629a6bc71375cab883052dc38e87ee938f2c6a0d1a742a0	423350b694277090076d726b362d6a74221fbc0dfc379e7f59efa8863fbe3590
canonical_hybrid_v2_former_fresh:vh006__repeat00	canonical_hybrid_v2_former_fresh_60_regression_only	historical_regression_only	vh006	0	.paper-artifacts/bioinformatics-canonical-hybrid-v2/fresh-holdout/v2hold_vh006__repeat00_a/output/at0195-aq033|ENST00000440477.1|ENSG00000227880.2|ENSG00000227880|GENCODE v49|GRCh38|application_query-target-TFOsorted	.paper-artifacts/bioinformatics-canonical-hybrid-v2/fresh-holdout/v2hold_vh006__repeat00_h/output/at0195-aq033|ENST00000440477.1|ENSG00000227880.2|ENSG00000227880|GENCODE v49|GRCh38|application_query-target-TFOsorted	b56293e510a4ce5ac766b118108a95b192c4e01b16b9d0ceee9ce8424522bafc	b56293e510a4ce5ac766b118108a95b192c4e01b16b9d0ceee9ce8424522bafc	.paper-artifacts/bioinformatics-canonical-hybrid-v2/fresh-holdout/v2hold_vh006__repeat00_a/inputs/query.fa	.paper-artifacts/bioinformatics-canonical-hybrid-v2/fresh-holdout/v2hold_vh006__repeat00_h/inputs/query.fa	.paper-artifacts/bioinformatics-canonical-hybrid-v2/fresh-holdout/v2hold_vh006__repeat00_a/inputs/target.fa	.paper-artifacts/bioinformatics-canonical-hybrid-v2/fresh-holdout/v2hold_vh006__repeat00_h/inputs/target.fa	0:770	0:2501	0	canonical_hybrid_v2_application_query_v1	33	8a339029600f81e08c4c1c0652de1466837e863dee6aee2dcd0e3f2b3c40231e	canonical_hybrid_v2_application_target_v1	195	8c12c883ba773e1d6290eef5baa7f13d2a5bca6bd909caf6e971e0201cb860f2	GRCh38	application_target_fasta_0_based_half_open	historical_application_query_fasta_v1	historical_application_target_fasta_v1	110752c4078bc2b300ad4e92e2495ea868c365486e540da7002fc3e19a18241a	f07fd0e61bceb5cb63af5a05d2c77a38ff50edaaf63b82cd5302da9e84cc3db8	e4518ed0a8475aa716ddf9b363d27b78f82736cc81fa00a97e1b14a709304504	dd4be4aaf983222a2df7836ac94a07c3666a7f54f8713b5f195257733b646d22
canonical_hybrid_v2_former_fresh:vh007__repeat00	canonical_hybrid_v2_former_fresh_60_regression_only	historical_regression_only	vh007	0	.paper-artifacts/bioinformatics-canonical-hybrid-v2/fresh-holdout/v2hold_vh007__repeat00_a/output/at0652-aq033|ENST00000440477.1|ENSG00000227880.2|ENSG00000227880|GENCODE v49|GRCh38|application_query-target-TFOsorted	.paper-artifacts/bioinformatics-canonical-hybrid-v2/fresh-holdout/v2hold_vh007__repeat00_h/output/at0652-aq033|ENST00000440477.1|ENSG00000227880.2|ENSG00000227880|GENCODE v49|GRCh38|application_query-target-TFOsorted	bfff186a81d94202b55cdbb56cfb7a09c829b854d37c45e88158fd2022e37135	bfff186a81d94202b55cdbb56cfb7a09c829b854d37c45e88158fd2022e37135	.paper-artifacts/bioinformatics-canonical-hybrid-v2/fresh-holdout/v2hold_vh007__repeat00_a/inputs/query.fa	.paper-artifacts/bioinformatics-canonical-hybrid-v2/fresh-holdout/v2hold_vh007__repeat00_h/inputs/query.fa	.paper-artifacts/bioinformatics-canonical-hybrid-v2/fresh-holdout/v2hold_vh007__repeat00_a/inputs/target.fa	.paper-artifacts/bioinformatics-canonical-hybrid-v2/fresh-holdout/v2hold_vh007__repeat00_h/inputs/target.fa	0:770	0:2501	0	canonical_hybrid_v2_application_query_v1	33	8a339029600f81e08c4c1c0652de1466837e863dee6aee2dcd0e3f2b3c40231e	canonical_hybrid_v2_application_target_v1	652	e1d6e517851f9f88fe22a1995aaaac5b667423bdba3b4478911e2595dd26538c	GRCh38	application_target_fasta_0_based_half_open	historical_application_query_fasta_v1	historical_application_target_fasta_v1	110752c4078bc2b300ad4e92e2495ea868c365486e540da7002fc3e19a18241a	605a3118475b4ae0636d3b062cac020355edd0d417f801cf0a95bcabe6900dde	04b648a8c8135e37c80334d7a79f16186ebda12823141d66d8206eafd519bea6	30d2c13e1b41ec0cfc1fbce0aaa4dca61cce5ebd074cd253c7adc594138562cd
canonical_hybrid_v2_former_fresh:vh008__repeat00	canonical_hybrid_v2_former_fresh_60_regression_only	historical_regression_only	vh008	0	.paper-artifacts/bioinformatics-canonical-hybrid-v2/fresh-holdout/v2hold_vh008__repeat00_a/output/at0260-aq033|ENST00000440477.1|ENSG00000227880.2|ENSG00000227880|GENCODE v49|GRCh38|application_query-target-TFOsorted	.paper-artifacts/bioinformatics-canonical-hybrid-v2/fresh-holdout/v2hold_vh008__repeat00_h/output/at0260-aq033|ENST00000440477.1|ENSG00000227880.2|ENSG00000227880|GENCODE v49|GRCh38|application_query-target-TFOsorted	309bf922de8bce4f4c18a0f36cc00187fe81999d480ebc3ca4e6810da79135d1	309bf922de8bce4f4c18a0f36cc00187fe81999d480ebc3ca4e6810da79135d1	.paper-artifacts/bioinformatics-canonical-hybrid-v2/fresh-holdout/v2hold_vh008__repeat00_a/inputs/query.fa	.paper-artifacts/bioinformatics-canonical-hybrid-v2/fresh-holdout/v2hold_vh008__repeat00_h/inputs/query.fa	.paper-artifacts/bioinformatics-canonical-hybrid-v2/fresh-holdout/v2hold_vh008__repeat00_a/inputs/target.fa	.paper-artifacts/bioinformatics-canonical-hybrid-v2/fresh-holdout/v2hold_vh008__repeat00_h/inputs/target.fa	0:770	0:2501	0	canonical_hybrid_v2_application_query_v1	33	8a339029600f81e08c4c1c0652de1466837e863dee6aee2dcd0e3f2b3c40231e	canonical_hybrid_v2_application_target_v1	260	e4dd2ecb30026c7cccf72b245c30cec49ebfb006b5a3f2b7ce447b34dacd80e1	GRCh38	application_target_fasta_0_based_half_open	historical_application_query_fasta_v1	historical_application_target_fasta_v1	110752c4078bc2b300ad4e92e2495ea868c365486e540da7002fc3e19a18241a	62737d7e0ad737d1b4ba055738518b4ab5d63ae95f2e9f41c00faca39a495716	d6d71081f98a1c29e5e413e71ba5d9f38955f475fac6f4353c9c950c559c17a5	4df9d2738299d265c66e23da5018d3c5585a7b652e40fbe577f87500044e131c
canonical_hybrid_v2_former_fresh:vh009__repeat00	canonical_hybrid_v2_former_fresh_60_regression_only	historical_regression_only	vh009	0	.paper-artifacts/bioinformatics-canonical-hybrid-v2/fresh-holdout/v2hold_vh009__repeat00_a/output/at0018-aq015|ENST00000514239.1|ENSG00000212930.3|ENSG00000212930|GENCODE v49|GRCh38|application_query-target-TFOsorted	.paper-artifacts/bioinformatics-canonical-hybrid-v2/fresh-holdout/v2hold_vh009__repeat00_h/output/at0018-aq015|ENST00000514239.1|ENSG00000212930.3|ENSG00000212930|GENCODE v49|GRCh38|application_query-target-TFOsorted	61464d2b26f3177ae4082334a6e6b8f0322e51c78ff9c8d17d21274255528f63	61464d2b26f3177ae4082334a6e6b8f0322e51c78ff9c8d17d21274255528f63	.paper-artifacts/bioinformatics-canonical-hybrid-v2/fresh-holdout/v2hold_vh009__repeat00_a/inputs/query.fa	.paper-artifacts/bioinformatics-canonical-hybrid-v2/fresh-holdout/v2hold_vh009__repeat00_h/inputs/query.fa	.paper-artifacts/bioinformatics-canonical-hybrid-v2/fresh-holdout/v2hold_vh009__repeat00_a/inputs/target.fa	.paper-artifacts/bioinformatics-canonical-hybrid-v2/fresh-holdout/v2hold_vh009__repeat00_h/inputs/target.fa	0:549	0:2501	0	canonical_hybrid_v2_application_query_v1	15	581a4b0990cb530031015db8c2a0c91dbd99b150aa5c699c7de8df7c32297214	canonical_hybrid_v2_application_target_v1	18	2fe2f0ccd0808778a2699709160f2dba14b8f912d6d1851fa6c66ab3dc0da2c2	GRCh38	application_target_fasta_0_based_half_open	historical_application_query_fasta_v1	historical_application_target_fasta_v1	110752c4078bc2b300ad4e92e2495ea868c365486e540da7002fc3e19a18241a	efb6ef1802b31f836625d4ec306330b1059228f3dc96f562886c8939845dac28	4841ee878dc6adbd881beb3732acd5d3b63b5bfd5d00e9237b75be577340e2e8	7883225622b8decd459697f1f0bcb9d207e3e43813c81ae400683cc02700fbf9
canonical_hybrid_v2_former_fresh:vh010__repeat00	canonical_hybrid_v2_former_fresh_60_regression_only	historical_regression_only	vh010	0	.paper-artifacts/bioinformatics-canonical-hybrid-v2/fresh-holdout/v2hold_vh010__repeat00_a/output/at0195-aq015|ENST00000514239.1|ENSG00000212930.3|ENSG00000212930|GENCODE v49|GRCh38|application_query-target-TFOsorted	.paper-artifacts/bioinformatics-canonical-hybrid-v2/fresh-holdout/v2hold_vh010__repeat00_h/output/at0195-aq015|ENST00000514239.1|ENSG00000212930.3|ENSG00000212930|GENCODE v49|GRCh38|application_query-target-TFOsorted	381c3d7cf9d220d7ac627611b53173260162dc5acb499079c97f316a4537f73f	381c3d7cf9d220d7ac627611b53173260162dc5acb499079c97f316a4537f73f	.paper-artifacts/bioinformatics-canonical-hybrid-v2/fresh-holdout/v2hold_vh010__repeat00_a/inputs/query.fa	.paper-artifacts/bioinformatics-canonical-hybrid-v2/fresh-holdout/v2hold_vh010__repeat00_h/inputs/query.fa	.paper-artifacts/bioinformatics-canonical-hybrid-v2/fresh-holdout/v2hold_vh010__repeat00_a/inputs/target.fa	.paper-artifacts/bioinformatics-canonical-hybrid-v2/fresh-holdout/v2hold_vh010__repeat00_h/inputs/target.fa	0:549	0:2501	0	canonical_hybrid_v2_application_query_v1	15	581a4b0990cb530031015db8c2a0c91dbd99b150aa5c699c7de8df7c32297214	canonical_hybrid_v2_application_target_v1	195	8c12c883ba773e1d6290eef5baa7f13d2a5bca6bd909caf6e971e0201cb860f2	GRCh38	application_target_fasta_0_based_half_open	historical_application_query_fasta_v1	historical_application_target_fasta_v1	110752c4078bc2b300ad4e92e2495ea868c365486e540da7002fc3e19a18241a	815cac07d9ea7c068b853b4d0e46d44bf8fe4cc3799b98383fdfc8d6f8342a56	d80bb57ef302029f01cf96b24cad15fcfb21d8c8a22c0aba0d5f6682f187667a	b7e98afd9219727c7751748eb5965d0d18bc1db8100b3db3633cc2955a969c94
canonical_hybrid_v2_former_fresh:vh011__repeat00	canonical_hybrid_v2_former_fresh_60_regression_only	historical_regression_only	vh011	0	.paper-artifacts/bioinformatics-canonical-hybrid-v2/fresh-holdout/v2hold_vh011__repeat00_a/output/at0652-aq015|ENST00000514239.1|ENSG00000212930.3|ENSG00000212930|GENCODE v49|GRCh38|application_query-target-TFOsorted	.paper-artifacts/bioinformatics-canonical-hybrid-v2/fresh-holdout/v2hold_vh011__repeat00_h/output/at0652-aq015|ENST00000514239.1|ENSG00000212930.3|ENSG00000212930|GENCODE v49|GRCh38|application_query-target-TFOsorted	4b7f41a9eb19e3c5910cb705205090543c9bad59b8d3d5516e4bc3bf6f576a10	4b7f41a9eb19e3c5910cb705205090543c9bad59b8d3d5516e4bc3bf6f576a10	.paper-artifacts/bioinformatics-canonical-hybrid-v2/fresh-holdout/v2hold_vh011__repeat00_a/inputs/query.fa	.paper-artifacts/bioinformatics-canonical-hybrid-v2/fresh-holdout/v2hold_vh011__repeat00_h/inputs/query.fa	.paper-artifacts/bioinformatics-canonical-hybrid-v2/fresh-holdout/v2hold_vh011__repeat00_a/inputs/target.fa	.paper-artifacts/bioinformatics-canonical-hybrid-v2/fresh-holdout/v2hold_vh011__repeat00_h/inputs/target.fa	0:549	0:2501	0	canonical_hybrid_v2_application_query_v1	15	581a4b0990cb530031015db8c2a0c91dbd99b150aa5c699c7de8df7c32297214	canonical_hybrid_v2_application_target_v1	652	e1d6e517851f9f88fe22a1995aaaac5b667423bdba3b4478911e2595dd26538c	GRCh38	application_target_fasta_0_based_half_open	historical_application_query_fasta_v1	historical_application_target_fasta_v1	110752c4078bc2b300ad4e92e2495ea868c365486e540da7002fc3e19a18241a	2d69cfa34ec5b47c8d54f5057654e0244ec1bd4a4e29ebb80c87012e9b2e7fc7	753697584edceb75ef7de7ed398885d6894d5babe90e63a467ac1e3d6900ecd5	8cdf34e8fa14cfcc9ef459a893109ba3732301d88d9491a48d4d4e5318bc32a3
canonical_hybrid_v2_former_fresh:vh012__repeat00	canonical_hybrid_v2_former_fresh_60_regression_only	historical_regression_only	vh012	0	.paper-artifacts/bioinformatics-canonical-hybrid-v2/fresh-holdout/v2hold_vh012__repeat00_a/output/at0260-aq015|ENST00000514239.1|ENSG00000212930.3|ENSG00000212930|GENCODE v49|GRCh38|application_query-target-TFOsorted	.paper-artifacts/bioinformatics-canonical-hybrid-v2/fresh-holdout/v2hold_vh012__repeat00_h/output/at0260-aq015|ENST00000514239.1|ENSG00000212930.3|ENSG00000212930|GENCODE v49|GRCh38|application_query-target-TFOsorted	6fd42012f7e0910da1d45372e93fe8f8250553eae21f10727a541870d452e192	6fd42012f7e0910da1d45372e93fe8f8250553eae21f10727a541870d452e192	.paper-artifacts/bioinformatics-canonical-hybrid-v2/fresh-holdout/v2hold_vh012__repeat00_a/inputs/query.fa	.paper-artifacts/bioinformatics-canonical-hybrid-v2/fresh-holdout/v2hold_vh012__repeat00_h/inputs/query.fa	.paper-artifacts/bioinformatics-canonical-hybrid-v2/fresh-holdout/v2hold_vh012__repeat00_a/inputs/target.fa	.paper-artifacts/bioinformatics-canonical-hybrid-v2/fresh-holdout/v2hold_vh012__repeat00_h/inputs/target.fa	0:549	0:2501	0	canonical_hybrid_v2_application_query_v1	15	581a4b0990cb530031015db8c2a0c91dbd99b150aa5c699c7de8df7c32297214	canonical_hybrid_v2_application_target_v1	260	e4dd2ecb30026c7cccf72b245c30cec49ebfb006b5a3f2b7ce447b34dacd80e1	GRCh38	application_target_fasta_0_based_half_open	historical_application_query_fasta_v1	historical_application_target_fasta_v1	110752c4078bc2b300ad4e92e2495ea868c365486e540da7002fc3e19a18241a	51a293e7eaf25e9d416e250927663e844f3103558910e5337d2f8eb1f5f56a19	7b302b2a9ac673ecb0edfbfec99a52ba4e30f4d410d8c6a78a2c6e5daff3b7fd	42eb41f7eddaa85dbf7cc53f96379f3dca59f95a59e2a8f2254db7a9a66bf5d9
canonical_hybrid_v2_former_fresh:vh013__repeat00	canonical_hybrid_v2_former_fresh_60_regression_only	historical_regression_only	vh013	0	.paper-artifacts/bioinformatics-canonical-hybrid-v2/fresh-holdout/v2hold_vh013__repeat00_a/output/at0018-aq003|ENST00000450996.1|ENSG00000223923.3|TNS1-AS1|GENCODE v49|GRCh38|application_query-target-TFOsorted	.paper-artifacts/bioinformatics-canonical-hybrid-v2/fresh-holdout/v2hold_vh013__repeat00_h/output/at0018-aq003|ENST00000450996.1|ENSG00000223923.3|TNS1-AS1|GENCODE v49|GRCh38|application_query-target-TFOsorted	8b91ded56c3e513ec54309c5fdb98f891c837f27582ccc19c4d5296cf2143a9c	8b91ded56c3e513ec54309c5fdb98f891c837f27582ccc19c4d5296cf2143a9c	.paper-artifacts/bioinformatics-canonical-hybrid-v2/fresh-holdout/v2hold_vh013__repeat00_a/inputs/query.fa	.paper-artifacts/bioinformatics-canonical-hybrid-v2/fresh-holdout/v2hold_vh013__repeat00_h/inputs/query.fa	.paper-artifacts/bioinformatics-canonical-hybrid-v2/fresh-holdout/v2hold_vh013__repeat00_a/inputs/target.fa	.paper-artifacts/bioinformatics-canonical-hybrid-v2/fresh-holdout/v2hold_vh013__repeat00_h/inputs/target.fa	0:568	0:2501	0	canonical_hybrid_v2_application_query_v1	3	bc5a0425ceb4968b62216e5b0089ff5cb2cd18c0abc4287367c5a50989cd9bfa	canonical_hybrid_v2_application_target_v1	18	2fe2f0ccd0808778a2699709160f2dba14b8f912d6d1851fa6c66ab3dc0da2c2	GRCh38	application_target_fasta_0_based_half_open	historical_application_query_fasta_v1	historical_application_target_fasta_v1	110752c4078bc2b300ad4e92e2495ea868c365486e540da7002fc3e19a18241a	25c36a9a0277b13baab7ec20d6c9ee17aca8867780a8bd75a6717eb15f7eaffc	a32887d00dffffeb274c1a7dda23e64eea10e935bce95648c2004c597d229865	b97d0e98c1dcfa76780d8321cb66889eab538f12a7cc28bdcd4117b8b3419468
canonical_hybrid_v2_former_fresh:vh014__repeat00	canonical_hybrid_v2_former_fresh_60_regression_only	historical_regression_only	vh014	0	.paper-artifacts/bioinformatics-canonical-hybrid-v2/fresh-holdout/v2hold_vh014__repeat00_a/output/at0195-aq003|ENST00000450996.1|ENSG00000223923.3|TNS1-AS1|GENCODE v49|GRCh38|application_query-target-TFOsorted	.paper-artifacts/bioinformatics-canonical-hybrid-v2/fresh-holdout/v2hold_vh014__repeat00_h/output/at0195-aq003|ENST00000450996.1|ENSG00000223923.3|TNS1-AS1|GENCODE v49|GRCh38|application_query-target-TFOsorted	b23d2a7766a4424dae36403ff6e6d68c54b9b89356f1cf4fd7a803bc48bd0a60	b23d2a7766a4424dae36403ff6e6d68c54b9b89356f1cf4fd7a803bc48bd0a60	.paper-artifacts/bioinformatics-canonical-hybrid-v2/fresh-holdout/v2hold_vh014__repeat00_a/inputs/query.fa	.paper-artifacts/bioinformatics-canonical-hybrid-v2/fresh-holdout/v2hold_vh014__repeat00_h/inputs/query.fa	.paper-artifacts/bioinformatics-canonical-hybrid-v2/fresh-holdout/v2hold_vh014__repeat00_a/inputs/target.fa	.paper-artifacts/bioinformatics-canonical-hybrid-v2/fresh-holdout/v2hold_vh014__repeat00_h/inputs/target.fa	0:568	0:2501	0	canonical_hybrid_v2_application_query_v1	3	bc5a0425ceb4968b62216e5b0089ff5cb2cd18c0abc4287367c5a50989cd9bfa	canonical_hybrid_v2_application_target_v1	195	8c12c883ba773e1d6290eef5baa7f13d2a5bca6bd909caf6e971e0201cb860f2	GRCh38	application_target_fasta_0_based_half_open	historical_application_query_fasta_v1	historical_application_target_fasta_v1	110752c4078bc2b300ad4e92e2495ea868c365486e540da7002fc3e19a18241a	6c86e6fa40ce88eb6545029e349c4357eb58cf2a7241ace1502e37c67d3d4a72	a128ea846337de037787ba09add8d0aa341ac9d200828d6dd1a806069a16f027	33c4889ab8ba0f4e6f991165959994665576e82151afb1deafcaf7b3e44c2802
canonical_hybrid_v2_former_fresh:vh015__repeat00	canonical_hybrid_v2_former_fresh_60_regression_only	historical_regression_only	vh015	0	.paper-artifacts/bioinformatics-canonical-hybrid-v2/fresh-holdout/v2hold_vh015__repeat00_a/output/at0652-aq003|ENST00000450996.1|ENSG00000223923.3|TNS1-AS1|GENCODE v49|GRCh38|application_query-target-TFOsorted	.paper-artifacts/bioinformatics-canonical-hybrid-v2/fresh-holdout/v2hold_vh015__repeat00_h/output/at0652-aq003|ENST00000450996.1|ENSG00000223923.3|TNS1-AS1|GENCODE v49|GRCh38|application_query-target-TFOsorted	417b172f40c5d73796b75dfb10cfb69bb50baa9d04bb505de10025bbe43550c7	417b172f40c5d73796b75dfb10cfb69bb50baa9d04bb505de10025bbe43550c7	.paper-artifacts/bioinformatics-canonical-hybrid-v2/fresh-holdout/v2hold_vh015__repeat00_a/inputs/query.fa	.paper-artifacts/bioinformatics-canonical-hybrid-v2/fresh-holdout/v2hold_vh015__repeat00_h/inputs/query.fa	.paper-artifacts/bioinformatics-canonical-hybrid-v2/fresh-holdout/v2hold_vh015__repeat00_a/inputs/target.fa	.paper-artifacts/bioinformatics-canonical-hybrid-v2/fresh-holdout/v2hold_vh015__repeat00_h/inputs/target.fa	0:568	0:2501	0	canonical_hybrid_v2_application_query_v1	3	bc5a0425ceb4968b62216e5b0089ff5cb2cd18c0abc4287367c5a50989cd9bfa	canonical_hybrid_v2_application_target_v1	652	e1d6e517851f9f88fe22a1995aaaac5b667423bdba3b4478911e2595dd26538c	GRCh38	application_target_fasta_0_based_half_open	historical_application_query_fasta_v1	historical_application_target_fasta_v1	110752c4078bc2b300ad4e92e2495ea868c365486e540da7002fc3e19a18241a	df97402dcc1fbd07616d6b58b6b9042297a13106cb3531965f2295aaa992bcef	5ff84378ecc2ffaaed6ad1ce5fdf9bcd8cffa51cb465fc7eaca17c49fe0540f2	4ea69d15b397c4cd2781c6e2bc4f2c9f172bf42a786b1a6759fb2a45dbe805d9
canonical_hybrid_v2_former_fresh:vh016__repeat00	canonical_hybrid_v2_former_fresh_60_regression_only	historical_regression_only	vh016	0	.paper-artifacts/bioinformatics-canonical-hybrid-v2/fresh-holdout/v2hold_vh016__repeat00_a/output/at0260-aq003|ENST00000450996.1|ENSG00000223923.3|TNS1-AS1|GENCODE v49|GRCh38|application_query-target-TFOsorted	.paper-artifacts/bioinformatics-canonical-hybrid-v2/fresh-holdout/v2hold_vh016__repeat00_h/output/at0260-aq003|ENST00000450996.1|ENSG00000223923.3|TNS1-AS1|GENCODE v49|GRCh38|application_query-target-TFOsorted	066c1cb23332d4a78760808d4c892c41f9889610000d4481a53b87419cc6bc91	066c1cb23332d4a78760808d4c892c41f9889610000d4481a53b87419cc6bc91	.paper-artifacts/bioinformatics-canonical-hybrid-v2/fresh-holdout/v2hold_vh016__repeat00_a/inputs/query.fa	.paper-artifacts/bioinformatics-canonical-hybrid-v2/fresh-holdout/v2hold_vh016__repeat00_h/inputs/query.fa	.paper-artifacts/bioinformatics-canonical-hybrid-v2/fresh-holdout/v2hold_vh016__repeat00_a/inputs/target.fa	.paper-artifacts/bioinformatics-canonical-hybrid-v2/fresh-holdout/v2hold_vh016__repeat00_h/inputs/target.fa	0:568	0:2501	0	canonical_hybrid_v2_application_query_v1	3	bc5a0425ceb4968b62216e5b0089ff5cb2cd18c0abc4287367c5a50989cd9bfa	canonical_hybrid_v2_application_target_v1	260	e4dd2ecb30026c7cccf72b245c30cec49ebfb006b5a3f2b7ce447b34dacd80e1	GRCh38	application_target_fasta_0_based_half_open	historical_application_query_fasta_v1	historical_application_target_fasta_v1	110752c4078bc2b300ad4e92e2495ea868c365486e540da7002fc3e19a18241a	198babbbf43c33cdc1b299a3b1ecb71230a02a3c88be547861bffab75db06299	f59161e75ebf7d8a49009fe038faa142f24368f4e54b978b8d481352a2b1a394	aed8bb9f6c531d36c639059fe6884a8dbebd306538c6ffcf170c927e95ce4c81
canonical_hybrid_v2_former_fresh:vh017__repeat00	canonical_hybrid_v2_former_fresh_60_regression_only	historical_regression_only	vh017	0	.paper-artifacts/bioinformatics-canonical-hybrid-v2/fresh-holdout/v2hold_vh017__repeat00_a/output/at0018-aq037|ENST00000723433.1|ENSG00000294410.1|ENSG00000294410|GENCODE v49|GRCh38|application_query-target-TFOsorted	.paper-artifacts/bioinformatics-canonical-hybrid-v2/fresh-holdout/v2hold_vh017__repeat00_h/output/at0018-aq037|ENST00000723433.1|ENSG00000294410.1|ENSG00000294410|GENCODE v49|GRCh38|application_query-target-TFOsorted	efe8c84411a42706d29e3c00f83116ac91fde1ef865f1669b1a97b979d0852a7	efe8c84411a42706d29e3c00f83116ac91fde1ef865f1669b1a97b979d0852a7	.paper-artifacts/bioinformatics-canonical-hybrid-v2/fresh-holdout/v2hold_vh017__repeat00_a/inputs/query.fa	.paper-artifacts/bioinformatics-canonical-hybrid-v2/fresh-holdout/v2hold_vh017__repeat00_h/inputs/query.fa	.paper-artifacts/bioinformatics-canonical-hybrid-v2/fresh-holdout/v2hold_vh017__repeat00_a/inputs/target.fa	.paper-artifacts/bioinformatics-canonical-hybrid-v2/fresh-holdout/v2hold_vh017__repeat00_h/inputs/target.fa	0:1353	0:2501	0	canonical_hybrid_v2_application_query_v1	37	b2655e83b7c6d832e028a1817ab1d86f519f26e173e12a7f1d124c79be1eaff4	canonical_hybrid_v2_application_target_v1	18	2fe2f0ccd0808778a2699709160f2dba14b8f912d6d1851fa6c66ab3dc0da2c2	GRCh38	application_target_fasta_0_based_half_open	historical_application_query_fasta_v1	historical_application_target_fasta_v1	110752c4078bc2b300ad4e92e2495ea868c365486e540da7002fc3e19a18241a	7bbe43ef63de36885765019012f8be6ae8c050e5ddba9db1635d36d0bf462b8d	cf9b0c06e563ea571db37f151d9bae896c94438ca8aae95ff81509a5c90d27ba	cb8f23f9fbe591012ccdc3a57c626b2cf21f8d95c792f3315df342e4804b8bc9
canonical_hybrid_v2_former_fresh:vh017__repeat01	canonical_hybrid_v2_former_fresh_60_regression_only	historical_regression_only	vh017	1	.paper-artifacts/bioinformatics-canonical-hybrid-v2/fresh-holdout/v2hold_vh017__repeat01_a/output/at0018-aq037|ENST00000723433.1|ENSG00000294410.1|ENSG00000294410|GENCODE v49|GRCh38|application_query-target-TFOsorted	.paper-artifacts/bioinformatics-canonical-hybrid-v2/fresh-holdout/v2hold_vh017__repeat01_h/output/at0018-aq037|ENST00000723433.1|ENSG00000294410.1|ENSG00000294410|GENCODE v49|GRCh38|application_query-target-TFOsorted	efe8c84411a42706d29e3c00f83116ac91fde1ef865f1669b1a97b979d0852a7	efe8c84411a42706d29e3c00f83116ac91fde1ef865f1669b1a97b979d0852a7	.paper-artifacts/bioinformatics-canonical-hybrid-v2/fresh-holdout/v2hold_vh017__repeat01_a/inputs/query.fa	.paper-artifacts/bioinformatics-canonical-hybrid-v2/fresh-holdout/v2hold_vh017__repeat01_h/inputs/query.fa	.paper-artifacts/bioinformatics-canonical-hybrid-v2/fresh-holdout/v2hold_vh017__repeat01_a/inputs/target.fa	.paper-artifacts/bioinformatics-canonical-hybrid-v2/fresh-holdout/v2hold_vh017__repeat01_h/inputs/target.fa	0:1353	0:2501	0	canonical_hybrid_v2_application_query_v1	37	b2655e83b7c6d832e028a1817ab1d86f519f26e173e12a7f1d124c79be1eaff4	canonical_hybrid_v2_application_target_v1	18	2fe2f0ccd0808778a2699709160f2dba14b8f912d6d1851fa6c66ab3dc0da2c2	GRCh38	application_target_fasta_0_based_half_open	historical_application_query_fasta_v1	historical_application_target_fasta_v1	110752c4078bc2b300ad4e92e2495ea868c365486e540da7002fc3e19a18241a	7bbe43ef63de36885765019012f8be6ae8c050e5ddba9db1635d36d0bf462b8d	14d3a7641b5266ac57eb5d26073099a3ccfcf6a69cb42c16efdb8409ce166d49	14f7d740c1d7ed1bb338a682770e889c54a9b9241c630d9b364743cab2af1b76
canonical_hybrid_v2_former_fresh:vh017__repeat02	canonical_hybrid_v2_former_fresh_60_regression_only	historical_regression_only	vh017	2	.paper-artifacts/bioinformatics-canonical-hybrid-v2/fresh-holdout/v2hold_vh017__repeat02_a/output/at0018-aq037|ENST00000723433.1|ENSG00000294410.1|ENSG00000294410|GENCODE v49|GRCh38|application_query-target-TFOsorted	.paper-artifacts/bioinformatics-canonical-hybrid-v2/fresh-holdout/v2hold_vh017__repeat02_h/output/at0018-aq037|ENST00000723433.1|ENSG00000294410.1|ENSG00000294410|GENCODE v49|GRCh38|application_query-target-TFOsorted	efe8c84411a42706d29e3c00f83116ac91fde1ef865f1669b1a97b979d0852a7	efe8c84411a42706d29e3c00f83116ac91fde1ef865f1669b1a97b979d0852a7	.paper-artifacts/bioinformatics-canonical-hybrid-v2/fresh-holdout/v2hold_vh017__repeat02_a/inputs/query.fa	.paper-artifacts/bioinformatics-canonical-hybrid-v2/fresh-holdout/v2hold_vh017__repeat02_h/inputs/query.fa	.paper-artifacts/bioinformatics-canonical-hybrid-v2/fresh-holdout/v2hold_vh017__repeat02_a/inputs/target.fa	.paper-artifacts/bioinformatics-canonical-hybrid-v2/fresh-holdout/v2hold_vh017__repeat02_h/inputs/target.fa	0:1353	0:2501	0	canonical_hybrid_v2_application_query_v1	37	b2655e83b7c6d832e028a1817ab1d86f519f26e173e12a7f1d124c79be1eaff4	canonical_hybrid_v2_application_target_v1	18	2fe2f0ccd0808778a2699709160f2dba14b8f912d6d1851fa6c66ab3dc0da2c2	GRCh38	application_target_fasta_0_based_half_open	historical_application_query_fasta_v1	historical_application_target_fasta_v1	110752c4078bc2b300ad4e92e2495ea868c365486e540da7002fc3e19a18241a	7bbe43ef63de36885765019012f8be6ae8c050e5ddba9db1635d36d0bf462b8d	ad58a84fa4d7316fa937f991fa393a4e735beb1dcdf14aa7de4289efaf986da5	a61af50ec3194b573908409ff21b00570ca5023936c9b712147b8d20f61837ae
canonical_hybrid_v2_former_fresh:vh018__repeat00	canonical_hybrid_v2_former_fresh_60_regression_only	historical_regression_only	vh018	0	.paper-artifacts/bioinformatics-canonical-hybrid-v2/fresh-holdout/v2hold_vh018__repeat00_a/output/at0195-aq037|ENST00000723433.1|ENSG00000294410.1|ENSG00000294410|GENCODE v49|GRCh38|application_query-target-TFOsorted	.paper-artifacts/bioinformatics-canonical-hybrid-v2/fresh-holdout/v2hold_vh018__repeat00_h/output/at0195-aq037|ENST00000723433.1|ENSG00000294410.1|ENSG00000294410|GENCODE v49|GRCh38|application_query-target-TFOsorted	3c350b20ae8c6fb3dbf9f279f5c9bceeab011850691a79cfc445b82864314235	3c350b20ae8c6fb3dbf9f279f5c9bceeab011850691a79cfc445b82864314235	.paper-artifacts/bioinformatics-canonical-hybrid-v2/fresh-holdout/v2hold_vh018__repeat00_a/inputs/query.fa	.paper-artifacts/bioinformatics-canonical-hybrid-v2/fresh-holdout/v2hold_vh018__repeat00_h/inputs/query.fa	.paper-artifacts/bioinformatics-canonical-hybrid-v2/fresh-holdout/v2hold_vh018__repeat00_a/inputs/target.fa	.paper-artifacts/bioinformatics-canonical-hybrid-v2/fresh-holdout/v2hold_vh018__repeat00_h/inputs/target.fa	0:1353	0:2501	0	canonical_hybrid_v2_application_query_v1	37	b2655e83b7c6d832e028a1817ab1d86f519f26e173e12a7f1d124c79be1eaff4	canonical_hybrid_v2_application_target_v1	195	8c12c883ba773e1d6290eef5baa7f13d2a5bca6bd909caf6e971e0201cb860f2	GRCh38	application_target_fasta_0_based_half_open	historical_application_query_fasta_v1	historical_application_target_fasta_v1	110752c4078bc2b300ad4e92e2495ea868c365486e540da7002fc3e19a18241a	b1b97a1701ac64942b43e476564517c4af7b3c9d9b997b8fe7a4a19d9f5028ee	708b788250b9cc41be636b25832eb2d19965ac9ce99f1eac45d758028f0cdcd9	09ca0e0903a2bdf7648d52e66353479ebcac12a44df1dddd0925adff8c3b8ddd
canonical_hybrid_v2_former_fresh:vh019__repeat00	canonical_hybrid_v2_former_fresh_60_regression_only	historical_regression_only	vh019	0	.paper-artifacts/bioinformatics-canonical-hybrid-v2/fresh-holdout/v2hold_vh019__repeat00_a/output/at0652-aq037|ENST00000723433.1|ENSG00000294410.1|ENSG00000294410|GENCODE v49|GRCh38|application_query-target-TFOsorted	.paper-artifacts/bioinformatics-canonical-hybrid-v2/fresh-holdout/v2hold_vh019__repeat00_h/output/at0652-aq037|ENST00000723433.1|ENSG00000294410.1|ENSG00000294410|GENCODE v49|GRCh38|application_query-target-TFOsorted	cb46f54693624c8d080ee3be485635583f152b5df5350757fb5ee2dccffb2ccf	cb46f54693624c8d080ee3be485635583f152b5df5350757fb5ee2dccffb2ccf	.paper-artifacts/bioinformatics-canonical-hybrid-v2/fresh-holdout/v2hold_vh019__repeat00_a/inputs/query.fa	.paper-artifacts/bioinformatics-canonical-hybrid-v2/fresh-holdout/v2hold_vh019__repeat00_h/inputs/query.fa	.paper-artifacts/bioinformatics-canonical-hybrid-v2/fresh-holdout/v2hold_vh019__repeat00_a/inputs/target.fa	.paper-artifacts/bioinformatics-canonical-hybrid-v2/fresh-holdout/v2hold_vh019__repeat00_h/inputs/target.fa	0:1353	0:2501	0	canonical_hybrid_v2_application_query_v1	37	b2655e83b7c6d832e028a1817ab1d86f519f26e173e12a7f1d124c79be1eaff4	canonical_hybrid_v2_application_target_v1	652	e1d6e517851f9f88fe22a1995aaaac5b667423bdba3b4478911e2595dd26538c	GRCh38	application_target_fasta_0_based_half_open	historical_application_query_fasta_v1	historical_application_target_fasta_v1	110752c4078bc2b300ad4e92e2495ea868c365486e540da7002fc3e19a18241a	55260aebcf1d33e45899f2aa19458f3020d0a1b011cf0c106b593df704eece1c	ad0ea13419941ff5ba1d7cfa731456bed98e4a9a42aab7343ba184d53ecd571f	38c1f35729ac20703986091d7b5e9f9557d4ef5ec8421a6f9f1318a70e6240ab
canonical_hybrid_v2_former_fresh:vh019__repeat01	canonical_hybrid_v2_former_fresh_60_regression_only	historical_regression_only	vh019	1	.paper-artifacts/bioinformatics-canonical-hybrid-v2/fresh-holdout/v2hold_vh019__repeat01_a/output/at0652-aq037|ENST00000723433.1|ENSG00000294410.1|ENSG00000294410|GENCODE v49|GRCh38|application_query-target-TFOsorted	.paper-artifacts/bioinformatics-canonical-hybrid-v2/fresh-holdout/v2hold_vh019__repeat01_h/output/at0652-aq037|ENST00000723433.1|ENSG00000294410.1|ENSG00000294410|GENCODE v49|GRCh38|application_query-target-TFOsorted	cb46f54693624c8d080ee3be485635583f152b5df5350757fb5ee2dccffb2ccf	cb46f54693624c8d080ee3be485635583f152b5df5350757fb5ee2dccffb2ccf	.paper-artifacts/bioinformatics-canonical-hybrid-v2/fresh-holdout/v2hold_vh019__repeat01_a/inputs/query.fa	.paper-artifacts/bioinformatics-canonical-hybrid-v2/fresh-holdout/v2hold_vh019__repeat01_h/inputs/query.fa	.paper-artifacts/bioinformatics-canonical-hybrid-v2/fresh-holdout/v2hold_vh019__repeat01_a/inputs/target.fa	.paper-artifacts/bioinformatics-canonical-hybrid-v2/fresh-holdout/v2hold_vh019__repeat01_h/inputs/target.fa	0:1353	0:2501	0	canonical_hybrid_v2_application_query_v1	37	b2655e83b7c6d832e028a1817ab1d86f519f26e173e12a7f1d124c79be1eaff4	canonical_hybrid_v2_application_target_v1	652	e1d6e517851f9f88fe22a1995aaaac5b667423bdba3b4478911e2595dd26538c	GRCh38	application_target_fasta_0_based_half_open	historical_application_query_fasta_v1	historical_application_target_fasta_v1	110752c4078bc2b300ad4e92e2495ea868c365486e540da7002fc3e19a18241a	55260aebcf1d33e45899f2aa19458f3020d0a1b011cf0c106b593df704eece1c	ad540978e020e0aa62c9603d3ea16fc7fa4a0de67eab9358ae56569abaf4dbc8	64acec90cc2afb1452a2674631a588089746cdee2977b6a4cd8350b1a59d845e
canonical_hybrid_v2_former_fresh:vh019__repeat02	canonical_hybrid_v2_former_fresh_60_regression_only	historical_regression_only	vh019	2	.paper-artifacts/bioinformatics-canonical-hybrid-v2/fresh-holdout/v2hold_vh019__repeat02_a/output/at0652-aq037|ENST00000723433.1|ENSG00000294410.1|ENSG00000294410|GENCODE v49|GRCh38|application_query-target-TFOsorted	.paper-artifacts/bioinformatics-canonical-hybrid-v2/fresh-holdout/v2hold_vh019__repeat02_h/output/at0652-aq037|ENST00000723433.1|ENSG00000294410.1|ENSG00000294410|GENCODE v49|GRCh38|application_query-target-TFOsorted	cb46f54693624c8d080ee3be485635583f152b5df5350757fb5ee2dccffb2ccf	cb46f54693624c8d080ee3be485635583f152b5df5350757fb5ee2dccffb2ccf	.paper-artifacts/bioinformatics-canonical-hybrid-v2/fresh-holdout/v2hold_vh019__repeat02_a/inputs/query.fa	.paper-artifacts/bioinformatics-canonical-hybrid-v2/fresh-holdout/v2hold_vh019__repeat02_h/inputs/query.fa	.paper-artifacts/bioinformatics-canonical-hybrid-v2/fresh-holdout/v2hold_vh019__repeat02_a/inputs/target.fa	.paper-artifacts/bioinformatics-canonical-hybrid-v2/fresh-holdout/v2hold_vh019__repeat02_h/inputs/target.fa	0:1353	0:2501	0	canonical_hybrid_v2_application_query_v1	37	b2655e83b7c6d832e028a1817ab1d86f519f26e173e12a7f1d124c79be1eaff4	canonical_hybrid_v2_application_target_v1	652	e1d6e517851f9f88fe22a1995aaaac5b667423bdba3b4478911e2595dd26538c	GRCh38	application_target_fasta_0_based_half_open	historical_application_query_fasta_v1	historical_application_target_fasta_v1	110752c4078bc2b300ad4e92e2495ea868c365486e540da7002fc3e19a18241a	55260aebcf1d33e45899f2aa19458f3020d0a1b011cf0c106b593df704eece1c	571fb1d986a76a0cf76f1ca7dffc8353c1506370896203a4301ee21ce3a5bb67	077a0213c14f20236c1fec7800bd9fe81f0a74b8ff3ef8c996d14126ae194556
canonical_hybrid_v2_former_fresh:vh020__repeat00	canonical_hybrid_v2_former_fresh_60_regression_only	historical_regression_only	vh020	0	.paper-artifacts/bioinformatics-canonical-hybrid-v2/fresh-holdout/v2hold_vh020__repeat00_a/output/at0260-aq037|ENST00000723433.1|ENSG00000294410.1|ENSG00000294410|GENCODE v49|GRCh38|application_query-target-TFOsorted	.paper-artifacts/bioinformatics-canonical-hybrid-v2/fresh-holdout/v2hold_vh020__repeat00_h/output/at0260-aq037|ENST00000723433.1|ENSG00000294410.1|ENSG00000294410|GENCODE v49|GRCh38|application_query-target-TFOsorted	b3213a08af0f5af4fc4433ae9bad772df621491f5ab3a7a47394c60550bbebee	b3213a08af0f5af4fc4433ae9bad772df621491f5ab3a7a47394c60550bbebee	.paper-artifacts/bioinformatics-canonical-hybrid-v2/fresh-holdout/v2hold_vh020__repeat00_a/inputs/query.fa	.paper-artifacts/bioinformatics-canonical-hybrid-v2/fresh-holdout/v2hold_vh020__repeat00_h/inputs/query.fa	.paper-artifacts/bioinformatics-canonical-hybrid-v2/fresh-holdout/v2hold_vh020__repeat00_a/inputs/target.fa	.paper-artifacts/bioinformatics-canonical-hybrid-v2/fresh-holdout/v2hold_vh020__repeat00_h/inputs/target.fa	0:1353	0:2501	0	canonical_hybrid_v2_application_query_v1	37	b2655e83b7c6d832e028a1817ab1d86f519f26e173e12a7f1d124c79be1eaff4	canonical_hybrid_v2_application_target_v1	260	e4dd2ecb30026c7cccf72b245c30cec49ebfb006b5a3f2b7ce447b34dacd80e1	GRCh38	application_target_fasta_0_based_half_open	historical_application_query_fasta_v1	historical_application_target_fasta_v1	110752c4078bc2b300ad4e92e2495ea868c365486e540da7002fc3e19a18241a	66c0a64ae40d54b41eb3e6b6ec6a015c4c714fe18517cc93825987c8ae66bb59	c352d954918572037f2465d3cb9ce32b9671a0e5f410ab445e3d314d03be893c	2b260b34ba18774761f441690460e172d328a56ac569152f9c0f471419a79b7d
canonical_hybrid_v2_former_fresh:vh021__repeat00	canonical_hybrid_v2_former_fresh_60_regression_only	historical_regression_only	vh021	0	.paper-artifacts/bioinformatics-canonical-hybrid-v2/fresh-holdout/v2hold_vh021__repeat00_a/output/at0018-aq048|ENST00000658294.1|ENSG00000233288.3|ENSG00000233288|GENCODE v49|GRCh38|application_query-target-TFOsorted	.paper-artifacts/bioinformatics-canonical-hybrid-v2/fresh-holdout/v2hold_vh021__repeat00_h/output/at0018-aq048|ENST00000658294.1|ENSG00000233288.3|ENSG00000233288|GENCODE v49|GRCh38|application_query-target-TFOsorted	ace3982855bdd0b9c3f9a85f13d8c9af52ce33ded26690470e18f3002fd4828b	ace3982855bdd0b9c3f9a85f13d8c9af52ce33ded26690470e18f3002fd4828b	.paper-artifacts/bioinformatics-canonical-hybrid-v2/fresh-holdout/v2hold_vh021__repeat00_a/inputs/query.fa	.paper-artifacts/bioinformatics-canonical-hybrid-v2/fresh-holdout/v2hold_vh021__repeat00_h/inputs/query.fa	.paper-artifacts/bioinformatics-canonical-hybrid-v2/fresh-holdout/v2hold_vh021__repeat00_a/inputs/target.fa	.paper-artifacts/bioinformatics-canonical-hybrid-v2/fresh-holdout/v2hold_vh021__repeat00_h/inputs/target.fa	0:991	0:2501	0	canonical_hybrid_v2_application_query_v1	48	90dad83d2658a8b5c0b8959b08b78bea999e275ddebea6fa4d57cba2c9aff51a	canonical_hybrid_v2_application_target_v1	18	2fe2f0ccd0808778a2699709160f2dba14b8f912d6d1851fa6c66ab3dc0da2c2	GRCh38	application_target_fasta_0_based_half_open	historical_application_query_fasta_v1	historical_application_target_fasta_v1	110752c4078bc2b300ad4e92e2495ea868c365486e540da7002fc3e19a18241a	fbc704847105326c1a06f5d0d8c7f7501f8de013ea598d91d7c02334615abb6b	c4fae623adbd41dff30afe4f159bfcf3380e1f01638def2250734fbb7d2fa945	97ae00ce1d0ebec8328c94f3c7f0632f9988f3408df73514dc6f19709540015a
canonical_hybrid_v2_former_fresh:vh022__repeat00	canonical_hybrid_v2_former_fresh_60_regression_only	historical_regression_only	vh022	0	.paper-artifacts/bioinformatics-canonical-hybrid-v2/fresh-holdout/v2hold_vh022__repeat00_a/output/at0195-aq048|ENST00000658294.1|ENSG00000233288.3|ENSG00000233288|GENCODE v49|GRCh38|application_query-target-TFOsorted	.paper-artifacts/bioinformatics-canonical-hybrid-v2/fresh-holdout/v2hold_vh022__repeat00_h/output/at0195-aq048|ENST00000658294.1|ENSG00000233288.3|ENSG00000233288|GENCODE v49|GRCh38|application_query-target-TFOsorted	a1a807ea910070f1f8738baf8ff384084a8a889794f9a973a18bddf3ff5a62c6	a1a807ea910070f1f8738baf8ff384084a8a889794f9a973a18bddf3ff5a62c6	.paper-artifacts/bioinformatics-canonical-hybrid-v2/fresh-holdout/v2hold_vh022__repeat00_a/inputs/query.fa	.paper-artifacts/bioinformatics-canonical-hybrid-v2/fresh-holdout/v2hold_vh022__repeat00_h/inputs/query.fa	.paper-artifacts/bioinformatics-canonical-hybrid-v2/fresh-holdout/v2hold_vh022__repeat00_a/inputs/target.fa	.paper-artifacts/bioinformatics-canonical-hybrid-v2/fresh-holdout/v2hold_vh022__repeat00_h/inputs/target.fa	0:991	0:2501	0	canonical_hybrid_v2_application_query_v1	48	90dad83d2658a8b5c0b8959b08b78bea999e275ddebea6fa4d57cba2c9aff51a	canonical_hybrid_v2_application_target_v1	195	8c12c883ba773e1d6290eef5baa7f13d2a5bca6bd909caf6e971e0201cb860f2	GRCh38	application_target_fasta_0_based_half_open	historical_application_query_fasta_v1	historical_application_target_fasta_v1	110752c4078bc2b300ad4e92e2495ea868c365486e540da7002fc3e19a18241a	f66946aa070fa623d38fb71059a681b9de48880db91c1833bea7cff6b208f636	f883b5f5889bb35a78d6a5595967aa54663ec7abb604414b5fc07f21ac749954	69bf4101f4fa3d2cb302a466ef02ef5c375477752f6beb95572cd8e9c57a44d3
canonical_hybrid_v2_former_fresh:vh023__repeat00	canonical_hybrid_v2_former_fresh_60_regression_only	historical_regression_only	vh023	0	.paper-artifacts/bioinformatics-canonical-hybrid-v2/fresh-holdout/v2hold_vh023__repeat00_a/output/at0652-aq048|ENST00000658294.1|ENSG00000233288.3|ENSG00000233288|GENCODE v49|GRCh38|application_query-target-TFOsorted	.paper-artifacts/bioinformatics-canonical-hybrid-v2/fresh-holdout/v2hold_vh023__repeat00_h/output/at0652-aq048|ENST00000658294.1|ENSG00000233288.3|ENSG00000233288|GENCODE v49|GRCh38|application_query-target-TFOsorted	c85b53c16059cf9808a9cd7c334e07ee974ca0a160ca731b1100e75e6487081d	c85b53c16059cf9808a9cd7c334e07ee974ca0a160ca731b1100e75e6487081d	.paper-artifacts/bioinformatics-canonical-hybrid-v2/fresh-holdout/v2hold_vh023__repeat00_a/inputs/query.fa	.paper-artifacts/bioinformatics-canonical-hybrid-v2/fresh-holdout/v2hold_vh023__repeat00_h/inputs/query.fa	.paper-artifacts/bioinformatics-canonical-hybrid-v2/fresh-holdout/v2hold_vh023__repeat00_a/inputs/target.fa	.paper-artifacts/bioinformatics-canonical-hybrid-v2/fresh-holdout/v2hold_vh023__repeat00_h/inputs/target.fa	0:991	0:2501	0	canonical_hybrid_v2_application_query_v1	48	90dad83d2658a8b5c0b8959b08b78bea999e275ddebea6fa4d57cba2c9aff51a	canonical_hybrid_v2_application_target_v1	652	e1d6e517851f9f88fe22a1995aaaac5b667423bdba3b4478911e2595dd26538c	GRCh38	application_target_fasta_0_based_half_open	historical_application_query_fasta_v1	historical_application_target_fasta_v1	110752c4078bc2b300ad4e92e2495ea868c365486e540da7002fc3e19a18241a	67010f1ea8f44f15e767b43d69e068535f3f95388f016eff93b37066a5fba052	46000f4626f377b0636ad206f9151a1dbde44d9c4c7a978744f1bfd22b793ba7	c32043cb79a28270f383f08035b03df57680ea698cd6613b02d7dae1b73f0ade
canonical_hybrid_v2_former_fresh:vh024__repeat00	canonical_hybrid_v2_former_fresh_60_regression_only	historical_regression_only	vh024	0	.paper-artifacts/bioinformatics-canonical-hybrid-v2/fresh-holdout/v2hold_vh024__repeat00_a/output/at0260-aq048|ENST00000658294.1|ENSG00000233288.3|ENSG00000233288|GENCODE v49|GRCh38|application_query-target-TFOsorted	.paper-artifacts/bioinformatics-canonical-hybrid-v2/fresh-holdout/v2hold_vh024__repeat00_h/output/at0260-aq048|ENST00000658294.1|ENSG00000233288.3|ENSG00000233288|GENCODE v49|GRCh38|application_query-target-TFOsorted	fbdaa27b7b2c34da3af5aae7003220686dfecb9e9d9ba17d57d900dd824e8d6a	fbdaa27b7b2c34da3af5aae7003220686dfecb9e9d9ba17d57d900dd824e8d6a	.paper-artifacts/bioinformatics-canonical-hybrid-v2/fresh-holdout/v2hold_vh024__repeat00_a/inputs/query.fa	.paper-artifacts/bioinformatics-canonical-hybrid-v2/fresh-holdout/v2hold_vh024__repeat00_h/inputs/query.fa	.paper-artifacts/bioinformatics-canonical-hybrid-v2/fresh-holdout/v2hold_vh024__repeat00_a/inputs/target.fa	.paper-artifacts/bioinformatics-canonical-hybrid-v2/fresh-holdout/v2hold_vh024__repeat00_h/inputs/target.fa	0:991	0:2501	0	canonical_hybrid_v2_application_query_v1	48	90dad83d2658a8b5c0b8959b08b78bea999e275ddebea6fa4d57cba2c9aff51a	canonical_hybrid_v2_application_target_v1	260	e4dd2ecb30026c7cccf72b245c30cec49ebfb006b5a3f2b7ce447b34dacd80e1	GRCh38	application_target_fasta_0_based_half_open	historical_application_query_fasta_v1	historical_application_target_fasta_v1	110752c4078bc2b300ad4e92e2495ea868c365486e540da7002fc3e19a18241a	8e68b36c4b79578b24b6eec811599d914e954e90391580f498a0bc33bf17d7d6	32415d38741d1bf7fb0547628d1b11af9bd0dd96c834614f88179bb64b5302e3	a0ab93c2f59279a7d8d2a065f90b31876af9309d3dcf095207dcbf9f8db81a24
canonical_hybrid_v2_former_fresh:vh025__repeat00	canonical_hybrid_v2_former_fresh_60_regression_only	historical_regression_only	vh025	0	.paper-artifacts/bioinformatics-canonical-hybrid-v2/fresh-holdout/v2hold_vh025__repeat00_a/output/at0018-aq032|ENST00000828393.1|ENSG00000307738.1|ENSG00000307738|GENCODE v49|GRCh38|application_query-target-TFOsorted	.paper-artifacts/bioinformatics-canonical-hybrid-v2/fresh-holdout/v2hold_vh025__repeat00_h/output/at0018-aq032|ENST00000828393.1|ENSG00000307738.1|ENSG00000307738|GENCODE v49|GRCh38|application_query-target-TFOsorted	bfb4d73baaccd9f0dbf24cfd85f55eed3a8b05d0eb26db653332f02bbd5ccec8	bfb4d73baaccd9f0dbf24cfd85f55eed3a8b05d0eb26db653332f02bbd5ccec8	.paper-artifacts/bioinformatics-canonical-hybrid-v2/fresh-holdout/v2hold_vh025__repeat00_a/inputs/query.fa	.paper-artifacts/bioinformatics-canonical-hybrid-v2/fresh-holdout/v2hold_vh025__repeat00_h/inputs/query.fa	.paper-artifacts/bioinformatics-canonical-hybrid-v2/fresh-holdout/v2hold_vh025__repeat00_a/inputs/target.fa	.paper-artifacts/bioinformatics-canonical-hybrid-v2/fresh-holdout/v2hold_vh025__repeat00_h/inputs/target.fa	0:989	0:2501	0	canonical_hybrid_v2_application_query_v1	32	4e6aa19a8e2bf45662e3a42f71b83dbe2a64a12bbf3e0ea9ad45889b53228bcb	canonical_hybrid_v2_application_target_v1	18	2fe2f0ccd0808778a2699709160f2dba14b8f912d6d1851fa6c66ab3dc0da2c2	GRCh38	application_target_fasta_0_based_half_open	historical_application_query_fasta_v1	historical_application_target_fasta_v1	110752c4078bc2b300ad4e92e2495ea868c365486e540da7002fc3e19a18241a	5781318c98831e07cd86b66a58074981180055b03afac3bf2d8ca672ff6212e0	fb817372068c1a5299eff8341396706e0afc22e3f7831b6a754851f79aee1b67	9be8f0d118ffb4e9237129d23d419ca6717ea58a3ba00b0ec42686416d256762
canonical_hybrid_v2_former_fresh:vh026__repeat00	canonical_hybrid_v2_former_fresh_60_regression_only	historical_regression_only	vh026	0	.paper-artifacts/bioinformatics-canonical-hybrid-v2/fresh-holdout/v2hold_vh026__repeat00_a/output/at0195-aq032|ENST00000828393.1|ENSG00000307738.1|ENSG00000307738|GENCODE v49|GRCh38|application_query-target-TFOsorted	.paper-artifacts/bioinformatics-canonical-hybrid-v2/fresh-holdout/v2hold_vh026__repeat00_h/output/at0195-aq032|ENST00000828393.1|ENSG00000307738.1|ENSG00000307738|GENCODE v49|GRCh38|application_query-target-TFOsorted	148442935376ca4bcaf1a85c3fec752ff3e5876e05b70e0b925ec17707829fbf	148442935376ca4bcaf1a85c3fec752ff3e5876e05b70e0b925ec17707829fbf	.paper-artifacts/bioinformatics-canonical-hybrid-v2/fresh-holdout/v2hold_vh026__repeat00_a/inputs/query.fa	.paper-artifacts/bioinformatics-canonical-hybrid-v2/fresh-holdout/v2hold_vh026__repeat00_h/inputs/query.fa	.paper-artifacts/bioinformatics-canonical-hybrid-v2/fresh-holdout/v2hold_vh026__repeat00_a/inputs/target.fa	.paper-artifacts/bioinformatics-canonical-hybrid-v2/fresh-holdout/v2hold_vh026__repeat00_h/inputs/target.fa	0:989	0:2501	0	canonical_hybrid_v2_application_query_v1	32	4e6aa19a8e2bf45662e3a42f71b83dbe2a64a12bbf3e0ea9ad45889b53228bcb	canonical_hybrid_v2_application_target_v1	195	8c12c883ba773e1d6290eef5baa7f13d2a5bca6bd909caf6e971e0201cb860f2	GRCh38	application_target_fasta_0_based_half_open	historical_application_query_fasta_v1	historical_application_target_fasta_v1	110752c4078bc2b300ad4e92e2495ea868c365486e540da7002fc3e19a18241a	f46a57d756b8ee796821ec3e17f65c3b1c180e36e7a8dd59498a7e3f5dd9bd6e	bccd611947cadd6dab1d0aa62ddae7dbff9effe4258650bca497e824342ca736	e0ce537cea605e3f1b120b2c85fb04d48e7690548baa488260ffe0053b05924d
canonical_hybrid_v2_former_fresh:vh027__repeat00	canonical_hybrid_v2_former_fresh_60_regression_only	historical_regression_only	vh027	0	.paper-artifacts/bioinformatics-canonical-hybrid-v2/fresh-holdout/v2hold_vh027__repeat00_a/output/at0652-aq032|ENST00000828393.1|ENSG00000307738.1|ENSG00000307738|GENCODE v49|GRCh38|application_query-target-TFOsorted	.paper-artifacts/bioinformatics-canonical-hybrid-v2/fresh-holdout/v2hold_vh027__repeat00_h/output/at0652-aq032|ENST00000828393.1|ENSG00000307738.1|ENSG00000307738|GENCODE v49|GRCh38|application_query-target-TFOsorted	a7eeb733ba7311e3269b440782c363b3d3946bb81c9f2ec55c88875cf327efd4	a7eeb733ba7311e3269b440782c363b3d3946bb81c9f2ec55c88875cf327efd4	.paper-artifacts/bioinformatics-canonical-hybrid-v2/fresh-holdout/v2hold_vh027__repeat00_a/inputs/query.fa	.paper-artifacts/bioinformatics-canonical-hybrid-v2/fresh-holdout/v2hold_vh027__repeat00_h/inputs/query.fa	.paper-artifacts/bioinformatics-canonical-hybrid-v2/fresh-holdout/v2hold_vh027__repeat00_a/inputs/target.fa	.paper-artifacts/bioinformatics-canonical-hybrid-v2/fresh-holdout/v2hold_vh027__repeat00_h/inputs/target.fa	0:989	0:2501	0	canonical_hybrid_v2_application_query_v1	32	4e6aa19a8e2bf45662e3a42f71b83dbe2a64a12bbf3e0ea9ad45889b53228bcb	canonical_hybrid_v2_application_target_v1	652	e1d6e517851f9f88fe22a1995aaaac5b667423bdba3b4478911e2595dd26538c	GRCh38	application_target_fasta_0_based_half_open	historical_application_query_fasta_v1	historical_application_target_fasta_v1	110752c4078bc2b300ad4e92e2495ea868c365486e540da7002fc3e19a18241a	d98b642ab852fb75f054339e120236a340deaf710c3d647a383033e74f7c245f	d69a4d51ae965737fcf9ef7738a523e46be3d9ecd50c89095183291e61e73690	2c867f65b9a276c012af5f753dc4502aa58c79756e6de08e8d441204d3b802d5
canonical_hybrid_v2_former_fresh:vh028__repeat00	canonical_hybrid_v2_former_fresh_60_regression_only	historical_regression_only	vh028	0	.paper-artifacts/bioinformatics-canonical-hybrid-v2/fresh-holdout/v2hold_vh028__repeat00_a/output/at0260-aq032|ENST00000828393.1|ENSG00000307738.1|ENSG00000307738|GENCODE v49|GRCh38|application_query-target-TFOsorted	.paper-artifacts/bioinformatics-canonical-hybrid-v2/fresh-holdout/v2hold_vh028__repeat00_h/output/at0260-aq032|ENST00000828393.1|ENSG00000307738.1|ENSG00000307738|GENCODE v49|GRCh38|application_query-target-TFOsorted	f0dbc9f67ddb649212f56768b15b7bf54d06e0894fd2f47c9a5a07ee788ec4df	f0dbc9f67ddb649212f56768b15b7bf54d06e0894fd2f47c9a5a07ee788ec4df	.paper-artifacts/bioinformatics-canonical-hybrid-v2/fresh-holdout/v2hold_vh028__repeat00_a/inputs/query.fa	.paper-artifacts/bioinformatics-canonical-hybrid-v2/fresh-holdout/v2hold_vh028__repeat00_h/inputs/query.fa	.paper-artifacts/bioinformatics-canonical-hybrid-v2/fresh-holdout/v2hold_vh028__repeat00_a/inputs/target.fa	.paper-artifacts/bioinformatics-canonical-hybrid-v2/fresh-holdout/v2hold_vh028__repeat00_h/inputs/target.fa	0:989	0:2501	0	canonical_hybrid_v2_application_query_v1	32	4e6aa19a8e2bf45662e3a42f71b83dbe2a64a12bbf3e0ea9ad45889b53228bcb	canonical_hybrid_v2_application_target_v1	260	e4dd2ecb30026c7cccf72b245c30cec49ebfb006b5a3f2b7ce447b34dacd80e1	GRCh38	application_target_fasta_0_based_half_open	historical_application_query_fasta_v1	historical_application_target_fasta_v1	110752c4078bc2b300ad4e92e2495ea868c365486e540da7002fc3e19a18241a	811554fac09e5064885ad3629b1d3b3aa3b2825911cae7a5af5a724efc4b99eb	33fa1e37cc5b3441fb737b8c5bfa263e3373a3cef3acf34c81829871806629c3	b1c61063e842b7dfecefc533013f0c8c4de68f4adc9c645dae4773b35fd58f74
canonical_hybrid_v2_former_fresh:vh029__repeat00	canonical_hybrid_v2_former_fresh_60_regression_only	historical_regression_only	vh029	0	.paper-artifacts/bioinformatics-canonical-hybrid-v2/fresh-holdout/v2hold_vh029__repeat00_a/output/at0018-aq018|ENST00000806856.1|ENSG00000304876.1|ENSG00000304876|GENCODE v49|GRCh38|application_query-target-TFOsorted	.paper-artifacts/bioinformatics-canonical-hybrid-v2/fresh-holdout/v2hold_vh029__repeat00_h/output/at0018-aq018|ENST00000806856.1|ENSG00000304876.1|ENSG00000304876|GENCODE v49|GRCh38|application_query-target-TFOsorted	befd921ff887bcce1808bccc9c071f4b3b2afb4defe6d248bd9c0d7d499ef6fd	befd921ff887bcce1808bccc9c071f4b3b2afb4defe6d248bd9c0d7d499ef6fd	.paper-artifacts/bioinformatics-canonical-hybrid-v2/fresh-holdout/v2hold_vh029__repeat00_a/inputs/query.fa	.paper-artifacts/bioinformatics-canonical-hybrid-v2/fresh-holdout/v2hold_vh029__repeat00_h/inputs/query.fa	.paper-artifacts/bioinformatics-canonical-hybrid-v2/fresh-holdout/v2hold_vh029__repeat00_a/inputs/target.fa	.paper-artifacts/bioinformatics-canonical-hybrid-v2/fresh-holdout/v2hold_vh029__repeat00_h/inputs/target.fa	0:946	0:2501	0	canonical_hybrid_v2_application_query_v1	18	07ae97064a400ee56c62101571217354e114d7ec45a74e79d401c993e4d467ae	canonical_hybrid_v2_application_target_v1	18	2fe2f0ccd0808778a2699709160f2dba14b8f912d6d1851fa6c66ab3dc0da2c2	GRCh38	application_target_fasta_0_based_half_open	historical_application_query_fasta_v1	historical_application_target_fasta_v1	110752c4078bc2b300ad4e92e2495ea868c365486e540da7002fc3e19a18241a	826952e36eda71d912bdbd585e480e67f989c25a9ed04c9abd5543ce4c4cc59c	12b6fe982162b7d7af1013e5db271abfe05a59f4125e3aaebc4e1f12f1923a42	f70bb4e09bbfbf6ec18e5d191b879c726639f5c99b664b9a203c0df9ce78a2eb
canonical_hybrid_v2_former_fresh:vh030__repeat00	canonical_hybrid_v2_former_fresh_60_regression_only	historical_regression_only	vh030	0	.paper-artifacts/bioinformatics-canonical-hybrid-v2/fresh-holdout/v2hold_vh030__repeat00_a/output/at0195-aq018|ENST00000806856.1|ENSG00000304876.1|ENSG00000304876|GENCODE v49|GRCh38|application_query-target-TFOsorted	.paper-artifacts/bioinformatics-canonical-hybrid-v2/fresh-holdout/v2hold_vh030__repeat00_h/output/at0195-aq018|ENST00000806856.1|ENSG00000304876.1|ENSG00000304876|GENCODE v49|GRCh38|application_query-target-TFOsorted	c39cb6b33e798fa7c4cb62f8231eff2c7f55584fbe3b17f871051a8ea929156b	c39cb6b33e798fa7c4cb62f8231eff2c7f55584fbe3b17f871051a8ea929156b	.paper-artifacts/bioinformatics-canonical-hybrid-v2/fresh-holdout/v2hold_vh030__repeat00_a/inputs/query.fa	.paper-artifacts/bioinformatics-canonical-hybrid-v2/fresh-holdout/v2hold_vh030__repeat00_h/inputs/query.fa	.paper-artifacts/bioinformatics-canonical-hybrid-v2/fresh-holdout/v2hold_vh030__repeat00_a/inputs/target.fa	.paper-artifacts/bioinformatics-canonical-hybrid-v2/fresh-holdout/v2hold_vh030__repeat00_h/inputs/target.fa	0:946	0:2501	0	canonical_hybrid_v2_application_query_v1	18	07ae97064a400ee56c62101571217354e114d7ec45a74e79d401c993e4d467ae	canonical_hybrid_v2_application_target_v1	195	8c12c883ba773e1d6290eef5baa7f13d2a5bca6bd909caf6e971e0201cb860f2	GRCh38	application_target_fasta_0_based_half_open	historical_application_query_fasta_v1	historical_application_target_fasta_v1	110752c4078bc2b300ad4e92e2495ea868c365486e540da7002fc3e19a18241a	56c451f721297f71eadefa03bfcbd284949f837c77ce5379971e2fc6893c6361	79ba75e577b7dc9553c5f5b9522e2b2177bf9b957657e83f0d63eac8653b02c4	ad953ac285df0add335909742e643a3922c4b3a9efaa63bf533a8807c4e45eef
canonical_hybrid_v2_former_fresh:vh031__repeat00	canonical_hybrid_v2_former_fresh_60_regression_only	historical_regression_only	vh031	0	.paper-artifacts/bioinformatics-canonical-hybrid-v2/fresh-holdout/v2hold_vh031__repeat00_a/output/at0652-aq018|ENST00000806856.1|ENSG00000304876.1|ENSG00000304876|GENCODE v49|GRCh38|application_query-target-TFOsorted	.paper-artifacts/bioinformatics-canonical-hybrid-v2/fresh-holdout/v2hold_vh031__repeat00_h/output/at0652-aq018|ENST00000806856.1|ENSG00000304876.1|ENSG00000304876|GENCODE v49|GRCh38|application_query-target-TFOsorted	f4e2c54969e98d3ca32448ac6339a2df10887fdce6ac35b0ce3d24ed733f28bf	f4e2c54969e98d3ca32448ac6339a2df10887fdce6ac35b0ce3d24ed733f28bf	.paper-artifacts/bioinformatics-canonical-hybrid-v2/fresh-holdout/v2hold_vh031__repeat00_a/inputs/query.fa	.paper-artifacts/bioinformatics-canonical-hybrid-v2/fresh-holdout/v2hold_vh031__repeat00_h/inputs/query.fa	.paper-artifacts/bioinformatics-canonical-hybrid-v2/fresh-holdout/v2hold_vh031__repeat00_a/inputs/target.fa	.paper-artifacts/bioinformatics-canonical-hybrid-v2/fresh-holdout/v2hold_vh031__repeat00_h/inputs/target.fa	0:946	0:2501	0	canonical_hybrid_v2_application_query_v1	18	07ae97064a400ee56c62101571217354e114d7ec45a74e79d401c993e4d467ae	canonical_hybrid_v2_application_target_v1	652	e1d6e517851f9f88fe22a1995aaaac5b667423bdba3b4478911e2595dd26538c	GRCh38	application_target_fasta_0_based_half_open	historical_application_query_fasta_v1	historical_application_target_fasta_v1	110752c4078bc2b300ad4e92e2495ea868c365486e540da7002fc3e19a18241a	24c843d23e46a393d96fb9c676c9bc71c879317e8d851798d9ab7c3ae8aee511	2f70f632109b00b2b0010e25ef6bae5c24d4affd91bc35278cc2bd43e606bca1	28cd2bc884a5f97313476814f5639cf01d75f2e48a6dde54cf0f090cf5176206
canonical_hybrid_v2_former_fresh:vh032__repeat00	canonical_hybrid_v2_former_fresh_60_regression_only	historical_regression_only	vh032	0	.paper-artifacts/bioinformatics-canonical-hybrid-v2/fresh-holdout/v2hold_vh032__repeat00_a/output/at0260-aq018|ENST00000806856.1|ENSG00000304876.1|ENSG00000304876|GENCODE v49|GRCh38|application_query-target-TFOsorted	.paper-artifacts/bioinformatics-canonical-hybrid-v2/fresh-holdout/v2hold_vh032__repeat00_h/output/at0260-aq018|ENST00000806856.1|ENSG00000304876.1|ENSG00000304876|GENCODE v49|GRCh38|application_query-target-TFOsorted	2260238554dbdd098314f77570f73c5790ccadafcec240465791d672840e6813	2260238554dbdd098314f77570f73c5790ccadafcec240465791d672840e6813	.paper-artifacts/bioinformatics-canonical-hybrid-v2/fresh-holdout/v2hold_vh032__repeat00_a/inputs/query.fa	.paper-artifacts/bioinformatics-canonical-hybrid-v2/fresh-holdout/v2hold_vh032__repeat00_h/inputs/query.fa	.paper-artifacts/bioinformatics-canonical-hybrid-v2/fresh-holdout/v2hold_vh032__repeat00_a/inputs/target.fa	.paper-artifacts/bioinformatics-canonical-hybrid-v2/fresh-holdout/v2hold_vh032__repeat00_h/inputs/target.fa	0:946	0:2501	0	canonical_hybrid_v2_application_query_v1	18	07ae97064a400ee56c62101571217354e114d7ec45a74e79d401c993e4d467ae	canonical_hybrid_v2_application_target_v1	260	e4dd2ecb30026c7cccf72b245c30cec49ebfb006b5a3f2b7ce447b34dacd80e1	GRCh38	application_target_fasta_0_based_half_open	historical_application_query_fasta_v1	historical_application_target_fasta_v1	110752c4078bc2b300ad4e92e2495ea868c365486e540da7002fc3e19a18241a	a256df89aacc2b16538097b212c171cba6487b0ca28c692bad2495daae8bde20	c194625ddb773bd504696d566e268422c5685713dde2985344d454f53c85a4c2	10e16fa29fd6dd428e6200a00ad9f0b571d3c774cfde8ae8dbf7942ac89d59ec
canonical_hybrid_v2_former_fresh:vh033__repeat00	canonical_hybrid_v2_former_fresh_60_regression_only	historical_regression_only	vh033	0	.paper-artifacts/bioinformatics-canonical-hybrid-v2/fresh-holdout/v2hold_vh033__repeat00_a/output/at0018-aq008|ENST00000567488.1|ENSG00000261826.1|ENSG00000261826|GENCODE v49|GRCh38|application_query-target-TFOsorted	.paper-artifacts/bioinformatics-canonical-hybrid-v2/fresh-holdout/v2hold_vh033__repeat00_h/output/at0018-aq008|ENST00000567488.1|ENSG00000261826.1|ENSG00000261826|GENCODE v49|GRCh38|application_query-target-TFOsorted	b926179195ad60d9226a66eee89c407a38004a9c088a6955e3f16549cfcea158	b926179195ad60d9226a66eee89c407a38004a9c088a6955e3f16549cfcea158	.paper-artifacts/bioinformatics-canonical-hybrid-v2/fresh-holdout/v2hold_vh033__repeat00_a/inputs/query.fa	.paper-artifacts/bioinformatics-canonical-hybrid-v2/fresh-holdout/v2hold_vh033__repeat00_h/inputs/query.fa	.paper-artifacts/bioinformatics-canonical-hybrid-v2/fresh-holdout/v2hold_vh033__repeat00_a/inputs/target.fa	.paper-artifacts/bioinformatics-canonical-hybrid-v2/fresh-holdout/v2hold_vh033__repeat00_h/inputs/target.fa	0:2709	0:2501	0	canonical_hybrid_v2_application_query_v1	8	bab192889972e6fc9a5cb766a8b3a722cd4c97ec0ee1d3527ae804c45c4c93af	canonical_hybrid_v2_application_target_v1	18	2fe2f0ccd0808778a2699709160f2dba14b8f912d6d1851fa6c66ab3dc0da2c2	GRCh38	application_target_fasta_0_based_half_open	historical_application_query_fasta_v1	historical_application_target_fasta_v1	110752c4078bc2b300ad4e92e2495ea868c365486e540da7002fc3e19a18241a	aab0f49b92f5a00b0f32665026a250ff6d37e025d71aa32c454b33b25f1e5641	e92f9669f64bfa39eef00f722c2f42e4fc191bf4e83727579a96bb6af40c1187	230bd6dbe82e2b8f44b4854bd1f11df6573e0d874742d8a0e9dd1d1bf273393a
canonical_hybrid_v2_former_fresh:vh033__repeat01	canonical_hybrid_v2_former_fresh_60_regression_only	historical_regression_only	vh033	1	.paper-artifacts/bioinformatics-canonical-hybrid-v2/fresh-holdout/v2hold_vh033__repeat01_a/output/at0018-aq008|ENST00000567488.1|ENSG00000261826.1|ENSG00000261826|GENCODE v49|GRCh38|application_query-target-TFOsorted	.paper-artifacts/bioinformatics-canonical-hybrid-v2/fresh-holdout/v2hold_vh033__repeat01_h/output/at0018-aq008|ENST00000567488.1|ENSG00000261826.1|ENSG00000261826|GENCODE v49|GRCh38|application_query-target-TFOsorted	b926179195ad60d9226a66eee89c407a38004a9c088a6955e3f16549cfcea158	b926179195ad60d9226a66eee89c407a38004a9c088a6955e3f16549cfcea158	.paper-artifacts/bioinformatics-canonical-hybrid-v2/fresh-holdout/v2hold_vh033__repeat01_a/inputs/query.fa	.paper-artifacts/bioinformatics-canonical-hybrid-v2/fresh-holdout/v2hold_vh033__repeat01_h/inputs/query.fa	.paper-artifacts/bioinformatics-canonical-hybrid-v2/fresh-holdout/v2hold_vh033__repeat01_a/inputs/target.fa	.paper-artifacts/bioinformatics-canonical-hybrid-v2/fresh-holdout/v2hold_vh033__repeat01_h/inputs/target.fa	0:2709	0:2501	0	canonical_hybrid_v2_application_query_v1	8	bab192889972e6fc9a5cb766a8b3a722cd4c97ec0ee1d3527ae804c45c4c93af	canonical_hybrid_v2_application_target_v1	18	2fe2f0ccd0808778a2699709160f2dba14b8f912d6d1851fa6c66ab3dc0da2c2	GRCh38	application_target_fasta_0_based_half_open	historical_application_query_fasta_v1	historical_application_target_fasta_v1	110752c4078bc2b300ad4e92e2495ea868c365486e540da7002fc3e19a18241a	aab0f49b92f5a00b0f32665026a250ff6d37e025d71aa32c454b33b25f1e5641	965c79ff4ec20b244186238ebadd83cdd30ee515ed968d98d261bcb7380a603f	4497a34d770826d123293f499289a9c1b5da65176f98c50ca905561bb82e5ed8
canonical_hybrid_v2_former_fresh:vh033__repeat02	canonical_hybrid_v2_former_fresh_60_regression_only	historical_regression_only	vh033	2	.paper-artifacts/bioinformatics-canonical-hybrid-v2/fresh-holdout/v2hold_vh033__repeat02_a/output/at0018-aq008|ENST00000567488.1|ENSG00000261826.1|ENSG00000261826|GENCODE v49|GRCh38|application_query-target-TFOsorted	.paper-artifacts/bioinformatics-canonical-hybrid-v2/fresh-holdout/v2hold_vh033__repeat02_h/output/at0018-aq008|ENST00000567488.1|ENSG00000261826.1|ENSG00000261826|GENCODE v49|GRCh38|application_query-target-TFOsorted	b926179195ad60d9226a66eee89c407a38004a9c088a6955e3f16549cfcea158	b926179195ad60d9226a66eee89c407a38004a9c088a6955e3f16549cfcea158	.paper-artifacts/bioinformatics-canonical-hybrid-v2/fresh-holdout/v2hold_vh033__repeat02_a/inputs/query.fa	.paper-artifacts/bioinformatics-canonical-hybrid-v2/fresh-holdout/v2hold_vh033__repeat02_h/inputs/query.fa	.paper-artifacts/bioinformatics-canonical-hybrid-v2/fresh-holdout/v2hold_vh033__repeat02_a/inputs/target.fa	.paper-artifacts/bioinformatics-canonical-hybrid-v2/fresh-holdout/v2hold_vh033__repeat02_h/inputs/target.fa	0:2709	0:2501	0	canonical_hybrid_v2_application_query_v1	8	bab192889972e6fc9a5cb766a8b3a722cd4c97ec0ee1d3527ae804c45c4c93af	canonical_hybrid_v2_application_target_v1	18	2fe2f0ccd0808778a2699709160f2dba14b8f912d6d1851fa6c66ab3dc0da2c2	GRCh38	application_target_fasta_0_based_half_open	historical_application_query_fasta_v1	historical_application_target_fasta_v1	110752c4078bc2b300ad4e92e2495ea868c365486e540da7002fc3e19a18241a	aab0f49b92f5a00b0f32665026a250ff6d37e025d71aa32c454b33b25f1e5641	7e950f98e940405260dbf2268695dd978713813b6c22e310006952c61c579a81	08d1477874dcc9b40ff845bd03a92bfdfc5b4bfe706c0c07e6f0d40f4f1cbed6
canonical_hybrid_v2_former_fresh:vh034__repeat00	canonical_hybrid_v2_former_fresh_60_regression_only	historical_regression_only	vh034	0	.paper-artifacts/bioinformatics-canonical-hybrid-v2/fresh-holdout/v2hold_vh034__repeat00_a/output/at0195-aq008|ENST00000567488.1|ENSG00000261826.1|ENSG00000261826|GENCODE v49|GRCh38|application_query-target-TFOsorted	.paper-artifacts/bioinformatics-canonical-hybrid-v2/fresh-holdout/v2hold_vh034__repeat00_h/output/at0195-aq008|ENST00000567488.1|ENSG00000261826.1|ENSG00000261826|GENCODE v49|GRCh38|application_query-target-TFOsorted	d6b8f74fae1551f51a203cb73578247f65d3288c0bffb29129d91cd03492410b	d6b8f74fae1551f51a203cb73578247f65d3288c0bffb29129d91cd03492410b	.paper-artifacts/bioinformatics-canonical-hybrid-v2/fresh-holdout/v2hold_vh034__repeat00_a/inputs/query.fa	.paper-artifacts/bioinformatics-canonical-hybrid-v2/fresh-holdout/v2hold_vh034__repeat00_h/inputs/query.fa	.paper-artifacts/bioinformatics-canonical-hybrid-v2/fresh-holdout/v2hold_vh034__repeat00_a/inputs/target.fa	.paper-artifacts/bioinformatics-canonical-hybrid-v2/fresh-holdout/v2hold_vh034__repeat00_h/inputs/target.fa	0:2709	0:2501	0	canonical_hybrid_v2_application_query_v1	8	bab192889972e6fc9a5cb766a8b3a722cd4c97ec0ee1d3527ae804c45c4c93af	canonical_hybrid_v2_application_target_v1	195	8c12c883ba773e1d6290eef5baa7f13d2a5bca6bd909caf6e971e0201cb860f2	GRCh38	application_target_fasta_0_based_half_open	historical_application_query_fasta_v1	historical_application_target_fasta_v1	110752c4078bc2b300ad4e92e2495ea868c365486e540da7002fc3e19a18241a	77b487cc8d69d2f93490e2ad43e4c04f5251aa6d771248e03697326c0aafe1d6	33e6f6efb42945be9bbbcaf16a3f61bc5dcc8bce16a5d6e9f937b22635c181c8	0e75bf39937921c0b36f8db3cfd919ef36d82e1efc0aa3a6072b47049636d633
canonical_hybrid_v2_former_fresh:vh035__repeat00	canonical_hybrid_v2_former_fresh_60_regression_only	historical_regression_only	vh035	0	.paper-artifacts/bioinformatics-canonical-hybrid-v2/fresh-holdout/v2hold_vh035__repeat00_a/output/at0652-aq008|ENST00000567488.1|ENSG00000261826.1|ENSG00000261826|GENCODE v49|GRCh38|application_query-target-TFOsorted	.paper-artifacts/bioinformatics-canonical-hybrid-v2/fresh-holdout/v2hold_vh035__repeat00_h/output/at0652-aq008|ENST00000567488.1|ENSG00000261826.1|ENSG00000261826|GENCODE v49|GRCh38|application_query-target-TFOsorted	b645981d3b8cc6ad4bae0edee83cdb266f729633b44aeb917cae1ee61d23c28c	b645981d3b8cc6ad4bae0edee83cdb266f729633b44aeb917cae1ee61d23c28c	.paper-artifacts/bioinformatics-canonical-hybrid-v2/fresh-holdout/v2hold_vh035__repeat00_a/inputs/query.fa	.paper-artifacts/bioinformatics-canonical-hybrid-v2/fresh-holdout/v2hold_vh035__repeat00_h/inputs/query.fa	.paper-artifacts/bioinformatics-canonical-hybrid-v2/fresh-holdout/v2hold_vh035__repeat00_a/inputs/target.fa	.paper-artifacts/bioinformatics-canonical-hybrid-v2/fresh-holdout/v2hold_vh035__repeat00_h/inputs/target.fa	0:2709	0:2501	0	canonical_hybrid_v2_application_query_v1	8	bab192889972e6fc9a5cb766a8b3a722cd4c97ec0ee1d3527ae804c45c4c93af	canonical_hybrid_v2_application_target_v1	652	e1d6e517851f9f88fe22a1995aaaac5b667423bdba3b4478911e2595dd26538c	GRCh38	application_target_fasta_0_based_half_open	historical_application_query_fasta_v1	historical_application_target_fasta_v1	110752c4078bc2b300ad4e92e2495ea868c365486e540da7002fc3e19a18241a	a880d3d8e9de7002eaa764825311ec4d5e4cadef04a89a75852a3def46a42cd2	6eead05f5b9cbb54a1d1776abdd198c9e10b4652c4fc1116a7000ed72f27e1a7	fcb5c652edfcc80e371bc88c8910e7e174b92f858423f09d31f4258c6accaf13
canonical_hybrid_v2_former_fresh:vh035__repeat01	canonical_hybrid_v2_former_fresh_60_regression_only	historical_regression_only	vh035	1	.paper-artifacts/bioinformatics-canonical-hybrid-v2/fresh-holdout/v2hold_vh035__repeat01_a/output/at0652-aq008|ENST00000567488.1|ENSG00000261826.1|ENSG00000261826|GENCODE v49|GRCh38|application_query-target-TFOsorted	.paper-artifacts/bioinformatics-canonical-hybrid-v2/fresh-holdout/v2hold_vh035__repeat01_h/output/at0652-aq008|ENST00000567488.1|ENSG00000261826.1|ENSG00000261826|GENCODE v49|GRCh38|application_query-target-TFOsorted	b645981d3b8cc6ad4bae0edee83cdb266f729633b44aeb917cae1ee61d23c28c	b645981d3b8cc6ad4bae0edee83cdb266f729633b44aeb917cae1ee61d23c28c	.paper-artifacts/bioinformatics-canonical-hybrid-v2/fresh-holdout/v2hold_vh035__repeat01_a/inputs/query.fa	.paper-artifacts/bioinformatics-canonical-hybrid-v2/fresh-holdout/v2hold_vh035__repeat01_h/inputs/query.fa	.paper-artifacts/bioinformatics-canonical-hybrid-v2/fresh-holdout/v2hold_vh035__repeat01_a/inputs/target.fa	.paper-artifacts/bioinformatics-canonical-hybrid-v2/fresh-holdout/v2hold_vh035__repeat01_h/inputs/target.fa	0:2709	0:2501	0	canonical_hybrid_v2_application_query_v1	8	bab192889972e6fc9a5cb766a8b3a722cd4c97ec0ee1d3527ae804c45c4c93af	canonical_hybrid_v2_application_target_v1	652	e1d6e517851f9f88fe22a1995aaaac5b667423bdba3b4478911e2595dd26538c	GRCh38	application_target_fasta_0_based_half_open	historical_application_query_fasta_v1	historical_application_target_fasta_v1	110752c4078bc2b300ad4e92e2495ea868c365486e540da7002fc3e19a18241a	a880d3d8e9de7002eaa764825311ec4d5e4cadef04a89a75852a3def46a42cd2	be216523d18a903c86890778b67735ef2051952e51b8349625deca0448680b57	5045936366b8a27901370e2ec9364604463d9486a80a61adeaff9bd4fdf07f0c
canonical_hybrid_v2_former_fresh:vh035__repeat02	canonical_hybrid_v2_former_fresh_60_regression_only	historical_regression_only	vh035	2	.paper-artifacts/bioinformatics-canonical-hybrid-v2/fresh-holdout/v2hold_vh035__repeat02_a/output/at0652-aq008|ENST00000567488.1|ENSG00000261826.1|ENSG00000261826|GENCODE v49|GRCh38|application_query-target-TFOsorted	.paper-artifacts/bioinformatics-canonical-hybrid-v2/fresh-holdout/v2hold_vh035__repeat02_h/output/at0652-aq008|ENST00000567488.1|ENSG00000261826.1|ENSG00000261826|GENCODE v49|GRCh38|application_query-target-TFOsorted	b645981d3b8cc6ad4bae0edee83cdb266f729633b44aeb917cae1ee61d23c28c	b645981d3b8cc6ad4bae0edee83cdb266f729633b44aeb917cae1ee61d23c28c	.paper-artifacts/bioinformatics-canonical-hybrid-v2/fresh-holdout/v2hold_vh035__repeat02_a/inputs/query.fa	.paper-artifacts/bioinformatics-canonical-hybrid-v2/fresh-holdout/v2hold_vh035__repeat02_h/inputs/query.fa	.paper-artifacts/bioinformatics-canonical-hybrid-v2/fresh-holdout/v2hold_vh035__repeat02_a/inputs/target.fa	.paper-artifacts/bioinformatics-canonical-hybrid-v2/fresh-holdout/v2hold_vh035__repeat02_h/inputs/target.fa	0:2709	0:2501	0	canonical_hybrid_v2_application_query_v1	8	bab192889972e6fc9a5cb766a8b3a722cd4c97ec0ee1d3527ae804c45c4c93af	canonical_hybrid_v2_application_target_v1	652	e1d6e517851f9f88fe22a1995aaaac5b667423bdba3b4478911e2595dd26538c	GRCh38	application_target_fasta_0_based_half_open	historical_application_query_fasta_v1	historical_application_target_fasta_v1	110752c4078bc2b300ad4e92e2495ea868c365486e540da7002fc3e19a18241a	a880d3d8e9de7002eaa764825311ec4d5e4cadef04a89a75852a3def46a42cd2	eeeab31608281fc0115a649fd4addf1750e186ffb10da11853d5aa353b97cbcf	3f955f66cdb076bb4bf2a36e730a937a735a31b137ffccbf684fc9a3860cf3ee
canonical_hybrid_v2_former_fresh:vh036__repeat00	canonical_hybrid_v2_former_fresh_60_regression_only	historical_regression_only	vh036	0	.paper-artifacts/bioinformatics-canonical-hybrid-v2/fresh-holdout/v2hold_vh036__repeat00_a/output/at0260-aq008|ENST00000567488.1|ENSG00000261826.1|ENSG00000261826|GENCODE v49|GRCh38|application_query-target-TFOsorted	.paper-artifacts/bioinformatics-canonical-hybrid-v2/fresh-holdout/v2hold_vh036__repeat00_h/output/at0260-aq008|ENST00000567488.1|ENSG00000261826.1|ENSG00000261826|GENCODE v49|GRCh38|application_query-target-TFOsorted	67446aed6513cac9ddb291ab3108615287329bbee012bb50694772328d298e38	67446aed6513cac9ddb291ab3108615287329bbee012bb50694772328d298e38	.paper-artifacts/bioinformatics-canonical-hybrid-v2/fresh-holdout/v2hold_vh036__repeat00_a/inputs/query.fa	.paper-artifacts/bioinformatics-canonical-hybrid-v2/fresh-holdout/v2hold_vh036__repeat00_h/inputs/query.fa	.paper-artifacts/bioinformatics-canonical-hybrid-v2/fresh-holdout/v2hold_vh036__repeat00_a/inputs/target.fa	.paper-artifacts/bioinformatics-canonical-hybrid-v2/fresh-holdout/v2hold_vh036__repeat00_h/inputs/target.fa	0:2709	0:2501	0	canonical_hybrid_v2_application_query_v1	8	bab192889972e6fc9a5cb766a8b3a722cd4c97ec0ee1d3527ae804c45c4c93af	canonical_hybrid_v2_application_target_v1	260	e4dd2ecb30026c7cccf72b245c30cec49ebfb006b5a3f2b7ce447b34dacd80e1	GRCh38	application_target_fasta_0_based_half_open	historical_application_query_fasta_v1	historical_application_target_fasta_v1	110752c4078bc2b300ad4e92e2495ea868c365486e540da7002fc3e19a18241a	9d88746c1d37fb1bb9aa0a18081a5248649c194c9ce95894260021020f26d2b7	6a9703769643ce0197a7ed0c1b10d564690656f899c09961633778e3043e18dd	45397a401320d8f6e71e21683ba0835bb298adb439b638f21deb475087bd4175
canonical_hybrid_v2_former_fresh:vh037__repeat00	canonical_hybrid_v2_former_fresh_60_regression_only	historical_regression_only	vh037	0	.paper-artifacts/bioinformatics-canonical-hybrid-v2/fresh-holdout/v2hold_vh037__repeat00_a/output/at0018-aq007|ENST00000727037.1|ENSG00000285413.2|ENSG00000285413|GENCODE v49|GRCh38|application_query-target-TFOsorted	.paper-artifacts/bioinformatics-canonical-hybrid-v2/fresh-holdout/v2hold_vh037__repeat00_h/output/at0018-aq007|ENST00000727037.1|ENSG00000285413.2|ENSG00000285413|GENCODE v49|GRCh38|application_query-target-TFOsorted	a3d264d6bd35d10c95e58aa5c80f300527a8c9fca89f8789e4d5c1f3371964ee	a3d264d6bd35d10c95e58aa5c80f300527a8c9fca89f8789e4d5c1f3371964ee	.paper-artifacts/bioinformatics-canonical-hybrid-v2/fresh-holdout/v2hold_vh037__repeat00_a/inputs/query.fa	.paper-artifacts/bioinformatics-canonical-hybrid-v2/fresh-holdout/v2hold_vh037__repeat00_h/inputs/query.fa	.paper-artifacts/bioinformatics-canonical-hybrid-v2/fresh-holdout/v2hold_vh037__repeat00_a/inputs/target.fa	.paper-artifacts/bioinformatics-canonical-hybrid-v2/fresh-holdout/v2hold_vh037__repeat00_h/inputs/target.fa	0:1876	0:2501	0	canonical_hybrid_v2_application_query_v1	7	3924bf5bbd87f45ec0ed8b57f01d4266c46d77efdf9db827f9c39af3ad1a5cd9	canonical_hybrid_v2_application_target_v1	18	2fe2f0ccd0808778a2699709160f2dba14b8f912d6d1851fa6c66ab3dc0da2c2	GRCh38	application_target_fasta_0_based_half_open	historical_application_query_fasta_v1	historical_application_target_fasta_v1	110752c4078bc2b300ad4e92e2495ea868c365486e540da7002fc3e19a18241a	000fe909be57f6be3cbb8a6818b802da1f07a9734469a2f2c5deee22a8bda585	5752897eb23e9af2371ac6af923f45e37f09f80e79603fc71e4540de17417e22	4d8204ac1b9158a20d044e0eab06f96502dc4949e9eb9174a07e84a7ed37046b
canonical_hybrid_v2_former_fresh:vh038__repeat00	canonical_hybrid_v2_former_fresh_60_regression_only	historical_regression_only	vh038	0	.paper-artifacts/bioinformatics-canonical-hybrid-v2/fresh-holdout/v2hold_vh038__repeat00_a/output/at0195-aq007|ENST00000727037.1|ENSG00000285413.2|ENSG00000285413|GENCODE v49|GRCh38|application_query-target-TFOsorted	.paper-artifacts/bioinformatics-canonical-hybrid-v2/fresh-holdout/v2hold_vh038__repeat00_h/output/at0195-aq007|ENST00000727037.1|ENSG00000285413.2|ENSG00000285413|GENCODE v49|GRCh38|application_query-target-TFOsorted	7e2e8dfa0c3e9a95be9772211f22874d884eaa03c0ce335e0b05776c92ead0a1	7e2e8dfa0c3e9a95be9772211f22874d884eaa03c0ce335e0b05776c92ead0a1	.paper-artifacts/bioinformatics-canonical-hybrid-v2/fresh-holdout/v2hold_vh038__repeat00_a/inputs/query.fa	.paper-artifacts/bioinformatics-canonical-hybrid-v2/fresh-holdout/v2hold_vh038__repeat00_h/inputs/query.fa	.paper-artifacts/bioinformatics-canonical-hybrid-v2/fresh-holdout/v2hold_vh038__repeat00_a/inputs/target.fa	.paper-artifacts/bioinformatics-canonical-hybrid-v2/fresh-holdout/v2hold_vh038__repeat00_h/inputs/target.fa	0:1876	0:2501	0	canonical_hybrid_v2_application_query_v1	7	3924bf5bbd87f45ec0ed8b57f01d4266c46d77efdf9db827f9c39af3ad1a5cd9	canonical_hybrid_v2_application_target_v1	195	8c12c883ba773e1d6290eef5baa7f13d2a5bca6bd909caf6e971e0201cb860f2	GRCh38	application_target_fasta_0_based_half_open	historical_application_query_fasta_v1	historical_application_target_fasta_v1	110752c4078bc2b300ad4e92e2495ea868c365486e540da7002fc3e19a18241a	cd191c91272da45c6596dd8918e2e6ffc2b3d3753ff4e11315e3cdbce7b8b4dd	5b9c869c31dcf91014c77e753e31103caefd333ec6e5b4ad35e215736faac909	fc8d766f095b6f0cc5a45174ba8d4df7aed7f3684c16102f7988b3b709721b57
canonical_hybrid_v2_former_fresh:vh039__repeat00	canonical_hybrid_v2_former_fresh_60_regression_only	historical_regression_only	vh039	0	.paper-artifacts/bioinformatics-canonical-hybrid-v2/fresh-holdout/v2hold_vh039__repeat00_a/output/at0652-aq007|ENST00000727037.1|ENSG00000285413.2|ENSG00000285413|GENCODE v49|GRCh38|application_query-target-TFOsorted	.paper-artifacts/bioinformatics-canonical-hybrid-v2/fresh-holdout/v2hold_vh039__repeat00_h/output/at0652-aq007|ENST00000727037.1|ENSG00000285413.2|ENSG00000285413|GENCODE v49|GRCh38|application_query-target-TFOsorted	b0ccb8392537217874c044af1cf47904b8f3024738269d1bc0d48d33850b2bf7	b0ccb8392537217874c044af1cf47904b8f3024738269d1bc0d48d33850b2bf7	.paper-artifacts/bioinformatics-canonical-hybrid-v2/fresh-holdout/v2hold_vh039__repeat00_a/inputs/query.fa	.paper-artifacts/bioinformatics-canonical-hybrid-v2/fresh-holdout/v2hold_vh039__repeat00_h/inputs/query.fa	.paper-artifacts/bioinformatics-canonical-hybrid-v2/fresh-holdout/v2hold_vh039__repeat00_a/inputs/target.fa	.paper-artifacts/bioinformatics-canonical-hybrid-v2/fresh-holdout/v2hold_vh039__repeat00_h/inputs/target.fa	0:1876	0:2501	0	canonical_hybrid_v2_application_query_v1	7	3924bf5bbd87f45ec0ed8b57f01d4266c46d77efdf9db827f9c39af3ad1a5cd9	canonical_hybrid_v2_application_target_v1	652	e1d6e517851f9f88fe22a1995aaaac5b667423bdba3b4478911e2595dd26538c	GRCh38	application_target_fasta_0_based_half_open	historical_application_query_fasta_v1	historical_application_target_fasta_v1	110752c4078bc2b300ad4e92e2495ea868c365486e540da7002fc3e19a18241a	f7df96382a620ef4a779370d19f0eba75f57f5fcae4876a48e4f6e8e07c01d3e	121a2da768253c4418e48cda8a28aadfd29ad315b6e24722214a88cc8e93f4db	0ad42baa290c57a36c890415be54cf52493fbbeab29b7d1c6eeb2919668fc89f
canonical_hybrid_v2_former_fresh:vh040__repeat00	canonical_hybrid_v2_former_fresh_60_regression_only	historical_regression_only	vh040	0	.paper-artifacts/bioinformatics-canonical-hybrid-v2/fresh-holdout/v2hold_vh040__repeat00_a/output/at0260-aq007|ENST00000727037.1|ENSG00000285413.2|ENSG00000285413|GENCODE v49|GRCh38|application_query-target-TFOsorted	.paper-artifacts/bioinformatics-canonical-hybrid-v2/fresh-holdout/v2hold_vh040__repeat00_h/output/at0260-aq007|ENST00000727037.1|ENSG00000285413.2|ENSG00000285413|GENCODE v49|GRCh38|application_query-target-TFOsorted	7d3ef8258fcf6548796c5ce632d40f84148d2cc1873d8506d396e8732b8e8001	7d3ef8258fcf6548796c5ce632d40f84148d2cc1873d8506d396e8732b8e8001	.paper-artifacts/bioinformatics-canonical-hybrid-v2/fresh-holdout/v2hold_vh040__repeat00_a/inputs/query.fa	.paper-artifacts/bioinformatics-canonical-hybrid-v2/fresh-holdout/v2hold_vh040__repeat00_h/inputs/query.fa	.paper-artifacts/bioinformatics-canonical-hybrid-v2/fresh-holdout/v2hold_vh040__repeat00_a/inputs/target.fa	.paper-artifacts/bioinformatics-canonical-hybrid-v2/fresh-holdout/v2hold_vh040__repeat00_h/inputs/target.fa	0:1876	0:2501	0	canonical_hybrid_v2_application_query_v1	7	3924bf5bbd87f45ec0ed8b57f01d4266c46d77efdf9db827f9c39af3ad1a5cd9	canonical_hybrid_v2_application_target_v1	260	e4dd2ecb30026c7cccf72b245c30cec49ebfb006b5a3f2b7ce447b34dacd80e1	GRCh38	application_target_fasta_0_based_half_open	historical_application_query_fasta_v1	historical_application_target_fasta_v1	110752c4078bc2b300ad4e92e2495ea868c365486e540da7002fc3e19a18241a	42876bf1bcf0071ebc459016d8bc944909cdaef7f3052222163f778bd1596623	1d708799db8828569bce0893104e2334aff166c50c72a902a780bc39a000fbe1	f655ae66b295fb698ae70a2b5a8e9108d895ac551de996660dae324a0d6dcc02
canonical_hybrid_v2_former_fresh:vh041__repeat00	canonical_hybrid_v2_former_fresh_60_regression_only	historical_regression_only	vh041	0	.paper-artifacts/bioinformatics-canonical-hybrid-v2/fresh-holdout/v2hold_vh041__repeat00_a/output/at0018-aq014|ENST00000443930.2|ENSG00000233542.3|ENSG00000233542|GENCODE v49|GRCh38|application_query-target-TFOsorted	.paper-artifacts/bioinformatics-canonical-hybrid-v2/fresh-holdout/v2hold_vh041__repeat00_h/output/at0018-aq014|ENST00000443930.2|ENSG00000233542.3|ENSG00000233542|GENCODE v49|GRCh38|application_query-target-TFOsorted	373c5f6dcb995e503c966a5481ce3533db9ad6ce7dc712cadeed1ce601893cb5	373c5f6dcb995e503c966a5481ce3533db9ad6ce7dc712cadeed1ce601893cb5	.paper-artifacts/bioinformatics-canonical-hybrid-v2/fresh-holdout/v2hold_vh041__repeat00_a/inputs/query.fa	.paper-artifacts/bioinformatics-canonical-hybrid-v2/fresh-holdout/v2hold_vh041__repeat00_h/inputs/query.fa	.paper-artifacts/bioinformatics-canonical-hybrid-v2/fresh-holdout/v2hold_vh041__repeat00_a/inputs/target.fa	.paper-artifacts/bioinformatics-canonical-hybrid-v2/fresh-holdout/v2hold_vh041__repeat00_h/inputs/target.fa	0:2283	0:2501	0	canonical_hybrid_v2_application_query_v1	14	9cd73ba9bb956118008456f67fd19d3c2f640c5ac6816baf6f315da3ab1d78db	canonical_hybrid_v2_application_target_v1	18	2fe2f0ccd0808778a2699709160f2dba14b8f912d6d1851fa6c66ab3dc0da2c2	GRCh38	application_target_fasta_0_based_half_open	historical_application_query_fasta_v1	historical_application_target_fasta_v1	110752c4078bc2b300ad4e92e2495ea868c365486e540da7002fc3e19a18241a	d92c59f98247dfe910632c2394ed4b32519aeb4c73d8a9cc4e1cc3bf7eba306b	243b0e1b8eefe21c5ae6697808456f5633c1bb2725391e726a5bacaa1612f6a9	43293a76fcff42a8b9bea21306dcac6f42b112f33d2dfcb653dc9516a0e98186
canonical_hybrid_v2_former_fresh:vh042__repeat00	canonical_hybrid_v2_former_fresh_60_regression_only	historical_regression_only	vh042	0	.paper-artifacts/bioinformatics-canonical-hybrid-v2/fresh-holdout/v2hold_vh042__repeat00_a/output/at0195-aq014|ENST00000443930.2|ENSG00000233542.3|ENSG00000233542|GENCODE v49|GRCh38|application_query-target-TFOsorted	.paper-artifacts/bioinformatics-canonical-hybrid-v2/fresh-holdout/v2hold_vh042__repeat00_h/output/at0195-aq014|ENST00000443930.2|ENSG00000233542.3|ENSG00000233542|GENCODE v49|GRCh38|application_query-target-TFOsorted	b2cab954c273923c38d44f86c67bf25787c983cec1118c08063da2074f2ca3f7	b2cab954c273923c38d44f86c67bf25787c983cec1118c08063da2074f2ca3f7	.paper-artifacts/bioinformatics-canonical-hybrid-v2/fresh-holdout/v2hold_vh042__repeat00_a/inputs/query.fa	.paper-artifacts/bioinformatics-canonical-hybrid-v2/fresh-holdout/v2hold_vh042__repeat00_h/inputs/query.fa	.paper-artifacts/bioinformatics-canonical-hybrid-v2/fresh-holdout/v2hold_vh042__repeat00_a/inputs/target.fa	.paper-artifacts/bioinformatics-canonical-hybrid-v2/fresh-holdout/v2hold_vh042__repeat00_h/inputs/target.fa	0:2283	0:2501	0	canonical_hybrid_v2_application_query_v1	14	9cd73ba9bb956118008456f67fd19d3c2f640c5ac6816baf6f315da3ab1d78db	canonical_hybrid_v2_application_target_v1	195	8c12c883ba773e1d6290eef5baa7f13d2a5bca6bd909caf6e971e0201cb860f2	GRCh38	application_target_fasta_0_based_half_open	historical_application_query_fasta_v1	historical_application_target_fasta_v1	110752c4078bc2b300ad4e92e2495ea868c365486e540da7002fc3e19a18241a	0144494506f5be695917e3e2574b3765731648537e14df38fba1376e2fad30d8	d694e8e862060a638a2901a95fb7e39514502dc8255d79f1a1ae38f0273e6459	063d1ef78442d6580b8026fc9ef096897a991a91dddd124bfdab953f356ca31e
canonical_hybrid_v2_former_fresh:vh043__repeat00	canonical_hybrid_v2_former_fresh_60_regression_only	historical_regression_only	vh043	0	.paper-artifacts/bioinformatics-canonical-hybrid-v2/fresh-holdout/v2hold_vh043__repeat00_a/output/at0652-aq014|ENST00000443930.2|ENSG00000233542.3|ENSG00000233542|GENCODE v49|GRCh38|application_query-target-TFOsorted	.paper-artifacts/bioinformatics-canonical-hybrid-v2/fresh-holdout/v2hold_vh043__repeat00_h/output/at0652-aq014|ENST00000443930.2|ENSG00000233542.3|ENSG00000233542|GENCODE v49|GRCh38|application_query-target-TFOsorted	887da82253681158e325b1a797cf62e6882eb340b4d8237a1dddd27f46e757c3	887da82253681158e325b1a797cf62e6882eb340b4d8237a1dddd27f46e757c3	.paper-artifacts/bioinformatics-canonical-hybrid-v2/fresh-holdout/v2hold_vh043__repeat00_a/inputs/query.fa	.paper-artifacts/bioinformatics-canonical-hybrid-v2/fresh-holdout/v2hold_vh043__repeat00_h/inputs/query.fa	.paper-artifacts/bioinformatics-canonical-hybrid-v2/fresh-holdout/v2hold_vh043__repeat00_a/inputs/target.fa	.paper-artifacts/bioinformatics-canonical-hybrid-v2/fresh-holdout/v2hold_vh043__repeat00_h/inputs/target.fa	0:2283	0:2501	0	canonical_hybrid_v2_application_query_v1	14	9cd73ba9bb956118008456f67fd19d3c2f640c5ac6816baf6f315da3ab1d78db	canonical_hybrid_v2_application_target_v1	652	e1d6e517851f9f88fe22a1995aaaac5b667423bdba3b4478911e2595dd26538c	GRCh38	application_target_fasta_0_based_half_open	historical_application_query_fasta_v1	historical_application_target_fasta_v1	110752c4078bc2b300ad4e92e2495ea868c365486e540da7002fc3e19a18241a	37bf40b7b344fc1b01b6f12cf6dc06a7d3d12d91f04b020ed6e2aee7c2cf905c	9b397820d527db236ea90c1be9bf45d34ab10035f1e0a29b000a4536e618cd60	9396e78647c203bad29c10a666399b79055569dcca85786e4c6d7886df46a056
canonical_hybrid_v2_former_fresh:vh044__repeat00	canonical_hybrid_v2_former_fresh_60_regression_only	historical_regression_only	vh044	0	.paper-artifacts/bioinformatics-canonical-hybrid-v2/fresh-holdout/v2hold_vh044__repeat00_a/output/at0260-aq014|ENST00000443930.2|ENSG00000233542.3|ENSG00000233542|GENCODE v49|GRCh38|application_query-target-TFOsorted	.paper-artifacts/bioinformatics-canonical-hybrid-v2/fresh-holdout/v2hold_vh044__repeat00_h/output/at0260-aq014|ENST00000443930.2|ENSG00000233542.3|ENSG00000233542|GENCODE v49|GRCh38|application_query-target-TFOsorted	7d0d64d87c931c0f16578d796782f6842b328f30d60834ce9bb4e434681e7033	7d0d64d87c931c0f16578d796782f6842b328f30d60834ce9bb4e434681e7033	.paper-artifacts/bioinformatics-canonical-hybrid-v2/fresh-holdout/v2hold_vh044__repeat00_a/inputs/query.fa	.paper-artifacts/bioinformatics-canonical-hybrid-v2/fresh-holdout/v2hold_vh044__repeat00_h/inputs/query.fa	.paper-artifacts/bioinformatics-canonical-hybrid-v2/fresh-holdout/v2hold_vh044__repeat00_a/inputs/target.fa	.paper-artifacts/bioinformatics-canonical-hybrid-v2/fresh-holdout/v2hold_vh044__repeat00_h/inputs/target.fa	0:2283	0:2501	0	canonical_hybrid_v2_application_query_v1	14	9cd73ba9bb956118008456f67fd19d3c2f640c5ac6816baf6f315da3ab1d78db	canonical_hybrid_v2_application_target_v1	260	e4dd2ecb30026c7cccf72b245c30cec49ebfb006b5a3f2b7ce447b34dacd80e1	GRCh38	application_target_fasta_0_based_half_open	historical_application_query_fasta_v1	historical_application_target_fasta_v1	110752c4078bc2b300ad4e92e2495ea868c365486e540da7002fc3e19a18241a	9bb2961f8033824533617897f4c36ea6100e50399959069b9ab112d10936e259	8bcecbae5f159616323c6552a572b4a35d15ca72cfd7915377b9dceb225a5aba	9daf995881c7eda9cc4f844140f8eeea404ff49d214fdfa50a7b403bf9137cdc
canonical_hybrid_v2_former_fresh:vh045__repeat00	canonical_hybrid_v2_former_fresh_60_regression_only	historical_regression_only	vh045	0	.paper-artifacts/bioinformatics-canonical-hybrid-v2/fresh-holdout/v2hold_vh045__repeat00_a/output/at0018-aq010|ENST00000586526.1|ENSG00000257127.6|CLLU1|GENCODE v49|GRCh38|application_query-target-TFOsorted	.paper-artifacts/bioinformatics-canonical-hybrid-v2/fresh-holdout/v2hold_vh045__repeat00_h/output/at0018-aq010|ENST00000586526.1|ENSG00000257127.6|CLLU1|GENCODE v49|GRCh38|application_query-target-TFOsorted	5eb632d1546891457d60ca8c5395ae2edded8427f930d91ae4932c24286e1379	5eb632d1546891457d60ca8c5395ae2edded8427f930d91ae4932c24286e1379	.paper-artifacts/bioinformatics-canonical-hybrid-v2/fresh-holdout/v2hold_vh045__repeat00_a/inputs/query.fa	.paper-artifacts/bioinformatics-canonical-hybrid-v2/fresh-holdout/v2hold_vh045__repeat00_h/inputs/query.fa	.paper-artifacts/bioinformatics-canonical-hybrid-v2/fresh-holdout/v2hold_vh045__repeat00_a/inputs/target.fa	.paper-artifacts/bioinformatics-canonical-hybrid-v2/fresh-holdout/v2hold_vh045__repeat00_h/inputs/target.fa	0:2422	0:2501	0	canonical_hybrid_v2_application_query_v1	10	2d07dac2e1f026644270254400984267aed9aa25a74cc90d2cedfbc7a0eb839c	canonical_hybrid_v2_application_target_v1	18	2fe2f0ccd0808778a2699709160f2dba14b8f912d6d1851fa6c66ab3dc0da2c2	GRCh38	application_target_fasta_0_based_half_open	historical_application_query_fasta_v1	historical_application_target_fasta_v1	110752c4078bc2b300ad4e92e2495ea868c365486e540da7002fc3e19a18241a	24a42440dcaec0e3cf5cf859214af6fd7919de95112dec528b1776521915b4eb	4b92d0b634c4b98c481a5a73c55c52c688b70c370f60075bebb7c97870147e41	204a8bf46e78e74d08e760e50b3b5c314e221ecd5cac4cd9954ed1560e565e67
canonical_hybrid_v2_former_fresh:vh046__repeat00	canonical_hybrid_v2_former_fresh_60_regression_only	historical_regression_only	vh046	0	.paper-artifacts/bioinformatics-canonical-hybrid-v2/fresh-holdout/v2hold_vh046__repeat00_a/output/at0195-aq010|ENST00000586526.1|ENSG00000257127.6|CLLU1|GENCODE v49|GRCh38|application_query-target-TFOsorted	.paper-artifacts/bioinformatics-canonical-hybrid-v2/fresh-holdout/v2hold_vh046__repeat00_h/output/at0195-aq010|ENST00000586526.1|ENSG00000257127.6|CLLU1|GENCODE v49|GRCh38|application_query-target-TFOsorted	d417d3d26b8f444b0b5ea3c0befbd6f7857c7d0d8bb9a1ca07e6c10b11c3f3e3	d417d3d26b8f444b0b5ea3c0befbd6f7857c7d0d8bb9a1ca07e6c10b11c3f3e3	.paper-artifacts/bioinformatics-canonical-hybrid-v2/fresh-holdout/v2hold_vh046__repeat00_a/inputs/query.fa	.paper-artifacts/bioinformatics-canonical-hybrid-v2/fresh-holdout/v2hold_vh046__repeat00_h/inputs/query.fa	.paper-artifacts/bioinformatics-canonical-hybrid-v2/fresh-holdout/v2hold_vh046__repeat00_a/inputs/target.fa	.paper-artifacts/bioinformatics-canonical-hybrid-v2/fresh-holdout/v2hold_vh046__repeat00_h/inputs/target.fa	0:2422	0:2501	0	canonical_hybrid_v2_application_query_v1	10	2d07dac2e1f026644270254400984267aed9aa25a74cc90d2cedfbc7a0eb839c	canonical_hybrid_v2_application_target_v1	195	8c12c883ba773e1d6290eef5baa7f13d2a5bca6bd909caf6e971e0201cb860f2	GRCh38	application_target_fasta_0_based_half_open	historical_application_query_fasta_v1	historical_application_target_fasta_v1	110752c4078bc2b300ad4e92e2495ea868c365486e540da7002fc3e19a18241a	5eea70229187e8e8fc2851d7753c5070d8d61089f418529a7c235f2bfbb02406	12fea4565429b79a718ba9f69bb6c5c8b048c0089ec534493c906ab975750c39	7b3a5d5d4a4efa78cb3b96b42f631d76308c4f8e1785f8ad10798843d8c38757
canonical_hybrid_v2_former_fresh:vh047__repeat00	canonical_hybrid_v2_former_fresh_60_regression_only	historical_regression_only	vh047	0	.paper-artifacts/bioinformatics-canonical-hybrid-v2/fresh-holdout/v2hold_vh047__repeat00_a/output/at0652-aq010|ENST00000586526.1|ENSG00000257127.6|CLLU1|GENCODE v49|GRCh38|application_query-target-TFOsorted	.paper-artifacts/bioinformatics-canonical-hybrid-v2/fresh-holdout/v2hold_vh047__repeat00_h/output/at0652-aq010|ENST00000586526.1|ENSG00000257127.6|CLLU1|GENCODE v49|GRCh38|application_query-target-TFOsorted	ec494e4a596ed43510e2395a58d1ca0c2c6398695f371541942a0c972dbef0e2	ec494e4a596ed43510e2395a58d1ca0c2c6398695f371541942a0c972dbef0e2	.paper-artifacts/bioinformatics-canonical-hybrid-v2/fresh-holdout/v2hold_vh047__repeat00_a/inputs/query.fa	.paper-artifacts/bioinformatics-canonical-hybrid-v2/fresh-holdout/v2hold_vh047__repeat00_h/inputs/query.fa	.paper-artifacts/bioinformatics-canonical-hybrid-v2/fresh-holdout/v2hold_vh047__repeat00_a/inputs/target.fa	.paper-artifacts/bioinformatics-canonical-hybrid-v2/fresh-holdout/v2hold_vh047__repeat00_h/inputs/target.fa	0:2422	0:2501	0	canonical_hybrid_v2_application_query_v1	10	2d07dac2e1f026644270254400984267aed9aa25a74cc90d2cedfbc7a0eb839c	canonical_hybrid_v2_application_target_v1	652	e1d6e517851f9f88fe22a1995aaaac5b667423bdba3b4478911e2595dd26538c	GRCh38	application_target_fasta_0_based_half_open	historical_application_query_fasta_v1	historical_application_target_fasta_v1	110752c4078bc2b300ad4e92e2495ea868c365486e540da7002fc3e19a18241a	c8b522a13b6928c67c7a265cb3cde838039e9016e0f3b632225f0ac68bf57647	c24a6315eebf520b0f7cb07e8b013c882740c16acbcd70a73e4fd69a12a5f4fc	f3f34cfa910546b293dd957053f304766b19382034cec78c24ae41a90d514709
canonical_hybrid_v2_former_fresh:vh048__repeat00	canonical_hybrid_v2_former_fresh_60_regression_only	historical_regression_only	vh048	0	.paper-artifacts/bioinformatics-canonical-hybrid-v2/fresh-holdout/v2hold_vh048__repeat00_a/output/at0260-aq010|ENST00000586526.1|ENSG00000257127.6|CLLU1|GENCODE v49|GRCh38|application_query-target-TFOsorted	.paper-artifacts/bioinformatics-canonical-hybrid-v2/fresh-holdout/v2hold_vh048__repeat00_h/output/at0260-aq010|ENST00000586526.1|ENSG00000257127.6|CLLU1|GENCODE v49|GRCh38|application_query-target-TFOsorted	758e40e0a4aedea16424d816bee51483dda0514d8a9990b3f230b3da11f93cfa	758e40e0a4aedea16424d816bee51483dda0514d8a9990b3f230b3da11f93cfa	.paper-artifacts/bioinformatics-canonical-hybrid-v2/fresh-holdout/v2hold_vh048__repeat00_a/inputs/query.fa	.paper-artifacts/bioinformatics-canonical-hybrid-v2/fresh-holdout/v2hold_vh048__repeat00_h/inputs/query.fa	.paper-artifacts/bioinformatics-canonical-hybrid-v2/fresh-holdout/v2hold_vh048__repeat00_a/inputs/target.fa	.paper-artifacts/bioinformatics-canonical-hybrid-v2/fresh-holdout/v2hold_vh048__repeat00_h/inputs/target.fa	0:2422	0:2501	0	canonical_hybrid_v2_application_query_v1	10	2d07dac2e1f026644270254400984267aed9aa25a74cc90d2cedfbc7a0eb839c	canonical_hybrid_v2_application_target_v1	260	e4dd2ecb30026c7cccf72b245c30cec49ebfb006b5a3f2b7ce447b34dacd80e1	GRCh38	application_target_fasta_0_based_half_open	historical_application_query_fasta_v1	historical_application_target_fasta_v1	110752c4078bc2b300ad4e92e2495ea868c365486e540da7002fc3e19a18241a	4d534e039012a0807664731db999c6e4df689469b717e6c3d66754f005fb9801	4160414199ab27851feffd95cba9d1e9be94dd07bce53870a7a6354d705871b2	dbb3d61c8371bc6478e45d639cd4bcf8f600626466e4d46531217254a2785576
canonical_hybrid_v2_regression:hq01_ht01__repeat00	canonical_hybrid_v2_regression_36	historical_regression_only	hq01_ht01	0	.paper-artifacts/bioinformatics-canonical-hybrid-v2/regression/v2reg_hq01_ht01__repeat00/inputs/authority-reference.tfosorted	.paper-artifacts/bioinformatics-canonical-hybrid-v2/regression/v2reg_hq01_ht01__repeat00/output/GRCh38-ENST00000615076.1|ENSG00000276454.1|ENSG00000276454|GENCODE v49|GRCh38-target-TFOsorted	cd5c7362cfeaefc37a2e744238acabca4e6fc78e07086caf765b7b68cec86bce	cd5c7362cfeaefc37a2e744238acabca4e6fc78e07086caf765b7b68cec86bce	.paper-artifacts/bioinformatics-canonical-hybrid-v2/regression/v2reg_hq01_ht01__repeat00/inputs/query.fa	.paper-artifacts/bioinformatics-canonical-hybrid-v2/regression/v2reg_hq01_ht01__repeat00/inputs/query.fa	.paper-artifacts/bioinformatics-canonical-hybrid-v2/regression/v2reg_hq01_ht01__repeat00/inputs/target.fa	.paper-artifacts/bioinformatics-canonical-hybrid-v2/regression/v2reg_hq01_ht01__repeat00/inputs/target.fa	0:444	0:2501	18902298	bioinformatics_phase2_holdout_query_v1	hq01	e6f49cc6e21c70f84017c331f2b1096a79befef92e2f90948ab60f8409e5b3fa	bioinformatics_phase2_holdout_target_v1	ht01	7b789e19134114e831f6afb8f7ce4a3502fd3158fe723ab26a22c948538c67c0	GRCh38	GRCh38_0_based_half_open	historical_phase2_holdout_query_v1	historical_phase2_holdout_target_v1	110752c4078bc2b300ad4e92e2495ea868c365486e540da7002fc3e19a18241a	ba36c9caa5c2fa51d22c6d946fc24a09ab21d1214979e304dca259010cec3d2a	fa19e044e107cb2f59fb6f4762b1a0b4312d59e1903be531b6163bffd13de6c1	9a31936c562e60a690da80f15a5d71f4f7581e4a08b53001f158df61fe8ec92e
canonical_hybrid_v2_regression:hq01_ht01__repeat01	canonical_hybrid_v2_regression_36	historical_regression_only	hq01_ht01	1	.paper-artifacts/bioinformatics-canonical-hybrid-v2/regression/v2reg_hq01_ht01__repeat01/inputs/authority-reference.tfosorted	.paper-artifacts/bioinformatics-canonical-hybrid-v2/regression/v2reg_hq01_ht01__repeat01/output/GRCh38-ENST00000615076.1|ENSG00000276454.1|ENSG00000276454|GENCODE v49|GRCh38-target-TFOsorted	cd5c7362cfeaefc37a2e744238acabca4e6fc78e07086caf765b7b68cec86bce	cd5c7362cfeaefc37a2e744238acabca4e6fc78e07086caf765b7b68cec86bce	.paper-artifacts/bioinformatics-canonical-hybrid-v2/regression/v2reg_hq01_ht01__repeat01/inputs/query.fa	.paper-artifacts/bioinformatics-canonical-hybrid-v2/regression/v2reg_hq01_ht01__repeat01/inputs/query.fa	.paper-artifacts/bioinformatics-canonical-hybrid-v2/regression/v2reg_hq01_ht01__repeat01/inputs/target.fa	.paper-artifacts/bioinformatics-canonical-hybrid-v2/regression/v2reg_hq01_ht01__repeat01/inputs/target.fa	0:444	0:2501	18902298	bioinformatics_phase2_holdout_query_v1	hq01	e6f49cc6e21c70f84017c331f2b1096a79befef92e2f90948ab60f8409e5b3fa	bioinformatics_phase2_holdout_target_v1	ht01	7b789e19134114e831f6afb8f7ce4a3502fd3158fe723ab26a22c948538c67c0	GRCh38	GRCh38_0_based_half_open	historical_phase2_holdout_query_v1	historical_phase2_holdout_target_v1	110752c4078bc2b300ad4e92e2495ea868c365486e540da7002fc3e19a18241a	ba36c9caa5c2fa51d22c6d946fc24a09ab21d1214979e304dca259010cec3d2a	27a2562e4503cd7f248655dcee61bd06c13cf3f5a043dd36534069d80895934b	1cf198cc3a4930f77308347129231c61d25013ceb4e3fb09ac644e93266e444d
canonical_hybrid_v2_regression:hq01_ht01__repeat02	canonical_hybrid_v2_regression_36	historical_regression_only	hq01_ht01	2	.paper-artifacts/bioinformatics-canonical-hybrid-v2/regression/v2reg_hq01_ht01__repeat02/inputs/authority-reference.tfosorted	.paper-artifacts/bioinformatics-canonical-hybrid-v2/regression/v2reg_hq01_ht01__repeat02/output/GRCh38-ENST00000615076.1|ENSG00000276454.1|ENSG00000276454|GENCODE v49|GRCh38-target-TFOsorted	cd5c7362cfeaefc37a2e744238acabca4e6fc78e07086caf765b7b68cec86bce	cd5c7362cfeaefc37a2e744238acabca4e6fc78e07086caf765b7b68cec86bce	.paper-artifacts/bioinformatics-canonical-hybrid-v2/regression/v2reg_hq01_ht01__repeat02/inputs/query.fa	.paper-artifacts/bioinformatics-canonical-hybrid-v2/regression/v2reg_hq01_ht01__repeat02/inputs/query.fa	.paper-artifacts/bioinformatics-canonical-hybrid-v2/regression/v2reg_hq01_ht01__repeat02/inputs/target.fa	.paper-artifacts/bioinformatics-canonical-hybrid-v2/regression/v2reg_hq01_ht01__repeat02/inputs/target.fa	0:444	0:2501	18902298	bioinformatics_phase2_holdout_query_v1	hq01	e6f49cc6e21c70f84017c331f2b1096a79befef92e2f90948ab60f8409e5b3fa	bioinformatics_phase2_holdout_target_v1	ht01	7b789e19134114e831f6afb8f7ce4a3502fd3158fe723ab26a22c948538c67c0	GRCh38	GRCh38_0_based_half_open	historical_phase2_holdout_query_v1	historical_phase2_holdout_target_v1	110752c4078bc2b300ad4e92e2495ea868c365486e540da7002fc3e19a18241a	ba36c9caa5c2fa51d22c6d946fc24a09ab21d1214979e304dca259010cec3d2a	c6a4270389de7acb6fc7149075d180f82c40b0638dd9f4751821f0e7bef2eb4f	8514ab17584b63db39e1b268a292e58ee977e7cd7da59f16fade13f86e355656
canonical_hybrid_v2_regression:hq01_ht02__repeat00	canonical_hybrid_v2_regression_36	historical_regression_only	hq01_ht02	0	.paper-artifacts/bioinformatics-canonical-hybrid-v2/regression/v2reg_hq01_ht02__repeat00/inputs/authority-reference.tfosorted	.paper-artifacts/bioinformatics-canonical-hybrid-v2/regression/v2reg_hq01_ht02__repeat00/output/GRCh38-ENST00000615076.1|ENSG00000276454.1|ENSG00000276454|GENCODE v49|GRCh38-target-TFOsorted	89fade6245de4ab6d75665e968b09d7aed26ef4bf076b49196c77c915b4cd393	89fade6245de4ab6d75665e968b09d7aed26ef4bf076b49196c77c915b4cd393	.paper-artifacts/bioinformatics-canonical-hybrid-v2/regression/v2reg_hq01_ht02__repeat00/inputs/query.fa	.paper-artifacts/bioinformatics-canonical-hybrid-v2/regression/v2reg_hq01_ht02__repeat00/inputs/query.fa	.paper-artifacts/bioinformatics-canonical-hybrid-v2/regression/v2reg_hq01_ht02__repeat00/inputs/target.fa	.paper-artifacts/bioinformatics-canonical-hybrid-v2/regression/v2reg_hq01_ht02__repeat00/inputs/target.fa	0:444	0:2501	35159828	bioinformatics_phase2_holdout_query_v1	hq01	e6f49cc6e21c70f84017c331f2b1096a79befef92e2f90948ab60f8409e5b3fa	bioinformatics_phase2_holdout_target_v1	ht02	dd5cf8216eb638d071cd03bd9adc122c15ee07ea696b87724b240022829e4fd9	GRCh38	GRCh38_0_based_half_open	historical_phase2_holdout_query_v1	historical_phase2_holdout_target_v1	110752c4078bc2b300ad4e92e2495ea868c365486e540da7002fc3e19a18241a	f43895bd153527e784296b5b3ba600bdf16392b0840065b175d5d4a11360fc6f	6e225dfec442dfd991850bc65534e7f8c4f68498b72d30ea6969f059d1b3ef63	3de0adbeac32f9f77545e3dfbb36459cc28217bc49039b5d3f42551c5ed1577a
canonical_hybrid_v2_regression:hq01_ht02__repeat01	canonical_hybrid_v2_regression_36	historical_regression_only	hq01_ht02	1	.paper-artifacts/bioinformatics-canonical-hybrid-v2/regression/v2reg_hq01_ht02__repeat01/inputs/authority-reference.tfosorted	.paper-artifacts/bioinformatics-canonical-hybrid-v2/regression/v2reg_hq01_ht02__repeat01/output/GRCh38-ENST00000615076.1|ENSG00000276454.1|ENSG00000276454|GENCODE v49|GRCh38-target-TFOsorted	89fade6245de4ab6d75665e968b09d7aed26ef4bf076b49196c77c915b4cd393	89fade6245de4ab6d75665e968b09d7aed26ef4bf076b49196c77c915b4cd393	.paper-artifacts/bioinformatics-canonical-hybrid-v2/regression/v2reg_hq01_ht02__repeat01/inputs/query.fa	.paper-artifacts/bioinformatics-canonical-hybrid-v2/regression/v2reg_hq01_ht02__repeat01/inputs/query.fa	.paper-artifacts/bioinformatics-canonical-hybrid-v2/regression/v2reg_hq01_ht02__repeat01/inputs/target.fa	.paper-artifacts/bioinformatics-canonical-hybrid-v2/regression/v2reg_hq01_ht02__repeat01/inputs/target.fa	0:444	0:2501	35159828	bioinformatics_phase2_holdout_query_v1	hq01	e6f49cc6e21c70f84017c331f2b1096a79befef92e2f90948ab60f8409e5b3fa	bioinformatics_phase2_holdout_target_v1	ht02	dd5cf8216eb638d071cd03bd9adc122c15ee07ea696b87724b240022829e4fd9	GRCh38	GRCh38_0_based_half_open	historical_phase2_holdout_query_v1	historical_phase2_holdout_target_v1	110752c4078bc2b300ad4e92e2495ea868c365486e540da7002fc3e19a18241a	f43895bd153527e784296b5b3ba600bdf16392b0840065b175d5d4a11360fc6f	552ed047e3ae45c3fe9ed774fcc7d22c73c15a4342a9d1bec7779efc14cf4633	b716c24c78088367f6c8a40a4655d3f3581ce0fa740a9dee46ba40f655c2df9c
canonical_hybrid_v2_regression:hq01_ht02__repeat02	canonical_hybrid_v2_regression_36	historical_regression_only	hq01_ht02	2	.paper-artifacts/bioinformatics-canonical-hybrid-v2/regression/v2reg_hq01_ht02__repeat02/inputs/authority-reference.tfosorted	.paper-artifacts/bioinformatics-canonical-hybrid-v2/regression/v2reg_hq01_ht02__repeat02/output/GRCh38-ENST00000615076.1|ENSG00000276454.1|ENSG00000276454|GENCODE v49|GRCh38-target-TFOsorted	89fade6245de4ab6d75665e968b09d7aed26ef4bf076b49196c77c915b4cd393	89fade6245de4ab6d75665e968b09d7aed26ef4bf076b49196c77c915b4cd393	.paper-artifacts/bioinformatics-canonical-hybrid-v2/regression/v2reg_hq01_ht02__repeat02/inputs/query.fa	.paper-artifacts/bioinformatics-canonical-hybrid-v2/regression/v2reg_hq01_ht02__repeat02/inputs/query.fa	.paper-artifacts/bioinformatics-canonical-hybrid-v2/regression/v2reg_hq01_ht02__repeat02/inputs/target.fa	.paper-artifacts/bioinformatics-canonical-hybrid-v2/regression/v2reg_hq01_ht02__repeat02/inputs/target.fa	0:444	0:2501	35159828	bioinformatics_phase2_holdout_query_v1	hq01	e6f49cc6e21c70f84017c331f2b1096a79befef92e2f90948ab60f8409e5b3fa	bioinformatics_phase2_holdout_target_v1	ht02	dd5cf8216eb638d071cd03bd9adc122c15ee07ea696b87724b240022829e4fd9	GRCh38	GRCh38_0_based_half_open	historical_phase2_holdout_query_v1	historical_phase2_holdout_target_v1	110752c4078bc2b300ad4e92e2495ea868c365486e540da7002fc3e19a18241a	f43895bd153527e784296b5b3ba600bdf16392b0840065b175d5d4a11360fc6f	031a432debb569a56047e7dc4d972ca637d51f5d16cea3821f793226e5254648	305f277ac79f3cb77a2afe70309a968fe982cc24ac4768ada910dbc64b6dab40
canonical_hybrid_v2_regression:hq02_ht01__repeat00	canonical_hybrid_v2_regression_36	historical_regression_only	hq02_ht01	0	.paper-artifacts/bioinformatics-canonical-hybrid-v2/regression/v2reg_hq02_ht01__repeat00/inputs/authority-reference.tfosorted	.paper-artifacts/bioinformatics-canonical-hybrid-v2/regression/v2reg_hq02_ht01__repeat00/output/GRCh38-ENST00000420204.1|ENSG00000235494.3|ENSG00000235494|GENCODE v49|GRCh38-target-TFOsorted	f62a26e10a6f70faa3200db206b9dd4772bf58fc4187e03d2c1a0bfd56a1e5c9	f62a26e10a6f70faa3200db206b9dd4772bf58fc4187e03d2c1a0bfd56a1e5c9	.paper-artifacts/bioinformatics-canonical-hybrid-v2/regression/v2reg_hq02_ht01__repeat00/inputs/query.fa	.paper-artifacts/bioinformatics-canonical-hybrid-v2/regression/v2reg_hq02_ht01__repeat00/inputs/query.fa	.paper-artifacts/bioinformatics-canonical-hybrid-v2/regression/v2reg_hq02_ht01__repeat00/inputs/target.fa	.paper-artifacts/bioinformatics-canonical-hybrid-v2/regression/v2reg_hq02_ht01__repeat00/inputs/target.fa	0:281	0:2501	18902298	bioinformatics_phase2_holdout_query_v1	hq02	3833a3d93d592572ba6dc1c9971182e23d0ddbd87920804db58b1fdff340903c	bioinformatics_phase2_holdout_target_v1	ht01	7b789e19134114e831f6afb8f7ce4a3502fd3158fe723ab26a22c948538c67c0	GRCh38	GRCh38_0_based_half_open	historical_phase2_holdout_query_v1	historical_phase2_holdout_target_v1	110752c4078bc2b300ad4e92e2495ea868c365486e540da7002fc3e19a18241a	1df24c5fbcbe6d8274f8d3222e24a3350318a6e45d29d937af1dbfa03196d420	da57bfdd1a7b841c5f89fea6bb1534ae7785368066a7b5554d2d7981becdae2e	95a10b26312522a23def9fe9fec02ec6fe4ba79ae078b887956e924d46cf9506
canonical_hybrid_v2_regression:hq02_ht02__repeat00	canonical_hybrid_v2_regression_36	historical_regression_only	hq02_ht02	0	.paper-artifacts/bioinformatics-canonical-hybrid-v2/regression/v2reg_hq02_ht02__repeat00/inputs/authority-reference.tfosorted	.paper-artifacts/bioinformatics-canonical-hybrid-v2/regression/v2reg_hq02_ht02__repeat00/output/GRCh38-ENST00000420204.1|ENSG00000235494.3|ENSG00000235494|GENCODE v49|GRCh38-target-TFOsorted	d659e968a606ed377716dcdba519de486b8914178d7531786dcc936ec5cc8a26	d659e968a606ed377716dcdba519de486b8914178d7531786dcc936ec5cc8a26	.paper-artifacts/bioinformatics-canonical-hybrid-v2/regression/v2reg_hq02_ht02__repeat00/inputs/query.fa	.paper-artifacts/bioinformatics-canonical-hybrid-v2/regression/v2reg_hq02_ht02__repeat00/inputs/query.fa	.paper-artifacts/bioinformatics-canonical-hybrid-v2/regression/v2reg_hq02_ht02__repeat00/inputs/target.fa	.paper-artifacts/bioinformatics-canonical-hybrid-v2/regression/v2reg_hq02_ht02__repeat00/inputs/target.fa	0:281	0:2501	35159828	bioinformatics_phase2_holdout_query_v1	hq02	3833a3d93d592572ba6dc1c9971182e23d0ddbd87920804db58b1fdff340903c	bioinformatics_phase2_holdout_target_v1	ht02	dd5cf8216eb638d071cd03bd9adc122c15ee07ea696b87724b240022829e4fd9	GRCh38	GRCh38_0_based_half_open	historical_phase2_holdout_query_v1	historical_phase2_holdout_target_v1	110752c4078bc2b300ad4e92e2495ea868c365486e540da7002fc3e19a18241a	dedfb261b482eb5d5d936c76c7d1dccfed20b2f2743693e5ca9cdeb80a3da0bc	c9ad0ed1b0ca309efdfa1a86f6fd501d3a02007e49c90414335aca3a4887a186	c0116bbc6420f7d0cbb935fed041d887571ac2cc99a20e84025a5b8d65f27722
canonical_hybrid_v2_regression:hq03_ht01__repeat00	canonical_hybrid_v2_regression_36	historical_regression_only	hq03_ht01	0	.paper-artifacts/bioinformatics-canonical-hybrid-v2/regression/v2reg_hq03_ht01__repeat00/inputs/authority-reference.tfosorted	.paper-artifacts/bioinformatics-canonical-hybrid-v2/regression/v2reg_hq03_ht01__repeat00/output/GRCh38-ENST00000457477.2|ENSG00000224359.2|ENSG00000224359|GENCODE v49|GRCh38-target-TFOsorted	e19b3f067d38cfacb547748f92ba4bc4345dd68129d46997b7da381b1d0f7ab5	e19b3f067d38cfacb547748f92ba4bc4345dd68129d46997b7da381b1d0f7ab5	.paper-artifacts/bioinformatics-canonical-hybrid-v2/regression/v2reg_hq03_ht01__repeat00/inputs/query.fa	.paper-artifacts/bioinformatics-canonical-hybrid-v2/regression/v2reg_hq03_ht01__repeat00/inputs/query.fa	.paper-artifacts/bioinformatics-canonical-hybrid-v2/regression/v2reg_hq03_ht01__repeat00/inputs/target.fa	.paper-artifacts/bioinformatics-canonical-hybrid-v2/regression/v2reg_hq03_ht01__repeat00/inputs/target.fa	0:357	0:2501	18902298	bioinformatics_phase2_holdout_query_v1	hq03	d31c99fa1234e35c4d945a36b9afe96c9826f774ed6dad3c1aa44ece47d69c8a	bioinformatics_phase2_holdout_target_v1	ht01	7b789e19134114e831f6afb8f7ce4a3502fd3158fe723ab26a22c948538c67c0	GRCh38	GRCh38_0_based_half_open	historical_phase2_holdout_query_v1	historical_phase2_holdout_target_v1	110752c4078bc2b300ad4e92e2495ea868c365486e540da7002fc3e19a18241a	13d4fae1fafcfd141129b0cb13f3c6f41db7ab59763a0b9ef9c90ad6601951a6	b893c557bacc6bd0ddc37946ab7828d7d3f596aca09fcc631cc4c969a726fc19	d7a41b5b4bde86d1e8a528a7dafc15903acfaf0cd65dd6eea9d98d99f7100b0b
canonical_hybrid_v2_regression:hq03_ht02__repeat00	canonical_hybrid_v2_regression_36	historical_regression_only	hq03_ht02	0	.paper-artifacts/bioinformatics-canonical-hybrid-v2/regression/v2reg_hq03_ht02__repeat00/inputs/authority-reference.tfosorted	.paper-artifacts/bioinformatics-canonical-hybrid-v2/regression/v2reg_hq03_ht02__repeat00/output/GRCh38-ENST00000457477.2|ENSG00000224359.2|ENSG00000224359|GENCODE v49|GRCh38-target-TFOsorted	489b523b59313e23fbef6b3f4c54b548db469a4db10764320fae99aa75619076	489b523b59313e23fbef6b3f4c54b548db469a4db10764320fae99aa75619076	.paper-artifacts/bioinformatics-canonical-hybrid-v2/regression/v2reg_hq03_ht02__repeat00/inputs/query.fa	.paper-artifacts/bioinformatics-canonical-hybrid-v2/regression/v2reg_hq03_ht02__repeat00/inputs/query.fa	.paper-artifacts/bioinformatics-canonical-hybrid-v2/regression/v2reg_hq03_ht02__repeat00/inputs/target.fa	.paper-artifacts/bioinformatics-canonical-hybrid-v2/regression/v2reg_hq03_ht02__repeat00/inputs/target.fa	0:357	0:2501	35159828	bioinformatics_phase2_holdout_query_v1	hq03	d31c99fa1234e35c4d945a36b9afe96c9826f774ed6dad3c1aa44ece47d69c8a	bioinformatics_phase2_holdout_target_v1	ht02	dd5cf8216eb638d071cd03bd9adc122c15ee07ea696b87724b240022829e4fd9	GRCh38	GRCh38_0_based_half_open	historical_phase2_holdout_query_v1	historical_phase2_holdout_target_v1	110752c4078bc2b300ad4e92e2495ea868c365486e540da7002fc3e19a18241a	451257ced54000dec86c91548fdd4e19612b60ad46a1fd6b99d653d43f18184e	869a3652cf705125b2d7a13659628f83a6c3f39598333978f455781fece197ba	85ae86b3e4be7c4f84e1bafdc17340a799dc1d0316d5dd5892ecf1b45fd04f34
canonical_hybrid_v2_regression:hq04_ht01__repeat00	canonical_hybrid_v2_regression_36	historical_regression_only	hq04_ht01	0	.paper-artifacts/bioinformatics-canonical-hybrid-v2/regression/v2reg_hq04_ht01__repeat00/inputs/authority-reference.tfosorted	.paper-artifacts/bioinformatics-canonical-hybrid-v2/regression/v2reg_hq04_ht01__repeat00/output/GRCh38-ENST00000743921.1|ENSG00000296969.1|ENSG00000296969|GENCODE v49|GRCh38-target-TFOsorted	607f3bb5765285abc3f204c8453510bc13d345380193846d01b2477d37493778	607f3bb5765285abc3f204c8453510bc13d345380193846d01b2477d37493778	.paper-artifacts/bioinformatics-canonical-hybrid-v2/regression/v2reg_hq04_ht01__repeat00/inputs/query.fa	.paper-artifacts/bioinformatics-canonical-hybrid-v2/regression/v2reg_hq04_ht01__repeat00/inputs/query.fa	.paper-artifacts/bioinformatics-canonical-hybrid-v2/regression/v2reg_hq04_ht01__repeat00/inputs/target.fa	.paper-artifacts/bioinformatics-canonical-hybrid-v2/regression/v2reg_hq04_ht01__repeat00/inputs/target.fa	0:495	0:2501	18902298	bioinformatics_phase2_holdout_query_v1	hq04	37c8ac7388c1884d7329e6f1fb9eace2240da2c41d9d4c5087117b0ad4023931	bioinformatics_phase2_holdout_target_v1	ht01	7b789e19134114e831f6afb8f7ce4a3502fd3158fe723ab26a22c948538c67c0	GRCh38	GRCh38_0_based_half_open	historical_phase2_holdout_query_v1	historical_phase2_holdout_target_v1	110752c4078bc2b300ad4e92e2495ea868c365486e540da7002fc3e19a18241a	48059889f9b38a9c7ab5b87199ac3868a7e0931884180ad0dac7d9ecaf55d7fe	04a5d2bed49892ca0455bbf1582c9ee1d5413e54246dfce92737472b0f70b0c6	3008e7f4c17c017ec5ba82e3bb290be442ea2a083737fd9400d0f82c372ba51b
canonical_hybrid_v2_regression:hq04_ht02__repeat00	canonical_hybrid_v2_regression_36	historical_regression_only	hq04_ht02	0	.paper-artifacts/bioinformatics-canonical-hybrid-v2/regression/v2reg_hq04_ht02__repeat00/inputs/authority-reference.tfosorted	.paper-artifacts/bioinformatics-canonical-hybrid-v2/regression/v2reg_hq04_ht02__repeat00/output/GRCh38-ENST00000743921.1|ENSG00000296969.1|ENSG00000296969|GENCODE v49|GRCh38-target-TFOsorted	cccd68550de33b8d91b129be53354d7a0f1b462e37cfa601a419ef3fa46628f8	b20d1d2fef8ababbad24feb7adea80610184d54cee7af2bc54c6281c56dd8357	.paper-artifacts/bioinformatics-canonical-hybrid-v2/regression/v2reg_hq04_ht02__repeat00/inputs/query.fa	.paper-artifacts/bioinformatics-canonical-hybrid-v2/regression/v2reg_hq04_ht02__repeat00/inputs/query.fa	.paper-artifacts/bioinformatics-canonical-hybrid-v2/regression/v2reg_hq04_ht02__repeat00/inputs/target.fa	.paper-artifacts/bioinformatics-canonical-hybrid-v2/regression/v2reg_hq04_ht02__repeat00/inputs/target.fa	0:495	0:2501	35159828	bioinformatics_phase2_holdout_query_v1	hq04	37c8ac7388c1884d7329e6f1fb9eace2240da2c41d9d4c5087117b0ad4023931	bioinformatics_phase2_holdout_target_v1	ht02	dd5cf8216eb638d071cd03bd9adc122c15ee07ea696b87724b240022829e4fd9	GRCh38	GRCh38_0_based_half_open	historical_phase2_holdout_query_v1	historical_phase2_holdout_target_v1	110752c4078bc2b300ad4e92e2495ea868c365486e540da7002fc3e19a18241a	4a7e26e9ef4dd7eac4c15f7776cc2f50516726a2df51f2b3d0d41b80965658d6	f1a877e1bc040ec3259cd13f6efbcacbe5b3c34f75113a62735385dca995611f	63b62e346e9af10bb6c5f6397b0733d3db9dca5e5d2dbc7b8db03089be90166a
canonical_hybrid_v2_regression:hq05_ht01__repeat00	canonical_hybrid_v2_regression_36	historical_regression_only	hq05_ht01	0	.paper-artifacts/bioinformatics-canonical-hybrid-v2/regression/v2reg_hq05_ht01__repeat00/inputs/authority-reference.tfosorted	.paper-artifacts/bioinformatics-canonical-hybrid-v2/regression/v2reg_hq05_ht01__repeat00/output/GRCh38-ENST00000442179.1|ENSG00000236772.1|ENSG00000236772|GENCODE v49|GRCh38-target-TFOsorted	3aebfe272be9c704fcfb5ce8766c3ba092dd8b23086140e92055b53d46159d03	3aebfe272be9c704fcfb5ce8766c3ba092dd8b23086140e92055b53d46159d03	.paper-artifacts/bioinformatics-canonical-hybrid-v2/regression/v2reg_hq05_ht01__repeat00/inputs/query.fa	.paper-artifacts/bioinformatics-canonical-hybrid-v2/regression/v2reg_hq05_ht01__repeat00/inputs/query.fa	.paper-artifacts/bioinformatics-canonical-hybrid-v2/regression/v2reg_hq05_ht01__repeat00/inputs/target.fa	.paper-artifacts/bioinformatics-canonical-hybrid-v2/regression/v2reg_hq05_ht01__repeat00/inputs/target.fa	0:986	0:2501	18902298	bioinformatics_phase2_holdout_query_v1	hq05	7bdb574d585d18e2f4bf5613a4c0ea9f23508841ff20898cb4366e4b4fa4681b	bioinformatics_phase2_holdout_target_v1	ht01	7b789e19134114e831f6afb8f7ce4a3502fd3158fe723ab26a22c948538c67c0	GRCh38	GRCh38_0_based_half_open	historical_phase2_holdout_query_v1	historical_phase2_holdout_target_v1	110752c4078bc2b300ad4e92e2495ea868c365486e540da7002fc3e19a18241a	adb8428eaa5c48310f78d8b3e5f7027ecf70f8d5619fb0c7dbc93b62fe6c207d	2c00bbd95854c944aea09501a31b64cda9a713c362a04d4282dc6f0d0b319e3b	0245429710392a441f6a56fbc04b68c4de1df7eede82c6a8fcefbbb04e243a3d
canonical_hybrid_v2_regression:hq05_ht01__repeat01	canonical_hybrid_v2_regression_36	historical_regression_only	hq05_ht01	1	.paper-artifacts/bioinformatics-canonical-hybrid-v2/regression/v2reg_hq05_ht01__repeat01/inputs/authority-reference.tfosorted	.paper-artifacts/bioinformatics-canonical-hybrid-v2/regression/v2reg_hq05_ht01__repeat01/output/GRCh38-ENST00000442179.1|ENSG00000236772.1|ENSG00000236772|GENCODE v49|GRCh38-target-TFOsorted	3aebfe272be9c704fcfb5ce8766c3ba092dd8b23086140e92055b53d46159d03	3aebfe272be9c704fcfb5ce8766c3ba092dd8b23086140e92055b53d46159d03	.paper-artifacts/bioinformatics-canonical-hybrid-v2/regression/v2reg_hq05_ht01__repeat01/inputs/query.fa	.paper-artifacts/bioinformatics-canonical-hybrid-v2/regression/v2reg_hq05_ht01__repeat01/inputs/query.fa	.paper-artifacts/bioinformatics-canonical-hybrid-v2/regression/v2reg_hq05_ht01__repeat01/inputs/target.fa	.paper-artifacts/bioinformatics-canonical-hybrid-v2/regression/v2reg_hq05_ht01__repeat01/inputs/target.fa	0:986	0:2501	18902298	bioinformatics_phase2_holdout_query_v1	hq05	7bdb574d585d18e2f4bf5613a4c0ea9f23508841ff20898cb4366e4b4fa4681b	bioinformatics_phase2_holdout_target_v1	ht01	7b789e19134114e831f6afb8f7ce4a3502fd3158fe723ab26a22c948538c67c0	GRCh38	GRCh38_0_based_half_open	historical_phase2_holdout_query_v1	historical_phase2_holdout_target_v1	110752c4078bc2b300ad4e92e2495ea868c365486e540da7002fc3e19a18241a	adb8428eaa5c48310f78d8b3e5f7027ecf70f8d5619fb0c7dbc93b62fe6c207d	f035cbf1172abe332706d2d69719e483d68cd5b3587cf6bdb9bada53a7bfa5a1	28ed35d926d3d77f9dfb5067847dff058ee55f0a258d7f22f6224f2b25323560
canonical_hybrid_v2_regression:hq05_ht01__repeat02	canonical_hybrid_v2_regression_36	historical_regression_only	hq05_ht01	2	.paper-artifacts/bioinformatics-canonical-hybrid-v2/regression/v2reg_hq05_ht01__repeat02/inputs/authority-reference.tfosorted	.paper-artifacts/bioinformatics-canonical-hybrid-v2/regression/v2reg_hq05_ht01__repeat02/output/GRCh38-ENST00000442179.1|ENSG00000236772.1|ENSG00000236772|GENCODE v49|GRCh38-target-TFOsorted	3aebfe272be9c704fcfb5ce8766c3ba092dd8b23086140e92055b53d46159d03	3aebfe272be9c704fcfb5ce8766c3ba092dd8b23086140e92055b53d46159d03	.paper-artifacts/bioinformatics-canonical-hybrid-v2/regression/v2reg_hq05_ht01__repeat02/inputs/query.fa	.paper-artifacts/bioinformatics-canonical-hybrid-v2/regression/v2reg_hq05_ht01__repeat02/inputs/query.fa	.paper-artifacts/bioinformatics-canonical-hybrid-v2/regression/v2reg_hq05_ht01__repeat02/inputs/target.fa	.paper-artifacts/bioinformatics-canonical-hybrid-v2/regression/v2reg_hq05_ht01__repeat02/inputs/target.fa	0:986	0:2501	18902298	bioinformatics_phase2_holdout_query_v1	hq05	7bdb574d585d18e2f4bf5613a4c0ea9f23508841ff20898cb4366e4b4fa4681b	bioinformatics_phase2_holdout_target_v1	ht01	7b789e19134114e831f6afb8f7ce4a3502fd3158fe723ab26a22c948538c67c0	GRCh38	GRCh38_0_based_half_open	historical_phase2_holdout_query_v1	historical_phase2_holdout_target_v1	110752c4078bc2b300ad4e92e2495ea868c365486e540da7002fc3e19a18241a	adb8428eaa5c48310f78d8b3e5f7027ecf70f8d5619fb0c7dbc93b62fe6c207d	3290629fe47b26dc807e7e678e3a5db8978b6b996112d16ae158d2ba8453d3ec	e32cc928169efdc522c9341ce6c888630966de117767f613e5f83771e1b7423a
canonical_hybrid_v2_regression:hq05_ht02__repeat00	canonical_hybrid_v2_regression_36	historical_regression_only	hq05_ht02	0	.paper-artifacts/bioinformatics-canonical-hybrid-v2/regression/v2reg_hq05_ht02__repeat00/inputs/authority-reference.tfosorted	.paper-artifacts/bioinformatics-canonical-hybrid-v2/regression/v2reg_hq05_ht02__repeat00/output/GRCh38-ENST00000442179.1|ENSG00000236772.1|ENSG00000236772|GENCODE v49|GRCh38-target-TFOsorted	d6832fbac16f99c1258e0d863148ff155cb373f1ebbd82b1db6c735887d7cbb7	d6832fbac16f99c1258e0d863148ff155cb373f1ebbd82b1db6c735887d7cbb7	.paper-artifacts/bioinformatics-canonical-hybrid-v2/regression/v2reg_hq05_ht02__repeat00/inputs/query.fa	.paper-artifacts/bioinformatics-canonical-hybrid-v2/regression/v2reg_hq05_ht02__repeat00/inputs/query.fa	.paper-artifacts/bioinformatics-canonical-hybrid-v2/regression/v2reg_hq05_ht02__repeat00/inputs/target.fa	.paper-artifacts/bioinformatics-canonical-hybrid-v2/regression/v2reg_hq05_ht02__repeat00/inputs/target.fa	0:986	0:2501	35159828	bioinformatics_phase2_holdout_query_v1	hq05	7bdb574d585d18e2f4bf5613a4c0ea9f23508841ff20898cb4366e4b4fa4681b	bioinformatics_phase2_holdout_target_v1	ht02	dd5cf8216eb638d071cd03bd9adc122c15ee07ea696b87724b240022829e4fd9	GRCh38	GRCh38_0_based_half_open	historical_phase2_holdout_query_v1	historical_phase2_holdout_target_v1	110752c4078bc2b300ad4e92e2495ea868c365486e540da7002fc3e19a18241a	98c3e2d06f3093a8d2fabb716e166cc9ac877dbfbd3a01781757bb9e8bf23024	65d7bb2a2cd6f4171e850d5602e5725c64d23483fcf9ecb5091c6359fbb0652b	b22707d2d9f3883644e920df74ae299aab8110f35d1f600631f79c88f4a5045e
canonical_hybrid_v2_regression:hq05_ht02__repeat01	canonical_hybrid_v2_regression_36	historical_regression_only	hq05_ht02	1	.paper-artifacts/bioinformatics-canonical-hybrid-v2/regression/v2reg_hq05_ht02__repeat01/inputs/authority-reference.tfosorted	.paper-artifacts/bioinformatics-canonical-hybrid-v2/regression/v2reg_hq05_ht02__repeat01/output/GRCh38-ENST00000442179.1|ENSG00000236772.1|ENSG00000236772|GENCODE v49|GRCh38-target-TFOsorted	d6832fbac16f99c1258e0d863148ff155cb373f1ebbd82b1db6c735887d7cbb7	d6832fbac16f99c1258e0d863148ff155cb373f1ebbd82b1db6c735887d7cbb7	.paper-artifacts/bioinformatics-canonical-hybrid-v2/regression/v2reg_hq05_ht02__repeat01/inputs/query.fa	.paper-artifacts/bioinformatics-canonical-hybrid-v2/regression/v2reg_hq05_ht02__repeat01/inputs/query.fa	.paper-artifacts/bioinformatics-canonical-hybrid-v2/regression/v2reg_hq05_ht02__repeat01/inputs/target.fa	.paper-artifacts/bioinformatics-canonical-hybrid-v2/regression/v2reg_hq05_ht02__repeat01/inputs/target.fa	0:986	0:2501	35159828	bioinformatics_phase2_holdout_query_v1	hq05	7bdb574d585d18e2f4bf5613a4c0ea9f23508841ff20898cb4366e4b4fa4681b	bioinformatics_phase2_holdout_target_v1	ht02	dd5cf8216eb638d071cd03bd9adc122c15ee07ea696b87724b240022829e4fd9	GRCh38	GRCh38_0_based_half_open	historical_phase2_holdout_query_v1	historical_phase2_holdout_target_v1	110752c4078bc2b300ad4e92e2495ea868c365486e540da7002fc3e19a18241a	98c3e2d06f3093a8d2fabb716e166cc9ac877dbfbd3a01781757bb9e8bf23024	c6de2de69339504d9ccb4af5a6fc09548de7e968608f38a15c85bbbe45fc4d16	9cb77367e0c313a01e81e4048be5dc11df0987a544d96567ba4eb9364f05441b
canonical_hybrid_v2_regression:hq05_ht02__repeat02	canonical_hybrid_v2_regression_36	historical_regression_only	hq05_ht02	2	.paper-artifacts/bioinformatics-canonical-hybrid-v2/regression/v2reg_hq05_ht02__repeat02/inputs/authority-reference.tfosorted	.paper-artifacts/bioinformatics-canonical-hybrid-v2/regression/v2reg_hq05_ht02__repeat02/output/GRCh38-ENST00000442179.1|ENSG00000236772.1|ENSG00000236772|GENCODE v49|GRCh38-target-TFOsorted	d6832fbac16f99c1258e0d863148ff155cb373f1ebbd82b1db6c735887d7cbb7	d6832fbac16f99c1258e0d863148ff155cb373f1ebbd82b1db6c735887d7cbb7	.paper-artifacts/bioinformatics-canonical-hybrid-v2/regression/v2reg_hq05_ht02__repeat02/inputs/query.fa	.paper-artifacts/bioinformatics-canonical-hybrid-v2/regression/v2reg_hq05_ht02__repeat02/inputs/query.fa	.paper-artifacts/bioinformatics-canonical-hybrid-v2/regression/v2reg_hq05_ht02__repeat02/inputs/target.fa	.paper-artifacts/bioinformatics-canonical-hybrid-v2/regression/v2reg_hq05_ht02__repeat02/inputs/target.fa	0:986	0:2501	35159828	bioinformatics_phase2_holdout_query_v1	hq05	7bdb574d585d18e2f4bf5613a4c0ea9f23508841ff20898cb4366e4b4fa4681b	bioinformatics_phase2_holdout_target_v1	ht02	dd5cf8216eb638d071cd03bd9adc122c15ee07ea696b87724b240022829e4fd9	GRCh38	GRCh38_0_based_half_open	historical_phase2_holdout_query_v1	historical_phase2_holdout_target_v1	110752c4078bc2b300ad4e92e2495ea868c365486e540da7002fc3e19a18241a	98c3e2d06f3093a8d2fabb716e166cc9ac877dbfbd3a01781757bb9e8bf23024	0193c2c007b271c577c7bd4173ed86743eea02f0aeddd84b284f5a56f24d9bf3	010b0937efc0c8fa2f2dae7854b4f14c0c65da52a22153b176459a808e051b5c
canonical_hybrid_v2_regression:hq06_ht01__repeat00	canonical_hybrid_v2_regression_36	historical_regression_only	hq06_ht01	0	.paper-artifacts/bioinformatics-canonical-hybrid-v2/regression/v2reg_hq06_ht01__repeat00/inputs/authority-reference.tfosorted	.paper-artifacts/bioinformatics-canonical-hybrid-v2/regression/v2reg_hq06_ht01__repeat00/output/GRCh38-ENST00000776628.1|ENSG00000301151.1|ENSG00000301151|GENCODE v49|GRCh38-target-TFOsorted	f9d4ad7e7dbfca39fefeae015188a09b4184f15470aa8c9bcef6f3fa2ef07cf3	f9d4ad7e7dbfca39fefeae015188a09b4184f15470aa8c9bcef6f3fa2ef07cf3	.paper-artifacts/bioinformatics-canonical-hybrid-v2/regression/v2reg_hq06_ht01__repeat00/inputs/query.fa	.paper-artifacts/bioinformatics-canonical-hybrid-v2/regression/v2reg_hq06_ht01__repeat00/inputs/query.fa	.paper-artifacts/bioinformatics-canonical-hybrid-v2/regression/v2reg_hq06_ht01__repeat00/inputs/target.fa	.paper-artifacts/bioinformatics-canonical-hybrid-v2/regression/v2reg_hq06_ht01__repeat00/inputs/target.fa	0:966	0:2501	18902298	bioinformatics_phase2_holdout_query_v1	hq06	62f5e96b099c0be002a286e48c3052fc7e8d3e19788878d7ffd24851a2877b94	bioinformatics_phase2_holdout_target_v1	ht01	7b789e19134114e831f6afb8f7ce4a3502fd3158fe723ab26a22c948538c67c0	GRCh38	GRCh38_0_based_half_open	historical_phase2_holdout_query_v1	historical_phase2_holdout_target_v1	110752c4078bc2b300ad4e92e2495ea868c365486e540da7002fc3e19a18241a	3ec427d81bf0340db49a1093387e2d3fc98b1f1753cea051170ebf00c2156545	4e39e480642792ee0ba060958b797f88b0fa1b0265cacc381d262b0ad5a84755	f578a50bdef335bd8b029199cb756ba6622cffa0c641b399033c1e60aa332e7d
canonical_hybrid_v2_regression:hq06_ht02__repeat00	canonical_hybrid_v2_regression_36	historical_regression_only	hq06_ht02	0	.paper-artifacts/bioinformatics-canonical-hybrid-v2/regression/v2reg_hq06_ht02__repeat00/inputs/authority-reference.tfosorted	.paper-artifacts/bioinformatics-canonical-hybrid-v2/regression/v2reg_hq06_ht02__repeat00/output/GRCh38-ENST00000776628.1|ENSG00000301151.1|ENSG00000301151|GENCODE v49|GRCh38-target-TFOsorted	3676101a99ef7ff5e16b3ea356afbd59eae3e9338a65a83e0d45a75731d6e0f2	3676101a99ef7ff5e16b3ea356afbd59eae3e9338a65a83e0d45a75731d6e0f2	.paper-artifacts/bioinformatics-canonical-hybrid-v2/regression/v2reg_hq06_ht02__repeat00/inputs/query.fa	.paper-artifacts/bioinformatics-canonical-hybrid-v2/regression/v2reg_hq06_ht02__repeat00/inputs/query.fa	.paper-artifacts/bioinformatics-canonical-hybrid-v2/regression/v2reg_hq06_ht02__repeat00/inputs/target.fa	.paper-artifacts/bioinformatics-canonical-hybrid-v2/regression/v2reg_hq06_ht02__repeat00/inputs/target.fa	0:966	0:2501	35159828	bioinformatics_phase2_holdout_query_v1	hq06	62f5e96b099c0be002a286e48c3052fc7e8d3e19788878d7ffd24851a2877b94	bioinformatics_phase2_holdout_target_v1	ht02	dd5cf8216eb638d071cd03bd9adc122c15ee07ea696b87724b240022829e4fd9	GRCh38	GRCh38_0_based_half_open	historical_phase2_holdout_query_v1	historical_phase2_holdout_target_v1	110752c4078bc2b300ad4e92e2495ea868c365486e540da7002fc3e19a18241a	24567e64a793abd9b1ba4ddfb705736ebb7083dcf797453526738eb08969e29a	fa707481acc6cb3bd5b4a2abd0b2b295ff542fe634cf05a18469d88c9a04601a	061cf7ef0a585beab72c281817ee63f5fca66e843e757ea02080a316a2da8368
canonical_hybrid_v2_regression:hq07_ht01__repeat00	canonical_hybrid_v2_regression_36	historical_regression_only	hq07_ht01	0	.paper-artifacts/bioinformatics-canonical-hybrid-v2/regression/v2reg_hq07_ht01__repeat00/inputs/authority-reference.tfosorted	.paper-artifacts/bioinformatics-canonical-hybrid-v2/regression/v2reg_hq07_ht01__repeat00/output/GRCh38-ENST00000552060.2|ENSG00000257677.3|LINC02464|GENCODE v49|GRCh38-target-TFOsorted	c0bd188ad194fd46ded16e5b8b913cae711464a456cd4eff5528cfa1cacaf790	c0bd188ad194fd46ded16e5b8b913cae711464a456cd4eff5528cfa1cacaf790	.paper-artifacts/bioinformatics-canonical-hybrid-v2/regression/v2reg_hq07_ht01__repeat00/inputs/query.fa	.paper-artifacts/bioinformatics-canonical-hybrid-v2/regression/v2reg_hq07_ht01__repeat00/inputs/query.fa	.paper-artifacts/bioinformatics-canonical-hybrid-v2/regression/v2reg_hq07_ht01__repeat00/inputs/target.fa	.paper-artifacts/bioinformatics-canonical-hybrid-v2/regression/v2reg_hq07_ht01__repeat00/inputs/target.fa	0:1059	0:2501	18902298	bioinformatics_phase2_holdout_query_v1	hq07	e36511c9c66a68f854ffc54ed9a0b7b9e553a0871eb4b901fdc113500102b77e	bioinformatics_phase2_holdout_target_v1	ht01	7b789e19134114e831f6afb8f7ce4a3502fd3158fe723ab26a22c948538c67c0	GRCh38	GRCh38_0_based_half_open	historical_phase2_holdout_query_v1	historical_phase2_holdout_target_v1	110752c4078bc2b300ad4e92e2495ea868c365486e540da7002fc3e19a18241a	0c06db6d4eefb06a584d8c4a7bd1b47159767c9055f58bd2a1a02ff4d2fc3b8f	a28549c947550c4b4dd5fea5e1f38f9ce7c5c4cb257e8ce14bb14d9d18ddfdea	9745b0b41b6d7068a0e4aa26001f5ca415a2feac2300a5a6785d246213f1fc84
canonical_hybrid_v2_regression:hq07_ht02__repeat00	canonical_hybrid_v2_regression_36	historical_regression_only	hq07_ht02	0	.paper-artifacts/bioinformatics-canonical-hybrid-v2/regression/v2reg_hq07_ht02__repeat00/inputs/authority-reference.tfosorted	.paper-artifacts/bioinformatics-canonical-hybrid-v2/regression/v2reg_hq07_ht02__repeat00/output/GRCh38-ENST00000552060.2|ENSG00000257677.3|LINC02464|GENCODE v49|GRCh38-target-TFOsorted	ca851f3cb89c48c56d0125d65723167e77227345ba5354aed0f7d8a519de5bb7	ca851f3cb89c48c56d0125d65723167e77227345ba5354aed0f7d8a519de5bb7	.paper-artifacts/bioinformatics-canonical-hybrid-v2/regression/v2reg_hq07_ht02__repeat00/inputs/query.fa	.paper-artifacts/bioinformatics-canonical-hybrid-v2/regression/v2reg_hq07_ht02__repeat00/inputs/query.fa	.paper-artifacts/bioinformatics-canonical-hybrid-v2/regression/v2reg_hq07_ht02__repeat00/inputs/target.fa	.paper-artifacts/bioinformatics-canonical-hybrid-v2/regression/v2reg_hq07_ht02__repeat00/inputs/target.fa	0:1059	0:2501	35159828	bioinformatics_phase2_holdout_query_v1	hq07	e36511c9c66a68f854ffc54ed9a0b7b9e553a0871eb4b901fdc113500102b77e	bioinformatics_phase2_holdout_target_v1	ht02	dd5cf8216eb638d071cd03bd9adc122c15ee07ea696b87724b240022829e4fd9	GRCh38	GRCh38_0_based_half_open	historical_phase2_holdout_query_v1	historical_phase2_holdout_target_v1	110752c4078bc2b300ad4e92e2495ea868c365486e540da7002fc3e19a18241a	618e047a9bce6f34cdf0549d3520339e2408c3da02e64857435809e44f1e48b8	db18de17cb48680a5d241c43eb5664587b6bc44721a64a6e47a5a82a7f8f307c	e965b339a5d0a84d63e2eccf309173117d32f19c1c6ce78ea8a349daa1c7cd3d
canonical_hybrid_v2_regression:hq08_ht01__repeat00	canonical_hybrid_v2_regression_36	historical_regression_only	hq08_ht01	0	.paper-artifacts/bioinformatics-canonical-hybrid-v2/regression/v2reg_hq08_ht01__repeat00/inputs/authority-reference.tfosorted	.paper-artifacts/bioinformatics-canonical-hybrid-v2/regression/v2reg_hq08_ht01__repeat00/output/GRCh38-ENST00000661904.1|ENSG00000287213.1|ENSG00000287213|GENCODE v49|GRCh38-target-TFOsorted	e850574cdc802f83cd68457babba3377e17e91e4541584f7f176c9d1325111ea	e850574cdc802f83cd68457babba3377e17e91e4541584f7f176c9d1325111ea	.paper-artifacts/bioinformatics-canonical-hybrid-v2/regression/v2reg_hq08_ht01__repeat00/inputs/query.fa	.paper-artifacts/bioinformatics-canonical-hybrid-v2/regression/v2reg_hq08_ht01__repeat00/inputs/query.fa	.paper-artifacts/bioinformatics-canonical-hybrid-v2/regression/v2reg_hq08_ht01__repeat00/inputs/target.fa	.paper-artifacts/bioinformatics-canonical-hybrid-v2/regression/v2reg_hq08_ht01__repeat00/inputs/target.fa	0:934	0:2501	18902298	bioinformatics_phase2_holdout_query_v1	hq08	2a74328fdc8216b2dc1fbd01b3fc524b48777dee56eec9decde3c33c3820d451	bioinformatics_phase2_holdout_target_v1	ht01	7b789e19134114e831f6afb8f7ce4a3502fd3158fe723ab26a22c948538c67c0	GRCh38	GRCh38_0_based_half_open	historical_phase2_holdout_query_v1	historical_phase2_holdout_target_v1	110752c4078bc2b300ad4e92e2495ea868c365486e540da7002fc3e19a18241a	86cfb336114b6a30841a0fc287ca3665b3d29a9f651c5688a3163f4ef2b43eda	f7de5a6443fe2c8c6974e051537b9c6b50699f1383fae7c57a1e98d632f34695	f4a58c2580a8edb53f27edc8d4799f70928874e2f869eb1f00041ba2d2ceeb4d
canonical_hybrid_v2_regression:hq08_ht02__repeat00	canonical_hybrid_v2_regression_36	historical_regression_only	hq08_ht02	0	.paper-artifacts/bioinformatics-canonical-hybrid-v2/regression/v2reg_hq08_ht02__repeat00/inputs/authority-reference.tfosorted	.paper-artifacts/bioinformatics-canonical-hybrid-v2/regression/v2reg_hq08_ht02__repeat00/output/GRCh38-ENST00000661904.1|ENSG00000287213.1|ENSG00000287213|GENCODE v49|GRCh38-target-TFOsorted	8123bc6f2629a5e0c71c173d21caca05a279081a392ae221900e5689033258b1	8123bc6f2629a5e0c71c173d21caca05a279081a392ae221900e5689033258b1	.paper-artifacts/bioinformatics-canonical-hybrid-v2/regression/v2reg_hq08_ht02__repeat00/inputs/query.fa	.paper-artifacts/bioinformatics-canonical-hybrid-v2/regression/v2reg_hq08_ht02__repeat00/inputs/query.fa	.paper-artifacts/bioinformatics-canonical-hybrid-v2/regression/v2reg_hq08_ht02__repeat00/inputs/target.fa	.paper-artifacts/bioinformatics-canonical-hybrid-v2/regression/v2reg_hq08_ht02__repeat00/inputs/target.fa	0:934	0:2501	35159828	bioinformatics_phase2_holdout_query_v1	hq08	2a74328fdc8216b2dc1fbd01b3fc524b48777dee56eec9decde3c33c3820d451	bioinformatics_phase2_holdout_target_v1	ht02	dd5cf8216eb638d071cd03bd9adc122c15ee07ea696b87724b240022829e4fd9	GRCh38	GRCh38_0_based_half_open	historical_phase2_holdout_query_v1	historical_phase2_holdout_target_v1	110752c4078bc2b300ad4e92e2495ea868c365486e540da7002fc3e19a18241a	3c863447d4ed14ab2c58c454ef2f571743114db4828a6cb5bae42b2edafef158	6aaea673b2b3eba045dc31e52845f02cab848e1f95fb44978ceff59d4860dd3f	7b6a7b8d9f55229c6193e8758705c89c941e94c52effeddb0a7cd980d087f442
canonical_hybrid_v2_regression:hq09_ht01__repeat00	canonical_hybrid_v2_regression_36	historical_regression_only	hq09_ht01	0	.paper-artifacts/bioinformatics-canonical-hybrid-v2/regression/v2reg_hq09_ht01__repeat00/inputs/authority-reference.tfosorted	.paper-artifacts/bioinformatics-canonical-hybrid-v2/regression/v2reg_hq09_ht01__repeat00/output/GRCh38-ENST00000670550.1|ENSG00000229956.12|ZRANB2-DT|GENCODE v49|GRCh38-target-TFOsorted	44d10cde2d4a09ebdca6a3475ff29921706a6ac3575b757d55beba99492541b7	44d10cde2d4a09ebdca6a3475ff29921706a6ac3575b757d55beba99492541b7	.paper-artifacts/bioinformatics-canonical-hybrid-v2/regression/v2reg_hq09_ht01__repeat00/inputs/query.fa	.paper-artifacts/bioinformatics-canonical-hybrid-v2/regression/v2reg_hq09_ht01__repeat00/inputs/query.fa	.paper-artifacts/bioinformatics-canonical-hybrid-v2/regression/v2reg_hq09_ht01__repeat00/inputs/target.fa	.paper-artifacts/bioinformatics-canonical-hybrid-v2/regression/v2reg_hq09_ht01__repeat00/inputs/target.fa	0:2171	0:2501	18902298	bioinformatics_phase2_holdout_query_v1	hq09	ede5247e8fb0c4217a2fa61cb621a91b0b0b111ad3510c8029863f9416ada78e	bioinformatics_phase2_holdout_target_v1	ht01	7b789e19134114e831f6afb8f7ce4a3502fd3158fe723ab26a22c948538c67c0	GRCh38	GRCh38_0_based_half_open	historical_phase2_holdout_query_v1	historical_phase2_holdout_target_v1	110752c4078bc2b300ad4e92e2495ea868c365486e540da7002fc3e19a18241a	231dffb709d2b2d19e0773c1d18c1b973576c70cc9a7cc29cf9ba3e4308eda13	4c7f0d5da64cc0d48122f047e33fc8d6a315f2df2406952e38eb8d9f60a1df30	9e981d4614ebff461dc7222d45e672bfd5e5187872dbe7b884d6397c0476d4ea
canonical_hybrid_v2_regression:hq09_ht01__repeat01	canonical_hybrid_v2_regression_36	historical_regression_only	hq09_ht01	1	.paper-artifacts/bioinformatics-canonical-hybrid-v2/regression/v2reg_hq09_ht01__repeat01/inputs/authority-reference.tfosorted	.paper-artifacts/bioinformatics-canonical-hybrid-v2/regression/v2reg_hq09_ht01__repeat01/output/GRCh38-ENST00000670550.1|ENSG00000229956.12|ZRANB2-DT|GENCODE v49|GRCh38-target-TFOsorted	44d10cde2d4a09ebdca6a3475ff29921706a6ac3575b757d55beba99492541b7	44d10cde2d4a09ebdca6a3475ff29921706a6ac3575b757d55beba99492541b7	.paper-artifacts/bioinformatics-canonical-hybrid-v2/regression/v2reg_hq09_ht01__repeat01/inputs/query.fa	.paper-artifacts/bioinformatics-canonical-hybrid-v2/regression/v2reg_hq09_ht01__repeat01/inputs/query.fa	.paper-artifacts/bioinformatics-canonical-hybrid-v2/regression/v2reg_hq09_ht01__repeat01/inputs/target.fa	.paper-artifacts/bioinformatics-canonical-hybrid-v2/regression/v2reg_hq09_ht01__repeat01/inputs/target.fa	0:2171	0:2501	18902298	bioinformatics_phase2_holdout_query_v1	hq09	ede5247e8fb0c4217a2fa61cb621a91b0b0b111ad3510c8029863f9416ada78e	bioinformatics_phase2_holdout_target_v1	ht01	7b789e19134114e831f6afb8f7ce4a3502fd3158fe723ab26a22c948538c67c0	GRCh38	GRCh38_0_based_half_open	historical_phase2_holdout_query_v1	historical_phase2_holdout_target_v1	110752c4078bc2b300ad4e92e2495ea868c365486e540da7002fc3e19a18241a	231dffb709d2b2d19e0773c1d18c1b973576c70cc9a7cc29cf9ba3e4308eda13	9c9dddc1e27005ecf8a9b85f7e28c5278795181ec89682610cff07ba4746e480	a66a68f1e393e980512706102f4e038e473391f194d7af3da0ffeea8c6de6be1
canonical_hybrid_v2_regression:hq09_ht01__repeat02	canonical_hybrid_v2_regression_36	historical_regression_only	hq09_ht01	2	.paper-artifacts/bioinformatics-canonical-hybrid-v2/regression/v2reg_hq09_ht01__repeat02/inputs/authority-reference.tfosorted	.paper-artifacts/bioinformatics-canonical-hybrid-v2/regression/v2reg_hq09_ht01__repeat02/output/GRCh38-ENST00000670550.1|ENSG00000229956.12|ZRANB2-DT|GENCODE v49|GRCh38-target-TFOsorted	44d10cde2d4a09ebdca6a3475ff29921706a6ac3575b757d55beba99492541b7	44d10cde2d4a09ebdca6a3475ff29921706a6ac3575b757d55beba99492541b7	.paper-artifacts/bioinformatics-canonical-hybrid-v2/regression/v2reg_hq09_ht01__repeat02/inputs/query.fa	.paper-artifacts/bioinformatics-canonical-hybrid-v2/regression/v2reg_hq09_ht01__repeat02/inputs/query.fa	.paper-artifacts/bioinformatics-canonical-hybrid-v2/regression/v2reg_hq09_ht01__repeat02/inputs/target.fa	.paper-artifacts/bioinformatics-canonical-hybrid-v2/regression/v2reg_hq09_ht01__repeat02/inputs/target.fa	0:2171	0:2501	18902298	bioinformatics_phase2_holdout_query_v1	hq09	ede5247e8fb0c4217a2fa61cb621a91b0b0b111ad3510c8029863f9416ada78e	bioinformatics_phase2_holdout_target_v1	ht01	7b789e19134114e831f6afb8f7ce4a3502fd3158fe723ab26a22c948538c67c0	GRCh38	GRCh38_0_based_half_open	historical_phase2_holdout_query_v1	historical_phase2_holdout_target_v1	110752c4078bc2b300ad4e92e2495ea868c365486e540da7002fc3e19a18241a	231dffb709d2b2d19e0773c1d18c1b973576c70cc9a7cc29cf9ba3e4308eda13	28b73118bd40c4ad5481745dd13d8bfa78f595ad1535df9247b1285fe1045604	d5a9d5e5e34bb3b63345e0e0fe710db632eb3bf297d7051b16bdf883870b2b7b
canonical_hybrid_v2_regression:hq09_ht02__repeat00	canonical_hybrid_v2_regression_36	historical_regression_only	hq09_ht02	0	.paper-artifacts/bioinformatics-canonical-hybrid-v2/regression/v2reg_hq09_ht02__repeat00/inputs/authority-reference.tfosorted	.paper-artifacts/bioinformatics-canonical-hybrid-v2/regression/v2reg_hq09_ht02__repeat00/output/GRCh38-ENST00000670550.1|ENSG00000229956.12|ZRANB2-DT|GENCODE v49|GRCh38-target-TFOsorted	26842adb67ceab170273ec2b6bb8ebbc8eb60fbdb3172564b78fbb7343bf51be	26842adb67ceab170273ec2b6bb8ebbc8eb60fbdb3172564b78fbb7343bf51be	.paper-artifacts/bioinformatics-canonical-hybrid-v2/regression/v2reg_hq09_ht02__repeat00/inputs/query.fa	.paper-artifacts/bioinformatics-canonical-hybrid-v2/regression/v2reg_hq09_ht02__repeat00/inputs/query.fa	.paper-artifacts/bioinformatics-canonical-hybrid-v2/regression/v2reg_hq09_ht02__repeat00/inputs/target.fa	.paper-artifacts/bioinformatics-canonical-hybrid-v2/regression/v2reg_hq09_ht02__repeat00/inputs/target.fa	0:2171	0:2501	35159828	bioinformatics_phase2_holdout_query_v1	hq09	ede5247e8fb0c4217a2fa61cb621a91b0b0b111ad3510c8029863f9416ada78e	bioinformatics_phase2_holdout_target_v1	ht02	dd5cf8216eb638d071cd03bd9adc122c15ee07ea696b87724b240022829e4fd9	GRCh38	GRCh38_0_based_half_open	historical_phase2_holdout_query_v1	historical_phase2_holdout_target_v1	110752c4078bc2b300ad4e92e2495ea868c365486e540da7002fc3e19a18241a	54ae7748eb51a5a30d34220c413627934fc244d80f57c14b3bc04b5d4db0aeb2	6716ef2f0d23326dfb879acb6804ba95e7369970b2eed1dd955fcfd277c59e43	5196d6d7c3eb1050e12fc94b7ae8ed039530d53680d41ff7989a7f72a8d1f995
canonical_hybrid_v2_regression:hq09_ht02__repeat01	canonical_hybrid_v2_regression_36	historical_regression_only	hq09_ht02	1	.paper-artifacts/bioinformatics-canonical-hybrid-v2/regression/v2reg_hq09_ht02__repeat01/inputs/authority-reference.tfosorted	.paper-artifacts/bioinformatics-canonical-hybrid-v2/regression/v2reg_hq09_ht02__repeat01/output/GRCh38-ENST00000670550.1|ENSG00000229956.12|ZRANB2-DT|GENCODE v49|GRCh38-target-TFOsorted	26842adb67ceab170273ec2b6bb8ebbc8eb60fbdb3172564b78fbb7343bf51be	26842adb67ceab170273ec2b6bb8ebbc8eb60fbdb3172564b78fbb7343bf51be	.paper-artifacts/bioinformatics-canonical-hybrid-v2/regression/v2reg_hq09_ht02__repeat01/inputs/query.fa	.paper-artifacts/bioinformatics-canonical-hybrid-v2/regression/v2reg_hq09_ht02__repeat01/inputs/query.fa	.paper-artifacts/bioinformatics-canonical-hybrid-v2/regression/v2reg_hq09_ht02__repeat01/inputs/target.fa	.paper-artifacts/bioinformatics-canonical-hybrid-v2/regression/v2reg_hq09_ht02__repeat01/inputs/target.fa	0:2171	0:2501	35159828	bioinformatics_phase2_holdout_query_v1	hq09	ede5247e8fb0c4217a2fa61cb621a91b0b0b111ad3510c8029863f9416ada78e	bioinformatics_phase2_holdout_target_v1	ht02	dd5cf8216eb638d071cd03bd9adc122c15ee07ea696b87724b240022829e4fd9	GRCh38	GRCh38_0_based_half_open	historical_phase2_holdout_query_v1	historical_phase2_holdout_target_v1	110752c4078bc2b300ad4e92e2495ea868c365486e540da7002fc3e19a18241a	54ae7748eb51a5a30d34220c413627934fc244d80f57c14b3bc04b5d4db0aeb2	358ed9d859d1c555cb65133d65bb3c0370f84ce98de4ab08a0fa0014870e67b5	5e9c1bd9174911c2bb7d115e4b202e4677b7f6520d0a66a20c05c49e36504223
canonical_hybrid_v2_regression:hq09_ht02__repeat02	canonical_hybrid_v2_regression_36	historical_regression_only	hq09_ht02	2	.paper-artifacts/bioinformatics-canonical-hybrid-v2/regression/v2reg_hq09_ht02__repeat02/inputs/authority-reference.tfosorted	.paper-artifacts/bioinformatics-canonical-hybrid-v2/regression/v2reg_hq09_ht02__repeat02/output/GRCh38-ENST00000670550.1|ENSG00000229956.12|ZRANB2-DT|GENCODE v49|GRCh38-target-TFOsorted	26842adb67ceab170273ec2b6bb8ebbc8eb60fbdb3172564b78fbb7343bf51be	26842adb67ceab170273ec2b6bb8ebbc8eb60fbdb3172564b78fbb7343bf51be	.paper-artifacts/bioinformatics-canonical-hybrid-v2/regression/v2reg_hq09_ht02__repeat02/inputs/query.fa	.paper-artifacts/bioinformatics-canonical-hybrid-v2/regression/v2reg_hq09_ht02__repeat02/inputs/query.fa	.paper-artifacts/bioinformatics-canonical-hybrid-v2/regression/v2reg_hq09_ht02__repeat02/inputs/target.fa	.paper-artifacts/bioinformatics-canonical-hybrid-v2/regression/v2reg_hq09_ht02__repeat02/inputs/target.fa	0:2171	0:2501	35159828	bioinformatics_phase2_holdout_query_v1	hq09	ede5247e8fb0c4217a2fa61cb621a91b0b0b111ad3510c8029863f9416ada78e	bioinformatics_phase2_holdout_target_v1	ht02	dd5cf8216eb638d071cd03bd9adc122c15ee07ea696b87724b240022829e4fd9	GRCh38	GRCh38_0_based_half_open	historical_phase2_holdout_query_v1	historical_phase2_holdout_target_v1	110752c4078bc2b300ad4e92e2495ea868c365486e540da7002fc3e19a18241a	54ae7748eb51a5a30d34220c413627934fc244d80f57c14b3bc04b5d4db0aeb2	b7927086c208991d6b68f300f56729f53be5971950a25e7de70a16c475f00840	83d268308429f68ed926e8fdbb7661214f0d0ca1e4ccabade9617412e4bb5629
canonical_hybrid_v2_regression:hq10_ht01__repeat00	canonical_hybrid_v2_regression_36	historical_regression_only	hq10_ht01	0	.paper-artifacts/bioinformatics-canonical-hybrid-v2/regression/v2reg_hq10_ht01__repeat00/inputs/authority-reference.tfosorted	.paper-artifacts/bioinformatics-canonical-hybrid-v2/regression/v2reg_hq10_ht01__repeat00/output/GRCh38-ENST00000785836.1|ENSG00000178248.12|FAM230I|GENCODE v49|GRCh38-target-TFOsorted	1e8606af37e4e8938505bcbd7f651b7bb98b5b84b9427ed5fad0d16c88da22ed	1e8606af37e4e8938505bcbd7f651b7bb98b5b84b9427ed5fad0d16c88da22ed	.paper-artifacts/bioinformatics-canonical-hybrid-v2/regression/v2reg_hq10_ht01__repeat00/inputs/query.fa	.paper-artifacts/bioinformatics-canonical-hybrid-v2/regression/v2reg_hq10_ht01__repeat00/inputs/query.fa	.paper-artifacts/bioinformatics-canonical-hybrid-v2/regression/v2reg_hq10_ht01__repeat00/inputs/target.fa	.paper-artifacts/bioinformatics-canonical-hybrid-v2/regression/v2reg_hq10_ht01__repeat00/inputs/target.fa	0:1907	0:2501	18902298	bioinformatics_phase2_holdout_query_v1	hq10	8357751b729a35a43767ad520b6550dacdd7f0669a58a6d3014c4b10f4f1a362	bioinformatics_phase2_holdout_target_v1	ht01	7b789e19134114e831f6afb8f7ce4a3502fd3158fe723ab26a22c948538c67c0	GRCh38	GRCh38_0_based_half_open	historical_phase2_holdout_query_v1	historical_phase2_holdout_target_v1	110752c4078bc2b300ad4e92e2495ea868c365486e540da7002fc3e19a18241a	e6d4f358b1e87de9d62b66f8c735c3361566d804f75c9cfb2541149d4dfe9c96	ea211f5362b13fae665cebb7e9dbc8d5938ffbfccd00188693fd16ad91655262	aac848232d3a34d4cb9c019821eae60f7880398b178ae3ceea51f48c4cdba31f
canonical_hybrid_v2_regression:hq10_ht02__repeat00	canonical_hybrid_v2_regression_36	historical_regression_only	hq10_ht02	0	.paper-artifacts/bioinformatics-canonical-hybrid-v2/regression/v2reg_hq10_ht02__repeat00/inputs/authority-reference.tfosorted	.paper-artifacts/bioinformatics-canonical-hybrid-v2/regression/v2reg_hq10_ht02__repeat00/output/GRCh38-ENST00000785836.1|ENSG00000178248.12|FAM230I|GENCODE v49|GRCh38-target-TFOsorted	c34ff3fbdb9d1a069397615e2ed695dd336eb2055ce389a8ccade83e3858cb88	c34ff3fbdb9d1a069397615e2ed695dd336eb2055ce389a8ccade83e3858cb88	.paper-artifacts/bioinformatics-canonical-hybrid-v2/regression/v2reg_hq10_ht02__repeat00/inputs/query.fa	.paper-artifacts/bioinformatics-canonical-hybrid-v2/regression/v2reg_hq10_ht02__repeat00/inputs/query.fa	.paper-artifacts/bioinformatics-canonical-hybrid-v2/regression/v2reg_hq10_ht02__repeat00/inputs/target.fa	.paper-artifacts/bioinformatics-canonical-hybrid-v2/regression/v2reg_hq10_ht02__repeat00/inputs/target.fa	0:1907	0:2501	35159828	bioinformatics_phase2_holdout_query_v1	hq10	8357751b729a35a43767ad520b6550dacdd7f0669a58a6d3014c4b10f4f1a362	bioinformatics_phase2_holdout_target_v1	ht02	dd5cf8216eb638d071cd03bd9adc122c15ee07ea696b87724b240022829e4fd9	GRCh38	GRCh38_0_based_half_open	historical_phase2_holdout_query_v1	historical_phase2_holdout_target_v1	110752c4078bc2b300ad4e92e2495ea868c365486e540da7002fc3e19a18241a	e992ecaa7f0d28c5970fec8e92d11f5f6cedc51f7ece32253f00aa413c1d057a	81b3b7861aa51f89b2adc3605312dae89373fe157c8cf70aff3fe7e278b11b54	041c06c08568785f3ec096d809662cc3afe513a3b2776ba3a485cb90ab94b2ce
canonical_hybrid_v2_regression:hq11_ht01__repeat00	canonical_hybrid_v2_regression_36	historical_regression_only	hq11_ht01	0	.paper-artifacts/bioinformatics-canonical-hybrid-v2/regression/v2reg_hq11_ht01__repeat00/inputs/authority-reference.tfosorted	.paper-artifacts/bioinformatics-canonical-hybrid-v2/regression/v2reg_hq11_ht01__repeat00/output/GRCh38-ENST00000667017.2|ENSG00000255857.9|PXN-AS1|GENCODE v49|GRCh38-target-TFOsorted	d4795a651a2b7388af478b9d0c9357d8b38947dfe495131935a282129bbdbf11	d4795a651a2b7388af478b9d0c9357d8b38947dfe495131935a282129bbdbf11	.paper-artifacts/bioinformatics-canonical-hybrid-v2/regression/v2reg_hq11_ht01__repeat00/inputs/query.fa	.paper-artifacts/bioinformatics-canonical-hybrid-v2/regression/v2reg_hq11_ht01__repeat00/inputs/query.fa	.paper-artifacts/bioinformatics-canonical-hybrid-v2/regression/v2reg_hq11_ht01__repeat00/inputs/target.fa	.paper-artifacts/bioinformatics-canonical-hybrid-v2/regression/v2reg_hq11_ht01__repeat00/inputs/target.fa	0:2540	0:2501	18902298	bioinformatics_phase2_holdout_query_v1	hq11	746d6f71584aae394680e638d9651766dbeb06a1921aa885c1719f89ae29643f	bioinformatics_phase2_holdout_target_v1	ht01	7b789e19134114e831f6afb8f7ce4a3502fd3158fe723ab26a22c948538c67c0	GRCh38	GRCh38_0_based_half_open	historical_phase2_holdout_query_v1	historical_phase2_holdout_target_v1	110752c4078bc2b300ad4e92e2495ea868c365486e540da7002fc3e19a18241a	18e2a8a34ee6e9af7f95ad568e5e72d2034565d2253ad93881e20909cfb82fec	348fa773edf6897ed6d6f9f57c3fdc668c9b28b2c88318879879df1b2bb2dfcc	e431a42ce4e47afb8a7808beb426d9958d0ed9ecceb68fa5f914e1352a028651
canonical_hybrid_v2_regression:hq11_ht02__repeat00	canonical_hybrid_v2_regression_36	historical_regression_only	hq11_ht02	0	.paper-artifacts/bioinformatics-canonical-hybrid-v2/regression/v2reg_hq11_ht02__repeat00/inputs/authority-reference.tfosorted	.paper-artifacts/bioinformatics-canonical-hybrid-v2/regression/v2reg_hq11_ht02__repeat00/output/GRCh38-ENST00000667017.2|ENSG00000255857.9|PXN-AS1|GENCODE v49|GRCh38-target-TFOsorted	394fe813c2e10d9340165d371255a8a54bf493e3c9da90d57db4e99dfd72cd82	394fe813c2e10d9340165d371255a8a54bf493e3c9da90d57db4e99dfd72cd82	.paper-artifacts/bioinformatics-canonical-hybrid-v2/regression/v2reg_hq11_ht02__repeat00/inputs/query.fa	.paper-artifacts/bioinformatics-canonical-hybrid-v2/regression/v2reg_hq11_ht02__repeat00/inputs/query.fa	.paper-artifacts/bioinformatics-canonical-hybrid-v2/regression/v2reg_hq11_ht02__repeat00/inputs/target.fa	.paper-artifacts/bioinformatics-canonical-hybrid-v2/regression/v2reg_hq11_ht02__repeat00/inputs/target.fa	0:2540	0:2501	35159828	bioinformatics_phase2_holdout_query_v1	hq11	746d6f71584aae394680e638d9651766dbeb06a1921aa885c1719f89ae29643f	bioinformatics_phase2_holdout_target_v1	ht02	dd5cf8216eb638d071cd03bd9adc122c15ee07ea696b87724b240022829e4fd9	GRCh38	GRCh38_0_based_half_open	historical_phase2_holdout_query_v1	historical_phase2_holdout_target_v1	110752c4078bc2b300ad4e92e2495ea868c365486e540da7002fc3e19a18241a	173b21bb22e9d1666fadbdaa646a26d869ddffa0ba6239676900795f161e3c47	e02dc4fe36cfc6e373128fd8c31f1d67bcd4218feb8e8f88d843912009fa7ad5	f1d344fce23ceb4e1bbc70e478106561849b9abcc9f1127fb3488c895f9033f7
canonical_hybrid_v2_regression:hq12_ht01__repeat00	canonical_hybrid_v2_regression_36	historical_regression_only	hq12_ht01	0	.paper-artifacts/bioinformatics-canonical-hybrid-v2/regression/v2reg_hq12_ht01__repeat00/inputs/authority-reference.tfosorted	.paper-artifacts/bioinformatics-canonical-hybrid-v2/regression/v2reg_hq12_ht01__repeat00/output/GRCh38-ENST00000766729.1|ENSG00000299841.1|ENSG00000299841|GENCODE v49|GRCh38-target-TFOsorted	3ad5a88a77c825ab302324715448125a2655e6df2c83e86ae44a910219300bc7	3ad5a88a77c825ab302324715448125a2655e6df2c83e86ae44a910219300bc7	.paper-artifacts/bioinformatics-canonical-hybrid-v2/regression/v2reg_hq12_ht01__repeat00/inputs/query.fa	.paper-artifacts/bioinformatics-canonical-hybrid-v2/regression/v2reg_hq12_ht01__repeat00/inputs/query.fa	.paper-artifacts/bioinformatics-canonical-hybrid-v2/regression/v2reg_hq12_ht01__repeat00/inputs/target.fa	.paper-artifacts/bioinformatics-canonical-hybrid-v2/regression/v2reg_hq12_ht01__repeat00/inputs/target.fa	0:1702	0:2501	18902298	bioinformatics_phase2_holdout_query_v1	hq12	53eb65cec21000bb70085a00ae734fb72d8614b7d64dd51eaa2cb55431085643	bioinformatics_phase2_holdout_target_v1	ht01	7b789e19134114e831f6afb8f7ce4a3502fd3158fe723ab26a22c948538c67c0	GRCh38	GRCh38_0_based_half_open	historical_phase2_holdout_query_v1	historical_phase2_holdout_target_v1	110752c4078bc2b300ad4e92e2495ea868c365486e540da7002fc3e19a18241a	cd56ef44b53b17722962a7d4dfaee6ad40ada8501325af7d8a61110e292336e5	56d2c78aae973e3376fc6f43c562bcd232b2b2e3ba6d4313ae598a072b205d69	d09aac50b8f3ca4f89179accf92f3875737cc58e2cc5fa9c415e66a844faab95
canonical_hybrid_v2_regression:hq12_ht02__repeat00	canonical_hybrid_v2_regression_36	historical_regression_only	hq12_ht02	0	.paper-artifacts/bioinformatics-canonical-hybrid-v2/regression/v2reg_hq12_ht02__repeat00/inputs/authority-reference.tfosorted	.paper-artifacts/bioinformatics-canonical-hybrid-v2/regression/v2reg_hq12_ht02__repeat00/output/GRCh38-ENST00000766729.1|ENSG00000299841.1|ENSG00000299841|GENCODE v49|GRCh38-target-TFOsorted	06c59d4fbf1e802cfcf51d778dc18b1e438f1b1663ca6fa8f5105b2c3166c6cd	06c59d4fbf1e802cfcf51d778dc18b1e438f1b1663ca6fa8f5105b2c3166c6cd	.paper-artifacts/bioinformatics-canonical-hybrid-v2/regression/v2reg_hq12_ht02__repeat00/inputs/query.fa	.paper-artifacts/bioinformatics-canonical-hybrid-v2/regression/v2reg_hq12_ht02__repeat00/inputs/query.fa	.paper-artifacts/bioinformatics-canonical-hybrid-v2/regression/v2reg_hq12_ht02__repeat00/inputs/target.fa	.paper-artifacts/bioinformatics-canonical-hybrid-v2/regression/v2reg_hq12_ht02__repeat00/inputs/target.fa	0:1702	0:2501	35159828	bioinformatics_phase2_holdout_query_v1	hq12	53eb65cec21000bb70085a00ae734fb72d8614b7d64dd51eaa2cb55431085643	bioinformatics_phase2_holdout_target_v1	ht02	dd5cf8216eb638d071cd03bd9adc122c15ee07ea696b87724b240022829e4fd9	GRCh38	GRCh38_0_based_half_open	historical_phase2_holdout_query_v1	historical_phase2_holdout_target_v1	110752c4078bc2b300ad4e92e2495ea868c365486e540da7002fc3e19a18241a	9ddd9a44043374d85e1cf9eb3098bebf491b8aa4dfae4b817596f35aeb44fb1c	5469540b3ca27e427471c0d75c92869233d13140cdec5dda51bcda339ac807d7	7beb17a046b886c2645633a45393f12b4a00d198780de5cabe4f44ba6d46b2e9
paper_core:c7_kcnq_max8_chr22__pair01:shift_0	historical_paper_core_available	historical_regression_only	c7_kcnq_max8_chr22	1:shift_0	.paper-artifacts/runtime-epoch-0-pre-freeze/phase2-core/c7_kcnq_max8_chr22__pair01__baseline__0/output/grids/shift_0/merged-common-TFOsorted	.paper-artifacts/runtime-epoch-0-pre-freeze/phase2-core/c7_kcnq_max8_chr22__pair01__candidate__0/output/grids/shift_0/merged-common-TFOsorted	be2c6aa210b1c1414ef9582a1a3efea101f25c4ffecf11f2b214072469aef258	be2c6aa210b1c1414ef9582a1a3efea101f25c4ffecf11f2b214072469aef258	.paper-artifacts/runtime-epoch-0-pre-freeze/phase2-core/c7_kcnq_max8_chr22__pair01__baseline__0/inputs/query.fa	.paper-artifacts/runtime-epoch-0-pre-freeze/phase2-core/c7_kcnq_max8_chr22__pair01__candidate__0/inputs/query.fa	.tmp/gasal2_hg38_archive_first_run/shards/chr22.fa	.tmp/gasal2_hg38_archive_first_run/shards/chr22.fa	0:91667	0:50818468	0	historical_paper_long_query_v1	KCNQ1OT1	024103fd35fd7309a45120a93f92a8f78a46790533f1e9d509856e85917bcc8b	historical_paper_full_chromosome_v1	chr22_full	a71d7250ee1bef5c444afa768f5fb4cac8d3c87e0b6ab76644c1a748e8d114b3	GRCh38	full_chromosome_fasta_0_based_half_open	historical_paper_segmented_query_v1	historical_paper_full_target_v1	110752c4078bc2b300ad4e92e2495ea868c365486e540da7002fc3e19a18241a	2ad8d635150622239cc40cc6f2fbd402e3babbf2a9af8b60d62f6d3bd01d1df5	7112d9cd283c6d36c195c0bfaa0fb96ce94e8bad058d8d8421b0fa51283aca72	a4e49de21a82339edda0fb7a84881bfde200eb9c342fff47530f2d3602101509
paper_core:c7_kcnq_max8_chr22__pair01:shift_256	historical_paper_core_available	historical_regression_only	c7_kcnq_max8_chr22	1:shift_256	.paper-artifacts/runtime-epoch-0-pre-freeze/phase2-core/c7_kcnq_max8_chr22__pair01__baseline__0/output/grids/shift_256/merged-common-TFOsorted	.paper-artifacts/runtime-epoch-0-pre-freeze/phase2-core/c7_kcnq_max8_chr22__pair01__candidate__0/output/grids/shift_256/merged-common-TFOsorted	3046dd022b345ae036fd968ecdbd26e581955668a16a0d4c94d57dadb04e9953	3046dd022b345ae036fd968ecdbd26e581955668a16a0d4c94d57dadb04e9953	.paper-artifacts/runtime-epoch-0-pre-freeze/phase2-core/c7_kcnq_max8_chr22__pair01__baseline__0/inputs/query.fa	.paper-artifacts/runtime-epoch-0-pre-freeze/phase2-core/c7_kcnq_max8_chr22__pair01__candidate__0/inputs/query.fa	.tmp/gasal2_hg38_archive_first_run/shards/chr22.fa	.tmp/gasal2_hg38_archive_first_run/shards/chr22.fa	0:91667	0:50818468	0	historical_paper_long_query_v1	KCNQ1OT1	024103fd35fd7309a45120a93f92a8f78a46790533f1e9d509856e85917bcc8b	historical_paper_full_chromosome_v1	chr22_full	a71d7250ee1bef5c444afa768f5fb4cac8d3c87e0b6ab76644c1a748e8d114b3	GRCh38	full_chromosome_fasta_0_based_half_open	historical_paper_segmented_query_v1	historical_paper_full_target_v1	110752c4078bc2b300ad4e92e2495ea868c365486e540da7002fc3e19a18241a	2ad8d635150622239cc40cc6f2fbd402e3babbf2a9af8b60d62f6d3bd01d1df5	e0a58f0a013f32c140e7ccda15cb9a44bc5b941ba225f9b3f198b2ce70d3a60e	9846eb0ebe2e228c27358ea17b80c6b50e10cac4ac6fc71ddf85553104357d86
paper_core:c7_kcnq_max8_chr22__pair02:shift_0	historical_paper_core_available	historical_regression_only	c7_kcnq_max8_chr22	2:shift_0	.paper-artifacts/runtime-epoch-0-pre-freeze/phase2-core/c7_kcnq_max8_chr22__pair02__baseline__0/output/grids/shift_0/merged-common-TFOsorted	.paper-artifacts/runtime-epoch-0-pre-freeze/phase2-core/c7_kcnq_max8_chr22__pair02__candidate__0/output/grids/shift_0/merged-common-TFOsorted	be2c6aa210b1c1414ef9582a1a3efea101f25c4ffecf11f2b214072469aef258	be2c6aa210b1c1414ef9582a1a3efea101f25c4ffecf11f2b214072469aef258	.paper-artifacts/runtime-epoch-0-pre-freeze/phase2-core/c7_kcnq_max8_chr22__pair02__baseline__0/inputs/query.fa	.paper-artifacts/runtime-epoch-0-pre-freeze/phase2-core/c7_kcnq_max8_chr22__pair02__candidate__0/inputs/query.fa	.tmp/gasal2_hg38_archive_first_run/shards/chr22.fa	.tmp/gasal2_hg38_archive_first_run/shards/chr22.fa	0:91667	0:50818468	0	historical_paper_long_query_v1	KCNQ1OT1	024103fd35fd7309a45120a93f92a8f78a46790533f1e9d509856e85917bcc8b	historical_paper_full_chromosome_v1	chr22_full	a71d7250ee1bef5c444afa768f5fb4cac8d3c87e0b6ab76644c1a748e8d114b3	GRCh38	full_chromosome_fasta_0_based_half_open	historical_paper_segmented_query_v1	historical_paper_full_target_v1	110752c4078bc2b300ad4e92e2495ea868c365486e540da7002fc3e19a18241a	2ad8d635150622239cc40cc6f2fbd402e3babbf2a9af8b60d62f6d3bd01d1df5	27c81e83cf3c17fa0f6346b156fc899fc55618dde7512071018d41ccb9cd58d4	dfc502175910a9acd9ffd45678e3a00e6f8e37921af9da4619e09d9d95f19823
paper_core:c7_kcnq_max8_chr22__pair02:shift_256	historical_paper_core_available	historical_regression_only	c7_kcnq_max8_chr22	2:shift_256	.paper-artifacts/runtime-epoch-0-pre-freeze/phase2-core/c7_kcnq_max8_chr22__pair02__baseline__0/output/grids/shift_256/merged-common-TFOsorted	.paper-artifacts/runtime-epoch-0-pre-freeze/phase2-core/c7_kcnq_max8_chr22__pair02__candidate__0/output/grids/shift_256/merged-common-TFOsorted	3046dd022b345ae036fd968ecdbd26e581955668a16a0d4c94d57dadb04e9953	3046dd022b345ae036fd968ecdbd26e581955668a16a0d4c94d57dadb04e9953	.paper-artifacts/runtime-epoch-0-pre-freeze/phase2-core/c7_kcnq_max8_chr22__pair02__baseline__0/inputs/query.fa	.paper-artifacts/runtime-epoch-0-pre-freeze/phase2-core/c7_kcnq_max8_chr22__pair02__candidate__0/inputs/query.fa	.tmp/gasal2_hg38_archive_first_run/shards/chr22.fa	.tmp/gasal2_hg38_archive_first_run/shards/chr22.fa	0:91667	0:50818468	0	historical_paper_long_query_v1	KCNQ1OT1	024103fd35fd7309a45120a93f92a8f78a46790533f1e9d509856e85917bcc8b	historical_paper_full_chromosome_v1	chr22_full	a71d7250ee1bef5c444afa768f5fb4cac8d3c87e0b6ab76644c1a748e8d114b3	GRCh38	full_chromosome_fasta_0_based_half_open	historical_paper_segmented_query_v1	historical_paper_full_target_v1	110752c4078bc2b300ad4e92e2495ea868c365486e540da7002fc3e19a18241a	2ad8d635150622239cc40cc6f2fbd402e3babbf2a9af8b60d62f6d3bd01d1df5	4ab1a3722d5df09cf611d8c9776d7328a965040e1f4686270935ea92a7fa22ae	8c5b9dc2bd5f330df5ec13be92e715e4f2d1d37ddd6cd8aa3e3de4616c241a34
paper_core:c7_kcnq_max8_chr22__pair03:shift_0	historical_paper_core_available	historical_regression_only	c7_kcnq_max8_chr22	3:shift_0	.paper-artifacts/runtime-epoch-0-pre-freeze/phase2-core/c7_kcnq_max8_chr22__pair03__baseline__0/output/grids/shift_0/merged-common-TFOsorted	.paper-artifacts/runtime-epoch-0-pre-freeze/phase2-core/c7_kcnq_max8_chr22__pair03__candidate__0/output/grids/shift_0/merged-common-TFOsorted	be2c6aa210b1c1414ef9582a1a3efea101f25c4ffecf11f2b214072469aef258	be2c6aa210b1c1414ef9582a1a3efea101f25c4ffecf11f2b214072469aef258	.paper-artifacts/runtime-epoch-0-pre-freeze/phase2-core/c7_kcnq_max8_chr22__pair03__baseline__0/inputs/query.fa	.paper-artifacts/runtime-epoch-0-pre-freeze/phase2-core/c7_kcnq_max8_chr22__pair03__candidate__0/inputs/query.fa	.tmp/gasal2_hg38_archive_first_run/shards/chr22.fa	.tmp/gasal2_hg38_archive_first_run/shards/chr22.fa	0:91667	0:50818468	0	historical_paper_long_query_v1	KCNQ1OT1	024103fd35fd7309a45120a93f92a8f78a46790533f1e9d509856e85917bcc8b	historical_paper_full_chromosome_v1	chr22_full	a71d7250ee1bef5c444afa768f5fb4cac8d3c87e0b6ab76644c1a748e8d114b3	GRCh38	full_chromosome_fasta_0_based_half_open	historical_paper_segmented_query_v1	historical_paper_full_target_v1	110752c4078bc2b300ad4e92e2495ea868c365486e540da7002fc3e19a18241a	2ad8d635150622239cc40cc6f2fbd402e3babbf2a9af8b60d62f6d3bd01d1df5	969509bd001ec11008baae725b09a8c1eb97a8252789688e04bcadcf3601218a	5ea4560d27af61ff52c1d684d9d357286d6d7ab86ee986ba16133160f0747333
paper_core:c7_kcnq_max8_chr22__pair03:shift_256	historical_paper_core_available	historical_regression_only	c7_kcnq_max8_chr22	3:shift_256	.paper-artifacts/runtime-epoch-0-pre-freeze/phase2-core/c7_kcnq_max8_chr22__pair03__baseline__0/output/grids/shift_256/merged-common-TFOsorted	.paper-artifacts/runtime-epoch-0-pre-freeze/phase2-core/c7_kcnq_max8_chr22__pair03__candidate__0/output/grids/shift_256/merged-common-TFOsorted	3046dd022b345ae036fd968ecdbd26e581955668a16a0d4c94d57dadb04e9953	3046dd022b345ae036fd968ecdbd26e581955668a16a0d4c94d57dadb04e9953	.paper-artifacts/runtime-epoch-0-pre-freeze/phase2-core/c7_kcnq_max8_chr22__pair03__baseline__0/inputs/query.fa	.paper-artifacts/runtime-epoch-0-pre-freeze/phase2-core/c7_kcnq_max8_chr22__pair03__candidate__0/inputs/query.fa	.tmp/gasal2_hg38_archive_first_run/shards/chr22.fa	.tmp/gasal2_hg38_archive_first_run/shards/chr22.fa	0:91667	0:50818468	0	historical_paper_long_query_v1	KCNQ1OT1	024103fd35fd7309a45120a93f92a8f78a46790533f1e9d509856e85917bcc8b	historical_paper_full_chromosome_v1	chr22_full	a71d7250ee1bef5c444afa768f5fb4cac8d3c87e0b6ab76644c1a748e8d114b3	GRCh38	full_chromosome_fasta_0_based_half_open	historical_paper_segmented_query_v1	historical_paper_full_target_v1	110752c4078bc2b300ad4e92e2495ea868c365486e540da7002fc3e19a18241a	2ad8d635150622239cc40cc6f2fbd402e3babbf2a9af8b60d62f6d3bd01d1df5	35ea375b8f035bee1aea703b398eeb5bb1cb2c29c3561734aca11bc242404255	89fc3f10b1282e37fa36e55e29e4e95b7a67e861390259778e37d9510d5b56b6
paper_core:c7_kcnq_max8_chr22__warmup:shift_0	historical_paper_core_available	historical_regression_only	c7_kcnq_max8_chr22	0:shift_0	.paper-artifacts/runtime-epoch-0-pre-freeze/phase2-core/c7_kcnq_max8_chr22__warmup__baseline__0/output/grids/shift_0/merged-common-TFOsorted	.paper-artifacts/runtime-epoch-0-pre-freeze/phase2-core/c7_kcnq_max8_chr22__warmup__candidate__0/output/grids/shift_0/merged-common-TFOsorted	be2c6aa210b1c1414ef9582a1a3efea101f25c4ffecf11f2b214072469aef258	be2c6aa210b1c1414ef9582a1a3efea101f25c4ffecf11f2b214072469aef258	.paper-artifacts/runtime-epoch-0-pre-freeze/phase2-core/c7_kcnq_max8_chr22__warmup__baseline__0/inputs/query.fa	.paper-artifacts/runtime-epoch-0-pre-freeze/phase2-core/c7_kcnq_max8_chr22__warmup__candidate__0/inputs/query.fa	.tmp/gasal2_hg38_archive_first_run/shards/chr22.fa	.tmp/gasal2_hg38_archive_first_run/shards/chr22.fa	0:91667	0:50818468	0	historical_paper_long_query_v1	KCNQ1OT1	024103fd35fd7309a45120a93f92a8f78a46790533f1e9d509856e85917bcc8b	historical_paper_full_chromosome_v1	chr22_full	a71d7250ee1bef5c444afa768f5fb4cac8d3c87e0b6ab76644c1a748e8d114b3	GRCh38	full_chromosome_fasta_0_based_half_open	historical_paper_segmented_query_v1	historical_paper_full_target_v1	110752c4078bc2b300ad4e92e2495ea868c365486e540da7002fc3e19a18241a	2ad8d635150622239cc40cc6f2fbd402e3babbf2a9af8b60d62f6d3bd01d1df5	86c4339f86d7efe4645c2fc7ecddf5b280088b2fa33a4456f9878ee88d05a98f	bdc1cb8c7e9026de72496e7dbea5b99c75b654abdbb6099d2de7f6a8bf187dff
paper_core:c7_kcnq_max8_chr22__warmup:shift_256	historical_paper_core_available	historical_regression_only	c7_kcnq_max8_chr22	0:shift_256	.paper-artifacts/runtime-epoch-0-pre-freeze/phase2-core/c7_kcnq_max8_chr22__warmup__baseline__0/output/grids/shift_256/merged-common-TFOsorted	.paper-artifacts/runtime-epoch-0-pre-freeze/phase2-core/c7_kcnq_max8_chr22__warmup__candidate__0/output/grids/shift_256/merged-common-TFOsorted	3046dd022b345ae036fd968ecdbd26e581955668a16a0d4c94d57dadb04e9953	3046dd022b345ae036fd968ecdbd26e581955668a16a0d4c94d57dadb04e9953	.paper-artifacts/runtime-epoch-0-pre-freeze/phase2-core/c7_kcnq_max8_chr22__warmup__baseline__0/inputs/query.fa	.paper-artifacts/runtime-epoch-0-pre-freeze/phase2-core/c7_kcnq_max8_chr22__warmup__candidate__0/inputs/query.fa	.tmp/gasal2_hg38_archive_first_run/shards/chr22.fa	.tmp/gasal2_hg38_archive_first_run/shards/chr22.fa	0:91667	0:50818468	0	historical_paper_long_query_v1	KCNQ1OT1	024103fd35fd7309a45120a93f92a8f78a46790533f1e9d509856e85917bcc8b	historical_paper_full_chromosome_v1	chr22_full	a71d7250ee1bef5c444afa768f5fb4cac8d3c87e0b6ab76644c1a748e8d114b3	GRCh38	full_chromosome_fasta_0_based_half_open	historical_paper_segmented_query_v1	historical_paper_full_target_v1	110752c4078bc2b300ad4e92e2495ea868c365486e540da7002fc3e19a18241a	2ad8d635150622239cc40cc6f2fbd402e3babbf2a9af8b60d62f6d3bd01d1df5	ae2e2ff4cb1c156cec3f46f1b9736f9040cd3db16dcbb20bb5c86ab2f96c2341	db3b639700689e3f4ccb770d5e953126911366c1bceabe785cefd70c43b694a8
paper_generalization:g01_malat1_5p_1024_chr11__pair01	historical_paper_generalization_available	historical_regression_only	g01_malat1_5p_1024_chr11	1	.paper-artifacts/runtime-epoch-0-pre-freeze/phase3-generalization/g01_malat1_5p_1024_chr11__pair01__baseline__0/output/chr11-MALAT1_0_1024-target-TFOsorted	.paper-artifacts/runtime-epoch-0-pre-freeze/phase3-generalization/g01_malat1_5p_1024_chr11__pair01__candidate__0/output/chr11-MALAT1_0_1024-target-TFOsorted	398db8d2764a9d676a16bdad024df8792464b1650ec25fa19c19ca951ccd2db3	7d48b0abf134966f830b448fe0e2b290c74e929ec20439968e9c061c4d850131	.paper-artifacts/runtime-epoch-0-pre-freeze/phase3-generalization/g01_malat1_5p_1024_chr11__pair01__baseline__0/inputs/query.fa	.paper-artifacts/runtime-epoch-0-pre-freeze/phase3-generalization/g01_malat1_5p_1024_chr11__pair01__candidate__0/inputs/query.fa	.paper-artifacts/runtime-epoch-0-pre-freeze/phase3-generalization/g01_malat1_5p_1024_chr11__pair01__baseline__0/inputs/target.fa	.paper-artifacts/runtime-epoch-0-pre-freeze/phase3-generalization/g01_malat1_5p_1024_chr11__pair01__candidate__0/inputs/target.fa	0:1024	0:2000000	66543311	historical_paper_query_fragment_v1	MALAT1:0-1024	20ad7cfcfb6ac1133cdbe9171227845d00bac1910b126d168dbb0a336aff6785	historical_paper_target_slice_v1	chr11_center_2mb	6384333d627f5c1c4b369f2d197c09bfddb9d8f930c204167a8be5e4d0b5cee0	GRCh38	source_fasta_0_based_half_open	historical_paper_query_slice_v1	historical_paper_target_slice_v1	110752c4078bc2b300ad4e92e2495ea868c365486e540da7002fc3e19a18241a	a63d1b82258ed6ab33dcf4daa08d18cbf1c867267e7c1f13c3a4261abbe2ca5a	24c4f4e885b098c9ca365d1ee5a3fa2d36ac30a572d0f9749448df4308e79ae2	ca4d21eeef46160744cba9b1abdefc37d4a4346c28f4110d689465ebb0846412
paper_generalization:g01_malat1_5p_1024_chr11__pair02	historical_paper_generalization_available	historical_regression_only	g01_malat1_5p_1024_chr11	2	.paper-artifacts/runtime-epoch-0-pre-freeze/phase3-generalization/g01_malat1_5p_1024_chr11__pair02__baseline__0/output/chr11-MALAT1_0_1024-target-TFOsorted	.paper-artifacts/runtime-epoch-0-pre-freeze/phase3-generalization/g01_malat1_5p_1024_chr11__pair02__candidate__0/output/chr11-MALAT1_0_1024-target-TFOsorted	398db8d2764a9d676a16bdad024df8792464b1650ec25fa19c19ca951ccd2db3	7d48b0abf134966f830b448fe0e2b290c74e929ec20439968e9c061c4d850131	.paper-artifacts/runtime-epoch-0-pre-freeze/phase3-generalization/g01_malat1_5p_1024_chr11__pair02__baseline__0/inputs/query.fa	.paper-artifacts/runtime-epoch-0-pre-freeze/phase3-generalization/g01_malat1_5p_1024_chr11__pair02__candidate__0/inputs/query.fa	.paper-artifacts/runtime-epoch-0-pre-freeze/phase3-generalization/g01_malat1_5p_1024_chr11__pair02__baseline__0/inputs/target.fa	.paper-artifacts/runtime-epoch-0-pre-freeze/phase3-generalization/g01_malat1_5p_1024_chr11__pair02__candidate__0/inputs/target.fa	0:1024	0:2000000	66543311	historical_paper_query_fragment_v1	MALAT1:0-1024	20ad7cfcfb6ac1133cdbe9171227845d00bac1910b126d168dbb0a336aff6785	historical_paper_target_slice_v1	chr11_center_2mb	6384333d627f5c1c4b369f2d197c09bfddb9d8f930c204167a8be5e4d0b5cee0	GRCh38	source_fasta_0_based_half_open	historical_paper_query_slice_v1	historical_paper_target_slice_v1	110752c4078bc2b300ad4e92e2495ea868c365486e540da7002fc3e19a18241a	a63d1b82258ed6ab33dcf4daa08d18cbf1c867267e7c1f13c3a4261abbe2ca5a	b31dc487114b0df8fb70808db38c0e81f4e5b0619ca30db85093169919f99fee	8149d1dc4233c0e465356e1271465a33e014c8ce9d449cc075d4e62fd3515657
paper_generalization:g01_malat1_5p_1024_chr11__pair03	historical_paper_generalization_available	historical_regression_only	g01_malat1_5p_1024_chr11	3	.paper-artifacts/runtime-epoch-0-pre-freeze/phase3-generalization/g01_malat1_5p_1024_chr11__pair03__baseline__0/output/chr11-MALAT1_0_1024-target-TFOsorted	.paper-artifacts/runtime-epoch-0-pre-freeze/phase3-generalization/g01_malat1_5p_1024_chr11__pair03__candidate__0/output/chr11-MALAT1_0_1024-target-TFOsorted	398db8d2764a9d676a16bdad024df8792464b1650ec25fa19c19ca951ccd2db3	7d48b0abf134966f830b448fe0e2b290c74e929ec20439968e9c061c4d850131	.paper-artifacts/runtime-epoch-0-pre-freeze/phase3-generalization/g01_malat1_5p_1024_chr11__pair03__baseline__0/inputs/query.fa	.paper-artifacts/runtime-epoch-0-pre-freeze/phase3-generalization/g01_malat1_5p_1024_chr11__pair03__candidate__0/inputs/query.fa	.paper-artifacts/runtime-epoch-0-pre-freeze/phase3-generalization/g01_malat1_5p_1024_chr11__pair03__baseline__0/inputs/target.fa	.paper-artifacts/runtime-epoch-0-pre-freeze/phase3-generalization/g01_malat1_5p_1024_chr11__pair03__candidate__0/inputs/target.fa	0:1024	0:2000000	66543311	historical_paper_query_fragment_v1	MALAT1:0-1024	20ad7cfcfb6ac1133cdbe9171227845d00bac1910b126d168dbb0a336aff6785	historical_paper_target_slice_v1	chr11_center_2mb	6384333d627f5c1c4b369f2d197c09bfddb9d8f930c204167a8be5e4d0b5cee0	GRCh38	source_fasta_0_based_half_open	historical_paper_query_slice_v1	historical_paper_target_slice_v1	110752c4078bc2b300ad4e92e2495ea868c365486e540da7002fc3e19a18241a	a63d1b82258ed6ab33dcf4daa08d18cbf1c867267e7c1f13c3a4261abbe2ca5a	e854ba4bfbdb963596280616e0de82db2315e1342de1bcb2c706dc918e2b5ca8	a5b1f6f60dd9195d76b52cdae0ff304387f00d3ee4f3c1c82799ec422717d0f0
paper_generalization:g01_malat1_5p_1024_chr11__warmup	historical_paper_generalization_available	historical_regression_only	g01_malat1_5p_1024_chr11	0	.paper-artifacts/runtime-epoch-0-pre-freeze/phase3-generalization/g01_malat1_5p_1024_chr11__warmup__baseline__0/output/chr11-MALAT1_0_1024-target-TFOsorted	.paper-artifacts/runtime-epoch-0-pre-freeze/phase3-generalization/g01_malat1_5p_1024_chr11__warmup__candidate__0/output/chr11-MALAT1_0_1024-target-TFOsorted	398db8d2764a9d676a16bdad024df8792464b1650ec25fa19c19ca951ccd2db3	7d48b0abf134966f830b448fe0e2b290c74e929ec20439968e9c061c4d850131	.paper-artifacts/runtime-epoch-0-pre-freeze/phase3-generalization/g01_malat1_5p_1024_chr11__warmup__baseline__0/inputs/query.fa	.paper-artifacts/runtime-epoch-0-pre-freeze/phase3-generalization/g01_malat1_5p_1024_chr11__warmup__candidate__0/inputs/query.fa	.paper-artifacts/runtime-epoch-0-pre-freeze/phase3-generalization/g01_malat1_5p_1024_chr11__warmup__baseline__0/inputs/target.fa	.paper-artifacts/runtime-epoch-0-pre-freeze/phase3-generalization/g01_malat1_5p_1024_chr11__warmup__candidate__0/inputs/target.fa	0:1024	0:2000000	66543311	historical_paper_query_fragment_v1	MALAT1:0-1024	20ad7cfcfb6ac1133cdbe9171227845d00bac1910b126d168dbb0a336aff6785	historical_paper_target_slice_v1	chr11_center_2mb	6384333d627f5c1c4b369f2d197c09bfddb9d8f930c204167a8be5e4d0b5cee0	GRCh38	source_fasta_0_based_half_open	historical_paper_query_slice_v1	historical_paper_target_slice_v1	110752c4078bc2b300ad4e92e2495ea868c365486e540da7002fc3e19a18241a	a63d1b82258ed6ab33dcf4daa08d18cbf1c867267e7c1f13c3a4261abbe2ca5a	d04a7517bf69163d5770a2376500e9ff8576d4c23adef96be79ec2458bded54f	7a8e5c27beeb71956c13a20b2d3d2c821ee76652576da4da4226492586819666
paper_generalization:g02_malat1_mid_2048_chr21__pair01	historical_paper_generalization_available	historical_regression_only	g02_malat1_mid_2048_chr21	1	.paper-artifacts/runtime-epoch-0-pre-freeze/phase3-generalization/g02_malat1_mid_2048_chr21__pair01__baseline__0/output/chr21-MALAT1_3330_5378-target-TFOsorted	.paper-artifacts/runtime-epoch-0-pre-freeze/phase3-generalization/g02_malat1_mid_2048_chr21__pair01__candidate__0/output/chr21-MALAT1_3330_5378-target-TFOsorted	88332897dd758fae639f4bbf5308a89fb6e5297094fcc5407540cda966ad0beb	d7063006ad6340c66fcca23401b5b0fc8e22e48f97d19b30270366c6c32fb93c	.paper-artifacts/runtime-epoch-0-pre-freeze/phase3-generalization/g02_malat1_mid_2048_chr21__pair01__baseline__0/inputs/query.fa	.paper-artifacts/runtime-epoch-0-pre-freeze/phase3-generalization/g02_malat1_mid_2048_chr21__pair01__candidate__0/inputs/query.fa	.paper-artifacts/runtime-epoch-0-pre-freeze/phase3-generalization/g02_malat1_mid_2048_chr21__pair01__baseline__0/inputs/target.fa	.paper-artifacts/runtime-epoch-0-pre-freeze/phase3-generalization/g02_malat1_mid_2048_chr21__pair01__candidate__0/inputs/target.fa	0:2048	0:2000000	22354991	historical_paper_query_fragment_v1	MALAT1:3330-5378	f05ed0b780d5b7ab4b02948049e113eeb918eec89055bab890a0276d82560356	historical_paper_target_slice_v1	chr21_center_2mb	faf3a197520e4163dac0f3b29f4b01cd2188563d6f4d3f852ffd8f3ccf07796a	GRCh38	source_fasta_0_based_half_open	historical_paper_query_slice_v1	historical_paper_target_slice_v1	110752c4078bc2b300ad4e92e2495ea868c365486e540da7002fc3e19a18241a	37be71fbfa1baa35b8ff161699d7d4c68e5d22801584005ce46dfcb608b1728a	9a5865fdcdef54d2b414850229cf17cfd53504c466d14dd04b144b6be45d6dc1	3d06e7691e633ae983a9d0bb46d414644d1bd57ea4db4eb7a6714e897a47b57a
paper_generalization:g02_malat1_mid_2048_chr21__pair02	historical_paper_generalization_available	historical_regression_only	g02_malat1_mid_2048_chr21	2	.paper-artifacts/runtime-epoch-0-pre-freeze/phase3-generalization/g02_malat1_mid_2048_chr21__pair02__baseline__0/output/chr21-MALAT1_3330_5378-target-TFOsorted	.paper-artifacts/runtime-epoch-0-pre-freeze/phase3-generalization/g02_malat1_mid_2048_chr21__pair02__candidate__0/output/chr21-MALAT1_3330_5378-target-TFOsorted	88332897dd758fae639f4bbf5308a89fb6e5297094fcc5407540cda966ad0beb	d7063006ad6340c66fcca23401b5b0fc8e22e48f97d19b30270366c6c32fb93c	.paper-artifacts/runtime-epoch-0-pre-freeze/phase3-generalization/g02_malat1_mid_2048_chr21__pair02__baseline__0/inputs/query.fa	.paper-artifacts/runtime-epoch-0-pre-freeze/phase3-generalization/g02_malat1_mid_2048_chr21__pair02__candidate__0/inputs/query.fa	.paper-artifacts/runtime-epoch-0-pre-freeze/phase3-generalization/g02_malat1_mid_2048_chr21__pair02__baseline__0/inputs/target.fa	.paper-artifacts/runtime-epoch-0-pre-freeze/phase3-generalization/g02_malat1_mid_2048_chr21__pair02__candidate__0/inputs/target.fa	0:2048	0:2000000	22354991	historical_paper_query_fragment_v1	MALAT1:3330-5378	f05ed0b780d5b7ab4b02948049e113eeb918eec89055bab890a0276d82560356	historical_paper_target_slice_v1	chr21_center_2mb	faf3a197520e4163dac0f3b29f4b01cd2188563d6f4d3f852ffd8f3ccf07796a	GRCh38	source_fasta_0_based_half_open	historical_paper_query_slice_v1	historical_paper_target_slice_v1	110752c4078bc2b300ad4e92e2495ea868c365486e540da7002fc3e19a18241a	37be71fbfa1baa35b8ff161699d7d4c68e5d22801584005ce46dfcb608b1728a	e11b28106b1704b29fa5b8e5ab2ac559bdf6307d0192d4e5a004e4ff42be73eb	e151451185644b22630603cf5561b8b82d959db9862dfed8fc78d8416a033e3e
paper_generalization:g02_malat1_mid_2048_chr21__pair03	historical_paper_generalization_available	historical_regression_only	g02_malat1_mid_2048_chr21	3	.paper-artifacts/runtime-epoch-0-pre-freeze/phase3-generalization/g02_malat1_mid_2048_chr21__pair03__baseline__0/output/chr21-MALAT1_3330_5378-target-TFOsorted	.paper-artifacts/runtime-epoch-0-pre-freeze/phase3-generalization/g02_malat1_mid_2048_chr21__pair03__candidate__0/output/chr21-MALAT1_3330_5378-target-TFOsorted	88332897dd758fae639f4bbf5308a89fb6e5297094fcc5407540cda966ad0beb	d7063006ad6340c66fcca23401b5b0fc8e22e48f97d19b30270366c6c32fb93c	.paper-artifacts/runtime-epoch-0-pre-freeze/phase3-generalization/g02_malat1_mid_2048_chr21__pair03__baseline__0/inputs/query.fa	.paper-artifacts/runtime-epoch-0-pre-freeze/phase3-generalization/g02_malat1_mid_2048_chr21__pair03__candidate__0/inputs/query.fa	.paper-artifacts/runtime-epoch-0-pre-freeze/phase3-generalization/g02_malat1_mid_2048_chr21__pair03__baseline__0/inputs/target.fa	.paper-artifacts/runtime-epoch-0-pre-freeze/phase3-generalization/g02_malat1_mid_2048_chr21__pair03__candidate__0/inputs/target.fa	0:2048	0:2000000	22354991	historical_paper_query_fragment_v1	MALAT1:3330-5378	f05ed0b780d5b7ab4b02948049e113eeb918eec89055bab890a0276d82560356	historical_paper_target_slice_v1	chr21_center_2mb	faf3a197520e4163dac0f3b29f4b01cd2188563d6f4d3f852ffd8f3ccf07796a	GRCh38	source_fasta_0_based_half_open	historical_paper_query_slice_v1	historical_paper_target_slice_v1	110752c4078bc2b300ad4e92e2495ea868c365486e540da7002fc3e19a18241a	37be71fbfa1baa35b8ff161699d7d4c68e5d22801584005ce46dfcb608b1728a	f870368490c389b1a49d1b4a9ec195adeaf7a8a554a83e4a5311519f550dc80e	e8aaea807c2894c63d5dfa0198d0db9e2a653998297074b35e843cd6924362f6
paper_generalization:g02_malat1_mid_2048_chr21__warmup	historical_paper_generalization_available	historical_regression_only	g02_malat1_mid_2048_chr21	0	.paper-artifacts/runtime-epoch-0-pre-freeze/phase3-generalization/g02_malat1_mid_2048_chr21__warmup__baseline__0/output/chr21-MALAT1_3330_5378-target-TFOsorted	.paper-artifacts/runtime-epoch-0-pre-freeze/phase3-generalization/g02_malat1_mid_2048_chr21__warmup__candidate__0/output/chr21-MALAT1_3330_5378-target-TFOsorted	88332897dd758fae639f4bbf5308a89fb6e5297094fcc5407540cda966ad0beb	d7063006ad6340c66fcca23401b5b0fc8e22e48f97d19b30270366c6c32fb93c	.paper-artifacts/runtime-epoch-0-pre-freeze/phase3-generalization/g02_malat1_mid_2048_chr21__warmup__baseline__0/inputs/query.fa	.paper-artifacts/runtime-epoch-0-pre-freeze/phase3-generalization/g02_malat1_mid_2048_chr21__warmup__candidate__0/inputs/query.fa	.paper-artifacts/runtime-epoch-0-pre-freeze/phase3-generalization/g02_malat1_mid_2048_chr21__warmup__baseline__0/inputs/target.fa	.paper-artifacts/runtime-epoch-0-pre-freeze/phase3-generalization/g02_malat1_mid_2048_chr21__warmup__candidate__0/inputs/target.fa	0:2048	0:2000000	22354991	historical_paper_query_fragment_v1	MALAT1:3330-5378	f05ed0b780d5b7ab4b02948049e113eeb918eec89055bab890a0276d82560356	historical_paper_target_slice_v1	chr21_center_2mb	faf3a197520e4163dac0f3b29f4b01cd2188563d6f4d3f852ffd8f3ccf07796a	GRCh38	source_fasta_0_based_half_open	historical_paper_query_slice_v1	historical_paper_target_slice_v1	110752c4078bc2b300ad4e92e2495ea868c365486e540da7002fc3e19a18241a	37be71fbfa1baa35b8ff161699d7d4c68e5d22801584005ce46dfcb608b1728a	141742b14fecaf81dd19fde137037e172ce269eeea5c7c339d9c2a33e34bc9ac	a542deaabb9045124340beec416753f582d52f694b6b0dc0eb422be0cdc14e14
paper_generalization:g03_malat1_3p_2812_chr22__pair01	historical_paper_generalization_available	historical_regression_only	g03_malat1_3p_2812_chr22	1	.paper-artifacts/runtime-epoch-0-pre-freeze/phase3-generalization/g03_malat1_3p_2812_chr22__pair01__baseline__0/output/chr22-MALAT1_5896_8708-target-TFOsorted	.paper-artifacts/runtime-epoch-0-pre-freeze/phase3-generalization/g03_malat1_3p_2812_chr22__pair01__candidate__0/output/chr22-MALAT1_5896_8708-target-TFOsorted	604282e3c3c82eb104103d079b1b35bfb25f2faa2f3ec8c4d1a6199071d7caa4	7260fbbb17c34d0dc9bf130196d41ed9a602891746b25b3f852102f04c11a699	.paper-artifacts/runtime-epoch-0-pre-freeze/phase3-generalization/g03_malat1_3p_2812_chr22__pair01__baseline__0/inputs/query.fa	.paper-artifacts/runtime-epoch-0-pre-freeze/phase3-generalization/g03_malat1_3p_2812_chr22__pair01__candidate__0/inputs/query.fa	.paper-artifacts/runtime-epoch-0-pre-freeze/phase3-generalization/g03_malat1_3p_2812_chr22__pair01__baseline__0/inputs/target.fa	.paper-artifacts/runtime-epoch-0-pre-freeze/phase3-generalization/g03_malat1_3p_2812_chr22__pair01__candidate__0/inputs/target.fa	0:2812	0:2000000	24409234	historical_paper_query_fragment_v1	MALAT1:5896-8708	980a17b15fa176766a43e2165396b763755c295539df773b5cd04448bf7e8a43	historical_paper_target_slice_v1	chr22_center_2mb	f3e9f6aea52328fa054bb54ffc044ab40c3dc1cb47e44e34f721a30ccb01bc97	GRCh38	source_fasta_0_based_half_open	historical_paper_query_slice_v1	historical_paper_target_slice_v1	110752c4078bc2b300ad4e92e2495ea868c365486e540da7002fc3e19a18241a	91e43cf4a2f0c652728c463f1a548875634d66a61785a2da629d2988ce1c178b	8d3268510e8adffaf25ae6641e86fefc078c29b7ab5974d3f38fbb6106a79a03	565bd64dc054888ec85903943262f037a5516f1d4217cc3b989d4267a69a0a35
paper_generalization:g03_malat1_3p_2812_chr22__pair02	historical_paper_generalization_available	historical_regression_only	g03_malat1_3p_2812_chr22	2	.paper-artifacts/runtime-epoch-0-pre-freeze/phase3-generalization/g03_malat1_3p_2812_chr22__pair02__baseline__0/output/chr22-MALAT1_5896_8708-target-TFOsorted	.paper-artifacts/runtime-epoch-0-pre-freeze/phase3-generalization/g03_malat1_3p_2812_chr22__pair02__candidate__0/output/chr22-MALAT1_5896_8708-target-TFOsorted	604282e3c3c82eb104103d079b1b35bfb25f2faa2f3ec8c4d1a6199071d7caa4	7260fbbb17c34d0dc9bf130196d41ed9a602891746b25b3f852102f04c11a699	.paper-artifacts/runtime-epoch-0-pre-freeze/phase3-generalization/g03_malat1_3p_2812_chr22__pair02__baseline__0/inputs/query.fa	.paper-artifacts/runtime-epoch-0-pre-freeze/phase3-generalization/g03_malat1_3p_2812_chr22__pair02__candidate__0/inputs/query.fa	.paper-artifacts/runtime-epoch-0-pre-freeze/phase3-generalization/g03_malat1_3p_2812_chr22__pair02__baseline__0/inputs/target.fa	.paper-artifacts/runtime-epoch-0-pre-freeze/phase3-generalization/g03_malat1_3p_2812_chr22__pair02__candidate__0/inputs/target.fa	0:2812	0:2000000	24409234	historical_paper_query_fragment_v1	MALAT1:5896-8708	980a17b15fa176766a43e2165396b763755c295539df773b5cd04448bf7e8a43	historical_paper_target_slice_v1	chr22_center_2mb	f3e9f6aea52328fa054bb54ffc044ab40c3dc1cb47e44e34f721a30ccb01bc97	GRCh38	source_fasta_0_based_half_open	historical_paper_query_slice_v1	historical_paper_target_slice_v1	110752c4078bc2b300ad4e92e2495ea868c365486e540da7002fc3e19a18241a	91e43cf4a2f0c652728c463f1a548875634d66a61785a2da629d2988ce1c178b	fa36f75d4a1299bd55b25d2a9efecb2262ecfbac52ed0f8aab450a05f4912fc0	2bee2178616cad9c5a534e281269eb00b6b07f8490dcad0a78ed2b944348a6a5
paper_generalization:g03_malat1_3p_2812_chr22__pair03	historical_paper_generalization_available	historical_regression_only	g03_malat1_3p_2812_chr22	3	.paper-artifacts/runtime-epoch-0-pre-freeze/phase3-generalization/g03_malat1_3p_2812_chr22__pair03__baseline__0/output/chr22-MALAT1_5896_8708-target-TFOsorted	.paper-artifacts/runtime-epoch-0-pre-freeze/phase3-generalization/g03_malat1_3p_2812_chr22__pair03__candidate__0/output/chr22-MALAT1_5896_8708-target-TFOsorted	604282e3c3c82eb104103d079b1b35bfb25f2faa2f3ec8c4d1a6199071d7caa4	7260fbbb17c34d0dc9bf130196d41ed9a602891746b25b3f852102f04c11a699	.paper-artifacts/runtime-epoch-0-pre-freeze/phase3-generalization/g03_malat1_3p_2812_chr22__pair03__baseline__0/inputs/query.fa	.paper-artifacts/runtime-epoch-0-pre-freeze/phase3-generalization/g03_malat1_3p_2812_chr22__pair03__candidate__0/inputs/query.fa	.paper-artifacts/runtime-epoch-0-pre-freeze/phase3-generalization/g03_malat1_3p_2812_chr22__pair03__baseline__0/inputs/target.fa	.paper-artifacts/runtime-epoch-0-pre-freeze/phase3-generalization/g03_malat1_3p_2812_chr22__pair03__candidate__0/inputs/target.fa	0:2812	0:2000000	24409234	historical_paper_query_fragment_v1	MALAT1:5896-8708	980a17b15fa176766a43e2165396b763755c295539df773b5cd04448bf7e8a43	historical_paper_target_slice_v1	chr22_center_2mb	f3e9f6aea52328fa054bb54ffc044ab40c3dc1cb47e44e34f721a30ccb01bc97	GRCh38	source_fasta_0_based_half_open	historical_paper_query_slice_v1	historical_paper_target_slice_v1	110752c4078bc2b300ad4e92e2495ea868c365486e540da7002fc3e19a18241a	91e43cf4a2f0c652728c463f1a548875634d66a61785a2da629d2988ce1c178b	e906d484802a9de7ef547a70f1d089a4afc75072930088aae0db23eea6506fcf	48d57409b69f676553dfa302f97ede26c3f304897d138dfe5a02b89a473b5919
paper_generalization:g03_malat1_3p_2812_chr22__warmup	historical_paper_generalization_available	historical_regression_only	g03_malat1_3p_2812_chr22	0	.paper-artifacts/runtime-epoch-0-pre-freeze/phase3-generalization/g03_malat1_3p_2812_chr22__warmup__baseline__0/output/chr22-MALAT1_5896_8708-target-TFOsorted	.paper-artifacts/runtime-epoch-0-pre-freeze/phase3-generalization/g03_malat1_3p_2812_chr22__warmup__candidate__0/output/chr22-MALAT1_5896_8708-target-TFOsorted	604282e3c3c82eb104103d079b1b35bfb25f2faa2f3ec8c4d1a6199071d7caa4	7260fbbb17c34d0dc9bf130196d41ed9a602891746b25b3f852102f04c11a699	.paper-artifacts/runtime-epoch-0-pre-freeze/phase3-generalization/g03_malat1_3p_2812_chr22__warmup__baseline__0/inputs/query.fa	.paper-artifacts/runtime-epoch-0-pre-freeze/phase3-generalization/g03_malat1_3p_2812_chr22__warmup__candidate__0/inputs/query.fa	.paper-artifacts/runtime-epoch-0-pre-freeze/phase3-generalization/g03_malat1_3p_2812_chr22__warmup__baseline__0/inputs/target.fa	.paper-artifacts/runtime-epoch-0-pre-freeze/phase3-generalization/g03_malat1_3p_2812_chr22__warmup__candidate__0/inputs/target.fa	0:2812	0:2000000	24409234	historical_paper_query_fragment_v1	MALAT1:5896-8708	980a17b15fa176766a43e2165396b763755c295539df773b5cd04448bf7e8a43	historical_paper_target_slice_v1	chr22_center_2mb	f3e9f6aea52328fa054bb54ffc044ab40c3dc1cb47e44e34f721a30ccb01bc97	GRCh38	source_fasta_0_based_half_open	historical_paper_query_slice_v1	historical_paper_target_slice_v1	110752c4078bc2b300ad4e92e2495ea868c365486e540da7002fc3e19a18241a	91e43cf4a2f0c652728c463f1a548875634d66a61785a2da629d2988ce1c178b	be5f8c0abf1618a11cd4c541e4543ae6391f1b5388ce73487cedcaa0cbbecff8	335f2c1373cef5be32a112aa806154ec518086b8e70f458eac23a58c930d5977
paper_generalization:g04_neat1_5p_2048_chr22__pair01	historical_paper_generalization_available	historical_regression_only	g04_neat1_5p_2048_chr22	1	.paper-artifacts/runtime-epoch-0-pre-freeze/phase3-generalization/g04_neat1_5p_2048_chr22__pair01__baseline__0/output/chr22-NEAT1_0_2048-target-TFOsorted	.paper-artifacts/runtime-epoch-0-pre-freeze/phase3-generalization/g04_neat1_5p_2048_chr22__pair01__candidate__0/output/chr22-NEAT1_0_2048-target-TFOsorted	cef520f44034aea6c22fb350a9709bcf76ea8b18f373f951bcfd134ca85cb62e	fd5ab6e11b298662fa25edf30f35bb180fda8e18212687cb2e6cf4e429db51ee	.paper-artifacts/runtime-epoch-0-pre-freeze/phase3-generalization/g04_neat1_5p_2048_chr22__pair01__baseline__0/inputs/query.fa	.paper-artifacts/runtime-epoch-0-pre-freeze/phase3-generalization/g04_neat1_5p_2048_chr22__pair01__candidate__0/inputs/query.fa	.paper-artifacts/runtime-epoch-0-pre-freeze/phase3-generalization/g04_neat1_5p_2048_chr22__pair01__baseline__0/inputs/target.fa	.paper-artifacts/runtime-epoch-0-pre-freeze/phase3-generalization/g04_neat1_5p_2048_chr22__pair01__candidate__0/inputs/target.fa	0:2048	0:2000000	24409234	historical_paper_query_fragment_v1	NEAT1:0-2048	ef19c282d5ceb65b2b231bf516633a83b8d3285b5cdf3e1b9f447c7af2163aeb	historical_paper_target_slice_v1	chr22_center_2mb	f3e9f6aea52328fa054bb54ffc044ab40c3dc1cb47e44e34f721a30ccb01bc97	GRCh38	source_fasta_0_based_half_open	historical_paper_query_slice_v1	historical_paper_target_slice_v1	110752c4078bc2b300ad4e92e2495ea868c365486e540da7002fc3e19a18241a	b541431677667f81b2a1d26c29804ee30662faf70893bd486db98fdccb63beb9	12405f2b434c144b1da2eab7b89a2a34c7fa98e4395b3c0a8a7158cf669a7c15	d6086af2e2a7aced96a50253950492cd67736505cbfad0c52a4dd5bf9bcd41d4
paper_generalization:g04_neat1_5p_2048_chr22__pair02	historical_paper_generalization_available	historical_regression_only	g04_neat1_5p_2048_chr22	2	.paper-artifacts/runtime-epoch-0-pre-freeze/phase3-generalization/g04_neat1_5p_2048_chr22__pair02__baseline__0/output/chr22-NEAT1_0_2048-target-TFOsorted	.paper-artifacts/runtime-epoch-0-pre-freeze/phase3-generalization/g04_neat1_5p_2048_chr22__pair02__candidate__0/output/chr22-NEAT1_0_2048-target-TFOsorted	cef520f44034aea6c22fb350a9709bcf76ea8b18f373f951bcfd134ca85cb62e	fd5ab6e11b298662fa25edf30f35bb180fda8e18212687cb2e6cf4e429db51ee	.paper-artifacts/runtime-epoch-0-pre-freeze/phase3-generalization/g04_neat1_5p_2048_chr22__pair02__baseline__0/inputs/query.fa	.paper-artifacts/runtime-epoch-0-pre-freeze/phase3-generalization/g04_neat1_5p_2048_chr22__pair02__candidate__0/inputs/query.fa	.paper-artifacts/runtime-epoch-0-pre-freeze/phase3-generalization/g04_neat1_5p_2048_chr22__pair02__baseline__0/inputs/target.fa	.paper-artifacts/runtime-epoch-0-pre-freeze/phase3-generalization/g04_neat1_5p_2048_chr22__pair02__candidate__0/inputs/target.fa	0:2048	0:2000000	24409234	historical_paper_query_fragment_v1	NEAT1:0-2048	ef19c282d5ceb65b2b231bf516633a83b8d3285b5cdf3e1b9f447c7af2163aeb	historical_paper_target_slice_v1	chr22_center_2mb	f3e9f6aea52328fa054bb54ffc044ab40c3dc1cb47e44e34f721a30ccb01bc97	GRCh38	source_fasta_0_based_half_open	historical_paper_query_slice_v1	historical_paper_target_slice_v1	110752c4078bc2b300ad4e92e2495ea868c365486e540da7002fc3e19a18241a	b541431677667f81b2a1d26c29804ee30662faf70893bd486db98fdccb63beb9	4bbd3baab7464b116b3be56dbf770a9c7411708f031faae30b26677b7a07c964	f2b6d9e302fa22f39be17baf214e59e85db539edf7aed120d3d15801eaf5c37f
paper_generalization:g04_neat1_5p_2048_chr22__pair03	historical_paper_generalization_available	historical_regression_only	g04_neat1_5p_2048_chr22	3	.paper-artifacts/runtime-epoch-0-pre-freeze/phase3-generalization/g04_neat1_5p_2048_chr22__pair03__baseline__0/output/chr22-NEAT1_0_2048-target-TFOsorted	.paper-artifacts/runtime-epoch-0-pre-freeze/phase3-generalization/g04_neat1_5p_2048_chr22__pair03__candidate__0/output/chr22-NEAT1_0_2048-target-TFOsorted	cef520f44034aea6c22fb350a9709bcf76ea8b18f373f951bcfd134ca85cb62e	fd5ab6e11b298662fa25edf30f35bb180fda8e18212687cb2e6cf4e429db51ee	.paper-artifacts/runtime-epoch-0-pre-freeze/phase3-generalization/g04_neat1_5p_2048_chr22__pair03__baseline__0/inputs/query.fa	.paper-artifacts/runtime-epoch-0-pre-freeze/phase3-generalization/g04_neat1_5p_2048_chr22__pair03__candidate__0/inputs/query.fa	.paper-artifacts/runtime-epoch-0-pre-freeze/phase3-generalization/g04_neat1_5p_2048_chr22__pair03__baseline__0/inputs/target.fa	.paper-artifacts/runtime-epoch-0-pre-freeze/phase3-generalization/g04_neat1_5p_2048_chr22__pair03__candidate__0/inputs/target.fa	0:2048	0:2000000	24409234	historical_paper_query_fragment_v1	NEAT1:0-2048	ef19c282d5ceb65b2b231bf516633a83b8d3285b5cdf3e1b9f447c7af2163aeb	historical_paper_target_slice_v1	chr22_center_2mb	f3e9f6aea52328fa054bb54ffc044ab40c3dc1cb47e44e34f721a30ccb01bc97	GRCh38	source_fasta_0_based_half_open	historical_paper_query_slice_v1	historical_paper_target_slice_v1	110752c4078bc2b300ad4e92e2495ea868c365486e540da7002fc3e19a18241a	b541431677667f81b2a1d26c29804ee30662faf70893bd486db98fdccb63beb9	a17a9228dfa83ae737a91b01ba16958ab1be65b533dc943336fa1b84fdc6a3f7	8f22e261f46b71309d79f1cd1f3027f5c0337efaa3cc3447bac023c61cf923d5
paper_generalization:g04_neat1_5p_2048_chr22__warmup	historical_paper_generalization_available	historical_regression_only	g04_neat1_5p_2048_chr22	0	.paper-artifacts/runtime-epoch-0-pre-freeze/phase3-generalization/g04_neat1_5p_2048_chr22__warmup__baseline__0/output/chr22-NEAT1_0_2048-target-TFOsorted	.paper-artifacts/runtime-epoch-0-pre-freeze/phase3-generalization/g04_neat1_5p_2048_chr22__warmup__candidate__0/output/chr22-NEAT1_0_2048-target-TFOsorted	cef520f44034aea6c22fb350a9709bcf76ea8b18f373f951bcfd134ca85cb62e	fd5ab6e11b298662fa25edf30f35bb180fda8e18212687cb2e6cf4e429db51ee	.paper-artifacts/runtime-epoch-0-pre-freeze/phase3-generalization/g04_neat1_5p_2048_chr22__warmup__baseline__0/inputs/query.fa	.paper-artifacts/runtime-epoch-0-pre-freeze/phase3-generalization/g04_neat1_5p_2048_chr22__warmup__candidate__0/inputs/query.fa	.paper-artifacts/runtime-epoch-0-pre-freeze/phase3-generalization/g04_neat1_5p_2048_chr22__warmup__baseline__0/inputs/target.fa	.paper-artifacts/runtime-epoch-0-pre-freeze/phase3-generalization/g04_neat1_5p_2048_chr22__warmup__candidate__0/inputs/target.fa	0:2048	0:2000000	24409234	historical_paper_query_fragment_v1	NEAT1:0-2048	ef19c282d5ceb65b2b231bf516633a83b8d3285b5cdf3e1b9f447c7af2163aeb	historical_paper_target_slice_v1	chr22_center_2mb	f3e9f6aea52328fa054bb54ffc044ab40c3dc1cb47e44e34f721a30ccb01bc97	GRCh38	source_fasta_0_based_half_open	historical_paper_query_slice_v1	historical_paper_target_slice_v1	110752c4078bc2b300ad4e92e2495ea868c365486e540da7002fc3e19a18241a	b541431677667f81b2a1d26c29804ee30662faf70893bd486db98fdccb63beb9	fa8c2823fcacb8eeeec3e65bc69dc9d07ead6840ee3d3467d735001d753f45a4	15beba2fb76e13ebbcc61d90273e2f6d7074e75d9e646e49d91209fc9e7ee59b
paper_generalization:g05_neat1_mid_2812_chr11__pair01	historical_paper_generalization_available	historical_regression_only	g05_neat1_mid_2812_chr11	1	.paper-artifacts/runtime-epoch-0-pre-freeze/phase3-generalization/g05_neat1_mid_2812_chr11__pair01__baseline__0/output/chr11-NEAT1_9977_12789-target-TFOsorted	.paper-artifacts/runtime-epoch-0-pre-freeze/phase3-generalization/g05_neat1_mid_2812_chr11__pair01__candidate__0/output/chr11-NEAT1_9977_12789-target-TFOsorted	9dc80d9d7c42d79064dd5dd1610de46a42a243ca881ed61a0efc4da8188b3665	244ebf409ece528faa4730124cb8ce31fd65659d41c8eb547c8f518a3360d476	.paper-artifacts/runtime-epoch-0-pre-freeze/phase3-generalization/g05_neat1_mid_2812_chr11__pair01__baseline__0/inputs/query.fa	.paper-artifacts/runtime-epoch-0-pre-freeze/phase3-generalization/g05_neat1_mid_2812_chr11__pair01__candidate__0/inputs/query.fa	.paper-artifacts/runtime-epoch-0-pre-freeze/phase3-generalization/g05_neat1_mid_2812_chr11__pair01__baseline__0/inputs/target.fa	.paper-artifacts/runtime-epoch-0-pre-freeze/phase3-generalization/g05_neat1_mid_2812_chr11__pair01__candidate__0/inputs/target.fa	0:2812	0:2000000	66543311	historical_paper_query_fragment_v1	NEAT1:9977-12789	5520cd65a2d47eafec7ebd959cccda5e35bc6ca039bc798eebb6f61c5779e460	historical_paper_target_slice_v1	chr11_center_2mb	6384333d627f5c1c4b369f2d197c09bfddb9d8f930c204167a8be5e4d0b5cee0	GRCh38	source_fasta_0_based_half_open	historical_paper_query_slice_v1	historical_paper_target_slice_v1	110752c4078bc2b300ad4e92e2495ea868c365486e540da7002fc3e19a18241a	258b838343092893f6a24023152f14a77d76b0b953b095893fcdff60feaa3f86	9ee0c5cd02f6f0d692e68bbf1053cbda7a17e82a501d0be7051046fda5efb32c	7d1a02328017023e640e6006b25012e4d88799a6212639803269233ca57311fd
paper_generalization:g05_neat1_mid_2812_chr11__pair02	historical_paper_generalization_available	historical_regression_only	g05_neat1_mid_2812_chr11	2	.paper-artifacts/runtime-epoch-0-pre-freeze/phase3-generalization/g05_neat1_mid_2812_chr11__pair02__baseline__0/output/chr11-NEAT1_9977_12789-target-TFOsorted	.paper-artifacts/runtime-epoch-0-pre-freeze/phase3-generalization/g05_neat1_mid_2812_chr11__pair02__candidate__0/output/chr11-NEAT1_9977_12789-target-TFOsorted	9dc80d9d7c42d79064dd5dd1610de46a42a243ca881ed61a0efc4da8188b3665	dd91a8c6ddad6d41770feaf33479247801075ed9cd5e06ee33a6101d266a609a	.paper-artifacts/runtime-epoch-0-pre-freeze/phase3-generalization/g05_neat1_mid_2812_chr11__pair02__baseline__0/inputs/query.fa	.paper-artifacts/runtime-epoch-0-pre-freeze/phase3-generalization/g05_neat1_mid_2812_chr11__pair02__candidate__0/inputs/query.fa	.paper-artifacts/runtime-epoch-0-pre-freeze/phase3-generalization/g05_neat1_mid_2812_chr11__pair02__baseline__0/inputs/target.fa	.paper-artifacts/runtime-epoch-0-pre-freeze/phase3-generalization/g05_neat1_mid_2812_chr11__pair02__candidate__0/inputs/target.fa	0:2812	0:2000000	66543311	historical_paper_query_fragment_v1	NEAT1:9977-12789	5520cd65a2d47eafec7ebd959cccda5e35bc6ca039bc798eebb6f61c5779e460	historical_paper_target_slice_v1	chr11_center_2mb	6384333d627f5c1c4b369f2d197c09bfddb9d8f930c204167a8be5e4d0b5cee0	GRCh38	source_fasta_0_based_half_open	historical_paper_query_slice_v1	historical_paper_target_slice_v1	110752c4078bc2b300ad4e92e2495ea868c365486e540da7002fc3e19a18241a	258b838343092893f6a24023152f14a77d76b0b953b095893fcdff60feaa3f86	d9711e9ed0284156841f1b03d6d18fedbf20af60071adde98ad00613f79324f1	764df6db958959ef96279cf3c2ba3e4ca69f57bdd37b9bf693755639896d538f
paper_generalization:g05_neat1_mid_2812_chr11__pair03	historical_paper_generalization_available	historical_regression_only	g05_neat1_mid_2812_chr11	3	.paper-artifacts/runtime-epoch-0-pre-freeze/phase3-generalization/g05_neat1_mid_2812_chr11__pair03__baseline__0/output/chr11-NEAT1_9977_12789-target-TFOsorted	.paper-artifacts/runtime-epoch-0-pre-freeze/phase3-generalization/g05_neat1_mid_2812_chr11__pair03__candidate__0/output/chr11-NEAT1_9977_12789-target-TFOsorted	9dc80d9d7c42d79064dd5dd1610de46a42a243ca881ed61a0efc4da8188b3665	5ab8ae3fbcbbc1da3f854fc6bd0dce8bfc5b00e2d20af10e2721b178c35861a2	.paper-artifacts/runtime-epoch-0-pre-freeze/phase3-generalization/g05_neat1_mid_2812_chr11__pair03__baseline__0/inputs/query.fa	.paper-artifacts/runtime-epoch-0-pre-freeze/phase3-generalization/g05_neat1_mid_2812_chr11__pair03__candidate__0/inputs/query.fa	.paper-artifacts/runtime-epoch-0-pre-freeze/phase3-generalization/g05_neat1_mid_2812_chr11__pair03__baseline__0/inputs/target.fa	.paper-artifacts/runtime-epoch-0-pre-freeze/phase3-generalization/g05_neat1_mid_2812_chr11__pair03__candidate__0/inputs/target.fa	0:2812	0:2000000	66543311	historical_paper_query_fragment_v1	NEAT1:9977-12789	5520cd65a2d47eafec7ebd959cccda5e35bc6ca039bc798eebb6f61c5779e460	historical_paper_target_slice_v1	chr11_center_2mb	6384333d627f5c1c4b369f2d197c09bfddb9d8f930c204167a8be5e4d0b5cee0	GRCh38	source_fasta_0_based_half_open	historical_paper_query_slice_v1	historical_paper_target_slice_v1	110752c4078bc2b300ad4e92e2495ea868c365486e540da7002fc3e19a18241a	258b838343092893f6a24023152f14a77d76b0b953b095893fcdff60feaa3f86	d5ae2e6ad870a1026dd4c6755fa7516b9e6b6605b458974399fd0083c07f3e31	06f9cc14794ae10f212a4fcb2d34054524c0cef7e1ae0ee85620255deaf187bb
paper_generalization:g05_neat1_mid_2812_chr11__warmup	historical_paper_generalization_available	historical_regression_only	g05_neat1_mid_2812_chr11	0	.paper-artifacts/runtime-epoch-0-pre-freeze/phase3-generalization/g05_neat1_mid_2812_chr11__warmup__baseline__0/output/chr11-NEAT1_9977_12789-target-TFOsorted	.paper-artifacts/runtime-epoch-0-pre-freeze/phase3-generalization/g05_neat1_mid_2812_chr11__warmup__candidate__0/output/chr11-NEAT1_9977_12789-target-TFOsorted	9dc80d9d7c42d79064dd5dd1610de46a42a243ca881ed61a0efc4da8188b3665	64d0be5a9f73118eaecb79954fb8d434d5dc2c778e6b7c6b11da3381c1ba04d7	.paper-artifacts/runtime-epoch-0-pre-freeze/phase3-generalization/g05_neat1_mid_2812_chr11__warmup__baseline__0/inputs/query.fa	.paper-artifacts/runtime-epoch-0-pre-freeze/phase3-generalization/g05_neat1_mid_2812_chr11__warmup__candidate__0/inputs/query.fa	.paper-artifacts/runtime-epoch-0-pre-freeze/phase3-generalization/g05_neat1_mid_2812_chr11__warmup__baseline__0/inputs/target.fa	.paper-artifacts/runtime-epoch-0-pre-freeze/phase3-generalization/g05_neat1_mid_2812_chr11__warmup__candidate__0/inputs/target.fa	0:2812	0:2000000	66543311	historical_paper_query_fragment_v1	NEAT1:9977-12789	5520cd65a2d47eafec7ebd959cccda5e35bc6ca039bc798eebb6f61c5779e460	historical_paper_target_slice_v1	chr11_center_2mb	6384333d627f5c1c4b369f2d197c09bfddb9d8f930c204167a8be5e4d0b5cee0	GRCh38	source_fasta_0_based_half_open	historical_paper_query_slice_v1	historical_paper_target_slice_v1	110752c4078bc2b300ad4e92e2495ea868c365486e540da7002fc3e19a18241a	258b838343092893f6a24023152f14a77d76b0b953b095893fcdff60feaa3f86	a06c845c19966aeee062c27a6a8f71f50b2e09c739065723573e2cfc0e2b1159	2761d4f46824e6fc6e9ca1b96e2eb3525185656cc5f090d407d8ee1c30dda8db
paper_generalization:g06_neat1_3p_1024_chr21__pair01	historical_paper_generalization_available	historical_regression_only	g06_neat1_3p_1024_chr21	1	.paper-artifacts/runtime-epoch-0-pre-freeze/phase3-generalization/g06_neat1_3p_1024_chr21__pair01__baseline__0/output/chr21-NEAT1_21743_22767-target-TFOsorted	.paper-artifacts/runtime-epoch-0-pre-freeze/phase3-generalization/g06_neat1_3p_1024_chr21__pair01__candidate__0/output/chr21-NEAT1_21743_22767-target-TFOsorted	b4af9d00385a972bbf3a0e98dc935daf6218be806148b36f016a3e61c0d370a2	abd52c2bde13d1d8ff639ef8234b695cbff8660a827dee1fbb2a875f601df8dd	.paper-artifacts/runtime-epoch-0-pre-freeze/phase3-generalization/g06_neat1_3p_1024_chr21__pair01__baseline__0/inputs/query.fa	.paper-artifacts/runtime-epoch-0-pre-freeze/phase3-generalization/g06_neat1_3p_1024_chr21__pair01__candidate__0/inputs/query.fa	.paper-artifacts/runtime-epoch-0-pre-freeze/phase3-generalization/g06_neat1_3p_1024_chr21__pair01__baseline__0/inputs/target.fa	.paper-artifacts/runtime-epoch-0-pre-freeze/phase3-generalization/g06_neat1_3p_1024_chr21__pair01__candidate__0/inputs/target.fa	0:1024	0:2000000	22354991	historical_paper_query_fragment_v1	NEAT1:21743-22767	ac765d5fc312a1172951a694ec844f61420c7f011b6c6924ae6db38990f0a911	historical_paper_target_slice_v1	chr21_center_2mb	faf3a197520e4163dac0f3b29f4b01cd2188563d6f4d3f852ffd8f3ccf07796a	GRCh38	source_fasta_0_based_half_open	historical_paper_query_slice_v1	historical_paper_target_slice_v1	110752c4078bc2b300ad4e92e2495ea868c365486e540da7002fc3e19a18241a	602dd74b8d2fdf324a85e40a50f7376aed9753f4ed60833f1bf7f75a6aa5f094	ce5499d2e903db5c9955cdeeb34f9b84871e82ff08d0a080ead6664bee28a526	5c5741a56cea201eaddb549bccdc9c97478fce34793c27f2a6aff162c867375d
paper_generalization:g06_neat1_3p_1024_chr21__pair02	historical_paper_generalization_available	historical_regression_only	g06_neat1_3p_1024_chr21	2	.paper-artifacts/runtime-epoch-0-pre-freeze/phase3-generalization/g06_neat1_3p_1024_chr21__pair02__baseline__0/output/chr21-NEAT1_21743_22767-target-TFOsorted	.paper-artifacts/runtime-epoch-0-pre-freeze/phase3-generalization/g06_neat1_3p_1024_chr21__pair02__candidate__0/output/chr21-NEAT1_21743_22767-target-TFOsorted	b4af9d00385a972bbf3a0e98dc935daf6218be806148b36f016a3e61c0d370a2	abd52c2bde13d1d8ff639ef8234b695cbff8660a827dee1fbb2a875f601df8dd	.paper-artifacts/runtime-epoch-0-pre-freeze/phase3-generalization/g06_neat1_3p_1024_chr21__pair02__baseline__0/inputs/query.fa	.paper-artifacts/runtime-epoch-0-pre-freeze/phase3-generalization/g06_neat1_3p_1024_chr21__pair02__candidate__0/inputs/query.fa	.paper-artifacts/runtime-epoch-0-pre-freeze/phase3-generalization/g06_neat1_3p_1024_chr21__pair02__baseline__0/inputs/target.fa	.paper-artifacts/runtime-epoch-0-pre-freeze/phase3-generalization/g06_neat1_3p_1024_chr21__pair02__candidate__0/inputs/target.fa	0:1024	0:2000000	22354991	historical_paper_query_fragment_v1	NEAT1:21743-22767	ac765d5fc312a1172951a694ec844f61420c7f011b6c6924ae6db38990f0a911	historical_paper_target_slice_v1	chr21_center_2mb	faf3a197520e4163dac0f3b29f4b01cd2188563d6f4d3f852ffd8f3ccf07796a	GRCh38	source_fasta_0_based_half_open	historical_paper_query_slice_v1	historical_paper_target_slice_v1	110752c4078bc2b300ad4e92e2495ea868c365486e540da7002fc3e19a18241a	602dd74b8d2fdf324a85e40a50f7376aed9753f4ed60833f1bf7f75a6aa5f094	044acb8e9bcd74b4463c108c180dc79ffcd0b223b4aec83b738499a4a6de4ac4	35d55d1bde2ee0a311da774b5066cbbdcaa1cc7f349d55dac9e963c07dd7ff31
paper_generalization:g06_neat1_3p_1024_chr21__pair03	historical_paper_generalization_available	historical_regression_only	g06_neat1_3p_1024_chr21	3	.paper-artifacts/runtime-epoch-0-pre-freeze/phase3-generalization/g06_neat1_3p_1024_chr21__pair03__baseline__0/output/chr21-NEAT1_21743_22767-target-TFOsorted	.paper-artifacts/runtime-epoch-0-pre-freeze/phase3-generalization/g06_neat1_3p_1024_chr21__pair03__candidate__0/output/chr21-NEAT1_21743_22767-target-TFOsorted	b4af9d00385a972bbf3a0e98dc935daf6218be806148b36f016a3e61c0d370a2	abd52c2bde13d1d8ff639ef8234b695cbff8660a827dee1fbb2a875f601df8dd	.paper-artifacts/runtime-epoch-0-pre-freeze/phase3-generalization/g06_neat1_3p_1024_chr21__pair03__baseline__0/inputs/query.fa	.paper-artifacts/runtime-epoch-0-pre-freeze/phase3-generalization/g06_neat1_3p_1024_chr21__pair03__candidate__0/inputs/query.fa	.paper-artifacts/runtime-epoch-0-pre-freeze/phase3-generalization/g06_neat1_3p_1024_chr21__pair03__baseline__0/inputs/target.fa	.paper-artifacts/runtime-epoch-0-pre-freeze/phase3-generalization/g06_neat1_3p_1024_chr21__pair03__candidate__0/inputs/target.fa	0:1024	0:2000000	22354991	historical_paper_query_fragment_v1	NEAT1:21743-22767	ac765d5fc312a1172951a694ec844f61420c7f011b6c6924ae6db38990f0a911	historical_paper_target_slice_v1	chr21_center_2mb	faf3a197520e4163dac0f3b29f4b01cd2188563d6f4d3f852ffd8f3ccf07796a	GRCh38	source_fasta_0_based_half_open	historical_paper_query_slice_v1	historical_paper_target_slice_v1	110752c4078bc2b300ad4e92e2495ea868c365486e540da7002fc3e19a18241a	602dd74b8d2fdf324a85e40a50f7376aed9753f4ed60833f1bf7f75a6aa5f094	64248c931a4b845ead4be30d035c48dc048076cef237cfbe64d183fd63f3d8b0	577b3606e5430e80f0cbd676d2c1a928d44041911bae86abcd1b5403fc14b521
paper_generalization:g06_neat1_3p_1024_chr21__warmup	historical_paper_generalization_available	historical_regression_only	g06_neat1_3p_1024_chr21	0	.paper-artifacts/runtime-epoch-0-pre-freeze/phase3-generalization/g06_neat1_3p_1024_chr21__warmup__baseline__0/output/chr21-NEAT1_21743_22767-target-TFOsorted	.paper-artifacts/runtime-epoch-0-pre-freeze/phase3-generalization/g06_neat1_3p_1024_chr21__warmup__candidate__0/output/chr21-NEAT1_21743_22767-target-TFOsorted	b4af9d00385a972bbf3a0e98dc935daf6218be806148b36f016a3e61c0d370a2	abd52c2bde13d1d8ff639ef8234b695cbff8660a827dee1fbb2a875f601df8dd	.paper-artifacts/runtime-epoch-0-pre-freeze/phase3-generalization/g06_neat1_3p_1024_chr21__warmup__baseline__0/inputs/query.fa	.paper-artifacts/runtime-epoch-0-pre-freeze/phase3-generalization/g06_neat1_3p_1024_chr21__warmup__candidate__0/inputs/query.fa	.paper-artifacts/runtime-epoch-0-pre-freeze/phase3-generalization/g06_neat1_3p_1024_chr21__warmup__baseline__0/inputs/target.fa	.paper-artifacts/runtime-epoch-0-pre-freeze/phase3-generalization/g06_neat1_3p_1024_chr21__warmup__candidate__0/inputs/target.fa	0:1024	0:2000000	22354991	historical_paper_query_fragment_v1	NEAT1:21743-22767	ac765d5fc312a1172951a694ec844f61420c7f011b6c6924ae6db38990f0a911	historical_paper_target_slice_v1	chr21_center_2mb	faf3a197520e4163dac0f3b29f4b01cd2188563d6f4d3f852ffd8f3ccf07796a	GRCh38	source_fasta_0_based_half_open	historical_paper_query_slice_v1	historical_paper_target_slice_v1	110752c4078bc2b300ad4e92e2495ea868c365486e540da7002fc3e19a18241a	602dd74b8d2fdf324a85e40a50f7376aed9753f4ed60833f1bf7f75a6aa5f094	14241f8a5d95d8bc091f958536afb65679adae3b14d2aef60b4e56ba6e9b36de	89b7e7264e49d58578e53b145242ba80e81990e1f9aa7a1ab98d6f37e3e26b08
paper_generalization:g07_kcnq1ot1_5p_2812_chr21__pair01	historical_paper_generalization_available	historical_regression_only	g07_kcnq1ot1_5p_2812_chr21	1	.paper-artifacts/runtime-epoch-0-pre-freeze/phase3-generalization/g07_kcnq1ot1_5p_2812_chr21__pair01__baseline__0/output/chr21-ENST00000597346.1_0_2812-target-TFOsorted	.paper-artifacts/runtime-epoch-0-pre-freeze/phase3-generalization/g07_kcnq1ot1_5p_2812_chr21__pair01__candidate__0/output/chr21-ENST00000597346.1_0_2812-target-TFOsorted	538d2af5b3bb47e8b74f33f00462c6824bba73fd4b250f2658e1f6584f287ada	cc12b0786b4fd4f43f586afe4da90c65899f66e8ce53f8084f6f9e698dbebbb4	.paper-artifacts/runtime-epoch-0-pre-freeze/phase3-generalization/g07_kcnq1ot1_5p_2812_chr21__pair01__baseline__0/inputs/query.fa	.paper-artifacts/runtime-epoch-0-pre-freeze/phase3-generalization/g07_kcnq1ot1_5p_2812_chr21__pair01__candidate__0/inputs/query.fa	.paper-artifacts/runtime-epoch-0-pre-freeze/phase3-generalization/g07_kcnq1ot1_5p_2812_chr21__pair01__baseline__0/inputs/target.fa	.paper-artifacts/runtime-epoch-0-pre-freeze/phase3-generalization/g07_kcnq1ot1_5p_2812_chr21__pair01__candidate__0/inputs/target.fa	0:2812	0:2000000	22354991	historical_paper_query_fragment_v1	KCNQ1OT1:0-2812	1fae4a9b32a7512568f1774dbeb2ed974ebe0b153e3bc4e809f5e756cb42816b	historical_paper_target_slice_v1	chr21_center_2mb	faf3a197520e4163dac0f3b29f4b01cd2188563d6f4d3f852ffd8f3ccf07796a	GRCh38	source_fasta_0_based_half_open	historical_paper_query_slice_v1	historical_paper_target_slice_v1	110752c4078bc2b300ad4e92e2495ea868c365486e540da7002fc3e19a18241a	5a7a021fd24c7882a1c9cd47dedc0bb0b2032173507250b98e92f6b097909f3c	e27757c1eec24bec5d0b0dfd0fe7e06ec5347704357e2dcdd0f3dfd2229939fa	a66a0a261965c4474491b04e0f11076fb47ba63d01dec9e487da21f0bad67b8f
paper_generalization:g07_kcnq1ot1_5p_2812_chr21__pair02	historical_paper_generalization_available	historical_regression_only	g07_kcnq1ot1_5p_2812_chr21	2	.paper-artifacts/runtime-epoch-0-pre-freeze/phase3-generalization/g07_kcnq1ot1_5p_2812_chr21__pair02__baseline__0/output/chr21-ENST00000597346.1_0_2812-target-TFOsorted	.paper-artifacts/runtime-epoch-0-pre-freeze/phase3-generalization/g07_kcnq1ot1_5p_2812_chr21__pair02__candidate__0/output/chr21-ENST00000597346.1_0_2812-target-TFOsorted	538d2af5b3bb47e8b74f33f00462c6824bba73fd4b250f2658e1f6584f287ada	cc12b0786b4fd4f43f586afe4da90c65899f66e8ce53f8084f6f9e698dbebbb4	.paper-artifacts/runtime-epoch-0-pre-freeze/phase3-generalization/g07_kcnq1ot1_5p_2812_chr21__pair02__baseline__0/inputs/query.fa	.paper-artifacts/runtime-epoch-0-pre-freeze/phase3-generalization/g07_kcnq1ot1_5p_2812_chr21__pair02__candidate__0/inputs/query.fa	.paper-artifacts/runtime-epoch-0-pre-freeze/phase3-generalization/g07_kcnq1ot1_5p_2812_chr21__pair02__baseline__0/inputs/target.fa	.paper-artifacts/runtime-epoch-0-pre-freeze/phase3-generalization/g07_kcnq1ot1_5p_2812_chr21__pair02__candidate__0/inputs/target.fa	0:2812	0:2000000	22354991	historical_paper_query_fragment_v1	KCNQ1OT1:0-2812	1fae4a9b32a7512568f1774dbeb2ed974ebe0b153e3bc4e809f5e756cb42816b	historical_paper_target_slice_v1	chr21_center_2mb	faf3a197520e4163dac0f3b29f4b01cd2188563d6f4d3f852ffd8f3ccf07796a	GRCh38	source_fasta_0_based_half_open	historical_paper_query_slice_v1	historical_paper_target_slice_v1	110752c4078bc2b300ad4e92e2495ea868c365486e540da7002fc3e19a18241a	5a7a021fd24c7882a1c9cd47dedc0bb0b2032173507250b98e92f6b097909f3c	76cba300cd407863d7de613b4bcecb664188d13a2379090aee8cd365f4bb7eb9	a7339f6e1bc7c755e02628cf6ea79f86ace43936d202ce4717a32675bec03f10
paper_generalization:g07_kcnq1ot1_5p_2812_chr21__pair03	historical_paper_generalization_available	historical_regression_only	g07_kcnq1ot1_5p_2812_chr21	3	.paper-artifacts/runtime-epoch-0-pre-freeze/phase3-generalization/g07_kcnq1ot1_5p_2812_chr21__pair03__baseline__0/output/chr21-ENST00000597346.1_0_2812-target-TFOsorted	.paper-artifacts/runtime-epoch-0-pre-freeze/phase3-generalization/g07_kcnq1ot1_5p_2812_chr21__pair03__candidate__0/output/chr21-ENST00000597346.1_0_2812-target-TFOsorted	538d2af5b3bb47e8b74f33f00462c6824bba73fd4b250f2658e1f6584f287ada	cc12b0786b4fd4f43f586afe4da90c65899f66e8ce53f8084f6f9e698dbebbb4	.paper-artifacts/runtime-epoch-0-pre-freeze/phase3-generalization/g07_kcnq1ot1_5p_2812_chr21__pair03__baseline__0/inputs/query.fa	.paper-artifacts/runtime-epoch-0-pre-freeze/phase3-generalization/g07_kcnq1ot1_5p_2812_chr21__pair03__candidate__0/inputs/query.fa	.paper-artifacts/runtime-epoch-0-pre-freeze/phase3-generalization/g07_kcnq1ot1_5p_2812_chr21__pair03__baseline__0/inputs/target.fa	.paper-artifacts/runtime-epoch-0-pre-freeze/phase3-generalization/g07_kcnq1ot1_5p_2812_chr21__pair03__candidate__0/inputs/target.fa	0:2812	0:2000000	22354991	historical_paper_query_fragment_v1	KCNQ1OT1:0-2812	1fae4a9b32a7512568f1774dbeb2ed974ebe0b153e3bc4e809f5e756cb42816b	historical_paper_target_slice_v1	chr21_center_2mb	faf3a197520e4163dac0f3b29f4b01cd2188563d6f4d3f852ffd8f3ccf07796a	GRCh38	source_fasta_0_based_half_open	historical_paper_query_slice_v1	historical_paper_target_slice_v1	110752c4078bc2b300ad4e92e2495ea868c365486e540da7002fc3e19a18241a	5a7a021fd24c7882a1c9cd47dedc0bb0b2032173507250b98e92f6b097909f3c	271782078ebcf4b2156e02b6dc9dbec9f24675cb8e2aff01696a5ae00cc26633	c7eb3fd6056dac7af023662853d9eee221f646af7e26ffdf003f0f533e623540
paper_generalization:g07_kcnq1ot1_5p_2812_chr21__warmup	historical_paper_generalization_available	historical_regression_only	g07_kcnq1ot1_5p_2812_chr21	0	.paper-artifacts/runtime-epoch-0-pre-freeze/phase3-generalization/g07_kcnq1ot1_5p_2812_chr21__warmup__baseline__0/output/chr21-ENST00000597346.1_0_2812-target-TFOsorted	.paper-artifacts/runtime-epoch-0-pre-freeze/phase3-generalization/g07_kcnq1ot1_5p_2812_chr21__warmup__candidate__0/output/chr21-ENST00000597346.1_0_2812-target-TFOsorted	538d2af5b3bb47e8b74f33f00462c6824bba73fd4b250f2658e1f6584f287ada	cc12b0786b4fd4f43f586afe4da90c65899f66e8ce53f8084f6f9e698dbebbb4	.paper-artifacts/runtime-epoch-0-pre-freeze/phase3-generalization/g07_kcnq1ot1_5p_2812_chr21__warmup__baseline__0/inputs/query.fa	.paper-artifacts/runtime-epoch-0-pre-freeze/phase3-generalization/g07_kcnq1ot1_5p_2812_chr21__warmup__candidate__0/inputs/query.fa	.paper-artifacts/runtime-epoch-0-pre-freeze/phase3-generalization/g07_kcnq1ot1_5p_2812_chr21__warmup__baseline__0/inputs/target.fa	.paper-artifacts/runtime-epoch-0-pre-freeze/phase3-generalization/g07_kcnq1ot1_5p_2812_chr21__warmup__candidate__0/inputs/target.fa	0:2812	0:2000000	22354991	historical_paper_query_fragment_v1	KCNQ1OT1:0-2812	1fae4a9b32a7512568f1774dbeb2ed974ebe0b153e3bc4e809f5e756cb42816b	historical_paper_target_slice_v1	chr21_center_2mb	faf3a197520e4163dac0f3b29f4b01cd2188563d6f4d3f852ffd8f3ccf07796a	GRCh38	source_fasta_0_based_half_open	historical_paper_query_slice_v1	historical_paper_target_slice_v1	110752c4078bc2b300ad4e92e2495ea868c365486e540da7002fc3e19a18241a	5a7a021fd24c7882a1c9cd47dedc0bb0b2032173507250b98e92f6b097909f3c	366f9365d58c17486e31cce4fdf6090e4c42729987e64479b93ddbeec32363a9	3254943e385cedddcb7ad8331ddbb3ce24511902c005289f304a04021458ee8b
paper_generalization:g08_kcnq1ot1_mid_1024_chr22__pair01	historical_paper_generalization_available	historical_regression_only	g08_kcnq1ot1_mid_1024_chr22	1	.paper-artifacts/runtime-epoch-0-pre-freeze/phase3-generalization/g08_kcnq1ot1_mid_1024_chr22__pair01__baseline__0/output/chr22-ENST00000597346.1_45321_46345-target-TFOsorted	.paper-artifacts/runtime-epoch-0-pre-freeze/phase3-generalization/g08_kcnq1ot1_mid_1024_chr22__pair01__candidate__0/output/chr22-ENST00000597346.1_45321_46345-target-TFOsorted	ac2ff5ad6e5a0837855873c336939f947dcb164096e64b887498eb1f95c6f4ad	9b7f6588d9181e63d610f30ad448eb18129009c979550398639d0407f25ca24e	.paper-artifacts/runtime-epoch-0-pre-freeze/phase3-generalization/g08_kcnq1ot1_mid_1024_chr22__pair01__baseline__0/inputs/query.fa	.paper-artifacts/runtime-epoch-0-pre-freeze/phase3-generalization/g08_kcnq1ot1_mid_1024_chr22__pair01__candidate__0/inputs/query.fa	.paper-artifacts/runtime-epoch-0-pre-freeze/phase3-generalization/g08_kcnq1ot1_mid_1024_chr22__pair01__baseline__0/inputs/target.fa	.paper-artifacts/runtime-epoch-0-pre-freeze/phase3-generalization/g08_kcnq1ot1_mid_1024_chr22__pair01__candidate__0/inputs/target.fa	0:1024	0:2000000	24409234	historical_paper_query_fragment_v1	KCNQ1OT1:45321-46345	8cb66a50fee868d7f54fc2a9d80d21ed66c7ef43ef5313b744d0ba908e1592aa	historical_paper_target_slice_v1	chr22_center_2mb	f3e9f6aea52328fa054bb54ffc044ab40c3dc1cb47e44e34f721a30ccb01bc97	GRCh38	source_fasta_0_based_half_open	historical_paper_query_slice_v1	historical_paper_target_slice_v1	110752c4078bc2b300ad4e92e2495ea868c365486e540da7002fc3e19a18241a	2015057e2ee226675b2970c286a6b4bc7f0babfd5e76e82eae7e11f62ac09902	994acdfd51b57769306b665c9557fcab9e08bb9c046e8a07e3266a7f5f219555	9b0fe61966903b3e11dcfa4160cb0f598b7329a91b0309beb914280a10d72c59
paper_generalization:g08_kcnq1ot1_mid_1024_chr22__pair02	historical_paper_generalization_available	historical_regression_only	g08_kcnq1ot1_mid_1024_chr22	2	.paper-artifacts/runtime-epoch-0-pre-freeze/phase3-generalization/g08_kcnq1ot1_mid_1024_chr22__pair02__baseline__0/output/chr22-ENST00000597346.1_45321_46345-target-TFOsorted	.paper-artifacts/runtime-epoch-0-pre-freeze/phase3-generalization/g08_kcnq1ot1_mid_1024_chr22__pair02__candidate__0/output/chr22-ENST00000597346.1_45321_46345-target-TFOsorted	ac2ff5ad6e5a0837855873c336939f947dcb164096e64b887498eb1f95c6f4ad	9b7f6588d9181e63d610f30ad448eb18129009c979550398639d0407f25ca24e	.paper-artifacts/runtime-epoch-0-pre-freeze/phase3-generalization/g08_kcnq1ot1_mid_1024_chr22__pair02__baseline__0/inputs/query.fa	.paper-artifacts/runtime-epoch-0-pre-freeze/phase3-generalization/g08_kcnq1ot1_mid_1024_chr22__pair02__candidate__0/inputs/query.fa	.paper-artifacts/runtime-epoch-0-pre-freeze/phase3-generalization/g08_kcnq1ot1_mid_1024_chr22__pair02__baseline__0/inputs/target.fa	.paper-artifacts/runtime-epoch-0-pre-freeze/phase3-generalization/g08_kcnq1ot1_mid_1024_chr22__pair02__candidate__0/inputs/target.fa	0:1024	0:2000000	24409234	historical_paper_query_fragment_v1	KCNQ1OT1:45321-46345	8cb66a50fee868d7f54fc2a9d80d21ed66c7ef43ef5313b744d0ba908e1592aa	historical_paper_target_slice_v1	chr22_center_2mb	f3e9f6aea52328fa054bb54ffc044ab40c3dc1cb47e44e34f721a30ccb01bc97	GRCh38	source_fasta_0_based_half_open	historical_paper_query_slice_v1	historical_paper_target_slice_v1	110752c4078bc2b300ad4e92e2495ea868c365486e540da7002fc3e19a18241a	2015057e2ee226675b2970c286a6b4bc7f0babfd5e76e82eae7e11f62ac09902	c2b1215925aa058f55a803668961556140f6fe9ae977920d286afcbbabc440bd	32fb2e3d68080906ea0eda86b4f8c54c7ab3ee6bfa34be76a5075502718c84f9
paper_generalization:g08_kcnq1ot1_mid_1024_chr22__pair03	historical_paper_generalization_available	historical_regression_only	g08_kcnq1ot1_mid_1024_chr22	3	.paper-artifacts/runtime-epoch-0-pre-freeze/phase3-generalization/g08_kcnq1ot1_mid_1024_chr22__pair03__baseline__0/output/chr22-ENST00000597346.1_45321_46345-target-TFOsorted	.paper-artifacts/runtime-epoch-0-pre-freeze/phase3-generalization/g08_kcnq1ot1_mid_1024_chr22__pair03__candidate__0/output/chr22-ENST00000597346.1_45321_46345-target-TFOsorted	ac2ff5ad6e5a0837855873c336939f947dcb164096e64b887498eb1f95c6f4ad	9b7f6588d9181e63d610f30ad448eb18129009c979550398639d0407f25ca24e	.paper-artifacts/runtime-epoch-0-pre-freeze/phase3-generalization/g08_kcnq1ot1_mid_1024_chr22__pair03__baseline__0/inputs/query.fa	.paper-artifacts/runtime-epoch-0-pre-freeze/phase3-generalization/g08_kcnq1ot1_mid_1024_chr22__pair03__candidate__0/inputs/query.fa	.paper-artifacts/runtime-epoch-0-pre-freeze/phase3-generalization/g08_kcnq1ot1_mid_1024_chr22__pair03__baseline__0/inputs/target.fa	.paper-artifacts/runtime-epoch-0-pre-freeze/phase3-generalization/g08_kcnq1ot1_mid_1024_chr22__pair03__candidate__0/inputs/target.fa	0:1024	0:2000000	24409234	historical_paper_query_fragment_v1	KCNQ1OT1:45321-46345	8cb66a50fee868d7f54fc2a9d80d21ed66c7ef43ef5313b744d0ba908e1592aa	historical_paper_target_slice_v1	chr22_center_2mb	f3e9f6aea52328fa054bb54ffc044ab40c3dc1cb47e44e34f721a30ccb01bc97	GRCh38	source_fasta_0_based_half_open	historical_paper_query_slice_v1	historical_paper_target_slice_v1	110752c4078bc2b300ad4e92e2495ea868c365486e540da7002fc3e19a18241a	2015057e2ee226675b2970c286a6b4bc7f0babfd5e76e82eae7e11f62ac09902	b4f310e197a4aa9c127671125e71e40471e896d17493aeeb43865692061491d2	d4919021060c4607f2acf9b312aa15a1c7f3ede6a2094ee8305df8c2892ee98e
paper_generalization:g08_kcnq1ot1_mid_1024_chr22__warmup	historical_paper_generalization_available	historical_regression_only	g08_kcnq1ot1_mid_1024_chr22	0	.paper-artifacts/runtime-epoch-0-pre-freeze/phase3-generalization/g08_kcnq1ot1_mid_1024_chr22__warmup__baseline__0/output/chr22-ENST00000597346.1_45321_46345-target-TFOsorted	.paper-artifacts/runtime-epoch-0-pre-freeze/phase3-generalization/g08_kcnq1ot1_mid_1024_chr22__warmup__candidate__0/output/chr22-ENST00000597346.1_45321_46345-target-TFOsorted	ac2ff5ad6e5a0837855873c336939f947dcb164096e64b887498eb1f95c6f4ad	9b7f6588d9181e63d610f30ad448eb18129009c979550398639d0407f25ca24e	.paper-artifacts/runtime-epoch-0-pre-freeze/phase3-generalization/g08_kcnq1ot1_mid_1024_chr22__warmup__baseline__0/inputs/query.fa	.paper-artifacts/runtime-epoch-0-pre-freeze/phase3-generalization/g08_kcnq1ot1_mid_1024_chr22__warmup__candidate__0/inputs/query.fa	.paper-artifacts/runtime-epoch-0-pre-freeze/phase3-generalization/g08_kcnq1ot1_mid_1024_chr22__warmup__baseline__0/inputs/target.fa	.paper-artifacts/runtime-epoch-0-pre-freeze/phase3-generalization/g08_kcnq1ot1_mid_1024_chr22__warmup__candidate__0/inputs/target.fa	0:1024	0:2000000	24409234	historical_paper_query_fragment_v1	KCNQ1OT1:45321-46345	8cb66a50fee868d7f54fc2a9d80d21ed66c7ef43ef5313b744d0ba908e1592aa	historical_paper_target_slice_v1	chr22_center_2mb	f3e9f6aea52328fa054bb54ffc044ab40c3dc1cb47e44e34f721a30ccb01bc97	GRCh38	source_fasta_0_based_half_open	historical_paper_query_slice_v1	historical_paper_target_slice_v1	110752c4078bc2b300ad4e92e2495ea868c365486e540da7002fc3e19a18241a	2015057e2ee226675b2970c286a6b4bc7f0babfd5e76e82eae7e11f62ac09902	63ca259e26dac1a0c74575e1ff992adb0f6a82d22262c2ea362800c3c76ed745	efa8850cfec2204c86f2a0cf7e80c7d59164c4e6acba1e8991b7d8b52cacc62b
paper_generalization:g09_kcnq1ot1_3p_2048_chr11__pair01	historical_paper_generalization_available	historical_regression_only	g09_kcnq1ot1_3p_2048_chr11	1	.paper-artifacts/runtime-epoch-0-pre-freeze/phase3-generalization/g09_kcnq1ot1_3p_2048_chr11__pair01__baseline__0/output/chr11-ENST00000597346.1_89619_91667-target-TFOsorted	.paper-artifacts/runtime-epoch-0-pre-freeze/phase3-generalization/g09_kcnq1ot1_3p_2048_chr11__pair01__candidate__0/output/chr11-ENST00000597346.1_89619_91667-target-TFOsorted	0887ac8c3653ce29f0958fb4c1275a702e8520d146648c942cb4dfb9a9c21ccf	65a746f5ee2045bc7702678f425c18e7549f9324e06a476b5a8788706f6c83d6	.paper-artifacts/runtime-epoch-0-pre-freeze/phase3-generalization/g09_kcnq1ot1_3p_2048_chr11__pair01__baseline__0/inputs/query.fa	.paper-artifacts/runtime-epoch-0-pre-freeze/phase3-generalization/g09_kcnq1ot1_3p_2048_chr11__pair01__candidate__0/inputs/query.fa	.paper-artifacts/runtime-epoch-0-pre-freeze/phase3-generalization/g09_kcnq1ot1_3p_2048_chr11__pair01__baseline__0/inputs/target.fa	.paper-artifacts/runtime-epoch-0-pre-freeze/phase3-generalization/g09_kcnq1ot1_3p_2048_chr11__pair01__candidate__0/inputs/target.fa	0:2048	0:2000000	66543311	historical_paper_query_fragment_v1	KCNQ1OT1:89619-91667	a5a3608f18f4983f0c19f0bb3e393d20c9f6268c84dd137ec31a628827448190	historical_paper_target_slice_v1	chr11_center_2mb	6384333d627f5c1c4b369f2d197c09bfddb9d8f930c204167a8be5e4d0b5cee0	GRCh38	source_fasta_0_based_half_open	historical_paper_query_slice_v1	historical_paper_target_slice_v1	110752c4078bc2b300ad4e92e2495ea868c365486e540da7002fc3e19a18241a	e51aa89b3642ceaff851476ff1ee018072b9a555ab4c4353c1a2b7628be2caf1	acb180a5d45634f6ebc387f0e26891a6cd6d2254f1043d039ff298e0105d0509	149795d78773170693184e73caaf65b982f56f93f20b271c0520311251dd7a18
paper_generalization:g09_kcnq1ot1_3p_2048_chr11__pair02	historical_paper_generalization_available	historical_regression_only	g09_kcnq1ot1_3p_2048_chr11	2	.paper-artifacts/runtime-epoch-0-pre-freeze/phase3-generalization/g09_kcnq1ot1_3p_2048_chr11__pair02__baseline__0/output/chr11-ENST00000597346.1_89619_91667-target-TFOsorted	.paper-artifacts/runtime-epoch-0-pre-freeze/phase3-generalization/g09_kcnq1ot1_3p_2048_chr11__pair02__candidate__0/output/chr11-ENST00000597346.1_89619_91667-target-TFOsorted	0887ac8c3653ce29f0958fb4c1275a702e8520d146648c942cb4dfb9a9c21ccf	65a746f5ee2045bc7702678f425c18e7549f9324e06a476b5a8788706f6c83d6	.paper-artifacts/runtime-epoch-0-pre-freeze/phase3-generalization/g09_kcnq1ot1_3p_2048_chr11__pair02__baseline__0/inputs/query.fa	.paper-artifacts/runtime-epoch-0-pre-freeze/phase3-generalization/g09_kcnq1ot1_3p_2048_chr11__pair02__candidate__0/inputs/query.fa	.paper-artifacts/runtime-epoch-0-pre-freeze/phase3-generalization/g09_kcnq1ot1_3p_2048_chr11__pair02__baseline__0/inputs/target.fa	.paper-artifacts/runtime-epoch-0-pre-freeze/phase3-generalization/g09_kcnq1ot1_3p_2048_chr11__pair02__candidate__0/inputs/target.fa	0:2048	0:2000000	66543311	historical_paper_query_fragment_v1	KCNQ1OT1:89619-91667	a5a3608f18f4983f0c19f0bb3e393d20c9f6268c84dd137ec31a628827448190	historical_paper_target_slice_v1	chr11_center_2mb	6384333d627f5c1c4b369f2d197c09bfddb9d8f930c204167a8be5e4d0b5cee0	GRCh38	source_fasta_0_based_half_open	historical_paper_query_slice_v1	historical_paper_target_slice_v1	110752c4078bc2b300ad4e92e2495ea868c365486e540da7002fc3e19a18241a	e51aa89b3642ceaff851476ff1ee018072b9a555ab4c4353c1a2b7628be2caf1	575b35ce9ba74e78d56b72f915ed70108703f8009cc497262bb6d8d77cd6d373	56ced844476541f69f198935f4e60ed57beb466a802944d754c20ff5d1a2c120
paper_generalization:g09_kcnq1ot1_3p_2048_chr11__pair03	historical_paper_generalization_available	historical_regression_only	g09_kcnq1ot1_3p_2048_chr11	3	.paper-artifacts/runtime-epoch-0-pre-freeze/phase3-generalization/g09_kcnq1ot1_3p_2048_chr11__pair03__baseline__0/output/chr11-ENST00000597346.1_89619_91667-target-TFOsorted	.paper-artifacts/runtime-epoch-0-pre-freeze/phase3-generalization/g09_kcnq1ot1_3p_2048_chr11__pair03__candidate__0/output/chr11-ENST00000597346.1_89619_91667-target-TFOsorted	0887ac8c3653ce29f0958fb4c1275a702e8520d146648c942cb4dfb9a9c21ccf	65a746f5ee2045bc7702678f425c18e7549f9324e06a476b5a8788706f6c83d6	.paper-artifacts/runtime-epoch-0-pre-freeze/phase3-generalization/g09_kcnq1ot1_3p_2048_chr11__pair03__baseline__0/inputs/query.fa	.paper-artifacts/runtime-epoch-0-pre-freeze/phase3-generalization/g09_kcnq1ot1_3p_2048_chr11__pair03__candidate__0/inputs/query.fa	.paper-artifacts/runtime-epoch-0-pre-freeze/phase3-generalization/g09_kcnq1ot1_3p_2048_chr11__pair03__baseline__0/inputs/target.fa	.paper-artifacts/runtime-epoch-0-pre-freeze/phase3-generalization/g09_kcnq1ot1_3p_2048_chr11__pair03__candidate__0/inputs/target.fa	0:2048	0:2000000	66543311	historical_paper_query_fragment_v1	KCNQ1OT1:89619-91667	a5a3608f18f4983f0c19f0bb3e393d20c9f6268c84dd137ec31a628827448190	historical_paper_target_slice_v1	chr11_center_2mb	6384333d627f5c1c4b369f2d197c09bfddb9d8f930c204167a8be5e4d0b5cee0	GRCh38	source_fasta_0_based_half_open	historical_paper_query_slice_v1	historical_paper_target_slice_v1	110752c4078bc2b300ad4e92e2495ea868c365486e540da7002fc3e19a18241a	e51aa89b3642ceaff851476ff1ee018072b9a555ab4c4353c1a2b7628be2caf1	824f2e36d665f897a7de9f3cff8da707dbae68016fbcf3477fc3c892a2c3f0de	6a45d5070e5ff6cd89769f77ad61512662a9bcbeaacd4cf6f7db36e15d878dd1
paper_generalization:g09_kcnq1ot1_3p_2048_chr11__warmup	historical_paper_generalization_available	historical_regression_only	g09_kcnq1ot1_3p_2048_chr11	0	.paper-artifacts/runtime-epoch-0-pre-freeze/phase3-generalization/g09_kcnq1ot1_3p_2048_chr11__warmup__baseline__0/output/chr11-ENST00000597346.1_89619_91667-target-TFOsorted	.paper-artifacts/runtime-epoch-0-pre-freeze/phase3-generalization/g09_kcnq1ot1_3p_2048_chr11__warmup__candidate__0/output/chr11-ENST00000597346.1_89619_91667-target-TFOsorted	0887ac8c3653ce29f0958fb4c1275a702e8520d146648c942cb4dfb9a9c21ccf	65a746f5ee2045bc7702678f425c18e7549f9324e06a476b5a8788706f6c83d6	.paper-artifacts/runtime-epoch-0-pre-freeze/phase3-generalization/g09_kcnq1ot1_3p_2048_chr11__warmup__baseline__0/inputs/query.fa	.paper-artifacts/runtime-epoch-0-pre-freeze/phase3-generalization/g09_kcnq1ot1_3p_2048_chr11__warmup__candidate__0/inputs/query.fa	.paper-artifacts/runtime-epoch-0-pre-freeze/phase3-generalization/g09_kcnq1ot1_3p_2048_chr11__warmup__baseline__0/inputs/target.fa	.paper-artifacts/runtime-epoch-0-pre-freeze/phase3-generalization/g09_kcnq1ot1_3p_2048_chr11__warmup__candidate__0/inputs/target.fa	0:2048	0:2000000	66543311	historical_paper_query_fragment_v1	KCNQ1OT1:89619-91667	a5a3608f18f4983f0c19f0bb3e393d20c9f6268c84dd137ec31a628827448190	historical_paper_target_slice_v1	chr11_center_2mb	6384333d627f5c1c4b369f2d197c09bfddb9d8f930c204167a8be5e4d0b5cee0	GRCh38	source_fasta_0_based_half_open	historical_paper_query_slice_v1	historical_paper_target_slice_v1	110752c4078bc2b300ad4e92e2495ea868c365486e540da7002fc3e19a18241a	e51aa89b3642ceaff851476ff1ee018072b9a555ab4c4353c1a2b7628be2caf1	b5a931e3d175ac7e7462945cc59e3e4c00c204354ef563d448d7aef638245cd4	c3881db437020ebed1808548d9898c359587709015d302208b73b80eabd5f95a
paper_generalization:g10_h19_full_chr11__pair01	historical_paper_generalization_available	historical_regression_only	g10_h19_full_chr11	1	.paper-artifacts/runtime-epoch-0-pre-freeze/phase3-generalization/g10_h19_full_chr11__pair01__baseline__0/output/chr11-H19_0_2812-target-TFOsorted	.paper-artifacts/runtime-epoch-0-pre-freeze/phase3-generalization/g10_h19_full_chr11__pair01__candidate__0/output/chr11-H19_0_2812-target-TFOsorted	f0867184db0445866f2c93c5ea8f83120e5c0ca5ef07d64317cc65e8e066df09	6ba1fc2e98eccc5e51da50b27ea6dd6e968b4a31641245d44bf9337490f40ba8	.paper-artifacts/runtime-epoch-0-pre-freeze/phase3-generalization/g10_h19_full_chr11__pair01__baseline__0/inputs/query.fa	.paper-artifacts/runtime-epoch-0-pre-freeze/phase3-generalization/g10_h19_full_chr11__pair01__candidate__0/inputs/query.fa	.paper-artifacts/runtime-epoch-0-pre-freeze/phase3-generalization/g10_h19_full_chr11__pair01__baseline__0/inputs/target.fa	.paper-artifacts/runtime-epoch-0-pre-freeze/phase3-generalization/g10_h19_full_chr11__pair01__candidate__0/inputs/target.fa	0:2812	0:2000000	66543311	historical_paper_query_fragment_v1	H19:0-2812	1e42d7918595347e60b0db307157cfec7e7311b2938aad4533ef3ff25fb20fd7	historical_paper_target_slice_v1	chr11_center_2mb	6384333d627f5c1c4b369f2d197c09bfddb9d8f930c204167a8be5e4d0b5cee0	GRCh38	source_fasta_0_based_half_open	historical_paper_query_slice_v1	historical_paper_target_slice_v1	110752c4078bc2b300ad4e92e2495ea868c365486e540da7002fc3e19a18241a	a4d20c51a40752db512be763920fb2a2d62fd301bbcdb71c3ca3ddf3eb33bc56	1449eb195a01009f4e727c87867bc75322f29aa4a49910a6fefbbef0ec3e1b12	8ca9062c33ca7b92ac1c788eff1c73dc438bdd04c0971fe94c6f3e6f1def6e22
paper_generalization:g10_h19_full_chr11__warmup	historical_paper_generalization_available	historical_regression_only	g10_h19_full_chr11	0	.paper-artifacts/runtime-epoch-0-pre-freeze/phase3-generalization/g10_h19_full_chr11__warmup__baseline__0/output/chr11-H19_0_2812-target-TFOsorted	.paper-artifacts/runtime-epoch-0-pre-freeze/phase3-generalization/g10_h19_full_chr11__warmup__candidate__0/output/chr11-H19_0_2812-target-TFOsorted	f0867184db0445866f2c93c5ea8f83120e5c0ca5ef07d64317cc65e8e066df09	6ba1fc2e98eccc5e51da50b27ea6dd6e968b4a31641245d44bf9337490f40ba8	.paper-artifacts/runtime-epoch-0-pre-freeze/phase3-generalization/g10_h19_full_chr11__warmup__baseline__0/inputs/query.fa	.paper-artifacts/runtime-epoch-0-pre-freeze/phase3-generalization/g10_h19_full_chr11__warmup__candidate__0/inputs/query.fa	.paper-artifacts/runtime-epoch-0-pre-freeze/phase3-generalization/g10_h19_full_chr11__warmup__baseline__0/inputs/target.fa	.paper-artifacts/runtime-epoch-0-pre-freeze/phase3-generalization/g10_h19_full_chr11__warmup__candidate__0/inputs/target.fa	0:2812	0:2000000	66543311	historical_paper_query_fragment_v1	H19:0-2812	1e42d7918595347e60b0db307157cfec7e7311b2938aad4533ef3ff25fb20fd7	historical_paper_target_slice_v1	chr11_center_2mb	6384333d627f5c1c4b369f2d197c09bfddb9d8f930c204167a8be5e4d0b5cee0	GRCh38	source_fasta_0_based_half_open	historical_paper_query_slice_v1	historical_paper_target_slice_v1	110752c4078bc2b300ad4e92e2495ea868c365486e540da7002fc3e19a18241a	a4d20c51a40752db512be763920fb2a2d62fd301bbcdb71c3ca3ddf3eb33bc56	66a04d3c09332cb5c8dbea4a54059e29839d9a87c7b06354b66d1b1f419caf59	7bd8c17998c2310a5679f8d670f1c7179c947994b923edcde05453dd667f08d9
paper_generalization:g11_h19_full_chr21__pair01	historical_paper_generalization_available	historical_regression_only	g11_h19_full_chr21	1	.paper-artifacts/runtime-epoch-0-pre-freeze/phase3-generalization/g11_h19_full_chr21__pair01__baseline__0/output/chr21-H19_0_2812-target-TFOsorted	.paper-artifacts/runtime-epoch-0-pre-freeze/phase3-generalization/g11_h19_full_chr21__pair01__candidate__0/output/chr21-H19_0_2812-target-TFOsorted	b0fd9093b7726cda7ad74b0ec8359c8c0cc964662cbc655993dbd76a02952a90	a275eeb7fb027ebaee16f08281989ab9a17c506169ad8d934de61a8cd3247ca8	.paper-artifacts/runtime-epoch-0-pre-freeze/phase3-generalization/g11_h19_full_chr21__pair01__baseline__0/inputs/query.fa	.paper-artifacts/runtime-epoch-0-pre-freeze/phase3-generalization/g11_h19_full_chr21__pair01__candidate__0/inputs/query.fa	.paper-artifacts/runtime-epoch-0-pre-freeze/phase3-generalization/g11_h19_full_chr21__pair01__baseline__0/inputs/target.fa	.paper-artifacts/runtime-epoch-0-pre-freeze/phase3-generalization/g11_h19_full_chr21__pair01__candidate__0/inputs/target.fa	0:2812	0:2000000	22354991	historical_paper_query_fragment_v1	H19:0-2812	1e42d7918595347e60b0db307157cfec7e7311b2938aad4533ef3ff25fb20fd7	historical_paper_target_slice_v1	chr21_center_2mb	faf3a197520e4163dac0f3b29f4b01cd2188563d6f4d3f852ffd8f3ccf07796a	GRCh38	source_fasta_0_based_half_open	historical_paper_query_slice_v1	historical_paper_target_slice_v1	110752c4078bc2b300ad4e92e2495ea868c365486e540da7002fc3e19a18241a	b42b557debbb451f2a38cc3574acbefa12a3a58b8c9df714c7cc14451d3dc143	9d58590fd2ebc1a3de152f06717e43b4b69c97384da14cb6eca0f5ee85eb52af	f01e7b8a3d4bf5730ad16d3174713679fc9e1b0c622ae30a7b041d5b75a4b8d3
paper_generalization:g11_h19_full_chr21__warmup	historical_paper_generalization_available	historical_regression_only	g11_h19_full_chr21	0	.paper-artifacts/runtime-epoch-0-pre-freeze/phase3-generalization/g11_h19_full_chr21__warmup__baseline__0/output/chr21-H19_0_2812-target-TFOsorted	.paper-artifacts/runtime-epoch-0-pre-freeze/phase3-generalization/g11_h19_full_chr21__warmup__candidate__0/output/chr21-H19_0_2812-target-TFOsorted	b0fd9093b7726cda7ad74b0ec8359c8c0cc964662cbc655993dbd76a02952a90	a275eeb7fb027ebaee16f08281989ab9a17c506169ad8d934de61a8cd3247ca8	.paper-artifacts/runtime-epoch-0-pre-freeze/phase3-generalization/g11_h19_full_chr21__warmup__baseline__0/inputs/query.fa	.paper-artifacts/runtime-epoch-0-pre-freeze/phase3-generalization/g11_h19_full_chr21__warmup__candidate__0/inputs/query.fa	.paper-artifacts/runtime-epoch-0-pre-freeze/phase3-generalization/g11_h19_full_chr21__warmup__baseline__0/inputs/target.fa	.paper-artifacts/runtime-epoch-0-pre-freeze/phase3-generalization/g11_h19_full_chr21__warmup__candidate__0/inputs/target.fa	0:2812	0:2000000	22354991	historical_paper_query_fragment_v1	H19:0-2812	1e42d7918595347e60b0db307157cfec7e7311b2938aad4533ef3ff25fb20fd7	historical_paper_target_slice_v1	chr21_center_2mb	faf3a197520e4163dac0f3b29f4b01cd2188563d6f4d3f852ffd8f3ccf07796a	GRCh38	source_fasta_0_based_half_open	historical_paper_query_slice_v1	historical_paper_target_slice_v1	110752c4078bc2b300ad4e92e2495ea868c365486e540da7002fc3e19a18241a	b42b557debbb451f2a38cc3574acbefa12a3a58b8c9df714c7cc14451d3dc143	8c3448bf28391a20957c6de9d61fc15d03e85f76d19faa921d38021aa83a1df7	b480508f49cc23ce3c991cbc601624898c9dcf647fa5664b268180458f6c94c2
paper_generalization:g12_h19_full_chr22__pair01	historical_paper_generalization_available	historical_regression_only	g12_h19_full_chr22	1	.paper-artifacts/runtime-epoch-0-pre-freeze/phase3-generalization/g12_h19_full_chr22__pair01__baseline__0/output/chr22-H19_0_2812-target-TFOsorted	.paper-artifacts/runtime-epoch-0-pre-freeze/phase3-generalization/g12_h19_full_chr22__pair01__candidate__0/output/chr22-H19_0_2812-target-TFOsorted	3f33189fea77bac940ac316a6b1976e015663a99a940f9724455563cb5ec44bb	aabbdd6f1aa3db8f88025a1e740a55a5a529b97f4e6651ab9f6347d2e715cb56	.paper-artifacts/runtime-epoch-0-pre-freeze/phase3-generalization/g12_h19_full_chr22__pair01__baseline__0/inputs/query.fa	.paper-artifacts/runtime-epoch-0-pre-freeze/phase3-generalization/g12_h19_full_chr22__pair01__candidate__0/inputs/query.fa	.paper-artifacts/runtime-epoch-0-pre-freeze/phase3-generalization/g12_h19_full_chr22__pair01__baseline__0/inputs/target.fa	.paper-artifacts/runtime-epoch-0-pre-freeze/phase3-generalization/g12_h19_full_chr22__pair01__candidate__0/inputs/target.fa	0:2812	0:2000000	24409234	historical_paper_query_fragment_v1	H19:0-2812	1e42d7918595347e60b0db307157cfec7e7311b2938aad4533ef3ff25fb20fd7	historical_paper_target_slice_v1	chr22_center_2mb	f3e9f6aea52328fa054bb54ffc044ab40c3dc1cb47e44e34f721a30ccb01bc97	GRCh38	source_fasta_0_based_half_open	historical_paper_query_slice_v1	historical_paper_target_slice_v1	110752c4078bc2b300ad4e92e2495ea868c365486e540da7002fc3e19a18241a	f9338ea56fc1791522fa8691f5c4c4074f3da1049e2e5588007c867513493ee1	ac83dfb1e62853e11827f291772fa1f735cfec35cf33138640d32331e1688450	2209107e992890e25f3c487110bd5fe1713166e03ad53e6e2e036abbd40cc122
paper_generalization:g12_h19_full_chr22__warmup	historical_paper_generalization_available	historical_regression_only	g12_h19_full_chr22	0	.paper-artifacts/runtime-epoch-0-pre-freeze/phase3-generalization/g12_h19_full_chr22__warmup__baseline__0/output/chr22-H19_0_2812-target-TFOsorted	.paper-artifacts/runtime-epoch-0-pre-freeze/phase3-generalization/g12_h19_full_chr22__warmup__candidate__0/output/chr22-H19_0_2812-target-TFOsorted	3f33189fea77bac940ac316a6b1976e015663a99a940f9724455563cb5ec44bb	aabbdd6f1aa3db8f88025a1e740a55a5a529b97f4e6651ab9f6347d2e715cb56	.paper-artifacts/runtime-epoch-0-pre-freeze/phase3-generalization/g12_h19_full_chr22__warmup__baseline__0/inputs/query.fa	.paper-artifacts/runtime-epoch-0-pre-freeze/phase3-generalization/g12_h19_full_chr22__warmup__candidate__0/inputs/query.fa	.paper-artifacts/runtime-epoch-0-pre-freeze/phase3-generalization/g12_h19_full_chr22__warmup__baseline__0/inputs/target.fa	.paper-artifacts/runtime-epoch-0-pre-freeze/phase3-generalization/g12_h19_full_chr22__warmup__candidate__0/inputs/target.fa	0:2812	0:2000000	24409234	historical_paper_query_fragment_v1	H19:0-2812	1e42d7918595347e60b0db307157cfec7e7311b2938aad4533ef3ff25fb20fd7	historical_paper_target_slice_v1	chr22_center_2mb	f3e9f6aea52328fa054bb54ffc044ab40c3dc1cb47e44e34f721a30ccb01bc97	GRCh38	source_fasta_0_based_half_open	historical_paper_query_slice_v1	historical_paper_target_slice_v1	110752c4078bc2b300ad4e92e2495ea868c365486e540da7002fc3e19a18241a	f9338ea56fc1791522fa8691f5c4c4074f3da1049e2e5588007c867513493ee1	ad119de740699a290bb2739df6a6d67a9b031c76e4ffcb8269311fe43773b833	2814f4db41b04904d1821bf134b5298f44f230e434e92680cb4c210776038b05
paper_generalization:g13_meg3_full_chr11__pair01	historical_paper_generalization_available	historical_regression_only	g13_meg3_full_chr11	1	.paper-artifacts/runtime-epoch-0-pre-freeze/phase3-generalization/g13_meg3_full_chr11__pair01__baseline__0/output/chr11-MEG3-ENST00000451743_0_1582-target-TFOsorted	.paper-artifacts/runtime-epoch-0-pre-freeze/phase3-generalization/g13_meg3_full_chr11__pair01__candidate__0/output/chr11-MEG3-ENST00000451743_0_1582-target-TFOsorted	b3234b87e5c3da8f7fb2a6d8d6ca7f87c4b173d955958b210c163cbd94a1cb7e	7e4b9d1902efb4a73ee8b6e6337eafd4d07f033446b946fe1b85301b7b8feeac	.paper-artifacts/runtime-epoch-0-pre-freeze/phase3-generalization/g13_meg3_full_chr11__pair01__baseline__0/inputs/query.fa	.paper-artifacts/runtime-epoch-0-pre-freeze/phase3-generalization/g13_meg3_full_chr11__pair01__candidate__0/inputs/query.fa	.paper-artifacts/runtime-epoch-0-pre-freeze/phase3-generalization/g13_meg3_full_chr11__pair01__baseline__0/inputs/target.fa	.paper-artifacts/runtime-epoch-0-pre-freeze/phase3-generalization/g13_meg3_full_chr11__pair01__candidate__0/inputs/target.fa	0:1582	0:2000000	66543311	historical_paper_query_fragment_v1	MEG3:0-1582	fd793e663aa9636bb1b3ca2219effb1eab7a3570f436f62292da095a271095ab	historical_paper_target_slice_v1	chr11_center_2mb	6384333d627f5c1c4b369f2d197c09bfddb9d8f930c204167a8be5e4d0b5cee0	GRCh38	source_fasta_0_based_half_open	historical_paper_query_slice_v1	historical_paper_target_slice_v1	110752c4078bc2b300ad4e92e2495ea868c365486e540da7002fc3e19a18241a	d5b09e78568dadee8c0227c46055ce1a99f30ad1b9434bceb241bf02f721f93c	be3b9ad5e2ca5c618e839d183e73b0f9c879646c50be7c2608c6de5a52899f27	4192783a0f0d9641beb00cda363495e7206bd01350040079fe5d3430430ed438
paper_generalization:g13_meg3_full_chr11__warmup	historical_paper_generalization_available	historical_regression_only	g13_meg3_full_chr11	0	.paper-artifacts/runtime-epoch-0-pre-freeze/phase3-generalization/g13_meg3_full_chr11__warmup__baseline__0/output/chr11-MEG3-ENST00000451743_0_1582-target-TFOsorted	.paper-artifacts/runtime-epoch-0-pre-freeze/phase3-generalization/g13_meg3_full_chr11__warmup__candidate__0/output/chr11-MEG3-ENST00000451743_0_1582-target-TFOsorted	b3234b87e5c3da8f7fb2a6d8d6ca7f87c4b173d955958b210c163cbd94a1cb7e	7e4b9d1902efb4a73ee8b6e6337eafd4d07f033446b946fe1b85301b7b8feeac	.paper-artifacts/runtime-epoch-0-pre-freeze/phase3-generalization/g13_meg3_full_chr11__warmup__baseline__0/inputs/query.fa	.paper-artifacts/runtime-epoch-0-pre-freeze/phase3-generalization/g13_meg3_full_chr11__warmup__candidate__0/inputs/query.fa	.paper-artifacts/runtime-epoch-0-pre-freeze/phase3-generalization/g13_meg3_full_chr11__warmup__baseline__0/inputs/target.fa	.paper-artifacts/runtime-epoch-0-pre-freeze/phase3-generalization/g13_meg3_full_chr11__warmup__candidate__0/inputs/target.fa	0:1582	0:2000000	66543311	historical_paper_query_fragment_v1	MEG3:0-1582	fd793e663aa9636bb1b3ca2219effb1eab7a3570f436f62292da095a271095ab	historical_paper_target_slice_v1	chr11_center_2mb	6384333d627f5c1c4b369f2d197c09bfddb9d8f930c204167a8be5e4d0b5cee0	GRCh38	source_fasta_0_based_half_open	historical_paper_query_slice_v1	historical_paper_target_slice_v1	110752c4078bc2b300ad4e92e2495ea868c365486e540da7002fc3e19a18241a	d5b09e78568dadee8c0227c46055ce1a99f30ad1b9434bceb241bf02f721f93c	079769fc73988e3b41dc3a7c0fba849094dbe315e927695cecc246c77478c4f9	e4a5fad4510054870772fff92d28f4b1e14f690ab59de74493fdf036eb395981
phase2_holdout:hq01_ht01__repeat00	phase2_holdout_36	historical_regression_only	hq01_ht01	0	.paper-artifacts/bioinformatics-phase2-holdout-v1/formal/hq01_ht01__repeat00/authority/output/GRCh38-ENST00000615076.1|ENSG00000276454.1|ENSG00000276454|GENCODE v49|GRCh38-target-TFOsorted	.paper-artifacts/bioinformatics-phase2-holdout-v1/formal/hq01_ht01__repeat00/candidate/output/GRCh38-ENST00000615076.1|ENSG00000276454.1|ENSG00000276454|GENCODE v49|GRCh38-target-TFOsorted	cd5c7362cfeaefc37a2e744238acabca4e6fc78e07086caf765b7b68cec86bce	cd5c7362cfeaefc37a2e744238acabca4e6fc78e07086caf765b7b68cec86bce	.paper-artifacts/bioinformatics-phase2-holdout-v1/formal/hq01_ht01__repeat00/execution-snapshot/inputs/query.fa	.paper-artifacts/bioinformatics-phase2-holdout-v1/formal/hq01_ht01__repeat00/execution-snapshot/inputs/query.fa	.paper-artifacts/bioinformatics-phase2-holdout-v1/formal/hq01_ht01__repeat00/execution-snapshot/inputs/target.fa	.paper-artifacts/bioinformatics-phase2-holdout-v1/formal/hq01_ht01__repeat00/execution-snapshot/inputs/target.fa	0:444	0:2501	18902298	bioinformatics_phase2_holdout_query_v1	hq01	e6f49cc6e21c70f84017c331f2b1096a79befef92e2f90948ab60f8409e5b3fa	bioinformatics_phase2_holdout_target_v1	ht01	7b789e19134114e831f6afb8f7ce4a3502fd3158fe723ab26a22c948538c67c0	GRCh38	GRCh38_0_based_half_open	historical_phase2_holdout_query_v1	historical_phase2_holdout_target_v1	110752c4078bc2b300ad4e92e2495ea868c365486e540da7002fc3e19a18241a	ba36c9caa5c2fa51d22c6d946fc24a09ab21d1214979e304dca259010cec3d2a	73e90ea563c9225dcede9ae0bfedea3550d6d4e333a23f03e547637e01c432b2	f564193c5c75b4eb60773f6028ce57a520653f41497d525e9a14a433905ff920
phase2_holdout:hq01_ht01__repeat01	phase2_holdout_36	historical_regression_only	hq01_ht01	1	.paper-artifacts/bioinformatics-phase2-holdout-v1/formal/hq01_ht01__repeat01/authority/output/GRCh38-ENST00000615076.1|ENSG00000276454.1|ENSG00000276454|GENCODE v49|GRCh38-target-TFOsorted	.paper-artifacts/bioinformatics-phase2-holdout-v1/formal/hq01_ht01__repeat01/candidate/output/GRCh38-ENST00000615076.1|ENSG00000276454.1|ENSG00000276454|GENCODE v49|GRCh38-target-TFOsorted	cd5c7362cfeaefc37a2e744238acabca4e6fc78e07086caf765b7b68cec86bce	cd5c7362cfeaefc37a2e744238acabca4e6fc78e07086caf765b7b68cec86bce	.paper-artifacts/bioinformatics-phase2-holdout-v1/formal/hq01_ht01__repeat01/execution-snapshot/inputs/query.fa	.paper-artifacts/bioinformatics-phase2-holdout-v1/formal/hq01_ht01__repeat01/execution-snapshot/inputs/query.fa	.paper-artifacts/bioinformatics-phase2-holdout-v1/formal/hq01_ht01__repeat01/execution-snapshot/inputs/target.fa	.paper-artifacts/bioinformatics-phase2-holdout-v1/formal/hq01_ht01__repeat01/execution-snapshot/inputs/target.fa	0:444	0:2501	18902298	bioinformatics_phase2_holdout_query_v1	hq01	e6f49cc6e21c70f84017c331f2b1096a79befef92e2f90948ab60f8409e5b3fa	bioinformatics_phase2_holdout_target_v1	ht01	7b789e19134114e831f6afb8f7ce4a3502fd3158fe723ab26a22c948538c67c0	GRCh38	GRCh38_0_based_half_open	historical_phase2_holdout_query_v1	historical_phase2_holdout_target_v1	110752c4078bc2b300ad4e92e2495ea868c365486e540da7002fc3e19a18241a	ba36c9caa5c2fa51d22c6d946fc24a09ab21d1214979e304dca259010cec3d2a	7fbad1eb2f5415fd70acda31b5e066d41ee2ff4a2f1b0d2123dac574ea3c0086	d6153da5711f2f52bf77c283ff9d08c73190e960e2b9d7fcb0a80818502c4173
phase2_holdout:hq01_ht01__repeat02	phase2_holdout_36	historical_regression_only	hq01_ht01	2	.paper-artifacts/bioinformatics-phase2-holdout-v1/formal/hq01_ht01__repeat02/authority/output/GRCh38-ENST00000615076.1|ENSG00000276454.1|ENSG00000276454|GENCODE v49|GRCh38-target-TFOsorted	.paper-artifacts/bioinformatics-phase2-holdout-v1/formal/hq01_ht01__repeat02/candidate/output/GRCh38-ENST00000615076.1|ENSG00000276454.1|ENSG00000276454|GENCODE v49|GRCh38-target-TFOsorted	cd5c7362cfeaefc37a2e744238acabca4e6fc78e07086caf765b7b68cec86bce	cd5c7362cfeaefc37a2e744238acabca4e6fc78e07086caf765b7b68cec86bce	.paper-artifacts/bioinformatics-phase2-holdout-v1/formal/hq01_ht01__repeat02/execution-snapshot/inputs/query.fa	.paper-artifacts/bioinformatics-phase2-holdout-v1/formal/hq01_ht01__repeat02/execution-snapshot/inputs/query.fa	.paper-artifacts/bioinformatics-phase2-holdout-v1/formal/hq01_ht01__repeat02/execution-snapshot/inputs/target.fa	.paper-artifacts/bioinformatics-phase2-holdout-v1/formal/hq01_ht01__repeat02/execution-snapshot/inputs/target.fa	0:444	0:2501	18902298	bioinformatics_phase2_holdout_query_v1	hq01	e6f49cc6e21c70f84017c331f2b1096a79befef92e2f90948ab60f8409e5b3fa	bioinformatics_phase2_holdout_target_v1	ht01	7b789e19134114e831f6afb8f7ce4a3502fd3158fe723ab26a22c948538c67c0	GRCh38	GRCh38_0_based_half_open	historical_phase2_holdout_query_v1	historical_phase2_holdout_target_v1	110752c4078bc2b300ad4e92e2495ea868c365486e540da7002fc3e19a18241a	ba36c9caa5c2fa51d22c6d946fc24a09ab21d1214979e304dca259010cec3d2a	9dc9c06dc584d323525cbe3129f389c360f899403ea39971a95985a035c7b07d	8650c2aa78ac73c9d9d34c572853fc9c534fc552ea688fc841ecb8bf5e2f58ff
phase2_holdout:hq01_ht02__repeat00	phase2_holdout_36	historical_regression_only	hq01_ht02	0	.paper-artifacts/bioinformatics-phase2-holdout-v1/formal/hq01_ht02__repeat00/authority/output/GRCh38-ENST00000615076.1|ENSG00000276454.1|ENSG00000276454|GENCODE v49|GRCh38-target-TFOsorted	.paper-artifacts/bioinformatics-phase2-holdout-v1/formal/hq01_ht02__repeat00/candidate/output/GRCh38-ENST00000615076.1|ENSG00000276454.1|ENSG00000276454|GENCODE v49|GRCh38-target-TFOsorted	89fade6245de4ab6d75665e968b09d7aed26ef4bf076b49196c77c915b4cd393	89fade6245de4ab6d75665e968b09d7aed26ef4bf076b49196c77c915b4cd393	.paper-artifacts/bioinformatics-phase2-holdout-v1/formal/hq01_ht02__repeat00/execution-snapshot/inputs/query.fa	.paper-artifacts/bioinformatics-phase2-holdout-v1/formal/hq01_ht02__repeat00/execution-snapshot/inputs/query.fa	.paper-artifacts/bioinformatics-phase2-holdout-v1/formal/hq01_ht02__repeat00/execution-snapshot/inputs/target.fa	.paper-artifacts/bioinformatics-phase2-holdout-v1/formal/hq01_ht02__repeat00/execution-snapshot/inputs/target.fa	0:444	0:2501	35159828	bioinformatics_phase2_holdout_query_v1	hq01	e6f49cc6e21c70f84017c331f2b1096a79befef92e2f90948ab60f8409e5b3fa	bioinformatics_phase2_holdout_target_v1	ht02	dd5cf8216eb638d071cd03bd9adc122c15ee07ea696b87724b240022829e4fd9	GRCh38	GRCh38_0_based_half_open	historical_phase2_holdout_query_v1	historical_phase2_holdout_target_v1	110752c4078bc2b300ad4e92e2495ea868c365486e540da7002fc3e19a18241a	f43895bd153527e784296b5b3ba600bdf16392b0840065b175d5d4a11360fc6f	acff4324eb731ee59a319eb7d00f66621764e71e3e030bbaf775f89be9c38d86	7636004fdf54c5f137626e38412f4d72e0ec655d52acf9d89ebecd8c16b78679
phase2_holdout:hq01_ht02__repeat01	phase2_holdout_36	historical_regression_only	hq01_ht02	1	.paper-artifacts/bioinformatics-phase2-holdout-v1/formal/hq01_ht02__repeat01/authority/output/GRCh38-ENST00000615076.1|ENSG00000276454.1|ENSG00000276454|GENCODE v49|GRCh38-target-TFOsorted	.paper-artifacts/bioinformatics-phase2-holdout-v1/formal/hq01_ht02__repeat01/candidate/output/GRCh38-ENST00000615076.1|ENSG00000276454.1|ENSG00000276454|GENCODE v49|GRCh38-target-TFOsorted	89fade6245de4ab6d75665e968b09d7aed26ef4bf076b49196c77c915b4cd393	89fade6245de4ab6d75665e968b09d7aed26ef4bf076b49196c77c915b4cd393	.paper-artifacts/bioinformatics-phase2-holdout-v1/formal/hq01_ht02__repeat01/execution-snapshot/inputs/query.fa	.paper-artifacts/bioinformatics-phase2-holdout-v1/formal/hq01_ht02__repeat01/execution-snapshot/inputs/query.fa	.paper-artifacts/bioinformatics-phase2-holdout-v1/formal/hq01_ht02__repeat01/execution-snapshot/inputs/target.fa	.paper-artifacts/bioinformatics-phase2-holdout-v1/formal/hq01_ht02__repeat01/execution-snapshot/inputs/target.fa	0:444	0:2501	35159828	bioinformatics_phase2_holdout_query_v1	hq01	e6f49cc6e21c70f84017c331f2b1096a79befef92e2f90948ab60f8409e5b3fa	bioinformatics_phase2_holdout_target_v1	ht02	dd5cf8216eb638d071cd03bd9adc122c15ee07ea696b87724b240022829e4fd9	GRCh38	GRCh38_0_based_half_open	historical_phase2_holdout_query_v1	historical_phase2_holdout_target_v1	110752c4078bc2b300ad4e92e2495ea868c365486e540da7002fc3e19a18241a	f43895bd153527e784296b5b3ba600bdf16392b0840065b175d5d4a11360fc6f	a6a65ac2fbf008c7a5df9b1b0f0c919f06cfbb816de6961188e58adf31c52ab5	409cb5944805af11695c2de9cbd01a371567357b7d92775f6f65f0ade4da7ea0
phase2_holdout:hq01_ht02__repeat02	phase2_holdout_36	historical_regression_only	hq01_ht02	2	.paper-artifacts/bioinformatics-phase2-holdout-v1/formal/hq01_ht02__repeat02/authority/output/GRCh38-ENST00000615076.1|ENSG00000276454.1|ENSG00000276454|GENCODE v49|GRCh38-target-TFOsorted	.paper-artifacts/bioinformatics-phase2-holdout-v1/formal/hq01_ht02__repeat02/candidate/output/GRCh38-ENST00000615076.1|ENSG00000276454.1|ENSG00000276454|GENCODE v49|GRCh38-target-TFOsorted	89fade6245de4ab6d75665e968b09d7aed26ef4bf076b49196c77c915b4cd393	89fade6245de4ab6d75665e968b09d7aed26ef4bf076b49196c77c915b4cd393	.paper-artifacts/bioinformatics-phase2-holdout-v1/formal/hq01_ht02__repeat02/execution-snapshot/inputs/query.fa	.paper-artifacts/bioinformatics-phase2-holdout-v1/formal/hq01_ht02__repeat02/execution-snapshot/inputs/query.fa	.paper-artifacts/bioinformatics-phase2-holdout-v1/formal/hq01_ht02__repeat02/execution-snapshot/inputs/target.fa	.paper-artifacts/bioinformatics-phase2-holdout-v1/formal/hq01_ht02__repeat02/execution-snapshot/inputs/target.fa	0:444	0:2501	35159828	bioinformatics_phase2_holdout_query_v1	hq01	e6f49cc6e21c70f84017c331f2b1096a79befef92e2f90948ab60f8409e5b3fa	bioinformatics_phase2_holdout_target_v1	ht02	dd5cf8216eb638d071cd03bd9adc122c15ee07ea696b87724b240022829e4fd9	GRCh38	GRCh38_0_based_half_open	historical_phase2_holdout_query_v1	historical_phase2_holdout_target_v1	110752c4078bc2b300ad4e92e2495ea868c365486e540da7002fc3e19a18241a	f43895bd153527e784296b5b3ba600bdf16392b0840065b175d5d4a11360fc6f	3191240d7432b640099027869e48949f1c5aad86d71dc3a6aece1a4eea1ffc5a	b2fcd472f7fc0d36aff66532865abbfa744c5f75dc8f17c6dd634ad92f8041ee
phase2_holdout:hq02_ht01__repeat00	phase2_holdout_36	historical_regression_only	hq02_ht01	0	.paper-artifacts/bioinformatics-phase2-holdout-v1/formal/hq02_ht01__repeat00/authority/output/GRCh38-ENST00000420204.1|ENSG00000235494.3|ENSG00000235494|GENCODE v49|GRCh38-target-TFOsorted	.paper-artifacts/bioinformatics-phase2-holdout-v1/formal/hq02_ht01__repeat00/candidate/output/GRCh38-ENST00000420204.1|ENSG00000235494.3|ENSG00000235494|GENCODE v49|GRCh38-target-TFOsorted	f62a26e10a6f70faa3200db206b9dd4772bf58fc4187e03d2c1a0bfd56a1e5c9	f62a26e10a6f70faa3200db206b9dd4772bf58fc4187e03d2c1a0bfd56a1e5c9	.paper-artifacts/bioinformatics-phase2-holdout-v1/formal/hq02_ht01__repeat00/execution-snapshot/inputs/query.fa	.paper-artifacts/bioinformatics-phase2-holdout-v1/formal/hq02_ht01__repeat00/execution-snapshot/inputs/query.fa	.paper-artifacts/bioinformatics-phase2-holdout-v1/formal/hq02_ht01__repeat00/execution-snapshot/inputs/target.fa	.paper-artifacts/bioinformatics-phase2-holdout-v1/formal/hq02_ht01__repeat00/execution-snapshot/inputs/target.fa	0:281	0:2501	18902298	bioinformatics_phase2_holdout_query_v1	hq02	3833a3d93d592572ba6dc1c9971182e23d0ddbd87920804db58b1fdff340903c	bioinformatics_phase2_holdout_target_v1	ht01	7b789e19134114e831f6afb8f7ce4a3502fd3158fe723ab26a22c948538c67c0	GRCh38	GRCh38_0_based_half_open	historical_phase2_holdout_query_v1	historical_phase2_holdout_target_v1	110752c4078bc2b300ad4e92e2495ea868c365486e540da7002fc3e19a18241a	1df24c5fbcbe6d8274f8d3222e24a3350318a6e45d29d937af1dbfa03196d420	da92aa870d07521507ebe37d79f8784884e9500ea66d53451f0c8c4049038917	961d366a9de9fd09a1afe6f0554d72330f7ba7508f64c348fb05343a19c18500
phase2_holdout:hq02_ht02__repeat00	phase2_holdout_36	historical_regression_only	hq02_ht02	0	.paper-artifacts/bioinformatics-phase2-holdout-v1/formal/hq02_ht02__repeat00/authority/output/GRCh38-ENST00000420204.1|ENSG00000235494.3|ENSG00000235494|GENCODE v49|GRCh38-target-TFOsorted	.paper-artifacts/bioinformatics-phase2-holdout-v1/formal/hq02_ht02__repeat00/candidate/output/GRCh38-ENST00000420204.1|ENSG00000235494.3|ENSG00000235494|GENCODE v49|GRCh38-target-TFOsorted	d659e968a606ed377716dcdba519de486b8914178d7531786dcc936ec5cc8a26	d659e968a606ed377716dcdba519de486b8914178d7531786dcc936ec5cc8a26	.paper-artifacts/bioinformatics-phase2-holdout-v1/formal/hq02_ht02__repeat00/execution-snapshot/inputs/query.fa	.paper-artifacts/bioinformatics-phase2-holdout-v1/formal/hq02_ht02__repeat00/execution-snapshot/inputs/query.fa	.paper-artifacts/bioinformatics-phase2-holdout-v1/formal/hq02_ht02__repeat00/execution-snapshot/inputs/target.fa	.paper-artifacts/bioinformatics-phase2-holdout-v1/formal/hq02_ht02__repeat00/execution-snapshot/inputs/target.fa	0:281	0:2501	35159828	bioinformatics_phase2_holdout_query_v1	hq02	3833a3d93d592572ba6dc1c9971182e23d0ddbd87920804db58b1fdff340903c	bioinformatics_phase2_holdout_target_v1	ht02	dd5cf8216eb638d071cd03bd9adc122c15ee07ea696b87724b240022829e4fd9	GRCh38	GRCh38_0_based_half_open	historical_phase2_holdout_query_v1	historical_phase2_holdout_target_v1	110752c4078bc2b300ad4e92e2495ea868c365486e540da7002fc3e19a18241a	dedfb261b482eb5d5d936c76c7d1dccfed20b2f2743693e5ca9cdeb80a3da0bc	98c5ab8a9bdd637ba126aa66b0a6f56835ccf6cb76cbcd373691b595becd5c54	1fce6e8b0ac5af0280c5d59ffae5d4274b746fea6cb3d97e4bd779d17c6db227
phase2_holdout:hq03_ht01__repeat00	phase2_holdout_36	historical_regression_only	hq03_ht01	0	.paper-artifacts/bioinformatics-phase2-holdout-v1/formal/hq03_ht01__repeat00/authority/output/GRCh38-ENST00000457477.2|ENSG00000224359.2|ENSG00000224359|GENCODE v49|GRCh38-target-TFOsorted	.paper-artifacts/bioinformatics-phase2-holdout-v1/formal/hq03_ht01__repeat00/candidate/output/GRCh38-ENST00000457477.2|ENSG00000224359.2|ENSG00000224359|GENCODE v49|GRCh38-target-TFOsorted	e19b3f067d38cfacb547748f92ba4bc4345dd68129d46997b7da381b1d0f7ab5	e19b3f067d38cfacb547748f92ba4bc4345dd68129d46997b7da381b1d0f7ab5	.paper-artifacts/bioinformatics-phase2-holdout-v1/formal/hq03_ht01__repeat00/execution-snapshot/inputs/query.fa	.paper-artifacts/bioinformatics-phase2-holdout-v1/formal/hq03_ht01__repeat00/execution-snapshot/inputs/query.fa	.paper-artifacts/bioinformatics-phase2-holdout-v1/formal/hq03_ht01__repeat00/execution-snapshot/inputs/target.fa	.paper-artifacts/bioinformatics-phase2-holdout-v1/formal/hq03_ht01__repeat00/execution-snapshot/inputs/target.fa	0:357	0:2501	18902298	bioinformatics_phase2_holdout_query_v1	hq03	d31c99fa1234e35c4d945a36b9afe96c9826f774ed6dad3c1aa44ece47d69c8a	bioinformatics_phase2_holdout_target_v1	ht01	7b789e19134114e831f6afb8f7ce4a3502fd3158fe723ab26a22c948538c67c0	GRCh38	GRCh38_0_based_half_open	historical_phase2_holdout_query_v1	historical_phase2_holdout_target_v1	110752c4078bc2b300ad4e92e2495ea868c365486e540da7002fc3e19a18241a	13d4fae1fafcfd141129b0cb13f3c6f41db7ab59763a0b9ef9c90ad6601951a6	649e6be08f9a9e030969e9c53eb8032e4c2209c3ea1ac9a1cf908b18bd845faf	de5834175e940f45a1ba54793393e43d39521e4dc459652469c3d05c7a4e5501
phase2_holdout:hq03_ht02__repeat00	phase2_holdout_36	historical_regression_only	hq03_ht02	0	.paper-artifacts/bioinformatics-phase2-holdout-v1/formal/hq03_ht02__repeat00/authority/output/GRCh38-ENST00000457477.2|ENSG00000224359.2|ENSG00000224359|GENCODE v49|GRCh38-target-TFOsorted	.paper-artifacts/bioinformatics-phase2-holdout-v1/formal/hq03_ht02__repeat00/candidate/output/GRCh38-ENST00000457477.2|ENSG00000224359.2|ENSG00000224359|GENCODE v49|GRCh38-target-TFOsorted	489b523b59313e23fbef6b3f4c54b548db469a4db10764320fae99aa75619076	489b523b59313e23fbef6b3f4c54b548db469a4db10764320fae99aa75619076	.paper-artifacts/bioinformatics-phase2-holdout-v1/formal/hq03_ht02__repeat00/execution-snapshot/inputs/query.fa	.paper-artifacts/bioinformatics-phase2-holdout-v1/formal/hq03_ht02__repeat00/execution-snapshot/inputs/query.fa	.paper-artifacts/bioinformatics-phase2-holdout-v1/formal/hq03_ht02__repeat00/execution-snapshot/inputs/target.fa	.paper-artifacts/bioinformatics-phase2-holdout-v1/formal/hq03_ht02__repeat00/execution-snapshot/inputs/target.fa	0:357	0:2501	35159828	bioinformatics_phase2_holdout_query_v1	hq03	d31c99fa1234e35c4d945a36b9afe96c9826f774ed6dad3c1aa44ece47d69c8a	bioinformatics_phase2_holdout_target_v1	ht02	dd5cf8216eb638d071cd03bd9adc122c15ee07ea696b87724b240022829e4fd9	GRCh38	GRCh38_0_based_half_open	historical_phase2_holdout_query_v1	historical_phase2_holdout_target_v1	110752c4078bc2b300ad4e92e2495ea868c365486e540da7002fc3e19a18241a	451257ced54000dec86c91548fdd4e19612b60ad46a1fd6b99d653d43f18184e	48c5f773292ec8b0558da735f92d2594a38165b5e10f7e7357408de8d0706e37	7f62611d358e5186a080e54ceb338c954631cfc55c8d689176a6faa851a07fba
phase2_holdout:hq04_ht01__repeat00	phase2_holdout_36	historical_regression_only	hq04_ht01	0	.paper-artifacts/bioinformatics-phase2-holdout-v1/formal/hq04_ht01__repeat00/authority/output/GRCh38-ENST00000743921.1|ENSG00000296969.1|ENSG00000296969|GENCODE v49|GRCh38-target-TFOsorted	.paper-artifacts/bioinformatics-phase2-holdout-v1/formal/hq04_ht01__repeat00/candidate/output/GRCh38-ENST00000743921.1|ENSG00000296969.1|ENSG00000296969|GENCODE v49|GRCh38-target-TFOsorted	607f3bb5765285abc3f204c8453510bc13d345380193846d01b2477d37493778	607f3bb5765285abc3f204c8453510bc13d345380193846d01b2477d37493778	.paper-artifacts/bioinformatics-phase2-holdout-v1/formal/hq04_ht01__repeat00/execution-snapshot/inputs/query.fa	.paper-artifacts/bioinformatics-phase2-holdout-v1/formal/hq04_ht01__repeat00/execution-snapshot/inputs/query.fa	.paper-artifacts/bioinformatics-phase2-holdout-v1/formal/hq04_ht01__repeat00/execution-snapshot/inputs/target.fa	.paper-artifacts/bioinformatics-phase2-holdout-v1/formal/hq04_ht01__repeat00/execution-snapshot/inputs/target.fa	0:495	0:2501	18902298	bioinformatics_phase2_holdout_query_v1	hq04	37c8ac7388c1884d7329e6f1fb9eace2240da2c41d9d4c5087117b0ad4023931	bioinformatics_phase2_holdout_target_v1	ht01	7b789e19134114e831f6afb8f7ce4a3502fd3158fe723ab26a22c948538c67c0	GRCh38	GRCh38_0_based_half_open	historical_phase2_holdout_query_v1	historical_phase2_holdout_target_v1	110752c4078bc2b300ad4e92e2495ea868c365486e540da7002fc3e19a18241a	48059889f9b38a9c7ab5b87199ac3868a7e0931884180ad0dac7d9ecaf55d7fe	d573192b1a959ed279e9c74164fd47e8a517aba956ef09ac057b54457e620f2b	355f00b3fd9618c1c3dc1dd4db3f3f251799fe501f7062b7eacee7ee185f047f
phase2_holdout:hq04_ht02__repeat00	phase2_holdout_36	historical_regression_only	hq04_ht02	0	.paper-artifacts/bioinformatics-phase2-holdout-v1/formal/hq04_ht02__repeat00/authority/output/GRCh38-ENST00000743921.1|ENSG00000296969.1|ENSG00000296969|GENCODE v49|GRCh38-target-TFOsorted	.paper-artifacts/bioinformatics-phase2-holdout-v1/formal/hq04_ht02__repeat00/candidate/output/GRCh38-ENST00000743921.1|ENSG00000296969.1|ENSG00000296969|GENCODE v49|GRCh38-target-TFOsorted	cccd68550de33b8d91b129be53354d7a0f1b462e37cfa601a419ef3fa46628f8	b20d1d2fef8ababbad24feb7adea80610184d54cee7af2bc54c6281c56dd8357	.paper-artifacts/bioinformatics-phase2-holdout-v1/formal/hq04_ht02__repeat00/execution-snapshot/inputs/query.fa	.paper-artifacts/bioinformatics-phase2-holdout-v1/formal/hq04_ht02__repeat00/execution-snapshot/inputs/query.fa	.paper-artifacts/bioinformatics-phase2-holdout-v1/formal/hq04_ht02__repeat00/execution-snapshot/inputs/target.fa	.paper-artifacts/bioinformatics-phase2-holdout-v1/formal/hq04_ht02__repeat00/execution-snapshot/inputs/target.fa	0:495	0:2501	35159828	bioinformatics_phase2_holdout_query_v1	hq04	37c8ac7388c1884d7329e6f1fb9eace2240da2c41d9d4c5087117b0ad4023931	bioinformatics_phase2_holdout_target_v1	ht02	dd5cf8216eb638d071cd03bd9adc122c15ee07ea696b87724b240022829e4fd9	GRCh38	GRCh38_0_based_half_open	historical_phase2_holdout_query_v1	historical_phase2_holdout_target_v1	110752c4078bc2b300ad4e92e2495ea868c365486e540da7002fc3e19a18241a	4a7e26e9ef4dd7eac4c15f7776cc2f50516726a2df51f2b3d0d41b80965658d6	9584146d887220a92149742fad957fc94733be71d08986c4ae9dd3214dda9e5b	1325c52904bed935aebbb1132d8e2e17d598318919b738e469fc74b69a91933c
phase2_holdout:hq05_ht01__repeat00	phase2_holdout_36	historical_regression_only	hq05_ht01	0	.paper-artifacts/bioinformatics-phase2-holdout-v1/formal/hq05_ht01__repeat00/authority/output/GRCh38-ENST00000442179.1|ENSG00000236772.1|ENSG00000236772|GENCODE v49|GRCh38-target-TFOsorted	.paper-artifacts/bioinformatics-phase2-holdout-v1/formal/hq05_ht01__repeat00/candidate/output/GRCh38-ENST00000442179.1|ENSG00000236772.1|ENSG00000236772|GENCODE v49|GRCh38-target-TFOsorted	3aebfe272be9c704fcfb5ce8766c3ba092dd8b23086140e92055b53d46159d03	3aebfe272be9c704fcfb5ce8766c3ba092dd8b23086140e92055b53d46159d03	.paper-artifacts/bioinformatics-phase2-holdout-v1/formal/hq05_ht01__repeat00/execution-snapshot/inputs/query.fa	.paper-artifacts/bioinformatics-phase2-holdout-v1/formal/hq05_ht01__repeat00/execution-snapshot/inputs/query.fa	.paper-artifacts/bioinformatics-phase2-holdout-v1/formal/hq05_ht01__repeat00/execution-snapshot/inputs/target.fa	.paper-artifacts/bioinformatics-phase2-holdout-v1/formal/hq05_ht01__repeat00/execution-snapshot/inputs/target.fa	0:986	0:2501	18902298	bioinformatics_phase2_holdout_query_v1	hq05	7bdb574d585d18e2f4bf5613a4c0ea9f23508841ff20898cb4366e4b4fa4681b	bioinformatics_phase2_holdout_target_v1	ht01	7b789e19134114e831f6afb8f7ce4a3502fd3158fe723ab26a22c948538c67c0	GRCh38	GRCh38_0_based_half_open	historical_phase2_holdout_query_v1	historical_phase2_holdout_target_v1	110752c4078bc2b300ad4e92e2495ea868c365486e540da7002fc3e19a18241a	adb8428eaa5c48310f78d8b3e5f7027ecf70f8d5619fb0c7dbc93b62fe6c207d	c25760f2a0b867e8491fb8fc779aeb8288b63c7745dd7ec3ef150d0ee03c2feb	624b23629ecfa4f5229d847d77d10ce731929218694b86ed3d18f6635b23d73b
phase2_holdout:hq05_ht01__repeat01	phase2_holdout_36	historical_regression_only	hq05_ht01	1	.paper-artifacts/bioinformatics-phase2-holdout-v1/formal/hq05_ht01__repeat01/authority/output/GRCh38-ENST00000442179.1|ENSG00000236772.1|ENSG00000236772|GENCODE v49|GRCh38-target-TFOsorted	.paper-artifacts/bioinformatics-phase2-holdout-v1/formal/hq05_ht01__repeat01/candidate/output/GRCh38-ENST00000442179.1|ENSG00000236772.1|ENSG00000236772|GENCODE v49|GRCh38-target-TFOsorted	3aebfe272be9c704fcfb5ce8766c3ba092dd8b23086140e92055b53d46159d03	3aebfe272be9c704fcfb5ce8766c3ba092dd8b23086140e92055b53d46159d03	.paper-artifacts/bioinformatics-phase2-holdout-v1/formal/hq05_ht01__repeat01/execution-snapshot/inputs/query.fa	.paper-artifacts/bioinformatics-phase2-holdout-v1/formal/hq05_ht01__repeat01/execution-snapshot/inputs/query.fa	.paper-artifacts/bioinformatics-phase2-holdout-v1/formal/hq05_ht01__repeat01/execution-snapshot/inputs/target.fa	.paper-artifacts/bioinformatics-phase2-holdout-v1/formal/hq05_ht01__repeat01/execution-snapshot/inputs/target.fa	0:986	0:2501	18902298	bioinformatics_phase2_holdout_query_v1	hq05	7bdb574d585d18e2f4bf5613a4c0ea9f23508841ff20898cb4366e4b4fa4681b	bioinformatics_phase2_holdout_target_v1	ht01	7b789e19134114e831f6afb8f7ce4a3502fd3158fe723ab26a22c948538c67c0	GRCh38	GRCh38_0_based_half_open	historical_phase2_holdout_query_v1	historical_phase2_holdout_target_v1	110752c4078bc2b300ad4e92e2495ea868c365486e540da7002fc3e19a18241a	adb8428eaa5c48310f78d8b3e5f7027ecf70f8d5619fb0c7dbc93b62fe6c207d	9dbc2964bbbd852eafef0c2952c892c0b44723dcc9084a1c19391106ce2fcf30	40cf68be15a60c4607332a40db35cf683bb4c26a3dd6f0edf4cc02f019ed2e6e
phase2_holdout:hq05_ht01__repeat02	phase2_holdout_36	historical_regression_only	hq05_ht01	2	.paper-artifacts/bioinformatics-phase2-holdout-v1/formal/hq05_ht01__repeat02/authority/output/GRCh38-ENST00000442179.1|ENSG00000236772.1|ENSG00000236772|GENCODE v49|GRCh38-target-TFOsorted	.paper-artifacts/bioinformatics-phase2-holdout-v1/formal/hq05_ht01__repeat02/candidate/output/GRCh38-ENST00000442179.1|ENSG00000236772.1|ENSG00000236772|GENCODE v49|GRCh38-target-TFOsorted	3aebfe272be9c704fcfb5ce8766c3ba092dd8b23086140e92055b53d46159d03	3aebfe272be9c704fcfb5ce8766c3ba092dd8b23086140e92055b53d46159d03	.paper-artifacts/bioinformatics-phase2-holdout-v1/formal/hq05_ht01__repeat02/execution-snapshot/inputs/query.fa	.paper-artifacts/bioinformatics-phase2-holdout-v1/formal/hq05_ht01__repeat02/execution-snapshot/inputs/query.fa	.paper-artifacts/bioinformatics-phase2-holdout-v1/formal/hq05_ht01__repeat02/execution-snapshot/inputs/target.fa	.paper-artifacts/bioinformatics-phase2-holdout-v1/formal/hq05_ht01__repeat02/execution-snapshot/inputs/target.fa	0:986	0:2501	18902298	bioinformatics_phase2_holdout_query_v1	hq05	7bdb574d585d18e2f4bf5613a4c0ea9f23508841ff20898cb4366e4b4fa4681b	bioinformatics_phase2_holdout_target_v1	ht01	7b789e19134114e831f6afb8f7ce4a3502fd3158fe723ab26a22c948538c67c0	GRCh38	GRCh38_0_based_half_open	historical_phase2_holdout_query_v1	historical_phase2_holdout_target_v1	110752c4078bc2b300ad4e92e2495ea868c365486e540da7002fc3e19a18241a	adb8428eaa5c48310f78d8b3e5f7027ecf70f8d5619fb0c7dbc93b62fe6c207d	79ca0e11601bde1937247de4328123ae5cdd29e69ed21ee81fe689217537c97a	e7affe17776ecf767bc48577be21d416c32057a58af680243d10210e05533bfd
phase2_holdout:hq05_ht02__repeat00	phase2_holdout_36	historical_regression_only	hq05_ht02	0	.paper-artifacts/bioinformatics-phase2-holdout-v1/formal/hq05_ht02__repeat00/authority/output/GRCh38-ENST00000442179.1|ENSG00000236772.1|ENSG00000236772|GENCODE v49|GRCh38-target-TFOsorted	.paper-artifacts/bioinformatics-phase2-holdout-v1/formal/hq05_ht02__repeat00/candidate/output/GRCh38-ENST00000442179.1|ENSG00000236772.1|ENSG00000236772|GENCODE v49|GRCh38-target-TFOsorted	d6832fbac16f99c1258e0d863148ff155cb373f1ebbd82b1db6c735887d7cbb7	d6832fbac16f99c1258e0d863148ff155cb373f1ebbd82b1db6c735887d7cbb7	.paper-artifacts/bioinformatics-phase2-holdout-v1/formal/hq05_ht02__repeat00/execution-snapshot/inputs/query.fa	.paper-artifacts/bioinformatics-phase2-holdout-v1/formal/hq05_ht02__repeat00/execution-snapshot/inputs/query.fa	.paper-artifacts/bioinformatics-phase2-holdout-v1/formal/hq05_ht02__repeat00/execution-snapshot/inputs/target.fa	.paper-artifacts/bioinformatics-phase2-holdout-v1/formal/hq05_ht02__repeat00/execution-snapshot/inputs/target.fa	0:986	0:2501	35159828	bioinformatics_phase2_holdout_query_v1	hq05	7bdb574d585d18e2f4bf5613a4c0ea9f23508841ff20898cb4366e4b4fa4681b	bioinformatics_phase2_holdout_target_v1	ht02	dd5cf8216eb638d071cd03bd9adc122c15ee07ea696b87724b240022829e4fd9	GRCh38	GRCh38_0_based_half_open	historical_phase2_holdout_query_v1	historical_phase2_holdout_target_v1	110752c4078bc2b300ad4e92e2495ea868c365486e540da7002fc3e19a18241a	98c3e2d06f3093a8d2fabb716e166cc9ac877dbfbd3a01781757bb9e8bf23024	6e39ea321e2c6dbbba16401b021336294483ed9e653ed2b23fce9c4b2e7b55df	2d4a4e499104c71492892766de316132173211504d4a25d79b6262edad3b5106
phase2_holdout:hq05_ht02__repeat01	phase2_holdout_36	historical_regression_only	hq05_ht02	1	.paper-artifacts/bioinformatics-phase2-holdout-v1/formal/hq05_ht02__repeat01/authority/output/GRCh38-ENST00000442179.1|ENSG00000236772.1|ENSG00000236772|GENCODE v49|GRCh38-target-TFOsorted	.paper-artifacts/bioinformatics-phase2-holdout-v1/formal/hq05_ht02__repeat01/candidate/output/GRCh38-ENST00000442179.1|ENSG00000236772.1|ENSG00000236772|GENCODE v49|GRCh38-target-TFOsorted	d6832fbac16f99c1258e0d863148ff155cb373f1ebbd82b1db6c735887d7cbb7	d6832fbac16f99c1258e0d863148ff155cb373f1ebbd82b1db6c735887d7cbb7	.paper-artifacts/bioinformatics-phase2-holdout-v1/formal/hq05_ht02__repeat01/execution-snapshot/inputs/query.fa	.paper-artifacts/bioinformatics-phase2-holdout-v1/formal/hq05_ht02__repeat01/execution-snapshot/inputs/query.fa	.paper-artifacts/bioinformatics-phase2-holdout-v1/formal/hq05_ht02__repeat01/execution-snapshot/inputs/target.fa	.paper-artifacts/bioinformatics-phase2-holdout-v1/formal/hq05_ht02__repeat01/execution-snapshot/inputs/target.fa	0:986	0:2501	35159828	bioinformatics_phase2_holdout_query_v1	hq05	7bdb574d585d18e2f4bf5613a4c0ea9f23508841ff20898cb4366e4b4fa4681b	bioinformatics_phase2_holdout_target_v1	ht02	dd5cf8216eb638d071cd03bd9adc122c15ee07ea696b87724b240022829e4fd9	GRCh38	GRCh38_0_based_half_open	historical_phase2_holdout_query_v1	historical_phase2_holdout_target_v1	110752c4078bc2b300ad4e92e2495ea868c365486e540da7002fc3e19a18241a	98c3e2d06f3093a8d2fabb716e166cc9ac877dbfbd3a01781757bb9e8bf23024	333704c150e897fb5849077a0daa11782d7caccc2d1188560140be61214a5dce	dd1de3cd91f284fa83a1204a6fab0637358ebb6bf5f12416ad9c5cf5a1a701bb
phase2_holdout:hq05_ht02__repeat02	phase2_holdout_36	historical_regression_only	hq05_ht02	2	.paper-artifacts/bioinformatics-phase2-holdout-v1/formal/hq05_ht02__repeat02/authority/output/GRCh38-ENST00000442179.1|ENSG00000236772.1|ENSG00000236772|GENCODE v49|GRCh38-target-TFOsorted	.paper-artifacts/bioinformatics-phase2-holdout-v1/formal/hq05_ht02__repeat02/candidate/output/GRCh38-ENST00000442179.1|ENSG00000236772.1|ENSG00000236772|GENCODE v49|GRCh38-target-TFOsorted	d6832fbac16f99c1258e0d863148ff155cb373f1ebbd82b1db6c735887d7cbb7	d6832fbac16f99c1258e0d863148ff155cb373f1ebbd82b1db6c735887d7cbb7	.paper-artifacts/bioinformatics-phase2-holdout-v1/formal/hq05_ht02__repeat02/execution-snapshot/inputs/query.fa	.paper-artifacts/bioinformatics-phase2-holdout-v1/formal/hq05_ht02__repeat02/execution-snapshot/inputs/query.fa	.paper-artifacts/bioinformatics-phase2-holdout-v1/formal/hq05_ht02__repeat02/execution-snapshot/inputs/target.fa	.paper-artifacts/bioinformatics-phase2-holdout-v1/formal/hq05_ht02__repeat02/execution-snapshot/inputs/target.fa	0:986	0:2501	35159828	bioinformatics_phase2_holdout_query_v1	hq05	7bdb574d585d18e2f4bf5613a4c0ea9f23508841ff20898cb4366e4b4fa4681b	bioinformatics_phase2_holdout_target_v1	ht02	dd5cf8216eb638d071cd03bd9adc122c15ee07ea696b87724b240022829e4fd9	GRCh38	GRCh38_0_based_half_open	historical_phase2_holdout_query_v1	historical_phase2_holdout_target_v1	110752c4078bc2b300ad4e92e2495ea868c365486e540da7002fc3e19a18241a	98c3e2d06f3093a8d2fabb716e166cc9ac877dbfbd3a01781757bb9e8bf23024	9370c42223f0c8705acbf16ba44d509a276bcf6374fa6c862b27699e134376c9	91bc3696a5032be86531a8b08fed9e7552473b76abea347da0265ffb96068cf3
phase2_holdout:hq06_ht01__repeat00	phase2_holdout_36	historical_regression_only	hq06_ht01	0	.paper-artifacts/bioinformatics-phase2-holdout-v1/formal/hq06_ht01__repeat00/authority/output/GRCh38-ENST00000776628.1|ENSG00000301151.1|ENSG00000301151|GENCODE v49|GRCh38-target-TFOsorted	.paper-artifacts/bioinformatics-phase2-holdout-v1/formal/hq06_ht01__repeat00/candidate/output/GRCh38-ENST00000776628.1|ENSG00000301151.1|ENSG00000301151|GENCODE v49|GRCh38-target-TFOsorted	f9d4ad7e7dbfca39fefeae015188a09b4184f15470aa8c9bcef6f3fa2ef07cf3	f9d4ad7e7dbfca39fefeae015188a09b4184f15470aa8c9bcef6f3fa2ef07cf3	.paper-artifacts/bioinformatics-phase2-holdout-v1/formal/hq06_ht01__repeat00/execution-snapshot/inputs/query.fa	.paper-artifacts/bioinformatics-phase2-holdout-v1/formal/hq06_ht01__repeat00/execution-snapshot/inputs/query.fa	.paper-artifacts/bioinformatics-phase2-holdout-v1/formal/hq06_ht01__repeat00/execution-snapshot/inputs/target.fa	.paper-artifacts/bioinformatics-phase2-holdout-v1/formal/hq06_ht01__repeat00/execution-snapshot/inputs/target.fa	0:966	0:2501	18902298	bioinformatics_phase2_holdout_query_v1	hq06	62f5e96b099c0be002a286e48c3052fc7e8d3e19788878d7ffd24851a2877b94	bioinformatics_phase2_holdout_target_v1	ht01	7b789e19134114e831f6afb8f7ce4a3502fd3158fe723ab26a22c948538c67c0	GRCh38	GRCh38_0_based_half_open	historical_phase2_holdout_query_v1	historical_phase2_holdout_target_v1	110752c4078bc2b300ad4e92e2495ea868c365486e540da7002fc3e19a18241a	3ec427d81bf0340db49a1093387e2d3fc98b1f1753cea051170ebf00c2156545	a19795c1d233c2681505b8f6f2a578b1945ff605ed363bd72153e70e91a9e6ba	751ad3e55a86a895091a94f00d935bfb6a38c2b0a61634c84893f7430b7318c4
phase2_holdout:hq06_ht02__repeat00	phase2_holdout_36	historical_regression_only	hq06_ht02	0	.paper-artifacts/bioinformatics-phase2-holdout-v1/formal/hq06_ht02__repeat00/authority/output/GRCh38-ENST00000776628.1|ENSG00000301151.1|ENSG00000301151|GENCODE v49|GRCh38-target-TFOsorted	.paper-artifacts/bioinformatics-phase2-holdout-v1/formal/hq06_ht02__repeat00/candidate/output/GRCh38-ENST00000776628.1|ENSG00000301151.1|ENSG00000301151|GENCODE v49|GRCh38-target-TFOsorted	3676101a99ef7ff5e16b3ea356afbd59eae3e9338a65a83e0d45a75731d6e0f2	3676101a99ef7ff5e16b3ea356afbd59eae3e9338a65a83e0d45a75731d6e0f2	.paper-artifacts/bioinformatics-phase2-holdout-v1/formal/hq06_ht02__repeat00/execution-snapshot/inputs/query.fa	.paper-artifacts/bioinformatics-phase2-holdout-v1/formal/hq06_ht02__repeat00/execution-snapshot/inputs/query.fa	.paper-artifacts/bioinformatics-phase2-holdout-v1/formal/hq06_ht02__repeat00/execution-snapshot/inputs/target.fa	.paper-artifacts/bioinformatics-phase2-holdout-v1/formal/hq06_ht02__repeat00/execution-snapshot/inputs/target.fa	0:966	0:2501	35159828	bioinformatics_phase2_holdout_query_v1	hq06	62f5e96b099c0be002a286e48c3052fc7e8d3e19788878d7ffd24851a2877b94	bioinformatics_phase2_holdout_target_v1	ht02	dd5cf8216eb638d071cd03bd9adc122c15ee07ea696b87724b240022829e4fd9	GRCh38	GRCh38_0_based_half_open	historical_phase2_holdout_query_v1	historical_phase2_holdout_target_v1	110752c4078bc2b300ad4e92e2495ea868c365486e540da7002fc3e19a18241a	24567e64a793abd9b1ba4ddfb705736ebb7083dcf797453526738eb08969e29a	313c7a60fd09db1aec75f76b9cb930255d1e39d32e3e8b810c040093c31f992e	508c2a2260cd699c1d3081ad298f02d0919ab535412d1177e72ab8c0d7786f60
phase2_holdout:hq07_ht01__repeat00	phase2_holdout_36	historical_regression_only	hq07_ht01	0	.paper-artifacts/bioinformatics-phase2-holdout-v1/formal/hq07_ht01__repeat00/authority/output/GRCh38-ENST00000552060.2|ENSG00000257677.3|LINC02464|GENCODE v49|GRCh38-target-TFOsorted	.paper-artifacts/bioinformatics-phase2-holdout-v1/formal/hq07_ht01__repeat00/candidate/output/GRCh38-ENST00000552060.2|ENSG00000257677.3|LINC02464|GENCODE v49|GRCh38-target-TFOsorted	c0bd188ad194fd46ded16e5b8b913cae711464a456cd4eff5528cfa1cacaf790	c0bd188ad194fd46ded16e5b8b913cae711464a456cd4eff5528cfa1cacaf790	.paper-artifacts/bioinformatics-phase2-holdout-v1/formal/hq07_ht01__repeat00/execution-snapshot/inputs/query.fa	.paper-artifacts/bioinformatics-phase2-holdout-v1/formal/hq07_ht01__repeat00/execution-snapshot/inputs/query.fa	.paper-artifacts/bioinformatics-phase2-holdout-v1/formal/hq07_ht01__repeat00/execution-snapshot/inputs/target.fa	.paper-artifacts/bioinformatics-phase2-holdout-v1/formal/hq07_ht01__repeat00/execution-snapshot/inputs/target.fa	0:1059	0:2501	18902298	bioinformatics_phase2_holdout_query_v1	hq07	e36511c9c66a68f854ffc54ed9a0b7b9e553a0871eb4b901fdc113500102b77e	bioinformatics_phase2_holdout_target_v1	ht01	7b789e19134114e831f6afb8f7ce4a3502fd3158fe723ab26a22c948538c67c0	GRCh38	GRCh38_0_based_half_open	historical_phase2_holdout_query_v1	historical_phase2_holdout_target_v1	110752c4078bc2b300ad4e92e2495ea868c365486e540da7002fc3e19a18241a	0c06db6d4eefb06a584d8c4a7bd1b47159767c9055f58bd2a1a02ff4d2fc3b8f	945e235a22d796c69c06e8a95adc4a3ca52892b95d772737f6118dcb9a4f4c8b	2b85eb68e53b6d959eaefca21d7174317182432e589ddb5e3d26cfd728c22f11
phase2_holdout:hq07_ht02__repeat00	phase2_holdout_36	historical_regression_only	hq07_ht02	0	.paper-artifacts/bioinformatics-phase2-holdout-v1/formal/hq07_ht02__repeat00/authority/output/GRCh38-ENST00000552060.2|ENSG00000257677.3|LINC02464|GENCODE v49|GRCh38-target-TFOsorted	.paper-artifacts/bioinformatics-phase2-holdout-v1/formal/hq07_ht02__repeat00/candidate/output/GRCh38-ENST00000552060.2|ENSG00000257677.3|LINC02464|GENCODE v49|GRCh38-target-TFOsorted	ca851f3cb89c48c56d0125d65723167e77227345ba5354aed0f7d8a519de5bb7	ca851f3cb89c48c56d0125d65723167e77227345ba5354aed0f7d8a519de5bb7	.paper-artifacts/bioinformatics-phase2-holdout-v1/formal/hq07_ht02__repeat00/execution-snapshot/inputs/query.fa	.paper-artifacts/bioinformatics-phase2-holdout-v1/formal/hq07_ht02__repeat00/execution-snapshot/inputs/query.fa	.paper-artifacts/bioinformatics-phase2-holdout-v1/formal/hq07_ht02__repeat00/execution-snapshot/inputs/target.fa	.paper-artifacts/bioinformatics-phase2-holdout-v1/formal/hq07_ht02__repeat00/execution-snapshot/inputs/target.fa	0:1059	0:2501	35159828	bioinformatics_phase2_holdout_query_v1	hq07	e36511c9c66a68f854ffc54ed9a0b7b9e553a0871eb4b901fdc113500102b77e	bioinformatics_phase2_holdout_target_v1	ht02	dd5cf8216eb638d071cd03bd9adc122c15ee07ea696b87724b240022829e4fd9	GRCh38	GRCh38_0_based_half_open	historical_phase2_holdout_query_v1	historical_phase2_holdout_target_v1	110752c4078bc2b300ad4e92e2495ea868c365486e540da7002fc3e19a18241a	618e047a9bce6f34cdf0549d3520339e2408c3da02e64857435809e44f1e48b8	f45ac98c58a7946dd58b813c9431f6c07c6a65f5e22804127d26f24ca8fe2d86	88b2a656c123292186c66139c5e6f6eb5aa954c04dbb69a65877e03e3c3d4259
phase2_holdout:hq08_ht01__repeat00	phase2_holdout_36	historical_regression_only	hq08_ht01	0	.paper-artifacts/bioinformatics-phase2-holdout-v1/formal/hq08_ht01__repeat00/authority/output/GRCh38-ENST00000661904.1|ENSG00000287213.1|ENSG00000287213|GENCODE v49|GRCh38-target-TFOsorted	.paper-artifacts/bioinformatics-phase2-holdout-v1/formal/hq08_ht01__repeat00/candidate/output/GRCh38-ENST00000661904.1|ENSG00000287213.1|ENSG00000287213|GENCODE v49|GRCh38-target-TFOsorted	e850574cdc802f83cd68457babba3377e17e91e4541584f7f176c9d1325111ea	e850574cdc802f83cd68457babba3377e17e91e4541584f7f176c9d1325111ea	.paper-artifacts/bioinformatics-phase2-holdout-v1/formal/hq08_ht01__repeat00/execution-snapshot/inputs/query.fa	.paper-artifacts/bioinformatics-phase2-holdout-v1/formal/hq08_ht01__repeat00/execution-snapshot/inputs/query.fa	.paper-artifacts/bioinformatics-phase2-holdout-v1/formal/hq08_ht01__repeat00/execution-snapshot/inputs/target.fa	.paper-artifacts/bioinformatics-phase2-holdout-v1/formal/hq08_ht01__repeat00/execution-snapshot/inputs/target.fa	0:934	0:2501	18902298	bioinformatics_phase2_holdout_query_v1	hq08	2a74328fdc8216b2dc1fbd01b3fc524b48777dee56eec9decde3c33c3820d451	bioinformatics_phase2_holdout_target_v1	ht01	7b789e19134114e831f6afb8f7ce4a3502fd3158fe723ab26a22c948538c67c0	GRCh38	GRCh38_0_based_half_open	historical_phase2_holdout_query_v1	historical_phase2_holdout_target_v1	110752c4078bc2b300ad4e92e2495ea868c365486e540da7002fc3e19a18241a	86cfb336114b6a30841a0fc287ca3665b3d29a9f651c5688a3163f4ef2b43eda	b39098b2730fdc333a51c085b806295eb826d3654bf3684491aadeb2d324310a	0e202f7e75d5cff46c4b1745c2dc6e2cf6e362df2487a78e2bdd04c35a05d1e4
phase2_holdout:hq08_ht02__repeat00	phase2_holdout_36	historical_regression_only	hq08_ht02	0	.paper-artifacts/bioinformatics-phase2-holdout-v1/formal/hq08_ht02__repeat00/authority/output/GRCh38-ENST00000661904.1|ENSG00000287213.1|ENSG00000287213|GENCODE v49|GRCh38-target-TFOsorted	.paper-artifacts/bioinformatics-phase2-holdout-v1/formal/hq08_ht02__repeat00/candidate/output/GRCh38-ENST00000661904.1|ENSG00000287213.1|ENSG00000287213|GENCODE v49|GRCh38-target-TFOsorted	8123bc6f2629a5e0c71c173d21caca05a279081a392ae221900e5689033258b1	8123bc6f2629a5e0c71c173d21caca05a279081a392ae221900e5689033258b1	.paper-artifacts/bioinformatics-phase2-holdout-v1/formal/hq08_ht02__repeat00/execution-snapshot/inputs/query.fa	.paper-artifacts/bioinformatics-phase2-holdout-v1/formal/hq08_ht02__repeat00/execution-snapshot/inputs/query.fa	.paper-artifacts/bioinformatics-phase2-holdout-v1/formal/hq08_ht02__repeat00/execution-snapshot/inputs/target.fa	.paper-artifacts/bioinformatics-phase2-holdout-v1/formal/hq08_ht02__repeat00/execution-snapshot/inputs/target.fa	0:934	0:2501	35159828	bioinformatics_phase2_holdout_query_v1	hq08	2a74328fdc8216b2dc1fbd01b3fc524b48777dee56eec9decde3c33c3820d451	bioinformatics_phase2_holdout_target_v1	ht02	dd5cf8216eb638d071cd03bd9adc122c15ee07ea696b87724b240022829e4fd9	GRCh38	GRCh38_0_based_half_open	historical_phase2_holdout_query_v1	historical_phase2_holdout_target_v1	110752c4078bc2b300ad4e92e2495ea868c365486e540da7002fc3e19a18241a	3c863447d4ed14ab2c58c454ef2f571743114db4828a6cb5bae42b2edafef158	5bf83c4b43e8529d4ed88d71ca4e3c1fc98fca2c9bd9aca4d0685654a826898a	6434e74c753100c3361780f72d347b6c573d52de927abc5b840ec0113a632727
phase2_holdout:hq09_ht01__repeat00	phase2_holdout_36	historical_regression_only	hq09_ht01	0	.paper-artifacts/bioinformatics-phase2-holdout-v1/formal/hq09_ht01__repeat00/authority/output/GRCh38-ENST00000670550.1|ENSG00000229956.12|ZRANB2-DT|GENCODE v49|GRCh38-target-TFOsorted	.paper-artifacts/bioinformatics-phase2-holdout-v1/formal/hq09_ht01__repeat00/candidate/output/GRCh38-ENST00000670550.1|ENSG00000229956.12|ZRANB2-DT|GENCODE v49|GRCh38-target-TFOsorted	44d10cde2d4a09ebdca6a3475ff29921706a6ac3575b757d55beba99492541b7	44d10cde2d4a09ebdca6a3475ff29921706a6ac3575b757d55beba99492541b7	.paper-artifacts/bioinformatics-phase2-holdout-v1/formal/hq09_ht01__repeat00/execution-snapshot/inputs/query.fa	.paper-artifacts/bioinformatics-phase2-holdout-v1/formal/hq09_ht01__repeat00/execution-snapshot/inputs/query.fa	.paper-artifacts/bioinformatics-phase2-holdout-v1/formal/hq09_ht01__repeat00/execution-snapshot/inputs/target.fa	.paper-artifacts/bioinformatics-phase2-holdout-v1/formal/hq09_ht01__repeat00/execution-snapshot/inputs/target.fa	0:2171	0:2501	18902298	bioinformatics_phase2_holdout_query_v1	hq09	ede5247e8fb0c4217a2fa61cb621a91b0b0b111ad3510c8029863f9416ada78e	bioinformatics_phase2_holdout_target_v1	ht01	7b789e19134114e831f6afb8f7ce4a3502fd3158fe723ab26a22c948538c67c0	GRCh38	GRCh38_0_based_half_open	historical_phase2_holdout_query_v1	historical_phase2_holdout_target_v1	110752c4078bc2b300ad4e92e2495ea868c365486e540da7002fc3e19a18241a	231dffb709d2b2d19e0773c1d18c1b973576c70cc9a7cc29cf9ba3e4308eda13	e7fb45708d237e2e78d4b386a9ecfb175b4f6a6e521d80372d8c229de95b720b	cf1221affc03cac8a853a46678071b081d2ae5c76f3124d6e705b2fd716a168d
phase2_holdout:hq09_ht01__repeat01	phase2_holdout_36	historical_regression_only	hq09_ht01	1	.paper-artifacts/bioinformatics-phase2-holdout-v1/formal/hq09_ht01__repeat01/authority/output/GRCh38-ENST00000670550.1|ENSG00000229956.12|ZRANB2-DT|GENCODE v49|GRCh38-target-TFOsorted	.paper-artifacts/bioinformatics-phase2-holdout-v1/formal/hq09_ht01__repeat01/candidate/output/GRCh38-ENST00000670550.1|ENSG00000229956.12|ZRANB2-DT|GENCODE v49|GRCh38-target-TFOsorted	44d10cde2d4a09ebdca6a3475ff29921706a6ac3575b757d55beba99492541b7	44d10cde2d4a09ebdca6a3475ff29921706a6ac3575b757d55beba99492541b7	.paper-artifacts/bioinformatics-phase2-holdout-v1/formal/hq09_ht01__repeat01/execution-snapshot/inputs/query.fa	.paper-artifacts/bioinformatics-phase2-holdout-v1/formal/hq09_ht01__repeat01/execution-snapshot/inputs/query.fa	.paper-artifacts/bioinformatics-phase2-holdout-v1/formal/hq09_ht01__repeat01/execution-snapshot/inputs/target.fa	.paper-artifacts/bioinformatics-phase2-holdout-v1/formal/hq09_ht01__repeat01/execution-snapshot/inputs/target.fa	0:2171	0:2501	18902298	bioinformatics_phase2_holdout_query_v1	hq09	ede5247e8fb0c4217a2fa61cb621a91b0b0b111ad3510c8029863f9416ada78e	bioinformatics_phase2_holdout_target_v1	ht01	7b789e19134114e831f6afb8f7ce4a3502fd3158fe723ab26a22c948538c67c0	GRCh38	GRCh38_0_based_half_open	historical_phase2_holdout_query_v1	historical_phase2_holdout_target_v1	110752c4078bc2b300ad4e92e2495ea868c365486e540da7002fc3e19a18241a	231dffb709d2b2d19e0773c1d18c1b973576c70cc9a7cc29cf9ba3e4308eda13	bfc19cb3ab6fc95eb5bb0e1bd60f1f2328cd2fa0b51352e2c37aa99c9b703f91	4d223aa62e35be502e6b33d76a28aedcc1583cb78ac253cc2a245ded0f7a9a97
phase2_holdout:hq09_ht01__repeat02	phase2_holdout_36	historical_regression_only	hq09_ht01	2	.paper-artifacts/bioinformatics-phase2-holdout-v1/formal/hq09_ht01__repeat02/authority/output/GRCh38-ENST00000670550.1|ENSG00000229956.12|ZRANB2-DT|GENCODE v49|GRCh38-target-TFOsorted	.paper-artifacts/bioinformatics-phase2-holdout-v1/formal/hq09_ht01__repeat02/candidate/output/GRCh38-ENST00000670550.1|ENSG00000229956.12|ZRANB2-DT|GENCODE v49|GRCh38-target-TFOsorted	44d10cde2d4a09ebdca6a3475ff29921706a6ac3575b757d55beba99492541b7	44d10cde2d4a09ebdca6a3475ff29921706a6ac3575b757d55beba99492541b7	.paper-artifacts/bioinformatics-phase2-holdout-v1/formal/hq09_ht01__repeat02/execution-snapshot/inputs/query.fa	.paper-artifacts/bioinformatics-phase2-holdout-v1/formal/hq09_ht01__repeat02/execution-snapshot/inputs/query.fa	.paper-artifacts/bioinformatics-phase2-holdout-v1/formal/hq09_ht01__repeat02/execution-snapshot/inputs/target.fa	.paper-artifacts/bioinformatics-phase2-holdout-v1/formal/hq09_ht01__repeat02/execution-snapshot/inputs/target.fa	0:2171	0:2501	18902298	bioinformatics_phase2_holdout_query_v1	hq09	ede5247e8fb0c4217a2fa61cb621a91b0b0b111ad3510c8029863f9416ada78e	bioinformatics_phase2_holdout_target_v1	ht01	7b789e19134114e831f6afb8f7ce4a3502fd3158fe723ab26a22c948538c67c0	GRCh38	GRCh38_0_based_half_open	historical_phase2_holdout_query_v1	historical_phase2_holdout_target_v1	110752c4078bc2b300ad4e92e2495ea868c365486e540da7002fc3e19a18241a	231dffb709d2b2d19e0773c1d18c1b973576c70cc9a7cc29cf9ba3e4308eda13	92a2eeba52ad17bb528833ad7ef7669cd28ba862ac0e6691a8ac9d0e108c5391	3c4357bf00991dc0ee4c4bc55651151e9132f5ab04137da814e90a6bd057feea
phase2_holdout:hq09_ht02__repeat00	phase2_holdout_36	historical_regression_only	hq09_ht02	0	.paper-artifacts/bioinformatics-phase2-holdout-v1/formal/hq09_ht02__repeat00/authority/output/GRCh38-ENST00000670550.1|ENSG00000229956.12|ZRANB2-DT|GENCODE v49|GRCh38-target-TFOsorted	.paper-artifacts/bioinformatics-phase2-holdout-v1/formal/hq09_ht02__repeat00/candidate/output/GRCh38-ENST00000670550.1|ENSG00000229956.12|ZRANB2-DT|GENCODE v49|GRCh38-target-TFOsorted	26842adb67ceab170273ec2b6bb8ebbc8eb60fbdb3172564b78fbb7343bf51be	26842adb67ceab170273ec2b6bb8ebbc8eb60fbdb3172564b78fbb7343bf51be	.paper-artifacts/bioinformatics-phase2-holdout-v1/formal/hq09_ht02__repeat00/execution-snapshot/inputs/query.fa	.paper-artifacts/bioinformatics-phase2-holdout-v1/formal/hq09_ht02__repeat00/execution-snapshot/inputs/query.fa	.paper-artifacts/bioinformatics-phase2-holdout-v1/formal/hq09_ht02__repeat00/execution-snapshot/inputs/target.fa	.paper-artifacts/bioinformatics-phase2-holdout-v1/formal/hq09_ht02__repeat00/execution-snapshot/inputs/target.fa	0:2171	0:2501	35159828	bioinformatics_phase2_holdout_query_v1	hq09	ede5247e8fb0c4217a2fa61cb621a91b0b0b111ad3510c8029863f9416ada78e	bioinformatics_phase2_holdout_target_v1	ht02	dd5cf8216eb638d071cd03bd9adc122c15ee07ea696b87724b240022829e4fd9	GRCh38	GRCh38_0_based_half_open	historical_phase2_holdout_query_v1	historical_phase2_holdout_target_v1	110752c4078bc2b300ad4e92e2495ea868c365486e540da7002fc3e19a18241a	54ae7748eb51a5a30d34220c413627934fc244d80f57c14b3bc04b5d4db0aeb2	8d21b91b96b6b41e4dc9ea1a492208b5801ccc2f037cc29295c1c47ea17c4faa	35c69e66ae5da9b0eafa150e9f68401c78ec741951d5ff4b9b2abc83ea8af6c2
phase2_holdout:hq09_ht02__repeat01	phase2_holdout_36	historical_regression_only	hq09_ht02	1	.paper-artifacts/bioinformatics-phase2-holdout-v1/formal/hq09_ht02__repeat01/authority/output/GRCh38-ENST00000670550.1|ENSG00000229956.12|ZRANB2-DT|GENCODE v49|GRCh38-target-TFOsorted	.paper-artifacts/bioinformatics-phase2-holdout-v1/formal/hq09_ht02__repeat01/candidate/output/GRCh38-ENST00000670550.1|ENSG00000229956.12|ZRANB2-DT|GENCODE v49|GRCh38-target-TFOsorted	26842adb67ceab170273ec2b6bb8ebbc8eb60fbdb3172564b78fbb7343bf51be	26842adb67ceab170273ec2b6bb8ebbc8eb60fbdb3172564b78fbb7343bf51be	.paper-artifacts/bioinformatics-phase2-holdout-v1/formal/hq09_ht02__repeat01/execution-snapshot/inputs/query.fa	.paper-artifacts/bioinformatics-phase2-holdout-v1/formal/hq09_ht02__repeat01/execution-snapshot/inputs/query.fa	.paper-artifacts/bioinformatics-phase2-holdout-v1/formal/hq09_ht02__repeat01/execution-snapshot/inputs/target.fa	.paper-artifacts/bioinformatics-phase2-holdout-v1/formal/hq09_ht02__repeat01/execution-snapshot/inputs/target.fa	0:2171	0:2501	35159828	bioinformatics_phase2_holdout_query_v1	hq09	ede5247e8fb0c4217a2fa61cb621a91b0b0b111ad3510c8029863f9416ada78e	bioinformatics_phase2_holdout_target_v1	ht02	dd5cf8216eb638d071cd03bd9adc122c15ee07ea696b87724b240022829e4fd9	GRCh38	GRCh38_0_based_half_open	historical_phase2_holdout_query_v1	historical_phase2_holdout_target_v1	110752c4078bc2b300ad4e92e2495ea868c365486e540da7002fc3e19a18241a	54ae7748eb51a5a30d34220c413627934fc244d80f57c14b3bc04b5d4db0aeb2	347852fa560a92cf7a63c9610f07b9b62bcf08f63db56f6591ea73bbd4f79bab	9c925d23a11d35b7426b3a6bc6ed049e23d11c42f7d6fc714580c357fed279ef
phase2_holdout:hq09_ht02__repeat02	phase2_holdout_36	historical_regression_only	hq09_ht02	2	.paper-artifacts/bioinformatics-phase2-holdout-v1/formal/hq09_ht02__repeat02/authority/output/GRCh38-ENST00000670550.1|ENSG00000229956.12|ZRANB2-DT|GENCODE v49|GRCh38-target-TFOsorted	.paper-artifacts/bioinformatics-phase2-holdout-v1/formal/hq09_ht02__repeat02/candidate/output/GRCh38-ENST00000670550.1|ENSG00000229956.12|ZRANB2-DT|GENCODE v49|GRCh38-target-TFOsorted	26842adb67ceab170273ec2b6bb8ebbc8eb60fbdb3172564b78fbb7343bf51be	26842adb67ceab170273ec2b6bb8ebbc8eb60fbdb3172564b78fbb7343bf51be	.paper-artifacts/bioinformatics-phase2-holdout-v1/formal/hq09_ht02__repeat02/execution-snapshot/inputs/query.fa	.paper-artifacts/bioinformatics-phase2-holdout-v1/formal/hq09_ht02__repeat02/execution-snapshot/inputs/query.fa	.paper-artifacts/bioinformatics-phase2-holdout-v1/formal/hq09_ht02__repeat02/execution-snapshot/inputs/target.fa	.paper-artifacts/bioinformatics-phase2-holdout-v1/formal/hq09_ht02__repeat02/execution-snapshot/inputs/target.fa	0:2171	0:2501	35159828	bioinformatics_phase2_holdout_query_v1	hq09	ede5247e8fb0c4217a2fa61cb621a91b0b0b111ad3510c8029863f9416ada78e	bioinformatics_phase2_holdout_target_v1	ht02	dd5cf8216eb638d071cd03bd9adc122c15ee07ea696b87724b240022829e4fd9	GRCh38	GRCh38_0_based_half_open	historical_phase2_holdout_query_v1	historical_phase2_holdout_target_v1	110752c4078bc2b300ad4e92e2495ea868c365486e540da7002fc3e19a18241a	54ae7748eb51a5a30d34220c413627934fc244d80f57c14b3bc04b5d4db0aeb2	98661ddcb5a47d836f46762c514745b4de6748ad7b64a3aca1b8c55a22c2b6c2	e44ff9cc22959eb9ad5664a95585b1d07fb7e07ff34567b102fc7bed18900c46
phase2_holdout:hq10_ht01__repeat00	phase2_holdout_36	historical_regression_only	hq10_ht01	0	.paper-artifacts/bioinformatics-phase2-holdout-v1/formal/hq10_ht01__repeat00/authority/output/GRCh38-ENST00000785836.1|ENSG00000178248.12|FAM230I|GENCODE v49|GRCh38-target-TFOsorted	.paper-artifacts/bioinformatics-phase2-holdout-v1/formal/hq10_ht01__repeat00/candidate/output/GRCh38-ENST00000785836.1|ENSG00000178248.12|FAM230I|GENCODE v49|GRCh38-target-TFOsorted	1e8606af37e4e8938505bcbd7f651b7bb98b5b84b9427ed5fad0d16c88da22ed	1e8606af37e4e8938505bcbd7f651b7bb98b5b84b9427ed5fad0d16c88da22ed	.paper-artifacts/bioinformatics-phase2-holdout-v1/formal/hq10_ht01__repeat00/execution-snapshot/inputs/query.fa	.paper-artifacts/bioinformatics-phase2-holdout-v1/formal/hq10_ht01__repeat00/execution-snapshot/inputs/query.fa	.paper-artifacts/bioinformatics-phase2-holdout-v1/formal/hq10_ht01__repeat00/execution-snapshot/inputs/target.fa	.paper-artifacts/bioinformatics-phase2-holdout-v1/formal/hq10_ht01__repeat00/execution-snapshot/inputs/target.fa	0:1907	0:2501	18902298	bioinformatics_phase2_holdout_query_v1	hq10	8357751b729a35a43767ad520b6550dacdd7f0669a58a6d3014c4b10f4f1a362	bioinformatics_phase2_holdout_target_v1	ht01	7b789e19134114e831f6afb8f7ce4a3502fd3158fe723ab26a22c948538c67c0	GRCh38	GRCh38_0_based_half_open	historical_phase2_holdout_query_v1	historical_phase2_holdout_target_v1	110752c4078bc2b300ad4e92e2495ea868c365486e540da7002fc3e19a18241a	e6d4f358b1e87de9d62b66f8c735c3361566d804f75c9cfb2541149d4dfe9c96	268e889476c5a37bdeb55f0d02999222a9830e4a2446dd20931bf25d4d2998ad	e65b27a2a0af72b8e0ed1d27067cf2c31eaa172be941b2283b77a8c2f3cba6a9
phase2_holdout:hq10_ht02__repeat00	phase2_holdout_36	historical_regression_only	hq10_ht02	0	.paper-artifacts/bioinformatics-phase2-holdout-v1/formal/hq10_ht02__repeat00/authority/output/GRCh38-ENST00000785836.1|ENSG00000178248.12|FAM230I|GENCODE v49|GRCh38-target-TFOsorted	.paper-artifacts/bioinformatics-phase2-holdout-v1/formal/hq10_ht02__repeat00/candidate/output/GRCh38-ENST00000785836.1|ENSG00000178248.12|FAM230I|GENCODE v49|GRCh38-target-TFOsorted	c34ff3fbdb9d1a069397615e2ed695dd336eb2055ce389a8ccade83e3858cb88	a768e97e6f02d8a3ddc63ec62d2721222b9040590382afc47d5cd1a603971fab	.paper-artifacts/bioinformatics-phase2-holdout-v1/formal/hq10_ht02__repeat00/execution-snapshot/inputs/query.fa	.paper-artifacts/bioinformatics-phase2-holdout-v1/formal/hq10_ht02__repeat00/execution-snapshot/inputs/query.fa	.paper-artifacts/bioinformatics-phase2-holdout-v1/formal/hq10_ht02__repeat00/execution-snapshot/inputs/target.fa	.paper-artifacts/bioinformatics-phase2-holdout-v1/formal/hq10_ht02__repeat00/execution-snapshot/inputs/target.fa	0:1907	0:2501	35159828	bioinformatics_phase2_holdout_query_v1	hq10	8357751b729a35a43767ad520b6550dacdd7f0669a58a6d3014c4b10f4f1a362	bioinformatics_phase2_holdout_target_v1	ht02	dd5cf8216eb638d071cd03bd9adc122c15ee07ea696b87724b240022829e4fd9	GRCh38	GRCh38_0_based_half_open	historical_phase2_holdout_query_v1	historical_phase2_holdout_target_v1	110752c4078bc2b300ad4e92e2495ea868c365486e540da7002fc3e19a18241a	e992ecaa7f0d28c5970fec8e92d11f5f6cedc51f7ece32253f00aa413c1d057a	6544a07053f99f57eff3f9ebbdac370d0fe388cee3dfbbb452c71bc716d4a744	8887595c5e81bf8ecaea8f40017d20e4ca581393e397651d8a7915a46d2ddbbb
phase2_holdout:hq11_ht01__repeat00	phase2_holdout_36	historical_regression_only	hq11_ht01	0	.paper-artifacts/bioinformatics-phase2-holdout-v1/formal/hq11_ht01__repeat00/authority/output/GRCh38-ENST00000667017.2|ENSG00000255857.9|PXN-AS1|GENCODE v49|GRCh38-target-TFOsorted	.paper-artifacts/bioinformatics-phase2-holdout-v1/formal/hq11_ht01__repeat00/candidate/output/GRCh38-ENST00000667017.2|ENSG00000255857.9|PXN-AS1|GENCODE v49|GRCh38-target-TFOsorted	d4795a651a2b7388af478b9d0c9357d8b38947dfe495131935a282129bbdbf11	d4795a651a2b7388af478b9d0c9357d8b38947dfe495131935a282129bbdbf11	.paper-artifacts/bioinformatics-phase2-holdout-v1/formal/hq11_ht01__repeat00/execution-snapshot/inputs/query.fa	.paper-artifacts/bioinformatics-phase2-holdout-v1/formal/hq11_ht01__repeat00/execution-snapshot/inputs/query.fa	.paper-artifacts/bioinformatics-phase2-holdout-v1/formal/hq11_ht01__repeat00/execution-snapshot/inputs/target.fa	.paper-artifacts/bioinformatics-phase2-holdout-v1/formal/hq11_ht01__repeat00/execution-snapshot/inputs/target.fa	0:2540	0:2501	18902298	bioinformatics_phase2_holdout_query_v1	hq11	746d6f71584aae394680e638d9651766dbeb06a1921aa885c1719f89ae29643f	bioinformatics_phase2_holdout_target_v1	ht01	7b789e19134114e831f6afb8f7ce4a3502fd3158fe723ab26a22c948538c67c0	GRCh38	GRCh38_0_based_half_open	historical_phase2_holdout_query_v1	historical_phase2_holdout_target_v1	110752c4078bc2b300ad4e92e2495ea868c365486e540da7002fc3e19a18241a	18e2a8a34ee6e9af7f95ad568e5e72d2034565d2253ad93881e20909cfb82fec	e93102d80dee1935af88b7a6b1c3869f22309a760c4b15e61cb22785927678cd	7dc675c7bfc74d240c5399bb4649bda1518f6f150e036178f151cc90c5917f7c
phase2_holdout:hq11_ht02__repeat00	phase2_holdout_36	historical_regression_only	hq11_ht02	0	.paper-artifacts/bioinformatics-phase2-holdout-v1/formal/hq11_ht02__repeat00/authority/output/GRCh38-ENST00000667017.2|ENSG00000255857.9|PXN-AS1|GENCODE v49|GRCh38-target-TFOsorted	.paper-artifacts/bioinformatics-phase2-holdout-v1/formal/hq11_ht02__repeat00/candidate/output/GRCh38-ENST00000667017.2|ENSG00000255857.9|PXN-AS1|GENCODE v49|GRCh38-target-TFOsorted	394fe813c2e10d9340165d371255a8a54bf493e3c9da90d57db4e99dfd72cd82	997117543e311eb335647654bad1909a1da00b12d61395487baa59cb967f0d61	.paper-artifacts/bioinformatics-phase2-holdout-v1/formal/hq11_ht02__repeat00/execution-snapshot/inputs/query.fa	.paper-artifacts/bioinformatics-phase2-holdout-v1/formal/hq11_ht02__repeat00/execution-snapshot/inputs/query.fa	.paper-artifacts/bioinformatics-phase2-holdout-v1/formal/hq11_ht02__repeat00/execution-snapshot/inputs/target.fa	.paper-artifacts/bioinformatics-phase2-holdout-v1/formal/hq11_ht02__repeat00/execution-snapshot/inputs/target.fa	0:2540	0:2501	35159828	bioinformatics_phase2_holdout_query_v1	hq11	746d6f71584aae394680e638d9651766dbeb06a1921aa885c1719f89ae29643f	bioinformatics_phase2_holdout_target_v1	ht02	dd5cf8216eb638d071cd03bd9adc122c15ee07ea696b87724b240022829e4fd9	GRCh38	GRCh38_0_based_half_open	historical_phase2_holdout_query_v1	historical_phase2_holdout_target_v1	110752c4078bc2b300ad4e92e2495ea868c365486e540da7002fc3e19a18241a	173b21bb22e9d1666fadbdaa646a26d869ddffa0ba6239676900795f161e3c47	0330b1e3477e1e558da72ffb86f339e486eb64239c1bbcba06e8846f96546724	315ee461c53e28379e7d299758a527333cbcc19751ee51ad46ebe8553173ba22
phase2_holdout:hq12_ht01__repeat00	phase2_holdout_36	historical_regression_only	hq12_ht01	0	.paper-artifacts/bioinformatics-phase2-holdout-v1/formal/hq12_ht01__repeat00/authority/output/GRCh38-ENST00000766729.1|ENSG00000299841.1|ENSG00000299841|GENCODE v49|GRCh38-target-TFOsorted	.paper-artifacts/bioinformatics-phase2-holdout-v1/formal/hq12_ht01__repeat00/candidate/output/GRCh38-ENST00000766729.1|ENSG00000299841.1|ENSG00000299841|GENCODE v49|GRCh38-target-TFOsorted	3ad5a88a77c825ab302324715448125a2655e6df2c83e86ae44a910219300bc7	3ad5a88a77c825ab302324715448125a2655e6df2c83e86ae44a910219300bc7	.paper-artifacts/bioinformatics-phase2-holdout-v1/formal/hq12_ht01__repeat00/execution-snapshot/inputs/query.fa	.paper-artifacts/bioinformatics-phase2-holdout-v1/formal/hq12_ht01__repeat00/execution-snapshot/inputs/query.fa	.paper-artifacts/bioinformatics-phase2-holdout-v1/formal/hq12_ht01__repeat00/execution-snapshot/inputs/target.fa	.paper-artifacts/bioinformatics-phase2-holdout-v1/formal/hq12_ht01__repeat00/execution-snapshot/inputs/target.fa	0:1702	0:2501	18902298	bioinformatics_phase2_holdout_query_v1	hq12	53eb65cec21000bb70085a00ae734fb72d8614b7d64dd51eaa2cb55431085643	bioinformatics_phase2_holdout_target_v1	ht01	7b789e19134114e831f6afb8f7ce4a3502fd3158fe723ab26a22c948538c67c0	GRCh38	GRCh38_0_based_half_open	historical_phase2_holdout_query_v1	historical_phase2_holdout_target_v1	110752c4078bc2b300ad4e92e2495ea868c365486e540da7002fc3e19a18241a	cd56ef44b53b17722962a7d4dfaee6ad40ada8501325af7d8a61110e292336e5	3ca79afde7159c85daa42fb5d5a8f8d1b5bfdadae173b67aa1d56d11e0eb759c	483ee4a7e9d6e2d33a2b4a7749be192324bbde6cbc04d877d8d38be83a4d7325
phase2_holdout:hq12_ht02__repeat00	phase2_holdout_36	historical_regression_only	hq12_ht02	0	.paper-artifacts/bioinformatics-phase2-holdout-v1/formal/hq12_ht02__repeat00/authority/output/GRCh38-ENST00000766729.1|ENSG00000299841.1|ENSG00000299841|GENCODE v49|GRCh38-target-TFOsorted	.paper-artifacts/bioinformatics-phase2-holdout-v1/formal/hq12_ht02__repeat00/candidate/output/GRCh38-ENST00000766729.1|ENSG00000299841.1|ENSG00000299841|GENCODE v49|GRCh38-target-TFOsorted	06c59d4fbf1e802cfcf51d778dc18b1e438f1b1663ca6fa8f5105b2c3166c6cd	ad2cf60d6d7ed7d963bbed360460ca6a36074059ce159f791c518b36d659acc5	.paper-artifacts/bioinformatics-phase2-holdout-v1/formal/hq12_ht02__repeat00/execution-snapshot/inputs/query.fa	.paper-artifacts/bioinformatics-phase2-holdout-v1/formal/hq12_ht02__repeat00/execution-snapshot/inputs/query.fa	.paper-artifacts/bioinformatics-phase2-holdout-v1/formal/hq12_ht02__repeat00/execution-snapshot/inputs/target.fa	.paper-artifacts/bioinformatics-phase2-holdout-v1/formal/hq12_ht02__repeat00/execution-snapshot/inputs/target.fa	0:1702	0:2501	35159828	bioinformatics_phase2_holdout_query_v1	hq12	53eb65cec21000bb70085a00ae734fb72d8614b7d64dd51eaa2cb55431085643	bioinformatics_phase2_holdout_target_v1	ht02	dd5cf8216eb638d071cd03bd9adc122c15ee07ea696b87724b240022829e4fd9	GRCh38	GRCh38_0_based_half_open	historical_phase2_holdout_query_v1	historical_phase2_holdout_target_v1	110752c4078bc2b300ad4e92e2495ea868c365486e540da7002fc3e19a18241a	9ddd9a44043374d85e1cf9eb3098bebf491b8aa4dfae4b817596f35aeb44fb1c	e46f54b582fed493bfc24788434567d4f1a09f4271e5cce6704170feb56adcf1	9abcac285dd21d60a59c0da6046164c78d1fd3c547bea7b08182d519affb3a02
