record_type	query_ordinal_namespace	query_source_ordinal	target_ordinal_namespace	target_source_ordinal	query_id	target_id	query_sha256	target_sha256	query_region	target_region	assembly	coordinate_namespace	pair_digest	source_receipt_path	exclusion_reason
pair	historical_workload_manifest	NA	historical_workload_manifest	NA	MALAT1	chr21_center_2mb	056b43eb32bea3b841261eb771fea92f193f43a51f4d5ed6f03bb69fb30da5f1	35c71b68436d1a278ecb6a1e875af3ba4020738a028a7feac769a6d62790ae1f	3330:5378	slice:22354991-24354991	as_recorded_in_historical_workload	source_fasta_record_coordinates	6e580e3837305ce6e9f7c6b4fb5b0099e0dae7a49d7a0cad11bdaff3dec8a62c	paper/workload_manifest.tsv	historical_development_lncRNA;historical_development_or_paper_workload
pair	historical_workload_manifest	NA	historical_workload_manifest	NA	MALAT1	chr11_center_2mb	056b43eb32bea3b841261eb771fea92f193f43a51f4d5ed6f03bb69fb30da5f1	5a45b92f2d9cbc494214203ea2c1b334c0b43dcacea3faf5909b86ccda1a57dd	0:1024	slice:66543311-68543311	as_recorded_in_historical_workload	source_fasta_record_coordinates	53690213b990678c42835db13eba6101d0cc72c6818d476c378b06aea5fd6c45	paper/workload_manifest.tsv	historical_development_lncRNA;historical_development_or_paper_workload
pair	historical_workload_manifest	NA	historical_workload_manifest	NA	MALAT1	malat1_dna	056b43eb32bea3b841261eb771fea92f193f43a51f4d5ed6f03bb69fb30da5f1	7690187d2d4c9bec15f9e0283b307c8f99b2b67d800a1a45a14310dda08641fd	0:8708	full	as_recorded_in_historical_workload	source_fasta_record_coordinates	81df046f3dd562f349b6bd0b0c7f04feb1c35dc0547d0f63adb116e714d7c178	paper/workload_manifest.tsv	historical_development_lncRNA;historical_development_or_paper_workload
pair	historical_workload_manifest	NA	historical_workload_manifest	NA	MALAT1	chr22_center_2mb	056b43eb32bea3b841261eb771fea92f193f43a51f4d5ed6f03bb69fb30da5f1	ce3ee1ca39356238f7aee438a40a88b4f1b9d80b316b263e16fb12402212d10f	5896:8708	slice:24409234-26409234	as_recorded_in_historical_workload	source_fasta_record_coordinates	4adfef770b0acf0fbf58ffebb38533bec0b41732f9d919efe7e46b60e760117a	paper/workload_manifest.tsv	historical_development_lncRNA;historical_development_or_paper_workload
pair	historical_workload_manifest	NA	historical_workload_manifest	NA	NEAT1	neat1_dna	0cd673f10dba5ebfd5263eb274fdd25ad71e31d63eea4f4fdc3c458d7b8753df	29dd9029bb99ecabcdf811bee210baf6f8e55d22a65bf3ac06b24b6673bbceab	0:22767	full	as_recorded_in_historical_workload	source_fasta_record_coordinates	24a6b2d8c3d0ea48f2e97f896ccbb03250a4cfb56a448b6476204c6b41cec610	paper/workload_manifest.tsv	historical_development_lncRNA;historical_development_or_paper_workload
pair	historical_workload_manifest	NA	historical_workload_manifest	NA	NEAT1	chr21_center_2mb	0cd673f10dba5ebfd5263eb274fdd25ad71e31d63eea4f4fdc3c458d7b8753df	35c71b68436d1a278ecb6a1e875af3ba4020738a028a7feac769a6d62790ae1f	21743:22767	slice:22354991-24354991	as_recorded_in_historical_workload	source_fasta_record_coordinates	cb0d8cc6d3155f571cc0586edd1d8bd3b0bd44fd91b3dd5aad70d086cbf66ba0	paper/workload_manifest.tsv	historical_development_lncRNA;historical_development_or_paper_workload
pair	historical_workload_manifest	NA	historical_workload_manifest	NA	NEAT1	chr11_center_2mb	0cd673f10dba5ebfd5263eb274fdd25ad71e31d63eea4f4fdc3c458d7b8753df	5a45b92f2d9cbc494214203ea2c1b334c0b43dcacea3faf5909b86ccda1a57dd	9977:12789	slice:66543311-68543311	as_recorded_in_historical_workload	source_fasta_record_coordinates	46b29e59d20b67dd5ea28041f56533afefc60711804b591e892c82b3813f45b3	paper/workload_manifest.tsv	historical_development_lncRNA;historical_development_or_paper_workload
pair	historical_workload_manifest	NA	historical_workload_manifest	NA	NEAT1	chr22_center_2mb	0cd673f10dba5ebfd5263eb274fdd25ad71e31d63eea4f4fdc3c458d7b8753df	ce3ee1ca39356238f7aee438a40a88b4f1b9d80b316b263e16fb12402212d10f	0:2048	slice:24409234-26409234	as_recorded_in_historical_workload	source_fasta_record_coordinates	7e7278ebe0165ccca51515567226f5cbe1785f20c8aa8ab53622b84242e3efb3	paper/workload_manifest.tsv	historical_development_lncRNA;historical_development_or_paper_workload
pair	historical_workload_manifest	NA	historical_workload_manifest	NA	H19	chr1_full	7d94fb9515b0fa63dbe8fb62e01bb50616760ce80eeef29ec9c3893af8040f4e	04ee6db2e94ccc4daddc168453189d8c17a01454ba67ac0443a73a0401408ee0	0:2812	full	as_recorded_in_historical_workload	source_fasta_record_coordinates	0cfb7f1b356990d0761f38836977a0d2db9d31bfb3fe051da4fae9f2d816ecd0	paper/workload_manifest.tsv	historical_development_lncRNA;historical_development_or_paper_workload
pair	historical_workload_manifest	NA	historical_workload_manifest	NA	H19	chr21_chr22_full	7d94fb9515b0fa63dbe8fb62e01bb50616760ce80eeef29ec9c3893af8040f4e	101496c0ff86af1227b8923b5c7af6be2c0e0edabee86b260cd1a539f93359d6	0:2812	full	as_recorded_in_historical_workload	source_fasta_record_coordinates	afdbf55030b73661086985ad554cf233c29ee59628a74b4e9409f191cd58f246	paper/workload_manifest.tsv	historical_development_lncRNA;historical_development_or_paper_workload
pair	historical_workload_manifest	NA	historical_workload_manifest	NA	H19	chr21_full	7d94fb9515b0fa63dbe8fb62e01bb50616760ce80eeef29ec9c3893af8040f4e	35c71b68436d1a278ecb6a1e875af3ba4020738a028a7feac769a6d62790ae1f	0:2812	full	as_recorded_in_historical_workload	source_fasta_record_coordinates	34aebac28daec9efda44d7fc4c4abd89b76aa2751415ee4592e4613abf5bc8e2	paper/workload_manifest.tsv	historical_development_lncRNA;historical_development_or_paper_workload
pair	historical_workload_manifest	NA	historical_workload_manifest	NA	H19	chr21_center_2mb	7d94fb9515b0fa63dbe8fb62e01bb50616760ce80eeef29ec9c3893af8040f4e	35c71b68436d1a278ecb6a1e875af3ba4020738a028a7feac769a6d62790ae1f	0:2812	slice:22354991-24354991	as_recorded_in_historical_workload	source_fasta_record_coordinates	6093f24e6bb964eaa04140a3f2cf48d2bbf599dd3b2836aa01146abdb238f02d	paper/workload_manifest.tsv	historical_development_lncRNA;historical_development_or_paper_workload
pair	historical_workload_manifest	NA	historical_workload_manifest	NA	H19	chr11_center_2mb	7d94fb9515b0fa63dbe8fb62e01bb50616760ce80eeef29ec9c3893af8040f4e	5a45b92f2d9cbc494214203ea2c1b334c0b43dcacea3faf5909b86ccda1a57dd	0:2812	slice:66543311-68543311	as_recorded_in_historical_workload	source_fasta_record_coordinates	e1aa90dd875f9b82c84cfeacb9cec17a84a3b6d635e317c7c2268729180e1a93	paper/workload_manifest.tsv	historical_development_lncRNA;historical_development_or_paper_workload
pair	historical_workload_manifest	NA	historical_workload_manifest	NA	H19	chr22_full	7d94fb9515b0fa63dbe8fb62e01bb50616760ce80eeef29ec9c3893af8040f4e	ce3ee1ca39356238f7aee438a40a88b4f1b9d80b316b263e16fb12402212d10f	0:2812	full	as_recorded_in_historical_workload	source_fasta_record_coordinates	9963c9a45c6ae913086156eb00ce438e18f57b257d6c7a1cf1ca3c96622e5f1e	paper/workload_manifest.tsv	historical_development_lncRNA;historical_development_or_paper_workload
pair	historical_workload_manifest	NA	historical_workload_manifest	NA	H19	chr22_center_2mb	7d94fb9515b0fa63dbe8fb62e01bb50616760ce80eeef29ec9c3893af8040f4e	ce3ee1ca39356238f7aee438a40a88b4f1b9d80b316b263e16fb12402212d10f	0:2812	slice:24409234-26409234	as_recorded_in_historical_workload	source_fasta_record_coordinates	dc40629f99ad55fd5f9b46b673eed9f154b6bca81681cb467b1bf721b3e69385	paper/workload_manifest.tsv	historical_development_lncRNA;historical_development_or_paper_workload
pair	historical_workload_manifest	NA	historical_workload_manifest	NA	H19	chr22_10m_12m	7d94fb9515b0fa63dbe8fb62e01bb50616760ce80eeef29ec9c3893af8040f4e	e36fd5e349179420d36f7a2cca4503dbe1e82ad4d7eecb88afd421f0f23099ea	0:2812	full	as_recorded_in_historical_workload	source_fasta_record_coordinates	6f615a27a3f5ab374fac755c3333ea957cca0db2c2e8c19e19ddfa996fcd8a28	paper/workload_manifest.tsv	historical_development_lncRNA;historical_development_or_paper_workload
pair	historical_workload_manifest	NA	historical_workload_manifest	NA	MEG3	chr11_center_2mb	c67150e68d7b4e97de72704aebcac52d2bd3342a200715484e99fff2f015e15d	5a45b92f2d9cbc494214203ea2c1b334c0b43dcacea3faf5909b86ccda1a57dd	0:1582	slice:66543311-68543311	as_recorded_in_historical_workload	source_fasta_record_coordinates	18bcc3991b34fcb87070c85f8745d334162d52dd3d7099a56f84630cffb9ced7	paper/workload_manifest.tsv	historical_development_lncRNA;historical_development_or_paper_workload
pair	historical_workload_manifest	NA	historical_workload_manifest	NA	KCNQ1OT1	chr21_center_2mb	f8883e1855017b7a28576770a8c8476a8eb1adbfcbef08d55c6dc74c49a86cc4	35c71b68436d1a278ecb6a1e875af3ba4020738a028a7feac769a6d62790ae1f	0:2812	slice:22354991-24354991	as_recorded_in_historical_workload	source_fasta_record_coordinates	e6c900c79fa9358f17e917fc00b81a68ea01f9f81ac6e0d21cc8f436cbd90652	paper/workload_manifest.tsv	historical_development_lncRNA;historical_development_or_paper_workload
pair	historical_workload_manifest	NA	historical_workload_manifest	NA	KCNQ1OT1	chr11_center_2mb	f8883e1855017b7a28576770a8c8476a8eb1adbfcbef08d55c6dc74c49a86cc4	5a45b92f2d9cbc494214203ea2c1b334c0b43dcacea3faf5909b86ccda1a57dd	89619:91667	slice:66543311-68543311	as_recorded_in_historical_workload	source_fasta_record_coordinates	09185d596bc6da3c510bd455a8c7d328d8dc6411aa51217fd283de886b844963	paper/workload_manifest.tsv	historical_development_lncRNA;historical_development_or_paper_workload
pair	historical_workload_manifest	NA	historical_workload_manifest	NA	KCNQ1OT1	chr22_full	f8883e1855017b7a28576770a8c8476a8eb1adbfcbef08d55c6dc74c49a86cc4	ce3ee1ca39356238f7aee438a40a88b4f1b9d80b316b263e16fb12402212d10f	0:2048	full	as_recorded_in_historical_workload	source_fasta_record_coordinates	0d068fd54206ea6e9bf8642b6d9203fd32bae455befcad5f3f933808d14df6ee	paper/workload_manifest.tsv	historical_development_lncRNA;historical_development_or_paper_workload
pair	historical_workload_manifest	NA	historical_workload_manifest	NA	KCNQ1OT1	chr22_full	f8883e1855017b7a28576770a8c8476a8eb1adbfcbef08d55c6dc74c49a86cc4	ce3ee1ca39356238f7aee438a40a88b4f1b9d80b316b263e16fb12402212d10f	0:91667	full	as_recorded_in_historical_workload	source_fasta_record_coordinates	3d4f6e546d2e5cd1dde18e1d5c91a2f36a679f28f71ab5958b37fd5e81511530	paper/workload_manifest.tsv	historical_development_lncRNA;historical_development_or_paper_workload
pair	historical_workload_manifest	NA	historical_workload_manifest	NA	KCNQ1OT1	chr22_center_2mb	f8883e1855017b7a28576770a8c8476a8eb1adbfcbef08d55c6dc74c49a86cc4	ce3ee1ca39356238f7aee438a40a88b4f1b9d80b316b263e16fb12402212d10f	45321:46345	slice:24409234-26409234	as_recorded_in_historical_workload	source_fasta_record_coordinates	fe9f0ac0d612f47001377daa3a7c45325f4ad0518b7433b80e9ca41775179fbb	paper/workload_manifest.tsv	historical_development_lncRNA;historical_development_or_paper_workload
pair	phase2_holdout_role_ordinal	1	phase2_holdout_role_ordinal	1	hq01	ht01	e6f49cc6e21c70f84017c331f2b1096a79befef92e2f90948ab60f8409e5b3fa	7b789e19134114e831f6afb8f7ce4a3502fd3158fe723ab26a22c948538c67c0	full	full	GRCh38	source_fasta_record_coordinates	722c89bbbde89fdfd961bc862abbe0f74bba6f9368974fa3e9ea5dbc4ec7757d	paper/bioinformatics/holdout_manifest.tsv;paper/bioinformatics/holdout_summary.json	canonical_hybrid_v2_regression;phase2_correctness_holdout;phase2_fixed_pilot
pair	phase2_holdout_role_ordinal	1	phase2_holdout_role_ordinal	2	hq01	ht02	e6f49cc6e21c70f84017c331f2b1096a79befef92e2f90948ab60f8409e5b3fa	dd5cf8216eb638d071cd03bd9adc122c15ee07ea696b87724b240022829e4fd9	full	full	GRCh38	source_fasta_record_coordinates	7440c3590c59d19d220cfe4c79ef10091d4c47205297dcfd2fa7948a8549d7a0	paper/bioinformatics/holdout_manifest.tsv	canonical_hybrid_v2_regression;phase2_correctness_holdout
pair	phase2_holdout_role_ordinal	10	phase2_holdout_role_ordinal	1	hq10	ht01	8357751b729a35a43767ad520b6550dacdd7f0669a58a6d3014c4b10f4f1a362	7b789e19134114e831f6afb8f7ce4a3502fd3158fe723ab26a22c948538c67c0	full	full	GRCh38	source_fasta_record_coordinates	6631079a426a41b8a1cf3f15c26d807f0e81893919dbe2e88bad95355b545efe	paper/bioinformatics/holdout_manifest.tsv	canonical_hybrid_v2_regression;phase2_correctness_holdout
pair	phase2_holdout_role_ordinal	10	phase2_holdout_role_ordinal	2	hq10	ht02	8357751b729a35a43767ad520b6550dacdd7f0669a58a6d3014c4b10f4f1a362	dd5cf8216eb638d071cd03bd9adc122c15ee07ea696b87724b240022829e4fd9	full	full	GRCh38	source_fasta_record_coordinates	b47423ab540d3ef2acdbe41e434db20e62ea54b9adb9b51a7774209646232c00	paper/bioinformatics/holdout_manifest.tsv	canonical_hybrid_v2_regression;phase2_correctness_holdout;phase2_traceback_replay
pair	phase2_holdout_role_ordinal	11	phase2_holdout_role_ordinal	1	hq11	ht01	746d6f71584aae394680e638d9651766dbeb06a1921aa885c1719f89ae29643f	7b789e19134114e831f6afb8f7ce4a3502fd3158fe723ab26a22c948538c67c0	full	full	GRCh38	source_fasta_record_coordinates	11aa5c4eab8f9634e90847085f9d103cba0cda5a05ca4529721f4c77dff7627d	paper/bioinformatics/holdout_manifest.tsv	canonical_hybrid_v2_regression;phase2_correctness_holdout
pair	phase2_holdout_role_ordinal	11	phase2_holdout_role_ordinal	2	hq11	ht02	746d6f71584aae394680e638d9651766dbeb06a1921aa885c1719f89ae29643f	dd5cf8216eb638d071cd03bd9adc122c15ee07ea696b87724b240022829e4fd9	full	full	GRCh38	source_fasta_record_coordinates	c8ce9881a7d3ae94d80df39cb633244f9758cca9027fd3217619f9408e7b8d69	paper/bioinformatics/holdout_manifest.tsv	canonical_hybrid_v2_regression;phase2_correctness_holdout;phase2_traceback_replay
pair	phase2_holdout_role_ordinal	12	phase2_holdout_role_ordinal	1	hq12	ht01	53eb65cec21000bb70085a00ae734fb72d8614b7d64dd51eaa2cb55431085643	7b789e19134114e831f6afb8f7ce4a3502fd3158fe723ab26a22c948538c67c0	full	full	GRCh38	source_fasta_record_coordinates	90d41eacfe2f7f77c898bbd3ea9aafa82e2185694ad70eed165fa6564c000b53	paper/bioinformatics/holdout_manifest.tsv	canonical_hybrid_v2_regression;phase2_correctness_holdout
pair	phase2_holdout_role_ordinal	12	phase2_holdout_role_ordinal	2	hq12	ht02	53eb65cec21000bb70085a00ae734fb72d8614b7d64dd51eaa2cb55431085643	dd5cf8216eb638d071cd03bd9adc122c15ee07ea696b87724b240022829e4fd9	full	full	GRCh38	source_fasta_record_coordinates	f40442091d4ecdfcf5e827b708cce1b772e226af83300298a6d102822846c077	paper/bioinformatics/holdout_manifest.tsv	canonical_hybrid_v2_regression;phase2_correctness_holdout
pair	phase2_holdout_role_ordinal	2	phase2_holdout_role_ordinal	1	hq02	ht01	3833a3d93d592572ba6dc1c9971182e23d0ddbd87920804db58b1fdff340903c	7b789e19134114e831f6afb8f7ce4a3502fd3158fe723ab26a22c948538c67c0	full	full	GRCh38	source_fasta_record_coordinates	f48f2c673c0491bc0127f8201af52ed37f9ac8c87334d233728636f89f8e5536	paper/bioinformatics/holdout_manifest.tsv	canonical_hybrid_v2_regression;phase2_correctness_holdout
pair	phase2_holdout_role_ordinal	2	phase2_holdout_role_ordinal	2	hq02	ht02	3833a3d93d592572ba6dc1c9971182e23d0ddbd87920804db58b1fdff340903c	dd5cf8216eb638d071cd03bd9adc122c15ee07ea696b87724b240022829e4fd9	full	full	GRCh38	source_fasta_record_coordinates	b4fd38d404eeff39513b4b5902380009cac4b9db9f81537fd05ec386c82242d4	paper/bioinformatics/holdout_manifest.tsv	canonical_hybrid_v2_regression;phase2_correctness_holdout
pair	phase2_holdout_role_ordinal	3	phase2_holdout_role_ordinal	1	hq03	ht01	d31c99fa1234e35c4d945a36b9afe96c9826f774ed6dad3c1aa44ece47d69c8a	7b789e19134114e831f6afb8f7ce4a3502fd3158fe723ab26a22c948538c67c0	full	full	GRCh38	source_fasta_record_coordinates	4e4902dfdfdacb2780bb29d5c35fd1b0686e0efa88071aee5175680e5c8e4199	paper/bioinformatics/holdout_manifest.tsv	canonical_hybrid_v2_regression;phase2_correctness_holdout
pair	phase2_holdout_role_ordinal	3	phase2_holdout_role_ordinal	2	hq03	ht02	d31c99fa1234e35c4d945a36b9afe96c9826f774ed6dad3c1aa44ece47d69c8a	dd5cf8216eb638d071cd03bd9adc122c15ee07ea696b87724b240022829e4fd9	full	full	GRCh38	source_fasta_record_coordinates	cc887cb8fe251104104509e0f306908057c5cca0bfcecd36e057064d2afa4e2b	paper/bioinformatics/holdout_manifest.tsv	canonical_hybrid_v2_regression;phase2_correctness_holdout
pair	phase2_holdout_role_ordinal	4	phase2_holdout_role_ordinal	1	hq04	ht01	37c8ac7388c1884d7329e6f1fb9eace2240da2c41d9d4c5087117b0ad4023931	7b789e19134114e831f6afb8f7ce4a3502fd3158fe723ab26a22c948538c67c0	full	full	GRCh38	source_fasta_record_coordinates	87d49321ec6ca996d34c2d958e16be4e1f6ab21fe4f2a7d69da4d0df2212ab53	paper/bioinformatics/holdout_manifest.tsv	canonical_hybrid_v2_regression;phase2_correctness_holdout
pair	phase2_holdout_role_ordinal	4	phase2_holdout_role_ordinal	2	hq04	ht02	37c8ac7388c1884d7329e6f1fb9eace2240da2c41d9d4c5087117b0ad4023931	dd5cf8216eb638d071cd03bd9adc122c15ee07ea696b87724b240022829e4fd9	full	full	GRCh38	source_fasta_record_coordinates	ba88d6b65452cb9e8da7de79497e43fde3dc28a0f1552e8654762aac91873aa4	paper/bioinformatics/holdout_manifest.tsv	canonical_hybrid_v2_regression;phase2_correctness_holdout
pair	phase2_holdout_role_ordinal	5	phase2_holdout_role_ordinal	1	hq05	ht01	7bdb574d585d18e2f4bf5613a4c0ea9f23508841ff20898cb4366e4b4fa4681b	7b789e19134114e831f6afb8f7ce4a3502fd3158fe723ab26a22c948538c67c0	full	full	GRCh38	source_fasta_record_coordinates	151f59016dc51c8d31e5f7b25c585cebd904c98254032e9b9641fa62afcc0330	paper/bioinformatics/holdout_manifest.tsv	canonical_hybrid_v2_regression;phase2_correctness_holdout
pair	phase2_holdout_role_ordinal	5	phase2_holdout_role_ordinal	2	hq05	ht02	7bdb574d585d18e2f4bf5613a4c0ea9f23508841ff20898cb4366e4b4fa4681b	dd5cf8216eb638d071cd03bd9adc122c15ee07ea696b87724b240022829e4fd9	full	full	GRCh38	source_fasta_record_coordinates	81bf72d5308f0b89a8775edc9855c1914f658fb34f1f43e01b3c1ea26bd2c554	paper/bioinformatics/holdout_manifest.tsv	canonical_hybrid_v2_regression;phase2_correctness_holdout
pair	phase2_holdout_role_ordinal	6	phase2_holdout_role_ordinal	1	hq06	ht01	62f5e96b099c0be002a286e48c3052fc7e8d3e19788878d7ffd24851a2877b94	7b789e19134114e831f6afb8f7ce4a3502fd3158fe723ab26a22c948538c67c0	full	full	GRCh38	source_fasta_record_coordinates	c5d27522a76eeb01f8cdedc6aa8da86f6e19edf768c51f1e194d13a60f9597f8	paper/bioinformatics/holdout_manifest.tsv	canonical_hybrid_v2_regression;phase2_correctness_holdout
pair	phase2_holdout_role_ordinal	6	phase2_holdout_role_ordinal	2	hq06	ht02	62f5e96b099c0be002a286e48c3052fc7e8d3e19788878d7ffd24851a2877b94	dd5cf8216eb638d071cd03bd9adc122c15ee07ea696b87724b240022829e4fd9	full	full	GRCh38	source_fasta_record_coordinates	b5b8286013626e7b45497a9358b5745674757c81cbf2c3242c3020679f1ad17e	paper/bioinformatics/holdout_manifest.tsv	canonical_hybrid_v2_regression;phase2_correctness_holdout
pair	phase2_holdout_role_ordinal	7	phase2_holdout_role_ordinal	1	hq07	ht01	e36511c9c66a68f854ffc54ed9a0b7b9e553a0871eb4b901fdc113500102b77e	7b789e19134114e831f6afb8f7ce4a3502fd3158fe723ab26a22c948538c67c0	full	full	GRCh38	source_fasta_record_coordinates	9559cf9b9e11a510d187af3f69ac5226b9a40f1cb06754dd7b9bf992ed227602	paper/bioinformatics/holdout_manifest.tsv	canonical_hybrid_v2_regression;phase2_correctness_holdout
pair	phase2_holdout_role_ordinal	7	phase2_holdout_role_ordinal	2	hq07	ht02	e36511c9c66a68f854ffc54ed9a0b7b9e553a0871eb4b901fdc113500102b77e	dd5cf8216eb638d071cd03bd9adc122c15ee07ea696b87724b240022829e4fd9	full	full	GRCh38	source_fasta_record_coordinates	e45bc8d62a54f29aa059a27bfd4aa8df3cd5f106d111f5ab7ba6c3486886c9d1	paper/bioinformatics/holdout_manifest.tsv	canonical_hybrid_v2_regression;phase2_correctness_holdout
pair	phase2_holdout_role_ordinal	8	phase2_holdout_role_ordinal	1	hq08	ht01	2a74328fdc8216b2dc1fbd01b3fc524b48777dee56eec9decde3c33c3820d451	7b789e19134114e831f6afb8f7ce4a3502fd3158fe723ab26a22c948538c67c0	full	full	GRCh38	source_fasta_record_coordinates	54346bdad09830806e70e03ab3b88a13bb383911a3eb241cdc59c7a81be8e9fe	paper/bioinformatics/holdout_manifest.tsv	canonical_hybrid_v2_regression;phase2_correctness_holdout
pair	phase2_holdout_role_ordinal	8	phase2_holdout_role_ordinal	2	hq08	ht02	2a74328fdc8216b2dc1fbd01b3fc524b48777dee56eec9decde3c33c3820d451	dd5cf8216eb638d071cd03bd9adc122c15ee07ea696b87724b240022829e4fd9	full	full	GRCh38	source_fasta_record_coordinates	aadcbbdd1129ca5aa7a801bba0bccb92349e3cbd65e07e7ae92793a80970bb2e	paper/bioinformatics/holdout_manifest.tsv	canonical_hybrid_v2_regression;phase2_correctness_holdout
pair	phase2_holdout_role_ordinal	9	phase2_holdout_role_ordinal	1	hq09	ht01	ede5247e8fb0c4217a2fa61cb621a91b0b0b111ad3510c8029863f9416ada78e	7b789e19134114e831f6afb8f7ce4a3502fd3158fe723ab26a22c948538c67c0	full	full	GRCh38	source_fasta_record_coordinates	78642645712cda36c3ab59c0a438410e0035a93047a7ee4570bac934dc44d611	paper/bioinformatics/holdout_manifest.tsv	canonical_hybrid_v2_regression;phase2_correctness_holdout
pair	phase2_holdout_role_ordinal	9	phase2_holdout_role_ordinal	2	hq09	ht02	ede5247e8fb0c4217a2fa61cb621a91b0b0b111ad3510c8029863f9416ada78e	dd5cf8216eb638d071cd03bd9adc122c15ee07ea696b87724b240022829e4fd9	full	full	GRCh38	source_fasta_record_coordinates	49c0562123fb8ddfcf7aef884a636ddb14829b9338a22b5c9332b8ddf0665a42	paper/bioinformatics/holdout_manifest.tsv	canonical_hybrid_v2_regression;phase2_correctness_holdout
pair	phase3_application_role_ordinal	1	phase3_application_role_ordinal	1	aq001	at0001	7163c0799ec5a83c190214eb3392810faa6372a5f6f968517eb73f74f289009f	add605082b3b5425dd1eb55477f3b86185a4c69bf0dcd88e35357fcf54d30a5a	full	full	GRCh38	source_fasta_record_coordinates	d6c6f9e6d68b6b1018ca70aaecc70d900a252da6b66606fc5aea4acd872d347c	paper/bioinformatics/application_pilot_receipt.json	phase3_v1_fixed_pilot
pair	phase3_application_role_ordinal	10	phase3_application_role_ordinal	18	aq010	at0018	2d07dac2e1f026644270254400984267aed9aa25a74cc90d2cedfbc7a0eb839c	2fe2f0ccd0808778a2699709160f2dba14b8f912d6d1851fa6c66ab3dc0da2c2	full	full	GRCh38	source_fasta_record_coordinates	905db5c0578c5f8171a04b29c4205d1b891dc64f3ab4dc2ac830d400731e9e61	paper/bioinformatics/canonical_hybrid_v2_holdout_workloads.tsv	canonical_hybrid_v2_fresh_holdout
pair	phase3_application_role_ordinal	10	phase3_application_role_ordinal	195	aq010	at0195	2d07dac2e1f026644270254400984267aed9aa25a74cc90d2cedfbc7a0eb839c	8c12c883ba773e1d6290eef5baa7f13d2a5bca6bd909caf6e971e0201cb860f2	full	full	GRCh38	source_fasta_record_coordinates	b18f52d9a177e4085e08f969c953e4c8393e471354c11a42e6c9e8cd5cb95d8b	paper/bioinformatics/canonical_hybrid_v2_holdout_workloads.tsv	canonical_hybrid_v2_fresh_holdout
pair	phase3_application_role_ordinal	10	phase3_application_role_ordinal	260	aq010	at0260	2d07dac2e1f026644270254400984267aed9aa25a74cc90d2cedfbc7a0eb839c	e4dd2ecb30026c7cccf72b245c30cec49ebfb006b5a3f2b7ce447b34dacd80e1	full	full	GRCh38	source_fasta_record_coordinates	4dbb357d39f0f42fe610d80f9294b51edb4c42970cf3b307041237d259c6e7fd	paper/bioinformatics/canonical_hybrid_v2_holdout_workloads.tsv	canonical_hybrid_v2_fresh_holdout
pair	phase3_application_role_ordinal	10	phase3_application_role_ordinal	652	aq010	at0652	2d07dac2e1f026644270254400984267aed9aa25a74cc90d2cedfbc7a0eb839c	e1d6e517851f9f88fe22a1995aaaac5b667423bdba3b4478911e2595dd26538c	full	full	GRCh38	source_fasta_record_coordinates	0109a752333147df0d4d6011b9be7813351a5a35972efe3a453c7eb0734cdb51	paper/bioinformatics/canonical_hybrid_v2_holdout_workloads.tsv	canonical_hybrid_v2_fresh_holdout
pair	phase3_application_role_ordinal	14	phase3_application_role_ordinal	18	aq014	at0018	9cd73ba9bb956118008456f67fd19d3c2f640c5ac6816baf6f315da3ab1d78db	2fe2f0ccd0808778a2699709160f2dba14b8f912d6d1851fa6c66ab3dc0da2c2	full	full	GRCh38	source_fasta_record_coordinates	5b26321ff177b3dc93e31e090c4643d7d77b42643e29a05d1c11bf847cde868d	paper/bioinformatics/canonical_hybrid_v2_holdout_workloads.tsv	canonical_hybrid_v2_fresh_holdout
pair	phase3_application_role_ordinal	14	phase3_application_role_ordinal	195	aq014	at0195	9cd73ba9bb956118008456f67fd19d3c2f640c5ac6816baf6f315da3ab1d78db	8c12c883ba773e1d6290eef5baa7f13d2a5bca6bd909caf6e971e0201cb860f2	full	full	GRCh38	source_fasta_record_coordinates	151c11f3b180f9aeb0130ff3cf9ac3b3de37efec4347d4d4f2d3da1adee45a62	paper/bioinformatics/canonical_hybrid_v2_holdout_workloads.tsv	canonical_hybrid_v2_fresh_holdout
pair	phase3_application_role_ordinal	14	phase3_application_role_ordinal	260	aq014	at0260	9cd73ba9bb956118008456f67fd19d3c2f640c5ac6816baf6f315da3ab1d78db	e4dd2ecb30026c7cccf72b245c30cec49ebfb006b5a3f2b7ce447b34dacd80e1	full	full	GRCh38	source_fasta_record_coordinates	c84949644a4114451ab9ea930b756002549f2d3ce57a7cc13a61bf16735ac165	paper/bioinformatics/canonical_hybrid_v2_holdout_workloads.tsv	canonical_hybrid_v2_fresh_holdout
pair	phase3_application_role_ordinal	14	phase3_application_role_ordinal	652	aq014	at0652	9cd73ba9bb956118008456f67fd19d3c2f640c5ac6816baf6f315da3ab1d78db	e1d6e517851f9f88fe22a1995aaaac5b667423bdba3b4478911e2595dd26538c	full	full	GRCh38	source_fasta_record_coordinates	543ab4a9a0da9a909a10d919aa1a7dcbf1ea07c4e9a9e7e0bb36d80166106d23	paper/bioinformatics/canonical_hybrid_v2_holdout_workloads.tsv	canonical_hybrid_v2_fresh_holdout
pair	phase3_application_role_ordinal	15	phase3_application_role_ordinal	18	aq015	at0018	581a4b0990cb530031015db8c2a0c91dbd99b150aa5c699c7de8df7c32297214	2fe2f0ccd0808778a2699709160f2dba14b8f912d6d1851fa6c66ab3dc0da2c2	full	full	GRCh38	source_fasta_record_coordinates	4f2d2bf6b64f0b24329cccc2f4c38121e64045c30b53ad5cc9586d0b4e0c7811	paper/bioinformatics/canonical_hybrid_v2_holdout_workloads.tsv	canonical_hybrid_v2_fresh_holdout
pair	phase3_application_role_ordinal	15	phase3_application_role_ordinal	195	aq015	at0195	581a4b0990cb530031015db8c2a0c91dbd99b150aa5c699c7de8df7c32297214	8c12c883ba773e1d6290eef5baa7f13d2a5bca6bd909caf6e971e0201cb860f2	full	full	GRCh38	source_fasta_record_coordinates	7370d52c22a6b35cac503be0b871ac0a3eafd2637298c046e4e80d2eb1fd8df7	paper/bioinformatics/canonical_hybrid_v2_holdout_workloads.tsv	canonical_hybrid_v2_fresh_holdout
pair	phase3_application_role_ordinal	15	phase3_application_role_ordinal	260	aq015	at0260	581a4b0990cb530031015db8c2a0c91dbd99b150aa5c699c7de8df7c32297214	e4dd2ecb30026c7cccf72b245c30cec49ebfb006b5a3f2b7ce447b34dacd80e1	full	full	GRCh38	source_fasta_record_coordinates	ae99217bc01a0adc6e0765827013aaa728268ea67faf81addb049100a2f585a6	paper/bioinformatics/canonical_hybrid_v2_holdout_workloads.tsv	canonical_hybrid_v2_fresh_holdout
pair	phase3_application_role_ordinal	15	phase3_application_role_ordinal	652	aq015	at0652	581a4b0990cb530031015db8c2a0c91dbd99b150aa5c699c7de8df7c32297214	e1d6e517851f9f88fe22a1995aaaac5b667423bdba3b4478911e2595dd26538c	full	full	GRCh38	source_fasta_record_coordinates	5f13d62ed0f97cd712e0e39fb5bc5cab61e93175616e83658a38f40d52d8a833	paper/bioinformatics/canonical_hybrid_v2_holdout_workloads.tsv	canonical_hybrid_v2_fresh_holdout
pair	phase3_application_role_ordinal	18	phase3_application_role_ordinal	18	aq018	at0018	07ae97064a400ee56c62101571217354e114d7ec45a74e79d401c993e4d467ae	2fe2f0ccd0808778a2699709160f2dba14b8f912d6d1851fa6c66ab3dc0da2c2	full	full	GRCh38	source_fasta_record_coordinates	c5dac406a5b33f76eee4fb12eb5ff8bf277914584104a71ad3e7e0d008c4f602	paper/bioinformatics/canonical_hybrid_v2_holdout_workloads.tsv	canonical_hybrid_v2_fresh_holdout
pair	phase3_application_role_ordinal	18	phase3_application_role_ordinal	195	aq018	at0195	07ae97064a400ee56c62101571217354e114d7ec45a74e79d401c993e4d467ae	8c12c883ba773e1d6290eef5baa7f13d2a5bca6bd909caf6e971e0201cb860f2	full	full	GRCh38	source_fasta_record_coordinates	7b2cae835468ac89461c81937dc0c6f97695cbc0cd2864714bc696e67bbc63d4	paper/bioinformatics/canonical_hybrid_v2_holdout_workloads.tsv	canonical_hybrid_v2_fresh_holdout
pair	phase3_application_role_ordinal	18	phase3_application_role_ordinal	260	aq018	at0260	07ae97064a400ee56c62101571217354e114d7ec45a74e79d401c993e4d467ae	e4dd2ecb30026c7cccf72b245c30cec49ebfb006b5a3f2b7ce447b34dacd80e1	full	full	GRCh38	source_fasta_record_coordinates	9ecbcb6a1f32e379a2329f514a563d568248cf0128fa1eb4561a4b92db82f8ef	paper/bioinformatics/canonical_hybrid_v2_holdout_workloads.tsv	canonical_hybrid_v2_fresh_holdout
pair	phase3_application_role_ordinal	18	phase3_application_role_ordinal	652	aq018	at0652	07ae97064a400ee56c62101571217354e114d7ec45a74e79d401c993e4d467ae	e1d6e517851f9f88fe22a1995aaaac5b667423bdba3b4478911e2595dd26538c	full	full	GRCh38	source_fasta_record_coordinates	6665acd9a0e501c86a603607b0b37a88aa6ff84de50839316c34dcb86058f751	paper/bioinformatics/canonical_hybrid_v2_holdout_workloads.tsv	canonical_hybrid_v2_fresh_holdout
pair	phase3_application_role_ordinal	3	phase3_application_role_ordinal	18	aq003	at0018	bc5a0425ceb4968b62216e5b0089ff5cb2cd18c0abc4287367c5a50989cd9bfa	2fe2f0ccd0808778a2699709160f2dba14b8f912d6d1851fa6c66ab3dc0da2c2	full	full	GRCh38	source_fasta_record_coordinates	a7a164245ea15c7412485ea5f15544ceb4496fef47767540af1a7a002d45282d	paper/bioinformatics/canonical_hybrid_v2_holdout_workloads.tsv	canonical_hybrid_v2_fresh_holdout
pair	phase3_application_role_ordinal	3	phase3_application_role_ordinal	195	aq003	at0195	bc5a0425ceb4968b62216e5b0089ff5cb2cd18c0abc4287367c5a50989cd9bfa	8c12c883ba773e1d6290eef5baa7f13d2a5bca6bd909caf6e971e0201cb860f2	full	full	GRCh38	source_fasta_record_coordinates	93415fef297e1d469b282119ebea18b0e0435276e58a13044447791743577986	paper/bioinformatics/canonical_hybrid_v2_holdout_workloads.tsv	canonical_hybrid_v2_fresh_holdout
pair	phase3_application_role_ordinal	3	phase3_application_role_ordinal	260	aq003	at0260	bc5a0425ceb4968b62216e5b0089ff5cb2cd18c0abc4287367c5a50989cd9bfa	e4dd2ecb30026c7cccf72b245c30cec49ebfb006b5a3f2b7ce447b34dacd80e1	full	full	GRCh38	source_fasta_record_coordinates	e9f8b6e84800623a0041c703147c164304cf35f11bd31aceb5f1e6cbd3e0f912	paper/bioinformatics/canonical_hybrid_v2_holdout_workloads.tsv	canonical_hybrid_v2_fresh_holdout
pair	phase3_application_role_ordinal	3	phase3_application_role_ordinal	652	aq003	at0652	bc5a0425ceb4968b62216e5b0089ff5cb2cd18c0abc4287367c5a50989cd9bfa	e1d6e517851f9f88fe22a1995aaaac5b667423bdba3b4478911e2595dd26538c	full	full	GRCh38	source_fasta_record_coordinates	f1a4aae165c72b0792efda6010965e14c2f522a8d49d44a5a56342adf97113f7	paper/bioinformatics/canonical_hybrid_v2_holdout_workloads.tsv	canonical_hybrid_v2_fresh_holdout
pair	phase3_application_role_ordinal	32	phase3_application_role_ordinal	18	aq032	at0018	4e6aa19a8e2bf45662e3a42f71b83dbe2a64a12bbf3e0ea9ad45889b53228bcb	2fe2f0ccd0808778a2699709160f2dba14b8f912d6d1851fa6c66ab3dc0da2c2	full	full	GRCh38	source_fasta_record_coordinates	88ab6ff6f7b23d9a020ae31db876ef7f7240705026ff7b1fe34a44af535fd900	paper/bioinformatics/canonical_hybrid_v2_holdout_workloads.tsv	canonical_hybrid_v2_fresh_holdout
pair	phase3_application_role_ordinal	32	phase3_application_role_ordinal	195	aq032	at0195	4e6aa19a8e2bf45662e3a42f71b83dbe2a64a12bbf3e0ea9ad45889b53228bcb	8c12c883ba773e1d6290eef5baa7f13d2a5bca6bd909caf6e971e0201cb860f2	full	full	GRCh38	source_fasta_record_coordinates	00f926213892aedfe4924ce63a5acdbee2b5d59494aa524a43cea0d8fd161e52	paper/bioinformatics/canonical_hybrid_v2_holdout_workloads.tsv	canonical_hybrid_v2_fresh_holdout
pair	phase3_application_role_ordinal	32	phase3_application_role_ordinal	260	aq032	at0260	4e6aa19a8e2bf45662e3a42f71b83dbe2a64a12bbf3e0ea9ad45889b53228bcb	e4dd2ecb30026c7cccf72b245c30cec49ebfb006b5a3f2b7ce447b34dacd80e1	full	full	GRCh38	source_fasta_record_coordinates	3afde4106832e3dbbbc3a5dc8ac3c1b016a1dbf38a7ced249cb92fe02009e6a0	paper/bioinformatics/canonical_hybrid_v2_holdout_workloads.tsv	canonical_hybrid_v2_fresh_holdout
pair	phase3_application_role_ordinal	32	phase3_application_role_ordinal	652	aq032	at0652	4e6aa19a8e2bf45662e3a42f71b83dbe2a64a12bbf3e0ea9ad45889b53228bcb	e1d6e517851f9f88fe22a1995aaaac5b667423bdba3b4478911e2595dd26538c	full	full	GRCh38	source_fasta_record_coordinates	5e8cb0a6054c31ef4cf5d69d1cff5c268abe090632df9e544c574419b834fb9c	paper/bioinformatics/canonical_hybrid_v2_holdout_workloads.tsv	canonical_hybrid_v2_fresh_holdout
pair	phase3_application_role_ordinal	33	phase3_application_role_ordinal	18	aq033	at0018	8a339029600f81e08c4c1c0652de1466837e863dee6aee2dcd0e3f2b3c40231e	2fe2f0ccd0808778a2699709160f2dba14b8f912d6d1851fa6c66ab3dc0da2c2	full	full	GRCh38	source_fasta_record_coordinates	3ed0ca0f85d5293db869428298fe4c2a70b13f5641202d2cd3778500a5b68f66	paper/bioinformatics/canonical_hybrid_v2_holdout_workloads.tsv	canonical_hybrid_v2_fresh_holdout
pair	phase3_application_role_ordinal	33	phase3_application_role_ordinal	195	aq033	at0195	8a339029600f81e08c4c1c0652de1466837e863dee6aee2dcd0e3f2b3c40231e	8c12c883ba773e1d6290eef5baa7f13d2a5bca6bd909caf6e971e0201cb860f2	full	full	GRCh38	source_fasta_record_coordinates	6d7af2dd606242f2d5cdf49737a388a068ff9fa82e6053a90868e758cfeaff20	paper/bioinformatics/canonical_hybrid_v2_holdout_workloads.tsv	canonical_hybrid_v2_fresh_holdout
pair	phase3_application_role_ordinal	33	phase3_application_role_ordinal	260	aq033	at0260	8a339029600f81e08c4c1c0652de1466837e863dee6aee2dcd0e3f2b3c40231e	e4dd2ecb30026c7cccf72b245c30cec49ebfb006b5a3f2b7ce447b34dacd80e1	full	full	GRCh38	source_fasta_record_coordinates	58e1d0d1e2f72c6381e3db20f1e24e3e28973e58ab928c2626475c99d75c730b	paper/bioinformatics/canonical_hybrid_v2_holdout_workloads.tsv	canonical_hybrid_v2_fresh_holdout
pair	phase3_application_role_ordinal	33	phase3_application_role_ordinal	652	aq033	at0652	8a339029600f81e08c4c1c0652de1466837e863dee6aee2dcd0e3f2b3c40231e	e1d6e517851f9f88fe22a1995aaaac5b667423bdba3b4478911e2595dd26538c	full	full	GRCh38	source_fasta_record_coordinates	a50de1870cd4143407a7ca62675c26e3ba9181c2f0f0f816e6d22ec42e94d916	paper/bioinformatics/canonical_hybrid_v2_holdout_workloads.tsv	canonical_hybrid_v2_fresh_holdout
pair	phase3_application_role_ordinal	36	phase3_application_role_ordinal	199	aq036	at0199	8e5afb1a2b6c8db6fb222319675e011ce25ab0809d9eeb5a55614fe33e39e891	377c3d9987139b51cd9b107235a8bf80c888cc108c5cbc2620eb75e1d96b4ba2	full	full	GRCh38	source_fasta_record_coordinates	5962b2cfa333b1b8ba07e3b4e2a2c55cb5c18f838cf7bf8878f0be4ab172c6b3	paper/bioinformatics/canonical_hybrid_v2_performance_workloads.tsv	canonical_hybrid_v2_performance_pilot
pair	phase3_application_role_ordinal	36	phase3_application_role_ordinal	432	aq036	at0432	8e5afb1a2b6c8db6fb222319675e011ce25ab0809d9eeb5a55614fe33e39e891	5e3f1868e23a1ae7a757da2edfa96ef6fe38bfd68d3b47a16d7ba4b02594e9cb	full	full	GRCh38	source_fasta_record_coordinates	fe04443fff62d177c7710652445055eecddb61c8468e5c018f2f2d3181973beb	paper/bioinformatics/canonical_hybrid_v2_performance_workloads.tsv	canonical_hybrid_v2_performance_pilot
pair	phase3_application_role_ordinal	37	phase3_application_role_ordinal	18	aq037	at0018	b2655e83b7c6d832e028a1817ab1d86f519f26e173e12a7f1d124c79be1eaff4	2fe2f0ccd0808778a2699709160f2dba14b8f912d6d1851fa6c66ab3dc0da2c2	full	full	GRCh38	source_fasta_record_coordinates	e15bc8520da64dbebc750cc622a2e1aa0b0a907dae12c1571608b1e6c5e83910	paper/bioinformatics/canonical_hybrid_v2_holdout_workloads.tsv	canonical_hybrid_v2_fresh_holdout
pair	phase3_application_role_ordinal	37	phase3_application_role_ordinal	195	aq037	at0195	b2655e83b7c6d832e028a1817ab1d86f519f26e173e12a7f1d124c79be1eaff4	8c12c883ba773e1d6290eef5baa7f13d2a5bca6bd909caf6e971e0201cb860f2	full	full	GRCh38	source_fasta_record_coordinates	dd2a9c47b2b89c6606c4ac2b0389fce0a39d4eb9cbb4b612915c20f55fa12a1f	paper/bioinformatics/canonical_hybrid_v2_holdout_workloads.tsv	canonical_hybrid_v2_fresh_holdout
pair	phase3_application_role_ordinal	37	phase3_application_role_ordinal	260	aq037	at0260	b2655e83b7c6d832e028a1817ab1d86f519f26e173e12a7f1d124c79be1eaff4	e4dd2ecb30026c7cccf72b245c30cec49ebfb006b5a3f2b7ce447b34dacd80e1	full	full	GRCh38	source_fasta_record_coordinates	acf87d4407fdce8d11619ac4a4a23c814addeb978fb2765133875182af362d54	paper/bioinformatics/canonical_hybrid_v2_holdout_workloads.tsv	canonical_hybrid_v2_fresh_holdout
pair	phase3_application_role_ordinal	37	phase3_application_role_ordinal	652	aq037	at0652	b2655e83b7c6d832e028a1817ab1d86f519f26e173e12a7f1d124c79be1eaff4	e1d6e517851f9f88fe22a1995aaaac5b667423bdba3b4478911e2595dd26538c	full	full	GRCh38	source_fasta_record_coordinates	acbdb9d329f6ea43db8f84a55f76caae28829cfe1a762fdb0498837db1a0c764	paper/bioinformatics/canonical_hybrid_v2_holdout_workloads.tsv	canonical_hybrid_v2_fresh_holdout
pair	phase3_application_role_ordinal	38	phase3_application_role_ordinal	18	aq038	at0018	6a023206231290a6707f066bf8b57ca4183862caa7485d61644f5f86b8aaf528	2fe2f0ccd0808778a2699709160f2dba14b8f912d6d1851fa6c66ab3dc0da2c2	full	full	GRCh38	source_fasta_record_coordinates	43b3e076ad2f7d2814f661d726726467ded5ef94d46b87a23816ea9b105b460e	paper/bioinformatics/canonical_hybrid_v2_holdout_workloads.tsv	canonical_hybrid_v2_fresh_holdout
pair	phase3_application_role_ordinal	38	phase3_application_role_ordinal	195	aq038	at0195	6a023206231290a6707f066bf8b57ca4183862caa7485d61644f5f86b8aaf528	8c12c883ba773e1d6290eef5baa7f13d2a5bca6bd909caf6e971e0201cb860f2	full	full	GRCh38	source_fasta_record_coordinates	49af93faac1c2c1919e5b8d3d106bbb607a2eea6689e0731a96117303989a674	paper/bioinformatics/canonical_hybrid_v2_holdout_workloads.tsv	canonical_hybrid_v2_fresh_holdout
pair	phase3_application_role_ordinal	38	phase3_application_role_ordinal	260	aq038	at0260	6a023206231290a6707f066bf8b57ca4183862caa7485d61644f5f86b8aaf528	e4dd2ecb30026c7cccf72b245c30cec49ebfb006b5a3f2b7ce447b34dacd80e1	full	full	GRCh38	source_fasta_record_coordinates	9b9b4856d6b80c02939fd09b9f1922955b2b451669edd58c0faa89ffa10915b6	paper/bioinformatics/canonical_hybrid_v2_holdout_workloads.tsv	canonical_hybrid_v2_fresh_holdout
pair	phase3_application_role_ordinal	38	phase3_application_role_ordinal	652	aq038	at0652	6a023206231290a6707f066bf8b57ca4183862caa7485d61644f5f86b8aaf528	e1d6e517851f9f88fe22a1995aaaac5b667423bdba3b4478911e2595dd26538c	full	full	GRCh38	source_fasta_record_coordinates	d7ecdeb64898d311a0bb50242af9f52e85b6d5688fe5c3d788f1b1e4fc85df72	paper/bioinformatics/canonical_hybrid_v2_holdout_workloads.tsv	canonical_hybrid_v2_fresh_holdout
pair	phase3_application_role_ordinal	48	phase3_application_role_ordinal	18	aq048	at0018	90dad83d2658a8b5c0b8959b08b78bea999e275ddebea6fa4d57cba2c9aff51a	2fe2f0ccd0808778a2699709160f2dba14b8f912d6d1851fa6c66ab3dc0da2c2	full	full	GRCh38	source_fasta_record_coordinates	a2fe0c7ae3ba7966da39227968a1e7ebb0980e9ba734719eec9225672b30651b	paper/bioinformatics/canonical_hybrid_v2_holdout_workloads.tsv	canonical_hybrid_v2_fresh_holdout
pair	phase3_application_role_ordinal	48	phase3_application_role_ordinal	195	aq048	at0195	90dad83d2658a8b5c0b8959b08b78bea999e275ddebea6fa4d57cba2c9aff51a	8c12c883ba773e1d6290eef5baa7f13d2a5bca6bd909caf6e971e0201cb860f2	full	full	GRCh38	source_fasta_record_coordinates	f6c58e185c480d07ed764d76410f21ae4025f102cf93eac31c5cfc7eb71ddada	paper/bioinformatics/canonical_hybrid_v2_holdout_workloads.tsv	canonical_hybrid_v2_fresh_holdout
pair	phase3_application_role_ordinal	48	phase3_application_role_ordinal	260	aq048	at0260	90dad83d2658a8b5c0b8959b08b78bea999e275ddebea6fa4d57cba2c9aff51a	e4dd2ecb30026c7cccf72b245c30cec49ebfb006b5a3f2b7ce447b34dacd80e1	full	full	GRCh38	source_fasta_record_coordinates	a4b232e69e83a3731c27cd0a83f579c6bf7f232d46af1859c7b5bd8ab73dc699	paper/bioinformatics/canonical_hybrid_v2_holdout_workloads.tsv	canonical_hybrid_v2_fresh_holdout
pair	phase3_application_role_ordinal	48	phase3_application_role_ordinal	652	aq048	at0652	90dad83d2658a8b5c0b8959b08b78bea999e275ddebea6fa4d57cba2c9aff51a	e1d6e517851f9f88fe22a1995aaaac5b667423bdba3b4478911e2595dd26538c	full	full	GRCh38	source_fasta_record_coordinates	873af4c21be7391331146c57d33c52cc44e694fec1b9ba082fc8448597043816	paper/bioinformatics/canonical_hybrid_v2_holdout_workloads.tsv	canonical_hybrid_v2_fresh_holdout
pair	phase3_application_role_ordinal	5	phase3_application_role_ordinal	199	aq005	at0199	c5e6bb79c9d119b478cbcae47538a72a42598683eaebdfe03c3e717cd684f5f1	377c3d9987139b51cd9b107235a8bf80c888cc108c5cbc2620eb75e1d96b4ba2	full	full	GRCh38	source_fasta_record_coordinates	2ef5817a21760a3c9661a2e40e3dccacb963d4df9fe4fd5873921c402a0c35c4	paper/bioinformatics/canonical_hybrid_v2_performance_workloads.tsv	canonical_hybrid_v2_performance_pilot
pair	phase3_application_role_ordinal	5	phase3_application_role_ordinal	432	aq005	at0432	c5e6bb79c9d119b478cbcae47538a72a42598683eaebdfe03c3e717cd684f5f1	5e3f1868e23a1ae7a757da2edfa96ef6fe38bfd68d3b47a16d7ba4b02594e9cb	full	full	GRCh38	source_fasta_record_coordinates	92f9da7f8ef33d97ef5d29f813075332cf4c0b458f70b96837ed3580ea43b7ff	paper/bioinformatics/canonical_hybrid_v2_performance_workloads.tsv	canonical_hybrid_v2_performance_pilot
pair	phase3_application_role_ordinal	6	phase3_application_role_ordinal	199	aq006	at0199	0b1fbf70f80d071403f3ab95e9f4e702bc64a85776f375fa44726272e311735b	377c3d9987139b51cd9b107235a8bf80c888cc108c5cbc2620eb75e1d96b4ba2	full	full	GRCh38	source_fasta_record_coordinates	ad02917cf8cf8164a9e2d5f0b1cc6aeddcf527d2e51029b1fb86e3b45bb84543	paper/bioinformatics/canonical_hybrid_v2_performance_workloads.tsv	canonical_hybrid_v2_performance_pilot
pair	phase3_application_role_ordinal	6	phase3_application_role_ordinal	432	aq006	at0432	0b1fbf70f80d071403f3ab95e9f4e702bc64a85776f375fa44726272e311735b	5e3f1868e23a1ae7a757da2edfa96ef6fe38bfd68d3b47a16d7ba4b02594e9cb	full	full	GRCh38	source_fasta_record_coordinates	1ee9ff120c12b0d12737009beb27a3bbdd09c024a117e5232be3279b0a8a0f69	paper/bioinformatics/canonical_hybrid_v2_performance_workloads.tsv	canonical_hybrid_v2_performance_pilot
pair	phase3_application_role_ordinal	7	phase3_application_role_ordinal	18	aq007	at0018	3924bf5bbd87f45ec0ed8b57f01d4266c46d77efdf9db827f9c39af3ad1a5cd9	2fe2f0ccd0808778a2699709160f2dba14b8f912d6d1851fa6c66ab3dc0da2c2	full	full	GRCh38	source_fasta_record_coordinates	cf88925a4348ae0b9939510b609eadda8e80bfde82f0419e1c7d6edbea4cabf4	paper/bioinformatics/canonical_hybrid_v2_holdout_workloads.tsv	canonical_hybrid_v2_fresh_holdout
pair	phase3_application_role_ordinal	7	phase3_application_role_ordinal	195	aq007	at0195	3924bf5bbd87f45ec0ed8b57f01d4266c46d77efdf9db827f9c39af3ad1a5cd9	8c12c883ba773e1d6290eef5baa7f13d2a5bca6bd909caf6e971e0201cb860f2	full	full	GRCh38	source_fasta_record_coordinates	de9c5a1a4950ebef715a1e58e577f42267f5100b2589f25b92f662e12e8e2a78	paper/bioinformatics/canonical_hybrid_v2_holdout_workloads.tsv	canonical_hybrid_v2_fresh_holdout
pair	phase3_application_role_ordinal	7	phase3_application_role_ordinal	260	aq007	at0260	3924bf5bbd87f45ec0ed8b57f01d4266c46d77efdf9db827f9c39af3ad1a5cd9	e4dd2ecb30026c7cccf72b245c30cec49ebfb006b5a3f2b7ce447b34dacd80e1	full	full	GRCh38	source_fasta_record_coordinates	d2b0c30815120a62a8d0ff125b7dee716a4f1f076df947db8099468b9f60076c	paper/bioinformatics/canonical_hybrid_v2_holdout_workloads.tsv	canonical_hybrid_v2_fresh_holdout
pair	phase3_application_role_ordinal	7	phase3_application_role_ordinal	652	aq007	at0652	3924bf5bbd87f45ec0ed8b57f01d4266c46d77efdf9db827f9c39af3ad1a5cd9	e1d6e517851f9f88fe22a1995aaaac5b667423bdba3b4478911e2595dd26538c	full	full	GRCh38	source_fasta_record_coordinates	1d08da9ffa4379251e9c5366b3f25c7223370e9aaaad82b2d0cd1a938efc4c9a	paper/bioinformatics/canonical_hybrid_v2_holdout_workloads.tsv	canonical_hybrid_v2_fresh_holdout
pair	phase3_application_role_ordinal	8	phase3_application_role_ordinal	18	aq008	at0018	bab192889972e6fc9a5cb766a8b3a722cd4c97ec0ee1d3527ae804c45c4c93af	2fe2f0ccd0808778a2699709160f2dba14b8f912d6d1851fa6c66ab3dc0da2c2	full	full	GRCh38	source_fasta_record_coordinates	3223b861650b8c142679f68dadcadadd76876235d4cf93172036cedfa839c584	paper/bioinformatics/canonical_hybrid_v2_holdout_workloads.tsv	canonical_hybrid_v2_fresh_holdout
pair	phase3_application_role_ordinal	8	phase3_application_role_ordinal	195	aq008	at0195	bab192889972e6fc9a5cb766a8b3a722cd4c97ec0ee1d3527ae804c45c4c93af	8c12c883ba773e1d6290eef5baa7f13d2a5bca6bd909caf6e971e0201cb860f2	full	full	GRCh38	source_fasta_record_coordinates	838134f42d02578b6bf2cb1bfa75cff5d309726d274a371de91d47851ddaf13d	paper/bioinformatics/canonical_hybrid_v2_holdout_workloads.tsv	canonical_hybrid_v2_fresh_holdout
pair	phase3_application_role_ordinal	8	phase3_application_role_ordinal	260	aq008	at0260	bab192889972e6fc9a5cb766a8b3a722cd4c97ec0ee1d3527ae804c45c4c93af	e4dd2ecb30026c7cccf72b245c30cec49ebfb006b5a3f2b7ce447b34dacd80e1	full	full	GRCh38	source_fasta_record_coordinates	0b19d0a5e5744ae61398a2048d270cd7771258c3bc91629d78580af649a9a632	paper/bioinformatics/canonical_hybrid_v2_holdout_workloads.tsv	canonical_hybrid_v2_fresh_holdout
pair	phase3_application_role_ordinal	8	phase3_application_role_ordinal	652	aq008	at0652	bab192889972e6fc9a5cb766a8b3a722cd4c97ec0ee1d3527ae804c45c4c93af	e1d6e517851f9f88fe22a1995aaaac5b667423bdba3b4478911e2595dd26538c	full	full	GRCh38	source_fasta_record_coordinates	d4d3554559a9c68431eb11969007fdf3955a149628ad482c505ad9fa787bbfa2	paper/bioinformatics/canonical_hybrid_v2_holdout_workloads.tsv	canonical_hybrid_v2_fresh_holdout
pair	ssw_cuda_corpus_case_v1	adv-byte-boundary-253	ssw_cuda_corpus_case_v1	adv-byte-boundary-253	adv-byte-boundary-253:query	adv-byte-boundary-253:reference	9a185d379ac570597670cfa73588a51bb42ea477a0729d5c84aafefd7d94b40d	7b4ce97770f7df317a787643b19efb0c689c234c3b28791438f3f05766431a4b	full	full	synthetic	synthetic_sequence_0_based_half_open	db6634a9777670df3d8403b771d225c66dd5a84002d046f0b9e81cdc635b19ec	paper/ssw_cuda/corpus_manifest.tsv;paper/ssw_cuda/corpus_receipt.json	ssw_cuda_differential_corpus_adversarial
pair	ssw_cuda_corpus_case_v1	adv-byte-boundary-254	ssw_cuda_corpus_case_v1	adv-byte-boundary-254	adv-byte-boundary-254:query	adv-byte-boundary-254:reference	ade484d3ece89530313051fb28c3761952bb24657d7c81bb22e179b8d6e12689	6562ddbe81263dab58f353ccd4e0685fcfd3797cdd17a707cb69c9cc8b4706a8	full	full	synthetic	synthetic_sequence_0_based_half_open	19b88bd706ee5672791fb6e3a68ea970bea025e51d44c3867ee3fc5dbe7d4fcc	paper/ssw_cuda/corpus_manifest.tsv;paper/ssw_cuda/corpus_receipt.json	ssw_cuda_differential_corpus_adversarial
pair	ssw_cuda_corpus_case_v1	adv-byte-boundary-255	ssw_cuda_corpus_case_v1	adv-byte-boundary-255	adv-byte-boundary-255:query	adv-byte-boundary-255:reference	903bc1be0207a9e13a2df149dfe5aa9910c7154813b4198b0c008b2161d327e8	903bc1be0207a9e13a2df149dfe5aa9910c7154813b4198b0c008b2161d327e8	full	full	synthetic	synthetic_sequence_0_based_half_open	77925ec35c040fc8cf5bc389db973afa8b3b24af968cebc6586c870a88d88764	paper/ssw_cuda/corpus_manifest.tsv;paper/ssw_cuda/corpus_receipt.json	ssw_cuda_differential_corpus_adversarial
pair	ssw_cuda_corpus_case_v1	adv-byte-boundary-256	ssw_cuda_corpus_case_v1	adv-byte-boundary-256	adv-byte-boundary-256:query	adv-byte-boundary-256:reference	9bd2e5e3e771ccb5d8bd3b97afb1e9228359f39a479a2d39d17716292d878f3b	ab59d0f30dfa75883db5ee02588d0a678d78829997df66ba14dcce974b3af43f	full	full	synthetic	synthetic_sequence_0_based_half_open	0aeebbf092bc69f7b1c7b5cdc374422cc1a02f4bf986522971613f3fa3e643ba	paper/ssw_cuda/corpus_manifest.tsv;paper/ssw_cuda/corpus_receipt.json	ssw_cuda_differential_corpus_adversarial
pair	ssw_cuda_corpus_case_v1	adv-diagonal-gap	ssw_cuda_corpus_case_v1	adv-diagonal-gap	adv-diagonal-gap:query	adv-diagonal-gap:reference	41c4f474da40a0f838394e8433183016ecd43bc791fee8d52b949d6088fcb9bd	9a9844a8e6445b60c136760a025851197248b4e3c78d97b74077dfb466b41cf7	full	full	synthetic	synthetic_sequence_0_based_half_open	be3a4ab8884303c1923a2d8a16208cfba6b8afc83793a91f9450813e9bebad6a	paper/ssw_cuda/corpus_manifest.tsv;paper/ssw_cuda/corpus_receipt.json	ssw_cuda_differential_corpus_adversarial
pair	ssw_cuda_corpus_case_v1	adv-e-f	ssw_cuda_corpus_case_v1	adv-e-f	adv-e-f:query	adv-e-f:reference	61752705bee70deea8b1a84d27f4f0d16e3c31fe5ee505be67481f04869f9af8	a81868d0303e7101bbe66a6e48c16066db8567144561422eb2ce3718800c48ff	full	full	synthetic	synthetic_sequence_0_based_half_open	95e321ebf88d9f6d7d7ce99d107ddbbf1915085902e40838bbc7c85aba4f2e58	paper/ssw_cuda/corpus_manifest.tsv;paper/ssw_cuda/corpus_receipt.json	ssw_cuda_differential_corpus_adversarial
pair	ssw_cuda_corpus_case_v1	adv-empty-query	ssw_cuda_corpus_case_v1	adv-empty-query	adv-empty-query:query	adv-empty-query:reference	e3b0c44298fc1c149afbf4c8996fb92427ae41e4649b934ca495991b7852b855	559aead08264d5795d3909718cdd05abd49572e84fe55590eef31a88a08fdffd	full	full	synthetic	synthetic_sequence_0_based_half_open	219741a6fd01595ffbd692767c2282214df7918e48319905609f1804317bfca4	paper/ssw_cuda/corpus_manifest.tsv;paper/ssw_cuda/corpus_receipt.json	ssw_cuda_differential_corpus_adversarial
pair	ssw_cuda_corpus_case_v1	adv-empty-reference	ssw_cuda_corpus_case_v1	adv-empty-reference	adv-empty-reference:query	adv-empty-reference:reference	559aead08264d5795d3909718cdd05abd49572e84fe55590eef31a88a08fdffd	e3b0c44298fc1c149afbf4c8996fb92427ae41e4649b934ca495991b7852b855	full	full	synthetic	synthetic_sequence_0_based_half_open	744e601ecfc9b6d67d5b696b9bbf7e9affc5f194437478a82c3cf8f35717d924	paper/ssw_cuda/corpus_manifest.tsv;paper/ssw_cuda/corpus_receipt.json	ssw_cuda_differential_corpus_adversarial
pair	ssw_cuda_corpus_case_v1	adv-equal-forward	ssw_cuda_corpus_case_v1	adv-equal-forward	adv-equal-forward:query	adv-equal-forward:reference	1dff3e84fe7877e0673b69bbddcf40124e396e3f9943dd890c91b6a09adb9af0	f9e75d6f5bbfb97918b349e0449df0df01d356685f367b81801d7819b327ca40	full	full	synthetic	synthetic_sequence_0_based_half_open	febad290803b6f7a0bec87adcdf53cd08acd7f6460b279456094b586cdccad70	paper/ssw_cuda/corpus_manifest.tsv;paper/ssw_cuda/corpus_receipt.json	ssw_cuda_differential_corpus_adversarial
pair	ssw_cuda_corpus_case_v1	adv-equal-gap	ssw_cuda_corpus_case_v1	adv-equal-gap	adv-equal-gap:query	adv-equal-gap:reference	9110442a5cc980d63ab57747020f39cdadaea1e27563449f672d25aa8df36a78	61752705bee70deea8b1a84d27f4f0d16e3c31fe5ee505be67481f04869f9af8	full	full	synthetic	synthetic_sequence_0_based_half_open	5cf6df6152b5652b9b948beb5a002e3579f84066e9068cb2cc3fa5237f7951d2	paper/ssw_cuda/corpus_manifest.tsv;paper/ssw_cuda/corpus_receipt.json	ssw_cuda_differential_corpus_adversarial
pair	ssw_cuda_corpus_case_v1	adv-equal-reverse	ssw_cuda_corpus_case_v1	adv-equal-reverse	adv-equal-reverse:query	adv-equal-reverse:reference	cd260c34e43eba951195b86cdeaacc132cdf601f5d13b73139b1b0f43f510027	fd235f7188cdf12c0992ab998cae73a0464c9730635728bdafe7a730a0d189b2	full	full	synthetic	synthetic_sequence_0_based_half_open	9f876994e4eec56f63525b04fef7a5b50ce19baec5e4b525d46440a20402ee32	paper/ssw_cuda/corpus_manifest.tsv;paper/ssw_cuda/corpus_receipt.json	ssw_cuda_differential_corpus_adversarial
pair	ssw_cuda_corpus_case_v1	adv-homopolymer	ssw_cuda_corpus_case_v1	adv-homopolymer	adv-homopolymer:query	adv-homopolymer:reference	d53eda7a637c99cc7fb566d96e9fa109bf15c478410a3f5eb4d4c4e26cd081f6	d53eda7a637c99cc7fb566d96e9fa109bf15c478410a3f5eb4d4c4e26cd081f6	full	full	synthetic	synthetic_sequence_0_based_half_open	5d60065216c79aa99c697b1a884c03d594d172b5980450792f4342ddb796ab83	paper/ssw_cuda/corpus_manifest.tsv;paper/ssw_cuda/corpus_receipt.json	ssw_cuda_differential_corpus_adversarial
pair	ssw_cuda_corpus_case_v1	adv-length-0031	ssw_cuda_corpus_case_v1	adv-length-0031	adv-length-0031:query	adv-length-0031:reference	d340aae9dc4515ac5813dbd4cb19e3c56d33a6c5b4f4f096ff4387acbc891c91	624ce7a2283b5d27b5ece76c3cc9ab697de57af90e73ea43475d219d504818b4	full	full	synthetic	synthetic_sequence_0_based_half_open	56e31a32d44314d67377350fd5cdc7196e631af991e525a6fa50a1b51213915e	paper/ssw_cuda/corpus_manifest.tsv;paper/ssw_cuda/corpus_receipt.json	ssw_cuda_differential_corpus_adversarial
pair	ssw_cuda_corpus_case_v1	adv-length-0032	ssw_cuda_corpus_case_v1	adv-length-0032	adv-length-0032:query	adv-length-0032:reference	5b63fe1b91add0ff274cb0d3449e1abf53775cd5fc7b330dc76f9a99cc4cbffe	917ed1546d22b98ebdfed702d477fde4314bcf14a85f327a17e060d796a0472d	full	full	synthetic	synthetic_sequence_0_based_half_open	c13eb3033ffd0893221fa13f1885e58b59905e64e810796fcc40a7031a6201ea	paper/ssw_cuda/corpus_manifest.tsv;paper/ssw_cuda/corpus_receipt.json	ssw_cuda_differential_corpus_adversarial
pair	ssw_cuda_corpus_case_v1	adv-length-0033	ssw_cuda_corpus_case_v1	adv-length-0033	adv-length-0033:query	adv-length-0033:reference	91974a164c95843e5770e88b3f888cede5f767e350a3c9363a26b3722dd0f66b	8eb4be04513d3e9967cf5ddf82cee4616622bbf7b7652c17d590a1914738d1f8	full	full	synthetic	synthetic_sequence_0_based_half_open	e5716539391ef186dd0c1b4313d42c98237876fdc4a117c231dd507b17c45635	paper/ssw_cuda/corpus_manifest.tsv;paper/ssw_cuda/corpus_receipt.json	ssw_cuda_differential_corpus_adversarial
pair	ssw_cuda_corpus_case_v1	adv-length-0063	ssw_cuda_corpus_case_v1	adv-length-0063	adv-length-0063:query	adv-length-0063:reference	1f9cd9d5d99bb33014d76bb693ed88e6564adf37a6b67bb133fdf0ab9baa8086	c1fffe408a1d5d673b1a29f52ecac2f757dae5b63536f123362f4041b44ab284	full	full	synthetic	synthetic_sequence_0_based_half_open	e2d7842869d0c17f9840bab18c1dad6f82f478ef870829274a4002f22ddb69d5	paper/ssw_cuda/corpus_manifest.tsv;paper/ssw_cuda/corpus_receipt.json	ssw_cuda_differential_corpus_adversarial
pair	ssw_cuda_corpus_case_v1	adv-length-0064	ssw_cuda_corpus_case_v1	adv-length-0064	adv-length-0064:query	adv-length-0064:reference	5369e9f0ef18d3cab80dc0e79e90c2473ab0b492ee34b25d695287411f48a9fe	d7222a0e6e08c4c3831f5633b5db5aa689b9ee08c217718ba168ae889401d92e	full	full	synthetic	synthetic_sequence_0_based_half_open	d74f9c4c7c51ba6a726fa7bb35ef9d74f93294964dff85ddebb44fd3d1e45150	paper/ssw_cuda/corpus_manifest.tsv;paper/ssw_cuda/corpus_receipt.json	ssw_cuda_differential_corpus_adversarial
pair	ssw_cuda_corpus_case_v1	adv-length-0065	ssw_cuda_corpus_case_v1	adv-length-0065	adv-length-0065:query	adv-length-0065:reference	8f9f1ddb55b44538520ac5adbac06717fc0840702a9dc2728d1f99ec99911a5a	f49f667ef74b3be1ce9f4c4b2ffbf6b61bcf279768b8827610758e0ab2d09faf	full	full	synthetic	synthetic_sequence_0_based_half_open	8fb766b6590ba0f6c34e61689eb0f0bc41282472e083237cb0fd75f272aeefd4	paper/ssw_cuda/corpus_manifest.tsv;paper/ssw_cuda/corpus_receipt.json	ssw_cuda_differential_corpus_adversarial
pair	ssw_cuda_corpus_case_v1	adv-length-0127	ssw_cuda_corpus_case_v1	adv-length-0127	adv-length-0127:query	adv-length-0127:reference	c5dd89c17e3e9c39b0b5bc3d4dfb9226d65585fa5e83453c4873c285e476ba73	322cdd644fac9f07046c4ee6ffb5b9e8035a4f5f2696f7ffc8278f633a7f457c	full	full	synthetic	synthetic_sequence_0_based_half_open	a1b4dae919b9c16fb2e737c00bdcd7099dc0d83371081f10d4848b0e11623a0e	paper/ssw_cuda/corpus_manifest.tsv;paper/ssw_cuda/corpus_receipt.json	ssw_cuda_differential_corpus_adversarial
pair	ssw_cuda_corpus_case_v1	adv-length-0128	ssw_cuda_corpus_case_v1	adv-length-0128	adv-length-0128:query	adv-length-0128:reference	ec4fec99482dc489f8006c8c2544bc5b25ee610aaa930a862b2f8ae59566e4a5	c601f8ba367b0482fb9e554aaef35f4e5b40b6dbd049f761c42cbae88aa6917a	full	full	synthetic	synthetic_sequence_0_based_half_open	a216f91662e3e4e02b0f1ed06c180163fa8d1df487322415679f1864043e45d4	paper/ssw_cuda/corpus_manifest.tsv;paper/ssw_cuda/corpus_receipt.json	ssw_cuda_differential_corpus_adversarial
pair	ssw_cuda_corpus_case_v1	adv-length-0129	ssw_cuda_corpus_case_v1	adv-length-0129	adv-length-0129:query	adv-length-0129:reference	877a6a47b034fd77aeb0fd3bd541c91ba65a50074c2c47cca800eb9d40eebe87	3ced837a779bedeb8bfa6717d0773046bf20a3ab3b1610328b1d1ee9e1f674ce	full	full	synthetic	synthetic_sequence_0_based_half_open	072301e4709b95b1022b2186b7d94d5348c0ecd36c1a9fc6fce6c1dea97ba080	paper/ssw_cuda/corpus_manifest.tsv;paper/ssw_cuda/corpus_receipt.json	ssw_cuda_differential_corpus_adversarial
pair	ssw_cuda_corpus_case_v1	adv-length-0253	ssw_cuda_corpus_case_v1	adv-length-0253	adv-length-0253:query	adv-length-0253:reference	c498e2d85d961982a9467867dd05c3484e51f6a1405f74db394cc1a1f6796b23	e2755156be30b34038c85f39f0c539b634fdcfd8a29698a89457d4b265fcbf09	full	full	synthetic	synthetic_sequence_0_based_half_open	8c1f4631106554714a01b820625300b14dc6961ea2d1694ce15af36ca6fbc3a9	paper/ssw_cuda/corpus_manifest.tsv;paper/ssw_cuda/corpus_receipt.json	ssw_cuda_differential_corpus_adversarial
pair	ssw_cuda_corpus_case_v1	adv-length-0254	ssw_cuda_corpus_case_v1	adv-length-0254	adv-length-0254:query	adv-length-0254:reference	ca7bb28a379682c99dbc7e77a43ccf90980cb3dbd5b562b9e4e1a4a7b3b5fd04	7ac9456b1270c04ee3e9bf1ea54699d67637dce1c6da303e20797fb44b269bdc	full	full	synthetic	synthetic_sequence_0_based_half_open	3a08e7e792b53fa9400b2b9b4d6f6e10f2040522897d349c2259c319f6e3ce88	paper/ssw_cuda/corpus_manifest.tsv;paper/ssw_cuda/corpus_receipt.json	ssw_cuda_differential_corpus_adversarial
pair	ssw_cuda_corpus_case_v1	adv-length-0255	ssw_cuda_corpus_case_v1	adv-length-0255	adv-length-0255:query	adv-length-0255:reference	cc4a202c862d2e8dad927d7bb8219244b58fbbcb48a611b69a453d294b081fa6	8a5356c0d29022554a29553e28e73205c9fce6ab716f3ca90ce1ff5a43563a35	full	full	synthetic	synthetic_sequence_0_based_half_open	de8e733ec098dddbb2cd667fbc27bb072abf0b912e21a942b33a783b50cf55c4	paper/ssw_cuda/corpus_manifest.tsv;paper/ssw_cuda/corpus_receipt.json	ssw_cuda_differential_corpus_adversarial
pair	ssw_cuda_corpus_case_v1	adv-length-0256	ssw_cuda_corpus_case_v1	adv-length-0256	adv-length-0256:query	adv-length-0256:reference	a5502768913a84a6d3e310f72a98c8a1afce85e27a9da16cb5967cef8980d8a0	bf8fe7cf5a855853d6b5b2fa511ece51a9dd439c13f41993cb92143b1ca3f3d4	full	full	synthetic	synthetic_sequence_0_based_half_open	f6e35cc68ccc674ff5496cd7e0393a3afcf50cc069ca579ca87ba7e5561a4009	paper/ssw_cuda/corpus_manifest.tsv;paper/ssw_cuda/corpus_receipt.json	ssw_cuda_differential_corpus_adversarial
pair	ssw_cuda_corpus_case_v1	adv-length-0257	ssw_cuda_corpus_case_v1	adv-length-0257	adv-length-0257:query	adv-length-0257:reference	56de553eb28f548e2c601a7da23ef5418f925649503c5677eb8e2d40aa29e7d1	3009c0f0f0b8334a565497c5c24a28a295f154c6e03c4b915f39d33f8eebebaf	full	full	synthetic	synthetic_sequence_0_based_half_open	bf549649e1e98e28482ce9acfd5698b20f37ceff05fe2c9fb5e0ace6855dc90a	paper/ssw_cuda/corpus_manifest.tsv;paper/ssw_cuda/corpus_receipt.json	ssw_cuda_differential_corpus_adversarial
pair	ssw_cuda_corpus_case_v1	adv-length-0511	ssw_cuda_corpus_case_v1	adv-length-0511	adv-length-0511:query	adv-length-0511:reference	8ea5c9662cb5d10b7b315c322a0a080319065f6fc57b1f57073762fd0eb1cbd3	afc5171375a27fd7385a8c3dd8866dc4bae966ee8ba83a6655b591e180c093c3	full	full	synthetic	synthetic_sequence_0_based_half_open	0623f7ae754aa6b778b50a1a8c2bfa396c9cca8f7d1526c563e11c435b4fa879	paper/ssw_cuda/corpus_manifest.tsv;paper/ssw_cuda/corpus_receipt.json	ssw_cuda_differential_corpus_adversarial
pair	ssw_cuda_corpus_case_v1	adv-length-0512	ssw_cuda_corpus_case_v1	adv-length-0512	adv-length-0512:query	adv-length-0512:reference	24191b1133fb23e1912560250839730c6f4cbc0c6dcc3a8d38cf152ca67b0152	40711d2f20938d3e1671d061797bf32233a8ef3084312ee612b5a74c43146567	full	full	synthetic	synthetic_sequence_0_based_half_open	3ef831cfb4ed47cd464aced6317888ea4967f8767453e98e01b2f468e207c9b4	paper/ssw_cuda/corpus_manifest.tsv;paper/ssw_cuda/corpus_receipt.json	ssw_cuda_differential_corpus_adversarial
pair	ssw_cuda_corpus_case_v1	adv-length-0513	ssw_cuda_corpus_case_v1	adv-length-0513	adv-length-0513:query	adv-length-0513:reference	89393b9e7ab6c02cddbe22d3a3ed7405b1720f4f6d12118a4a52026a830a7eda	18facf3c67280c01f229e21a1c62f24c6ee514c8a8eabdac2e971ef795c6f764	full	full	synthetic	synthetic_sequence_0_based_half_open	b71f6df0ee3d36586e36adbd24a8fd43cf70a4250258717395ee44192696730a	paper/ssw_cuda/corpus_manifest.tsv;paper/ssw_cuda/corpus_receipt.json	ssw_cuda_differential_corpus_adversarial
pair	ssw_cuda_corpus_case_v1	adv-length-1023	ssw_cuda_corpus_case_v1	adv-length-1023	adv-length-1023:query	adv-length-1023:reference	128429b040a12c82f04e299e6fc5e3fd7d01313eddfe3d321cafb68af0daf43f	8c9f94246ea8ea40b99b3984fa49f5f3dd0c6174a7fe8c543a8fdc1a011af463	full	full	synthetic	synthetic_sequence_0_based_half_open	8bbcb9738d036a24423c1b43c4f078c453d82ff6aad51285cc5e592b074df301	paper/ssw_cuda/corpus_manifest.tsv;paper/ssw_cuda/corpus_receipt.json	ssw_cuda_differential_corpus_adversarial
pair	ssw_cuda_corpus_case_v1	adv-length-1024	ssw_cuda_corpus_case_v1	adv-length-1024	adv-length-1024:query	adv-length-1024:reference	11f32666327a903f8068ec86f06dcd1e45494391476c3cec4104ddc9c5ae47bf	2bceaf9b9958ff0ea5c5b6cce4e9180e2687b168ce86738dff31e22206eda83f	full	full	synthetic	synthetic_sequence_0_based_half_open	3e4b49b01f1fce8fb479d9bd23453dfc7adaaa351d5e2e33daa592497d2316f9	paper/ssw_cuda/corpus_manifest.tsv;paper/ssw_cuda/corpus_receipt.json	ssw_cuda_differential_corpus_adversarial
pair	ssw_cuda_corpus_case_v1	adv-length-1025	ssw_cuda_corpus_case_v1	adv-length-1025	adv-length-1025:query	adv-length-1025:reference	9d9c6f819851637827cbcf8d1a74f91c8d2565894b6aeff674f4e7b851e7956c	38f867ae0908944783d3d293f788b487ad5c447cc019131339eebe57288fbe0b	full	full	synthetic	synthetic_sequence_0_based_half_open	25e6fe0938447ad8eb80c1264808b323ac80939c1a78420af1867ba085d9b1e4	paper/ssw_cuda/corpus_manifest.tsv;paper/ssw_cuda/corpus_receipt.json	ssw_cuda_differential_corpus_adversarial
pair	ssw_cuda_corpus_case_v1	adv-length-2047	ssw_cuda_corpus_case_v1	adv-length-2047	adv-length-2047:query	adv-length-2047:reference	f7237ffc299c8e4921a2ec32be91842055f2a5ca776fe18c0e3530e20218507e	f53b34985afbf6d3956c46751aed0c2d730b87c6cb0d8b0131b1412a03b5c9fb	full	full	synthetic	synthetic_sequence_0_based_half_open	ec8c167038dcead72877250cbf147266c847031da18a2f1e102e2fa7beb8c6cf	paper/ssw_cuda/corpus_manifest.tsv;paper/ssw_cuda/corpus_receipt.json	ssw_cuda_differential_corpus_adversarial
pair	ssw_cuda_corpus_case_v1	adv-length-2048	ssw_cuda_corpus_case_v1	adv-length-2048	adv-length-2048:query	adv-length-2048:reference	2433f721ddb8e8d7b8a6bf84c93f95749c9ad5e7c045278b8da6c15814757f1b	f481f25d279b80d9bb76d0cee62b57c5da01a458131bd7eaa23ccc32c1313669	full	full	synthetic	synthetic_sequence_0_based_half_open	38f33eed7b0ada5e40541dcc1d733586bc8c703cab75603eab95df9b2f339dfc	paper/ssw_cuda/corpus_manifest.tsv;paper/ssw_cuda/corpus_receipt.json	ssw_cuda_differential_corpus_adversarial
pair	ssw_cuda_corpus_case_v1	adv-length-2049	ssw_cuda_corpus_case_v1	adv-length-2049	adv-length-2049:query	adv-length-2049:reference	198f860367958c8c6024ad85a66a7596385f6a6111992332fab45efb11adc6fc	3bb8b3d2c76759811a3231f1f934eb3acc2b7729d368567eb6202137a1b5c1e1	full	full	synthetic	synthetic_sequence_0_based_half_open	9525d13017fef08936340c6afb12966617acfd93bfbd5c071b59ff3384eaf0ef	paper/ssw_cuda/corpus_manifest.tsv;paper/ssw_cuda/corpus_receipt.json	ssw_cuda_differential_corpus_adversarial
pair	ssw_cuda_corpus_case_v1	adv-length-2811	ssw_cuda_corpus_case_v1	adv-length-2811	adv-length-2811:query	adv-length-2811:reference	35a6283175559fe1aa7a0eef11f60928ccd37c9f238072391d3e7bd1fc128d56	1318f94bf0ed28c540df1200df8214ede59ecac76bb14b20056fc07e8a58e0a2	full	full	synthetic	synthetic_sequence_0_based_half_open	60f712362704fe8c8b6b2a4a5255a1ce3d4d376814ce8102b9e1168e22659e39	paper/ssw_cuda/corpus_manifest.tsv;paper/ssw_cuda/corpus_receipt.json	ssw_cuda_differential_corpus_adversarial
pair	ssw_cuda_corpus_case_v1	adv-length-2812	ssw_cuda_corpus_case_v1	adv-length-2812	adv-length-2812:query	adv-length-2812:reference	523b88bf203f869fcb2249efebb2d4fafc623e645f52ac19701091fd2d110a26	816f780f786803ddad90c48dc466e26fae3a1503664ab201d12130e426234b34	full	full	synthetic	synthetic_sequence_0_based_half_open	c296389368331c5aee1d3c1bca0aa63804938af6178227c1851201be6ce80ab7	paper/ssw_cuda/corpus_manifest.tsv;paper/ssw_cuda/corpus_receipt.json	ssw_cuda_differential_corpus_adversarial
pair	ssw_cuda_corpus_case_v1	adv-non-ascii	ssw_cuda_corpus_case_v1	adv-non-ascii	adv-non-ascii:query	adv-non-ascii:reference	83be7ce6ddd711af551a1b4c0cb8352f0846a4edffc406624c603b5885976792	58bb119c35513a451d24dc20ef0e9031ec85b35bfc919d263e7e5d9868909cb5	full	full	synthetic	synthetic_sequence_0_based_half_open	f02788913409d4526a0fd7e3afd1e1a7df04ff680f8919f83d39ae08f110865b	paper/ssw_cuda/corpus_manifest.tsv;paper/ssw_cuda/corpus_receipt.json	ssw_cuda_differential_corpus_adversarial
pair	ssw_cuda_corpus_case_v1	adv-nul	ssw_cuda_corpus_case_v1	adv-nul	adv-nul:query	adv-nul:reference	e61c21ca716b3b1aefb7d1198f83679c4ca4d596e5792275dd6203b49216237d	58bb119c35513a451d24dc20ef0e9031ec85b35bfc919d263e7e5d9868909cb5	full	full	synthetic	synthetic_sequence_0_based_half_open	6f0404257d59ba8aa23c9967c2e3a7ae29775f7282b6ad5dd9664e0168b150f8	paper/ssw_cuda/corpus_manifest.tsv;paper/ssw_cuda/corpus_receipt.json	ssw_cuda_differential_corpus_adversarial
pair	ssw_cuda_corpus_case_v1	adv-open-extend	ssw_cuda_corpus_case_v1	adv-open-extend	adv-open-extend:query	adv-open-extend:reference	cfab373a91652a5f16b75c1af5805bc48f0cf6e5880ac93d6d463fefd30f20ba	1d65bf29403e4fb1767522a107c827b8884d16640cf0e3b18c4c1dd107e0d49d	full	full	synthetic	synthetic_sequence_0_based_half_open	422bc2a9131114f43d69717c7d743c4b49ee5d2c5210d0859586036dc1517206	paper/ssw_cuda/corpus_manifest.tsv;paper/ssw_cuda/corpus_receipt.json	ssw_cuda_differential_corpus_adversarial
pair	ssw_cuda_corpus_case_v1	adv-palindrome-rc	ssw_cuda_corpus_case_v1	adv-palindrome-rc	adv-palindrome-rc:query	adv-palindrome-rc:reference	b28b7e7e6b70661dfee15d5290c4bca097ca145f721c4fbc4de73ad1d1660b8b	2cb35d1cad24afb4438d4afcf238b198727eb56d876a1711fc9a1943035db1b8	full	full	synthetic	synthetic_sequence_0_based_half_open	e13b2203571a6936572efb86b758ffc9e5e355fe96a73e30184703cfe234654e	paper/ssw_cuda/corpus_manifest.tsv;paper/ssw_cuda/corpus_receipt.json	ssw_cuda_differential_corpus_adversarial
pair	ssw_cuda_corpus_case_v1	adv-periodic-repeat	ssw_cuda_corpus_case_v1	adv-periodic-repeat	adv-periodic-repeat:query	adv-periodic-repeat:reference	79ede2b4ec3a5e9a3fcff0d0ff723f4ad16579425c8a115ea87b80347bfc3d31	7a42384a486b0a8c3e692f7471068cdb97d172df8e50aac8ca4ba4db84eb965d	full	full	synthetic	synthetic_sequence_0_based_half_open	af1e4ba1fcece01a971a24a3de8b13fd396cb66fa8349b3f18855b8d39c4c253	paper/ssw_cuda/corpus_manifest.tsv;paper/ssw_cuda/corpus_receipt.json	ssw_cuda_differential_corpus_adversarial
pair	ssw_cuda_corpus_case_v1	adv-supported-lowercase	ssw_cuda_corpus_case_v1	adv-supported-lowercase	adv-supported-lowercase:query	adv-supported-lowercase:reference	48752e49fec8b5ae25860bf7c4f4a0f01cc3f12e142ba4bff4914e4f68374cde	1dff3e84fe7877e0673b69bbddcf40124e396e3f9943dd890c91b6a09adb9af0	full	full	synthetic	synthetic_sequence_0_based_half_open	27a499ccd11379087152de9e6b3ef1a5362e5029b6c68f89ddacc3e121bb8698	paper/ssw_cuda/corpus_manifest.tsv;paper/ssw_cuda/corpus_receipt.json	ssw_cuda_differential_corpus_adversarial
pair	ssw_cuda_corpus_case_v1	adv-supported-n	ssw_cuda_corpus_case_v1	adv-supported-n	adv-supported-n:query	adv-supported-n:reference	8eb0d5b2b32a923e8b5565419148979a6925a5327c82731a01282f6cde62578d	305d2733d91bb4417b99307b199d07394b18eca3cd504cebc50235799529d14f	full	full	synthetic	synthetic_sequence_0_based_half_open	c1915cadc6d64dea9055b6e9b2d062487811908d9582e560f4dec3a2d58de0ad	paper/ssw_cuda/corpus_manifest.tsv;paper/ssw_cuda/corpus_receipt.json	ssw_cuda_differential_corpus_adversarial
pair	ssw_cuda_corpus_case_v1	adv-supported-u	ssw_cuda_corpus_case_v1	adv-supported-u	adv-supported-u:query	adv-supported-u:reference	5997c9b2977c242898caeffb404646ea89c6192d592e42c787396f56ae4216b3	305d2733d91bb4417b99307b199d07394b18eca3cd504cebc50235799529d14f	full	full	synthetic	synthetic_sequence_0_based_half_open	5403b4ffbb6200df7088cff82e8284dfb9144e85bc4b6e501d0bd68078420feb	paper/ssw_cuda/corpus_manifest.tsv;paper/ssw_cuda/corpus_receipt.json	ssw_cuda_differential_corpus_adversarial
pair	ssw_cuda_corpus_case_v1	fuzz-compact-0000	ssw_cuda_corpus_case_v1	fuzz-compact-0000	fuzz-compact-0000:query	fuzz-compact-0000:reference	763b740fc266431235c232d78cbe3b7aae24ddf8144bd44ad1b4fa6f9de230a9	fd6cc8b6d4aa863b767993be33828dc33b0e682f820f5e5dd57381a5ee66ace8	full	full	synthetic	synthetic_sequence_0_based_half_open	312f5216d84b7f81a8895638a2c959cccb25f4d5ad0571bf6d177991b94027f8	paper/ssw_cuda/corpus_manifest.tsv;paper/ssw_cuda/corpus_receipt.json	ssw_cuda_differential_corpus_deterministic_fuzz
pair	ssw_cuda_corpus_case_v1	fuzz-compact-0001	ssw_cuda_corpus_case_v1	fuzz-compact-0001	fuzz-compact-0001:query	fuzz-compact-0001:reference	a57ef1f7f94c5433c577026b56982be7a89df0608ed8361f6b66e014c8044cd5	2145779f102ce700877763906fe8cff72361139ccfe5aee3f67885c843d1131c	full	full	synthetic	synthetic_sequence_0_based_half_open	edefee90b8055eca14c1b213f107a86d9e1a11749d076482aeb010633e0a319d	paper/ssw_cuda/corpus_manifest.tsv;paper/ssw_cuda/corpus_receipt.json	ssw_cuda_differential_corpus_deterministic_fuzz
pair	ssw_cuda_corpus_case_v1	fuzz-compact-0002	ssw_cuda_corpus_case_v1	fuzz-compact-0002	fuzz-compact-0002:query	fuzz-compact-0002:reference	21a78288747dc5209fa0c69ee7e987d5f1e9af91405f7f0caa78af5a3b5867d5	dfe21aaee86965ff8f3fb32fdc696411312d19ca146ae88ba4b9fe92c8da01ba	full	full	synthetic	synthetic_sequence_0_based_half_open	566f8b9e90e3678815d4824ccdc8086581a32cfe10ee6474a252be4cda4aeacb	paper/ssw_cuda/corpus_manifest.tsv;paper/ssw_cuda/corpus_receipt.json	ssw_cuda_differential_corpus_deterministic_fuzz
pair	ssw_cuda_corpus_case_v1	fuzz-compact-0003	ssw_cuda_corpus_case_v1	fuzz-compact-0003	fuzz-compact-0003:query	fuzz-compact-0003:reference	9eca69f2944bb83c16168efaf4013d512f032ce9f011f1a85216c54496e47a65	449b3e150aee787e3388164307a58e1b0c72c918aae8992f63ed627303c61e65	full	full	synthetic	synthetic_sequence_0_based_half_open	363d5e01b60ca0ab45cad62034f8a9ff409e661d1943f0e3f1d77a13b69ff18f	paper/ssw_cuda/corpus_manifest.tsv;paper/ssw_cuda/corpus_receipt.json	ssw_cuda_differential_corpus_deterministic_fuzz
pair	ssw_cuda_corpus_case_v1	fuzz-compact-0004	ssw_cuda_corpus_case_v1	fuzz-compact-0004	fuzz-compact-0004:query	fuzz-compact-0004:reference	3c996eb5595e11712d025d23062c754afd2c86226e4dc36a19c42d3d65681dbe	3b1b17b16918313d72ac516aca9370fb46c350caa3575a1a97580d9dfa5d0220	full	full	synthetic	synthetic_sequence_0_based_half_open	4e6a3914a823d108260b7fe1bd40ddb233bde3ebf8444ddb4f414c395b3f9908	paper/ssw_cuda/corpus_manifest.tsv;paper/ssw_cuda/corpus_receipt.json	ssw_cuda_differential_corpus_deterministic_fuzz
pair	ssw_cuda_corpus_case_v1	fuzz-compact-0005	ssw_cuda_corpus_case_v1	fuzz-compact-0005	fuzz-compact-0005:query	fuzz-compact-0005:reference	2edd37ad8f19ff0d6eef16df41115e18ee9a5931e97a6905041efc34a026dc49	59c37afdf2f8ccf6378f098583fc462de3d89ee94dc0c0352ca787337056d348	full	full	synthetic	synthetic_sequence_0_based_half_open	9bc9b9e3c9f17ae03b13e73a175fefbf24487abd01ea6080e20c83f43b3bc27e	paper/ssw_cuda/corpus_manifest.tsv;paper/ssw_cuda/corpus_receipt.json	ssw_cuda_differential_corpus_deterministic_fuzz
pair	ssw_cuda_corpus_case_v1	fuzz-compact-0006	ssw_cuda_corpus_case_v1	fuzz-compact-0006	fuzz-compact-0006:query	fuzz-compact-0006:reference	3570fbfb34e98e9b31d1457b8808f733e38c0f41364e49aa235744e0cdd80187	e3a9d5f8b09fb9921a9118e8391bd1a7f99f33a32661fbc7346a978fa47de8f7	full	full	synthetic	synthetic_sequence_0_based_half_open	1a29a33535e20703cf2ee9fac7b91b733a552747f35bc962f7a81f5a12895030	paper/ssw_cuda/corpus_manifest.tsv;paper/ssw_cuda/corpus_receipt.json	ssw_cuda_differential_corpus_deterministic_fuzz
pair	ssw_cuda_corpus_case_v1	fuzz-compact-0007	ssw_cuda_corpus_case_v1	fuzz-compact-0007	fuzz-compact-0007:query	fuzz-compact-0007:reference	8b4847dd839fed8c58bc01031112f2fe3ac1e8c66d573923b2e39cbb8c782709	6b23c0d5f35d1b11f9b683f0b0a617355deb11277d91ae091d399c655b87940d	full	full	synthetic	synthetic_sequence_0_based_half_open	1b3c74e5507493e1df7e4c84f159e7b9e1ce6922c02ccd375b5c7b9a18aec721	paper/ssw_cuda/corpus_manifest.tsv;paper/ssw_cuda/corpus_receipt.json	ssw_cuda_differential_corpus_deterministic_fuzz
pair	ssw_cuda_corpus_case_v1	fuzz-compact-0008	ssw_cuda_corpus_case_v1	fuzz-compact-0008	fuzz-compact-0008:query	fuzz-compact-0008:reference	51783bb999d0370a0346540df5811d5627abdde06e3100d476d1ad53a5a72c13	8a2689047cd2ab57f4fbf8b6e217d00c5b982c665e17ad2ed8977d09663b85c6	full	full	synthetic	synthetic_sequence_0_based_half_open	07ca290fb111027572e9f27c509f51c214e7303ed09ee978b10e187e65f6a165	paper/ssw_cuda/corpus_manifest.tsv;paper/ssw_cuda/corpus_receipt.json	ssw_cuda_differential_corpus_deterministic_fuzz
pair	ssw_cuda_corpus_case_v1	fuzz-compact-0009	ssw_cuda_corpus_case_v1	fuzz-compact-0009	fuzz-compact-0009:query	fuzz-compact-0009:reference	a2866397ec66e989f574778cd180b3c50bbd1354b6483826da84a91a4fbd6bdc	d85461a0d9191f96216dbe1f3845ded9a97be6889891bd92fe40132df6c9815a	full	full	synthetic	synthetic_sequence_0_based_half_open	4cad424a2462bb7e68639a1a706ee4fd9aa6de9afa2f650d53281707b5557437	paper/ssw_cuda/corpus_manifest.tsv;paper/ssw_cuda/corpus_receipt.json	ssw_cuda_differential_corpus_deterministic_fuzz
pair	ssw_cuda_corpus_case_v1	fuzz-compact-0010	ssw_cuda_corpus_case_v1	fuzz-compact-0010	fuzz-compact-0010:query	fuzz-compact-0010:reference	4cc737eefc689ee901c9253c69f83c0d3c216fab714329caea18bd0be452a97b	b7f20afb72b21e2ac31fcf9490e899cc5b981c7a9631b5e2ab1715e822c2c3f3	full	full	synthetic	synthetic_sequence_0_based_half_open	56b076c56690a2b6c110c36ac9d9c32f152e516e29cccd940a97e6359f6f4ab7	paper/ssw_cuda/corpus_manifest.tsv;paper/ssw_cuda/corpus_receipt.json	ssw_cuda_differential_corpus_deterministic_fuzz
pair	ssw_cuda_corpus_case_v1	fuzz-compact-0011	ssw_cuda_corpus_case_v1	fuzz-compact-0011	fuzz-compact-0011:query	fuzz-compact-0011:reference	dc98a19977a1abd04fe02ea23be40ed8c572fd58bd4fe6e9332efc2fb56ee1ff	5144a32d57935c9b1652feed42107664361098a41b7e8965fdc4f92bb7cae0f7	full	full	synthetic	synthetic_sequence_0_based_half_open	d03df1cdedb96473986ff4f7d2c9388fa5578fa4e39959ae858ae2cfe2087e3b	paper/ssw_cuda/corpus_manifest.tsv;paper/ssw_cuda/corpus_receipt.json	ssw_cuda_differential_corpus_deterministic_fuzz
pair	ssw_cuda_corpus_case_v1	fuzz-compact-0012	ssw_cuda_corpus_case_v1	fuzz-compact-0012	fuzz-compact-0012:query	fuzz-compact-0012:reference	0e77dea40411a836957d5db31b143f16d9617731a3ac8176606bfccae5f04ab8	8f22300ecb49ab7dc0e7513870071dc686a8f7a9d19e8386b45554ef4762780f	full	full	synthetic	synthetic_sequence_0_based_half_open	6c8151cbe5ca4ac08e3bfbf49ef5179cc62ef86c79a7d13a0ea5261cd670be18	paper/ssw_cuda/corpus_manifest.tsv;paper/ssw_cuda/corpus_receipt.json	ssw_cuda_differential_corpus_deterministic_fuzz
pair	ssw_cuda_corpus_case_v1	fuzz-compact-0013	ssw_cuda_corpus_case_v1	fuzz-compact-0013	fuzz-compact-0013:query	fuzz-compact-0013:reference	2ddfa499289c1b558ed2bd9814332b824bd733cb4c4b94b21c07757f6b09f692	87166a864ed2e47e169196fc036271f689ab3759f1fbf9e04c43ada1b083f61b	full	full	synthetic	synthetic_sequence_0_based_half_open	f16eb520b6a1c5cb9cf0473f054f5d154bf8c8e4520b211104592e156b570f22	paper/ssw_cuda/corpus_manifest.tsv;paper/ssw_cuda/corpus_receipt.json	ssw_cuda_differential_corpus_deterministic_fuzz
pair	ssw_cuda_corpus_case_v1	fuzz-compact-0014	ssw_cuda_corpus_case_v1	fuzz-compact-0014	fuzz-compact-0014:query	fuzz-compact-0014:reference	c49ea94b2c9f4a51a31491dc0d8791369b03ddbb082e2b17a26a39f3d003dd22	cd227829811b2203a3848c85c724ef556aa3728b63623a688bc83a1d6ec6d2d7	full	full	synthetic	synthetic_sequence_0_based_half_open	7b3dc7edd172a998a16aca1fd0363cef7b5886f179a07066b021d94e5ac1ea92	paper/ssw_cuda/corpus_manifest.tsv;paper/ssw_cuda/corpus_receipt.json	ssw_cuda_differential_corpus_deterministic_fuzz
pair	ssw_cuda_corpus_case_v1	fuzz-compact-0015	ssw_cuda_corpus_case_v1	fuzz-compact-0015	fuzz-compact-0015:query	fuzz-compact-0015:reference	27801789cafd537897882630abac399accf7daabfb6f82ec4f28f89b3ef2057d	13055cf286626b71aa61d053f37863f5b59a11a1884a4bad8ce3e1ae8bd3813b	full	full	synthetic	synthetic_sequence_0_based_half_open	522022fd8a3eac43b8e9dffbc28a173a5ca4cbf6684697377982dd05db908b55	paper/ssw_cuda/corpus_manifest.tsv;paper/ssw_cuda/corpus_receipt.json	ssw_cuda_differential_corpus_deterministic_fuzz
pair	ssw_cuda_corpus_case_v1	fuzz-compact-0016	ssw_cuda_corpus_case_v1	fuzz-compact-0016	fuzz-compact-0016:query	fuzz-compact-0016:reference	97a80eb1d64ccba06c0ec7fdfda4d9a8abb76e90ff585162f0533381ce50704b	ca2e8cc88730d062cb825fdef3043284ea3df3b92d3147ecf47c27594dba2939	full	full	synthetic	synthetic_sequence_0_based_half_open	48e127bd14661250084c5e1c3c4dc75ea910fa46921e2b0ca60dde09c318ce4c	paper/ssw_cuda/corpus_manifest.tsv;paper/ssw_cuda/corpus_receipt.json	ssw_cuda_differential_corpus_deterministic_fuzz
pair	ssw_cuda_corpus_case_v1	fuzz-compact-0017	ssw_cuda_corpus_case_v1	fuzz-compact-0017	fuzz-compact-0017:query	fuzz-compact-0017:reference	95068dc56a281118067522a3d15e7e54f0b4b7ee3cb82ed74ba8359899d310ba	024cdd4ece2617af7a150a63a9c3906f9a8fe70708805b211f9d72ad3d5e9900	full	full	synthetic	synthetic_sequence_0_based_half_open	8fac255ff34403c36fe6ce26dc7a4bdacbf296761a30c1953711511d7af9293c	paper/ssw_cuda/corpus_manifest.tsv;paper/ssw_cuda/corpus_receipt.json	ssw_cuda_differential_corpus_deterministic_fuzz
pair	ssw_cuda_corpus_case_v1	fuzz-compact-0018	ssw_cuda_corpus_case_v1	fuzz-compact-0018	fuzz-compact-0018:query	fuzz-compact-0018:reference	7ecaed2cda7055e8a20f0d7d6e8d44ff78f9dc78619b018a2fac0b1d84ba1efe	8932e94526bf70e7121dc65ca4bfe0c12dc421d8d07b62e86a49e2af1b4c6620	full	full	synthetic	synthetic_sequence_0_based_half_open	384684a5054354c3fb8b2475dfe25fe611a3131d3c53a0011a65bdf13f578e7d	paper/ssw_cuda/corpus_manifest.tsv;paper/ssw_cuda/corpus_receipt.json	ssw_cuda_differential_corpus_deterministic_fuzz
pair	ssw_cuda_corpus_case_v1	fuzz-compact-0019	ssw_cuda_corpus_case_v1	fuzz-compact-0019	fuzz-compact-0019:query	fuzz-compact-0019:reference	9f0570194d30714564f6f9a185b3e634652cc0a98cb8d9dee1d24e829d3467c3	97dba041becccbb246847227ace889d9d33e60a108e4a26e4622f5a133382c89	full	full	synthetic	synthetic_sequence_0_based_half_open	498356a66ef456c6d4536749a5b6f427c8b6bcaf8f7ac5071a4d286d2779e69f	paper/ssw_cuda/corpus_manifest.tsv;paper/ssw_cuda/corpus_receipt.json	ssw_cuda_differential_corpus_deterministic_fuzz
pair	ssw_cuda_corpus_case_v1	fuzz-compact-0020	ssw_cuda_corpus_case_v1	fuzz-compact-0020	fuzz-compact-0020:query	fuzz-compact-0020:reference	5596570fd604f819d1d69537f155c8623e0d8170030674a55f95c9435f3cfbf9	5c35ac95cf1f7c5e3010d2af4ce2448b11c91f7142bc92601896883e31be2b98	full	full	synthetic	synthetic_sequence_0_based_half_open	d46a55545799407c1cac075afa8b2c42ed6d776468a750ec98ded3822d2bd1cd	paper/ssw_cuda/corpus_manifest.tsv;paper/ssw_cuda/corpus_receipt.json	ssw_cuda_differential_corpus_deterministic_fuzz
pair	ssw_cuda_corpus_case_v1	fuzz-compact-0021	ssw_cuda_corpus_case_v1	fuzz-compact-0021	fuzz-compact-0021:query	fuzz-compact-0021:reference	386cc9b364fa2dded897a8d769e38b0ed84996d30f0286041436ebcfa2e4b172	954a4cf6ddae446618076aa82abad52d32bf2475c015b652b71f2903c972213e	full	full	synthetic	synthetic_sequence_0_based_half_open	39551f206acec39b5aae81a852ddad00f9a46c95803623d03d3c64d88679945e	paper/ssw_cuda/corpus_manifest.tsv;paper/ssw_cuda/corpus_receipt.json	ssw_cuda_differential_corpus_deterministic_fuzz
pair	ssw_cuda_corpus_case_v1	fuzz-compact-0022	ssw_cuda_corpus_case_v1	fuzz-compact-0022	fuzz-compact-0022:query	fuzz-compact-0022:reference	dce10a6e1a02401eed4e2b09cb292bd850c3157df24144d62725530742cfea59	6a989ca9df18443812da5b3a6bd917f2e40434da07c10f9c0811b6a8aae069b7	full	full	synthetic	synthetic_sequence_0_based_half_open	6c86ba89efca52340c88a0b053cbb641fa82b3b5adfbeb6816c09645277c2b4d	paper/ssw_cuda/corpus_manifest.tsv;paper/ssw_cuda/corpus_receipt.json	ssw_cuda_differential_corpus_deterministic_fuzz
pair	ssw_cuda_corpus_case_v1	fuzz-compact-0023	ssw_cuda_corpus_case_v1	fuzz-compact-0023	fuzz-compact-0023:query	fuzz-compact-0023:reference	fb4af592e1e9fd3682d7039239ddbf3e90a05cafa84ab48bb8bdf217c485ea2c	c33d9c91172bc898a123c7089e22fdf7166274cc64d05c20dd811f5d13102702	full	full	synthetic	synthetic_sequence_0_based_half_open	5f566af61be03e25441d30a95eb9a4dc9f240ad84c8bb2af9004e88587120416	paper/ssw_cuda/corpus_manifest.tsv;paper/ssw_cuda/corpus_receipt.json	ssw_cuda_differential_corpus_deterministic_fuzz
pair	ssw_cuda_corpus_case_v1	fuzz-compact-0024	ssw_cuda_corpus_case_v1	fuzz-compact-0024	fuzz-compact-0024:query	fuzz-compact-0024:reference	b5a4e4259bd30cc6172c6ed084558cc4eec7294ca8193b1ccae644769e4ddea0	3375c39a324ca03c5c80e7430e96dcad9ca89095cae889021ef66140b8aa1c36	full	full	synthetic	synthetic_sequence_0_based_half_open	54bf064a625e12cc83c1101bdf064ee34d0f8d1accbc2eb87d9c6c9a8537df10	paper/ssw_cuda/corpus_manifest.tsv;paper/ssw_cuda/corpus_receipt.json	ssw_cuda_differential_corpus_deterministic_fuzz
pair	ssw_cuda_corpus_case_v1	fuzz-compact-0025	ssw_cuda_corpus_case_v1	fuzz-compact-0025	fuzz-compact-0025:query	fuzz-compact-0025:reference	e0c627df0baa0b885c2106bfbec533c15daaff641d3003b460f88b60cf560972	04e7bf08b395c57ebab09c09fd98e851c137ee6bb4cae9b5092e2e11acbec553	full	full	synthetic	synthetic_sequence_0_based_half_open	851adfa4cea5e1a748a204f18b74833f33b6b96f1ff0b80e4ad383e76b7b0b7f	paper/ssw_cuda/corpus_manifest.tsv;paper/ssw_cuda/corpus_receipt.json	ssw_cuda_differential_corpus_deterministic_fuzz
pair	ssw_cuda_corpus_case_v1	fuzz-compact-0026	ssw_cuda_corpus_case_v1	fuzz-compact-0026	fuzz-compact-0026:query	fuzz-compact-0026:reference	2302a58e6db07e0f03f64348b1bc95cb25618f3ce113c32f31300bfb5f39cb75	e2e69b356490dfc93b24b0e3a82c9dc5c3fafaf86d55e8b1ecdd8fc39968fbde	full	full	synthetic	synthetic_sequence_0_based_half_open	371b240b2a58b3a27c9dd6d9811bc69de3a19f87856764a8055d1416f9958b34	paper/ssw_cuda/corpus_manifest.tsv;paper/ssw_cuda/corpus_receipt.json	ssw_cuda_differential_corpus_deterministic_fuzz
pair	ssw_cuda_corpus_case_v1	fuzz-compact-0027	ssw_cuda_corpus_case_v1	fuzz-compact-0027	fuzz-compact-0027:query	fuzz-compact-0027:reference	469485de9ae72edf87889331e814370b8752229015e5bfd5d86a6dc828f58aaf	1f50cc704b548c249d8315ade99d23f82a1e14b013c0a8692920772a7f9c9fd6	full	full	synthetic	synthetic_sequence_0_based_half_open	d411f804e56438cbc9323f576d72496d559ba9913f1565d064ceba4870773184	paper/ssw_cuda/corpus_manifest.tsv;paper/ssw_cuda/corpus_receipt.json	ssw_cuda_differential_corpus_deterministic_fuzz
pair	ssw_cuda_corpus_case_v1	fuzz-compact-0028	ssw_cuda_corpus_case_v1	fuzz-compact-0028	fuzz-compact-0028:query	fuzz-compact-0028:reference	7b303a595101ad5e6e5d3a115bb82a2beccc39513bb17f32e035d2e1161a7b55	50a7bb2ec4b13a36e93672f8eb6268891f1a89367c83c062f3979af76531f6b5	full	full	synthetic	synthetic_sequence_0_based_half_open	98b23bca0fdd0208092822a98e5a035d06818f8056214c9b377cbaef61eed69c	paper/ssw_cuda/corpus_manifest.tsv;paper/ssw_cuda/corpus_receipt.json	ssw_cuda_differential_corpus_deterministic_fuzz
pair	ssw_cuda_corpus_case_v1	fuzz-compact-0029	ssw_cuda_corpus_case_v1	fuzz-compact-0029	fuzz-compact-0029:query	fuzz-compact-0029:reference	8cdc31f95c014b62d6743e7efe094e45b1de54e39ac16452fcd4b7bb4949d118	6a7365966a94b7ea5e0018565998960ccc1ae45cf629d65915a175e6e54626f1	full	full	synthetic	synthetic_sequence_0_based_half_open	e2979f6aa072d175ff14c9bb673a38c10d48a672dc769e57f744007214b82e7f	paper/ssw_cuda/corpus_manifest.tsv;paper/ssw_cuda/corpus_receipt.json	ssw_cuda_differential_corpus_deterministic_fuzz
pair	ssw_cuda_corpus_case_v1	fuzz-compact-0030	ssw_cuda_corpus_case_v1	fuzz-compact-0030	fuzz-compact-0030:query	fuzz-compact-0030:reference	d62248aad97838bba04a1dedbede6ac43a262afaf5e64565f257b386b2089350	c309e7a328d3f7415af366ede1f93e670f938dc93a864e5f3740cce96d374ad7	full	full	synthetic	synthetic_sequence_0_based_half_open	8536f73489c66b8b8c43ff10183a637a0f06e4490ec99b49789c590d5f275289	paper/ssw_cuda/corpus_manifest.tsv;paper/ssw_cuda/corpus_receipt.json	ssw_cuda_differential_corpus_deterministic_fuzz
pair	ssw_cuda_corpus_case_v1	fuzz-compact-0031	ssw_cuda_corpus_case_v1	fuzz-compact-0031	fuzz-compact-0031:query	fuzz-compact-0031:reference	0be0db85ce2a18213381f99ae692d945e04a95b6041eea9ad6c68613927c5e74	c2cd8128381dadcf1aee3d60e2ebf110104c747f32038d2224a26bb47dffa640	full	full	synthetic	synthetic_sequence_0_based_half_open	19dc6d2f090fbae0f1b59c663a513c6d032c2e773c19c975bc9b70916faf5010	paper/ssw_cuda/corpus_manifest.tsv;paper/ssw_cuda/corpus_receipt.json	ssw_cuda_differential_corpus_deterministic_fuzz
pair	ssw_cuda_corpus_case_v1	fuzz-compact-0032	ssw_cuda_corpus_case_v1	fuzz-compact-0032	fuzz-compact-0032:query	fuzz-compact-0032:reference	f5076e982f845a1561e8c28d8d332aaeb0dfab6d39420f845dfdb8e4ef2a69c1	29520ac28e8af0211b05dda677290a7852eb286c084cfbee4f768a67df7e978d	full	full	synthetic	synthetic_sequence_0_based_half_open	8e47f214545c760a73a63329ae8d825d7f79c5531c2ab8c1c3816b434d8b73c0	paper/ssw_cuda/corpus_manifest.tsv;paper/ssw_cuda/corpus_receipt.json	ssw_cuda_differential_corpus_deterministic_fuzz
pair	ssw_cuda_corpus_case_v1	fuzz-compact-0033	ssw_cuda_corpus_case_v1	fuzz-compact-0033	fuzz-compact-0033:query	fuzz-compact-0033:reference	9f81ed04bfd008f5b7fc8278ae5979b97b12ae145b6692b8f9902ac1cd0b2455	648116fa1637661a2b6663408d40951f73d2b0d2d4a778925ef4ad3ed95ba1e1	full	full	synthetic	synthetic_sequence_0_based_half_open	0bc0bb6cfdc27b4d05bdc91fcc07534dcec82723aa5cd7649f03aeaf838f0cac	paper/ssw_cuda/corpus_manifest.tsv;paper/ssw_cuda/corpus_receipt.json	ssw_cuda_differential_corpus_deterministic_fuzz
pair	ssw_cuda_corpus_case_v1	fuzz-compact-0034	ssw_cuda_corpus_case_v1	fuzz-compact-0034	fuzz-compact-0034:query	fuzz-compact-0034:reference	ea0a35bb0083d7bf9dfa07bac6c21eba6492fb8685551e6d7bff251f9ded106c	97895029c0fb9b893d775326570f4ad0e814486ddece6421fd8c7aeff5ded242	full	full	synthetic	synthetic_sequence_0_based_half_open	adcd2f915dd5d2f53cbc2faf7206cd9c21564133567543dc0175d04f6bb3899d	paper/ssw_cuda/corpus_manifest.tsv;paper/ssw_cuda/corpus_receipt.json	ssw_cuda_differential_corpus_deterministic_fuzz
pair	ssw_cuda_corpus_case_v1	fuzz-compact-0035	ssw_cuda_corpus_case_v1	fuzz-compact-0035	fuzz-compact-0035:query	fuzz-compact-0035:reference	dd62d9a90d428e6d185865e7607e67a1d680e6a4c51639cc08f439d40251667a	cd4bba74e0b30af86e8e9e6417125e1a1fd243317c1b6d1d8d26fda4d94cac9a	full	full	synthetic	synthetic_sequence_0_based_half_open	547e2d6089ee1564e0d042980755154473bb80ebd6cd81fae8da5a440f4ffb42	paper/ssw_cuda/corpus_manifest.tsv;paper/ssw_cuda/corpus_receipt.json	ssw_cuda_differential_corpus_deterministic_fuzz
pair	ssw_cuda_corpus_case_v1	fuzz-compact-0036	ssw_cuda_corpus_case_v1	fuzz-compact-0036	fuzz-compact-0036:query	fuzz-compact-0036:reference	07087e51181974521ed51dd6fa914948133e560a439dde0179f2411f94b1a4dc	49f5ce714155c8e502cc0494cfd197ec554d76b897c32c0b52023d8cc529cef7	full	full	synthetic	synthetic_sequence_0_based_half_open	daf89179b0e0a88b335490fbe31e37dc20dccf8b9985c9dcb4cc4dbcabbe80da	paper/ssw_cuda/corpus_manifest.tsv;paper/ssw_cuda/corpus_receipt.json	ssw_cuda_differential_corpus_deterministic_fuzz
pair	ssw_cuda_corpus_case_v1	fuzz-compact-0037	ssw_cuda_corpus_case_v1	fuzz-compact-0037	fuzz-compact-0037:query	fuzz-compact-0037:reference	9cfdf47a0f5233fcfcba49a2db35786d79e3136a0570932d603d2cfff7609c78	1d19eb3a8eacd8b5e07393341896bc2ad536fde39f79c3632882e5fccefb0b7e	full	full	synthetic	synthetic_sequence_0_based_half_open	8bc92023cd090eb099d0e3b17a2e735ee7718378dc3673d6469b99f6fd1e37d3	paper/ssw_cuda/corpus_manifest.tsv;paper/ssw_cuda/corpus_receipt.json	ssw_cuda_differential_corpus_deterministic_fuzz
pair	ssw_cuda_corpus_case_v1	fuzz-compact-0038	ssw_cuda_corpus_case_v1	fuzz-compact-0038	fuzz-compact-0038:query	fuzz-compact-0038:reference	3e5cd9d95f174b225c733f4ab4e824ee15333dd8be52e16fa4c093c85788fdfd	4705d20b7333a9ecc3188ff76e7796263553e8b613a6a12c0f8ad983eaa52032	full	full	synthetic	synthetic_sequence_0_based_half_open	6051503676956414b2a9a9061503aab36f878a942f271dd913170ab8ba6725c6	paper/ssw_cuda/corpus_manifest.tsv;paper/ssw_cuda/corpus_receipt.json	ssw_cuda_differential_corpus_deterministic_fuzz
pair	ssw_cuda_corpus_case_v1	fuzz-compact-0039	ssw_cuda_corpus_case_v1	fuzz-compact-0039	fuzz-compact-0039:query	fuzz-compact-0039:reference	0d7104ac41dcf315dea9b8451f5bef834c3dca3f3f71baabd571e0154bc4a545	235840a705f8cbf241ccd43287cef7b0a984496218ec50fc72a8a5331e0c365b	full	full	synthetic	synthetic_sequence_0_based_half_open	7e1a1e4ac1b74903ac5fc60cf1c0ac0586e024b41335bb2341965c97ceaf5e57	paper/ssw_cuda/corpus_manifest.tsv;paper/ssw_cuda/corpus_receipt.json	ssw_cuda_differential_corpus_deterministic_fuzz
pair	ssw_cuda_corpus_case_v1	fuzz-compact-0040	ssw_cuda_corpus_case_v1	fuzz-compact-0040	fuzz-compact-0040:query	fuzz-compact-0040:reference	9c7db8768e5ed707e8bd11b7dee046e04404170b77a1d044212e4d967f67d869	3ff0bc33d34ebdf5a0e54a2a52ae6610b0e68be26dfb4f5c16a3dff9f781a8a1	full	full	synthetic	synthetic_sequence_0_based_half_open	1aeb1dd95066e203b9c06d6594fe47fedf9290034ecbeae8834c958f8c872ebb	paper/ssw_cuda/corpus_manifest.tsv;paper/ssw_cuda/corpus_receipt.json	ssw_cuda_differential_corpus_deterministic_fuzz
pair	ssw_cuda_corpus_case_v1	fuzz-compact-0041	ssw_cuda_corpus_case_v1	fuzz-compact-0041	fuzz-compact-0041:query	fuzz-compact-0041:reference	5cdddafd11d285d5f7525b31f226c86be384cfeb7b92cd2e797f184c7b5de4db	07056e48e2faa201fcfa998f3dae88f989bab52c47198731c9d63edca47d2ad4	full	full	synthetic	synthetic_sequence_0_based_half_open	8cb48adb7689610c9b36a3cf639909711f37bf0c203dd34d75cce61a0046ce11	paper/ssw_cuda/corpus_manifest.tsv;paper/ssw_cuda/corpus_receipt.json	ssw_cuda_differential_corpus_deterministic_fuzz
pair	ssw_cuda_corpus_case_v1	fuzz-compact-0042	ssw_cuda_corpus_case_v1	fuzz-compact-0042	fuzz-compact-0042:query	fuzz-compact-0042:reference	6063a0228cf19b1f3a428b1fe2efd818c13d00e2f2db5a2bf978e6654019ea86	4a03285fd0da29a6a7b8ab39bf687ed4db26ff3fd3355fe6f16c65fb65466cfe	full	full	synthetic	synthetic_sequence_0_based_half_open	0f96b60e487facd2c4600e0297c732581e257e0968cb906892c477906f3e7911	paper/ssw_cuda/corpus_manifest.tsv;paper/ssw_cuda/corpus_receipt.json	ssw_cuda_differential_corpus_deterministic_fuzz
pair	ssw_cuda_corpus_case_v1	fuzz-compact-0043	ssw_cuda_corpus_case_v1	fuzz-compact-0043	fuzz-compact-0043:query	fuzz-compact-0043:reference	9379201178a189282cb3f8eb1d142bcb9e332088501ec64b10d0d74db8e70e74	d48001d61868bcc1b74c2f73fc21c6bc8e9db7f93fa055ad42287357adc4be3e	full	full	synthetic	synthetic_sequence_0_based_half_open	ada81d70d2b1314c127a520a416334bdb0e804ce9fe55bdff8a75dc06aa78a01	paper/ssw_cuda/corpus_manifest.tsv;paper/ssw_cuda/corpus_receipt.json	ssw_cuda_differential_corpus_deterministic_fuzz
pair	ssw_cuda_corpus_case_v1	fuzz-compact-0044	ssw_cuda_corpus_case_v1	fuzz-compact-0044	fuzz-compact-0044:query	fuzz-compact-0044:reference	e9a6da9c283d33bedda9729e81181c74b0bfa43f9f0944c98030c4c636cb80a3	a44f34c7c47de8d90931d1d5ca709cfacb1335fe81d6e0fdc5928114c48d7b80	full	full	synthetic	synthetic_sequence_0_based_half_open	889097ae4bf00f756ab6b8a0e6be43b76d8f2e63106656260b3705ab81cd9d7d	paper/ssw_cuda/corpus_manifest.tsv;paper/ssw_cuda/corpus_receipt.json	ssw_cuda_differential_corpus_deterministic_fuzz
pair	ssw_cuda_corpus_case_v1	fuzz-compact-0045	ssw_cuda_corpus_case_v1	fuzz-compact-0045	fuzz-compact-0045:query	fuzz-compact-0045:reference	84e28b09df7148cf844a1a20a61972099facd3bb98ab2b61021b489d8ac79330	619214a9e39531e0b723b9359bcbef394e681b20416729bd7408067d7abc5021	full	full	synthetic	synthetic_sequence_0_based_half_open	d306ec01804dd4ab901872ace97790e78bf2dbd2bf43a95492e2e8cbb81758aa	paper/ssw_cuda/corpus_manifest.tsv;paper/ssw_cuda/corpus_receipt.json	ssw_cuda_differential_corpus_deterministic_fuzz
pair	ssw_cuda_corpus_case_v1	fuzz-compact-0046	ssw_cuda_corpus_case_v1	fuzz-compact-0046	fuzz-compact-0046:query	fuzz-compact-0046:reference	029dd5c1ce6d9941b9240e6732c93f6dbc2f0d127ce60c789731fd4774fb7e67	26fc06fb2e53493f356d1f865a95271fe70c9aca9bad03ca47faed9a2b264946	full	full	synthetic	synthetic_sequence_0_based_half_open	840ca99449dc7a10aef045ac5ce110bd911c499fd724afc287a3e089911fabbb	paper/ssw_cuda/corpus_manifest.tsv;paper/ssw_cuda/corpus_receipt.json	ssw_cuda_differential_corpus_deterministic_fuzz
pair	ssw_cuda_corpus_case_v1	fuzz-compact-0047	ssw_cuda_corpus_case_v1	fuzz-compact-0047	fuzz-compact-0047:query	fuzz-compact-0047:reference	71dd9ac58f6788d640bde66ec911622396a486259f4f96b9882ceeac3aedf49d	3e8ba9705a803b0b2bc1b8aa99efc1b69ccccb3a442032ff77d55aef83e9490b	full	full	synthetic	synthetic_sequence_0_based_half_open	519bbbe7c3a6c34519e2e8180d3dbd1b6fc3fc24e175afb5c1cd73cb57b213df	paper/ssw_cuda/corpus_manifest.tsv;paper/ssw_cuda/corpus_receipt.json	ssw_cuda_differential_corpus_deterministic_fuzz
pair	ssw_cuda_corpus_case_v1	fuzz-compact-0048	ssw_cuda_corpus_case_v1	fuzz-compact-0048	fuzz-compact-0048:query	fuzz-compact-0048:reference	052e75a6a5b4ada769cfedb5d9bbcad4f0ca4f4270798340615158db2e9cb935	b423d80814bfd744055f2ab33f01b7d9a704aa8627cd73a2e159fea31f7f2db9	full	full	synthetic	synthetic_sequence_0_based_half_open	42d474bc0e75083dbc59fd12b35fc147891e9a343717a46a2f5314c487d0ec91	paper/ssw_cuda/corpus_manifest.tsv;paper/ssw_cuda/corpus_receipt.json	ssw_cuda_differential_corpus_deterministic_fuzz
pair	ssw_cuda_corpus_case_v1	fuzz-compact-0049	ssw_cuda_corpus_case_v1	fuzz-compact-0049	fuzz-compact-0049:query	fuzz-compact-0049:reference	cf3b346c36d10912fd5d8bd48b88b38a869d8a37bead8ebf1a5d83a6e7e78943	0655276c9ef19eec796e0ecac5c5255a1b4871a474abe789de60ee98aae6eadc	full	full	synthetic	synthetic_sequence_0_based_half_open	4c3319dc94309be65cd0d3322ec1124174ba7c09aaf2f0a3b13797727049b9e1	paper/ssw_cuda/corpus_manifest.tsv;paper/ssw_cuda/corpus_receipt.json	ssw_cuda_differential_corpus_deterministic_fuzz
pair	ssw_cuda_corpus_case_v1	fuzz-compact-0050	ssw_cuda_corpus_case_v1	fuzz-compact-0050	fuzz-compact-0050:query	fuzz-compact-0050:reference	8b313646986f45af168d4fc9c8d0fb2924c8a05722d6283c920e66f684e34c70	0c9f3a7f2a3d2afd5882bb532f17168e747c141882d9119ac752702b9131e080	full	full	synthetic	synthetic_sequence_0_based_half_open	f436f5d8985833eebeb0c4e790b1e751228c37e27230084d9f8984b0e4948d18	paper/ssw_cuda/corpus_manifest.tsv;paper/ssw_cuda/corpus_receipt.json	ssw_cuda_differential_corpus_deterministic_fuzz
pair	ssw_cuda_corpus_case_v1	fuzz-compact-0051	ssw_cuda_corpus_case_v1	fuzz-compact-0051	fuzz-compact-0051:query	fuzz-compact-0051:reference	bee30e5b6d59c1bdf10100ef331706553fd3c4e6b0a342a092c6f6f733b8be36	58abcc84e5531d1c670f75d79e5d32b6d6d0b1a84a94880fd585cc86fbf7f25f	full	full	synthetic	synthetic_sequence_0_based_half_open	8b3cc0f8c392bb62eb15da36218e9c3558d28079e1e123f204dfefd3272f6934	paper/ssw_cuda/corpus_manifest.tsv;paper/ssw_cuda/corpus_receipt.json	ssw_cuda_differential_corpus_deterministic_fuzz
pair	ssw_cuda_corpus_case_v1	fuzz-compact-0052	ssw_cuda_corpus_case_v1	fuzz-compact-0052	fuzz-compact-0052:query	fuzz-compact-0052:reference	58bb119c35513a451d24dc20ef0e9031ec85b35bfc919d263e7e5d9868909cb5	8c6011e73e0eacc6d84acf4fe4a0ab02f785c54a2a83a6454486a9903aeefea7	full	full	synthetic	synthetic_sequence_0_based_half_open	53f9342ee99a1570726e2686cc6d731f4ff6adf049b5ee7007cf3d38d12ca5b0	paper/ssw_cuda/corpus_manifest.tsv;paper/ssw_cuda/corpus_receipt.json	ssw_cuda_differential_corpus_deterministic_fuzz
pair	ssw_cuda_corpus_case_v1	fuzz-compact-0053	ssw_cuda_corpus_case_v1	fuzz-compact-0053	fuzz-compact-0053:query	fuzz-compact-0053:reference	12cceb96704d4810baeef84ae26c82025f1d44f1a3e52be2b6661b880a28bd0d	3692250e829a389ee49522cc8b5e9675917979032e5bfcec4dce794c342b370f	full	full	synthetic	synthetic_sequence_0_based_half_open	e37b7a3c3670ee11bdf9c14b932ef57b7ec45392f524702be76658255c6a35c5	paper/ssw_cuda/corpus_manifest.tsv;paper/ssw_cuda/corpus_receipt.json	ssw_cuda_differential_corpus_deterministic_fuzz
pair	ssw_cuda_corpus_case_v1	fuzz-compact-0054	ssw_cuda_corpus_case_v1	fuzz-compact-0054	fuzz-compact-0054:query	fuzz-compact-0054:reference	62e1bdf89c0622bfe880011ece2cc67530657e3f586d8d523bc05a9fdf218c1e	8a4ae783b7c84ec3809cc3cd2b8d7040aa85a370c841849e73eb6562de583789	full	full	synthetic	synthetic_sequence_0_based_half_open	e7c79fa00beeb2fa1bdeecd0cf9d1d6b09ebafbb049abe7b1c12e79c9a23134e	paper/ssw_cuda/corpus_manifest.tsv;paper/ssw_cuda/corpus_receipt.json	ssw_cuda_differential_corpus_deterministic_fuzz
pair	ssw_cuda_corpus_case_v1	fuzz-compact-0055	ssw_cuda_corpus_case_v1	fuzz-compact-0055	fuzz-compact-0055:query	fuzz-compact-0055:reference	72e45b52fd79b39860af95096942358b3f45fcba30aabfbe8e5c28bf35c92c8e	0dce372b4b0b76ba91a047af175716def030a22cbdd0bb5274331cc19c83e64d	full	full	synthetic	synthetic_sequence_0_based_half_open	c7e1212dba5bf66946997af84d70b0009f6401eb334126cf2c27aadba8323cdb	paper/ssw_cuda/corpus_manifest.tsv;paper/ssw_cuda/corpus_receipt.json	ssw_cuda_differential_corpus_deterministic_fuzz
pair	ssw_cuda_corpus_case_v1	fuzz-compact-0056	ssw_cuda_corpus_case_v1	fuzz-compact-0056	fuzz-compact-0056:query	fuzz-compact-0056:reference	cccafd1b80b9aeca41d61323c82d38bfbde42c381fb6edbfd8503a4e7ca98e93	174652f2974775a6f9d6808da86509be05c995ae77da4a7bc3a0cd9c64cc0be5	full	full	synthetic	synthetic_sequence_0_based_half_open	b88813a0430141f063ab9b419220a801dc1711c0fa46adf452e1bad271c9b337	paper/ssw_cuda/corpus_manifest.tsv;paper/ssw_cuda/corpus_receipt.json	ssw_cuda_differential_corpus_deterministic_fuzz
pair	ssw_cuda_corpus_case_v1	fuzz-compact-0057	ssw_cuda_corpus_case_v1	fuzz-compact-0057	fuzz-compact-0057:query	fuzz-compact-0057:reference	b99f556b85a16f5f937a4af4cd3562a22ee5c9886d299c76dcc9d6cd686a0318	8f12ec4b53254a63462a1e9d4fb98e4a592355b2da801f6fa16b1c17656698fe	full	full	synthetic	synthetic_sequence_0_based_half_open	195707af91a89f7aa25054bb911d7ae44828b3a1ac1bea68fbe9919557ee9207	paper/ssw_cuda/corpus_manifest.tsv;paper/ssw_cuda/corpus_receipt.json	ssw_cuda_differential_corpus_deterministic_fuzz
pair	ssw_cuda_corpus_case_v1	fuzz-compact-0058	ssw_cuda_corpus_case_v1	fuzz-compact-0058	fuzz-compact-0058:query	fuzz-compact-0058:reference	d1df77f8cd7c40a830cf6cdb9aac18f55dd2b0ba7bfcf1a76f5ac4545288e443	a065b22c6708343ff4d3756f0141815bce355d859eff640336b1a9fe6e8f888d	full	full	synthetic	synthetic_sequence_0_based_half_open	e28087361cc341b13350611c11bec8389e6837e18164e625be04185767859f71	paper/ssw_cuda/corpus_manifest.tsv;paper/ssw_cuda/corpus_receipt.json	ssw_cuda_differential_corpus_deterministic_fuzz
pair	ssw_cuda_corpus_case_v1	fuzz-compact-0059	ssw_cuda_corpus_case_v1	fuzz-compact-0059	fuzz-compact-0059:query	fuzz-compact-0059:reference	51bbf9d7ba98d1e9d2d6de805b3739168284b4f2e1ee91625ea987328fedc89e	c0792cd43964b8477f212292fc0ab4d58c2bd42e09cbabd037d42022ad933601	full	full	synthetic	synthetic_sequence_0_based_half_open	76ccc252fa7e3217fb20a7e7dfbf582a72aab64ffbcaff6fec55742701c803d6	paper/ssw_cuda/corpus_manifest.tsv;paper/ssw_cuda/corpus_receipt.json	ssw_cuda_differential_corpus_deterministic_fuzz
pair	ssw_cuda_corpus_case_v1	fuzz-compact-0060	ssw_cuda_corpus_case_v1	fuzz-compact-0060	fuzz-compact-0060:query	fuzz-compact-0060:reference	e26613ab1a2fe775d6ba3b7ab1c6ee81f4a48d2581027d21f9e4af29a5b1ccfb	52a0d8ad680e3129d62d8f5f59bc5ce559a942679ab6b02eb4f6ae0332affb40	full	full	synthetic	synthetic_sequence_0_based_half_open	863a76e19159924cde4503fbf82167c7d52c27a7f1e26c0746ae29846410b501	paper/ssw_cuda/corpus_manifest.tsv;paper/ssw_cuda/corpus_receipt.json	ssw_cuda_differential_corpus_deterministic_fuzz
pair	ssw_cuda_corpus_case_v1	fuzz-compact-0061	ssw_cuda_corpus_case_v1	fuzz-compact-0061	fuzz-compact-0061:query	fuzz-compact-0061:reference	08687aa94677904cdfceae648fa8628aca18e2a918c4be4d6bbcd1ba91bafb4b	7c17a1e20c72bd05c447f0f245902e3d3b5053d10f4233d63d53990ac5be3d7b	full	full	synthetic	synthetic_sequence_0_based_half_open	c5e2eb1f628c60e4a161539d694cffb0bab744e41b67f5bac8fdbde75ebb8955	paper/ssw_cuda/corpus_manifest.tsv;paper/ssw_cuda/corpus_receipt.json	ssw_cuda_differential_corpus_deterministic_fuzz
pair	ssw_cuda_corpus_case_v1	fuzz-compact-0062	ssw_cuda_corpus_case_v1	fuzz-compact-0062	fuzz-compact-0062:query	fuzz-compact-0062:reference	e36b7c4d01b7b5767c50ba56a2cec5c57d099cb4bda39175de53da91a779981c	166ff3b14bf18a9632342206b36fc29ab965c99c46f99e26d4b5f5d5d1da78eb	full	full	synthetic	synthetic_sequence_0_based_half_open	49d4ea8e586ef045e5ba52a7110e78e271374723934032af4856a5a14cc1ee5c	paper/ssw_cuda/corpus_manifest.tsv;paper/ssw_cuda/corpus_receipt.json	ssw_cuda_differential_corpus_deterministic_fuzz
pair	ssw_cuda_corpus_case_v1	fuzz-compact-0063	ssw_cuda_corpus_case_v1	fuzz-compact-0063	fuzz-compact-0063:query	fuzz-compact-0063:reference	a56362a10c816abf206d72cb914e2d5ca454eb9c7e744f88b1a1422c379e9942	184d7cfa1ab97459edf5f69e39b6ad4f10a2ef9e5c98d0e65a88ee3b055f72fc	full	full	synthetic	synthetic_sequence_0_based_half_open	75084dd7fe9fe7d60323f6cdf79ab50ed53a4a7ee506caa64a62466ca3d5547e	paper/ssw_cuda/corpus_manifest.tsv;paper/ssw_cuda/corpus_receipt.json	ssw_cuda_differential_corpus_deterministic_fuzz
pair	ssw_cuda_corpus_case_v1	fuzz-compact-0064	ssw_cuda_corpus_case_v1	fuzz-compact-0064	fuzz-compact-0064:query	fuzz-compact-0064:reference	c39f5321e5dab4657fff181b6a5b7de91b519ba79a9031abc7ccbead2b1cfd34	5eab912c84fbe8529e21d44272677d2c1c7780d0f3e4f3841ad6083cf83274ab	full	full	synthetic	synthetic_sequence_0_based_half_open	cca7783dc1d0b76da3e1eff7cdaa5775a2b532d398ab9bdb770b446951affcec	paper/ssw_cuda/corpus_manifest.tsv;paper/ssw_cuda/corpus_receipt.json	ssw_cuda_differential_corpus_deterministic_fuzz
pair	ssw_cuda_corpus_case_v1	fuzz-compact-0065	ssw_cuda_corpus_case_v1	fuzz-compact-0065	fuzz-compact-0065:query	fuzz-compact-0065:reference	d03b2a00f0d3063036d00356a7edb70666f48e7099596ac24e8ff2d90aa7b1f7	35a5fbd9a586329dd0a5ebe832cf0788304d3b69a47085e0a87aa4eeb599081e	full	full	synthetic	synthetic_sequence_0_based_half_open	6c5b461936975ed1cf8c3aafa3b3a44fd8da97d0f448ca60c20c997105fa6e16	paper/ssw_cuda/corpus_manifest.tsv;paper/ssw_cuda/corpus_receipt.json	ssw_cuda_differential_corpus_deterministic_fuzz
pair	ssw_cuda_corpus_case_v1	fuzz-compact-0066	ssw_cuda_corpus_case_v1	fuzz-compact-0066	fuzz-compact-0066:query	fuzz-compact-0066:reference	c08134aba1e55e8e738d7f8485c6ff2e789eb9a44903d3495dd21c68e4c81ed4	10dd0f658ba90edcd8d0679b9f82cbe96f0513f3c42f11c0753ce0eab6b6a829	full	full	synthetic	synthetic_sequence_0_based_half_open	c8994c37eb4383c1809aa6e90dbf58ed1f17c16e7cfb0d821f9dfe7ac99d2955	paper/ssw_cuda/corpus_manifest.tsv;paper/ssw_cuda/corpus_receipt.json	ssw_cuda_differential_corpus_deterministic_fuzz
pair	ssw_cuda_corpus_case_v1	fuzz-compact-0067	ssw_cuda_corpus_case_v1	fuzz-compact-0067	fuzz-compact-0067:query	fuzz-compact-0067:reference	7fde96467e57fd2c374c152a7d13c3e0bec5a23036777e44b851f79aac0c7c73	7cc333371fc155b5fb5dd0277a478ab9d9485428ac04a451f9b44a835824e069	full	full	synthetic	synthetic_sequence_0_based_half_open	e6e2025d85aeb4c51da42b6ca5e930c2892380b19b03dfd96d574e808b374bac	paper/ssw_cuda/corpus_manifest.tsv;paper/ssw_cuda/corpus_receipt.json	ssw_cuda_differential_corpus_deterministic_fuzz
pair	ssw_cuda_corpus_case_v1	fuzz-compact-0068	ssw_cuda_corpus_case_v1	fuzz-compact-0068	fuzz-compact-0068:query	fuzz-compact-0068:reference	dd12f1b71ec3a1ea5d08a56d6ee99c0a0743e06725df6529cb5f47869783f22e	1b302b545416ad5c660e3f8d0a99dd76c4b1a9d7bf9f537a873ad82efbd3b945	full	full	synthetic	synthetic_sequence_0_based_half_open	7909aa15ee54c2547899f1e25f76879ea66f23c93441d8b279cc1291df4ecab9	paper/ssw_cuda/corpus_manifest.tsv;paper/ssw_cuda/corpus_receipt.json	ssw_cuda_differential_corpus_deterministic_fuzz
pair	ssw_cuda_corpus_case_v1	fuzz-compact-0069	ssw_cuda_corpus_case_v1	fuzz-compact-0069	fuzz-compact-0069:query	fuzz-compact-0069:reference	66ffc2c637e2bd9d6b5245115cf9e8c61339fbda4deac9c8aceec7e1e71e27f3	05c150cdee3b1f3ad0078ce00441425854047a92c8a4d167d74407ad20a02158	full	full	synthetic	synthetic_sequence_0_based_half_open	a9ed92b4ce5e5ae3ced9b685e55c8f7e970f130ec57361ad719b99416191c6db	paper/ssw_cuda/corpus_manifest.tsv;paper/ssw_cuda/corpus_receipt.json	ssw_cuda_differential_corpus_deterministic_fuzz
pair	ssw_cuda_corpus_case_v1	fuzz-compact-0070	ssw_cuda_corpus_case_v1	fuzz-compact-0070	fuzz-compact-0070:query	fuzz-compact-0070:reference	73c8aa4fa34f1adc25e5638eff6dd700ad41c2fdb2ae0ab3e98661bbfd06dc55	21a1c0f7d476c37916b0e4b745f28e7e905bea03606a1c40c2529f4b0c02a593	full	full	synthetic	synthetic_sequence_0_based_half_open	40cd26f7a7758f3bc38ddb21a12195491107ea576314aab673cc72382ad488b8	paper/ssw_cuda/corpus_manifest.tsv;paper/ssw_cuda/corpus_receipt.json	ssw_cuda_differential_corpus_deterministic_fuzz
pair	ssw_cuda_corpus_case_v1	fuzz-compact-0071	ssw_cuda_corpus_case_v1	fuzz-compact-0071	fuzz-compact-0071:query	fuzz-compact-0071:reference	73e5f84362481337e01296071ed16696e9a89b068f12dae05f213a6676123cc0	2d62b5abe501a88eafd9a64ee803197c22dd7d3f6794fc6e128dd40faaaf2ec1	full	full	synthetic	synthetic_sequence_0_based_half_open	1fafb2f1fccab301997ef105682a84248e9d70a9a82593af7cf77180a3e0c109	paper/ssw_cuda/corpus_manifest.tsv;paper/ssw_cuda/corpus_receipt.json	ssw_cuda_differential_corpus_deterministic_fuzz
pair	ssw_cuda_corpus_case_v1	fuzz-compact-0072	ssw_cuda_corpus_case_v1	fuzz-compact-0072	fuzz-compact-0072:query	fuzz-compact-0072:reference	3c63e19e399e1bd93b74d1798d0b37779af54c1c78ff6a875d192fd118f77b29	43434d1d942f2207c5d2ecda02291ad9944853cd5894e42b6f36779a9d60bd9c	full	full	synthetic	synthetic_sequence_0_based_half_open	042f5796de9ca7b55d310f8c13d211c5ce2c5d8cc5478b69dc4b4ce0c132046e	paper/ssw_cuda/corpus_manifest.tsv;paper/ssw_cuda/corpus_receipt.json	ssw_cuda_differential_corpus_deterministic_fuzz
pair	ssw_cuda_corpus_case_v1	fuzz-compact-0073	ssw_cuda_corpus_case_v1	fuzz-compact-0073	fuzz-compact-0073:query	fuzz-compact-0073:reference	6aa8dc743f4013ae4c8185c1dd8bf6f999c4e6f7ec13eb8a84415150b4a7c743	b9196ee30a28a804db758e2508ae39a832ab455748d9a5191dc0e6016a513054	full	full	synthetic	synthetic_sequence_0_based_half_open	efe4f7fc000ae1a91cca61163b6754552101e57c2eca09ab95d8cb36f602740f	paper/ssw_cuda/corpus_manifest.tsv;paper/ssw_cuda/corpus_receipt.json	ssw_cuda_differential_corpus_deterministic_fuzz
pair	ssw_cuda_corpus_case_v1	fuzz-compact-0074	ssw_cuda_corpus_case_v1	fuzz-compact-0074	fuzz-compact-0074:query	fuzz-compact-0074:reference	9b8a462be3aa64e5338cc45fc73c450b90c7cff4f7382cd7765f7a3ddc114c9b	19565ed68cabc97c903c10ff1649ed206c689f4be6e70816c80afe29f7f8444b	full	full	synthetic	synthetic_sequence_0_based_half_open	fa8b81be46d348bc771620cb78afec66c62bef34fb6c51593f8da34e685f8e8e	paper/ssw_cuda/corpus_manifest.tsv;paper/ssw_cuda/corpus_receipt.json	ssw_cuda_differential_corpus_deterministic_fuzz
pair	ssw_cuda_corpus_case_v1	fuzz-compact-0075	ssw_cuda_corpus_case_v1	fuzz-compact-0075	fuzz-compact-0075:query	fuzz-compact-0075:reference	5922da4074d73f3c9feca0d5769f5a8a83dc5caca20b4712134a8614dcc56c48	7908c096427818f974803dbf6a36d734a65fb3c0a74b7fca3504cf24ccb377a8	full	full	synthetic	synthetic_sequence_0_based_half_open	4abb42cc4adc2c70e31fba394bdcb769d5f54c846818582d15ff16460b1b457c	paper/ssw_cuda/corpus_manifest.tsv;paper/ssw_cuda/corpus_receipt.json	ssw_cuda_differential_corpus_deterministic_fuzz
pair	ssw_cuda_corpus_case_v1	fuzz-compact-0076	ssw_cuda_corpus_case_v1	fuzz-compact-0076	fuzz-compact-0076:query	fuzz-compact-0076:reference	5dc0cad09907e6d0adb46ce7757f24fbf7470ec9fbf91852754daf8bee92e24f	9ca8344f342324c9429f2d581c78b8385bb484a4ebb30ff6ff3d560d26d66dda	full	full	synthetic	synthetic_sequence_0_based_half_open	9513578e6c2589a1166d3777544ce191fb743aa8552b488edfc323972cfdcbbe	paper/ssw_cuda/corpus_manifest.tsv;paper/ssw_cuda/corpus_receipt.json	ssw_cuda_differential_corpus_deterministic_fuzz
pair	ssw_cuda_corpus_case_v1	fuzz-compact-0077	ssw_cuda_corpus_case_v1	fuzz-compact-0077	fuzz-compact-0077:query	fuzz-compact-0077:reference	05739c1d35eb8bda28e3d251e95792ccc6fad32841e5dc808aa1f164a1bc3e95	ee96ec391d3aeb9670e11870bbe9e269d51d3cbe052cb115b6a00894bbcd05f4	full	full	synthetic	synthetic_sequence_0_based_half_open	2c136ed49ab0ff9cc1c22bc742e45f2974fa6f9eb7dc0c76a978ae0975dfc803	paper/ssw_cuda/corpus_manifest.tsv;paper/ssw_cuda/corpus_receipt.json	ssw_cuda_differential_corpus_deterministic_fuzz
pair	ssw_cuda_corpus_case_v1	fuzz-compact-0078	ssw_cuda_corpus_case_v1	fuzz-compact-0078	fuzz-compact-0078:query	fuzz-compact-0078:reference	16035405d420db253f7c6efec90e00f3c71d8214fd90b7d6b5b2c689e99161be	b9b9712b5a3eff48a5309f991b55f980ae819b371c0115dd23a7bdac77d53701	full	full	synthetic	synthetic_sequence_0_based_half_open	dfd1b00fdb3b0e7985c3d65013ed6377172a3d08a3aa9e22232626d550be534c	paper/ssw_cuda/corpus_manifest.tsv;paper/ssw_cuda/corpus_receipt.json	ssw_cuda_differential_corpus_deterministic_fuzz
pair	ssw_cuda_corpus_case_v1	fuzz-compact-0079	ssw_cuda_corpus_case_v1	fuzz-compact-0079	fuzz-compact-0079:query	fuzz-compact-0079:reference	0778b2d8096f1187f6796c68ea4c62a1fc559c0e0c69fae71421c069b541111a	1c7f05436134dc4c2408a0677c4b8d8e8ba5a857b808640539f0d65065ce1d33	full	full	synthetic	synthetic_sequence_0_based_half_open	fe2623e38cff81fda20ae15af19248c63d51730ce145279d823e5da2ad47e809	paper/ssw_cuda/corpus_manifest.tsv;paper/ssw_cuda/corpus_receipt.json	ssw_cuda_differential_corpus_deterministic_fuzz
pair	ssw_cuda_corpus_case_v1	fuzz-compact-0080	ssw_cuda_corpus_case_v1	fuzz-compact-0080	fuzz-compact-0080:query	fuzz-compact-0080:reference	75f2ae86164ebddef709d6ae54c6e2c3c04f7695f5fd2fe703cd057350b51419	48ec6565adc32571a3287c0c1e8f6879513fefa96facda0541bbb6721934b153	full	full	synthetic	synthetic_sequence_0_based_half_open	04fb5e1ab898b62751fd6c2e0af02766f767ea21d6c86768fec7ac8b2042bcb5	paper/ssw_cuda/corpus_manifest.tsv;paper/ssw_cuda/corpus_receipt.json	ssw_cuda_differential_corpus_deterministic_fuzz
pair	ssw_cuda_corpus_case_v1	fuzz-compact-0081	ssw_cuda_corpus_case_v1	fuzz-compact-0081	fuzz-compact-0081:query	fuzz-compact-0081:reference	3095c6914eea877f965df60923985358d80856c4339819aa8189ea1cdfb756a9	52433faf8cc3734dbaa03df106244bae95d680222cdcbf51c08c5c0c5a716bde	full	full	synthetic	synthetic_sequence_0_based_half_open	cb8306847c55d80df3f3899b2d6efbce626f7d2e6c10384d53d23d2ff2ae82a9	paper/ssw_cuda/corpus_manifest.tsv;paper/ssw_cuda/corpus_receipt.json	ssw_cuda_differential_corpus_deterministic_fuzz
pair	ssw_cuda_corpus_case_v1	fuzz-compact-0082	ssw_cuda_corpus_case_v1	fuzz-compact-0082	fuzz-compact-0082:query	fuzz-compact-0082:reference	7010073379d0e19080dda5ff7b44c5cb35e88e875fe8582c2b7b2986205d8f98	1915f179a99d733f2f28bb1d37faf2189d72377b09c2ab7d70cc0ecb5c5e128d	full	full	synthetic	synthetic_sequence_0_based_half_open	d7afa9d64613d598221a6d494694873f25ca2c26efe463f6cfc2db8450f94167	paper/ssw_cuda/corpus_manifest.tsv;paper/ssw_cuda/corpus_receipt.json	ssw_cuda_differential_corpus_deterministic_fuzz
pair	ssw_cuda_corpus_case_v1	fuzz-compact-0083	ssw_cuda_corpus_case_v1	fuzz-compact-0083	fuzz-compact-0083:query	fuzz-compact-0083:reference	3161205a18d91992dc767b21e4b9c8e00627cbe0bd0e7060518e8f6ac7012f5a	1e78f6d61bbc68e66145a82943f60051fec7869fd9894414332d1651da282b38	full	full	synthetic	synthetic_sequence_0_based_half_open	63c7f2880a9e973c8805b70ddb1fdedcc99e61b123903ed4d47c3fad96da79dd	paper/ssw_cuda/corpus_manifest.tsv;paper/ssw_cuda/corpus_receipt.json	ssw_cuda_differential_corpus_deterministic_fuzz
pair	ssw_cuda_corpus_case_v1	fuzz-compact-0084	ssw_cuda_corpus_case_v1	fuzz-compact-0084	fuzz-compact-0084:query	fuzz-compact-0084:reference	4c3b5370d97923fc0e1d781d8364a0eddecc5d126756bddf1dff8404a719ab14	53952864d4da1135c58b6094a1c99351d797ef7c9c9dd55d8bf443cd545f0573	full	full	synthetic	synthetic_sequence_0_based_half_open	b165f42904cb4691b223b6703e7ac4a98b59f7a732485776b7b92a42ad13573c	paper/ssw_cuda/corpus_manifest.tsv;paper/ssw_cuda/corpus_receipt.json	ssw_cuda_differential_corpus_deterministic_fuzz
pair	ssw_cuda_corpus_case_v1	fuzz-compact-0085	ssw_cuda_corpus_case_v1	fuzz-compact-0085	fuzz-compact-0085:query	fuzz-compact-0085:reference	f70d623a22457e258e890930fd5d1f2d2c92dec6ec16ba3caf47afc1ca8b9244	14757ddaaeec278cc80a50986c0d5c41de23b4602a1def2eafd9d9241925d832	full	full	synthetic	synthetic_sequence_0_based_half_open	f29087821e7e3c48027ca71470c28cbf6b33da11a56b1f9245ef13630d1e2489	paper/ssw_cuda/corpus_manifest.tsv;paper/ssw_cuda/corpus_receipt.json	ssw_cuda_differential_corpus_deterministic_fuzz
pair	ssw_cuda_corpus_case_v1	fuzz-compact-0086	ssw_cuda_corpus_case_v1	fuzz-compact-0086	fuzz-compact-0086:query	fuzz-compact-0086:reference	3007aad66cd37b4055ce7d959f0b0637a043125814f4e5aca79e8cbecb2a8d12	13e38ddb42db60df968c3e02a10eea9f7241535bef1b295d5404fd1a59df4ca6	full	full	synthetic	synthetic_sequence_0_based_half_open	42bcb1c40c20cd3100532e23a6be4eecd72d3f2d543024d6dad3c21acac3c68a	paper/ssw_cuda/corpus_manifest.tsv;paper/ssw_cuda/corpus_receipt.json	ssw_cuda_differential_corpus_deterministic_fuzz
pair	ssw_cuda_corpus_case_v1	fuzz-compact-0087	ssw_cuda_corpus_case_v1	fuzz-compact-0087	fuzz-compact-0087:query	fuzz-compact-0087:reference	7128fd3340cceccd433878adf9baf8b7050302362937a156ae607ee1ec872538	1e567769de1c6c6d7d86e9678247bf3c3f902bbfa853f47d2984b70622e1a60e	full	full	synthetic	synthetic_sequence_0_based_half_open	54444d71d5072f8ad3d8ec354532f8c1f381198ca435f4b95061629811a4212d	paper/ssw_cuda/corpus_manifest.tsv;paper/ssw_cuda/corpus_receipt.json	ssw_cuda_differential_corpus_deterministic_fuzz
pair	ssw_cuda_corpus_case_v1	fuzz-compact-0088	ssw_cuda_corpus_case_v1	fuzz-compact-0088	fuzz-compact-0088:query	fuzz-compact-0088:reference	3e1d4c79bf6bd0b2c2f998a9a380b474d889ed81ac54af4b7f8364432f34c5c8	5d2090c63e4b4e1d1fbe932b3cad02f4ee67226e3c289e9932825aaba16fc4a1	full	full	synthetic	synthetic_sequence_0_based_half_open	5c1d4584cd6535c15dcc7f29b4763d4b73f9bf5eeea5f86812f29a3203a5673e	paper/ssw_cuda/corpus_manifest.tsv;paper/ssw_cuda/corpus_receipt.json	ssw_cuda_differential_corpus_deterministic_fuzz
pair	ssw_cuda_corpus_case_v1	fuzz-compact-0089	ssw_cuda_corpus_case_v1	fuzz-compact-0089	fuzz-compact-0089:query	fuzz-compact-0089:reference	fcdb5ebc371deab56a1af9c082d5adff7d63bfada68af30a77aa317525c61aff	09a202015ce218b3de16c4ebd31a3c9563e6c6f31bee558a0093ee0b43b37688	full	full	synthetic	synthetic_sequence_0_based_half_open	896364c5f1015737bab74ad1c0f5860f07e1b5c70d3cad32545d18b950e7fc41	paper/ssw_cuda/corpus_manifest.tsv;paper/ssw_cuda/corpus_receipt.json	ssw_cuda_differential_corpus_deterministic_fuzz
pair	ssw_cuda_corpus_case_v1	fuzz-compact-0090	ssw_cuda_corpus_case_v1	fuzz-compact-0090	fuzz-compact-0090:query	fuzz-compact-0090:reference	0f0cb7324e8f5073b96626812875d663cdca562b861ad98bb9463f1f65d4eafd	f5c67386ff4040676acf78d070018db396fe3275859c2916c33a4f2a00174eb0	full	full	synthetic	synthetic_sequence_0_based_half_open	61fd3d99b9c43319296d7e3ba46991c114164122675eecc08b553389c345575d	paper/ssw_cuda/corpus_manifest.tsv;paper/ssw_cuda/corpus_receipt.json	ssw_cuda_differential_corpus_deterministic_fuzz
pair	ssw_cuda_corpus_case_v1	fuzz-compact-0091	ssw_cuda_corpus_case_v1	fuzz-compact-0091	fuzz-compact-0091:query	fuzz-compact-0091:reference	0e955f86f5b710e2586abf7fd29f57a653fd993bc581f9ab28bbb639a76116cc	578d65b234015472468c9de5a8e48fb72f8b016250d3c663a3b73239edd9ced8	full	full	synthetic	synthetic_sequence_0_based_half_open	eb8e7673bef1db560ebea076f6cb4c5e2173b4447eddeefe8ea72edc3f5b4288	paper/ssw_cuda/corpus_manifest.tsv;paper/ssw_cuda/corpus_receipt.json	ssw_cuda_differential_corpus_deterministic_fuzz
pair	ssw_cuda_corpus_case_v1	fuzz-compact-0092	ssw_cuda_corpus_case_v1	fuzz-compact-0092	fuzz-compact-0092:query	fuzz-compact-0092:reference	8ba840c64ce4e484c38d2912fe6533a99c0bc7fe864db9be6d30c9acafc840a2	559aead08264d5795d3909718cdd05abd49572e84fe55590eef31a88a08fdffd	full	full	synthetic	synthetic_sequence_0_based_half_open	4b1f7c8056b900dd2391993813f9b06dbfbb3ee4d58e03ba8295c4924dd7b431	paper/ssw_cuda/corpus_manifest.tsv;paper/ssw_cuda/corpus_receipt.json	ssw_cuda_differential_corpus_deterministic_fuzz
pair	ssw_cuda_corpus_case_v1	fuzz-compact-0093	ssw_cuda_corpus_case_v1	fuzz-compact-0093	fuzz-compact-0093:query	fuzz-compact-0093:reference	0e895e628882eb59cf7d3cb75adeaa7ba8f647f949ef35c68cae75f68f60a04a	8b1704f80affe93d6c6dfd7b7dcd781c439cc1f47a3e94ddaf8595c1d6f5defb	full	full	synthetic	synthetic_sequence_0_based_half_open	9d7982bdabe38a6e7c2e4196b6309f6fa1acb7b22f5db8520b648b5810d7d5d2	paper/ssw_cuda/corpus_manifest.tsv;paper/ssw_cuda/corpus_receipt.json	ssw_cuda_differential_corpus_deterministic_fuzz
pair	ssw_cuda_corpus_case_v1	fuzz-compact-0094	ssw_cuda_corpus_case_v1	fuzz-compact-0094	fuzz-compact-0094:query	fuzz-compact-0094:reference	153174a2e3e651c8da658d4c85d4685906534a8a67ffbbfefed802ce204f670e	11e2d7488ec1bcb5c67c6d78ebe7f04328442d3afb5a9062087feecf2713e36c	full	full	synthetic	synthetic_sequence_0_based_half_open	07e3925a3cea8d657c88aa7a96f94ace85349afb01f0ab150ef6b465c48cc3dc	paper/ssw_cuda/corpus_manifest.tsv;paper/ssw_cuda/corpus_receipt.json	ssw_cuda_differential_corpus_deterministic_fuzz
pair	ssw_cuda_corpus_case_v1	fuzz-compact-0095	ssw_cuda_corpus_case_v1	fuzz-compact-0095	fuzz-compact-0095:query	fuzz-compact-0095:reference	53da827930e9fd313704726f609133a7220acef6c90a293db91db2728b9da517	c9750f28d926f9618cbba8fd32d9a9043dc0cf6f377f5d6bd5487fff54f760c9	full	full	synthetic	synthetic_sequence_0_based_half_open	60df515549f9516552ee5f820133233633a1e5a4f359be3908e41921835cc703	paper/ssw_cuda/corpus_manifest.tsv;paper/ssw_cuda/corpus_receipt.json	ssw_cuda_differential_corpus_deterministic_fuzz
pair	ssw_cuda_corpus_case_v1	fuzz-compact-0096	ssw_cuda_corpus_case_v1	fuzz-compact-0096	fuzz-compact-0096:query	fuzz-compact-0096:reference	fec1515c6dad22a38025a17680dac9aadb01f7023dbadef40257fd5fac9f7b52	7553aa5604363d166dfd79533b438cbd71a8425f165c6de52d22c2f6336ab482	full	full	synthetic	synthetic_sequence_0_based_half_open	3bec1fdd3a48fb7dd99846f7a6533c26ef340368d570802d12b9f391b5287356	paper/ssw_cuda/corpus_manifest.tsv;paper/ssw_cuda/corpus_receipt.json	ssw_cuda_differential_corpus_deterministic_fuzz
pair	ssw_cuda_corpus_case_v1	fuzz-compact-0097	ssw_cuda_corpus_case_v1	fuzz-compact-0097	fuzz-compact-0097:query	fuzz-compact-0097:reference	01b6967fdfe865f5af3f63ea915796f8d9791c9749729cdd533ef0a19880e205	b72a7ec493ffc5601d845f94342e9230024e0d570adac519c1daccefd6f54c6f	full	full	synthetic	synthetic_sequence_0_based_half_open	54e25455c4a53c68aca4d32eda34eefb7a9dc26ae5e441379f4f81c5375dcb57	paper/ssw_cuda/corpus_manifest.tsv;paper/ssw_cuda/corpus_receipt.json	ssw_cuda_differential_corpus_deterministic_fuzz
pair	ssw_cuda_corpus_case_v1	fuzz-compact-0098	ssw_cuda_corpus_case_v1	fuzz-compact-0098	fuzz-compact-0098:query	fuzz-compact-0098:reference	3f6fd9186df9a807a010ceabac5a72030c95d475425cbc080487b51891272944	a4897c4b83c52add42102a94cca10e555062f93fb037428d8a7d4ddd9516ecd3	full	full	synthetic	synthetic_sequence_0_based_half_open	2d70514a005512599f7a2a183f49be3e89bbc36993b600a056a6762e2bc4c229	paper/ssw_cuda/corpus_manifest.tsv;paper/ssw_cuda/corpus_receipt.json	ssw_cuda_differential_corpus_deterministic_fuzz
pair	ssw_cuda_corpus_case_v1	fuzz-compact-0099	ssw_cuda_corpus_case_v1	fuzz-compact-0099	fuzz-compact-0099:query	fuzz-compact-0099:reference	e22a9ab2ea7fe3f55ed19599ea7cdfa139f65e26c97ac30ddad35ccf0b3fe55d	4d0e166560b00715e6b3787f225bff28de26cce439298ccaa940ccf421cfef14	full	full	synthetic	synthetic_sequence_0_based_half_open	7b25a4ba43d7348f6fb9df884765da8a5205f5d87875e595067f4ba55355f7d7	paper/ssw_cuda/corpus_manifest.tsv;paper/ssw_cuda/corpus_receipt.json	ssw_cuda_differential_corpus_deterministic_fuzz
pair	ssw_cuda_corpus_case_v1	fuzz-compact-0100	ssw_cuda_corpus_case_v1	fuzz-compact-0100	fuzz-compact-0100:query	fuzz-compact-0100:reference	507e95b7d918dc25fd6f61d9b5d3704a2c264c49e38f722fd1db75ca8855e224	42d1db6988391e904bb8a42e3fe5ea8e27f96dbeb6da96468aa5826fe3978632	full	full	synthetic	synthetic_sequence_0_based_half_open	9a730dc48cdbd87f0d1797af1f5961862815425be091d844719a80896fc0cacf	paper/ssw_cuda/corpus_manifest.tsv;paper/ssw_cuda/corpus_receipt.json	ssw_cuda_differential_corpus_deterministic_fuzz
pair	ssw_cuda_corpus_case_v1	fuzz-compact-0101	ssw_cuda_corpus_case_v1	fuzz-compact-0101	fuzz-compact-0101:query	fuzz-compact-0101:reference	66ed4a8da81c7600c1e2330e152df848bfd1347008b68d02a01af05081e0516f	44892c93c4d84097c324fa445462421238be0a5e6735fe4b3759c490c920d133	full	full	synthetic	synthetic_sequence_0_based_half_open	5db2d9ef8781453435f9c18fca0ee478e93a026774a4ef0a946a8a245f5ebd79	paper/ssw_cuda/corpus_manifest.tsv;paper/ssw_cuda/corpus_receipt.json	ssw_cuda_differential_corpus_deterministic_fuzz
pair	ssw_cuda_corpus_case_v1	fuzz-compact-0102	ssw_cuda_corpus_case_v1	fuzz-compact-0102	fuzz-compact-0102:query	fuzz-compact-0102:reference	38c82750873a38b93bbea0ed11730c83d674d915252d5a187b1e7a691d95b5a2	98d9d9638e4c9c195fa5644225de1e036fe7e6edf9881c1e3b3af27ee0577522	full	full	synthetic	synthetic_sequence_0_based_half_open	e7727584d68a270524281bf371719b710150842c38e8339797e2dbadc1088b24	paper/ssw_cuda/corpus_manifest.tsv;paper/ssw_cuda/corpus_receipt.json	ssw_cuda_differential_corpus_deterministic_fuzz
pair	ssw_cuda_corpus_case_v1	fuzz-compact-0103	ssw_cuda_corpus_case_v1	fuzz-compact-0103	fuzz-compact-0103:query	fuzz-compact-0103:reference	55bb73272c67dae1ed05e29ea67fbd2689f76aa1423570132b0f9d6744cd60e0	5ee6b0073e2a2eeb0106cfbf78f6a2d1b32518cf743c60735d90e3e3c628236c	full	full	synthetic	synthetic_sequence_0_based_half_open	37a558583a2c1ccbd21d9a29d15052ba2e5c5d9755892c510ccb8ac1054b0538	paper/ssw_cuda/corpus_manifest.tsv;paper/ssw_cuda/corpus_receipt.json	ssw_cuda_differential_corpus_deterministic_fuzz
pair	ssw_cuda_corpus_case_v1	fuzz-compact-0104	ssw_cuda_corpus_case_v1	fuzz-compact-0104	fuzz-compact-0104:query	fuzz-compact-0104:reference	656fa7f3dfe504d38c48ba260a62759766f0f49ee12aa79c5e2de06d5be51dbc	eb4876109a092f65a47102b8c399e01d77f023f2b49c714e1711a5a6dc8f74a0	full	full	synthetic	synthetic_sequence_0_based_half_open	ea9f410b3edc9d6d039e97330b12a2b219acf9a320d752cea781203e723f53db	paper/ssw_cuda/corpus_manifest.tsv;paper/ssw_cuda/corpus_receipt.json	ssw_cuda_differential_corpus_deterministic_fuzz
pair	ssw_cuda_corpus_case_v1	fuzz-compact-0105	ssw_cuda_corpus_case_v1	fuzz-compact-0105	fuzz-compact-0105:query	fuzz-compact-0105:reference	0eb7c6b20f2f9ecc0039ff7df4730e88a53ec29a2e231719eb5206e15cf38394	ee9a34082d9fe396d6bf218ed30a151ba24f8d7da391a7736a629e33e880a72d	full	full	synthetic	synthetic_sequence_0_based_half_open	f30bf471618690898698af89d17b32d57e21a9b492204ee5c3b639705d074438	paper/ssw_cuda/corpus_manifest.tsv;paper/ssw_cuda/corpus_receipt.json	ssw_cuda_differential_corpus_deterministic_fuzz
pair	ssw_cuda_corpus_case_v1	fuzz-compact-0106	ssw_cuda_corpus_case_v1	fuzz-compact-0106	fuzz-compact-0106:query	fuzz-compact-0106:reference	78c6110bed6899be3a64c18df13490c1bb1cbfc007db83ca60b4c12e160d89fe	58d60e343e5c10b44d82f80ff7bd0ff5c193c881bb328b9fa99b3c2d88801aaf	full	full	synthetic	synthetic_sequence_0_based_half_open	aadf5a5dae6d5605407d3569a521fecfa8a68584772c322d5bcccc35d227ec6f	paper/ssw_cuda/corpus_manifest.tsv;paper/ssw_cuda/corpus_receipt.json	ssw_cuda_differential_corpus_deterministic_fuzz
pair	ssw_cuda_corpus_case_v1	fuzz-compact-0107	ssw_cuda_corpus_case_v1	fuzz-compact-0107	fuzz-compact-0107:query	fuzz-compact-0107:reference	917678b78f31af08af3a8f87debc7c79723e5404c1f37861b93af331eb27e471	331220443e8d529039c818f0ffb9bbef9f093f592e3eb877ff0fd76cedaea567	full	full	synthetic	synthetic_sequence_0_based_half_open	d30566bfc633b7890fb7accc826ef47bf9de8853d03946a7cb88ecf4de02abba	paper/ssw_cuda/corpus_manifest.tsv;paper/ssw_cuda/corpus_receipt.json	ssw_cuda_differential_corpus_deterministic_fuzz
pair	ssw_cuda_corpus_case_v1	fuzz-compact-0108	ssw_cuda_corpus_case_v1	fuzz-compact-0108	fuzz-compact-0108:query	fuzz-compact-0108:reference	3fe8503f75ccbebaeed6ef69e7761b9ce2facd6bb6193a8eb604e3d032143727	039ff96f7430969fd5120c1c6af3f896ea27275975a7a896c71b76ee1b189196	full	full	synthetic	synthetic_sequence_0_based_half_open	0ffb1251700f250b8c82a404546c8662836c216fe9b6189dfe0ec59693939735	paper/ssw_cuda/corpus_manifest.tsv;paper/ssw_cuda/corpus_receipt.json	ssw_cuda_differential_corpus_deterministic_fuzz
pair	ssw_cuda_corpus_case_v1	fuzz-compact-0109	ssw_cuda_corpus_case_v1	fuzz-compact-0109	fuzz-compact-0109:query	fuzz-compact-0109:reference	36a8a0a4bb343cc7fa3fd5d00a5e0b57f4af35e5df9aebb983890f1ee2dd0733	7403d3534f0f5fa7d04ddbcf9cc8b37dcc42a9e939ffa45ae2b1fb1b38c9b04c	full	full	synthetic	synthetic_sequence_0_based_half_open	a7bd6995464d202e6b3936be98157e06384813212719b9760e3342da65e681d6	paper/ssw_cuda/corpus_manifest.tsv;paper/ssw_cuda/corpus_receipt.json	ssw_cuda_differential_corpus_deterministic_fuzz
pair	ssw_cuda_corpus_case_v1	fuzz-compact-0110	ssw_cuda_corpus_case_v1	fuzz-compact-0110	fuzz-compact-0110:query	fuzz-compact-0110:reference	c23d2d50f344bf50d6c9293ad01e8d49771deeb9b5ec0b0e3eac8f06c722b611	3515bab84c228c2bcaefa088032afbe848d26dbf2f5ff54a138c540b35adf8ef	full	full	synthetic	synthetic_sequence_0_based_half_open	feeee2728aef414c29015a76d087041ed8cee78a6582cd880ad8479e589a66c5	paper/ssw_cuda/corpus_manifest.tsv;paper/ssw_cuda/corpus_receipt.json	ssw_cuda_differential_corpus_deterministic_fuzz
pair	ssw_cuda_corpus_case_v1	fuzz-compact-0111	ssw_cuda_corpus_case_v1	fuzz-compact-0111	fuzz-compact-0111:query	fuzz-compact-0111:reference	fa78bb86cbda9829a16f42c5d1923c49c73a769e3cf1d69ab18226752c32bb8a	74e0177aad4266a14d8b81618f7f6fb9ba31dfbea181e2da31d01a2f4a5c6bc2	full	full	synthetic	synthetic_sequence_0_based_half_open	ead45139ec9356febc045355170ba5a9db311dddb9c096d1ae4e2469af9c2cfb	paper/ssw_cuda/corpus_manifest.tsv;paper/ssw_cuda/corpus_receipt.json	ssw_cuda_differential_corpus_deterministic_fuzz
pair	ssw_cuda_corpus_case_v1	fuzz-compact-0112	ssw_cuda_corpus_case_v1	fuzz-compact-0112	fuzz-compact-0112:query	fuzz-compact-0112:reference	353d529809b0d6d9ea1e0633402509686f7d6965166844d773530106c4b8768b	be848ba3df086aadf6049b743bd18aefdc1cf7baef02044e9e9b649f570a2e0c	full	full	synthetic	synthetic_sequence_0_based_half_open	5a325da1ef025fb68ec2d3942a0787529d825f61a835158e3343f3080cb22aba	paper/ssw_cuda/corpus_manifest.tsv;paper/ssw_cuda/corpus_receipt.json	ssw_cuda_differential_corpus_deterministic_fuzz
pair	ssw_cuda_corpus_case_v1	fuzz-compact-0113	ssw_cuda_corpus_case_v1	fuzz-compact-0113	fuzz-compact-0113:query	fuzz-compact-0113:reference	52c8efdfa3bdf6f025121497b829737040073fdf3485cc6d822e1daff7d64cd6	347113dca7366a9724f72d1175239d92d3f39979dcb96cdcf8e6c4c4331781b7	full	full	synthetic	synthetic_sequence_0_based_half_open	a2776c4394525dd624ff131a6cbe09b91a0405d10a4deb6010f5da150f9ceb71	paper/ssw_cuda/corpus_manifest.tsv;paper/ssw_cuda/corpus_receipt.json	ssw_cuda_differential_corpus_deterministic_fuzz
pair	ssw_cuda_corpus_case_v1	fuzz-compact-0114	ssw_cuda_corpus_case_v1	fuzz-compact-0114	fuzz-compact-0114:query	fuzz-compact-0114:reference	00929c0b28c9efb9bf68efd2d11f5fe73fd5e98fd7e65518a6ee36b35444715a	4d88e4d6a7129fe6688e53aafefb0e9de1f28c91db0163f067ada80edad47d51	full	full	synthetic	synthetic_sequence_0_based_half_open	a5af2d72e11d4352b56d7c50508163ec14ba81104d97954b5892d26fd387e334	paper/ssw_cuda/corpus_manifest.tsv;paper/ssw_cuda/corpus_receipt.json	ssw_cuda_differential_corpus_deterministic_fuzz
pair	ssw_cuda_corpus_case_v1	fuzz-compact-0115	ssw_cuda_corpus_case_v1	fuzz-compact-0115	fuzz-compact-0115:query	fuzz-compact-0115:reference	3672218be05c8106df278c14e80cfee92ff4dab9b80c44acb3f08c7fb0cab30d	6dddfde562d81657872782d065faca1aeba4abc6193901c3879a4c5754876a6f	full	full	synthetic	synthetic_sequence_0_based_half_open	be127e559e7792e82c354bc72de97576d4eb59004dff53a6fce17f4232f015f3	paper/ssw_cuda/corpus_manifest.tsv;paper/ssw_cuda/corpus_receipt.json	ssw_cuda_differential_corpus_deterministic_fuzz
pair	ssw_cuda_corpus_case_v1	fuzz-compact-0116	ssw_cuda_corpus_case_v1	fuzz-compact-0116	fuzz-compact-0116:query	fuzz-compact-0116:reference	05012851ebe4b564972fd7b99fe6e7e9ec1270b5ab68d8865aa229ff408707f1	f278a404f96d6ad87f4da509d2db09ba7af6451ba31c2ea36276c8f8e7c4f0c8	full	full	synthetic	synthetic_sequence_0_based_half_open	d3eaed2906cc521a898d4d78df341949b481bc8c5bb75b3947241b30ca00d158	paper/ssw_cuda/corpus_manifest.tsv;paper/ssw_cuda/corpus_receipt.json	ssw_cuda_differential_corpus_deterministic_fuzz
pair	ssw_cuda_corpus_case_v1	fuzz-compact-0117	ssw_cuda_corpus_case_v1	fuzz-compact-0117	fuzz-compact-0117:query	fuzz-compact-0117:reference	85beae4d79e6acfdda6359357f262e56efc1b1360f21717218d01da9cfa1d99b	d6f700ac1e8eb6b8778536fc85e929ba5cfb9c173e34a8156f9a50f87002fc89	full	full	synthetic	synthetic_sequence_0_based_half_open	b738650df526e508bbc4474c63bb685b3933ff10f381df610a0ed60a78dacbf3	paper/ssw_cuda/corpus_manifest.tsv;paper/ssw_cuda/corpus_receipt.json	ssw_cuda_differential_corpus_deterministic_fuzz
pair	ssw_cuda_corpus_case_v1	fuzz-compact-0118	ssw_cuda_corpus_case_v1	fuzz-compact-0118	fuzz-compact-0118:query	fuzz-compact-0118:reference	8c553e1a821a06aa3308df63865cdff36d7ea105ad64ef4ffeccc429c5bc1e64	0912bab607181cad4c62295fd442e6c4e45e34548da5cbd9339b5f3d38856ce5	full	full	synthetic	synthetic_sequence_0_based_half_open	fec60079d12d9fd5b7a9718c60fddcd9ac11d2e604dd8481f1a17a64ca34388c	paper/ssw_cuda/corpus_manifest.tsv;paper/ssw_cuda/corpus_receipt.json	ssw_cuda_differential_corpus_deterministic_fuzz
pair	ssw_cuda_corpus_case_v1	fuzz-compact-0119	ssw_cuda_corpus_case_v1	fuzz-compact-0119	fuzz-compact-0119:query	fuzz-compact-0119:reference	80f266c319c35117f6d8503e06737282f702df05e2f6536f770963f5a09e44f5	4c724f2f858cbf51a9b8b6b110c18aec433de4277d31e30aa3407e1fe408df3e	full	full	synthetic	synthetic_sequence_0_based_half_open	80ceda5f59af0aa7ffa7f290631658d38f3412dc25cd0f61a716df4435af969a	paper/ssw_cuda/corpus_manifest.tsv;paper/ssw_cuda/corpus_receipt.json	ssw_cuda_differential_corpus_deterministic_fuzz
pair	ssw_cuda_corpus_case_v1	fuzz-compact-0120	ssw_cuda_corpus_case_v1	fuzz-compact-0120	fuzz-compact-0120:query	fuzz-compact-0120:reference	fc7cf18f2d51a4e8ed44c2fc293a01323653f7ff3b0207756f82c53fa7167f77	ed031d06bf3052dc91675e28f05ffbb094cc64bd2f13924a2640f56bffca3f2f	full	full	synthetic	synthetic_sequence_0_based_half_open	96d2a470189924ecea074de3a35578e7af5c71ec7bbf1917b81553e02e7f985e	paper/ssw_cuda/corpus_manifest.tsv;paper/ssw_cuda/corpus_receipt.json	ssw_cuda_differential_corpus_deterministic_fuzz
pair	ssw_cuda_corpus_case_v1	fuzz-compact-0121	ssw_cuda_corpus_case_v1	fuzz-compact-0121	fuzz-compact-0121:query	fuzz-compact-0121:reference	038c4d3611b12924a899ce32eee4e9bba64dec8bc04d17f5aa54d26c4a9ff26a	5c73fb2414224ff9ee6d0e08e74c8ee786f5cfcda8fa5ae4e6ed305ddd887426	full	full	synthetic	synthetic_sequence_0_based_half_open	4c3dc0b31b26a444c37978bfcae15d871b27c21c7e5c26d8676fec08d43bba0c	paper/ssw_cuda/corpus_manifest.tsv;paper/ssw_cuda/corpus_receipt.json	ssw_cuda_differential_corpus_deterministic_fuzz
pair	ssw_cuda_corpus_case_v1	fuzz-compact-0122	ssw_cuda_corpus_case_v1	fuzz-compact-0122	fuzz-compact-0122:query	fuzz-compact-0122:reference	5c638f083d3430df222d238734d006de4a823e2b1cb6ea836b0a882fe161ac4b	818f619ac55adf27c3452e95e57d5dc42696336198c37aa008107e02e0353534	full	full	synthetic	synthetic_sequence_0_based_half_open	26171546edbf0f47a582237a8bd70580147fc653db3b24c2dc46aea8b0f61b45	paper/ssw_cuda/corpus_manifest.tsv;paper/ssw_cuda/corpus_receipt.json	ssw_cuda_differential_corpus_deterministic_fuzz
pair	ssw_cuda_corpus_case_v1	fuzz-compact-0123	ssw_cuda_corpus_case_v1	fuzz-compact-0123	fuzz-compact-0123:query	fuzz-compact-0123:reference	f47f91c5b13558d0bcd15607369c595a6417481ce05c983d3220e40de639bae8	0807d0856f075ec1a89b9b3d9d422f4a83d242bcec95aa2d5bf7e5afa2dde8c8	full	full	synthetic	synthetic_sequence_0_based_half_open	2376994544326b06802899762cbe60fe7253f88de65ecf4c30e2e4bdc99b0f1f	paper/ssw_cuda/corpus_manifest.tsv;paper/ssw_cuda/corpus_receipt.json	ssw_cuda_differential_corpus_deterministic_fuzz
pair	ssw_cuda_corpus_case_v1	fuzz-compact-0124	ssw_cuda_corpus_case_v1	fuzz-compact-0124	fuzz-compact-0124:query	fuzz-compact-0124:reference	c14f79fc138ea8e9157f4fddd566142416937d11aae9a9fb6bd8995a6aadb8ee	8de9a78df275bcc29a9429612347cd846c43f57fc067c18a842ff33d178318fa	full	full	synthetic	synthetic_sequence_0_based_half_open	fa4d292fac74b71bdbcde2289f06d91f6035da3357d7f1cbfe2036d383f78d69	paper/ssw_cuda/corpus_manifest.tsv;paper/ssw_cuda/corpus_receipt.json	ssw_cuda_differential_corpus_deterministic_fuzz
pair	ssw_cuda_corpus_case_v1	fuzz-compact-0125	ssw_cuda_corpus_case_v1	fuzz-compact-0125	fuzz-compact-0125:query	fuzz-compact-0125:reference	5b2c7c5d484495ccbc2e7eb6d218227a028c0789ffa0b9fc38fcd1fc1a5af43c	7d034fcb848bb26b2c134c34c4ca2a2e3300fbc835ed560f4e57c6921985147c	full	full	synthetic	synthetic_sequence_0_based_half_open	118c85a6c60029a4ce6be441b4a9130760a58a642279b29973fc46b77008842f	paper/ssw_cuda/corpus_manifest.tsv;paper/ssw_cuda/corpus_receipt.json	ssw_cuda_differential_corpus_deterministic_fuzz
pair	ssw_cuda_corpus_case_v1	fuzz-compact-0126	ssw_cuda_corpus_case_v1	fuzz-compact-0126	fuzz-compact-0126:query	fuzz-compact-0126:reference	a2449d306d1dd5f2d43a207f8015eea84f6b3a3dca525b845c9e7070fd24372d	4ab7d5678b6b0fd3b13e2493268e6e8ddb568893c985f670b77be9454f37af6d	full	full	synthetic	synthetic_sequence_0_based_half_open	f34c13a013ea70114bf20c7739ec38ad3c90b2f66a2694af60a101df829661a7	paper/ssw_cuda/corpus_manifest.tsv;paper/ssw_cuda/corpus_receipt.json	ssw_cuda_differential_corpus_deterministic_fuzz
pair	ssw_cuda_corpus_case_v1	fuzz-compact-0127	ssw_cuda_corpus_case_v1	fuzz-compact-0127	fuzz-compact-0127:query	fuzz-compact-0127:reference	1c88179e36defacc88a66a41feeb4feeff3ad15df6860bc5a2eb56c01988c379	91d184b88b453f458d81c8472731183226a8e7b2b7acc152598dc857280c74b8	full	full	synthetic	synthetic_sequence_0_based_half_open	525c83b6563c8d694147acd797e62f826c06a9d7a0d37fe02988ff93425b6055	paper/ssw_cuda/corpus_manifest.tsv;paper/ssw_cuda/corpus_receipt.json	ssw_cuda_differential_corpus_deterministic_fuzz
pair	ssw_cuda_corpus_case_v1	fuzz-large-0000	ssw_cuda_corpus_case_v1	fuzz-large-0000	fuzz-large-0000:query	fuzz-large-0000:reference	654240de74a60d619285c96d36fbdd19433d4ea80bf0778cd5e6848d1f650a39	c6c53844e5c2b71683ba26efce6d113e4abb959587916e7a936d9748ef06db66	full	full	synthetic	synthetic_sequence_0_based_half_open	6820452a8d8ba003687756c55c6d6e772b16dea0a993a84570b6b45e8305c5b7	paper/ssw_cuda/corpus_manifest.tsv;paper/ssw_cuda/corpus_receipt.json	ssw_cuda_differential_corpus_deterministic_fuzz
pair	ssw_cuda_corpus_case_v1	fuzz-large-0001	ssw_cuda_corpus_case_v1	fuzz-large-0001	fuzz-large-0001:query	fuzz-large-0001:reference	2dd7242b6ffe5839d75facc9c0d567f8f5eaad1199e30be23cd1c1a7dd0c838a	8754ca28aee0e37af3673e67286df91d24fe0d84e42e52fc8af13f59f86c1784	full	full	synthetic	synthetic_sequence_0_based_half_open	66d7de67108bd0275de26b65956b1d5dd4afc5ed065cfa762c4c44093602ee87	paper/ssw_cuda/corpus_manifest.tsv;paper/ssw_cuda/corpus_receipt.json	ssw_cuda_differential_corpus_deterministic_fuzz
pair	ssw_cuda_corpus_case_v1	fuzz-large-0002	ssw_cuda_corpus_case_v1	fuzz-large-0002	fuzz-large-0002:query	fuzz-large-0002:reference	630cfad93f070c6c8648ca02b948cb664830a89e4b3d3a0b7a8360b18d6705f0	efd3edd505f75acd724e216f6eef233093db09c4c942e22e630934d331fc3616	full	full	synthetic	synthetic_sequence_0_based_half_open	ac18b667dc0e21c998b5fff52c9db65f081124ffb81275f684bfda8a4bb6bf2f	paper/ssw_cuda/corpus_manifest.tsv;paper/ssw_cuda/corpus_receipt.json	ssw_cuda_differential_corpus_deterministic_fuzz
pair	ssw_cuda_corpus_case_v1	fuzz-large-0003	ssw_cuda_corpus_case_v1	fuzz-large-0003	fuzz-large-0003:query	fuzz-large-0003:reference	8cdda3af6f226dcd4b7fb4c2df90c8e15511c8a28b070bb555767c594766a3ce	eea3f91abd24486302da8b4ba396fd22332436f813f036e4c1f740b41b72502b	full	full	synthetic	synthetic_sequence_0_based_half_open	f9a7db566a01fd64bc709ac407cda8cb4053177d43f1a5a8df84b82b81c2dacb	paper/ssw_cuda/corpus_manifest.tsv;paper/ssw_cuda/corpus_receipt.json	ssw_cuda_differential_corpus_deterministic_fuzz
pair	ssw_cuda_corpus_case_v1	fuzz-large-0004	ssw_cuda_corpus_case_v1	fuzz-large-0004	fuzz-large-0004:query	fuzz-large-0004:reference	fffa5254bba288a526586f7c96e4198370d321b6ad7cde8c50d3c75c811cad03	7a208393a892a8456f9f9a8865d3d2cd582aa429c310cd1c5ca0db3a49f4256a	full	full	synthetic	synthetic_sequence_0_based_half_open	b2b30736b6b7dad452e7f692c3163fee7c41e85420b5af24335d9ea6232a375f	paper/ssw_cuda/corpus_manifest.tsv;paper/ssw_cuda/corpus_receipt.json	ssw_cuda_differential_corpus_deterministic_fuzz
pair	ssw_cuda_corpus_case_v1	fuzz-large-0005	ssw_cuda_corpus_case_v1	fuzz-large-0005	fuzz-large-0005:query	fuzz-large-0005:reference	17e4e8919bfb1cf7d4e9c05b50f2c001615cd1d0abe82614fd4c5e385961489b	266ea6b337eb0dc4fef5c9f3e3404bc3b537895bdcb92e9c98a67915ab085306	full	full	synthetic	synthetic_sequence_0_based_half_open	608adce10b2251c7f5f46f86acb15186591340ae69580ea8457f1da0254df959	paper/ssw_cuda/corpus_manifest.tsv;paper/ssw_cuda/corpus_receipt.json	ssw_cuda_differential_corpus_deterministic_fuzz
pair	ssw_cuda_corpus_case_v1	fuzz-large-0006	ssw_cuda_corpus_case_v1	fuzz-large-0006	fuzz-large-0006:query	fuzz-large-0006:reference	2f2214b5a75ba550cf5af4ab24e034db806088c90d9b11b6521e4d65584dd373	12db99ed31a22538c031bfd67b7e77958255fe85738d1f91d095ddfede0da93a	full	full	synthetic	synthetic_sequence_0_based_half_open	f16b1eb86b09dd43d72d312b62c465fc67bd997abbf667e6cf0f376c5457d729	paper/ssw_cuda/corpus_manifest.tsv;paper/ssw_cuda/corpus_receipt.json	ssw_cuda_differential_corpus_deterministic_fuzz
pair	ssw_cuda_corpus_case_v1	fuzz-large-0007	ssw_cuda_corpus_case_v1	fuzz-large-0007	fuzz-large-0007:query	fuzz-large-0007:reference	c28dd9d3234a9989fcaf9e2c9eaa7ac73dfa7e6d763cdf0be08492c4bb092261	506458e80da9cc26ed39a200acb69102485012a9189bca711d21005737f9a8a7	full	full	synthetic	synthetic_sequence_0_based_half_open	8ae9790a30d6f77d15f68266ff1344dfeb1082bfc440a3ac6aa0f883f6c1b47e	paper/ssw_cuda/corpus_manifest.tsv;paper/ssw_cuda/corpus_receipt.json	ssw_cuda_differential_corpus_deterministic_fuzz
pair	ssw_cuda_corpus_case_v1	fuzz-large-0008	ssw_cuda_corpus_case_v1	fuzz-large-0008	fuzz-large-0008:query	fuzz-large-0008:reference	f023a2f258f3463a8eeaef7e614314ca69754b7a1ad6b28806b88d3009fc1915	bfbccfead6ca5059e4bf7a76a8c47c455f495ad417a344f6dcb3664b1b47ecc4	full	full	synthetic	synthetic_sequence_0_based_half_open	0d84f362616e1b84c8cf0be18198a07aefe70a3043b4336750044e6241d15bab	paper/ssw_cuda/corpus_manifest.tsv;paper/ssw_cuda/corpus_receipt.json	ssw_cuda_differential_corpus_deterministic_fuzz
pair	ssw_cuda_corpus_case_v1	fuzz-large-0009	ssw_cuda_corpus_case_v1	fuzz-large-0009	fuzz-large-0009:query	fuzz-large-0009:reference	fd2b13e1070eb3f5aed48d9f89e0f2f0ab62ab79a6cf50d28671ea37f4cad358	f75a1c46a3b35618b1a4c7b1dd10e1306e6844aa0610363dc1c2004848819a16	full	full	synthetic	synthetic_sequence_0_based_half_open	4166bf59dc3efbe9862955854d453d88d3b1d9d909d53ce847aac377bc1020c1	paper/ssw_cuda/corpus_manifest.tsv;paper/ssw_cuda/corpus_receipt.json	ssw_cuda_differential_corpus_deterministic_fuzz
pair	ssw_cuda_corpus_case_v1	fuzz-large-0010	ssw_cuda_corpus_case_v1	fuzz-large-0010	fuzz-large-0010:query	fuzz-large-0010:reference	2e5e0ad32069cecb714fbeda5fe02662341a293609febb443d4555ed292edcad	99943392f366e44146d8eccb7a00bda607a1b488a2a58c501b97b4c4e5cf7549	full	full	synthetic	synthetic_sequence_0_based_half_open	b2995561575e9cfed916bd16158ffe310222a7914a8032133c2bb9a5847f5939	paper/ssw_cuda/corpus_manifest.tsv;paper/ssw_cuda/corpus_receipt.json	ssw_cuda_differential_corpus_deterministic_fuzz
pair	ssw_cuda_corpus_case_v1	fuzz-large-0011	ssw_cuda_corpus_case_v1	fuzz-large-0011	fuzz-large-0011:query	fuzz-large-0011:reference	54e3339f5c5bcbb9e17c6b3721238a50961aebe492c536740ada56f89d57a640	8ee3180a313cf7cf08102520dd61dbf1d41b4f06c4ee3e93dc32f596601eec31	full	full	synthetic	synthetic_sequence_0_based_half_open	e4adbf2824a57d18af904cae8e2ca4f289f86e916675f714ee88de6842a4fbd0	paper/ssw_cuda/corpus_manifest.tsv;paper/ssw_cuda/corpus_receipt.json	ssw_cuda_differential_corpus_deterministic_fuzz
pair	ssw_cuda_corpus_case_v1	fuzz-large-0012	ssw_cuda_corpus_case_v1	fuzz-large-0012	fuzz-large-0012:query	fuzz-large-0012:reference	242db99a3a539046a6dd287bc12a4ec6b176ff13929dde7912937646d75dfad4	ccf890657393029781cab50ead07772805d391b326443b6ea9bc7e66fd8f52f4	full	full	synthetic	synthetic_sequence_0_based_half_open	fa7f9b6a74691f7e5dd6e8be4a7b0107f5b1c16bb0ec9197c5602e25778bce74	paper/ssw_cuda/corpus_manifest.tsv;paper/ssw_cuda/corpus_receipt.json	ssw_cuda_differential_corpus_deterministic_fuzz
pair	ssw_cuda_corpus_case_v1	fuzz-large-0013	ssw_cuda_corpus_case_v1	fuzz-large-0013	fuzz-large-0013:query	fuzz-large-0013:reference	17704c0bad27c12432c077c74504b2b5e14649eefa3b7d5912e4830fb85328af	99963e55e99bf46b17aad6d42f3b5fcc60182ba336bb1c4bac417c0ade28459e	full	full	synthetic	synthetic_sequence_0_based_half_open	10a15a068949f4da72d1397e4fb4747cc9f6b93b9c36b95a9019898465c3a1b5	paper/ssw_cuda/corpus_manifest.tsv;paper/ssw_cuda/corpus_receipt.json	ssw_cuda_differential_corpus_deterministic_fuzz
pair	ssw_cuda_corpus_case_v1	fuzz-large-0014	ssw_cuda_corpus_case_v1	fuzz-large-0014	fuzz-large-0014:query	fuzz-large-0014:reference	067912b74a066c743efa65c8c7c3f9c7fc83a354d91ac7948a12dbf377b4ad1a	c4da7ba6f20d5e4554d5f95f65a321bd09c5807ab440c8eac3dfbd2feab8f0c9	full	full	synthetic	synthetic_sequence_0_based_half_open	34da44f1668bb87a3fb32f7621e499e5ad93aa6d0d5965beb0d6d28779a147f1	paper/ssw_cuda/corpus_manifest.tsv;paper/ssw_cuda/corpus_receipt.json	ssw_cuda_differential_corpus_deterministic_fuzz
pair	ssw_cuda_corpus_case_v1	fuzz-large-0015	ssw_cuda_corpus_case_v1	fuzz-large-0015	fuzz-large-0015:query	fuzz-large-0015:reference	e7b5fc9d31edb1cb0a13904983e043cd494e2525aa78f5ab8077d71f7d94f494	980d8b678895b916b1d87c660653a421c11f9356bf7fe396724bfd04dc24907a	full	full	synthetic	synthetic_sequence_0_based_half_open	39914820bff62246bfa74d9a3230b3613d49a78fcfd7cdd7eafa9163d822dfd2	paper/ssw_cuda/corpus_manifest.tsv;paper/ssw_cuda/corpus_receipt.json	ssw_cuda_differential_corpus_deterministic_fuzz
pair	ssw_cuda_corpus_case_v1	fuzz-large-0016	ssw_cuda_corpus_case_v1	fuzz-large-0016	fuzz-large-0016:query	fuzz-large-0016:reference	4180b1e863683927c44c8d6de46c018e709079fdf8290079158af3e22eb5e186	59806b5ca5c06e683a5925afb09dcd03b2ba6aca5bb6a1ede3c9b3d56e4d4f23	full	full	synthetic	synthetic_sequence_0_based_half_open	05064d84270a8c0c7f8d32926efa9605f68baa007709c3998383bf54f6504996	paper/ssw_cuda/corpus_manifest.tsv;paper/ssw_cuda/corpus_receipt.json	ssw_cuda_differential_corpus_deterministic_fuzz
pair	ssw_cuda_corpus_case_v1	fuzz-large-0017	ssw_cuda_corpus_case_v1	fuzz-large-0017	fuzz-large-0017:query	fuzz-large-0017:reference	187ccb63c460d8c0b3442a50c91d83a78e6d1f4e13fe1b7a723a165e2820868b	0cd277e0d312dfec9dac8f56234c216e8a15d52f8ccc17d7db59be23b3cf493d	full	full	synthetic	synthetic_sequence_0_based_half_open	9ef015ca74c21093c1ab3b0c8da86a9da2fa923c0f5c48de9daf0d1b0cbf6951	paper/ssw_cuda/corpus_manifest.tsv;paper/ssw_cuda/corpus_receipt.json	ssw_cuda_differential_corpus_deterministic_fuzz
pair	ssw_cuda_corpus_case_v1	fuzz-large-0018	ssw_cuda_corpus_case_v1	fuzz-large-0018	fuzz-large-0018:query	fuzz-large-0018:reference	1b1837926a087277f3c1e47434051055cbcc26beabdea3596650b863a4a715fc	70e34a7994d0702d8ad0acb88bb85afb29557959ac8b83c9cfe32d0dd4d5d3ef	full	full	synthetic	synthetic_sequence_0_based_half_open	2d146dec263035adcf16380a98eb3150277e178190821770b10a4e429486cc5b	paper/ssw_cuda/corpus_manifest.tsv;paper/ssw_cuda/corpus_receipt.json	ssw_cuda_differential_corpus_deterministic_fuzz
pair	ssw_cuda_corpus_case_v1	fuzz-large-0019	ssw_cuda_corpus_case_v1	fuzz-large-0019	fuzz-large-0019:query	fuzz-large-0019:reference	466fd88ca52595b5e61af66b939d9cfe2d03e5e091fe0f2eb80ddec942c1629b	95558e8a3dce86b9e6bf1b0eeba6371d81ae9de7fe552a27403932e88ff2595b	full	full	synthetic	synthetic_sequence_0_based_half_open	32701c6ce78489ee70597d2d61e2120c685b377380d255e03495858fe29ac340	paper/ssw_cuda/corpus_manifest.tsv;paper/ssw_cuda/corpus_receipt.json	ssw_cuda_differential_corpus_deterministic_fuzz
pair	ssw_cuda_corpus_case_v1	fuzz-large-0020	ssw_cuda_corpus_case_v1	fuzz-large-0020	fuzz-large-0020:query	fuzz-large-0020:reference	5e5c6cf5d6bde9340d1c762da4fdfc082136a963032b1735ce068004776cc82d	5a7fd67fed2477f93f372eb29c1f6e885501c998e7accb7e7bb5a4f57a0c2c33	full	full	synthetic	synthetic_sequence_0_based_half_open	4a879a342f0576fcc18b9044648ef768afc0c7acc687f4c4db078a907ee1da41	paper/ssw_cuda/corpus_manifest.tsv;paper/ssw_cuda/corpus_receipt.json	ssw_cuda_differential_corpus_deterministic_fuzz
pair	ssw_cuda_corpus_case_v1	fuzz-large-0021	ssw_cuda_corpus_case_v1	fuzz-large-0021	fuzz-large-0021:query	fuzz-large-0021:reference	736b3382f39c99480bf584d787c731f8ff6dd56c8a296fa29918ee1d720b0dd5	536175a0567e1c7f08497e4fcc0d6b424395319f0c4d2cbbcf3c826115e53cf9	full	full	synthetic	synthetic_sequence_0_based_half_open	5941ac418f8787506ecdfbb033f574f3a66144b85b9cd97b5738bcbdd152f863	paper/ssw_cuda/corpus_manifest.tsv;paper/ssw_cuda/corpus_receipt.json	ssw_cuda_differential_corpus_deterministic_fuzz
pair	ssw_cuda_corpus_case_v1	fuzz-large-0022	ssw_cuda_corpus_case_v1	fuzz-large-0022	fuzz-large-0022:query	fuzz-large-0022:reference	cd3e0a4b359326fe986820032b22b24f52d76e1c0a7ffbb11f08d197144cfb81	fe266d66a33822af39a9ba527b4d44876354c7c93e8500cdf62eea05645d5800	full	full	synthetic	synthetic_sequence_0_based_half_open	82e6106531d352e06de38a30f8ba0ff10e7eb01ab89256440603843adca134d9	paper/ssw_cuda/corpus_manifest.tsv;paper/ssw_cuda/corpus_receipt.json	ssw_cuda_differential_corpus_deterministic_fuzz
pair	ssw_cuda_corpus_case_v1	fuzz-large-0023	ssw_cuda_corpus_case_v1	fuzz-large-0023	fuzz-large-0023:query	fuzz-large-0023:reference	2e77cccba5ffc102fbf6d00f275a45b0cf16803411f0fdd3409fec2914185b98	694469be89a766e13681b16aa11c1321bc1734f120f160e4c85f73d16481c3a8	full	full	synthetic	synthetic_sequence_0_based_half_open	eb6d6d057420c79a33b73f16f609c724218b3da91c6ddf2d456af842b0b0feed	paper/ssw_cuda/corpus_manifest.tsv;paper/ssw_cuda/corpus_receipt.json	ssw_cuda_differential_corpus_deterministic_fuzz
pair	ssw_cuda_corpus_case_v1	fuzz-large-0024	ssw_cuda_corpus_case_v1	fuzz-large-0024	fuzz-large-0024:query	fuzz-large-0024:reference	635cddc9c6b617e1d36c8948db2c57919f1709b46cfa23137d7cdb2ffaf9249c	ca93d00edfe807011886d996027970f61051bd1e5dfd0252ba7903d93ea7869b	full	full	synthetic	synthetic_sequence_0_based_half_open	cd7e61054ab36df5e082b228bbab21ac38f4d4788c11535443aded45081eec49	paper/ssw_cuda/corpus_manifest.tsv;paper/ssw_cuda/corpus_receipt.json	ssw_cuda_differential_corpus_deterministic_fuzz
pair	ssw_cuda_corpus_case_v1	fuzz-large-0025	ssw_cuda_corpus_case_v1	fuzz-large-0025	fuzz-large-0025:query	fuzz-large-0025:reference	ee5d6950571d9ab6b1364f36c10fc1557fafe41de005061106ce1874d00c6fb5	a37a7f283714af5a76e20514a3d53363c2f0e1871a407311cc9879ccb46f99c9	full	full	synthetic	synthetic_sequence_0_based_half_open	0ee8bc5ecaa1034e33e9df4986d9d346af1a3a9b7a19e40cebe94aa374bf12d5	paper/ssw_cuda/corpus_manifest.tsv;paper/ssw_cuda/corpus_receipt.json	ssw_cuda_differential_corpus_deterministic_fuzz
pair	ssw_cuda_corpus_case_v1	fuzz-large-0026	ssw_cuda_corpus_case_v1	fuzz-large-0026	fuzz-large-0026:query	fuzz-large-0026:reference	79013670dc5882e965b019863ad5a4837e892f0c1b4d3545f0ef109002620300	bab901931cb4433897f8b9bfc8b76c199c97b8fe798442fcddc631090f9734a8	full	full	synthetic	synthetic_sequence_0_based_half_open	badf306444a60c7d853e07079897fa3774df41fbc5ee6ee0e147c7868e6cde8e	paper/ssw_cuda/corpus_manifest.tsv;paper/ssw_cuda/corpus_receipt.json	ssw_cuda_differential_corpus_deterministic_fuzz
pair	ssw_cuda_corpus_case_v1	fuzz-large-0027	ssw_cuda_corpus_case_v1	fuzz-large-0027	fuzz-large-0027:query	fuzz-large-0027:reference	822183d279f4e763e9be9d8c76d96743ced52426fcdca354d646423a0ced3c77	c790b60d3ba8dcc8897e6938c5b98d3769ffb0a5ae96c3e9da80c1d3c057ec4a	full	full	synthetic	synthetic_sequence_0_based_half_open	c1e53a9479641e6e35c8dde6055f12da953f175c595a548f1eadfe7f23cd76a5	paper/ssw_cuda/corpus_manifest.tsv;paper/ssw_cuda/corpus_receipt.json	ssw_cuda_differential_corpus_deterministic_fuzz
pair	ssw_cuda_corpus_case_v1	fuzz-large-0028	ssw_cuda_corpus_case_v1	fuzz-large-0028	fuzz-large-0028:query	fuzz-large-0028:reference	8fe0322806917a005f73684e9ecb5e942e4768e1865121ea0328bb92927966ff	7eaaf1a8bbec8cff1b08fa42772746beff406409f5954c499cab12ec66bdf3a3	full	full	synthetic	synthetic_sequence_0_based_half_open	ade1f2f81688bef241a0eb21fb2d32d0aed5ff64c51165b745d1f67476b442d4	paper/ssw_cuda/corpus_manifest.tsv;paper/ssw_cuda/corpus_receipt.json	ssw_cuda_differential_corpus_deterministic_fuzz
pair	ssw_cuda_corpus_case_v1	fuzz-large-0029	ssw_cuda_corpus_case_v1	fuzz-large-0029	fuzz-large-0029:query	fuzz-large-0029:reference	004f3e9c1b8133c29802d72c9b6f7431a16479cf2f70577a58700db41afa8607	a198bbb15fe6e259970af522f5b64d35e7442d83a15e20dc81f487ba63da6f3b	full	full	synthetic	synthetic_sequence_0_based_half_open	9bfa631902ba2dbe5157bb2628550db96e0f4894c5b780dbc3a76680cf7c29da	paper/ssw_cuda/corpus_manifest.tsv;paper/ssw_cuda/corpus_receipt.json	ssw_cuda_differential_corpus_deterministic_fuzz
pair	ssw_cuda_corpus_case_v1	fuzz-large-0030	ssw_cuda_corpus_case_v1	fuzz-large-0030	fuzz-large-0030:query	fuzz-large-0030:reference	2df81d4b06209f77bd8075467251ca2ae1a57d94e24700bfe5021d207899786c	246f7d600feab0899544bce038f1c590c357dbe4cd7005129c1b39647fa57017	full	full	synthetic	synthetic_sequence_0_based_half_open	8bbb1fc6f3225c86dc9b9ecbca78b6418183dac5bdf3c748d0ab2ad3827c6ea3	paper/ssw_cuda/corpus_manifest.tsv;paper/ssw_cuda/corpus_receipt.json	ssw_cuda_differential_corpus_deterministic_fuzz
pair	ssw_cuda_corpus_case_v1	fuzz-large-0031	ssw_cuda_corpus_case_v1	fuzz-large-0031	fuzz-large-0031:query	fuzz-large-0031:reference	0a919ad23a9774a95618f3c9f5a8de067c44a9d60a942fa8b4bb877bf647b0a9	dabac84f5d85816a9b63b994872dec84a7d713ce13a9411bf7f2883b2cc300a7	full	full	synthetic	synthetic_sequence_0_based_half_open	cae84250b1ea072b83faa96568a7110f0b853dd19705d3844f508289c3ec5e96	paper/ssw_cuda/corpus_manifest.tsv;paper/ssw_cuda/corpus_receipt.json	ssw_cuda_differential_corpus_deterministic_fuzz
pair	ssw_cuda_corpus_case_v1	fuzz-large-0032	ssw_cuda_corpus_case_v1	fuzz-large-0032	fuzz-large-0032:query	fuzz-large-0032:reference	a7342300c5d82c1af64f17d5f64be083e669baec10f39e387ebd7a34bab9dc7d	90e47c460b15d59c22488c246f3d34071beeb940934cf868aa4d81a20868831f	full	full	synthetic	synthetic_sequence_0_based_half_open	455bcf0aa0239a88ee2427038c89886c89a5f9411950d6f80d1b7f2c63247f5b	paper/ssw_cuda/corpus_manifest.tsv;paper/ssw_cuda/corpus_receipt.json	ssw_cuda_differential_corpus_deterministic_fuzz
pair	ssw_cuda_corpus_case_v1	fuzz-large-0033	ssw_cuda_corpus_case_v1	fuzz-large-0033	fuzz-large-0033:query	fuzz-large-0033:reference	c1a0b98b88ee89cccb284f296e78feb958574b03cd8ee17ed25cae3a4b254d2a	b7c5050e4227f63b021882f046b29c556c2934a6d4c0f9a87c9cc7ecae4909b1	full	full	synthetic	synthetic_sequence_0_based_half_open	bc53dd93b96133fe1373dcbc27a1c384737925919af8c3e9c08d03ac60b1f96f	paper/ssw_cuda/corpus_manifest.tsv;paper/ssw_cuda/corpus_receipt.json	ssw_cuda_differential_corpus_deterministic_fuzz
pair	ssw_cuda_corpus_case_v1	fuzz-large-0034	ssw_cuda_corpus_case_v1	fuzz-large-0034	fuzz-large-0034:query	fuzz-large-0034:reference	b5e025b39b15604f290c3ad31b92a1797d6d7a5111783da7069d659115b10466	b5189ce1cc8607662bf1df1246031186f0d76b0538d1078ce957619c9a125480	full	full	synthetic	synthetic_sequence_0_based_half_open	6bc0cc43e8be5894298c6dcff192f5184d2fea633fbe51b1ed1a7053bc89ba61	paper/ssw_cuda/corpus_manifest.tsv;paper/ssw_cuda/corpus_receipt.json	ssw_cuda_differential_corpus_deterministic_fuzz
pair	ssw_cuda_corpus_case_v1	fuzz-large-0035	ssw_cuda_corpus_case_v1	fuzz-large-0035	fuzz-large-0035:query	fuzz-large-0035:reference	c0c4c9fdb26dba53707e8b63ae352d06b1d44205f7cfcba26b245f64310d108d	e2a0b44d0f4e40e03bace95a39b2d59112c174c972ab3825a9d96ebe7f9414b0	full	full	synthetic	synthetic_sequence_0_based_half_open	c8a2bf0d9c23dd91aaf8de7758b0b703387f5a99593b5723e4765ad14c292ddb	paper/ssw_cuda/corpus_manifest.tsv;paper/ssw_cuda/corpus_receipt.json	ssw_cuda_differential_corpus_deterministic_fuzz
pair	ssw_cuda_corpus_case_v1	fuzz-large-0036	ssw_cuda_corpus_case_v1	fuzz-large-0036	fuzz-large-0036:query	fuzz-large-0036:reference	00a52567898cd5dbaa0329bad3bfc2a033dbb39ae893f5b9ceb8742838f985bd	56bfcf0df1fa4134df43f01ff5ab22d754caa9b3595e1eaa329abed209aba1d7	full	full	synthetic	synthetic_sequence_0_based_half_open	48392761a43c4981720dc8a91902be6de41c7c60e1bc162a15b7a04f988793d6	paper/ssw_cuda/corpus_manifest.tsv;paper/ssw_cuda/corpus_receipt.json	ssw_cuda_differential_corpus_deterministic_fuzz
pair	ssw_cuda_corpus_case_v1	fuzz-large-0037	ssw_cuda_corpus_case_v1	fuzz-large-0037	fuzz-large-0037:query	fuzz-large-0037:reference	a2bb4eb04fc7a43b3028404d3241d6bacaba0d703b01e4ecde2cc21ade9f4ac1	8438d95589d8fa475a543fb1c772a7a531ce8bc636dfa4d2320739d1aa0085ea	full	full	synthetic	synthetic_sequence_0_based_half_open	15879bc11d90b74e551b4df07fadc57aa2dbb3156d6f6445e2d82355ec0149bf	paper/ssw_cuda/corpus_manifest.tsv;paper/ssw_cuda/corpus_receipt.json	ssw_cuda_differential_corpus_deterministic_fuzz
pair	ssw_cuda_corpus_case_v1	fuzz-large-0038	ssw_cuda_corpus_case_v1	fuzz-large-0038	fuzz-large-0038:query	fuzz-large-0038:reference	cf3c63363f4a382bd8daaffbbab109ed1ad854e179b587bacab0c5ee7fc8c670	557851f249299060684863c58c3b79e488bfc6479fe487b63d5ca17245baaba6	full	full	synthetic	synthetic_sequence_0_based_half_open	207a0e917cb480f6854e6302fc12f76297aff46fabd57e2ccd1eb748b616956b	paper/ssw_cuda/corpus_manifest.tsv;paper/ssw_cuda/corpus_receipt.json	ssw_cuda_differential_corpus_deterministic_fuzz
pair	ssw_cuda_corpus_case_v1	fuzz-large-0039	ssw_cuda_corpus_case_v1	fuzz-large-0039	fuzz-large-0039:query	fuzz-large-0039:reference	86f7e81c3886e0c2b68d2616e882bc3cab45f73183f3dfdeb6b77942a30e3c18	0f59f259cb85ff11279124e0e66ff26e578e3fec1f2440783e9b9822f7bdc7de	full	full	synthetic	synthetic_sequence_0_based_half_open	84e83ffb7405f18079375ae41afd03bbaee1cbc248c7a086f6c0807a8c9f1fe1	paper/ssw_cuda/corpus_manifest.tsv;paper/ssw_cuda/corpus_receipt.json	ssw_cuda_differential_corpus_deterministic_fuzz
pair	ssw_cuda_corpus_case_v1	fuzz-large-0040	ssw_cuda_corpus_case_v1	fuzz-large-0040	fuzz-large-0040:query	fuzz-large-0040:reference	7bc155a04783ca1ae8fabc7e2322b3d0ba9e98d8d190d4489311b633094b5bf9	6fc55a92b1cda75eb089f87960acebfc53b3a68c5673f6cdd85c7d8eebcd6b1a	full	full	synthetic	synthetic_sequence_0_based_half_open	9002830a09d5ebda96472388238e38028e5580c15e8eb1a1f0c312c57a4baf2b	paper/ssw_cuda/corpus_manifest.tsv;paper/ssw_cuda/corpus_receipt.json	ssw_cuda_differential_corpus_deterministic_fuzz
pair	ssw_cuda_corpus_case_v1	fuzz-large-0041	ssw_cuda_corpus_case_v1	fuzz-large-0041	fuzz-large-0041:query	fuzz-large-0041:reference	0f323109395f8a507bdbda00eec71ba11eda955875607666639edd72916602fc	14248696dd372deeca0f769a1826d2bd95e122b24be5cde2cf5b4a05a05d38c3	full	full	synthetic	synthetic_sequence_0_based_half_open	1ce3c7a102594f9a7ddc298ed071a28d4f35bada719542eed4ab2b0c486d9489	paper/ssw_cuda/corpus_manifest.tsv;paper/ssw_cuda/corpus_receipt.json	ssw_cuda_differential_corpus_deterministic_fuzz
pair	ssw_cuda_corpus_case_v1	fuzz-large-0042	ssw_cuda_corpus_case_v1	fuzz-large-0042	fuzz-large-0042:query	fuzz-large-0042:reference	b36dcce8cbf1d03ce319976f92ebea38b999f46943c2c3113bacd54df8038b6d	a4df197ed9f6810c23ded4b1afc64abced62e7d4bd59bd6f14c5c9ead84a9bcb	full	full	synthetic	synthetic_sequence_0_based_half_open	5b5a01c7d67fe13d4bcce0f90de55447c1d9018e151ef227d17386d346ee0cfc	paper/ssw_cuda/corpus_manifest.tsv;paper/ssw_cuda/corpus_receipt.json	ssw_cuda_differential_corpus_deterministic_fuzz
pair	ssw_cuda_corpus_case_v1	fuzz-large-0043	ssw_cuda_corpus_case_v1	fuzz-large-0043	fuzz-large-0043:query	fuzz-large-0043:reference	8687c08cb33575ed47bb7effa23b664c28670450abdfe344af51c6bea2e1a943	1562e66b2a37b7dc0aa1cca68c3885338783732fa410a1586875209e6f6f412c	full	full	synthetic	synthetic_sequence_0_based_half_open	f0023da7b9e8baf6dcb971b6fba8a766e92b4268fb074a11aef507f4fad1d0d1	paper/ssw_cuda/corpus_manifest.tsv;paper/ssw_cuda/corpus_receipt.json	ssw_cuda_differential_corpus_deterministic_fuzz
pair	ssw_cuda_corpus_case_v1	fuzz-large-0044	ssw_cuda_corpus_case_v1	fuzz-large-0044	fuzz-large-0044:query	fuzz-large-0044:reference	8e4ed24fba46f2418bd4e949479f2e1a8d4b51f113068a02194f5f2f9b74926e	edaa185ffd5dd65061aac4b44876a163da50af4f80404fe136d9927821dc6ada	full	full	synthetic	synthetic_sequence_0_based_half_open	4645d92ad6638c20198729140134b34f929d32841091e71cf4ed7872889bec90	paper/ssw_cuda/corpus_manifest.tsv;paper/ssw_cuda/corpus_receipt.json	ssw_cuda_differential_corpus_deterministic_fuzz
pair	ssw_cuda_corpus_case_v1	fuzz-large-0045	ssw_cuda_corpus_case_v1	fuzz-large-0045	fuzz-large-0045:query	fuzz-large-0045:reference	b2ff4e36019fc23b546ac354a7efa8203666a6adc19f96a69d19d4a45d9c5d5b	8dc491be3cdd31157b85b87d05cce35fe2c498cd3a8b9cf2bb79c4fd1c1a36c0	full	full	synthetic	synthetic_sequence_0_based_half_open	f010a0d7e49f0412b5ec9b6c09b82a2dd86ce17e103fe82e48b10dadab3a73b0	paper/ssw_cuda/corpus_manifest.tsv;paper/ssw_cuda/corpus_receipt.json	ssw_cuda_differential_corpus_deterministic_fuzz
pair	ssw_cuda_corpus_case_v1	fuzz-large-0046	ssw_cuda_corpus_case_v1	fuzz-large-0046	fuzz-large-0046:query	fuzz-large-0046:reference	b4760586eef0459e0fecb39c06c7f4d67f3a95d7dc5ad6894a17287903bccd39	e6bd077392ef5fc2f78fd00260dcf2add9965a30015dc2ec43889bfc53a0058b	full	full	synthetic	synthetic_sequence_0_based_half_open	ff30953cee2f9a709c2aac8e767e1ad6cb146fb714657b20a7ab1dcc9e850adf	paper/ssw_cuda/corpus_manifest.tsv;paper/ssw_cuda/corpus_receipt.json	ssw_cuda_differential_corpus_deterministic_fuzz
pair	ssw_cuda_corpus_case_v1	fuzz-large-0047	ssw_cuda_corpus_case_v1	fuzz-large-0047	fuzz-large-0047:query	fuzz-large-0047:reference	2da488b0bb2f386a4c3a9bae7e3d6f7fcc777f9150be0889cf3cd5563930419b	d246b92f13d44a894a1268cca6cf66076ce92173ea9e6f5c1585e864e793838d	full	full	synthetic	synthetic_sequence_0_based_half_open	494c63341173c4009f539be0b60ef3c4035039151d6ec6419e4dca620419b5f8	paper/ssw_cuda/corpus_manifest.tsv;paper/ssw_cuda/corpus_receipt.json	ssw_cuda_differential_corpus_deterministic_fuzz
pair	ssw_cuda_corpus_case_v1	fuzz-large-0048	ssw_cuda_corpus_case_v1	fuzz-large-0048	fuzz-large-0048:query	fuzz-large-0048:reference	043570413c4d74a5c9c57cfe20b31cb8d14e47915ea4929f4337492a6fd72d25	566cd6a0693eff0d875f49718365d4636709223024e8e8690a8905881dc4949e	full	full	synthetic	synthetic_sequence_0_based_half_open	40fd7e801230f6921a2139d105dfe9cc71a8951936add9fc961302a29156dec4	paper/ssw_cuda/corpus_manifest.tsv;paper/ssw_cuda/corpus_receipt.json	ssw_cuda_differential_corpus_deterministic_fuzz
pair	ssw_cuda_corpus_case_v1	fuzz-large-0049	ssw_cuda_corpus_case_v1	fuzz-large-0049	fuzz-large-0049:query	fuzz-large-0049:reference	60b0843c57355419f8b54e6aa336b165ceb5bf98f06d25930e642466b6ce7277	3c007044632d3fa0043793ec6a8c01a8ab44ad7d2d1ab62b3c0c11911e8ac9d7	full	full	synthetic	synthetic_sequence_0_based_half_open	3e623fb4e474ffaf8baf458a35c56b8244efa43d3b1e37dabe20036da5e7283d	paper/ssw_cuda/corpus_manifest.tsv;paper/ssw_cuda/corpus_receipt.json	ssw_cuda_differential_corpus_deterministic_fuzz
pair	ssw_cuda_corpus_case_v1	fuzz-large-0050	ssw_cuda_corpus_case_v1	fuzz-large-0050	fuzz-large-0050:query	fuzz-large-0050:reference	fb912abe45b11af729b0636229f87c01011740d9d04eef7945b7eb57feaa13b9	3a416f9b1f9b5e296cfbaea0780943b66ebae95ab8b8c9c335e8b192649ed6e9	full	full	synthetic	synthetic_sequence_0_based_half_open	78d69a3b6a514c610f89065bf657c01eab9208b9c3856d025b63c90c3c1f546f	paper/ssw_cuda/corpus_manifest.tsv;paper/ssw_cuda/corpus_receipt.json	ssw_cuda_differential_corpus_deterministic_fuzz
pair	ssw_cuda_corpus_case_v1	fuzz-large-0051	ssw_cuda_corpus_case_v1	fuzz-large-0051	fuzz-large-0051:query	fuzz-large-0051:reference	c7cd26071c4c14866f9a2a9d3f89a056acf9df5c11b139c05999eef0d6ada393	7ec6f349c51f29edfa21d30b87394234fa9642e1051f8877d8b6dcb6c494882a	full	full	synthetic	synthetic_sequence_0_based_half_open	d73ec62341f4711d506f099d6b25f8f6ae3386700061a2693e5a5e19ffad1b0e	paper/ssw_cuda/corpus_manifest.tsv;paper/ssw_cuda/corpus_receipt.json	ssw_cuda_differential_corpus_deterministic_fuzz
pair	ssw_cuda_corpus_case_v1	fuzz-large-0052	ssw_cuda_corpus_case_v1	fuzz-large-0052	fuzz-large-0052:query	fuzz-large-0052:reference	848e5451cac17372287c38128f7126ae32b25c6085bcb71160ce25dece73513d	59447cd542c6ba510edf636611d222a6c73403f95e571493b8e8c6d8d585c38a	full	full	synthetic	synthetic_sequence_0_based_half_open	ce32ece3e8f78489f1893c07ba1f083db6a29f6045866e3b4734f795e9613b15	paper/ssw_cuda/corpus_manifest.tsv;paper/ssw_cuda/corpus_receipt.json	ssw_cuda_differential_corpus_deterministic_fuzz
pair	ssw_cuda_corpus_case_v1	fuzz-large-0053	ssw_cuda_corpus_case_v1	fuzz-large-0053	fuzz-large-0053:query	fuzz-large-0053:reference	3b87abfc1bb17916795629fe90fbd792c326d507e31e46be6f2360fac0f4f657	6caab26a26925ab5a28f6d60bda95beb723c2b733305ecbe6f1cb762d664607e	full	full	synthetic	synthetic_sequence_0_based_half_open	3fb5124e7da101c4ef03314129442fedc6104570633e4e9105746b6543987f3f	paper/ssw_cuda/corpus_manifest.tsv;paper/ssw_cuda/corpus_receipt.json	ssw_cuda_differential_corpus_deterministic_fuzz
pair	ssw_cuda_corpus_case_v1	fuzz-large-0054	ssw_cuda_corpus_case_v1	fuzz-large-0054	fuzz-large-0054:query	fuzz-large-0054:reference	c49026168bf58cdc3a7c59390eff7ab44c2e089f42dc51db0e2bfcc370a33119	b32170e05306f0e4499208db8c3e3539538c0d6a91260b2f4100112dadb07d71	full	full	synthetic	synthetic_sequence_0_based_half_open	ed43c9790ab1fddba8fda59ec1a35c19aac1638fa2603ab25300204252937ea5	paper/ssw_cuda/corpus_manifest.tsv;paper/ssw_cuda/corpus_receipt.json	ssw_cuda_differential_corpus_deterministic_fuzz
pair	ssw_cuda_corpus_case_v1	fuzz-large-0055	ssw_cuda_corpus_case_v1	fuzz-large-0055	fuzz-large-0055:query	fuzz-large-0055:reference	6186ef8ab964522123af425a9f0fd2fd9a76150a79028e1030347ff5f4a824c4	119826df6424a28867e67e9fee0517235195adbaf4a464120a2079ec0a86767b	full	full	synthetic	synthetic_sequence_0_based_half_open	8896dac254681ccde70dceeade3ca82580398d3200c02ff81d9694eacbb01041	paper/ssw_cuda/corpus_manifest.tsv;paper/ssw_cuda/corpus_receipt.json	ssw_cuda_differential_corpus_deterministic_fuzz
pair	ssw_cuda_corpus_case_v1	fuzz-large-0056	ssw_cuda_corpus_case_v1	fuzz-large-0056	fuzz-large-0056:query	fuzz-large-0056:reference	d84c42abb768d83eed5954dae99cd310b4c566975b96854049469a839ca9b821	288e3cd4f60ef783f29310196911a8a7210bd99d2c7507cf51adb324b052bfa6	full	full	synthetic	synthetic_sequence_0_based_half_open	abb3cfda28239da33bbba8b6f1111fc79a42a32173a91ed7a78d07388f04b26c	paper/ssw_cuda/corpus_manifest.tsv;paper/ssw_cuda/corpus_receipt.json	ssw_cuda_differential_corpus_deterministic_fuzz
pair	ssw_cuda_corpus_case_v1	fuzz-large-0057	ssw_cuda_corpus_case_v1	fuzz-large-0057	fuzz-large-0057:query	fuzz-large-0057:reference	11d85985cf3c4ba04b649b64176f2b041d9f5d3eb82529a7498ca550f7e0ee51	6f44f4af302d8b56cbd4fbe47fe34e72689c894de67b684e22f04fad23bb866e	full	full	synthetic	synthetic_sequence_0_based_half_open	8eefe5e9c667886556a49950ccada5094ea450422e0feabbbbbbc6b80f2faf3d	paper/ssw_cuda/corpus_manifest.tsv;paper/ssw_cuda/corpus_receipt.json	ssw_cuda_differential_corpus_deterministic_fuzz
pair	ssw_cuda_corpus_case_v1	fuzz-large-0058	ssw_cuda_corpus_case_v1	fuzz-large-0058	fuzz-large-0058:query	fuzz-large-0058:reference	cc60d53b1c37a554f5404d8aab65bf38b2244d4618eb5c61c1c83ce90f182839	c17438699cd6c9b6f5223720f55f967c7fe959d784628519de422f8c4b44da5f	full	full	synthetic	synthetic_sequence_0_based_half_open	4ced18308ed50d84d1aaa9b8858626eef1ad096ea342b1f0442e449d612ee201	paper/ssw_cuda/corpus_manifest.tsv;paper/ssw_cuda/corpus_receipt.json	ssw_cuda_differential_corpus_deterministic_fuzz
pair	ssw_cuda_corpus_case_v1	fuzz-large-0059	ssw_cuda_corpus_case_v1	fuzz-large-0059	fuzz-large-0059:query	fuzz-large-0059:reference	18b6544994bc3d8297f218a843810d8af79c12ef23705e1bf5750c0cb4ba1ffc	5b03fd7fff6c12fb55442d93ed37bbb576b9f0c02335ff5f50f257e092aa65d9	full	full	synthetic	synthetic_sequence_0_based_half_open	5f544f978e7187b0f295ce1c96a93cdfd4c52e77efe45af49c855e421873fac7	paper/ssw_cuda/corpus_manifest.tsv;paper/ssw_cuda/corpus_receipt.json	ssw_cuda_differential_corpus_deterministic_fuzz
pair	ssw_cuda_corpus_case_v1	fuzz-large-0060	ssw_cuda_corpus_case_v1	fuzz-large-0060	fuzz-large-0060:query	fuzz-large-0060:reference	73902040aadd47ca5728ebea5bd358084a7433075a8f60c853f41185556502e8	06269efd8457b5af957885d0c8b8a9821ba68534091779c2464dd401420ace89	full	full	synthetic	synthetic_sequence_0_based_half_open	14f20e83ab8547637730e644b6418205d4b0bd3b25f38903f27c632075531c28	paper/ssw_cuda/corpus_manifest.tsv;paper/ssw_cuda/corpus_receipt.json	ssw_cuda_differential_corpus_deterministic_fuzz
pair	ssw_cuda_corpus_case_v1	fuzz-large-0061	ssw_cuda_corpus_case_v1	fuzz-large-0061	fuzz-large-0061:query	fuzz-large-0061:reference	07958654d5b8af8e44be9f15db05bf2178476e483e551c4d612b0c69ed50cefc	fa97f1d47e3c511ee949e6674ed6f7ca1c21797fcc6dfac0d7c6bc7e82b024b4	full	full	synthetic	synthetic_sequence_0_based_half_open	f9c93ad4f724bd8f9fe80fb6db739ecdab8ee8e1609870e690934f6f09c3fe18	paper/ssw_cuda/corpus_manifest.tsv;paper/ssw_cuda/corpus_receipt.json	ssw_cuda_differential_corpus_deterministic_fuzz
pair	ssw_cuda_corpus_case_v1	fuzz-large-0062	ssw_cuda_corpus_case_v1	fuzz-large-0062	fuzz-large-0062:query	fuzz-large-0062:reference	1a6a06bff75bd386b482980982fb9745fda4fd6ebea6619b7f5feecdabbeb48b	3610dca3ad514649db1b62ee813ed9875488b21c0e240aa16c49a529d7be5597	full	full	synthetic	synthetic_sequence_0_based_half_open	6a9de6436f7aec3fdee343b76898d0c5d9dc9627c94d87155f8bf582b94ff071	paper/ssw_cuda/corpus_manifest.tsv;paper/ssw_cuda/corpus_receipt.json	ssw_cuda_differential_corpus_deterministic_fuzz
pair	ssw_cuda_corpus_case_v1	fuzz-large-0063	ssw_cuda_corpus_case_v1	fuzz-large-0063	fuzz-large-0063:query	fuzz-large-0063:reference	2f5a5338746c8c9c5c7856a97c136ccccb1cd1c00d6bd86f793c7789ca860033	cb903fbe66230a137e2bc95ec62648361d89df6822b4a4685908d3c63baf9391	full	full	synthetic	synthetic_sequence_0_based_half_open	001a0f7440b46392269f23b6c75f10e613dece7f066a10e67d8bcf30e539e474	paper/ssw_cuda/corpus_manifest.tsv;paper/ssw_cuda/corpus_receipt.json	ssw_cuda_differential_corpus_deterministic_fuzz
pair	ssw_cuda_corpus_case_v1	fuzz-large-0064	ssw_cuda_corpus_case_v1	fuzz-large-0064	fuzz-large-0064:query	fuzz-large-0064:reference	a2c97c79261eb135208a304da7a94b68f4d67e5f1afe9afb77e0b50fbe8afd57	cec627ff4f0f77dabfdb0874fd8666f89d8dd55b90a6a4e5b125f179933b6d74	full	full	synthetic	synthetic_sequence_0_based_half_open	d3779d1005c741b72935fa2b055367746c9664b96b4e64b775ab0ca7a659e107	paper/ssw_cuda/corpus_manifest.tsv;paper/ssw_cuda/corpus_receipt.json	ssw_cuda_differential_corpus_deterministic_fuzz
pair	ssw_cuda_corpus_case_v1	fuzz-large-0065	ssw_cuda_corpus_case_v1	fuzz-large-0065	fuzz-large-0065:query	fuzz-large-0065:reference	3f88d7df012bdd8809ac7ab1dcd5cfa47fcc74ef24c6a4d80319c2aacc75482a	0bb3fdf7b35960ca5fc0dce7a220f6144a62713f0a892ecb0c5f5a413f73f4b6	full	full	synthetic	synthetic_sequence_0_based_half_open	1cdcbe3c5e07bd58184aa3b306eba363f12ad20c19b9b630f4b69649dcce34ff	paper/ssw_cuda/corpus_manifest.tsv;paper/ssw_cuda/corpus_receipt.json	ssw_cuda_differential_corpus_deterministic_fuzz
pair	ssw_cuda_corpus_case_v1	fuzz-large-0066	ssw_cuda_corpus_case_v1	fuzz-large-0066	fuzz-large-0066:query	fuzz-large-0066:reference	ec84c9f8e5d3ea89f02606c50fdbd4361a09161c5fb1dd501e175a201b7f2687	eff7202c6efa796854897ac9b848b11162cbbd2b4dded3619db869ca5c7c20b0	full	full	synthetic	synthetic_sequence_0_based_half_open	3dc3fefb61bad7b143691e473cc5a85c6d1df9d93fcad6d591bb5bb0fc1c58f0	paper/ssw_cuda/corpus_manifest.tsv;paper/ssw_cuda/corpus_receipt.json	ssw_cuda_differential_corpus_deterministic_fuzz
pair	ssw_cuda_corpus_case_v1	fuzz-large-0067	ssw_cuda_corpus_case_v1	fuzz-large-0067	fuzz-large-0067:query	fuzz-large-0067:reference	514c4b2e53027a19017d8a85b303dbdc2771c1120e67922b17dbc99a7f8cc138	25b51450141768171bc2ed8e1025d2a8dda6567a207a9c28818a93cefede7491	full	full	synthetic	synthetic_sequence_0_based_half_open	64795a2e1de5e030d5c32e75c88bdc18a65ac5218ccf5c9f095be36d37be7615	paper/ssw_cuda/corpus_manifest.tsv;paper/ssw_cuda/corpus_receipt.json	ssw_cuda_differential_corpus_deterministic_fuzz
pair	ssw_cuda_corpus_case_v1	fuzz-large-0068	ssw_cuda_corpus_case_v1	fuzz-large-0068	fuzz-large-0068:query	fuzz-large-0068:reference	4585404c0403cc8eab562367c729c2d027c3d7aef458558a6fe23c2530948ea6	2ea373cb403c9cb908a2e754799c17dd112c1e3659a365c58d23a2b815d1e67d	full	full	synthetic	synthetic_sequence_0_based_half_open	59bb664f21a9acc6981e6cd2e74527f4e0e7f1d51fb54afe44fe600dfd837e14	paper/ssw_cuda/corpus_manifest.tsv;paper/ssw_cuda/corpus_receipt.json	ssw_cuda_differential_corpus_deterministic_fuzz
pair	ssw_cuda_corpus_case_v1	fuzz-large-0069	ssw_cuda_corpus_case_v1	fuzz-large-0069	fuzz-large-0069:query	fuzz-large-0069:reference	093974f8ccd16245f24bfa8f636d481a2d18c6fb80b5a9c3f13cdd2c9a7b5863	aada57942d1dc1439c94c602447aee78e53463397e39f4a16bb6fde214dc9d92	full	full	synthetic	synthetic_sequence_0_based_half_open	36f741353e96de0b6675c0ce6addf73eb6308469eddeb014c26986dcd278e856	paper/ssw_cuda/corpus_manifest.tsv;paper/ssw_cuda/corpus_receipt.json	ssw_cuda_differential_corpus_deterministic_fuzz
pair	ssw_cuda_corpus_case_v1	fuzz-large-0070	ssw_cuda_corpus_case_v1	fuzz-large-0070	fuzz-large-0070:query	fuzz-large-0070:reference	c922794b43cb7aaa574c682650f1dbc8129817f8df5716988c2e6f54e85187a0	8d58553d4392f563759b2415feb6465184c626bf83c870c61cd787b02267daee	full	full	synthetic	synthetic_sequence_0_based_half_open	d61169b463a43d2361c4d30756ff64a6967018143d66cab56660994d86c45864	paper/ssw_cuda/corpus_manifest.tsv;paper/ssw_cuda/corpus_receipt.json	ssw_cuda_differential_corpus_deterministic_fuzz
pair	ssw_cuda_corpus_case_v1	fuzz-large-0071	ssw_cuda_corpus_case_v1	fuzz-large-0071	fuzz-large-0071:query	fuzz-large-0071:reference	3116ff3de2bf697d432dc96d8b85bbb562693a201c60d849bd1f90be837a844c	a9030e2cf5868ef58ff504ece7eec62465de767cf762e4fc429d2a4e4f49c695	full	full	synthetic	synthetic_sequence_0_based_half_open	70fd32f35ab4ec2b4826b584506a55da05936077781718bc8cd3544d6356e020	paper/ssw_cuda/corpus_manifest.tsv;paper/ssw_cuda/corpus_receipt.json	ssw_cuda_differential_corpus_deterministic_fuzz
pair	ssw_cuda_corpus_case_v1	fuzz-large-0072	ssw_cuda_corpus_case_v1	fuzz-large-0072	fuzz-large-0072:query	fuzz-large-0072:reference	04ba0d3f185796d812743302de2ddc87c5253573dc8001503c06cb71daaa5b07	187413ff13278b5987e2ceb26ea8ce74204a3d49e8a6fd4ae125d5888ed0da24	full	full	synthetic	synthetic_sequence_0_based_half_open	09aac5a7288400b8fb791ee0c8103cc554c99c60498d5eabdc903f84ca91e452	paper/ssw_cuda/corpus_manifest.tsv;paper/ssw_cuda/corpus_receipt.json	ssw_cuda_differential_corpus_deterministic_fuzz
pair	ssw_cuda_corpus_case_v1	fuzz-large-0073	ssw_cuda_corpus_case_v1	fuzz-large-0073	fuzz-large-0073:query	fuzz-large-0073:reference	082140101ecb23a1269b390da0990c5897572e9f0f65a572fce4f2047e1517ca	6897acaa5e9b0c5e539c76b77fa602407d68b5538ec4981ed2dbc315076444e4	full	full	synthetic	synthetic_sequence_0_based_half_open	0bbf9bc783cb9e52118b907b3fd02cbd9cdb325d0cf30b2a2da71fe040daabef	paper/ssw_cuda/corpus_manifest.tsv;paper/ssw_cuda/corpus_receipt.json	ssw_cuda_differential_corpus_deterministic_fuzz
pair	ssw_cuda_corpus_case_v1	fuzz-large-0074	ssw_cuda_corpus_case_v1	fuzz-large-0074	fuzz-large-0074:query	fuzz-large-0074:reference	9800307ea94555f51631f8dd8c55d443c80ca94212d021bfe4210ba4ffbe03ab	653669299c9a1a58f12095c59b7df7a438d96fb6c24c4cfb9566f72b7d32e0e1	full	full	synthetic	synthetic_sequence_0_based_half_open	38e2168b562f342077318c655abe4c92ae04d7e297c2d822bb582fdf0bf4549e	paper/ssw_cuda/corpus_manifest.tsv;paper/ssw_cuda/corpus_receipt.json	ssw_cuda_differential_corpus_deterministic_fuzz
pair	ssw_cuda_corpus_case_v1	fuzz-large-0075	ssw_cuda_corpus_case_v1	fuzz-large-0075	fuzz-large-0075:query	fuzz-large-0075:reference	687a5a405edf1256df0690865d0504682bbc0a9895ef0a2d6eeca1958369ad81	0ebb3f933d3e9db496071088a0b93e6b037443fb27a37c5b049d9f4c3ddfc847	full	full	synthetic	synthetic_sequence_0_based_half_open	d44095d4d1ba7a416ad9bdd0592efbd758c4ed68f6bb6f1d3b962814cc959a6a	paper/ssw_cuda/corpus_manifest.tsv;paper/ssw_cuda/corpus_receipt.json	ssw_cuda_differential_corpus_deterministic_fuzz
pair	ssw_cuda_corpus_case_v1	fuzz-large-0076	ssw_cuda_corpus_case_v1	fuzz-large-0076	fuzz-large-0076:query	fuzz-large-0076:reference	6b13f875d7ffbb17bff5360608b88e07fc910efe0e07baf03a7b69e9429ce71e	0beedea0b06c0d201108e72374a007960f8ee6777651c12ca962779246ca6944	full	full	synthetic	synthetic_sequence_0_based_half_open	7162cb8b6beab97fade30cd36e31b6d2c6d00ca49e33b9e9b73dc37e0cc0c4c6	paper/ssw_cuda/corpus_manifest.tsv;paper/ssw_cuda/corpus_receipt.json	ssw_cuda_differential_corpus_deterministic_fuzz
pair	ssw_cuda_corpus_case_v1	fuzz-large-0077	ssw_cuda_corpus_case_v1	fuzz-large-0077	fuzz-large-0077:query	fuzz-large-0077:reference	38c84cfb4247d00c85c82b53e6b22ff7c3a226faa08edc9dd0433a590f4d079f	5259b99027b205c0aae7c4cf0c4969d06b8d3ccbcaa0353a2050caca02efd5b3	full	full	synthetic	synthetic_sequence_0_based_half_open	c6dec30bde910fbe2d842501882755c38b112aa5ead5f335827ffc4c5caf18de	paper/ssw_cuda/corpus_manifest.tsv;paper/ssw_cuda/corpus_receipt.json	ssw_cuda_differential_corpus_deterministic_fuzz
pair	ssw_cuda_corpus_case_v1	fuzz-large-0078	ssw_cuda_corpus_case_v1	fuzz-large-0078	fuzz-large-0078:query	fuzz-large-0078:reference	1c795ba0b4a8bae8e9a117ef6c38b522db482316d1aa90c649f9963bd172f739	67c1a89f321763130e7442308b5887c3b61e7f2f2860dcc1d2340f37f3125a64	full	full	synthetic	synthetic_sequence_0_based_half_open	6ded00ee0262210a850de76818b3418e0c7f4ebe9882b78fe44ee6d00a645cc1	paper/ssw_cuda/corpus_manifest.tsv;paper/ssw_cuda/corpus_receipt.json	ssw_cuda_differential_corpus_deterministic_fuzz
pair	ssw_cuda_corpus_case_v1	fuzz-large-0079	ssw_cuda_corpus_case_v1	fuzz-large-0079	fuzz-large-0079:query	fuzz-large-0079:reference	f00f3d86ba28a38246e8ef7bb80efb3d545ea3f06c089b25ccdfebb253b905f3	7620e3c6f139cc2c21a5adcb3e1ca70fa63b45f79809cb0e124252057a4f8e6c	full	full	synthetic	synthetic_sequence_0_based_half_open	ca4e4a6816b8e490610f1381f6e4d4c1c10f81f790393e4315153a5d62c179b9	paper/ssw_cuda/corpus_manifest.tsv;paper/ssw_cuda/corpus_receipt.json	ssw_cuda_differential_corpus_deterministic_fuzz
pair	ssw_cuda_corpus_case_v1	fuzz-large-0080	ssw_cuda_corpus_case_v1	fuzz-large-0080	fuzz-large-0080:query	fuzz-large-0080:reference	5aa7da484433d4ad60f18460bea549a39ec8e8b0b04ee07435d3dd46eef21fe6	ce4091ffe20cbaa3fb0692f541cae34693cb5fb185465e2164a2a076b9edc1d0	full	full	synthetic	synthetic_sequence_0_based_half_open	749c3f7ad929d382651386249451893f74e416767091de8a494f8b9e996e8933	paper/ssw_cuda/corpus_manifest.tsv;paper/ssw_cuda/corpus_receipt.json	ssw_cuda_differential_corpus_deterministic_fuzz
pair	ssw_cuda_corpus_case_v1	fuzz-large-0081	ssw_cuda_corpus_case_v1	fuzz-large-0081	fuzz-large-0081:query	fuzz-large-0081:reference	1307bf40b88217b244a00c4b4fa4aec38f6e00871e1a9d4723662efdf9aa78e6	2b2021161a210b6ebf4f826d82276e92c8ee6a12cf669092e1d588c9ea9da178	full	full	synthetic	synthetic_sequence_0_based_half_open	878179cb18c2e0a76c6e7fbe01824eb78f650917958a76effdf4d4acc0e320ee	paper/ssw_cuda/corpus_manifest.tsv;paper/ssw_cuda/corpus_receipt.json	ssw_cuda_differential_corpus_deterministic_fuzz
pair	ssw_cuda_corpus_case_v1	fuzz-large-0082	ssw_cuda_corpus_case_v1	fuzz-large-0082	fuzz-large-0082:query	fuzz-large-0082:reference	73a4dbd5f3bfd23190a34d7d0c803b9353cd7a60bc99e78168df536318161804	270b6aebc50c3c36499072e10d0b733415c1cf59e5575ec2a2a8696ad35387d7	full	full	synthetic	synthetic_sequence_0_based_half_open	b73e6fd5d96a3c740c0c109e5cde61b3585fc3623223e43bfe564048e9579844	paper/ssw_cuda/corpus_manifest.tsv;paper/ssw_cuda/corpus_receipt.json	ssw_cuda_differential_corpus_deterministic_fuzz
pair	ssw_cuda_corpus_case_v1	fuzz-large-0083	ssw_cuda_corpus_case_v1	fuzz-large-0083	fuzz-large-0083:query	fuzz-large-0083:reference	610065d7974d8af4d5249e58c9430fac7e02fbe84eb29e6b8db9eb39a9f33398	16621d94564e5fbeb1ac0fc276736eaa3b0186c5498d5981a7b39fc97b2a792a	full	full	synthetic	synthetic_sequence_0_based_half_open	b07a4da834a90f5d8dfecdf46cf5dca9a5f0c67df0e86e530e3cdb5052ec76ff	paper/ssw_cuda/corpus_manifest.tsv;paper/ssw_cuda/corpus_receipt.json	ssw_cuda_differential_corpus_deterministic_fuzz
pair	ssw_cuda_corpus_case_v1	fuzz-large-0084	ssw_cuda_corpus_case_v1	fuzz-large-0084	fuzz-large-0084:query	fuzz-large-0084:reference	5b80dc8c5a562fc8fa4c7e7ceb83c5c09cfcba7b8916c1e265e735ce82d4d902	8b4eb34c1669053de68ff0241f3f5509f19ada9de7996185dcce27ed942587f8	full	full	synthetic	synthetic_sequence_0_based_half_open	ec3e7ec46b2e00e42f114d43c291851813d9f407149a9b08538aded29423efae	paper/ssw_cuda/corpus_manifest.tsv;paper/ssw_cuda/corpus_receipt.json	ssw_cuda_differential_corpus_deterministic_fuzz
pair	ssw_cuda_corpus_case_v1	fuzz-large-0085	ssw_cuda_corpus_case_v1	fuzz-large-0085	fuzz-large-0085:query	fuzz-large-0085:reference	b53a4a52b86f04ab2e72e2af6d7c3bfbceb2c032301011de8e34b25542e5d509	21c705f52b109337a9dbe243acd641dbfa8a35ba0102db21961e63992823ea62	full	full	synthetic	synthetic_sequence_0_based_half_open	3b5aeacefb85068e125a21b33191b2596bb4f4836aa0b9c5623e17250978d479	paper/ssw_cuda/corpus_manifest.tsv;paper/ssw_cuda/corpus_receipt.json	ssw_cuda_differential_corpus_deterministic_fuzz
pair	ssw_cuda_corpus_case_v1	fuzz-large-0086	ssw_cuda_corpus_case_v1	fuzz-large-0086	fuzz-large-0086:query	fuzz-large-0086:reference	2b95ad045085876a22cfc3a38c2f304b84750842ac6a05261725aac8ceb17d06	d6e805727b564325764fc9094d87af85fd185c29d9a48a46c60e2bb563af1f21	full	full	synthetic	synthetic_sequence_0_based_half_open	9c7cc6ba12ac1b227312eeed57f7c3ca385a176af09ef56fc401d0c7b405472f	paper/ssw_cuda/corpus_manifest.tsv;paper/ssw_cuda/corpus_receipt.json	ssw_cuda_differential_corpus_deterministic_fuzz
pair	ssw_cuda_corpus_case_v1	fuzz-large-0087	ssw_cuda_corpus_case_v1	fuzz-large-0087	fuzz-large-0087:query	fuzz-large-0087:reference	40a06879cc4a33f2e828c1e7e595710d1bfcee194bf895a55a811b30f89508b8	db0a81fd2c8bb3d37143233f408cc6769379b71335dc19aea8ff24b39dbbad4d	full	full	synthetic	synthetic_sequence_0_based_half_open	50947fab694deb0c83038e57ffb60b2c2563f6c9270c35f84d45b9d235e74e5f	paper/ssw_cuda/corpus_manifest.tsv;paper/ssw_cuda/corpus_receipt.json	ssw_cuda_differential_corpus_deterministic_fuzz
pair	ssw_cuda_corpus_case_v1	fuzz-large-0088	ssw_cuda_corpus_case_v1	fuzz-large-0088	fuzz-large-0088:query	fuzz-large-0088:reference	327b204d777106cf1fc44caf007d338734e36e14837ca1925670b4ca4daedd05	a7846afcd393f5b18515ccb1a7565c359fad2cf11aaa92d58eb5fee79e0f03d8	full	full	synthetic	synthetic_sequence_0_based_half_open	7c8b374237edbc7f374ad9798906b3fca1b0aca5857bf86cb745d64c245d3d73	paper/ssw_cuda/corpus_manifest.tsv;paper/ssw_cuda/corpus_receipt.json	ssw_cuda_differential_corpus_deterministic_fuzz
pair	ssw_cuda_corpus_case_v1	fuzz-large-0089	ssw_cuda_corpus_case_v1	fuzz-large-0089	fuzz-large-0089:query	fuzz-large-0089:reference	4165ca2a7e5ff9fbbc5a8d451bbd4191f6beb029ae2e3c541119bfd835ccc38c	b3baa289a3a25eb1f145e7a9b3275b7de5a89cfad5bf7355ed8180fcbcac39a6	full	full	synthetic	synthetic_sequence_0_based_half_open	c5adcdefc423259c0c93577e4da7bcf022a083394311737fe24ff40303f69f4d	paper/ssw_cuda/corpus_manifest.tsv;paper/ssw_cuda/corpus_receipt.json	ssw_cuda_differential_corpus_deterministic_fuzz
pair	ssw_cuda_corpus_case_v1	fuzz-large-0090	ssw_cuda_corpus_case_v1	fuzz-large-0090	fuzz-large-0090:query	fuzz-large-0090:reference	9226a8cbd073a14e78c593d6428f32c2ea93af70ec6f68fb27af686722b531ee	4a789c45e23927e01af7185079aa30e70eabec8febd183bd5ddd45840db76608	full	full	synthetic	synthetic_sequence_0_based_half_open	504ab885ff39825141b4a88bdb50799fc02f628d374f3f6976a38a22210094cb	paper/ssw_cuda/corpus_manifest.tsv;paper/ssw_cuda/corpus_receipt.json	ssw_cuda_differential_corpus_deterministic_fuzz
pair	ssw_cuda_corpus_case_v1	fuzz-large-0091	ssw_cuda_corpus_case_v1	fuzz-large-0091	fuzz-large-0091:query	fuzz-large-0091:reference	76b955d11a260a41dc3876e0dffe4c8c0f5937f578ce5db1bf4c73f1ebcb0e38	13e49cd6b14cb79aad3e76a437d65a153eb1b33a8e489a49fc6f635db5fd3ac7	full	full	synthetic	synthetic_sequence_0_based_half_open	70bfe3b124c2051fb6eaee82c34ace99296f533f7100de795dda350d2fe28266	paper/ssw_cuda/corpus_manifest.tsv;paper/ssw_cuda/corpus_receipt.json	ssw_cuda_differential_corpus_deterministic_fuzz
pair	ssw_cuda_corpus_case_v1	fuzz-large-0092	ssw_cuda_corpus_case_v1	fuzz-large-0092	fuzz-large-0092:query	fuzz-large-0092:reference	7ab5f4021103055916bf332d6605c94882734271015213951792569643487336	51c5e2205e75fdc2df53145e0ea5838c987f93ee1a09ed1370c3523faa30cbd5	full	full	synthetic	synthetic_sequence_0_based_half_open	80710a2116429c1257a75d41ae73c101271776231208beda727dcfe0187662d1	paper/ssw_cuda/corpus_manifest.tsv;paper/ssw_cuda/corpus_receipt.json	ssw_cuda_differential_corpus_deterministic_fuzz
pair	ssw_cuda_corpus_case_v1	fuzz-large-0093	ssw_cuda_corpus_case_v1	fuzz-large-0093	fuzz-large-0093:query	fuzz-large-0093:reference	00e9ee86aefbfa0671b81ba2147c14aafde4ab30fc0baffee9b3c055e73e9e3b	b792c4e593055becf413107f01a95d1a0cda8fc0587c5e2071f1fc2536c65c12	full	full	synthetic	synthetic_sequence_0_based_half_open	8802abfb11fe1478226e8e14c364dd3b55238c42c3e769358d07dc9eb97ab8bf	paper/ssw_cuda/corpus_manifest.tsv;paper/ssw_cuda/corpus_receipt.json	ssw_cuda_differential_corpus_deterministic_fuzz
pair	ssw_cuda_corpus_case_v1	fuzz-large-0094	ssw_cuda_corpus_case_v1	fuzz-large-0094	fuzz-large-0094:query	fuzz-large-0094:reference	e9dfdcdfd1a0dfeffdbf7919c896440b52abe368c57b320e0b64d4527aa72a46	3d6f1c958574f70711ffdd12a92a07d32b56bdc11f3b15a921143761d18c9d9b	full	full	synthetic	synthetic_sequence_0_based_half_open	42a2415f17dcb6347542780b9bbe63831c568672b0681c14e44a330f8bd5557b	paper/ssw_cuda/corpus_manifest.tsv;paper/ssw_cuda/corpus_receipt.json	ssw_cuda_differential_corpus_deterministic_fuzz
pair	ssw_cuda_corpus_case_v1	fuzz-large-0095	ssw_cuda_corpus_case_v1	fuzz-large-0095	fuzz-large-0095:query	fuzz-large-0095:reference	ca915ff808158ef350fae505bc79e3f87c5a398319c13eb8e8ed71d477ea3b48	e4c0fd1d6c536ea89c56ad4132d5ec112fa067127b4017026f9eaffe63f023c3	full	full	synthetic	synthetic_sequence_0_based_half_open	6f1c13cf9234916192ce137ea748d2cd340f240dd312f1d144b1bd8c7fe175bc	paper/ssw_cuda/corpus_manifest.tsv;paper/ssw_cuda/corpus_receipt.json	ssw_cuda_differential_corpus_deterministic_fuzz
pair	ssw_cuda_corpus_case_v1	fuzz-large-0096	ssw_cuda_corpus_case_v1	fuzz-large-0096	fuzz-large-0096:query	fuzz-large-0096:reference	f9188000341e645c26b53337c2b644d25a1447b6b1b9df74b509901aa6571a97	62380f778cf27ec9e2ae8ff4a2e55e23e747a4aff0455a813a7502b40cac1553	full	full	synthetic	synthetic_sequence_0_based_half_open	27c1cae9be8ec71c848a6492a0a2c7e37bd16760470a8bc2e063a4e51f2d6af4	paper/ssw_cuda/corpus_manifest.tsv;paper/ssw_cuda/corpus_receipt.json	ssw_cuda_differential_corpus_deterministic_fuzz
pair	ssw_cuda_corpus_case_v1	fuzz-large-0097	ssw_cuda_corpus_case_v1	fuzz-large-0097	fuzz-large-0097:query	fuzz-large-0097:reference	229ea7f67dd0f555eaa88e6390febabd0ee3caf348a3ccc695b024f0454f1ed1	90a24c8bfaddf0b9cda08ef7526854720a2c8f235bbe6f53d7a706655aafaa8e	full	full	synthetic	synthetic_sequence_0_based_half_open	737467dc0b1335ca99700c440cdd6e75d7e50e04746aedc75fe9efa1f54e4ce8	paper/ssw_cuda/corpus_manifest.tsv;paper/ssw_cuda/corpus_receipt.json	ssw_cuda_differential_corpus_deterministic_fuzz
pair	ssw_cuda_corpus_case_v1	fuzz-large-0098	ssw_cuda_corpus_case_v1	fuzz-large-0098	fuzz-large-0098:query	fuzz-large-0098:reference	9ae71ac6ad8d3851e639723df875d1f63087aa2dab44666b4a68db154245310d	3b0593cccb8a9bc5abd021d4d7c662b8a4dd7a254637f4eb4cbb18ea9e018210	full	full	synthetic	synthetic_sequence_0_based_half_open	c6526e00206924140246351b027cc8980532dd40a929095ed263d26debd3ac9e	paper/ssw_cuda/corpus_manifest.tsv;paper/ssw_cuda/corpus_receipt.json	ssw_cuda_differential_corpus_deterministic_fuzz
pair	ssw_cuda_corpus_case_v1	fuzz-large-0099	ssw_cuda_corpus_case_v1	fuzz-large-0099	fuzz-large-0099:query	fuzz-large-0099:reference	ad63c40734f52a518a69a0100f4ec6272e6559ae5218bb6ba3dc9757b7fa0a72	1c4f7971e5a556e349c4a085fd68df3b9de8e9048554dc7e207c11916034e98c	full	full	synthetic	synthetic_sequence_0_based_half_open	0549ab23551eb36d9039570d4e66bbfd0ef5997fcc3302de65f160eeb02f0c12	paper/ssw_cuda/corpus_manifest.tsv;paper/ssw_cuda/corpus_receipt.json	ssw_cuda_differential_corpus_deterministic_fuzz
pair	ssw_cuda_corpus_case_v1	fuzz-large-0100	ssw_cuda_corpus_case_v1	fuzz-large-0100	fuzz-large-0100:query	fuzz-large-0100:reference	83e8e1ab8b9a86607e9f1064c4a20a94e39ddc1efeb4520da93e5a1f5ebee3d0	f235539570c28922bd9e931e5b5545f55dc38af46502ac8f0329b698c009b7cb	full	full	synthetic	synthetic_sequence_0_based_half_open	1b6fa487fa318c78c8f6283b92b3a5f0d4e86deb2a4ed6c5f5e3c6d118dd8d09	paper/ssw_cuda/corpus_manifest.tsv;paper/ssw_cuda/corpus_receipt.json	ssw_cuda_differential_corpus_deterministic_fuzz
pair	ssw_cuda_corpus_case_v1	fuzz-large-0101	ssw_cuda_corpus_case_v1	fuzz-large-0101	fuzz-large-0101:query	fuzz-large-0101:reference	d42a7e41ef7bea5141a5d72d8907d437204f388aa87dfdc429d00323ac311fac	73c70409c1532418d06f569becbe29eac05667df1a35347f35337331e794d32d	full	full	synthetic	synthetic_sequence_0_based_half_open	ffe66c7093a57fcbf9fcdc01c515e7f99a8ae55e557d9b84e953933cbdeebf4d	paper/ssw_cuda/corpus_manifest.tsv;paper/ssw_cuda/corpus_receipt.json	ssw_cuda_differential_corpus_deterministic_fuzz
pair	ssw_cuda_corpus_case_v1	fuzz-large-0102	ssw_cuda_corpus_case_v1	fuzz-large-0102	fuzz-large-0102:query	fuzz-large-0102:reference	f5d880312ea3768311b46498d78be79aa7655ccc5113f8605d83a2e20ed9099e	7f6a9aa28a304409bb8912a151cca3d4c61317f27848f94614a8a2a8ab3bb705	full	full	synthetic	synthetic_sequence_0_based_half_open	dde4000d10a1db4761ebd0924943e6e7c0a727556cf81a5f5b04584c25340d3e	paper/ssw_cuda/corpus_manifest.tsv;paper/ssw_cuda/corpus_receipt.json	ssw_cuda_differential_corpus_deterministic_fuzz
pair	ssw_cuda_corpus_case_v1	fuzz-large-0103	ssw_cuda_corpus_case_v1	fuzz-large-0103	fuzz-large-0103:query	fuzz-large-0103:reference	ad369aa776cc94aca25e3b831ecfc03515b7098238aced0c83296dcbf09b72e7	58d6f6fb7a418454bdc3975685e833ea422d017f93427fc08f629f53a7e5c8e7	full	full	synthetic	synthetic_sequence_0_based_half_open	f9901c53016e52f5b23676db2661bc5690b9caee78efa125b60817fa88d8e306	paper/ssw_cuda/corpus_manifest.tsv;paper/ssw_cuda/corpus_receipt.json	ssw_cuda_differential_corpus_deterministic_fuzz
pair	ssw_cuda_corpus_case_v1	fuzz-large-0104	ssw_cuda_corpus_case_v1	fuzz-large-0104	fuzz-large-0104:query	fuzz-large-0104:reference	c79f27127e48b3e115982d677a97e3bc7b272738bbee2d4f575629bad82a3d82	20203409ec265e1295546c6d176b75ae3f1282622ae0c8003ba28088b9ed6c70	full	full	synthetic	synthetic_sequence_0_based_half_open	19a7e9da9cd4917471c24aaac62570a31b2faaf659a03e3916cc2655dfb3af19	paper/ssw_cuda/corpus_manifest.tsv;paper/ssw_cuda/corpus_receipt.json	ssw_cuda_differential_corpus_deterministic_fuzz
pair	ssw_cuda_corpus_case_v1	fuzz-large-0105	ssw_cuda_corpus_case_v1	fuzz-large-0105	fuzz-large-0105:query	fuzz-large-0105:reference	9dfb5f771053878b2e2baecb2dc5d68ac7f1fa34ca73ad232e4c0c1e299b373f	0df2a3d09a30a2aeba5a906e95b0de730a6fec93749ea869c4c49b136db92ee7	full	full	synthetic	synthetic_sequence_0_based_half_open	e9489dfae684f7cf1d10c1fd987afd91b235f339ecf7411ee21a52bf9810a8dc	paper/ssw_cuda/corpus_manifest.tsv;paper/ssw_cuda/corpus_receipt.json	ssw_cuda_differential_corpus_deterministic_fuzz
pair	ssw_cuda_corpus_case_v1	fuzz-large-0106	ssw_cuda_corpus_case_v1	fuzz-large-0106	fuzz-large-0106:query	fuzz-large-0106:reference	0013245e72e10fb4f1f54d08a387600936d0c3d868c1757ed3f4cf780905e459	bda31d62fc003642e89e30df0d580d3fc25bdb892090cba71909a630a1bc5c84	full	full	synthetic	synthetic_sequence_0_based_half_open	6020a7ccb25b4e5f7b71fcd4a3cb3bb6e518338bfdf4daa61e96eb9ec64ba49e	paper/ssw_cuda/corpus_manifest.tsv;paper/ssw_cuda/corpus_receipt.json	ssw_cuda_differential_corpus_deterministic_fuzz
pair	ssw_cuda_corpus_case_v1	fuzz-large-0107	ssw_cuda_corpus_case_v1	fuzz-large-0107	fuzz-large-0107:query	fuzz-large-0107:reference	f228055f1f620d4aacf5dd29fd496eea990a55eada2b37f74477d316b3331577	50640a253074f96afdf281fc92cabf5287cc4afe92a57d73b3863c9b1bd41040	full	full	synthetic	synthetic_sequence_0_based_half_open	8dde76d71aef2b9abb4070d9e663b3604bcad0c49c06bc94fcf7bdfb94a5ff36	paper/ssw_cuda/corpus_manifest.tsv;paper/ssw_cuda/corpus_receipt.json	ssw_cuda_differential_corpus_deterministic_fuzz
pair	ssw_cuda_corpus_case_v1	fuzz-large-0108	ssw_cuda_corpus_case_v1	fuzz-large-0108	fuzz-large-0108:query	fuzz-large-0108:reference	0a6a53be5ca76957aa83c77156f612e0208d70912f00b549b7f262c5a14164e8	3ee86205142062633506c9c4e7da7da88d85497c780dfc3d195b82331ee8dc14	full	full	synthetic	synthetic_sequence_0_based_half_open	c9c6ea22a9a090425c50ae70ab403427dc458d753c75c574ce04c413776ee3d3	paper/ssw_cuda/corpus_manifest.tsv;paper/ssw_cuda/corpus_receipt.json	ssw_cuda_differential_corpus_deterministic_fuzz
pair	ssw_cuda_corpus_case_v1	fuzz-large-0109	ssw_cuda_corpus_case_v1	fuzz-large-0109	fuzz-large-0109:query	fuzz-large-0109:reference	16ba62d530450cbe462fc6f017f9c9fe2d29b90632f0dca060253bf76f0bed71	9a3ae916857bdf09e9508e6b078b9e4f8312cf6d4b50be5e679b67cefb4a5750	full	full	synthetic	synthetic_sequence_0_based_half_open	97009fcc0e2170c90de0537a5dfaf97db1688c4c1d1f785a0c0c3ce25a290a88	paper/ssw_cuda/corpus_manifest.tsv;paper/ssw_cuda/corpus_receipt.json	ssw_cuda_differential_corpus_deterministic_fuzz
pair	ssw_cuda_corpus_case_v1	fuzz-large-0110	ssw_cuda_corpus_case_v1	fuzz-large-0110	fuzz-large-0110:query	fuzz-large-0110:reference	dc13f2bc04adbb20ff0d6c2fb5696c2de1860452eede6e04d199fb67eddddddb	8a4364a4635f7a3ec7fa45b179863608c7737e8fc97a685cc12042ffba21509e	full	full	synthetic	synthetic_sequence_0_based_half_open	88492d0904330d05e4180f8a0e595f160c2505a1bccd2d49df5972bba4fb54a9	paper/ssw_cuda/corpus_manifest.tsv;paper/ssw_cuda/corpus_receipt.json	ssw_cuda_differential_corpus_deterministic_fuzz
pair	ssw_cuda_corpus_case_v1	fuzz-large-0111	ssw_cuda_corpus_case_v1	fuzz-large-0111	fuzz-large-0111:query	fuzz-large-0111:reference	a1cacbed371d62125bd53e17c4f6cbd806dba0c4c7d79311ab3f5eacefcdb911	57c1851f6fa41e0de4e1b8f90d8044a668487806254b01dcc18835f849292798	full	full	synthetic	synthetic_sequence_0_based_half_open	f86603ebd36493703571c4487db98035344461ca2a7a49dcd8b3ac80e780a5fb	paper/ssw_cuda/corpus_manifest.tsv;paper/ssw_cuda/corpus_receipt.json	ssw_cuda_differential_corpus_deterministic_fuzz
pair	ssw_cuda_corpus_case_v1	fuzz-large-0112	ssw_cuda_corpus_case_v1	fuzz-large-0112	fuzz-large-0112:query	fuzz-large-0112:reference	5bab937555258126462b607ecdb55c29e5770135f70ffb1b40b7e18553d44b8a	3d647ed9338a1ff0379bbfa9b4733c1f9f2b135c46dff526d899c5980d2f2eaa	full	full	synthetic	synthetic_sequence_0_based_half_open	b886422f366891c7d85f65dfb3e9725a53b47b4751e738e7efb723ae8943fe2a	paper/ssw_cuda/corpus_manifest.tsv;paper/ssw_cuda/corpus_receipt.json	ssw_cuda_differential_corpus_deterministic_fuzz
pair	ssw_cuda_corpus_case_v1	fuzz-large-0113	ssw_cuda_corpus_case_v1	fuzz-large-0113	fuzz-large-0113:query	fuzz-large-0113:reference	4f2cec6a48cc061e695607801b5ef4348dd29affdc461c7c6c9825939649db80	6945f5a19929cf8997877196668e7b5d67597484ac585dfa0754be912bade931	full	full	synthetic	synthetic_sequence_0_based_half_open	c35d25d4b10f850176ba6f1c6ddb8600472d65704fc9bdbef79412acb038a694	paper/ssw_cuda/corpus_manifest.tsv;paper/ssw_cuda/corpus_receipt.json	ssw_cuda_differential_corpus_deterministic_fuzz
pair	ssw_cuda_corpus_case_v1	fuzz-large-0114	ssw_cuda_corpus_case_v1	fuzz-large-0114	fuzz-large-0114:query	fuzz-large-0114:reference	12aa1307dba88b2de8f25a9d491b4859aa84fa5bd2d0d8933c55fe0ee66e524e	306320de47d995c34836be1bf33737b4553b1d8c48dff88d9a6f2a56ca820a53	full	full	synthetic	synthetic_sequence_0_based_half_open	a173c7ef3262a6179ff016077346e54c93949acb6335afa870fef393ebb6b845	paper/ssw_cuda/corpus_manifest.tsv;paper/ssw_cuda/corpus_receipt.json	ssw_cuda_differential_corpus_deterministic_fuzz
pair	ssw_cuda_corpus_case_v1	fuzz-large-0115	ssw_cuda_corpus_case_v1	fuzz-large-0115	fuzz-large-0115:query	fuzz-large-0115:reference	d3545319d91dfd9f9c5663ca37824355e22824b83d3691851e2c69401ade464b	7f9d9157e4fa533eba949f1a7a755b82f110b1742c84750415c6c03bacf992e4	full	full	synthetic	synthetic_sequence_0_based_half_open	a5dbd11469075f9fb6a4d8904a5b82edd988051cc175cd2606fc44bd98cfa2fd	paper/ssw_cuda/corpus_manifest.tsv;paper/ssw_cuda/corpus_receipt.json	ssw_cuda_differential_corpus_deterministic_fuzz
pair	ssw_cuda_corpus_case_v1	fuzz-large-0116	ssw_cuda_corpus_case_v1	fuzz-large-0116	fuzz-large-0116:query	fuzz-large-0116:reference	540d7722b0645c7dee99c5186da2d7c5268ff4dbf8f37bdf8ec109d0118463e7	0692824f572962c38b69b11fde3cc20b7676efef090fc76a7ebe8281990d1042	full	full	synthetic	synthetic_sequence_0_based_half_open	496390dc2f39975897cd4ec0c04d54acda3ab353c85562ff137985f700fb558f	paper/ssw_cuda/corpus_manifest.tsv;paper/ssw_cuda/corpus_receipt.json	ssw_cuda_differential_corpus_deterministic_fuzz
pair	ssw_cuda_corpus_case_v1	fuzz-large-0117	ssw_cuda_corpus_case_v1	fuzz-large-0117	fuzz-large-0117:query	fuzz-large-0117:reference	20db262adeb7f411bdeffcf267e851fc83f0d714cf698e4082f487ec5f757d33	50b51b408af11db25127a2231e8b09730a1bd6c514cc2a0a625a197ba3906406	full	full	synthetic	synthetic_sequence_0_based_half_open	b35d42fafd20b46679b0300e005e83ae292d460a87fc8b6b927ae9899b97fe53	paper/ssw_cuda/corpus_manifest.tsv;paper/ssw_cuda/corpus_receipt.json	ssw_cuda_differential_corpus_deterministic_fuzz
pair	ssw_cuda_corpus_case_v1	fuzz-large-0118	ssw_cuda_corpus_case_v1	fuzz-large-0118	fuzz-large-0118:query	fuzz-large-0118:reference	675c23283cc53033505a1bff901942a7c531ae5b89f687834ebe60080aac250c	e032b1521bc6d79f0ff99c305fe6fdcbf228a0565b53daa7add4f95956c59032	full	full	synthetic	synthetic_sequence_0_based_half_open	c0d4d6c080a5118e15d3e529cba049d148710089d38f53d08682bd90db363aaf	paper/ssw_cuda/corpus_manifest.tsv;paper/ssw_cuda/corpus_receipt.json	ssw_cuda_differential_corpus_deterministic_fuzz
pair	ssw_cuda_corpus_case_v1	fuzz-large-0119	ssw_cuda_corpus_case_v1	fuzz-large-0119	fuzz-large-0119:query	fuzz-large-0119:reference	25da8eb6158a23275cf7de91d0db5a4b59ecda45a56aaaa419ea436427fb1fd0	2357fcce26c73db5f6c9187c5ce1aaa702414ed430507af556458cc7a1fae3d0	full	full	synthetic	synthetic_sequence_0_based_half_open	5f2c7956ba45bfce38fdfa455972c6a457f45e1f42359fb23bbea4d28ca1977f	paper/ssw_cuda/corpus_manifest.tsv;paper/ssw_cuda/corpus_receipt.json	ssw_cuda_differential_corpus_deterministic_fuzz
pair	ssw_cuda_corpus_case_v1	fuzz-large-0120	ssw_cuda_corpus_case_v1	fuzz-large-0120	fuzz-large-0120:query	fuzz-large-0120:reference	07a68ad28b5c6ce90da3e3a7ca63d99e5938d861acd854df8daf10bba6d10067	59b36969866d7628581fbd96952203cb5a957a78a0ba7cf3e0a494a15d005588	full	full	synthetic	synthetic_sequence_0_based_half_open	ca3bb7dd9d89fa1af45fe624584e2a8218106645b1df0a9bd74735aec25ed1e8	paper/ssw_cuda/corpus_manifest.tsv;paper/ssw_cuda/corpus_receipt.json	ssw_cuda_differential_corpus_deterministic_fuzz
pair	ssw_cuda_corpus_case_v1	fuzz-large-0121	ssw_cuda_corpus_case_v1	fuzz-large-0121	fuzz-large-0121:query	fuzz-large-0121:reference	73b820bc708739e9691cd0e6746bf8cb20f6e67cba7309962db972700c1c68a7	1f44aa873e24a0a84f3efe871f7a0c69da972b1e460fcdd1995ea43e5b0dd339	full	full	synthetic	synthetic_sequence_0_based_half_open	f1c5d972c96605a95f8abd0f65e9ec9d51368fdebb4a6ced79fe929a44d0e712	paper/ssw_cuda/corpus_manifest.tsv;paper/ssw_cuda/corpus_receipt.json	ssw_cuda_differential_corpus_deterministic_fuzz
pair	ssw_cuda_corpus_case_v1	fuzz-large-0122	ssw_cuda_corpus_case_v1	fuzz-large-0122	fuzz-large-0122:query	fuzz-large-0122:reference	351844565c2cdde0f44eec318d667346e2293360a1b0c00fb71971c5a1653df6	b8b69a2525a578ca3dceb0754e0e24a96f696c6e8852a0ffaf8571c7b1208187	full	full	synthetic	synthetic_sequence_0_based_half_open	a3eeaa675253fa9e7fb70d27fd4e292ab3f97ec3f6b964edb7687b8d2a160578	paper/ssw_cuda/corpus_manifest.tsv;paper/ssw_cuda/corpus_receipt.json	ssw_cuda_differential_corpus_deterministic_fuzz
pair	ssw_cuda_corpus_case_v1	fuzz-large-0123	ssw_cuda_corpus_case_v1	fuzz-large-0123	fuzz-large-0123:query	fuzz-large-0123:reference	b762227f81a330c43316e2908df0697bb5409af70d14c2c2036543ffe410bba7	ef6582fbd409631710a2a059f6f5a1b5a4642d841fa57c461250c00a34c4e177	full	full	synthetic	synthetic_sequence_0_based_half_open	420b4b86b1557ce0f12293ef4f40f00aca4e82029e76af5377af6d242320dba2	paper/ssw_cuda/corpus_manifest.tsv;paper/ssw_cuda/corpus_receipt.json	ssw_cuda_differential_corpus_deterministic_fuzz
pair	ssw_cuda_corpus_case_v1	fuzz-large-0124	ssw_cuda_corpus_case_v1	fuzz-large-0124	fuzz-large-0124:query	fuzz-large-0124:reference	6c550a6931a6d06a16a3527104993838efcf537d7261ac96bacd816400f26bc1	51dfd03439fa12f180824524870c0cba1eb85a7425e8e86f33231e1c52078994	full	full	synthetic	synthetic_sequence_0_based_half_open	e1c10b912c21ca81b4238d0fdc7d0c29489cecfd5ad129b73e1b4046e6fdbe95	paper/ssw_cuda/corpus_manifest.tsv;paper/ssw_cuda/corpus_receipt.json	ssw_cuda_differential_corpus_deterministic_fuzz
pair	ssw_cuda_corpus_case_v1	fuzz-large-0125	ssw_cuda_corpus_case_v1	fuzz-large-0125	fuzz-large-0125:query	fuzz-large-0125:reference	ab660b3fb2394acc329ce13ec029e913cc45a18e1dbc44df1b923312b2afad0a	c7bcb725a9f82a1cb69fcd8d9d695e3ee51c6c5f686477b60975b4715b54d0f5	full	full	synthetic	synthetic_sequence_0_based_half_open	f446aaa4963ac994285702811f46bffd8b0584c3012829984deb22c835b15f12	paper/ssw_cuda/corpus_manifest.tsv;paper/ssw_cuda/corpus_receipt.json	ssw_cuda_differential_corpus_deterministic_fuzz
pair	ssw_cuda_corpus_case_v1	fuzz-large-0126	ssw_cuda_corpus_case_v1	fuzz-large-0126	fuzz-large-0126:query	fuzz-large-0126:reference	8d367af35630eda2d43720556fed4bd2a8d5ed5b9dbeed144220b82345caf325	67a30f3adb4bdf07879acb3db5e7bc9a1eaa062d09c6f9054857d3094c16ffde	full	full	synthetic	synthetic_sequence_0_based_half_open	975f5ded9aa1e9e874fb75166c3da7ff6dac5a8b03c3f0fa2397344c864050ab	paper/ssw_cuda/corpus_manifest.tsv;paper/ssw_cuda/corpus_receipt.json	ssw_cuda_differential_corpus_deterministic_fuzz
pair	ssw_cuda_corpus_case_v1	fuzz-large-0127	ssw_cuda_corpus_case_v1	fuzz-large-0127	fuzz-large-0127:query	fuzz-large-0127:reference	56b54f6e35ca5d044503fab2f389092a4b3daacb07c02f0153e4a384b33a3d4d	0c9b05bce133dade175f498fedb99e765d5d53508a03871457931df77b65d568	full	full	synthetic	synthetic_sequence_0_based_half_open	01f0efc82ebbbdb9836ff4eae08c513fb370fbe0598161fb236e10f77ba4c0af	paper/ssw_cuda/corpus_manifest.tsv;paper/ssw_cuda/corpus_receipt.json	ssw_cuda_differential_corpus_deterministic_fuzz
pair	ssw_cuda_corpus_case_v1	fuzz-large-0128	ssw_cuda_corpus_case_v1	fuzz-large-0128	fuzz-large-0128:query	fuzz-large-0128:reference	2d5418a98b61b5470b512835949dfc2a836c0665c67c6edefe7316849dc5c937	79f867921b9549cb0d432d20c005ffba00469ce4192bc3df7d7489e5eefdd4d4	full	full	synthetic	synthetic_sequence_0_based_half_open	08c46a7adbe0310db4a5f7bebcbe2fc5ce611ec61c9c982557d7377c2828d724	paper/ssw_cuda/corpus_manifest.tsv;paper/ssw_cuda/corpus_receipt.json	ssw_cuda_differential_corpus_deterministic_fuzz
pair	ssw_cuda_corpus_case_v1	fuzz-large-0129	ssw_cuda_corpus_case_v1	fuzz-large-0129	fuzz-large-0129:query	fuzz-large-0129:reference	b058bbd4f4e2e8b3a7ad63eca39f80d5a5a401c47dcf7afd6beeb197c3796c66	a4d36cf4208a3f50c8588fb3eccbbd6ff03e05c70f3e9d950276549c1913dbf3	full	full	synthetic	synthetic_sequence_0_based_half_open	fc22094091d2af5db76c2410aface845403bd3d763fcf6e768a4b9357dd2d3c3	paper/ssw_cuda/corpus_manifest.tsv;paper/ssw_cuda/corpus_receipt.json	ssw_cuda_differential_corpus_deterministic_fuzz
pair	ssw_cuda_corpus_case_v1	fuzz-large-0130	ssw_cuda_corpus_case_v1	fuzz-large-0130	fuzz-large-0130:query	fuzz-large-0130:reference	9e2fdd5b8ec454c521b87085e997fb175cb898b97aff6a7ffc95e18aa3df3ae1	93d4bd05c1b58e24677a6b66d2ca47aff538a9236b1e466393a264916fc48fd4	full	full	synthetic	synthetic_sequence_0_based_half_open	2668fed176471f66ecb900a3463afbc29ca6810b2516c9d8032eb76f809c4954	paper/ssw_cuda/corpus_manifest.tsv;paper/ssw_cuda/corpus_receipt.json	ssw_cuda_differential_corpus_deterministic_fuzz
pair	ssw_cuda_corpus_case_v1	fuzz-large-0131	ssw_cuda_corpus_case_v1	fuzz-large-0131	fuzz-large-0131:query	fuzz-large-0131:reference	e53b40ea442862b5a1954685c7189a848808fa375cfc543dbb1551fb22aab71f	8bdcbed5aed5ac7b5d8a1529f243877ab3b6827204ace8031d6ff894501be273	full	full	synthetic	synthetic_sequence_0_based_half_open	56f868617eb66fd0b35870806a9463e06f9dd194fafdb1bf017c3bd6675276ed	paper/ssw_cuda/corpus_manifest.tsv;paper/ssw_cuda/corpus_receipt.json	ssw_cuda_differential_corpus_deterministic_fuzz
pair	ssw_cuda_corpus_case_v1	fuzz-large-0132	ssw_cuda_corpus_case_v1	fuzz-large-0132	fuzz-large-0132:query	fuzz-large-0132:reference	606beff9f89d99eb540b33c57bf75717193b4dcab49bd402228d945330e16edc	f30f23e9560faf67436541df4199a0419a9e5f9f02293c1923de256f2cf4894d	full	full	synthetic	synthetic_sequence_0_based_half_open	5a785962e85d82146a625ff1c8337f9aa554b421019030828f982367b1ec2ba2	paper/ssw_cuda/corpus_manifest.tsv;paper/ssw_cuda/corpus_receipt.json	ssw_cuda_differential_corpus_deterministic_fuzz
pair	ssw_cuda_corpus_case_v1	fuzz-large-0133	ssw_cuda_corpus_case_v1	fuzz-large-0133	fuzz-large-0133:query	fuzz-large-0133:reference	f1937f7de8d8117e956d62a4d95b21e9d4f433834706ee189cd2b4169fd768b9	7698329c6a4faa0f1c5a2aa2cb42be7afe910290ece80c51699ce8e5458fc831	full	full	synthetic	synthetic_sequence_0_based_half_open	4f6e1c2d28564e846a376883c5b49625f4ffc1125d4067b21f9af2fda6f5b330	paper/ssw_cuda/corpus_manifest.tsv;paper/ssw_cuda/corpus_receipt.json	ssw_cuda_differential_corpus_deterministic_fuzz
pair	ssw_cuda_corpus_case_v1	fuzz-large-0134	ssw_cuda_corpus_case_v1	fuzz-large-0134	fuzz-large-0134:query	fuzz-large-0134:reference	66d10c8442614489b11bf304906c3fd895d6a919fef96a042cec5740d09655ba	39680c35153473a14d521c006df928d556a7c1e4cce39413597afaaa4e8a32cb	full	full	synthetic	synthetic_sequence_0_based_half_open	eb1cd082311e3b253f2258206a2ba92c168fd344ab6e8050e5c2a0fb9a6fa64e	paper/ssw_cuda/corpus_manifest.tsv;paper/ssw_cuda/corpus_receipt.json	ssw_cuda_differential_corpus_deterministic_fuzz
pair	ssw_cuda_corpus_case_v1	fuzz-large-0135	ssw_cuda_corpus_case_v1	fuzz-large-0135	fuzz-large-0135:query	fuzz-large-0135:reference	1b27c13753ea6bb5d9057becffaf2494c532d48359d69d314c4c53dd9c6892f0	cea9695dbdb2b30ebb1f777dd5fe4cf7b15f939542b8da7933288bc69fe2b63e	full	full	synthetic	synthetic_sequence_0_based_half_open	6d5d53853d8e9c7f4a3a2539035da83563013afec8f9593f3d0fcd9233c25f2f	paper/ssw_cuda/corpus_manifest.tsv;paper/ssw_cuda/corpus_receipt.json	ssw_cuda_differential_corpus_deterministic_fuzz
pair	ssw_cuda_corpus_case_v1	fuzz-large-0136	ssw_cuda_corpus_case_v1	fuzz-large-0136	fuzz-large-0136:query	fuzz-large-0136:reference	9a6015eaf7a98ce0bf699ba26934010e1d09bd97a5806a097496beb30772eabf	7a6c936bf9f7088903a6d135fcd3664c95226ca3ed11b14d0506a62495754fc9	full	full	synthetic	synthetic_sequence_0_based_half_open	a790aab8dcfb71b79d6373b97f40fa207de84f0a8e9af56c12522d6291941d2d	paper/ssw_cuda/corpus_manifest.tsv;paper/ssw_cuda/corpus_receipt.json	ssw_cuda_differential_corpus_deterministic_fuzz
pair	ssw_cuda_corpus_case_v1	fuzz-large-0137	ssw_cuda_corpus_case_v1	fuzz-large-0137	fuzz-large-0137:query	fuzz-large-0137:reference	a7fd7ba9549f9f2e97058cad62822fe96bd53aa8256c5a64edbbadfe8c769d26	54edad2848a3a96031e6a5947c7b6166b76582d07d7aca217e27c0cbfe9cf110	full	full	synthetic	synthetic_sequence_0_based_half_open	34d779ae22b0c981eb009a3d63a3a96b8b001f73d6ef5613face6439b00c805a	paper/ssw_cuda/corpus_manifest.tsv;paper/ssw_cuda/corpus_receipt.json	ssw_cuda_differential_corpus_deterministic_fuzz
pair	ssw_cuda_corpus_case_v1	fuzz-large-0138	ssw_cuda_corpus_case_v1	fuzz-large-0138	fuzz-large-0138:query	fuzz-large-0138:reference	8defe0c7659c8fd2b7c854d1305563dfc714628c564e9a9984bd91ebb9bbec4b	b67d2ded221e300e466f08a8697ce8a67e7616f119f4e5fb48af73201df9adbb	full	full	synthetic	synthetic_sequence_0_based_half_open	ea383070f168bed67d95b633add681f5134b2d7f995148ab01389901fd2496bd	paper/ssw_cuda/corpus_manifest.tsv;paper/ssw_cuda/corpus_receipt.json	ssw_cuda_differential_corpus_deterministic_fuzz
pair	ssw_cuda_corpus_case_v1	fuzz-large-0139	ssw_cuda_corpus_case_v1	fuzz-large-0139	fuzz-large-0139:query	fuzz-large-0139:reference	296d54c3b227bd405c0d61a49178bd5526181db6dc3788aefe45ee0c2e1ee18e	0e87ee5be7d9198ad54d115da31fcc66e54fb2a7ad9bd56d98a131efbac556c2	full	full	synthetic	synthetic_sequence_0_based_half_open	261c3e8b74fb9681b211500b4729715378f045d800092cef1ee33ab80f552f86	paper/ssw_cuda/corpus_manifest.tsv;paper/ssw_cuda/corpus_receipt.json	ssw_cuda_differential_corpus_deterministic_fuzz
pair	ssw_cuda_corpus_case_v1	fuzz-large-0140	ssw_cuda_corpus_case_v1	fuzz-large-0140	fuzz-large-0140:query	fuzz-large-0140:reference	7a3c509d12fa52db82db7572a8b55d7f61ef5a7d8393f309e0287dbda124fe06	8a162d2f4746ef7083a24250280cf30eb5e1998825dade5f5be7059a55d61aaf	full	full	synthetic	synthetic_sequence_0_based_half_open	7e2bba833e6f2d4e1db2068573d9c1446273a93bdd9439016a4978b3059b7ccb	paper/ssw_cuda/corpus_manifest.tsv;paper/ssw_cuda/corpus_receipt.json	ssw_cuda_differential_corpus_deterministic_fuzz
pair	ssw_cuda_corpus_case_v1	fuzz-large-0141	ssw_cuda_corpus_case_v1	fuzz-large-0141	fuzz-large-0141:query	fuzz-large-0141:reference	1e657b48a99bfe057e224f936e981a2c473df8d7a1bde34c3cecde503e80b268	6ea8a16056e8a04eb5b1948c443c24d2702048fe89340465e017aca6c7fea044	full	full	synthetic	synthetic_sequence_0_based_half_open	121f2b3d5b20e9a76d1576a9c804ff2bef441d539e127afff648c41d88a6469e	paper/ssw_cuda/corpus_manifest.tsv;paper/ssw_cuda/corpus_receipt.json	ssw_cuda_differential_corpus_deterministic_fuzz
pair	ssw_cuda_corpus_case_v1	fuzz-large-0142	ssw_cuda_corpus_case_v1	fuzz-large-0142	fuzz-large-0142:query	fuzz-large-0142:reference	c899296413f8f2af8580d0b664b3716d5df7688c099cd76270edd91ec400f99f	7be707330ad0c829bf0374a0cf6d7ddb7568bcd68f5ec8a68ab6398b30929808	full	full	synthetic	synthetic_sequence_0_based_half_open	c3471678a2f2d228b588d9e555f9bbcfd8217804a006cb9f1f5046e0a80f156e	paper/ssw_cuda/corpus_manifest.tsv;paper/ssw_cuda/corpus_receipt.json	ssw_cuda_differential_corpus_deterministic_fuzz
pair	ssw_cuda_corpus_case_v1	fuzz-large-0143	ssw_cuda_corpus_case_v1	fuzz-large-0143	fuzz-large-0143:query	fuzz-large-0143:reference	ea7eaa0c5dca140b9de0dd3704b987ff7f16994ed666734f6c222e01d55585fb	fc1e3deb112a133e1e3dd6edae4ba2d512355e67d6bcf5ce9e6e6fc9bd845d4b	full	full	synthetic	synthetic_sequence_0_based_half_open	0123a383e0559ba7e733ad0293883f967369fe93ad1c07537089e68d850b5463	paper/ssw_cuda/corpus_manifest.tsv;paper/ssw_cuda/corpus_receipt.json	ssw_cuda_differential_corpus_deterministic_fuzz
pair	ssw_cuda_corpus_case_v1	fuzz-large-0144	ssw_cuda_corpus_case_v1	fuzz-large-0144	fuzz-large-0144:query	fuzz-large-0144:reference	0778d2dd9d3fdfa1fb1b84689d7745628e755ded9e38e79f75aeab7659cfdcad	df51a1f36a60c70a21cb316ea9848502e3d96a4524de47a438b089bc3524ee3c	full	full	synthetic	synthetic_sequence_0_based_half_open	58be879859c8499dd1b8611b4b59ee18af8fe68deaf6a6d123ed3ce3eee7a624	paper/ssw_cuda/corpus_manifest.tsv;paper/ssw_cuda/corpus_receipt.json	ssw_cuda_differential_corpus_deterministic_fuzz
pair	ssw_cuda_corpus_case_v1	fuzz-large-0145	ssw_cuda_corpus_case_v1	fuzz-large-0145	fuzz-large-0145:query	fuzz-large-0145:reference	6e5dfa60299e0125507c3d8166f0733b865dcd84372d743e9125cfa724defbe3	6dde5eb6dc993bf88785f2965a0dd0a30aeac2d9cd4d8dcaa8a18f7d42609cd0	full	full	synthetic	synthetic_sequence_0_based_half_open	22bae0170342da73d52bef6e3458193f31f14017265d75a5bf4118c041a4d810	paper/ssw_cuda/corpus_manifest.tsv;paper/ssw_cuda/corpus_receipt.json	ssw_cuda_differential_corpus_deterministic_fuzz
pair	ssw_cuda_corpus_case_v1	fuzz-large-0146	ssw_cuda_corpus_case_v1	fuzz-large-0146	fuzz-large-0146:query	fuzz-large-0146:reference	0e92f9760a8a7885dcd69cc433b10817e805f55c2b332e6462ed868af85f3d8d	db9381d2a2a9743b28066a85c80545c32846d2ecc4dc2d6ebd7f208cf4cf498e	full	full	synthetic	synthetic_sequence_0_based_half_open	f7d98c5bf9d357d18d3a63078853d4cf4a1a8a3d53200680dd78a7b8a09556d1	paper/ssw_cuda/corpus_manifest.tsv;paper/ssw_cuda/corpus_receipt.json	ssw_cuda_differential_corpus_deterministic_fuzz
pair	ssw_cuda_corpus_case_v1	fuzz-large-0147	ssw_cuda_corpus_case_v1	fuzz-large-0147	fuzz-large-0147:query	fuzz-large-0147:reference	9a7ab511564460d24a3583bfc16214fb0c61cd88b1b6f4ebdf519bf585ad613f	6282602f88c0b987043ae4f93bfeb9489e66165d28b063ddaaa1cf846c221e41	full	full	synthetic	synthetic_sequence_0_based_half_open	9203bbcf3231ce2363ca9d072d331570948cd40675024e30832d6f3eb5dd76c1	paper/ssw_cuda/corpus_manifest.tsv;paper/ssw_cuda/corpus_receipt.json	ssw_cuda_differential_corpus_deterministic_fuzz
pair	ssw_cuda_corpus_case_v1	fuzz-large-0148	ssw_cuda_corpus_case_v1	fuzz-large-0148	fuzz-large-0148:query	fuzz-large-0148:reference	d501afb22b742a278cb1b190a484c000eb5ab9abb2888b0320da08c7125af358	ba6591e7f4ae7386a3a613752cb4492f303638b37972a39e69b89cbd1580d46c	full	full	synthetic	synthetic_sequence_0_based_half_open	9a129e2053bd94ef7b560ded952da7ecd164aaf61b20dc1d8f1d057f1c0e1760	paper/ssw_cuda/corpus_manifest.tsv;paper/ssw_cuda/corpus_receipt.json	ssw_cuda_differential_corpus_deterministic_fuzz
pair	ssw_cuda_corpus_case_v1	fuzz-large-0149	ssw_cuda_corpus_case_v1	fuzz-large-0149	fuzz-large-0149:query	fuzz-large-0149:reference	656dce59e92a22ba0e4505443e59e893234d3ae1bfb7679dc1e08894fdc1689f	3ef658b273c2d4175d3ad2d478b76b42bbf70bbf4032d08193f63990e1ac3003	full	full	synthetic	synthetic_sequence_0_based_half_open	7f5f1c15b918a4ff3ebed5cda1724716070cdd49bb86712b4b01f6f4c2e4ce1f	paper/ssw_cuda/corpus_manifest.tsv;paper/ssw_cuda/corpus_receipt.json	ssw_cuda_differential_corpus_deterministic_fuzz
pair	ssw_cuda_corpus_case_v1	fuzz-large-0150	ssw_cuda_corpus_case_v1	fuzz-large-0150	fuzz-large-0150:query	fuzz-large-0150:reference	11029b0e19a3edc398eb03ecded99dd95648f145a205f814b31121188c8ecc2a	4ea1257f57ee50e694d3ede51a8bcddd47e50f29e32d2207ffb9a5d55be20858	full	full	synthetic	synthetic_sequence_0_based_half_open	545b29654939067e3ebf5116abb8cfebc6816360743d7ca12a15a53b63d1b5b7	paper/ssw_cuda/corpus_manifest.tsv;paper/ssw_cuda/corpus_receipt.json	ssw_cuda_differential_corpus_deterministic_fuzz
pair	ssw_cuda_corpus_case_v1	fuzz-large-0151	ssw_cuda_corpus_case_v1	fuzz-large-0151	fuzz-large-0151:query	fuzz-large-0151:reference	c19ffd80b0c4685a38300c6becb3514e9ceee7451e8a4e03a68772f28b378d71	f2dafc20272829f6edf6206a22eac8e589038bf06b9e3c8908e6bb8877bdd053	full	full	synthetic	synthetic_sequence_0_based_half_open	4096917e032f25ed1bfb06cbd6d7761bf1acf0e0983a9d3b1c8398dba504d1ac	paper/ssw_cuda/corpus_manifest.tsv;paper/ssw_cuda/corpus_receipt.json	ssw_cuda_differential_corpus_deterministic_fuzz
pair	ssw_cuda_corpus_case_v1	fuzz-large-0152	ssw_cuda_corpus_case_v1	fuzz-large-0152	fuzz-large-0152:query	fuzz-large-0152:reference	a4e1935f1ba40861fc084fe7ed2a5114c605b03b8c25d074a427853986ee046b	a6f170701ca464b11d31054dee45045e1b5a6c41b2dce465dede62c3e406cc80	full	full	synthetic	synthetic_sequence_0_based_half_open	6450810c626f49ec230086ff2245509745dd2a2ae65597eb28ed5914d0cd5178	paper/ssw_cuda/corpus_manifest.tsv;paper/ssw_cuda/corpus_receipt.json	ssw_cuda_differential_corpus_deterministic_fuzz
pair	ssw_cuda_corpus_case_v1	fuzz-large-0153	ssw_cuda_corpus_case_v1	fuzz-large-0153	fuzz-large-0153:query	fuzz-large-0153:reference	bdfa26ffb36ef12c1ea07b1e7e3730fd7994a4172ba76efb084eb5ef009d441d	1d302aabfcddecae52b37a2cf8e6ecefb9bb632aeefcbca9f5a7571c01a88a16	full	full	synthetic	synthetic_sequence_0_based_half_open	077d920ebc3bf7bd4a23b1188ad882c6751deb303f3aa289148e733e24b1c6e3	paper/ssw_cuda/corpus_manifest.tsv;paper/ssw_cuda/corpus_receipt.json	ssw_cuda_differential_corpus_deterministic_fuzz
pair	ssw_cuda_corpus_case_v1	fuzz-large-0154	ssw_cuda_corpus_case_v1	fuzz-large-0154	fuzz-large-0154:query	fuzz-large-0154:reference	1537b80d8118dbe53bd27760cc2aa50cefd2db4befcf95375dce77b50c4978b9	0120acd47e96daf63a766d2b62f722db6a4bae3631b0d9fdd8ede7335001509b	full	full	synthetic	synthetic_sequence_0_based_half_open	96d6b65caf754c7725e3f8eb7065066a903f1d5e431756ff768427c621bc91a6	paper/ssw_cuda/corpus_manifest.tsv;paper/ssw_cuda/corpus_receipt.json	ssw_cuda_differential_corpus_deterministic_fuzz
pair	ssw_cuda_corpus_case_v1	fuzz-large-0155	ssw_cuda_corpus_case_v1	fuzz-large-0155	fuzz-large-0155:query	fuzz-large-0155:reference	f90f8e179fca0f7911dc135ce14ac24d1c688ce8c67596545e414360bbcf687f	d28126ec9eb212f1691cfe4e18c65d12d121cb1521e95519872d2116de5847dd	full	full	synthetic	synthetic_sequence_0_based_half_open	a2616015569151bc609c2375b3e934c482301e6167ac44448cabd3f49fa68880	paper/ssw_cuda/corpus_manifest.tsv;paper/ssw_cuda/corpus_receipt.json	ssw_cuda_differential_corpus_deterministic_fuzz
pair	ssw_cuda_corpus_case_v1	fuzz-large-0156	ssw_cuda_corpus_case_v1	fuzz-large-0156	fuzz-large-0156:query	fuzz-large-0156:reference	6805f9aabb6d2ed71e8912452485623666820015b3b0373011fe368fecdf5d58	a8fd647f05f48811614b440deb91a0d1a4447148448f291e0142914d8981226d	full	full	synthetic	synthetic_sequence_0_based_half_open	de2834542ab864b35a175f7f61f61d3e7fe7257b965ff05e69a89549d5485619	paper/ssw_cuda/corpus_manifest.tsv;paper/ssw_cuda/corpus_receipt.json	ssw_cuda_differential_corpus_deterministic_fuzz
pair	ssw_cuda_corpus_case_v1	fuzz-large-0157	ssw_cuda_corpus_case_v1	fuzz-large-0157	fuzz-large-0157:query	fuzz-large-0157:reference	a5b950c8ae1ab2d9f3cde4e2198a1e8f93be516a110cecb7eddd1690ee76ac2b	2bf1d41a5928eae4046feca363e5d315016ccf02e3a9c7a094f68393b05750db	full	full	synthetic	synthetic_sequence_0_based_half_open	de2e9107a06d683a11dc0767d4b3e25184164c661feaf6a4feae918beddcc68d	paper/ssw_cuda/corpus_manifest.tsv;paper/ssw_cuda/corpus_receipt.json	ssw_cuda_differential_corpus_deterministic_fuzz
pair	ssw_cuda_corpus_case_v1	fuzz-large-0158	ssw_cuda_corpus_case_v1	fuzz-large-0158	fuzz-large-0158:query	fuzz-large-0158:reference	5cd5452432fcfd90eee3d3d714ac630e0744807e77a9ac28af9b16adfd8dddc5	ae1b46cf4ece3b8ae336c8abe0cbace02444a6ec89ec69e93c01ab3aa76da53c	full	full	synthetic	synthetic_sequence_0_based_half_open	14e71ed6627cf873d78b62cf7e95299bf414fa43da6f81c49fc4292aeb2b22f5	paper/ssw_cuda/corpus_manifest.tsv;paper/ssw_cuda/corpus_receipt.json	ssw_cuda_differential_corpus_deterministic_fuzz
pair	ssw_cuda_corpus_case_v1	fuzz-large-0159	ssw_cuda_corpus_case_v1	fuzz-large-0159	fuzz-large-0159:query	fuzz-large-0159:reference	a2ac3e37485241e354d27aa7c29dae98135da417a637915883231f8a1a8dab83	35404d010c104adba7448550b41a7837a925f24e2cc27d7b52c839b5550b7c01	full	full	synthetic	synthetic_sequence_0_based_half_open	63786aa344953a6a070c86a9c9b6cf274c2ec8db42ae8f20f9975c7a58d0f47c	paper/ssw_cuda/corpus_manifest.tsv;paper/ssw_cuda/corpus_receipt.json	ssw_cuda_differential_corpus_deterministic_fuzz
pair	ssw_cuda_corpus_case_v1	fuzz-large-0160	ssw_cuda_corpus_case_v1	fuzz-large-0160	fuzz-large-0160:query	fuzz-large-0160:reference	968a087c6490ffe86172fdbcfe7f35b23d7d849560ac1e4de34d03c878067238	0de14ed886d2dcfd6a04ccde224da708a652cf66a283d295140ec5b7c8561b20	full	full	synthetic	synthetic_sequence_0_based_half_open	ef7a68ea94dbc23e8581dbef4666039fbeefc48908f5146badc14b18c2387c82	paper/ssw_cuda/corpus_manifest.tsv;paper/ssw_cuda/corpus_receipt.json	ssw_cuda_differential_corpus_deterministic_fuzz
pair	ssw_cuda_corpus_case_v1	fuzz-large-0161	ssw_cuda_corpus_case_v1	fuzz-large-0161	fuzz-large-0161:query	fuzz-large-0161:reference	9d7cad8c16fc2ab81a45ff38d0a4a004c5734cdf304ac6b5185b905e0a733cc0	fb73250606bfba4ec064ff255bc6368aadab07042f858e800e6730ee4feb2a09	full	full	synthetic	synthetic_sequence_0_based_half_open	cfa282d6767715a1602a46428cb812f2771a20779effb4dd3f137d99656c32aa	paper/ssw_cuda/corpus_manifest.tsv;paper/ssw_cuda/corpus_receipt.json	ssw_cuda_differential_corpus_deterministic_fuzz
pair	ssw_cuda_corpus_case_v1	fuzz-large-0162	ssw_cuda_corpus_case_v1	fuzz-large-0162	fuzz-large-0162:query	fuzz-large-0162:reference	2bfd9a594ad55255736b0ab2812ede4dffe1490c48b251a9382e49007592cc69	cfe53582ceebd1884646c49b13d866443b8d5b74017c31bb0314921b3801c0c3	full	full	synthetic	synthetic_sequence_0_based_half_open	04e99121cd1ebb50d8f578482455b63515d4b7af2a5ab825a9ff89bb447b15a1	paper/ssw_cuda/corpus_manifest.tsv;paper/ssw_cuda/corpus_receipt.json	ssw_cuda_differential_corpus_deterministic_fuzz
pair	ssw_cuda_corpus_case_v1	fuzz-large-0163	ssw_cuda_corpus_case_v1	fuzz-large-0163	fuzz-large-0163:query	fuzz-large-0163:reference	c5bfbdf56d6610d9d8523e2a55700ea31a5c154f7b877e5fe1639e10a8190064	5c5cb47cd0742effeeab4e7d82b00b42ded25ecc4d51bb64099b5bc6fb51f075	full	full	synthetic	synthetic_sequence_0_based_half_open	1637eb4e49f58d6e0859a3671cbbd8123b2673e2edc8c8b74e1f217ab501a6e4	paper/ssw_cuda/corpus_manifest.tsv;paper/ssw_cuda/corpus_receipt.json	ssw_cuda_differential_corpus_deterministic_fuzz
pair	ssw_cuda_corpus_case_v1	fuzz-large-0164	ssw_cuda_corpus_case_v1	fuzz-large-0164	fuzz-large-0164:query	fuzz-large-0164:reference	c0137356dd48e5a2255d02a708d2153201d9e689de662fcf8b86919a311f460d	664dbf558e350e106c7c5c4ce054f8052ba5a08877b3eaca2f0a3cdf2dd8f47c	full	full	synthetic	synthetic_sequence_0_based_half_open	ee41daae9443c9d10421d03b6f9f66b612093e88ff64f143838681b90450d03e	paper/ssw_cuda/corpus_manifest.tsv;paper/ssw_cuda/corpus_receipt.json	ssw_cuda_differential_corpus_deterministic_fuzz
pair	ssw_cuda_corpus_case_v1	fuzz-large-0165	ssw_cuda_corpus_case_v1	fuzz-large-0165	fuzz-large-0165:query	fuzz-large-0165:reference	b59af3f60504e261b49a4666171bf9dcac9a2cd117961026a48d2fa977e54846	1c9d4b79bc8ecf8fdbc40ba54611f70099f01648d61354334070b602a278339d	full	full	synthetic	synthetic_sequence_0_based_half_open	4eab8e6accf675e43e1188d1d89ca9ca4312953f2869593dc12333bdea262296	paper/ssw_cuda/corpus_manifest.tsv;paper/ssw_cuda/corpus_receipt.json	ssw_cuda_differential_corpus_deterministic_fuzz
pair	ssw_cuda_corpus_case_v1	fuzz-large-0166	ssw_cuda_corpus_case_v1	fuzz-large-0166	fuzz-large-0166:query	fuzz-large-0166:reference	f58c7401d44f460dd7f0b9f47ad7dd176999785a17056e831549f97a988b208f	704fa119b79bc3bde25b00908af7613cf39a1936c544f5abb76b25fc177b2980	full	full	synthetic	synthetic_sequence_0_based_half_open	db34aea66ce2e124e3fdf2794835ca6ff60bc8646d3f67d0c45797209607c317	paper/ssw_cuda/corpus_manifest.tsv;paper/ssw_cuda/corpus_receipt.json	ssw_cuda_differential_corpus_deterministic_fuzz
pair	ssw_cuda_corpus_case_v1	fuzz-large-0167	ssw_cuda_corpus_case_v1	fuzz-large-0167	fuzz-large-0167:query	fuzz-large-0167:reference	c15a67c011f11caf11807dcf192144c4901c863b4d7da60c4053dd0f6b97ced1	744155b29a852840ab9f05aefc1df4fd93b94644081b6a3146d38fd443a411d0	full	full	synthetic	synthetic_sequence_0_based_half_open	44409d1d101b33c58608493a5d19d90f08bc1d6a83e36871eaf8b34ee44b81ad	paper/ssw_cuda/corpus_manifest.tsv;paper/ssw_cuda/corpus_receipt.json	ssw_cuda_differential_corpus_deterministic_fuzz
pair	ssw_cuda_corpus_case_v1	fuzz-large-0168	ssw_cuda_corpus_case_v1	fuzz-large-0168	fuzz-large-0168:query	fuzz-large-0168:reference	ee6db310e775711eda8abcabbaf370d5440c5c2dde89a8abf0e3d6d68131cb33	f12b72141fd09d2fd7d67008f851ab065cd7544d259e70546b403f331704e3b4	full	full	synthetic	synthetic_sequence_0_based_half_open	f0c7babb9d9cdad8dd63dde4e1ce2a2ed293ee74127d6ad46e9a4a72c283e3bb	paper/ssw_cuda/corpus_manifest.tsv;paper/ssw_cuda/corpus_receipt.json	ssw_cuda_differential_corpus_deterministic_fuzz
pair	ssw_cuda_corpus_case_v1	fuzz-large-0169	ssw_cuda_corpus_case_v1	fuzz-large-0169	fuzz-large-0169:query	fuzz-large-0169:reference	738993e159a86ab8369e5391b033d2c3c48ba4ec59732a6d62e008193d2140f6	4170c32ce2e071fa8605808d6ade4ee6482d436154d090344333039548150948	full	full	synthetic	synthetic_sequence_0_based_half_open	c5689b03193608107f994592af56e75f64ecea406ecf7df83aa0fdbfb5b4838f	paper/ssw_cuda/corpus_manifest.tsv;paper/ssw_cuda/corpus_receipt.json	ssw_cuda_differential_corpus_deterministic_fuzz
pair	ssw_cuda_corpus_case_v1	fuzz-large-0170	ssw_cuda_corpus_case_v1	fuzz-large-0170	fuzz-large-0170:query	fuzz-large-0170:reference	f09b00761da13c2d803e9730e968faa0d78b78a0c518c04ebf85399617a6c68c	ba6c59d5445d7b874de8102c88699f0629c7459dda577a311b9cc58078088985	full	full	synthetic	synthetic_sequence_0_based_half_open	2a4b07780d7069644e2c8f6912e8829b36b6ec94ff52999e6c63f3f187600ca0	paper/ssw_cuda/corpus_manifest.tsv;paper/ssw_cuda/corpus_receipt.json	ssw_cuda_differential_corpus_deterministic_fuzz
pair	ssw_cuda_corpus_case_v1	fuzz-large-0171	ssw_cuda_corpus_case_v1	fuzz-large-0171	fuzz-large-0171:query	fuzz-large-0171:reference	2d5b3d97a689a2a9aa9b9f8ed4b30916a8876e15a1143e6c87d05609fcdb8ccf	d20e0d162392f0b6df6288f0a945ec093e51c069e7fb49eaf9c754ca14be49ba	full	full	synthetic	synthetic_sequence_0_based_half_open	057d253e2e0c8ee5e54df746e14a582cf5a3bf29ed90d66712677d305c2dfcd1	paper/ssw_cuda/corpus_manifest.tsv;paper/ssw_cuda/corpus_receipt.json	ssw_cuda_differential_corpus_deterministic_fuzz
pair	ssw_cuda_corpus_case_v1	fuzz-large-0172	ssw_cuda_corpus_case_v1	fuzz-large-0172	fuzz-large-0172:query	fuzz-large-0172:reference	0588cf402591dbadd147c7236a0f51826f8b629886887b611adc2713ec43f677	279b43f903781e590ea983f3799b0b4a362ed7c240980554c62681225d49ca76	full	full	synthetic	synthetic_sequence_0_based_half_open	c711ab52956d43362e83ba4b72003c6464f387a9facd7ce006192acbe8243e24	paper/ssw_cuda/corpus_manifest.tsv;paper/ssw_cuda/corpus_receipt.json	ssw_cuda_differential_corpus_deterministic_fuzz
pair	ssw_cuda_corpus_case_v1	fuzz-large-0173	ssw_cuda_corpus_case_v1	fuzz-large-0173	fuzz-large-0173:query	fuzz-large-0173:reference	c96b1413b430c3a5cdf931d18450de81c6044005a4519a9b69d226561ed07a1f	7312c84c8ebfa6b2d16b5c7419fde3091415a1aad643142912298e60e879b7de	full	full	synthetic	synthetic_sequence_0_based_half_open	5f38b2b1cc49364801f48161b6f0015910e3c99ab0a9e2087b74b4f6f8754be3	paper/ssw_cuda/corpus_manifest.tsv;paper/ssw_cuda/corpus_receipt.json	ssw_cuda_differential_corpus_deterministic_fuzz
pair	ssw_cuda_corpus_case_v1	fuzz-large-0174	ssw_cuda_corpus_case_v1	fuzz-large-0174	fuzz-large-0174:query	fuzz-large-0174:reference	a4d5244b89a14345506bc7d8509b0201c4230194acd93903724d76aec71ed973	07128654b57a6e866b33eaebf0e1241ab82b45b845b44b69bfad0506e44d0803	full	full	synthetic	synthetic_sequence_0_based_half_open	7e15402c334e2be654d82cfe9b423944adf59ca98eb660287f111ed6cd8fbbb0	paper/ssw_cuda/corpus_manifest.tsv;paper/ssw_cuda/corpus_receipt.json	ssw_cuda_differential_corpus_deterministic_fuzz
pair	ssw_cuda_corpus_case_v1	fuzz-large-0175	ssw_cuda_corpus_case_v1	fuzz-large-0175	fuzz-large-0175:query	fuzz-large-0175:reference	20a88bde97c96b6554d35c7d06ada75e7ce9b1a64aa46668e880d4daa25e691b	238df2a4e845cc894b2aa16f8275d84afab2c930dde3033b4baebf5621872472	full	full	synthetic	synthetic_sequence_0_based_half_open	3f97982088a7f3ff54e5b557373e73d90f488e22f0ac3dcbaff4803bff11ccf5	paper/ssw_cuda/corpus_manifest.tsv;paper/ssw_cuda/corpus_receipt.json	ssw_cuda_differential_corpus_deterministic_fuzz
pair	ssw_cuda_corpus_case_v1	fuzz-large-0176	ssw_cuda_corpus_case_v1	fuzz-large-0176	fuzz-large-0176:query	fuzz-large-0176:reference	b3fe87991b32c94c8a244ccfb814ed241211dbd6da119248bea9c9c1da7fc1b3	2d6b67975f4c905931496da5f1c0af3f2f7dcbba3e35b376e3109d7810bbe9da	full	full	synthetic	synthetic_sequence_0_based_half_open	8eb41f02b8c246b97d2d90de950123a7525ba33d637f6e640cefb8b838bcb710	paper/ssw_cuda/corpus_manifest.tsv;paper/ssw_cuda/corpus_receipt.json	ssw_cuda_differential_corpus_deterministic_fuzz
pair	ssw_cuda_corpus_case_v1	fuzz-large-0177	ssw_cuda_corpus_case_v1	fuzz-large-0177	fuzz-large-0177:query	fuzz-large-0177:reference	9748abce395ec42e13e18e90491aa3c322a34bd7e8b690f3f7612935001b0942	e8077dd575f86f741ae8e8691becd358c39fd8c5bbf8aa05d2dc9c2dc189ab58	full	full	synthetic	synthetic_sequence_0_based_half_open	9a4baefb0aa9192d271d4b1097d19622b096b7530d69e6ee11c5c6984b9f9da8	paper/ssw_cuda/corpus_manifest.tsv;paper/ssw_cuda/corpus_receipt.json	ssw_cuda_differential_corpus_deterministic_fuzz
pair	ssw_cuda_corpus_case_v1	fuzz-large-0178	ssw_cuda_corpus_case_v1	fuzz-large-0178	fuzz-large-0178:query	fuzz-large-0178:reference	b4f34f65e7f99858da38495391877bc625fe11bc4551f7f6585c769fc49a2a0f	80fd28d5f6554891383b70ffa12d1dcae7d7e06e5ec00a5add8c406ac3fa2fbe	full	full	synthetic	synthetic_sequence_0_based_half_open	bd6880792139c8b78ffec260dbb1a7833cf8e522ea4b48c0ba97d87de5a33fd4	paper/ssw_cuda/corpus_manifest.tsv;paper/ssw_cuda/corpus_receipt.json	ssw_cuda_differential_corpus_deterministic_fuzz
pair	ssw_cuda_corpus_case_v1	fuzz-large-0179	ssw_cuda_corpus_case_v1	fuzz-large-0179	fuzz-large-0179:query	fuzz-large-0179:reference	a5d07720d4a0b85827e067555d3553a464987273f01facec231e5991c2ec426f	7f4905ba728431108d2a12516a1d47caff30a9766302e49c0663e828c91775d3	full	full	synthetic	synthetic_sequence_0_based_half_open	a4bcd91eb3c474fa80879f1d2ca298f9e906ddf1e26e5c00611191efa6c45049	paper/ssw_cuda/corpus_manifest.tsv;paper/ssw_cuda/corpus_receipt.json	ssw_cuda_differential_corpus_deterministic_fuzz
pair	ssw_cuda_corpus_case_v1	fuzz-large-0180	ssw_cuda_corpus_case_v1	fuzz-large-0180	fuzz-large-0180:query	fuzz-large-0180:reference	3986847e2b1d6fdab1327d00cd469222afe196c9900443924eb509892aa1585b	5581a03ab388a97b09be9757071ec30c5fcbe0b3df4d78de8b19ba889b400e3d	full	full	synthetic	synthetic_sequence_0_based_half_open	1e4fd4816b257e599e0cf944c37bf06cc00318868c3cb64b3234638e1b5f9dca	paper/ssw_cuda/corpus_manifest.tsv;paper/ssw_cuda/corpus_receipt.json	ssw_cuda_differential_corpus_deterministic_fuzz
pair	ssw_cuda_corpus_case_v1	fuzz-large-0181	ssw_cuda_corpus_case_v1	fuzz-large-0181	fuzz-large-0181:query	fuzz-large-0181:reference	fc62618369f93050cc409cadd17dabdcb823427bdded870aeb9e9323e641a8ef	c6de14998d117f662999ae6316b3021356fa6cb17eb6b5bd10dea45d02da3410	full	full	synthetic	synthetic_sequence_0_based_half_open	6e7e57c0ea591c88db261ce11c244c2a5c295ee7a9342dbe157db32d87118271	paper/ssw_cuda/corpus_manifest.tsv;paper/ssw_cuda/corpus_receipt.json	ssw_cuda_differential_corpus_deterministic_fuzz
pair	ssw_cuda_corpus_case_v1	fuzz-large-0182	ssw_cuda_corpus_case_v1	fuzz-large-0182	fuzz-large-0182:query	fuzz-large-0182:reference	fccc9081dbf5ab3d17cc77befbae6753e2b302b58ecd70829cef8e309312931e	9c48902b825cbbccb043f6df3d1e3680acd53b10d2335279a8e6f26250185200	full	full	synthetic	synthetic_sequence_0_based_half_open	e7e7177e12eb01f37707efd7c41bfc4c9333c705dd1ecc2f34a5f6697ea3f2d8	paper/ssw_cuda/corpus_manifest.tsv;paper/ssw_cuda/corpus_receipt.json	ssw_cuda_differential_corpus_deterministic_fuzz
pair	ssw_cuda_corpus_case_v1	fuzz-large-0183	ssw_cuda_corpus_case_v1	fuzz-large-0183	fuzz-large-0183:query	fuzz-large-0183:reference	0c3be467112c6779ccd341126f4a05f7cd7e851590806ba1a23649ed506a5324	4573849d324dfd897b89edba89fc17fea2c5de3bdace2a569eee082b5aed2cce	full	full	synthetic	synthetic_sequence_0_based_half_open	8fdde4574e1d1c1810c601f413c2a00c0f744021da1d05af7fe11f2c54c503c9	paper/ssw_cuda/corpus_manifest.tsv;paper/ssw_cuda/corpus_receipt.json	ssw_cuda_differential_corpus_deterministic_fuzz
pair	ssw_cuda_corpus_case_v1	fuzz-large-0184	ssw_cuda_corpus_case_v1	fuzz-large-0184	fuzz-large-0184:query	fuzz-large-0184:reference	798cf686075db82b856d2436c5c7d502565c66019b7cd8ac48ed2ef02e9b98b0	27f335b80f67d67bae175740a57872b89c268c3b2fa05b54dffc201112b4f297	full	full	synthetic	synthetic_sequence_0_based_half_open	a42ff3b982db042729a68bcb48d09d7c90417918b9548e2fd946a9475f442ec6	paper/ssw_cuda/corpus_manifest.tsv;paper/ssw_cuda/corpus_receipt.json	ssw_cuda_differential_corpus_deterministic_fuzz
pair	ssw_cuda_corpus_case_v1	fuzz-large-0185	ssw_cuda_corpus_case_v1	fuzz-large-0185	fuzz-large-0185:query	fuzz-large-0185:reference	0f7e97af1d2f5498110a9dd78e27cd64aff4e33aa0f13707f04523e6a2150a47	6c4b8cc19dd33c535be38dfdfaa38950e28380f39ef0edd178c75f23701ad7f0	full	full	synthetic	synthetic_sequence_0_based_half_open	cb7556bc2f1e6054d4c7d65c6d7fcbc198d6aed5297be9326314892335290648	paper/ssw_cuda/corpus_manifest.tsv;paper/ssw_cuda/corpus_receipt.json	ssw_cuda_differential_corpus_deterministic_fuzz
pair	ssw_cuda_corpus_case_v1	fuzz-large-0186	ssw_cuda_corpus_case_v1	fuzz-large-0186	fuzz-large-0186:query	fuzz-large-0186:reference	327016073f0548da2662837e44825a7c67840811eef2565d9c54d5bcd5ad63fe	f4f75d2fb71a384e927c6b0ede0b8f657ea5178c6349495952e8f07b8c96e9bf	full	full	synthetic	synthetic_sequence_0_based_half_open	551de13ef67d18b4a446ad883bdc357aad35e5eecacbb6ff8a2cb1fbac23b95b	paper/ssw_cuda/corpus_manifest.tsv;paper/ssw_cuda/corpus_receipt.json	ssw_cuda_differential_corpus_deterministic_fuzz
pair	ssw_cuda_corpus_case_v1	fuzz-large-0187	ssw_cuda_corpus_case_v1	fuzz-large-0187	fuzz-large-0187:query	fuzz-large-0187:reference	61f7cafd8ea2d8cc1d1b6c4df4042a7c35f086c17982622787bba0c648c074fe	89ea568a212b2891dc43b3415350edf03b69e662a2682d115f3b0649f7943490	full	full	synthetic	synthetic_sequence_0_based_half_open	c9072d04b3e871b901a5372a1296172d84a12917a0ceec365dce58974c3c81e2	paper/ssw_cuda/corpus_manifest.tsv;paper/ssw_cuda/corpus_receipt.json	ssw_cuda_differential_corpus_deterministic_fuzz
pair	ssw_cuda_corpus_case_v1	fuzz-large-0188	ssw_cuda_corpus_case_v1	fuzz-large-0188	fuzz-large-0188:query	fuzz-large-0188:reference	d33f2d71568614f504ff5c71daec0612df759a5c505bf1f7a26c37e57d288939	9619968606fcde5c20b6cfc3273c4d6b24f794b6604e3e4439dcb2df402a6996	full	full	synthetic	synthetic_sequence_0_based_half_open	0530ffa979b928c57d13f12c606a203324c0bb95f556a745eb9532f590e6fe33	paper/ssw_cuda/corpus_manifest.tsv;paper/ssw_cuda/corpus_receipt.json	ssw_cuda_differential_corpus_deterministic_fuzz
pair	ssw_cuda_corpus_case_v1	fuzz-large-0189	ssw_cuda_corpus_case_v1	fuzz-large-0189	fuzz-large-0189:query	fuzz-large-0189:reference	7d719284196070600f52015c1cb215f6efd3d229f852f03055ab33464c092bb6	00f24106da15eb8a2f6874c136c4a662f5ce49c1c0406a2c050c19333fd318b2	full	full	synthetic	synthetic_sequence_0_based_half_open	ef6c7d5cf24ac6c30615ee4216003a78e782316a809f3fd4fb652856b069d85a	paper/ssw_cuda/corpus_manifest.tsv;paper/ssw_cuda/corpus_receipt.json	ssw_cuda_differential_corpus_deterministic_fuzz
pair	ssw_cuda_corpus_case_v1	fuzz-large-0190	ssw_cuda_corpus_case_v1	fuzz-large-0190	fuzz-large-0190:query	fuzz-large-0190:reference	ff2d05a9377514c40f320c66beb1d5c3331c53fe0f07e0a700fb0fc755ef78ca	18665bcc27d6097b61081f75f645df83f1687c8eda9accbebe253fc0aed3c257	full	full	synthetic	synthetic_sequence_0_based_half_open	61e03b2352a628a6dca036d93e79c5eaad09fdddab0ba6eb3e20b9d3486bf67b	paper/ssw_cuda/corpus_manifest.tsv;paper/ssw_cuda/corpus_receipt.json	ssw_cuda_differential_corpus_deterministic_fuzz
pair	ssw_cuda_corpus_case_v1	fuzz-large-0191	ssw_cuda_corpus_case_v1	fuzz-large-0191	fuzz-large-0191:query	fuzz-large-0191:reference	64d40cd24992b23e8333a72d9ed0801d027948b5f2c953ad3d91be2609f7bf80	a06a3dfde475a3cbefc56d3969759f93e44a716abca1f1f1e3b51f0c2a7e0598	full	full	synthetic	synthetic_sequence_0_based_half_open	794ab92265a6358aae103139b151ca2143035bc0c726df6405258fdf7d2d02b9	paper/ssw_cuda/corpus_manifest.tsv;paper/ssw_cuda/corpus_receipt.json	ssw_cuda_differential_corpus_deterministic_fuzz
pair	ssw_cuda_corpus_case_v1	fuzz-large-0192	ssw_cuda_corpus_case_v1	fuzz-large-0192	fuzz-large-0192:query	fuzz-large-0192:reference	1f6369fe83c24b40ac56a96903356f80743a1bc901be963eb15db09e37ce3acb	0a9ad1b81b6d17261d00bad4e86e28da902d1c4e0b964d50d0a5dd96c67b434f	full	full	synthetic	synthetic_sequence_0_based_half_open	47f7a3647205aee882a0ae5b372d91b7966b1ab3b7b636d9be6a9ebd41d86847	paper/ssw_cuda/corpus_manifest.tsv;paper/ssw_cuda/corpus_receipt.json	ssw_cuda_differential_corpus_deterministic_fuzz
pair	ssw_cuda_corpus_case_v1	fuzz-large-0193	ssw_cuda_corpus_case_v1	fuzz-large-0193	fuzz-large-0193:query	fuzz-large-0193:reference	e8c8bf8920f12d6e226a7b5545f51be24270e96e2614c3c7ea698de0e06c57d7	687173eeab2819a150de3c4cc30e7a43115e5f93d93445e530d4375d3b3da99b	full	full	synthetic	synthetic_sequence_0_based_half_open	a38e422526aded664612a6d98a909739625343a755193d387ba0fe9e35407c73	paper/ssw_cuda/corpus_manifest.tsv;paper/ssw_cuda/corpus_receipt.json	ssw_cuda_differential_corpus_deterministic_fuzz
pair	ssw_cuda_corpus_case_v1	fuzz-large-0194	ssw_cuda_corpus_case_v1	fuzz-large-0194	fuzz-large-0194:query	fuzz-large-0194:reference	34cf5193b55c518d1bfc4d5d67f2677542c0110397f5d60af1d1f9fb0634def9	b9997c63b9497ae12850321d993bf3e0be058c9114afdbd0ed2e9ce9bc194959	full	full	synthetic	synthetic_sequence_0_based_half_open	4191b12a000496b3490dbd55593a4ebd38c711d206a7193dff30f669429c395b	paper/ssw_cuda/corpus_manifest.tsv;paper/ssw_cuda/corpus_receipt.json	ssw_cuda_differential_corpus_deterministic_fuzz
pair	ssw_cuda_corpus_case_v1	fuzz-large-0195	ssw_cuda_corpus_case_v1	fuzz-large-0195	fuzz-large-0195:query	fuzz-large-0195:reference	42a7ba00d3ddc7f63877ace3af797fb00c9961189d66f4a81e75ebae987993a8	6d90255310272bbb920dea443be6aa0039e818ab820f776244fd9fc1770063be	full	full	synthetic	synthetic_sequence_0_based_half_open	27da64b0f0997a658ce0bdcecf0eb21accdb7bb35e677fb9fdc68eec6d30d316	paper/ssw_cuda/corpus_manifest.tsv;paper/ssw_cuda/corpus_receipt.json	ssw_cuda_differential_corpus_deterministic_fuzz
pair	ssw_cuda_corpus_case_v1	fuzz-large-0196	ssw_cuda_corpus_case_v1	fuzz-large-0196	fuzz-large-0196:query	fuzz-large-0196:reference	ead4a0bd1dd81d338560fc6c3766162f5f6382d0b6d68c1c886d9849a5f369c2	ecc66bb90390a101187cf6dcdb96c0a968474ea26eb84dc53547c3e60e4e20ad	full	full	synthetic	synthetic_sequence_0_based_half_open	a386cafb2fee772feb01000bfcfa78d3ef0efadfa4ff6f132c93fd510de2869d	paper/ssw_cuda/corpus_manifest.tsv;paper/ssw_cuda/corpus_receipt.json	ssw_cuda_differential_corpus_deterministic_fuzz
pair	ssw_cuda_corpus_case_v1	fuzz-large-0197	ssw_cuda_corpus_case_v1	fuzz-large-0197	fuzz-large-0197:query	fuzz-large-0197:reference	7d7d96c7e7eccd891a9f2be6b0079bc7c9914f8a39abba1795de2b323217db3b	ce055eb3ed4e11d0582114edd04f36c8fdd18ab8a6191a98ccbc52884acb66cd	full	full	synthetic	synthetic_sequence_0_based_half_open	5b12846a91748e33147f3b883785cc73aba538bc89e59409a65203160a2b9a91	paper/ssw_cuda/corpus_manifest.tsv;paper/ssw_cuda/corpus_receipt.json	ssw_cuda_differential_corpus_deterministic_fuzz
pair	ssw_cuda_corpus_case_v1	fuzz-large-0198	ssw_cuda_corpus_case_v1	fuzz-large-0198	fuzz-large-0198:query	fuzz-large-0198:reference	6ec278726261497bf5b535cfbd203f3cc134dc132646a04875b396d572d0a45f	a66d97cacb4bd72461e66fd166410d90f66033d8ca6e4d9ff9426fe851b3bb0d	full	full	synthetic	synthetic_sequence_0_based_half_open	780d24428a2fd5316ecd945f24b2b4cda6c04bfad6570ec6c6240b9f7984ec28	paper/ssw_cuda/corpus_manifest.tsv;paper/ssw_cuda/corpus_receipt.json	ssw_cuda_differential_corpus_deterministic_fuzz
pair	ssw_cuda_corpus_case_v1	fuzz-large-0199	ssw_cuda_corpus_case_v1	fuzz-large-0199	fuzz-large-0199:query	fuzz-large-0199:reference	d626b44ab3b459c7b227a284aedd0571e3cc648b96fb77b6d2121cd66641daca	b18edda9526de03e951794f1ade229a4f81e183b52c4acb3c831905fdae78f9e	full	full	synthetic	synthetic_sequence_0_based_half_open	2565bc067deb9c4babb176b950deed279160c574c6c5c446c86210cd02cf4b2c	paper/ssw_cuda/corpus_manifest.tsv;paper/ssw_cuda/corpus_receipt.json	ssw_cuda_differential_corpus_deterministic_fuzz
pair	ssw_cuda_corpus_case_v1	fuzz-large-0200	ssw_cuda_corpus_case_v1	fuzz-large-0200	fuzz-large-0200:query	fuzz-large-0200:reference	c61aa46abc1225e463af5c7ba58b0ccaa2a32b9b34dc9da1f63249b89ceb3a39	797c74cb808da0572ba386dc266e8e4508d0951366acf9f96f855af97779305c	full	full	synthetic	synthetic_sequence_0_based_half_open	4f07b2a46dce29d6de650781a5836649b64c2a58e5f5a587356b9dde5e965724	paper/ssw_cuda/corpus_manifest.tsv;paper/ssw_cuda/corpus_receipt.json	ssw_cuda_differential_corpus_deterministic_fuzz
pair	ssw_cuda_corpus_case_v1	fuzz-large-0201	ssw_cuda_corpus_case_v1	fuzz-large-0201	fuzz-large-0201:query	fuzz-large-0201:reference	2e331eb2fce3558497707cc136411b6544d55c4997e0ce7bc887b7d8fd6b144f	498cc958738d296a832d0738fb5f630e6bfd1916accb696375b6c714d87a956d	full	full	synthetic	synthetic_sequence_0_based_half_open	307ffa01d56ea9d04187b20c771ad672db9a3a8c3717f69ac2eca7042623bcd0	paper/ssw_cuda/corpus_manifest.tsv;paper/ssw_cuda/corpus_receipt.json	ssw_cuda_differential_corpus_deterministic_fuzz
pair	ssw_cuda_corpus_case_v1	fuzz-large-0202	ssw_cuda_corpus_case_v1	fuzz-large-0202	fuzz-large-0202:query	fuzz-large-0202:reference	82bb2ee8514e44884617921fd20ea6444a0f3bca9ca851bc168d5c107ef5162b	443385757f0953bb201d3a9bda10f6b6c4e26fd482b1c9b8cd79949044483c47	full	full	synthetic	synthetic_sequence_0_based_half_open	6d6cc90bf266fa1f71f0b2ef781fbe5ecb8ac4effc5ba506a8e1363c894a6b51	paper/ssw_cuda/corpus_manifest.tsv;paper/ssw_cuda/corpus_receipt.json	ssw_cuda_differential_corpus_deterministic_fuzz
pair	ssw_cuda_corpus_case_v1	fuzz-large-0203	ssw_cuda_corpus_case_v1	fuzz-large-0203	fuzz-large-0203:query	fuzz-large-0203:reference	f4514d0991fb9a2d415d7824a602ba550951eb945818e69825b5abf66f708e44	bed26b8189cce9223d9cdcefc10ac63816c53d711f3f4192f5a8211a8dd6fe76	full	full	synthetic	synthetic_sequence_0_based_half_open	d649142ff51606ad1ecda1783994b60240f9ea2328eb3ff23ed2a40c419ce144	paper/ssw_cuda/corpus_manifest.tsv;paper/ssw_cuda/corpus_receipt.json	ssw_cuda_differential_corpus_deterministic_fuzz
pair	ssw_cuda_corpus_case_v1	fuzz-large-0204	ssw_cuda_corpus_case_v1	fuzz-large-0204	fuzz-large-0204:query	fuzz-large-0204:reference	97bd9ee7fd08d8b06f7bdb02dd21a711c393bd4ebcabcd1a109844e0698b77df	ac63761144fd62d2d70d0544b1d8c72fa02e18862cd943598f3055748cf64fa3	full	full	synthetic	synthetic_sequence_0_based_half_open	fdb300bb517012771c2b7ee24fa8d7fc5beee78e52a32fc14c4854b5054d08e7	paper/ssw_cuda/corpus_manifest.tsv;paper/ssw_cuda/corpus_receipt.json	ssw_cuda_differential_corpus_deterministic_fuzz
pair	ssw_cuda_corpus_case_v1	fuzz-large-0205	ssw_cuda_corpus_case_v1	fuzz-large-0205	fuzz-large-0205:query	fuzz-large-0205:reference	5b4231e349ab931a676b4a5cd58e700fdea5c8f31784574ec286a3d04fbad279	306d168c82aad58c40374251992ae6f31ccd1652256de767d38dba2792afe6b1	full	full	synthetic	synthetic_sequence_0_based_half_open	154a0de274157a5bb3227c03726c7bfefa0041a742fc080dacee44c96696c5d2	paper/ssw_cuda/corpus_manifest.tsv;paper/ssw_cuda/corpus_receipt.json	ssw_cuda_differential_corpus_deterministic_fuzz
pair	ssw_cuda_corpus_case_v1	fuzz-large-0206	ssw_cuda_corpus_case_v1	fuzz-large-0206	fuzz-large-0206:query	fuzz-large-0206:reference	2d81cde13b1882bd52f7e11382576a0c131b4c984a13e16f88ae4e6d0d32cf98	0b7fbb678a708de5503becfb97f6b29a3f1d696594cfe092147f7a9818e783be	full	full	synthetic	synthetic_sequence_0_based_half_open	2c8be8c08c24cc443367337ed18b62836d5ae43757ec32dbccea1b0431e76622	paper/ssw_cuda/corpus_manifest.tsv;paper/ssw_cuda/corpus_receipt.json	ssw_cuda_differential_corpus_deterministic_fuzz
pair	ssw_cuda_corpus_case_v1	fuzz-large-0207	ssw_cuda_corpus_case_v1	fuzz-large-0207	fuzz-large-0207:query	fuzz-large-0207:reference	547e8270fe75be6aab7482aa6b69b8ef2dadadb5b860830a2dd7f5db093541cd	b841049f6673b241d80184275dd9dcb86454b90d8b4220437dff636a3eff2b42	full	full	synthetic	synthetic_sequence_0_based_half_open	ceafd97f5fbf94f7b3ca60b12366a16d11140fac1d811ed0dd86354fcc6a7c6d	paper/ssw_cuda/corpus_manifest.tsv;paper/ssw_cuda/corpus_receipt.json	ssw_cuda_differential_corpus_deterministic_fuzz
pair	ssw_cuda_corpus_case_v1	fuzz-large-0208	ssw_cuda_corpus_case_v1	fuzz-large-0208	fuzz-large-0208:query	fuzz-large-0208:reference	e9ea674d8b38f6e5d291acdc402472b56036835597f111037b32f5439ae65b94	18ad1bff9d850ed73bd48ac08769a36c0e43cc217c7062c0288c10660c71ee50	full	full	synthetic	synthetic_sequence_0_based_half_open	a3a993c73dd4acf6950b3a0d23fa8b500309abf16d8592c5920b8f39d37aa5d8	paper/ssw_cuda/corpus_manifest.tsv;paper/ssw_cuda/corpus_receipt.json	ssw_cuda_differential_corpus_deterministic_fuzz
pair	ssw_cuda_corpus_case_v1	fuzz-large-0209	ssw_cuda_corpus_case_v1	fuzz-large-0209	fuzz-large-0209:query	fuzz-large-0209:reference	1e0fb6530c367a43514e33d1946e5fadbc01fb8aea71e6bf3a29c7dc553fcd32	23f61371a87cd50ca4f7faae926438ceffdc3f3264d09768b6446eec0894bab0	full	full	synthetic	synthetic_sequence_0_based_half_open	4c40a0dc0dd77bd572a6819cb99851198aa9be98a93eaeba7090fb490b159c7c	paper/ssw_cuda/corpus_manifest.tsv;paper/ssw_cuda/corpus_receipt.json	ssw_cuda_differential_corpus_deterministic_fuzz
pair	ssw_cuda_corpus_case_v1	fuzz-large-0210	ssw_cuda_corpus_case_v1	fuzz-large-0210	fuzz-large-0210:query	fuzz-large-0210:reference	526d830468e5503db81ece42c35eb22207d75710b70f35c518128109ad753c4c	196a6f580fce5d115258d4ef1af145878335962b2a2e56b1c39f37e43484d8a0	full	full	synthetic	synthetic_sequence_0_based_half_open	d8dfe6738beeed3884654e7d3241f9d7dcbffe17c7f72e96439b4c4529cfa07d	paper/ssw_cuda/corpus_manifest.tsv;paper/ssw_cuda/corpus_receipt.json	ssw_cuda_differential_corpus_deterministic_fuzz
pair	ssw_cuda_corpus_case_v1	fuzz-large-0211	ssw_cuda_corpus_case_v1	fuzz-large-0211	fuzz-large-0211:query	fuzz-large-0211:reference	13522420c38fd1f0302a6a1689bca4d719ce75da253e36634cac5713fe51c9df	6761f4057714fdcd083b143aa7f91d84356994202f4a2193c50e652f8ef2e6b8	full	full	synthetic	synthetic_sequence_0_based_half_open	d5b0b6d78dc788a39be025728225695bde252f1d066a7e3263455c2e004a05ff	paper/ssw_cuda/corpus_manifest.tsv;paper/ssw_cuda/corpus_receipt.json	ssw_cuda_differential_corpus_deterministic_fuzz
pair	ssw_cuda_corpus_case_v1	fuzz-large-0212	ssw_cuda_corpus_case_v1	fuzz-large-0212	fuzz-large-0212:query	fuzz-large-0212:reference	4cbcd180b36df24f79079eb91e32fb2d4b0922fdf4882683b33d89740b4433a3	b57e7a4f1a7284c75cf3b167c5acf5b1aad3e3a7426292c294417f25cc96e918	full	full	synthetic	synthetic_sequence_0_based_half_open	7cf78153b1efa160eda9254e836326487cf2e3822c213bbd70856119707b912a	paper/ssw_cuda/corpus_manifest.tsv;paper/ssw_cuda/corpus_receipt.json	ssw_cuda_differential_corpus_deterministic_fuzz
pair	ssw_cuda_corpus_case_v1	fuzz-large-0213	ssw_cuda_corpus_case_v1	fuzz-large-0213	fuzz-large-0213:query	fuzz-large-0213:reference	41ac41c10d63676e5723ed84d290bbe9351eb0f2781393c5122db6aafa8b18cd	64f6e4a99d4ac2116487f7fcaebe613ac0a6d2ecb7facfa333246a6c4a9dd637	full	full	synthetic	synthetic_sequence_0_based_half_open	290d2edb02973b23cc7823afdd6142aa3dbef2a837ed7bf11a9e2ec60324f1e6	paper/ssw_cuda/corpus_manifest.tsv;paper/ssw_cuda/corpus_receipt.json	ssw_cuda_differential_corpus_deterministic_fuzz
pair	ssw_cuda_corpus_case_v1	fuzz-large-0214	ssw_cuda_corpus_case_v1	fuzz-large-0214	fuzz-large-0214:query	fuzz-large-0214:reference	974848d294530c74545c4feecaf9c296fb875f5c79af322fbe4392afd7e682ac	ab85766a60b25053402f7f73764f2e2276aae0303c0945c02c9b83baf7d4eb0a	full	full	synthetic	synthetic_sequence_0_based_half_open	62e2eed72633f4fd767f7beaac5f6e8825bf3c70363e81d28d0fc97e5ae45423	paper/ssw_cuda/corpus_manifest.tsv;paper/ssw_cuda/corpus_receipt.json	ssw_cuda_differential_corpus_deterministic_fuzz
pair	ssw_cuda_corpus_case_v1	fuzz-large-0215	ssw_cuda_corpus_case_v1	fuzz-large-0215	fuzz-large-0215:query	fuzz-large-0215:reference	f012dea0a47959fe7a2545fd05834bab902c52cdc813875524eb7069bb7c2c33	a1ba028704e3aacaa4ecdbeb16ad4b7d5f69b3b00fee045792690ce207659c04	full	full	synthetic	synthetic_sequence_0_based_half_open	bc1db0b9a87377499b28e82b803e007070510d7edd1f352c298c368fa267a71f	paper/ssw_cuda/corpus_manifest.tsv;paper/ssw_cuda/corpus_receipt.json	ssw_cuda_differential_corpus_deterministic_fuzz
pair	ssw_cuda_corpus_case_v1	fuzz-large-0216	ssw_cuda_corpus_case_v1	fuzz-large-0216	fuzz-large-0216:query	fuzz-large-0216:reference	6714d2436590dc0d3b98fcad2c5edd097172d61c3dd36dcfbdd99b6ad86360cd	635f99cf3ca68373138b2355a5b4090587b8f8f2f93ccc0cf398f64f8a5cd57b	full	full	synthetic	synthetic_sequence_0_based_half_open	dd103eada4746df4770514f6df1beba7f1cca665d9ce6d65b501a6e109a0610d	paper/ssw_cuda/corpus_manifest.tsv;paper/ssw_cuda/corpus_receipt.json	ssw_cuda_differential_corpus_deterministic_fuzz
pair	ssw_cuda_corpus_case_v1	fuzz-large-0217	ssw_cuda_corpus_case_v1	fuzz-large-0217	fuzz-large-0217:query	fuzz-large-0217:reference	b19433e414b4a9f894d4b8163ca77dbbd0f53691bc8c554bff5f9c34daccfd00	d4fe6fbbe23d57f531822f01438bb84b7f956c255f3940a1f4139d3215ca983c	full	full	synthetic	synthetic_sequence_0_based_half_open	8d0feacb03d41a8bc2e94ec590657511cc851c6b9717b72e5868b32c2a89ec8b	paper/ssw_cuda/corpus_manifest.tsv;paper/ssw_cuda/corpus_receipt.json	ssw_cuda_differential_corpus_deterministic_fuzz
pair	ssw_cuda_corpus_case_v1	fuzz-large-0218	ssw_cuda_corpus_case_v1	fuzz-large-0218	fuzz-large-0218:query	fuzz-large-0218:reference	1f7597d570a8823e56d3fd2e075425729079bb55979578444db4a8c2c8e29175	c520b413ae995ca76dbc66487cc71d73d12c097ca64d6d2f2d995dbb699192a7	full	full	synthetic	synthetic_sequence_0_based_half_open	a736335cf920b04cb652ae32e6e689c0d833c923b3c035f22febd2edc5a397c7	paper/ssw_cuda/corpus_manifest.tsv;paper/ssw_cuda/corpus_receipt.json	ssw_cuda_differential_corpus_deterministic_fuzz
pair	ssw_cuda_corpus_case_v1	fuzz-large-0219	ssw_cuda_corpus_case_v1	fuzz-large-0219	fuzz-large-0219:query	fuzz-large-0219:reference	ad5c37388ee94cdd6f68c36cffc72583cdfe3f9ed25ec8b19edeff50fba30462	04a64628af18e9b1c72c9bdd7b8a0f2f5f3415329902b5d3ac3549b0dce3ebc7	full	full	synthetic	synthetic_sequence_0_based_half_open	4dbb7e12f4cbdcf1089f61929a7171717a2cf88581ac76679373a4e1fdb49bda	paper/ssw_cuda/corpus_manifest.tsv;paper/ssw_cuda/corpus_receipt.json	ssw_cuda_differential_corpus_deterministic_fuzz
pair	ssw_cuda_corpus_case_v1	fuzz-large-0220	ssw_cuda_corpus_case_v1	fuzz-large-0220	fuzz-large-0220:query	fuzz-large-0220:reference	5b55928de704179fcc04ac311c8da37ceb98f905e6aae9b8519df1f23cb877ed	65714aa28bea0f9ad3e4e0b08d13901e419817103850b3bccd07767864c12037	full	full	synthetic	synthetic_sequence_0_based_half_open	0b67698ff28854e49a1e8c9863c91c7fe0afc8f0411e1805e14782d878960c78	paper/ssw_cuda/corpus_manifest.tsv;paper/ssw_cuda/corpus_receipt.json	ssw_cuda_differential_corpus_deterministic_fuzz
pair	ssw_cuda_corpus_case_v1	fuzz-large-0221	ssw_cuda_corpus_case_v1	fuzz-large-0221	fuzz-large-0221:query	fuzz-large-0221:reference	12f34868acaf7eb487c272c282c1dae6c322ccc0e03fe15cbfc4eaf6d35a33be	0bb50ea50e23a100508e53f3dac7a86b44094c0bde676d395dee00c7718aef24	full	full	synthetic	synthetic_sequence_0_based_half_open	05c6b06d0e274ea0d2ef20fb6a658127e6f99c47354fed4d4ced98a042e41280	paper/ssw_cuda/corpus_manifest.tsv;paper/ssw_cuda/corpus_receipt.json	ssw_cuda_differential_corpus_deterministic_fuzz
pair	ssw_cuda_corpus_case_v1	fuzz-large-0222	ssw_cuda_corpus_case_v1	fuzz-large-0222	fuzz-large-0222:query	fuzz-large-0222:reference	08ce03c2c6f4498f732c55cf3affda198a346b54e4e7854b1c429a26543ebd05	c332dcc5ce35f2e363252156ba34ad166353ea8595e94029e72e725303d0cf84	full	full	synthetic	synthetic_sequence_0_based_half_open	1b3bb26ee3c168694eefc41e5313b6da7a569b59823e95bad141546a5a8fef55	paper/ssw_cuda/corpus_manifest.tsv;paper/ssw_cuda/corpus_receipt.json	ssw_cuda_differential_corpus_deterministic_fuzz
pair	ssw_cuda_corpus_case_v1	fuzz-large-0223	ssw_cuda_corpus_case_v1	fuzz-large-0223	fuzz-large-0223:query	fuzz-large-0223:reference	59151a055dd764c301df67f7865fdd5627b9038c6f6e4936a6957ad758cdd4a8	5ce450edce48d19039fa020b78cb26c4f231fc06d7ea0f07b9fb33e2d37308b6	full	full	synthetic	synthetic_sequence_0_based_half_open	f120077b0b5a8320dbc683d65373af9b37685332f50a0a5c77ab368e2520ac1d	paper/ssw_cuda/corpus_manifest.tsv;paper/ssw_cuda/corpus_receipt.json	ssw_cuda_differential_corpus_deterministic_fuzz
pair	ssw_cuda_corpus_case_v1	fuzz-large-0224	ssw_cuda_corpus_case_v1	fuzz-large-0224	fuzz-large-0224:query	fuzz-large-0224:reference	f419007f2ad5cdda1a4ace2eeb418e287c3a6c4fc55a7500bfab9324d43177af	c87947185f0f5c8bf5c1eeeb3bdcaf0c4d62d9ab80f035ba12facc43d9fe0250	full	full	synthetic	synthetic_sequence_0_based_half_open	ff52ae433d1e0508ea3265f328b40d0b6034c06b291d52e4f747a9c09c85f695	paper/ssw_cuda/corpus_manifest.tsv;paper/ssw_cuda/corpus_receipt.json	ssw_cuda_differential_corpus_deterministic_fuzz
pair	ssw_cuda_corpus_case_v1	fuzz-large-0225	ssw_cuda_corpus_case_v1	fuzz-large-0225	fuzz-large-0225:query	fuzz-large-0225:reference	fa5e5b632b3664df08842300bec5c5a63af401c2651866ba63fa92e0f4b2752d	7bb5d233af2783868f41e8e42bfdfa2dd03e82573a5be37fadee72b6d74008c9	full	full	synthetic	synthetic_sequence_0_based_half_open	ca525c0bcd043cca23be2b36c79660616456767334805a34804c2f87be45792a	paper/ssw_cuda/corpus_manifest.tsv;paper/ssw_cuda/corpus_receipt.json	ssw_cuda_differential_corpus_deterministic_fuzz
pair	ssw_cuda_corpus_case_v1	fuzz-large-0226	ssw_cuda_corpus_case_v1	fuzz-large-0226	fuzz-large-0226:query	fuzz-large-0226:reference	f4822d9083ca96206bfc4cc1c9aa29bbd38e9bdb692360031f504f6dccc395bd	af5c0cc7d19b8253679f70c8a0646a50f3b89657825d45503a32a93f5bc1446f	full	full	synthetic	synthetic_sequence_0_based_half_open	c5ea9db5277715f11ae913fdf9fdb960fbb165365b688d33f7da1fefe6c7fa8b	paper/ssw_cuda/corpus_manifest.tsv;paper/ssw_cuda/corpus_receipt.json	ssw_cuda_differential_corpus_deterministic_fuzz
pair	ssw_cuda_corpus_case_v1	fuzz-large-0227	ssw_cuda_corpus_case_v1	fuzz-large-0227	fuzz-large-0227:query	fuzz-large-0227:reference	01f7f4346bc62ce4415946fd6ae56758ee27f5bdc8a92c6c9938faae50a00cb0	70975a3c75cc9a7901051eb44947eabe2d855da78c2ac7a861527e483ebd07b6	full	full	synthetic	synthetic_sequence_0_based_half_open	fde51149893195cda17af8ee3f06d609cb916982b46aa1dff15da05cd26c8e28	paper/ssw_cuda/corpus_manifest.tsv;paper/ssw_cuda/corpus_receipt.json	ssw_cuda_differential_corpus_deterministic_fuzz
pair	ssw_cuda_corpus_case_v1	fuzz-large-0228	ssw_cuda_corpus_case_v1	fuzz-large-0228	fuzz-large-0228:query	fuzz-large-0228:reference	29b27caa6501cba802ffcbea3cfd0568d39cd79be07ce932a245bbe34fe1d966	20a0052112fa92502d76ec9525cb58b6a7718480122e4451a755966c5fd8135c	full	full	synthetic	synthetic_sequence_0_based_half_open	9624b2d652e90ce3de999d2418359ed5579b86055f958b8b632acbd6050d1aa6	paper/ssw_cuda/corpus_manifest.tsv;paper/ssw_cuda/corpus_receipt.json	ssw_cuda_differential_corpus_deterministic_fuzz
pair	ssw_cuda_corpus_case_v1	fuzz-large-0229	ssw_cuda_corpus_case_v1	fuzz-large-0229	fuzz-large-0229:query	fuzz-large-0229:reference	72fe4801d3c40c8ff49ef7a59e2bf5918e987d01f12a6fddeb54b565f3ad87d5	a89a1dd2933de8eb060fa6329771b25361d093c92e469abdc97f9839afef35a8	full	full	synthetic	synthetic_sequence_0_based_half_open	a9ef15deaeabfff2c635db37c219ba65dc9423b73119512c3ab242ebc0ed1385	paper/ssw_cuda/corpus_manifest.tsv;paper/ssw_cuda/corpus_receipt.json	ssw_cuda_differential_corpus_deterministic_fuzz
pair	ssw_cuda_corpus_case_v1	fuzz-large-0230	ssw_cuda_corpus_case_v1	fuzz-large-0230	fuzz-large-0230:query	fuzz-large-0230:reference	81edb8af2b686ba364b55fc12d977a61103d7279aa8003b1559d153903603957	54b64aace9e154cd3eaaa1e8c5211bd531270109d11794743b25a0248d1e90c2	full	full	synthetic	synthetic_sequence_0_based_half_open	69cc36e51147805da3762d4e8fc92b5d9e308aa134a56bee0dd1310013c4afd9	paper/ssw_cuda/corpus_manifest.tsv;paper/ssw_cuda/corpus_receipt.json	ssw_cuda_differential_corpus_deterministic_fuzz
pair	ssw_cuda_corpus_case_v1	fuzz-large-0231	ssw_cuda_corpus_case_v1	fuzz-large-0231	fuzz-large-0231:query	fuzz-large-0231:reference	0d9c752a48aa0ddf2209c57f7da4179028d256d24ca706a1a499a1798ba13258	93c638ba47d948b63453cb508c9c58728777a1b07fe6d7a1aba9825ee69d090e	full	full	synthetic	synthetic_sequence_0_based_half_open	693bed26a21f0eb6d41266271b8cb132d9514c9cc6da748909492f27206a5b61	paper/ssw_cuda/corpus_manifest.tsv;paper/ssw_cuda/corpus_receipt.json	ssw_cuda_differential_corpus_deterministic_fuzz
pair	ssw_cuda_corpus_case_v1	fuzz-large-0232	ssw_cuda_corpus_case_v1	fuzz-large-0232	fuzz-large-0232:query	fuzz-large-0232:reference	db117d4077fa075e87a12677e5994dee232bdfc75e25c14a994057c02dad586f	c4d7dc11c107a70e38bb0746002b5f62c7a716c81bd02e49c455e5006f6c2b09	full	full	synthetic	synthetic_sequence_0_based_half_open	bd27171f7069f6b8b5789a9a86e973f235901ed417b5f185a09b5e88121617cf	paper/ssw_cuda/corpus_manifest.tsv;paper/ssw_cuda/corpus_receipt.json	ssw_cuda_differential_corpus_deterministic_fuzz
pair	ssw_cuda_corpus_case_v1	fuzz-large-0233	ssw_cuda_corpus_case_v1	fuzz-large-0233	fuzz-large-0233:query	fuzz-large-0233:reference	1397c7e3b7e20e93d1af6622376bec5c1b13488f292685006ab87e122fd50920	fa9600e404ff6f1650213b9a1b5807e5bbe30d3bd93bef0d8eb5d6b12c3261c9	full	full	synthetic	synthetic_sequence_0_based_half_open	cfcdf2dfeacd802d055a9efce9de0363204b5e7faf92d3ce7ea8bb7e560f17d8	paper/ssw_cuda/corpus_manifest.tsv;paper/ssw_cuda/corpus_receipt.json	ssw_cuda_differential_corpus_deterministic_fuzz
pair	ssw_cuda_corpus_case_v1	fuzz-large-0234	ssw_cuda_corpus_case_v1	fuzz-large-0234	fuzz-large-0234:query	fuzz-large-0234:reference	e878512bfba7306b7203f35af6b357767079919710bacf0cc57cc216f54b8f1d	cbe14aae0630a70db6ba0c0c76308e98d34cac00f58d1377cce3732c1c967fa3	full	full	synthetic	synthetic_sequence_0_based_half_open	8ea0197f83a6d115d032b42f3165ced7d647603be6c5c1898b2a44827876d66e	paper/ssw_cuda/corpus_manifest.tsv;paper/ssw_cuda/corpus_receipt.json	ssw_cuda_differential_corpus_deterministic_fuzz
pair	ssw_cuda_corpus_case_v1	fuzz-large-0235	ssw_cuda_corpus_case_v1	fuzz-large-0235	fuzz-large-0235:query	fuzz-large-0235:reference	cc92d7c12abcd764006c30fc82237bfb8ea81c5534532c66bed09680ae6d23e0	9a9367bf7c91ea61ce7cf3ff49009cdc7393c4e3681e1f6a4531a1295bdf9f1f	full	full	synthetic	synthetic_sequence_0_based_half_open	dcce94eac153e9111c247a056ddfc2c1acc57ea47bb7ec9248ecac2acb364033	paper/ssw_cuda/corpus_manifest.tsv;paper/ssw_cuda/corpus_receipt.json	ssw_cuda_differential_corpus_deterministic_fuzz
pair	ssw_cuda_corpus_case_v1	fuzz-large-0236	ssw_cuda_corpus_case_v1	fuzz-large-0236	fuzz-large-0236:query	fuzz-large-0236:reference	8b447878bbc24b911e67d7715d0b2cca4571d0886c711f4b8808ff5f1bda7db6	c4515c5f124ab48398abd4890a4cefdfe8e1b7715a75775328651f4629c8af4b	full	full	synthetic	synthetic_sequence_0_based_half_open	90fa9b0bd4a8f53fa3c3ac04356ba47211d425789ab95392e1d5d7a0650c937e	paper/ssw_cuda/corpus_manifest.tsv;paper/ssw_cuda/corpus_receipt.json	ssw_cuda_differential_corpus_deterministic_fuzz
pair	ssw_cuda_corpus_case_v1	fuzz-large-0237	ssw_cuda_corpus_case_v1	fuzz-large-0237	fuzz-large-0237:query	fuzz-large-0237:reference	12263318ca0b9fa81ccae0a7bdde8d3bbdc337f6eed8aac9df0a82f921e3f03d	cee31336759f2d36f95c8a59292bb01402f582949d4431c9511ef5a986352863	full	full	synthetic	synthetic_sequence_0_based_half_open	acc99c82e9506a163208ea024a9b602138a2fab3cb4b311c460344a245cb84d7	paper/ssw_cuda/corpus_manifest.tsv;paper/ssw_cuda/corpus_receipt.json	ssw_cuda_differential_corpus_deterministic_fuzz
pair	ssw_cuda_corpus_case_v1	fuzz-large-0238	ssw_cuda_corpus_case_v1	fuzz-large-0238	fuzz-large-0238:query	fuzz-large-0238:reference	86d7afb969e5d43cb05f041ec1b2148ac32468bb4226c2b13eb4473780969ab4	dd3ac88c96a23d192f51118ec190995348edfea04ef72cd40b0c082760be7833	full	full	synthetic	synthetic_sequence_0_based_half_open	3e33e929a33ac89b5967d9312cf9edb5f5f0879a38d19452be5916f3bef53955	paper/ssw_cuda/corpus_manifest.tsv;paper/ssw_cuda/corpus_receipt.json	ssw_cuda_differential_corpus_deterministic_fuzz
pair	ssw_cuda_corpus_case_v1	fuzz-large-0239	ssw_cuda_corpus_case_v1	fuzz-large-0239	fuzz-large-0239:query	fuzz-large-0239:reference	c02788f4691a056294f27ad356f33bf52fd6714fe34a9bcec4c20f27c51ab6a7	3e18b33e134138be1f61d7478025c1e7f4a3926a259527229b5ee88f687e6f15	full	full	synthetic	synthetic_sequence_0_based_half_open	662f9f5d879cb7d2556affcf01fe554d472f143d834f9d50a397f667ee2a714d	paper/ssw_cuda/corpus_manifest.tsv;paper/ssw_cuda/corpus_receipt.json	ssw_cuda_differential_corpus_deterministic_fuzz
pair	ssw_cuda_corpus_case_v1	fuzz-large-0240	ssw_cuda_corpus_case_v1	fuzz-large-0240	fuzz-large-0240:query	fuzz-large-0240:reference	e8be0105077ae9ea6a78ff64a0694bbbf32ad01b6dbb4f08cde36b56da3aa7ee	bfbc8ab725f65804209883bf83aae8d8eb942d9bc99b5297ea8edbf7b5e12418	full	full	synthetic	synthetic_sequence_0_based_half_open	0efa3c9fe9c47e12c5e2e8361afd0be824ee9e6d1993cf4f78b8a55c4c5c01b2	paper/ssw_cuda/corpus_manifest.tsv;paper/ssw_cuda/corpus_receipt.json	ssw_cuda_differential_corpus_deterministic_fuzz
pair	ssw_cuda_corpus_case_v1	fuzz-large-0241	ssw_cuda_corpus_case_v1	fuzz-large-0241	fuzz-large-0241:query	fuzz-large-0241:reference	5d8eb3b6b87728ff68ae4e8991f3fc42f42ff416a992f3364403f3b7ca0b8d21	766bf0e4b49fb3f69354b6f47a3805efbbcb530f14e010f032462faa86ba36d3	full	full	synthetic	synthetic_sequence_0_based_half_open	8fba494521e59463c04046d01e9c221e6b88b0622ada56551cce542ceae6defb	paper/ssw_cuda/corpus_manifest.tsv;paper/ssw_cuda/corpus_receipt.json	ssw_cuda_differential_corpus_deterministic_fuzz
pair	ssw_cuda_corpus_case_v1	fuzz-large-0242	ssw_cuda_corpus_case_v1	fuzz-large-0242	fuzz-large-0242:query	fuzz-large-0242:reference	ab963bbf8d13736858c8bde40944377801da1ce82b2176ac6fc86f6a4ff76ef5	1fec63039ff18761fc498aef3a7b0db321d7c563e24c4fb3f0e4d663d7bb459b	full	full	synthetic	synthetic_sequence_0_based_half_open	e9102c5af6ecf621d4e1279460e9da3eb0f5066cfaebc6eec50c9e1083525640	paper/ssw_cuda/corpus_manifest.tsv;paper/ssw_cuda/corpus_receipt.json	ssw_cuda_differential_corpus_deterministic_fuzz
pair	ssw_cuda_corpus_case_v1	fuzz-large-0243	ssw_cuda_corpus_case_v1	fuzz-large-0243	fuzz-large-0243:query	fuzz-large-0243:reference	6700534be404bb2fd933032cb78c05f98ca8ee95534cba110793b802b1a2aea4	0f2714bbf65a1310799489dbc46c520618274416a09d3a3824cf8033ac082837	full	full	synthetic	synthetic_sequence_0_based_half_open	6591447075852ecfff22874f0778cb2be7ce3ec89ee478bbcd536b4d30c37fb0	paper/ssw_cuda/corpus_manifest.tsv;paper/ssw_cuda/corpus_receipt.json	ssw_cuda_differential_corpus_deterministic_fuzz
pair	ssw_cuda_corpus_case_v1	fuzz-large-0244	ssw_cuda_corpus_case_v1	fuzz-large-0244	fuzz-large-0244:query	fuzz-large-0244:reference	fc406c01fd9b376cc94d23ac3c69c6f06fe91602360086d21541ab53d349f2cd	be379babd746c2ebd2cca4f4cbd7f1eeebbf1393cef6791d4d5d85128791d48f	full	full	synthetic	synthetic_sequence_0_based_half_open	428d3558dbb18e8023706ea35caf40ab3f7bd00a550ecc10d2926b5793d41dc1	paper/ssw_cuda/corpus_manifest.tsv;paper/ssw_cuda/corpus_receipt.json	ssw_cuda_differential_corpus_deterministic_fuzz
pair	ssw_cuda_corpus_case_v1	fuzz-large-0245	ssw_cuda_corpus_case_v1	fuzz-large-0245	fuzz-large-0245:query	fuzz-large-0245:reference	b78bd5dd04f9171c711ba8e21f3ad093f006545ffa831e56a8e66d20d9127502	6f5fa6e8d7dbce6ec9b468c711052871689a66d066f15ddf710c0cc814237eb4	full	full	synthetic	synthetic_sequence_0_based_half_open	cf14bd0a2842a39d7b86f48ae10d125279f8835f1b9703b7111b9dc92c62d46f	paper/ssw_cuda/corpus_manifest.tsv;paper/ssw_cuda/corpus_receipt.json	ssw_cuda_differential_corpus_deterministic_fuzz
pair	ssw_cuda_corpus_case_v1	fuzz-large-0246	ssw_cuda_corpus_case_v1	fuzz-large-0246	fuzz-large-0246:query	fuzz-large-0246:reference	a01a2975778acd7917ad087b1e0237753f616934aa740c8d8c4a84ed3c8a720f	23de8020e8f4224151584013b85d499d9733814068f5a179252cc0d587bf2100	full	full	synthetic	synthetic_sequence_0_based_half_open	662a0308accca7ce83b83ee5c135e71b6c5d098553641d34db5c6c155af5dfff	paper/ssw_cuda/corpus_manifest.tsv;paper/ssw_cuda/corpus_receipt.json	ssw_cuda_differential_corpus_deterministic_fuzz
pair	ssw_cuda_corpus_case_v1	fuzz-large-0247	ssw_cuda_corpus_case_v1	fuzz-large-0247	fuzz-large-0247:query	fuzz-large-0247:reference	4fc24f2126ba9421c209319bb196ab45af892784c09634b01cfc981e61541342	7aefc94eac589d8f7e7633566aae09566f86975a55dfbb1c2601ee1c7ffb8024	full	full	synthetic	synthetic_sequence_0_based_half_open	d42278c61bb22a6088593b76a6af78f08d226fcb143387493e383a12a81f1ae8	paper/ssw_cuda/corpus_manifest.tsv;paper/ssw_cuda/corpus_receipt.json	ssw_cuda_differential_corpus_deterministic_fuzz
pair	ssw_cuda_corpus_case_v1	fuzz-large-0248	ssw_cuda_corpus_case_v1	fuzz-large-0248	fuzz-large-0248:query	fuzz-large-0248:reference	0c0b6c138587573d8583e67f086c273824f96bcf6a2b3b47ccd39be977fc680f	ac0508afedec472485396c9cf910f983d4ceade56f415c9076f6f6159c7727c9	full	full	synthetic	synthetic_sequence_0_based_half_open	c824ef4ad0347f5608b30cfb6e8cf2ba214321330fd74eac16a2280723fbc9e3	paper/ssw_cuda/corpus_manifest.tsv;paper/ssw_cuda/corpus_receipt.json	ssw_cuda_differential_corpus_deterministic_fuzz
pair	ssw_cuda_corpus_case_v1	fuzz-large-0249	ssw_cuda_corpus_case_v1	fuzz-large-0249	fuzz-large-0249:query	fuzz-large-0249:reference	b9eeaf72c8b46a45260e27270f35c672e124e85c1708f973108098af19383253	47f5e4029da8872c8b70136e5cf2b7011e196b5e7b6e53cf39ef86addbfb95af	full	full	synthetic	synthetic_sequence_0_based_half_open	ac2558b43c2a08ec4fedcd37141ab78f38825d1ea6e151c20b02d359a217b954	paper/ssw_cuda/corpus_manifest.tsv;paper/ssw_cuda/corpus_receipt.json	ssw_cuda_differential_corpus_deterministic_fuzz
pair	ssw_cuda_corpus_case_v1	fuzz-large-0250	ssw_cuda_corpus_case_v1	fuzz-large-0250	fuzz-large-0250:query	fuzz-large-0250:reference	ad64886f2168f2c7ce3248916b1f6f1d7bfb1190ea576917b111cc5617fb6328	a12f00ddba95f3d05ab38aa600a4319bb0d24936030385a28e5d0055f50a464f	full	full	synthetic	synthetic_sequence_0_based_half_open	ca33e7581a515e81b32a4dd5e94b74621e83268b979d59144613f7c66f5a2b87	paper/ssw_cuda/corpus_manifest.tsv;paper/ssw_cuda/corpus_receipt.json	ssw_cuda_differential_corpus_deterministic_fuzz
pair	ssw_cuda_corpus_case_v1	fuzz-large-0251	ssw_cuda_corpus_case_v1	fuzz-large-0251	fuzz-large-0251:query	fuzz-large-0251:reference	06b92cd3f4ca29db623f2686bda91bd5b43e3b42f5df19d6556b04094184003e	8ad63aa71479aa57421e40aedc0cce761ddbdd3cb7e1d9ecff0ea110689cf3e3	full	full	synthetic	synthetic_sequence_0_based_half_open	a520eee839496e0d70401c18a604712a4c74cc79c9040d25f14a1b3e11499816	paper/ssw_cuda/corpus_manifest.tsv;paper/ssw_cuda/corpus_receipt.json	ssw_cuda_differential_corpus_deterministic_fuzz
pair	ssw_cuda_corpus_case_v1	fuzz-large-0252	ssw_cuda_corpus_case_v1	fuzz-large-0252	fuzz-large-0252:query	fuzz-large-0252:reference	38758afdf5fb8053fdcbb276fd08fb1460647617b0db45bcc33b4148db311c70	25b95d51ddc7ae277788b59cca12c0fbb8d45237f34cd34049c82fbc4508456b	full	full	synthetic	synthetic_sequence_0_based_half_open	2823f07256eeae57336802c62d08a6779ea73673fb26ad7b3b866e78c23b2132	paper/ssw_cuda/corpus_manifest.tsv;paper/ssw_cuda/corpus_receipt.json	ssw_cuda_differential_corpus_deterministic_fuzz
pair	ssw_cuda_corpus_case_v1	fuzz-large-0253	ssw_cuda_corpus_case_v1	fuzz-large-0253	fuzz-large-0253:query	fuzz-large-0253:reference	b2702c02accfc45dcdf0785b3e3f9afc863aef0cbd6536aa2f62165b603c04e2	c44696446c90a143fd0a7b08d9b2622d482a1a1c7bba498fa99b809d9cde6646	full	full	synthetic	synthetic_sequence_0_based_half_open	cc6b20545c0b6ee1c5167ff47e96af2fe4f3783a1b409d8a09d03f0b7f29b29f	paper/ssw_cuda/corpus_manifest.tsv;paper/ssw_cuda/corpus_receipt.json	ssw_cuda_differential_corpus_deterministic_fuzz
pair	ssw_cuda_corpus_case_v1	fuzz-large-0254	ssw_cuda_corpus_case_v1	fuzz-large-0254	fuzz-large-0254:query	fuzz-large-0254:reference	00afad3d3252b68832ca8ae2b46d6e524c6d68d8abd41e08c0fc25d88522a75e	bdf1c9afa2496060858a1ce14d242e5d3b283dd84afb28cfc69971f8b64ffad0	full	full	synthetic	synthetic_sequence_0_based_half_open	b7836b8cd168afc3345f7c36f59515022e0674031c61ce6a7f4632e854010173	paper/ssw_cuda/corpus_manifest.tsv;paper/ssw_cuda/corpus_receipt.json	ssw_cuda_differential_corpus_deterministic_fuzz
pair	ssw_cuda_corpus_case_v1	fuzz-large-0255	ssw_cuda_corpus_case_v1	fuzz-large-0255	fuzz-large-0255:query	fuzz-large-0255:reference	42c3f2aeef4db047418e56022a4dfb837e7bb79edefe4519066713751f48ee4c	4fc24bb0d18bece32f7160b594c0da6c1f3500b399d28b5194ff86324ec5e29b	full	full	synthetic	synthetic_sequence_0_based_half_open	e5b6a2fd0f1cb60792c9fc77dd5684c717bcffbdea62487b4bb2aee584502a6f	paper/ssw_cuda/corpus_manifest.tsv;paper/ssw_cuda/corpus_receipt.json	ssw_cuda_differential_corpus_deterministic_fuzz
pair	ssw_cuda_corpus_case_v1	tiny-ac-q00-r00	ssw_cuda_corpus_case_v1	tiny-ac-q00-r00	tiny-ac-q00-r00:query	tiny-ac-q00-r00:reference	559aead08264d5795d3909718cdd05abd49572e84fe55590eef31a88a08fdffd	559aead08264d5795d3909718cdd05abd49572e84fe55590eef31a88a08fdffd	full	full	synthetic	synthetic_sequence_0_based_half_open	0f9b57a6d733d54b263696680d1cd9ec05cc91f0959de7eeb87a0edb9e62879a	paper/ssw_cuda/corpus_manifest.tsv;paper/ssw_cuda/corpus_receipt.json	ssw_cuda_differential_corpus_tiny_exhaustive
pair	ssw_cuda_corpus_case_v1	tiny-ac-q00-r01	ssw_cuda_corpus_case_v1	tiny-ac-q00-r01	tiny-ac-q00-r01:query	tiny-ac-q00-r01:reference	559aead08264d5795d3909718cdd05abd49572e84fe55590eef31a88a08fdffd	6b23c0d5f35d1b11f9b683f0b0a617355deb11277d91ae091d399c655b87940d	full	full	synthetic	synthetic_sequence_0_based_half_open	79da5284a74518c64fb59a82d6ea003f7ba6b14a9257291c3e39b6b58e5454c8	paper/ssw_cuda/corpus_manifest.tsv;paper/ssw_cuda/corpus_receipt.json	ssw_cuda_differential_corpus_tiny_exhaustive
pair	ssw_cuda_corpus_case_v1	tiny-ac-q00-r02	ssw_cuda_corpus_case_v1	tiny-ac-q00-r02	tiny-ac-q00-r02:query	tiny-ac-q00-r02:reference	559aead08264d5795d3909718cdd05abd49572e84fe55590eef31a88a08fdffd	58bb119c35513a451d24dc20ef0e9031ec85b35bfc919d263e7e5d9868909cb5	full	full	synthetic	synthetic_sequence_0_based_half_open	907a35b7f6afb7fb4052991290a71722c5f02c156fd35c6df6d4dfc0e5fcc8a7	paper/ssw_cuda/corpus_manifest.tsv;paper/ssw_cuda/corpus_receipt.json	ssw_cuda_differential_corpus_tiny_exhaustive
pair	ssw_cuda_corpus_case_v1	tiny-ac-q00-r03	ssw_cuda_corpus_case_v1	tiny-ac-q00-r03	tiny-ac-q00-r03:query	tiny-ac-q00-r03:reference	559aead08264d5795d3909718cdd05abd49572e84fe55590eef31a88a08fdffd	472e73d796e20aa8ff9059e6316f218e0322548f661ec4dc267507ed66317404	full	full	synthetic	synthetic_sequence_0_based_half_open	7850821f04c430f6b21ac183bb8d95b68ff3044a2cee790454b35aa3c0bce20a	paper/ssw_cuda/corpus_manifest.tsv;paper/ssw_cuda/corpus_receipt.json	ssw_cuda_differential_corpus_tiny_exhaustive
pair	ssw_cuda_corpus_case_v1	tiny-ac-q00-r04	ssw_cuda_corpus_case_v1	tiny-ac-q00-r04	tiny-ac-q00-r04:query	tiny-ac-q00-r04:reference	559aead08264d5795d3909718cdd05abd49572e84fe55590eef31a88a08fdffd	4b650e5c4785025dee7bd65e3c5c527356717d7a1c0bfef5b4ada8ca1e9cbe17	full	full	synthetic	synthetic_sequence_0_based_half_open	ef8fd9bd21e2c4dfc8bf77fa0327b75772f524694298f7748127e1ee19f9b345	paper/ssw_cuda/corpus_manifest.tsv;paper/ssw_cuda/corpus_receipt.json	ssw_cuda_differential_corpus_tiny_exhaustive
pair	ssw_cuda_corpus_case_v1	tiny-ac-q00-r05	ssw_cuda_corpus_case_v1	tiny-ac-q00-r05	tiny-ac-q00-r05:query	tiny-ac-q00-r05:reference	559aead08264d5795d3909718cdd05abd49572e84fe55590eef31a88a08fdffd	a56362a10c816abf206d72cb914e2d5ca454eb9c7e744f88b1a1422c379e9942	full	full	synthetic	synthetic_sequence_0_based_half_open	1475687e0dc7ce532d7902425909fd98d7dc42fffd9a165fd79f801688ddb20f	paper/ssw_cuda/corpus_manifest.tsv;paper/ssw_cuda/corpus_receipt.json	ssw_cuda_differential_corpus_tiny_exhaustive
pair	ssw_cuda_corpus_case_v1	tiny-ac-q00-r06	ssw_cuda_corpus_case_v1	tiny-ac-q00-r06	tiny-ac-q00-r06:query	tiny-ac-q00-r06:reference	559aead08264d5795d3909718cdd05abd49572e84fe55590eef31a88a08fdffd	cb1ad2119d8fafb69566510ee712661f9f14b83385006ef92aec47f523a38358	full	full	synthetic	synthetic_sequence_0_based_half_open	1192e7bded93dc1330a9a79ea18c08ba9fef7f9a71dcbf431a728ed421777f1e	paper/ssw_cuda/corpus_manifest.tsv;paper/ssw_cuda/corpus_receipt.json	ssw_cuda_differential_corpus_tiny_exhaustive
pair	ssw_cuda_corpus_case_v1	tiny-ac-q00-r07	ssw_cuda_corpus_case_v1	tiny-ac-q00-r07	tiny-ac-q00-r07:query	tiny-ac-q00-r07:reference	559aead08264d5795d3909718cdd05abd49572e84fe55590eef31a88a08fdffd	d5ced0c0b64bf1582582acb55425f70c12991c397368a8bbad06bb0a5d2cfeb7	full	full	synthetic	synthetic_sequence_0_based_half_open	a24a757afc77634f0b47766d0325d92aacf138421155b634c4d20432fd049924	paper/ssw_cuda/corpus_manifest.tsv;paper/ssw_cuda/corpus_receipt.json	ssw_cuda_differential_corpus_tiny_exhaustive
pair	ssw_cuda_corpus_case_v1	tiny-ac-q00-r08	ssw_cuda_corpus_case_v1	tiny-ac-q00-r08	tiny-ac-q00-r08:query	tiny-ac-q00-r08:reference	559aead08264d5795d3909718cdd05abd49572e84fe55590eef31a88a08fdffd	b32062bf7b8bed45bc6c7bedfe1c093bf2d45c0b87973bab9e1ef4b85497f469	full	full	synthetic	synthetic_sequence_0_based_half_open	95c2fa1d7057c6229f8e35464ceaa703d9793bee12dfd0c86cc5723eaee97284	paper/ssw_cuda/corpus_manifest.tsv;paper/ssw_cuda/corpus_receipt.json	ssw_cuda_differential_corpus_tiny_exhaustive
pair	ssw_cuda_corpus_case_v1	tiny-ac-q00-r09	ssw_cuda_corpus_case_v1	tiny-ac-q00-r09	tiny-ac-q00-r09:query	tiny-ac-q00-r09:reference	559aead08264d5795d3909718cdd05abd49572e84fe55590eef31a88a08fdffd	2dde6d03ddaa287e3ac95b4befe8f38e8766a35092fc01e47e28d86c7a29e412	full	full	synthetic	synthetic_sequence_0_based_half_open	4f80389281128bce14596a1de027bdd6fcf0fc9dbd09377af68e362aa8161536	paper/ssw_cuda/corpus_manifest.tsv;paper/ssw_cuda/corpus_receipt.json	ssw_cuda_differential_corpus_tiny_exhaustive
pair	ssw_cuda_corpus_case_v1	tiny-ac-q00-r10	ssw_cuda_corpus_case_v1	tiny-ac-q00-r10	tiny-ac-q00-r10:query	tiny-ac-q00-r10:reference	559aead08264d5795d3909718cdd05abd49572e84fe55590eef31a88a08fdffd	084696b5b2f035fe1cafbccda422b6aa15b40d1d73bc98d7782beb4d83a5bc7f	full	full	synthetic	synthetic_sequence_0_based_half_open	9f8759873bbee2784c74767cf42f37a431774f17cc9f956fe27387010f20dd81	paper/ssw_cuda/corpus_manifest.tsv;paper/ssw_cuda/corpus_receipt.json	ssw_cuda_differential_corpus_tiny_exhaustive
pair	ssw_cuda_corpus_case_v1	tiny-ac-q00-r11	ssw_cuda_corpus_case_v1	tiny-ac-q00-r11	tiny-ac-q00-r11:query	tiny-ac-q00-r11:reference	559aead08264d5795d3909718cdd05abd49572e84fe55590eef31a88a08fdffd	803859f5b9d6d170d5714b2d798c8bf5fbc9bd1806f6c108ed02adc6e6116004	full	full	synthetic	synthetic_sequence_0_based_half_open	62e759358be50ff8184c1ad48e3c0baabffb402ed75ee3bb9e6908e7eec5ab3a	paper/ssw_cuda/corpus_manifest.tsv;paper/ssw_cuda/corpus_receipt.json	ssw_cuda_differential_corpus_tiny_exhaustive
pair	ssw_cuda_corpus_case_v1	tiny-ac-q00-r12	ssw_cuda_corpus_case_v1	tiny-ac-q00-r12	tiny-ac-q00-r12:query	tiny-ac-q00-r12:reference	559aead08264d5795d3909718cdd05abd49572e84fe55590eef31a88a08fdffd	89932f8285bde9d693a0691a3400ba249f0d5c1357fe157dae3254112e489143	full	full	synthetic	synthetic_sequence_0_based_half_open	2e43f07507faaf941858537ac1044c679ca904c481253648d4ba1c0495b2f83b	paper/ssw_cuda/corpus_manifest.tsv;paper/ssw_cuda/corpus_receipt.json	ssw_cuda_differential_corpus_tiny_exhaustive
pair	ssw_cuda_corpus_case_v1	tiny-ac-q00-r13	ssw_cuda_corpus_case_v1	tiny-ac-q00-r13	tiny-ac-q00-r13:query	tiny-ac-q00-r13:reference	559aead08264d5795d3909718cdd05abd49572e84fe55590eef31a88a08fdffd	8c55ff95a660f37cb05e644e7691e6c66593f453cb2cbaa4d64aa59b40ae8032	full	full	synthetic	synthetic_sequence_0_based_half_open	0701c2d2b1061f474ed254fa746880ff32eb3303bd7ad9a7f6af7912524dd752	paper/ssw_cuda/corpus_manifest.tsv;paper/ssw_cuda/corpus_receipt.json	ssw_cuda_differential_corpus_tiny_exhaustive
pair	ssw_cuda_corpus_case_v1	tiny-ac-q01-r00	ssw_cuda_corpus_case_v1	tiny-ac-q01-r00	tiny-ac-q01-r00:query	tiny-ac-q01-r00:reference	6b23c0d5f35d1b11f9b683f0b0a617355deb11277d91ae091d399c655b87940d	559aead08264d5795d3909718cdd05abd49572e84fe55590eef31a88a08fdffd	full	full	synthetic	synthetic_sequence_0_based_half_open	cb1672a4164366da35178e36afdc64b01928103eb50817e3c3e853e570f6af10	paper/ssw_cuda/corpus_manifest.tsv;paper/ssw_cuda/corpus_receipt.json	ssw_cuda_differential_corpus_tiny_exhaustive
pair	ssw_cuda_corpus_case_v1	tiny-ac-q01-r01	ssw_cuda_corpus_case_v1	tiny-ac-q01-r01	tiny-ac-q01-r01:query	tiny-ac-q01-r01:reference	6b23c0d5f35d1b11f9b683f0b0a617355deb11277d91ae091d399c655b87940d	6b23c0d5f35d1b11f9b683f0b0a617355deb11277d91ae091d399c655b87940d	full	full	synthetic	synthetic_sequence_0_based_half_open	b8017dae394bf931b74884c58b450f451db51b717c3fd876d95e07a6c1be0676	paper/ssw_cuda/corpus_manifest.tsv;paper/ssw_cuda/corpus_receipt.json	ssw_cuda_differential_corpus_tiny_exhaustive
pair	ssw_cuda_corpus_case_v1	tiny-ac-q01-r02	ssw_cuda_corpus_case_v1	tiny-ac-q01-r02	tiny-ac-q01-r02:query	tiny-ac-q01-r02:reference	6b23c0d5f35d1b11f9b683f0b0a617355deb11277d91ae091d399c655b87940d	58bb119c35513a451d24dc20ef0e9031ec85b35bfc919d263e7e5d9868909cb5	full	full	synthetic	synthetic_sequence_0_based_half_open	fd6181f5623e887ce9601f627a229589e4f1f500ce54f87686614591fa522836	paper/ssw_cuda/corpus_manifest.tsv;paper/ssw_cuda/corpus_receipt.json	ssw_cuda_differential_corpus_tiny_exhaustive
pair	ssw_cuda_corpus_case_v1	tiny-ac-q01-r03	ssw_cuda_corpus_case_v1	tiny-ac-q01-r03	tiny-ac-q01-r03:query	tiny-ac-q01-r03:reference	6b23c0d5f35d1b11f9b683f0b0a617355deb11277d91ae091d399c655b87940d	472e73d796e20aa8ff9059e6316f218e0322548f661ec4dc267507ed66317404	full	full	synthetic	synthetic_sequence_0_based_half_open	dbe02e95b83a42af2bbe21d16ddc7b7da693888a6770781b5d4c2c0824aa7afb	paper/ssw_cuda/corpus_manifest.tsv;paper/ssw_cuda/corpus_receipt.json	ssw_cuda_differential_corpus_tiny_exhaustive
pair	ssw_cuda_corpus_case_v1	tiny-ac-q01-r04	ssw_cuda_corpus_case_v1	tiny-ac-q01-r04	tiny-ac-q01-r04:query	tiny-ac-q01-r04:reference	6b23c0d5f35d1b11f9b683f0b0a617355deb11277d91ae091d399c655b87940d	4b650e5c4785025dee7bd65e3c5c527356717d7a1c0bfef5b4ada8ca1e9cbe17	full	full	synthetic	synthetic_sequence_0_based_half_open	c721392ce5f52aeaba78c891ee9515fc45b7a6f6abebb84063ed19a71703cee0	paper/ssw_cuda/corpus_manifest.tsv;paper/ssw_cuda/corpus_receipt.json	ssw_cuda_differential_corpus_tiny_exhaustive
pair	ssw_cuda_corpus_case_v1	tiny-ac-q01-r05	ssw_cuda_corpus_case_v1	tiny-ac-q01-r05	tiny-ac-q01-r05:query	tiny-ac-q01-r05:reference	6b23c0d5f35d1b11f9b683f0b0a617355deb11277d91ae091d399c655b87940d	a56362a10c816abf206d72cb914e2d5ca454eb9c7e744f88b1a1422c379e9942	full	full	synthetic	synthetic_sequence_0_based_half_open	2b012e46487092bd3eb6b282583e7ced09f461b2a43f34d3db36ba80aba2218e	paper/ssw_cuda/corpus_manifest.tsv;paper/ssw_cuda/corpus_receipt.json	ssw_cuda_differential_corpus_tiny_exhaustive
pair	ssw_cuda_corpus_case_v1	tiny-ac-q01-r06	ssw_cuda_corpus_case_v1	tiny-ac-q01-r06	tiny-ac-q01-r06:query	tiny-ac-q01-r06:reference	6b23c0d5f35d1b11f9b683f0b0a617355deb11277d91ae091d399c655b87940d	cb1ad2119d8fafb69566510ee712661f9f14b83385006ef92aec47f523a38358	full	full	synthetic	synthetic_sequence_0_based_half_open	260b28ae7dc16c0bc36275329037eee76c87944b88ace94bbbaca4b1e4b5833a	paper/ssw_cuda/corpus_manifest.tsv;paper/ssw_cuda/corpus_receipt.json	ssw_cuda_differential_corpus_tiny_exhaustive
pair	ssw_cuda_corpus_case_v1	tiny-ac-q01-r07	ssw_cuda_corpus_case_v1	tiny-ac-q01-r07	tiny-ac-q01-r07:query	tiny-ac-q01-r07:reference	6b23c0d5f35d1b11f9b683f0b0a617355deb11277d91ae091d399c655b87940d	d5ced0c0b64bf1582582acb55425f70c12991c397368a8bbad06bb0a5d2cfeb7	full	full	synthetic	synthetic_sequence_0_based_half_open	15690251d905e651c6b005cee3d80f7357780ca2d98aa39863b3955266338c46	paper/ssw_cuda/corpus_manifest.tsv;paper/ssw_cuda/corpus_receipt.json	ssw_cuda_differential_corpus_tiny_exhaustive
pair	ssw_cuda_corpus_case_v1	tiny-ac-q01-r08	ssw_cuda_corpus_case_v1	tiny-ac-q01-r08	tiny-ac-q01-r08:query	tiny-ac-q01-r08:reference	6b23c0d5f35d1b11f9b683f0b0a617355deb11277d91ae091d399c655b87940d	b32062bf7b8bed45bc6c7bedfe1c093bf2d45c0b87973bab9e1ef4b85497f469	full	full	synthetic	synthetic_sequence_0_based_half_open	e3309952fb1b3623700ef01d95c6d59157e1dba29204cea9a1f4298814219c65	paper/ssw_cuda/corpus_manifest.tsv;paper/ssw_cuda/corpus_receipt.json	ssw_cuda_differential_corpus_tiny_exhaustive
pair	ssw_cuda_corpus_case_v1	tiny-ac-q01-r09	ssw_cuda_corpus_case_v1	tiny-ac-q01-r09	tiny-ac-q01-r09:query	tiny-ac-q01-r09:reference	6b23c0d5f35d1b11f9b683f0b0a617355deb11277d91ae091d399c655b87940d	2dde6d03ddaa287e3ac95b4befe8f38e8766a35092fc01e47e28d86c7a29e412	full	full	synthetic	synthetic_sequence_0_based_half_open	94822820472f017982947a7a9532e0f751a8b9559e10832ac27cc6643a1e1d59	paper/ssw_cuda/corpus_manifest.tsv;paper/ssw_cuda/corpus_receipt.json	ssw_cuda_differential_corpus_tiny_exhaustive
pair	ssw_cuda_corpus_case_v1	tiny-ac-q01-r10	ssw_cuda_corpus_case_v1	tiny-ac-q01-r10	tiny-ac-q01-r10:query	tiny-ac-q01-r10:reference	6b23c0d5f35d1b11f9b683f0b0a617355deb11277d91ae091d399c655b87940d	084696b5b2f035fe1cafbccda422b6aa15b40d1d73bc98d7782beb4d83a5bc7f	full	full	synthetic	synthetic_sequence_0_based_half_open	99699447bf2fa175fc8617406ac20ee58e775e6f1e46968ea6cc1e1aa211f599	paper/ssw_cuda/corpus_manifest.tsv;paper/ssw_cuda/corpus_receipt.json	ssw_cuda_differential_corpus_tiny_exhaustive
pair	ssw_cuda_corpus_case_v1	tiny-ac-q01-r11	ssw_cuda_corpus_case_v1	tiny-ac-q01-r11	tiny-ac-q01-r11:query	tiny-ac-q01-r11:reference	6b23c0d5f35d1b11f9b683f0b0a617355deb11277d91ae091d399c655b87940d	803859f5b9d6d170d5714b2d798c8bf5fbc9bd1806f6c108ed02adc6e6116004	full	full	synthetic	synthetic_sequence_0_based_half_open	12c14ffff0d8b58ec251cb713134cfd362a3315acd009e5bb5e72da9ea816c6a	paper/ssw_cuda/corpus_manifest.tsv;paper/ssw_cuda/corpus_receipt.json	ssw_cuda_differential_corpus_tiny_exhaustive
pair	ssw_cuda_corpus_case_v1	tiny-ac-q01-r12	ssw_cuda_corpus_case_v1	tiny-ac-q01-r12	tiny-ac-q01-r12:query	tiny-ac-q01-r12:reference	6b23c0d5f35d1b11f9b683f0b0a617355deb11277d91ae091d399c655b87940d	89932f8285bde9d693a0691a3400ba249f0d5c1357fe157dae3254112e489143	full	full	synthetic	synthetic_sequence_0_based_half_open	39289c4fdfa8b0f6b113cc0741970e15e0feab97c707d81adcdba7a8a472ce33	paper/ssw_cuda/corpus_manifest.tsv;paper/ssw_cuda/corpus_receipt.json	ssw_cuda_differential_corpus_tiny_exhaustive
pair	ssw_cuda_corpus_case_v1	tiny-ac-q01-r13	ssw_cuda_corpus_case_v1	tiny-ac-q01-r13	tiny-ac-q01-r13:query	tiny-ac-q01-r13:reference	6b23c0d5f35d1b11f9b683f0b0a617355deb11277d91ae091d399c655b87940d	8c55ff95a660f37cb05e644e7691e6c66593f453cb2cbaa4d64aa59b40ae8032	full	full	synthetic	synthetic_sequence_0_based_half_open	e8ccb2ca18a82adc1ea10f518a3021c6a4cb166b09eaf3d4f3e77a4347cdcf3c	paper/ssw_cuda/corpus_manifest.tsv;paper/ssw_cuda/corpus_receipt.json	ssw_cuda_differential_corpus_tiny_exhaustive
pair	ssw_cuda_corpus_case_v1	tiny-ac-q02-r00	ssw_cuda_corpus_case_v1	tiny-ac-q02-r00	tiny-ac-q02-r00:query	tiny-ac-q02-r00:reference	58bb119c35513a451d24dc20ef0e9031ec85b35bfc919d263e7e5d9868909cb5	559aead08264d5795d3909718cdd05abd49572e84fe55590eef31a88a08fdffd	full	full	synthetic	synthetic_sequence_0_based_half_open	d42c1baa4e521b541fa8c81d29a306eea30b6015c8f4a038a33b0c4abf8d362e	paper/ssw_cuda/corpus_manifest.tsv;paper/ssw_cuda/corpus_receipt.json	ssw_cuda_differential_corpus_tiny_exhaustive
pair	ssw_cuda_corpus_case_v1	tiny-ac-q02-r01	ssw_cuda_corpus_case_v1	tiny-ac-q02-r01	tiny-ac-q02-r01:query	tiny-ac-q02-r01:reference	58bb119c35513a451d24dc20ef0e9031ec85b35bfc919d263e7e5d9868909cb5	6b23c0d5f35d1b11f9b683f0b0a617355deb11277d91ae091d399c655b87940d	full	full	synthetic	synthetic_sequence_0_based_half_open	879d9e892429317ab40710b609dde290b011c53cb6cfbd602b268940ae31a95f	paper/ssw_cuda/corpus_manifest.tsv;paper/ssw_cuda/corpus_receipt.json	ssw_cuda_differential_corpus_tiny_exhaustive
pair	ssw_cuda_corpus_case_v1	tiny-ac-q02-r02	ssw_cuda_corpus_case_v1	tiny-ac-q02-r02	tiny-ac-q02-r02:query	tiny-ac-q02-r02:reference	58bb119c35513a451d24dc20ef0e9031ec85b35bfc919d263e7e5d9868909cb5	58bb119c35513a451d24dc20ef0e9031ec85b35bfc919d263e7e5d9868909cb5	full	full	synthetic	synthetic_sequence_0_based_half_open	7d9dc66a97eeb511fc31b78fad91ebbe4bccd25a75fc2c42157753ab87b5ff39	paper/ssw_cuda/corpus_manifest.tsv;paper/ssw_cuda/corpus_receipt.json	ssw_cuda_differential_corpus_tiny_exhaustive
pair	ssw_cuda_corpus_case_v1	tiny-ac-q02-r03	ssw_cuda_corpus_case_v1	tiny-ac-q02-r03	tiny-ac-q02-r03:query	tiny-ac-q02-r03:reference	58bb119c35513a451d24dc20ef0e9031ec85b35bfc919d263e7e5d9868909cb5	472e73d796e20aa8ff9059e6316f218e0322548f661ec4dc267507ed66317404	full	full	synthetic	synthetic_sequence_0_based_half_open	508810e2787533f6b6043bf36d300363e240454441a10d19bc42e15d106f3b56	paper/ssw_cuda/corpus_manifest.tsv;paper/ssw_cuda/corpus_receipt.json	ssw_cuda_differential_corpus_tiny_exhaustive
pair	ssw_cuda_corpus_case_v1	tiny-ac-q02-r04	ssw_cuda_corpus_case_v1	tiny-ac-q02-r04	tiny-ac-q02-r04:query	tiny-ac-q02-r04:reference	58bb119c35513a451d24dc20ef0e9031ec85b35bfc919d263e7e5d9868909cb5	4b650e5c4785025dee7bd65e3c5c527356717d7a1c0bfef5b4ada8ca1e9cbe17	full	full	synthetic	synthetic_sequence_0_based_half_open	3d9eab7955a13dddd3e5e4c0da4eea920df358aa40ed36b504e50ff41379ce25	paper/ssw_cuda/corpus_manifest.tsv;paper/ssw_cuda/corpus_receipt.json	ssw_cuda_differential_corpus_tiny_exhaustive
pair	ssw_cuda_corpus_case_v1	tiny-ac-q02-r05	ssw_cuda_corpus_case_v1	tiny-ac-q02-r05	tiny-ac-q02-r05:query	tiny-ac-q02-r05:reference	58bb119c35513a451d24dc20ef0e9031ec85b35bfc919d263e7e5d9868909cb5	a56362a10c816abf206d72cb914e2d5ca454eb9c7e744f88b1a1422c379e9942	full	full	synthetic	synthetic_sequence_0_based_half_open	0b924db80b724434aacbc084b023cf11b732a4a3ab7fec7badefc61d5b4fe8c7	paper/ssw_cuda/corpus_manifest.tsv;paper/ssw_cuda/corpus_receipt.json	ssw_cuda_differential_corpus_tiny_exhaustive
pair	ssw_cuda_corpus_case_v1	tiny-ac-q02-r06	ssw_cuda_corpus_case_v1	tiny-ac-q02-r06	tiny-ac-q02-r06:query	tiny-ac-q02-r06:reference	58bb119c35513a451d24dc20ef0e9031ec85b35bfc919d263e7e5d9868909cb5	cb1ad2119d8fafb69566510ee712661f9f14b83385006ef92aec47f523a38358	full	full	synthetic	synthetic_sequence_0_based_half_open	b88ac98ce2e6a7f10f6a8372829d8d910344b4685d11e9a66f0cb4d971c70fc9	paper/ssw_cuda/corpus_manifest.tsv;paper/ssw_cuda/corpus_receipt.json	ssw_cuda_differential_corpus_tiny_exhaustive
pair	ssw_cuda_corpus_case_v1	tiny-ac-q02-r07	ssw_cuda_corpus_case_v1	tiny-ac-q02-r07	tiny-ac-q02-r07:query	tiny-ac-q02-r07:reference	58bb119c35513a451d24dc20ef0e9031ec85b35bfc919d263e7e5d9868909cb5	d5ced0c0b64bf1582582acb55425f70c12991c397368a8bbad06bb0a5d2cfeb7	full	full	synthetic	synthetic_sequence_0_based_half_open	30bbb24f836709f9690eb16d197c406fee599876c6a0bbef5b015c562618a080	paper/ssw_cuda/corpus_manifest.tsv;paper/ssw_cuda/corpus_receipt.json	ssw_cuda_differential_corpus_tiny_exhaustive
pair	ssw_cuda_corpus_case_v1	tiny-ac-q02-r08	ssw_cuda_corpus_case_v1	tiny-ac-q02-r08	tiny-ac-q02-r08:query	tiny-ac-q02-r08:reference	58bb119c35513a451d24dc20ef0e9031ec85b35bfc919d263e7e5d9868909cb5	b32062bf7b8bed45bc6c7bedfe1c093bf2d45c0b87973bab9e1ef4b85497f469	full	full	synthetic	synthetic_sequence_0_based_half_open	e3d59a0b4af4dbc44d5db0266a0d4cf804e8838776bb95ddf4ddb985996f1a4d	paper/ssw_cuda/corpus_manifest.tsv;paper/ssw_cuda/corpus_receipt.json	ssw_cuda_differential_corpus_tiny_exhaustive
pair	ssw_cuda_corpus_case_v1	tiny-ac-q02-r09	ssw_cuda_corpus_case_v1	tiny-ac-q02-r09	tiny-ac-q02-r09:query	tiny-ac-q02-r09:reference	58bb119c35513a451d24dc20ef0e9031ec85b35bfc919d263e7e5d9868909cb5	2dde6d03ddaa287e3ac95b4befe8f38e8766a35092fc01e47e28d86c7a29e412	full	full	synthetic	synthetic_sequence_0_based_half_open	985666ea1a0c0ae2fffc9354a5c9902834e978e11d6d09f9425d0aa4740fcbf3	paper/ssw_cuda/corpus_manifest.tsv;paper/ssw_cuda/corpus_receipt.json	ssw_cuda_differential_corpus_tiny_exhaustive
pair	ssw_cuda_corpus_case_v1	tiny-ac-q02-r10	ssw_cuda_corpus_case_v1	tiny-ac-q02-r10	tiny-ac-q02-r10:query	tiny-ac-q02-r10:reference	58bb119c35513a451d24dc20ef0e9031ec85b35bfc919d263e7e5d9868909cb5	084696b5b2f035fe1cafbccda422b6aa15b40d1d73bc98d7782beb4d83a5bc7f	full	full	synthetic	synthetic_sequence_0_based_half_open	9bee6df70f7770c1b5261cf54e6373b2b3162011acceb93684e6af4ffdb1af90	paper/ssw_cuda/corpus_manifest.tsv;paper/ssw_cuda/corpus_receipt.json	ssw_cuda_differential_corpus_tiny_exhaustive
pair	ssw_cuda_corpus_case_v1	tiny-ac-q02-r11	ssw_cuda_corpus_case_v1	tiny-ac-q02-r11	tiny-ac-q02-r11:query	tiny-ac-q02-r11:reference	58bb119c35513a451d24dc20ef0e9031ec85b35bfc919d263e7e5d9868909cb5	803859f5b9d6d170d5714b2d798c8bf5fbc9bd1806f6c108ed02adc6e6116004	full	full	synthetic	synthetic_sequence_0_based_half_open	153d5136d2a1e5edc036b0c589057921ee11a8287cfc29d743f54d18a6da34b6	paper/ssw_cuda/corpus_manifest.tsv;paper/ssw_cuda/corpus_receipt.json	ssw_cuda_differential_corpus_tiny_exhaustive
pair	ssw_cuda_corpus_case_v1	tiny-ac-q02-r12	ssw_cuda_corpus_case_v1	tiny-ac-q02-r12	tiny-ac-q02-r12:query	tiny-ac-q02-r12:reference	58bb119c35513a451d24dc20ef0e9031ec85b35bfc919d263e7e5d9868909cb5	89932f8285bde9d693a0691a3400ba249f0d5c1357fe157dae3254112e489143	full	full	synthetic	synthetic_sequence_0_based_half_open	061d84935c362be082d740a4443a0b46d2d192648b2d7a50e313e7091444ef0b	paper/ssw_cuda/corpus_manifest.tsv;paper/ssw_cuda/corpus_receipt.json	ssw_cuda_differential_corpus_tiny_exhaustive
pair	ssw_cuda_corpus_case_v1	tiny-ac-q02-r13	ssw_cuda_corpus_case_v1	tiny-ac-q02-r13	tiny-ac-q02-r13:query	tiny-ac-q02-r13:reference	58bb119c35513a451d24dc20ef0e9031ec85b35bfc919d263e7e5d9868909cb5	8c55ff95a660f37cb05e644e7691e6c66593f453cb2cbaa4d64aa59b40ae8032	full	full	synthetic	synthetic_sequence_0_based_half_open	7e4c761944f376e555f75f92d7cebca4cb5b7dc3f26aaa5eae3a5f9b9b0cac70	paper/ssw_cuda/corpus_manifest.tsv;paper/ssw_cuda/corpus_receipt.json	ssw_cuda_differential_corpus_tiny_exhaustive
pair	ssw_cuda_corpus_case_v1	tiny-ac-q03-r00	ssw_cuda_corpus_case_v1	tiny-ac-q03-r00	tiny-ac-q03-r00:query	tiny-ac-q03-r00:reference	472e73d796e20aa8ff9059e6316f218e0322548f661ec4dc267507ed66317404	559aead08264d5795d3909718cdd05abd49572e84fe55590eef31a88a08fdffd	full	full	synthetic	synthetic_sequence_0_based_half_open	4ac8d810006d8eb8c70768337da3ad491a637f23f93a4985868b5837f94c1070	paper/ssw_cuda/corpus_manifest.tsv;paper/ssw_cuda/corpus_receipt.json	ssw_cuda_differential_corpus_tiny_exhaustive
pair	ssw_cuda_corpus_case_v1	tiny-ac-q03-r01	ssw_cuda_corpus_case_v1	tiny-ac-q03-r01	tiny-ac-q03-r01:query	tiny-ac-q03-r01:reference	472e73d796e20aa8ff9059e6316f218e0322548f661ec4dc267507ed66317404	6b23c0d5f35d1b11f9b683f0b0a617355deb11277d91ae091d399c655b87940d	full	full	synthetic	synthetic_sequence_0_based_half_open	882d3f6e4d005a42a71febf0c9d2c4634fa6621e215c0b41e872c3e05f923df6	paper/ssw_cuda/corpus_manifest.tsv;paper/ssw_cuda/corpus_receipt.json	ssw_cuda_differential_corpus_tiny_exhaustive
pair	ssw_cuda_corpus_case_v1	tiny-ac-q03-r02	ssw_cuda_corpus_case_v1	tiny-ac-q03-r02	tiny-ac-q03-r02:query	tiny-ac-q03-r02:reference	472e73d796e20aa8ff9059e6316f218e0322548f661ec4dc267507ed66317404	58bb119c35513a451d24dc20ef0e9031ec85b35bfc919d263e7e5d9868909cb5	full	full	synthetic	synthetic_sequence_0_based_half_open	b31f24ebb2e4f0090f4044bcbfd569434a3200d8ed27411e7eb94cc49970579d	paper/ssw_cuda/corpus_manifest.tsv;paper/ssw_cuda/corpus_receipt.json	ssw_cuda_differential_corpus_tiny_exhaustive
pair	ssw_cuda_corpus_case_v1	tiny-ac-q03-r03	ssw_cuda_corpus_case_v1	tiny-ac-q03-r03	tiny-ac-q03-r03:query	tiny-ac-q03-r03:reference	472e73d796e20aa8ff9059e6316f218e0322548f661ec4dc267507ed66317404	472e73d796e20aa8ff9059e6316f218e0322548f661ec4dc267507ed66317404	full	full	synthetic	synthetic_sequence_0_based_half_open	d470eb347c22e20ea2fb1c37bf0be4e88ec03569b6df1c733c01fbf52701af79	paper/ssw_cuda/corpus_manifest.tsv;paper/ssw_cuda/corpus_receipt.json	ssw_cuda_differential_corpus_tiny_exhaustive
pair	ssw_cuda_corpus_case_v1	tiny-ac-q03-r04	ssw_cuda_corpus_case_v1	tiny-ac-q03-r04	tiny-ac-q03-r04:query	tiny-ac-q03-r04:reference	472e73d796e20aa8ff9059e6316f218e0322548f661ec4dc267507ed66317404	4b650e5c4785025dee7bd65e3c5c527356717d7a1c0bfef5b4ada8ca1e9cbe17	full	full	synthetic	synthetic_sequence_0_based_half_open	b9b44336efa0d348a2665af388df252d899b64448a5b801ede98f99e3953a7bc	paper/ssw_cuda/corpus_manifest.tsv;paper/ssw_cuda/corpus_receipt.json	ssw_cuda_differential_corpus_tiny_exhaustive
pair	ssw_cuda_corpus_case_v1	tiny-ac-q03-r05	ssw_cuda_corpus_case_v1	tiny-ac-q03-r05	tiny-ac-q03-r05:query	tiny-ac-q03-r05:reference	472e73d796e20aa8ff9059e6316f218e0322548f661ec4dc267507ed66317404	a56362a10c816abf206d72cb914e2d5ca454eb9c7e744f88b1a1422c379e9942	full	full	synthetic	synthetic_sequence_0_based_half_open	9e1013bdd58d9fb7a5f885c5244c8608510e907f4a36e15f68addc4d11b574fb	paper/ssw_cuda/corpus_manifest.tsv;paper/ssw_cuda/corpus_receipt.json	ssw_cuda_differential_corpus_tiny_exhaustive
pair	ssw_cuda_corpus_case_v1	tiny-ac-q03-r06	ssw_cuda_corpus_case_v1	tiny-ac-q03-r06	tiny-ac-q03-r06:query	tiny-ac-q03-r06:reference	472e73d796e20aa8ff9059e6316f218e0322548f661ec4dc267507ed66317404	cb1ad2119d8fafb69566510ee712661f9f14b83385006ef92aec47f523a38358	full	full	synthetic	synthetic_sequence_0_based_half_open	9181639ec2042df3da8bd9264c545145eff71b8a563f3d45e55fb21ecdd506b1	paper/ssw_cuda/corpus_manifest.tsv;paper/ssw_cuda/corpus_receipt.json	ssw_cuda_differential_corpus_tiny_exhaustive
pair	ssw_cuda_corpus_case_v1	tiny-ac-q03-r07	ssw_cuda_corpus_case_v1	tiny-ac-q03-r07	tiny-ac-q03-r07:query	tiny-ac-q03-r07:reference	472e73d796e20aa8ff9059e6316f218e0322548f661ec4dc267507ed66317404	d5ced0c0b64bf1582582acb55425f70c12991c397368a8bbad06bb0a5d2cfeb7	full	full	synthetic	synthetic_sequence_0_based_half_open	149b47f35e03ec55ba6d3a54ff9592a5e762314df73dde95fc5a48edcafd4aaf	paper/ssw_cuda/corpus_manifest.tsv;paper/ssw_cuda/corpus_receipt.json	ssw_cuda_differential_corpus_tiny_exhaustive
pair	ssw_cuda_corpus_case_v1	tiny-ac-q03-r08	ssw_cuda_corpus_case_v1	tiny-ac-q03-r08	tiny-ac-q03-r08:query	tiny-ac-q03-r08:reference	472e73d796e20aa8ff9059e6316f218e0322548f661ec4dc267507ed66317404	b32062bf7b8bed45bc6c7bedfe1c093bf2d45c0b87973bab9e1ef4b85497f469	full	full	synthetic	synthetic_sequence_0_based_half_open	b5b5a2b9adb1b97bb56a7eceaa9f6e5e6475171c6e73ce59de98aae82620e0a7	paper/ssw_cuda/corpus_manifest.tsv;paper/ssw_cuda/corpus_receipt.json	ssw_cuda_differential_corpus_tiny_exhaustive
pair	ssw_cuda_corpus_case_v1	tiny-ac-q03-r09	ssw_cuda_corpus_case_v1	tiny-ac-q03-r09	tiny-ac-q03-r09:query	tiny-ac-q03-r09:reference	472e73d796e20aa8ff9059e6316f218e0322548f661ec4dc267507ed66317404	2dde6d03ddaa287e3ac95b4befe8f38e8766a35092fc01e47e28d86c7a29e412	full	full	synthetic	synthetic_sequence_0_based_half_open	5ac666203cd57e1bbfba7371ec8dcca949adc2f3a8686aedf85b65a9e0d4aaaa	paper/ssw_cuda/corpus_manifest.tsv;paper/ssw_cuda/corpus_receipt.json	ssw_cuda_differential_corpus_tiny_exhaustive
pair	ssw_cuda_corpus_case_v1	tiny-ac-q03-r10	ssw_cuda_corpus_case_v1	tiny-ac-q03-r10	tiny-ac-q03-r10:query	tiny-ac-q03-r10:reference	472e73d796e20aa8ff9059e6316f218e0322548f661ec4dc267507ed66317404	084696b5b2f035fe1cafbccda422b6aa15b40d1d73bc98d7782beb4d83a5bc7f	full	full	synthetic	synthetic_sequence_0_based_half_open	e468e175a1e85855af893a7b06b0e34be78f0f7f9d061cfba768237b1646f83e	paper/ssw_cuda/corpus_manifest.tsv;paper/ssw_cuda/corpus_receipt.json	ssw_cuda_differential_corpus_tiny_exhaustive
pair	ssw_cuda_corpus_case_v1	tiny-ac-q03-r11	ssw_cuda_corpus_case_v1	tiny-ac-q03-r11	tiny-ac-q03-r11:query	tiny-ac-q03-r11:reference	472e73d796e20aa8ff9059e6316f218e0322548f661ec4dc267507ed66317404	803859f5b9d6d170d5714b2d798c8bf5fbc9bd1806f6c108ed02adc6e6116004	full	full	synthetic	synthetic_sequence_0_based_half_open	9b316eb61aaef505d4535b2705145defb696bb75a695be892ef516335e7f5833	paper/ssw_cuda/corpus_manifest.tsv;paper/ssw_cuda/corpus_receipt.json	ssw_cuda_differential_corpus_tiny_exhaustive
pair	ssw_cuda_corpus_case_v1	tiny-ac-q03-r12	ssw_cuda_corpus_case_v1	tiny-ac-q03-r12	tiny-ac-q03-r12:query	tiny-ac-q03-r12:reference	472e73d796e20aa8ff9059e6316f218e0322548f661ec4dc267507ed66317404	89932f8285bde9d693a0691a3400ba249f0d5c1357fe157dae3254112e489143	full	full	synthetic	synthetic_sequence_0_based_half_open	6cf82dccde3d86b8d04c7d16c00ac4eb799fb78958d4ea9fbdfdee64eb429580	paper/ssw_cuda/corpus_manifest.tsv;paper/ssw_cuda/corpus_receipt.json	ssw_cuda_differential_corpus_tiny_exhaustive
pair	ssw_cuda_corpus_case_v1	tiny-ac-q03-r13	ssw_cuda_corpus_case_v1	tiny-ac-q03-r13	tiny-ac-q03-r13:query	tiny-ac-q03-r13:reference	472e73d796e20aa8ff9059e6316f218e0322548f661ec4dc267507ed66317404	8c55ff95a660f37cb05e644e7691e6c66593f453cb2cbaa4d64aa59b40ae8032	full	full	synthetic	synthetic_sequence_0_based_half_open	69cd4d20a98c06103fd12d51589ef6ef76e8858dcadf825c7f94591dc9b7a9a0	paper/ssw_cuda/corpus_manifest.tsv;paper/ssw_cuda/corpus_receipt.json	ssw_cuda_differential_corpus_tiny_exhaustive
pair	ssw_cuda_corpus_case_v1	tiny-ac-q04-r00	ssw_cuda_corpus_case_v1	tiny-ac-q04-r00	tiny-ac-q04-r00:query	tiny-ac-q04-r00:reference	4b650e5c4785025dee7bd65e3c5c527356717d7a1c0bfef5b4ada8ca1e9cbe17	559aead08264d5795d3909718cdd05abd49572e84fe55590eef31a88a08fdffd	full	full	synthetic	synthetic_sequence_0_based_half_open	bb6c538c1a3e89e1c7505d5119e8dd37232e9b7540f6eaa0af1c90c0601cfc18	paper/ssw_cuda/corpus_manifest.tsv;paper/ssw_cuda/corpus_receipt.json	ssw_cuda_differential_corpus_tiny_exhaustive
pair	ssw_cuda_corpus_case_v1	tiny-ac-q04-r01	ssw_cuda_corpus_case_v1	tiny-ac-q04-r01	tiny-ac-q04-r01:query	tiny-ac-q04-r01:reference	4b650e5c4785025dee7bd65e3c5c527356717d7a1c0bfef5b4ada8ca1e9cbe17	6b23c0d5f35d1b11f9b683f0b0a617355deb11277d91ae091d399c655b87940d	full	full	synthetic	synthetic_sequence_0_based_half_open	cb8ade92e18e3bc0ac96759b4664e900f5d252a4a5e3bf43f51a85f57521ef10	paper/ssw_cuda/corpus_manifest.tsv;paper/ssw_cuda/corpus_receipt.json	ssw_cuda_differential_corpus_tiny_exhaustive
pair	ssw_cuda_corpus_case_v1	tiny-ac-q04-r02	ssw_cuda_corpus_case_v1	tiny-ac-q04-r02	tiny-ac-q04-r02:query	tiny-ac-q04-r02:reference	4b650e5c4785025dee7bd65e3c5c527356717d7a1c0bfef5b4ada8ca1e9cbe17	58bb119c35513a451d24dc20ef0e9031ec85b35bfc919d263e7e5d9868909cb5	full	full	synthetic	synthetic_sequence_0_based_half_open	7518c399fa1f409055a1e3a53f4bd5995e775aecc7f3acc4235655cc148969ac	paper/ssw_cuda/corpus_manifest.tsv;paper/ssw_cuda/corpus_receipt.json	ssw_cuda_differential_corpus_tiny_exhaustive
pair	ssw_cuda_corpus_case_v1	tiny-ac-q04-r03	ssw_cuda_corpus_case_v1	tiny-ac-q04-r03	tiny-ac-q04-r03:query	tiny-ac-q04-r03:reference	4b650e5c4785025dee7bd65e3c5c527356717d7a1c0bfef5b4ada8ca1e9cbe17	472e73d796e20aa8ff9059e6316f218e0322548f661ec4dc267507ed66317404	full	full	synthetic	synthetic_sequence_0_based_half_open	6006a73fdea004fdbed111820bd26fbfcfb12a9e0a15ab69be406702bb6afe62	paper/ssw_cuda/corpus_manifest.tsv;paper/ssw_cuda/corpus_receipt.json	ssw_cuda_differential_corpus_tiny_exhaustive
pair	ssw_cuda_corpus_case_v1	tiny-ac-q04-r04	ssw_cuda_corpus_case_v1	tiny-ac-q04-r04	tiny-ac-q04-r04:query	tiny-ac-q04-r04:reference	4b650e5c4785025dee7bd65e3c5c527356717d7a1c0bfef5b4ada8ca1e9cbe17	4b650e5c4785025dee7bd65e3c5c527356717d7a1c0bfef5b4ada8ca1e9cbe17	full	full	synthetic	synthetic_sequence_0_based_half_open	ac08ed7403d66ed95e75c748c6f0d6672862010d40bbd9bf4b3cd4ea07febe14	paper/ssw_cuda/corpus_manifest.tsv;paper/ssw_cuda/corpus_receipt.json	ssw_cuda_differential_corpus_tiny_exhaustive
pair	ssw_cuda_corpus_case_v1	tiny-ac-q04-r05	ssw_cuda_corpus_case_v1	tiny-ac-q04-r05	tiny-ac-q04-r05:query	tiny-ac-q04-r05:reference	4b650e5c4785025dee7bd65e3c5c527356717d7a1c0bfef5b4ada8ca1e9cbe17	a56362a10c816abf206d72cb914e2d5ca454eb9c7e744f88b1a1422c379e9942	full	full	synthetic	synthetic_sequence_0_based_half_open	bb1de656ff4b63883b835d8a402bbc9d7ca1a17a5cf35b9a336db52e96651b8e	paper/ssw_cuda/corpus_manifest.tsv;paper/ssw_cuda/corpus_receipt.json	ssw_cuda_differential_corpus_tiny_exhaustive
pair	ssw_cuda_corpus_case_v1	tiny-ac-q04-r06	ssw_cuda_corpus_case_v1	tiny-ac-q04-r06	tiny-ac-q04-r06:query	tiny-ac-q04-r06:reference	4b650e5c4785025dee7bd65e3c5c527356717d7a1c0bfef5b4ada8ca1e9cbe17	cb1ad2119d8fafb69566510ee712661f9f14b83385006ef92aec47f523a38358	full	full	synthetic	synthetic_sequence_0_based_half_open	ff8a47aeaa3b29b19ac3164d860eec0338fae8dbdc885a4c043da7651efc592b	paper/ssw_cuda/corpus_manifest.tsv;paper/ssw_cuda/corpus_receipt.json	ssw_cuda_differential_corpus_tiny_exhaustive
pair	ssw_cuda_corpus_case_v1	tiny-ac-q04-r07	ssw_cuda_corpus_case_v1	tiny-ac-q04-r07	tiny-ac-q04-r07:query	tiny-ac-q04-r07:reference	4b650e5c4785025dee7bd65e3c5c527356717d7a1c0bfef5b4ada8ca1e9cbe17	d5ced0c0b64bf1582582acb55425f70c12991c397368a8bbad06bb0a5d2cfeb7	full	full	synthetic	synthetic_sequence_0_based_half_open	4f35ed5d729dbedc18ab04ab7782ac27242cc7ffb620a7fa07f4cabe9513c006	paper/ssw_cuda/corpus_manifest.tsv;paper/ssw_cuda/corpus_receipt.json	ssw_cuda_differential_corpus_tiny_exhaustive
pair	ssw_cuda_corpus_case_v1	tiny-ac-q04-r08	ssw_cuda_corpus_case_v1	tiny-ac-q04-r08	tiny-ac-q04-r08:query	tiny-ac-q04-r08:reference	4b650e5c4785025dee7bd65e3c5c527356717d7a1c0bfef5b4ada8ca1e9cbe17	b32062bf7b8bed45bc6c7bedfe1c093bf2d45c0b87973bab9e1ef4b85497f469	full	full	synthetic	synthetic_sequence_0_based_half_open	eefa8d2282b309f341f0b754f8b86198969c3cd2771d241b7953770f77e5f3ee	paper/ssw_cuda/corpus_manifest.tsv;paper/ssw_cuda/corpus_receipt.json	ssw_cuda_differential_corpus_tiny_exhaustive
pair	ssw_cuda_corpus_case_v1	tiny-ac-q04-r09	ssw_cuda_corpus_case_v1	tiny-ac-q04-r09	tiny-ac-q04-r09:query	tiny-ac-q04-r09:reference	4b650e5c4785025dee7bd65e3c5c527356717d7a1c0bfef5b4ada8ca1e9cbe17	2dde6d03ddaa287e3ac95b4befe8f38e8766a35092fc01e47e28d86c7a29e412	full	full	synthetic	synthetic_sequence_0_based_half_open	a2e27161b8ab630803aa03774c8bf1369186d90f7c4920cbb030b198ed6b669c	paper/ssw_cuda/corpus_manifest.tsv;paper/ssw_cuda/corpus_receipt.json	ssw_cuda_differential_corpus_tiny_exhaustive
pair	ssw_cuda_corpus_case_v1	tiny-ac-q04-r10	ssw_cuda_corpus_case_v1	tiny-ac-q04-r10	tiny-ac-q04-r10:query	tiny-ac-q04-r10:reference	4b650e5c4785025dee7bd65e3c5c527356717d7a1c0bfef5b4ada8ca1e9cbe17	084696b5b2f035fe1cafbccda422b6aa15b40d1d73bc98d7782beb4d83a5bc7f	full	full	synthetic	synthetic_sequence_0_based_half_open	56883f2c948b98aaf388492055853e282e676cd7d72581f4ca113caa6d49227a	paper/ssw_cuda/corpus_manifest.tsv;paper/ssw_cuda/corpus_receipt.json	ssw_cuda_differential_corpus_tiny_exhaustive
pair	ssw_cuda_corpus_case_v1	tiny-ac-q04-r11	ssw_cuda_corpus_case_v1	tiny-ac-q04-r11	tiny-ac-q04-r11:query	tiny-ac-q04-r11:reference	4b650e5c4785025dee7bd65e3c5c527356717d7a1c0bfef5b4ada8ca1e9cbe17	803859f5b9d6d170d5714b2d798c8bf5fbc9bd1806f6c108ed02adc6e6116004	full	full	synthetic	synthetic_sequence_0_based_half_open	15cf6123e9633a28b6fb1a543711208fe2b73073ee6ee449e9f8d2f11035cf10	paper/ssw_cuda/corpus_manifest.tsv;paper/ssw_cuda/corpus_receipt.json	ssw_cuda_differential_corpus_tiny_exhaustive
pair	ssw_cuda_corpus_case_v1	tiny-ac-q04-r12	ssw_cuda_corpus_case_v1	tiny-ac-q04-r12	tiny-ac-q04-r12:query	tiny-ac-q04-r12:reference	4b650e5c4785025dee7bd65e3c5c527356717d7a1c0bfef5b4ada8ca1e9cbe17	89932f8285bde9d693a0691a3400ba249f0d5c1357fe157dae3254112e489143	full	full	synthetic	synthetic_sequence_0_based_half_open	4d12aece7fb281176a4f7b63a5c19d3c6752729314cba88f116bcb70ad8cf0e6	paper/ssw_cuda/corpus_manifest.tsv;paper/ssw_cuda/corpus_receipt.json	ssw_cuda_differential_corpus_tiny_exhaustive
pair	ssw_cuda_corpus_case_v1	tiny-ac-q04-r13	ssw_cuda_corpus_case_v1	tiny-ac-q04-r13	tiny-ac-q04-r13:query	tiny-ac-q04-r13:reference	4b650e5c4785025dee7bd65e3c5c527356717d7a1c0bfef5b4ada8ca1e9cbe17	8c55ff95a660f37cb05e644e7691e6c66593f453cb2cbaa4d64aa59b40ae8032	full	full	synthetic	synthetic_sequence_0_based_half_open	1b320ff55ab534ff3f4e7682c924544dcdfd1a40da32dbba53a33dd45489175c	paper/ssw_cuda/corpus_manifest.tsv;paper/ssw_cuda/corpus_receipt.json	ssw_cuda_differential_corpus_tiny_exhaustive
pair	ssw_cuda_corpus_case_v1	tiny-ac-q05-r00	ssw_cuda_corpus_case_v1	tiny-ac-q05-r00	tiny-ac-q05-r00:query	tiny-ac-q05-r00:reference	a56362a10c816abf206d72cb914e2d5ca454eb9c7e744f88b1a1422c379e9942	559aead08264d5795d3909718cdd05abd49572e84fe55590eef31a88a08fdffd	full	full	synthetic	synthetic_sequence_0_based_half_open	04ca5c5ab69e4904d95f60c7657e3cc017377a45d3eb146a2d794b50b1c5133e	paper/ssw_cuda/corpus_manifest.tsv;paper/ssw_cuda/corpus_receipt.json	ssw_cuda_differential_corpus_tiny_exhaustive
pair	ssw_cuda_corpus_case_v1	tiny-ac-q05-r01	ssw_cuda_corpus_case_v1	tiny-ac-q05-r01	tiny-ac-q05-r01:query	tiny-ac-q05-r01:reference	a56362a10c816abf206d72cb914e2d5ca454eb9c7e744f88b1a1422c379e9942	6b23c0d5f35d1b11f9b683f0b0a617355deb11277d91ae091d399c655b87940d	full	full	synthetic	synthetic_sequence_0_based_half_open	5c3117ffac4c5b2a62c0ac0d9390ae1328e274e0848978ba8b9df98b7523dadb	paper/ssw_cuda/corpus_manifest.tsv;paper/ssw_cuda/corpus_receipt.json	ssw_cuda_differential_corpus_tiny_exhaustive
pair	ssw_cuda_corpus_case_v1	tiny-ac-q05-r02	ssw_cuda_corpus_case_v1	tiny-ac-q05-r02	tiny-ac-q05-r02:query	tiny-ac-q05-r02:reference	a56362a10c816abf206d72cb914e2d5ca454eb9c7e744f88b1a1422c379e9942	58bb119c35513a451d24dc20ef0e9031ec85b35bfc919d263e7e5d9868909cb5	full	full	synthetic	synthetic_sequence_0_based_half_open	651ad7fd5bab2cc255cb9aa7e6b449265217a94da6a68aefd188e6b678db5c5e	paper/ssw_cuda/corpus_manifest.tsv;paper/ssw_cuda/corpus_receipt.json	ssw_cuda_differential_corpus_tiny_exhaustive
pair	ssw_cuda_corpus_case_v1	tiny-ac-q05-r03	ssw_cuda_corpus_case_v1	tiny-ac-q05-r03	tiny-ac-q05-r03:query	tiny-ac-q05-r03:reference	a56362a10c816abf206d72cb914e2d5ca454eb9c7e744f88b1a1422c379e9942	472e73d796e20aa8ff9059e6316f218e0322548f661ec4dc267507ed66317404	full	full	synthetic	synthetic_sequence_0_based_half_open	6f58a3363b343a8c07ab52a33a06cb4e2bb8e78a9a55ade0f1597f5ca6d85ab4	paper/ssw_cuda/corpus_manifest.tsv;paper/ssw_cuda/corpus_receipt.json	ssw_cuda_differential_corpus_tiny_exhaustive
pair	ssw_cuda_corpus_case_v1	tiny-ac-q05-r04	ssw_cuda_corpus_case_v1	tiny-ac-q05-r04	tiny-ac-q05-r04:query	tiny-ac-q05-r04:reference	a56362a10c816abf206d72cb914e2d5ca454eb9c7e744f88b1a1422c379e9942	4b650e5c4785025dee7bd65e3c5c527356717d7a1c0bfef5b4ada8ca1e9cbe17	full	full	synthetic	synthetic_sequence_0_based_half_open	535df755a26af94ce70bba4b14776a14c6a178a5f453babed4b880e7d2e9c6e7	paper/ssw_cuda/corpus_manifest.tsv;paper/ssw_cuda/corpus_receipt.json	ssw_cuda_differential_corpus_tiny_exhaustive
pair	ssw_cuda_corpus_case_v1	tiny-ac-q05-r05	ssw_cuda_corpus_case_v1	tiny-ac-q05-r05	tiny-ac-q05-r05:query	tiny-ac-q05-r05:reference	a56362a10c816abf206d72cb914e2d5ca454eb9c7e744f88b1a1422c379e9942	a56362a10c816abf206d72cb914e2d5ca454eb9c7e744f88b1a1422c379e9942	full	full	synthetic	synthetic_sequence_0_based_half_open	343e02abac195d88308574684b4298743391ee92583db6fa1796ee74581cc94f	paper/ssw_cuda/corpus_manifest.tsv;paper/ssw_cuda/corpus_receipt.json	ssw_cuda_differential_corpus_tiny_exhaustive
pair	ssw_cuda_corpus_case_v1	tiny-ac-q05-r06	ssw_cuda_corpus_case_v1	tiny-ac-q05-r06	tiny-ac-q05-r06:query	tiny-ac-q05-r06:reference	a56362a10c816abf206d72cb914e2d5ca454eb9c7e744f88b1a1422c379e9942	cb1ad2119d8fafb69566510ee712661f9f14b83385006ef92aec47f523a38358	full	full	synthetic	synthetic_sequence_0_based_half_open	592fa06b9e2290aa8dd6704e7c2266ed4bdb8adc63413e466457b19708fb9d51	paper/ssw_cuda/corpus_manifest.tsv;paper/ssw_cuda/corpus_receipt.json	ssw_cuda_differential_corpus_tiny_exhaustive
pair	ssw_cuda_corpus_case_v1	tiny-ac-q05-r07	ssw_cuda_corpus_case_v1	tiny-ac-q05-r07	tiny-ac-q05-r07:query	tiny-ac-q05-r07:reference	a56362a10c816abf206d72cb914e2d5ca454eb9c7e744f88b1a1422c379e9942	d5ced0c0b64bf1582582acb55425f70c12991c397368a8bbad06bb0a5d2cfeb7	full	full	synthetic	synthetic_sequence_0_based_half_open	c7a491b8d3f147437fabd784ad1c93c6777d2ef7106d802522319c0685164a82	paper/ssw_cuda/corpus_manifest.tsv;paper/ssw_cuda/corpus_receipt.json	ssw_cuda_differential_corpus_tiny_exhaustive
pair	ssw_cuda_corpus_case_v1	tiny-ac-q05-r08	ssw_cuda_corpus_case_v1	tiny-ac-q05-r08	tiny-ac-q05-r08:query	tiny-ac-q05-r08:reference	a56362a10c816abf206d72cb914e2d5ca454eb9c7e744f88b1a1422c379e9942	b32062bf7b8bed45bc6c7bedfe1c093bf2d45c0b87973bab9e1ef4b85497f469	full	full	synthetic	synthetic_sequence_0_based_half_open	80c2315a829fc8c90b116ddd7789ae6f6888c47bf7df999ec21220cdc0947894	paper/ssw_cuda/corpus_manifest.tsv;paper/ssw_cuda/corpus_receipt.json	ssw_cuda_differential_corpus_tiny_exhaustive
pair	ssw_cuda_corpus_case_v1	tiny-ac-q05-r09	ssw_cuda_corpus_case_v1	tiny-ac-q05-r09	tiny-ac-q05-r09:query	tiny-ac-q05-r09:reference	a56362a10c816abf206d72cb914e2d5ca454eb9c7e744f88b1a1422c379e9942	2dde6d03ddaa287e3ac95b4befe8f38e8766a35092fc01e47e28d86c7a29e412	full	full	synthetic	synthetic_sequence_0_based_half_open	e83cdf0cde79d224698295924d0e13bd00a333c77b738a3e1310f37e5c7d6b43	paper/ssw_cuda/corpus_manifest.tsv;paper/ssw_cuda/corpus_receipt.json	ssw_cuda_differential_corpus_tiny_exhaustive
pair	ssw_cuda_corpus_case_v1	tiny-ac-q05-r10	ssw_cuda_corpus_case_v1	tiny-ac-q05-r10	tiny-ac-q05-r10:query	tiny-ac-q05-r10:reference	a56362a10c816abf206d72cb914e2d5ca454eb9c7e744f88b1a1422c379e9942	084696b5b2f035fe1cafbccda422b6aa15b40d1d73bc98d7782beb4d83a5bc7f	full	full	synthetic	synthetic_sequence_0_based_half_open	684a60307c2c24395dc56a5eeb08056e63be6659054c017f291009076d4d499a	paper/ssw_cuda/corpus_manifest.tsv;paper/ssw_cuda/corpus_receipt.json	ssw_cuda_differential_corpus_tiny_exhaustive
pair	ssw_cuda_corpus_case_v1	tiny-ac-q05-r11	ssw_cuda_corpus_case_v1	tiny-ac-q05-r11	tiny-ac-q05-r11:query	tiny-ac-q05-r11:reference	a56362a10c816abf206d72cb914e2d5ca454eb9c7e744f88b1a1422c379e9942	803859f5b9d6d170d5714b2d798c8bf5fbc9bd1806f6c108ed02adc6e6116004	full	full	synthetic	synthetic_sequence_0_based_half_open	5f5419a4edf0e47731e4f5e3971907f71fe231669411acc242618952a20438cd	paper/ssw_cuda/corpus_manifest.tsv;paper/ssw_cuda/corpus_receipt.json	ssw_cuda_differential_corpus_tiny_exhaustive
pair	ssw_cuda_corpus_case_v1	tiny-ac-q05-r12	ssw_cuda_corpus_case_v1	tiny-ac-q05-r12	tiny-ac-q05-r12:query	tiny-ac-q05-r12:reference	a56362a10c816abf206d72cb914e2d5ca454eb9c7e744f88b1a1422c379e9942	89932f8285bde9d693a0691a3400ba249f0d5c1357fe157dae3254112e489143	full	full	synthetic	synthetic_sequence_0_based_half_open	bf9d51d2920623908644ccc21c4de2dcc10332f9edde54ec275a2124d89afc65	paper/ssw_cuda/corpus_manifest.tsv;paper/ssw_cuda/corpus_receipt.json	ssw_cuda_differential_corpus_tiny_exhaustive
pair	ssw_cuda_corpus_case_v1	tiny-ac-q05-r13	ssw_cuda_corpus_case_v1	tiny-ac-q05-r13	tiny-ac-q05-r13:query	tiny-ac-q05-r13:reference	a56362a10c816abf206d72cb914e2d5ca454eb9c7e744f88b1a1422c379e9942	8c55ff95a660f37cb05e644e7691e6c66593f453cb2cbaa4d64aa59b40ae8032	full	full	synthetic	synthetic_sequence_0_based_half_open	6c3e9586eb45aa55652e29b50eae81761c52d63230c2d314e814ebafe81b0641	paper/ssw_cuda/corpus_manifest.tsv;paper/ssw_cuda/corpus_receipt.json	ssw_cuda_differential_corpus_tiny_exhaustive
pair	ssw_cuda_corpus_case_v1	tiny-ac-q06-r00	ssw_cuda_corpus_case_v1	tiny-ac-q06-r00	tiny-ac-q06-r00:query	tiny-ac-q06-r00:reference	cb1ad2119d8fafb69566510ee712661f9f14b83385006ef92aec47f523a38358	559aead08264d5795d3909718cdd05abd49572e84fe55590eef31a88a08fdffd	full	full	synthetic	synthetic_sequence_0_based_half_open	b1ce87bdd13764e92b73a5b16c64ed58b72ad54fafc1623353715b5cb3c46072	paper/ssw_cuda/corpus_manifest.tsv;paper/ssw_cuda/corpus_receipt.json	ssw_cuda_differential_corpus_tiny_exhaustive
pair	ssw_cuda_corpus_case_v1	tiny-ac-q06-r01	ssw_cuda_corpus_case_v1	tiny-ac-q06-r01	tiny-ac-q06-r01:query	tiny-ac-q06-r01:reference	cb1ad2119d8fafb69566510ee712661f9f14b83385006ef92aec47f523a38358	6b23c0d5f35d1b11f9b683f0b0a617355deb11277d91ae091d399c655b87940d	full	full	synthetic	synthetic_sequence_0_based_half_open	b7337c4efab13a13abe5872e156b0a6e4856c7341f46a834cd5bfa37538f6520	paper/ssw_cuda/corpus_manifest.tsv;paper/ssw_cuda/corpus_receipt.json	ssw_cuda_differential_corpus_tiny_exhaustive
pair	ssw_cuda_corpus_case_v1	tiny-ac-q06-r02	ssw_cuda_corpus_case_v1	tiny-ac-q06-r02	tiny-ac-q06-r02:query	tiny-ac-q06-r02:reference	cb1ad2119d8fafb69566510ee712661f9f14b83385006ef92aec47f523a38358	58bb119c35513a451d24dc20ef0e9031ec85b35bfc919d263e7e5d9868909cb5	full	full	synthetic	synthetic_sequence_0_based_half_open	60d13e0ddf4e191ebd79711a77631cff26d85308213fc5ea040e59245fb2749d	paper/ssw_cuda/corpus_manifest.tsv;paper/ssw_cuda/corpus_receipt.json	ssw_cuda_differential_corpus_tiny_exhaustive
pair	ssw_cuda_corpus_case_v1	tiny-ac-q06-r03	ssw_cuda_corpus_case_v1	tiny-ac-q06-r03	tiny-ac-q06-r03:query	tiny-ac-q06-r03:reference	cb1ad2119d8fafb69566510ee712661f9f14b83385006ef92aec47f523a38358	472e73d796e20aa8ff9059e6316f218e0322548f661ec4dc267507ed66317404	full	full	synthetic	synthetic_sequence_0_based_half_open	88e98e59492ea5a8eb878057c23d515eddb3b35917157ed19d595207ba783b8c	paper/ssw_cuda/corpus_manifest.tsv;paper/ssw_cuda/corpus_receipt.json	ssw_cuda_differential_corpus_tiny_exhaustive
pair	ssw_cuda_corpus_case_v1	tiny-ac-q06-r04	ssw_cuda_corpus_case_v1	tiny-ac-q06-r04	tiny-ac-q06-r04:query	tiny-ac-q06-r04:reference	cb1ad2119d8fafb69566510ee712661f9f14b83385006ef92aec47f523a38358	4b650e5c4785025dee7bd65e3c5c527356717d7a1c0bfef5b4ada8ca1e9cbe17	full	full	synthetic	synthetic_sequence_0_based_half_open	d6868493c3e1a878661785d72decb5b738336ad822d450bbeb0aabda9fc314ed	paper/ssw_cuda/corpus_manifest.tsv;paper/ssw_cuda/corpus_receipt.json	ssw_cuda_differential_corpus_tiny_exhaustive
pair	ssw_cuda_corpus_case_v1	tiny-ac-q06-r05	ssw_cuda_corpus_case_v1	tiny-ac-q06-r05	tiny-ac-q06-r05:query	tiny-ac-q06-r05:reference	cb1ad2119d8fafb69566510ee712661f9f14b83385006ef92aec47f523a38358	a56362a10c816abf206d72cb914e2d5ca454eb9c7e744f88b1a1422c379e9942	full	full	synthetic	synthetic_sequence_0_based_half_open	69a9d76137465805d27d03e29c753734f4b78388eea78a2d056b4d8501933caf	paper/ssw_cuda/corpus_manifest.tsv;paper/ssw_cuda/corpus_receipt.json	ssw_cuda_differential_corpus_tiny_exhaustive
pair	ssw_cuda_corpus_case_v1	tiny-ac-q06-r06	ssw_cuda_corpus_case_v1	tiny-ac-q06-r06	tiny-ac-q06-r06:query	tiny-ac-q06-r06:reference	cb1ad2119d8fafb69566510ee712661f9f14b83385006ef92aec47f523a38358	cb1ad2119d8fafb69566510ee712661f9f14b83385006ef92aec47f523a38358	full	full	synthetic	synthetic_sequence_0_based_half_open	8d5d57f336b4c3a7ea1d42ed770b1eb8d1fb58b0d8dda8a6187f583356d35933	paper/ssw_cuda/corpus_manifest.tsv;paper/ssw_cuda/corpus_receipt.json	ssw_cuda_differential_corpus_tiny_exhaustive
pair	ssw_cuda_corpus_case_v1	tiny-ac-q06-r07	ssw_cuda_corpus_case_v1	tiny-ac-q06-r07	tiny-ac-q06-r07:query	tiny-ac-q06-r07:reference	cb1ad2119d8fafb69566510ee712661f9f14b83385006ef92aec47f523a38358	d5ced0c0b64bf1582582acb55425f70c12991c397368a8bbad06bb0a5d2cfeb7	full	full	synthetic	synthetic_sequence_0_based_half_open	d2887860b7b4da5db3678e3f1e7914aab64c2d5d6ce14a0ab371acee82bd1d1e	paper/ssw_cuda/corpus_manifest.tsv;paper/ssw_cuda/corpus_receipt.json	ssw_cuda_differential_corpus_tiny_exhaustive
pair	ssw_cuda_corpus_case_v1	tiny-ac-q06-r08	ssw_cuda_corpus_case_v1	tiny-ac-q06-r08	tiny-ac-q06-r08:query	tiny-ac-q06-r08:reference	cb1ad2119d8fafb69566510ee712661f9f14b83385006ef92aec47f523a38358	b32062bf7b8bed45bc6c7bedfe1c093bf2d45c0b87973bab9e1ef4b85497f469	full	full	synthetic	synthetic_sequence_0_based_half_open	c92310f68801e52e34cdf41900e39ca2dd9bc143da705848b8fad0f6863723c7	paper/ssw_cuda/corpus_manifest.tsv;paper/ssw_cuda/corpus_receipt.json	ssw_cuda_differential_corpus_tiny_exhaustive
pair	ssw_cuda_corpus_case_v1	tiny-ac-q06-r09	ssw_cuda_corpus_case_v1	tiny-ac-q06-r09	tiny-ac-q06-r09:query	tiny-ac-q06-r09:reference	cb1ad2119d8fafb69566510ee712661f9f14b83385006ef92aec47f523a38358	2dde6d03ddaa287e3ac95b4befe8f38e8766a35092fc01e47e28d86c7a29e412	full	full	synthetic	synthetic_sequence_0_based_half_open	6a5d3020d96f863c28909369760595371b7a60714024503421418e26354320d0	paper/ssw_cuda/corpus_manifest.tsv;paper/ssw_cuda/corpus_receipt.json	ssw_cuda_differential_corpus_tiny_exhaustive
pair	ssw_cuda_corpus_case_v1	tiny-ac-q06-r10	ssw_cuda_corpus_case_v1	tiny-ac-q06-r10	tiny-ac-q06-r10:query	tiny-ac-q06-r10:reference	cb1ad2119d8fafb69566510ee712661f9f14b83385006ef92aec47f523a38358	084696b5b2f035fe1cafbccda422b6aa15b40d1d73bc98d7782beb4d83a5bc7f	full	full	synthetic	synthetic_sequence_0_based_half_open	a4de2a08ca5abf0c15f70a52b3ff843bd29dd9e0cac82aecbaaf6821e5f5c245	paper/ssw_cuda/corpus_manifest.tsv;paper/ssw_cuda/corpus_receipt.json	ssw_cuda_differential_corpus_tiny_exhaustive
pair	ssw_cuda_corpus_case_v1	tiny-ac-q06-r11	ssw_cuda_corpus_case_v1	tiny-ac-q06-r11	tiny-ac-q06-r11:query	tiny-ac-q06-r11:reference	cb1ad2119d8fafb69566510ee712661f9f14b83385006ef92aec47f523a38358	803859f5b9d6d170d5714b2d798c8bf5fbc9bd1806f6c108ed02adc6e6116004	full	full	synthetic	synthetic_sequence_0_based_half_open	d1b3bf7c216b8d05fe749a414e3af7abe5cfbb87b0bc1ae20c8d479eebd3e1bd	paper/ssw_cuda/corpus_manifest.tsv;paper/ssw_cuda/corpus_receipt.json	ssw_cuda_differential_corpus_tiny_exhaustive
pair	ssw_cuda_corpus_case_v1	tiny-ac-q06-r12	ssw_cuda_corpus_case_v1	tiny-ac-q06-r12	tiny-ac-q06-r12:query	tiny-ac-q06-r12:reference	cb1ad2119d8fafb69566510ee712661f9f14b83385006ef92aec47f523a38358	89932f8285bde9d693a0691a3400ba249f0d5c1357fe157dae3254112e489143	full	full	synthetic	synthetic_sequence_0_based_half_open	2e2db3a1a1a4ebebe36b2dba511d46cebc63fa969e562c6a71a1641fc130583d	paper/ssw_cuda/corpus_manifest.tsv;paper/ssw_cuda/corpus_receipt.json	ssw_cuda_differential_corpus_tiny_exhaustive
pair	ssw_cuda_corpus_case_v1	tiny-ac-q06-r13	ssw_cuda_corpus_case_v1	tiny-ac-q06-r13	tiny-ac-q06-r13:query	tiny-ac-q06-r13:reference	cb1ad2119d8fafb69566510ee712661f9f14b83385006ef92aec47f523a38358	8c55ff95a660f37cb05e644e7691e6c66593f453cb2cbaa4d64aa59b40ae8032	full	full	synthetic	synthetic_sequence_0_based_half_open	e457ef126bf8b18b479b41a4cc780648ac30892ef46ac09bceea0be6b2ae34ee	paper/ssw_cuda/corpus_manifest.tsv;paper/ssw_cuda/corpus_receipt.json	ssw_cuda_differential_corpus_tiny_exhaustive
pair	ssw_cuda_corpus_case_v1	tiny-ac-q07-r00	ssw_cuda_corpus_case_v1	tiny-ac-q07-r00	tiny-ac-q07-r00:query	tiny-ac-q07-r00:reference	d5ced0c0b64bf1582582acb55425f70c12991c397368a8bbad06bb0a5d2cfeb7	559aead08264d5795d3909718cdd05abd49572e84fe55590eef31a88a08fdffd	full	full	synthetic	synthetic_sequence_0_based_half_open	97f310b04e665e3fe454bb2413a226a36d1eb54deb64f22c902c453d9afa7c54	paper/ssw_cuda/corpus_manifest.tsv;paper/ssw_cuda/corpus_receipt.json	ssw_cuda_differential_corpus_tiny_exhaustive
pair	ssw_cuda_corpus_case_v1	tiny-ac-q07-r01	ssw_cuda_corpus_case_v1	tiny-ac-q07-r01	tiny-ac-q07-r01:query	tiny-ac-q07-r01:reference	d5ced0c0b64bf1582582acb55425f70c12991c397368a8bbad06bb0a5d2cfeb7	6b23c0d5f35d1b11f9b683f0b0a617355deb11277d91ae091d399c655b87940d	full	full	synthetic	synthetic_sequence_0_based_half_open	543ad63c194afdc86a49eb0992a565c35f8228ac710a8234486c14a4e2273c23	paper/ssw_cuda/corpus_manifest.tsv;paper/ssw_cuda/corpus_receipt.json	ssw_cuda_differential_corpus_tiny_exhaustive
pair	ssw_cuda_corpus_case_v1	tiny-ac-q07-r02	ssw_cuda_corpus_case_v1	tiny-ac-q07-r02	tiny-ac-q07-r02:query	tiny-ac-q07-r02:reference	d5ced0c0b64bf1582582acb55425f70c12991c397368a8bbad06bb0a5d2cfeb7	58bb119c35513a451d24dc20ef0e9031ec85b35bfc919d263e7e5d9868909cb5	full	full	synthetic	synthetic_sequence_0_based_half_open	806c63af7e19081251aa9e27fddac41a908b5006fbac1a2a41ca6c22cace42be	paper/ssw_cuda/corpus_manifest.tsv;paper/ssw_cuda/corpus_receipt.json	ssw_cuda_differential_corpus_tiny_exhaustive
pair	ssw_cuda_corpus_case_v1	tiny-ac-q07-r03	ssw_cuda_corpus_case_v1	tiny-ac-q07-r03	tiny-ac-q07-r03:query	tiny-ac-q07-r03:reference	d5ced0c0b64bf1582582acb55425f70c12991c397368a8bbad06bb0a5d2cfeb7	472e73d796e20aa8ff9059e6316f218e0322548f661ec4dc267507ed66317404	full	full	synthetic	synthetic_sequence_0_based_half_open	aa104ee5c0ffcacae3232573a4188080f622e188e890c048102096f113ad0dfd	paper/ssw_cuda/corpus_manifest.tsv;paper/ssw_cuda/corpus_receipt.json	ssw_cuda_differential_corpus_tiny_exhaustive
pair	ssw_cuda_corpus_case_v1	tiny-ac-q07-r04	ssw_cuda_corpus_case_v1	tiny-ac-q07-r04	tiny-ac-q07-r04:query	tiny-ac-q07-r04:reference	d5ced0c0b64bf1582582acb55425f70c12991c397368a8bbad06bb0a5d2cfeb7	4b650e5c4785025dee7bd65e3c5c527356717d7a1c0bfef5b4ada8ca1e9cbe17	full	full	synthetic	synthetic_sequence_0_based_half_open	881e0ad2d7095d965a3e59f6cd8f8a62e0e63ba0371e260081182c3b8a859e86	paper/ssw_cuda/corpus_manifest.tsv;paper/ssw_cuda/corpus_receipt.json	ssw_cuda_differential_corpus_tiny_exhaustive
pair	ssw_cuda_corpus_case_v1	tiny-ac-q07-r05	ssw_cuda_corpus_case_v1	tiny-ac-q07-r05	tiny-ac-q07-r05:query	tiny-ac-q07-r05:reference	d5ced0c0b64bf1582582acb55425f70c12991c397368a8bbad06bb0a5d2cfeb7	a56362a10c816abf206d72cb914e2d5ca454eb9c7e744f88b1a1422c379e9942	full	full	synthetic	synthetic_sequence_0_based_half_open	6d2cee80744dbef0723f609aa8ac935a5fdd21ff7d33a958dbed7776787a20a5	paper/ssw_cuda/corpus_manifest.tsv;paper/ssw_cuda/corpus_receipt.json	ssw_cuda_differential_corpus_tiny_exhaustive
pair	ssw_cuda_corpus_case_v1	tiny-ac-q07-r06	ssw_cuda_corpus_case_v1	tiny-ac-q07-r06	tiny-ac-q07-r06:query	tiny-ac-q07-r06:reference	d5ced0c0b64bf1582582acb55425f70c12991c397368a8bbad06bb0a5d2cfeb7	cb1ad2119d8fafb69566510ee712661f9f14b83385006ef92aec47f523a38358	full	full	synthetic	synthetic_sequence_0_based_half_open	572f07213b266c82b144c9ac479f398f0373f1c8809d426086a736d87ceb515c	paper/ssw_cuda/corpus_manifest.tsv;paper/ssw_cuda/corpus_receipt.json	ssw_cuda_differential_corpus_tiny_exhaustive
pair	ssw_cuda_corpus_case_v1	tiny-ac-q07-r07	ssw_cuda_corpus_case_v1	tiny-ac-q07-r07	tiny-ac-q07-r07:query	tiny-ac-q07-r07:reference	d5ced0c0b64bf1582582acb55425f70c12991c397368a8bbad06bb0a5d2cfeb7	d5ced0c0b64bf1582582acb55425f70c12991c397368a8bbad06bb0a5d2cfeb7	full	full	synthetic	synthetic_sequence_0_based_half_open	5ed80215e8f131d2815af429c100f99ed679a5ff961c8bf9582b4d3bb468ad1a	paper/ssw_cuda/corpus_manifest.tsv;paper/ssw_cuda/corpus_receipt.json	ssw_cuda_differential_corpus_tiny_exhaustive
pair	ssw_cuda_corpus_case_v1	tiny-ac-q07-r08	ssw_cuda_corpus_case_v1	tiny-ac-q07-r08	tiny-ac-q07-r08:query	tiny-ac-q07-r08:reference	d5ced0c0b64bf1582582acb55425f70c12991c397368a8bbad06bb0a5d2cfeb7	b32062bf7b8bed45bc6c7bedfe1c093bf2d45c0b87973bab9e1ef4b85497f469	full	full	synthetic	synthetic_sequence_0_based_half_open	01c6fd9facc40e97d69667904135c8fd0099a83470113c06e8deef57651e185c	paper/ssw_cuda/corpus_manifest.tsv;paper/ssw_cuda/corpus_receipt.json	ssw_cuda_differential_corpus_tiny_exhaustive
pair	ssw_cuda_corpus_case_v1	tiny-ac-q07-r09	ssw_cuda_corpus_case_v1	tiny-ac-q07-r09	tiny-ac-q07-r09:query	tiny-ac-q07-r09:reference	d5ced0c0b64bf1582582acb55425f70c12991c397368a8bbad06bb0a5d2cfeb7	2dde6d03ddaa287e3ac95b4befe8f38e8766a35092fc01e47e28d86c7a29e412	full	full	synthetic	synthetic_sequence_0_based_half_open	34f9be36f2dc25f325689218edccc46d1c24229cb707551c9b1200508a9aef3a	paper/ssw_cuda/corpus_manifest.tsv;paper/ssw_cuda/corpus_receipt.json	ssw_cuda_differential_corpus_tiny_exhaustive
pair	ssw_cuda_corpus_case_v1	tiny-ac-q07-r10	ssw_cuda_corpus_case_v1	tiny-ac-q07-r10	tiny-ac-q07-r10:query	tiny-ac-q07-r10:reference	d5ced0c0b64bf1582582acb55425f70c12991c397368a8bbad06bb0a5d2cfeb7	084696b5b2f035fe1cafbccda422b6aa15b40d1d73bc98d7782beb4d83a5bc7f	full	full	synthetic	synthetic_sequence_0_based_half_open	183a662060323fac0f3f063e9416ffe0bf567f6f8a3a3fd578483995b5739c5f	paper/ssw_cuda/corpus_manifest.tsv;paper/ssw_cuda/corpus_receipt.json	ssw_cuda_differential_corpus_tiny_exhaustive
pair	ssw_cuda_corpus_case_v1	tiny-ac-q07-r11	ssw_cuda_corpus_case_v1	tiny-ac-q07-r11	tiny-ac-q07-r11:query	tiny-ac-q07-r11:reference	d5ced0c0b64bf1582582acb55425f70c12991c397368a8bbad06bb0a5d2cfeb7	803859f5b9d6d170d5714b2d798c8bf5fbc9bd1806f6c108ed02adc6e6116004	full	full	synthetic	synthetic_sequence_0_based_half_open	813823673718b6ed8b0018df0217d845ca1e23a1b27d3f4e29e6bad21bbfcc89	paper/ssw_cuda/corpus_manifest.tsv;paper/ssw_cuda/corpus_receipt.json	ssw_cuda_differential_corpus_tiny_exhaustive
pair	ssw_cuda_corpus_case_v1	tiny-ac-q07-r12	ssw_cuda_corpus_case_v1	tiny-ac-q07-r12	tiny-ac-q07-r12:query	tiny-ac-q07-r12:reference	d5ced0c0b64bf1582582acb55425f70c12991c397368a8bbad06bb0a5d2cfeb7	89932f8285bde9d693a0691a3400ba249f0d5c1357fe157dae3254112e489143	full	full	synthetic	synthetic_sequence_0_based_half_open	fa6892a2335fa14189366e597289c6041427455b4c8408d8eaf144fe1ae720c7	paper/ssw_cuda/corpus_manifest.tsv;paper/ssw_cuda/corpus_receipt.json	ssw_cuda_differential_corpus_tiny_exhaustive
pair	ssw_cuda_corpus_case_v1	tiny-ac-q07-r13	ssw_cuda_corpus_case_v1	tiny-ac-q07-r13	tiny-ac-q07-r13:query	tiny-ac-q07-r13:reference	d5ced0c0b64bf1582582acb55425f70c12991c397368a8bbad06bb0a5d2cfeb7	8c55ff95a660f37cb05e644e7691e6c66593f453cb2cbaa4d64aa59b40ae8032	full	full	synthetic	synthetic_sequence_0_based_half_open	d1c54c0c1d6b374a41969aee42554e5bb800c9d92264e8fa5aba8841fd0a8a03	paper/ssw_cuda/corpus_manifest.tsv;paper/ssw_cuda/corpus_receipt.json	ssw_cuda_differential_corpus_tiny_exhaustive
pair	ssw_cuda_corpus_case_v1	tiny-ac-q08-r00	ssw_cuda_corpus_case_v1	tiny-ac-q08-r00	tiny-ac-q08-r00:query	tiny-ac-q08-r00:reference	b32062bf7b8bed45bc6c7bedfe1c093bf2d45c0b87973bab9e1ef4b85497f469	559aead08264d5795d3909718cdd05abd49572e84fe55590eef31a88a08fdffd	full	full	synthetic	synthetic_sequence_0_based_half_open	938d35b2f25182d35282fb33a122a697df8e4376225d5091afa44716270aff69	paper/ssw_cuda/corpus_manifest.tsv;paper/ssw_cuda/corpus_receipt.json	ssw_cuda_differential_corpus_tiny_exhaustive
pair	ssw_cuda_corpus_case_v1	tiny-ac-q08-r01	ssw_cuda_corpus_case_v1	tiny-ac-q08-r01	tiny-ac-q08-r01:query	tiny-ac-q08-r01:reference	b32062bf7b8bed45bc6c7bedfe1c093bf2d45c0b87973bab9e1ef4b85497f469	6b23c0d5f35d1b11f9b683f0b0a617355deb11277d91ae091d399c655b87940d	full	full	synthetic	synthetic_sequence_0_based_half_open	af93e1b8d3490a0f72b5bc76ae20f736d9ec3caa34c583b44badc19d5b4fd236	paper/ssw_cuda/corpus_manifest.tsv;paper/ssw_cuda/corpus_receipt.json	ssw_cuda_differential_corpus_tiny_exhaustive
pair	ssw_cuda_corpus_case_v1	tiny-ac-q08-r02	ssw_cuda_corpus_case_v1	tiny-ac-q08-r02	tiny-ac-q08-r02:query	tiny-ac-q08-r02:reference	b32062bf7b8bed45bc6c7bedfe1c093bf2d45c0b87973bab9e1ef4b85497f469	58bb119c35513a451d24dc20ef0e9031ec85b35bfc919d263e7e5d9868909cb5	full	full	synthetic	synthetic_sequence_0_based_half_open	3ea4d84416f8ec3a1528d10173602c41572df32dcec2fb1276abce01b8f8d255	paper/ssw_cuda/corpus_manifest.tsv;paper/ssw_cuda/corpus_receipt.json	ssw_cuda_differential_corpus_tiny_exhaustive
pair	ssw_cuda_corpus_case_v1	tiny-ac-q08-r03	ssw_cuda_corpus_case_v1	tiny-ac-q08-r03	tiny-ac-q08-r03:query	tiny-ac-q08-r03:reference	b32062bf7b8bed45bc6c7bedfe1c093bf2d45c0b87973bab9e1ef4b85497f469	472e73d796e20aa8ff9059e6316f218e0322548f661ec4dc267507ed66317404	full	full	synthetic	synthetic_sequence_0_based_half_open	3f0154dd679a7c126649c5bcadbd340c1c9d9b4f8ad2fc71262f524612f5ffdc	paper/ssw_cuda/corpus_manifest.tsv;paper/ssw_cuda/corpus_receipt.json	ssw_cuda_differential_corpus_tiny_exhaustive
pair	ssw_cuda_corpus_case_v1	tiny-ac-q08-r04	ssw_cuda_corpus_case_v1	tiny-ac-q08-r04	tiny-ac-q08-r04:query	tiny-ac-q08-r04:reference	b32062bf7b8bed45bc6c7bedfe1c093bf2d45c0b87973bab9e1ef4b85497f469	4b650e5c4785025dee7bd65e3c5c527356717d7a1c0bfef5b4ada8ca1e9cbe17	full	full	synthetic	synthetic_sequence_0_based_half_open	a320f4c7eabafe1b8eab52c0aaae6653f03ae356c905b92ab50c9937e28187d7	paper/ssw_cuda/corpus_manifest.tsv;paper/ssw_cuda/corpus_receipt.json	ssw_cuda_differential_corpus_tiny_exhaustive
pair	ssw_cuda_corpus_case_v1	tiny-ac-q08-r05	ssw_cuda_corpus_case_v1	tiny-ac-q08-r05	tiny-ac-q08-r05:query	tiny-ac-q08-r05:reference	b32062bf7b8bed45bc6c7bedfe1c093bf2d45c0b87973bab9e1ef4b85497f469	a56362a10c816abf206d72cb914e2d5ca454eb9c7e744f88b1a1422c379e9942	full	full	synthetic	synthetic_sequence_0_based_half_open	0f855a5f439922a85c987e187f2efe069cd0db98efed032b10c9c37b29239cbe	paper/ssw_cuda/corpus_manifest.tsv;paper/ssw_cuda/corpus_receipt.json	ssw_cuda_differential_corpus_tiny_exhaustive
pair	ssw_cuda_corpus_case_v1	tiny-ac-q08-r06	ssw_cuda_corpus_case_v1	tiny-ac-q08-r06	tiny-ac-q08-r06:query	tiny-ac-q08-r06:reference	b32062bf7b8bed45bc6c7bedfe1c093bf2d45c0b87973bab9e1ef4b85497f469	cb1ad2119d8fafb69566510ee712661f9f14b83385006ef92aec47f523a38358	full	full	synthetic	synthetic_sequence_0_based_half_open	7bab89d7fc3c5974a56136ff85ceb1f1beb0c0adb88f7d24cde1f66c8ace4375	paper/ssw_cuda/corpus_manifest.tsv;paper/ssw_cuda/corpus_receipt.json	ssw_cuda_differential_corpus_tiny_exhaustive
pair	ssw_cuda_corpus_case_v1	tiny-ac-q08-r07	ssw_cuda_corpus_case_v1	tiny-ac-q08-r07	tiny-ac-q08-r07:query	tiny-ac-q08-r07:reference	b32062bf7b8bed45bc6c7bedfe1c093bf2d45c0b87973bab9e1ef4b85497f469	d5ced0c0b64bf1582582acb55425f70c12991c397368a8bbad06bb0a5d2cfeb7	full	full	synthetic	synthetic_sequence_0_based_half_open	0c1c941a88b16b803794423a48fb9ad488244771340369e43ecc95ba7119a9aa	paper/ssw_cuda/corpus_manifest.tsv;paper/ssw_cuda/corpus_receipt.json	ssw_cuda_differential_corpus_tiny_exhaustive
pair	ssw_cuda_corpus_case_v1	tiny-ac-q08-r08	ssw_cuda_corpus_case_v1	tiny-ac-q08-r08	tiny-ac-q08-r08:query	tiny-ac-q08-r08:reference	b32062bf7b8bed45bc6c7bedfe1c093bf2d45c0b87973bab9e1ef4b85497f469	b32062bf7b8bed45bc6c7bedfe1c093bf2d45c0b87973bab9e1ef4b85497f469	full	full	synthetic	synthetic_sequence_0_based_half_open	60684eb677d28b4fcae5119bf9a10ab91a9181a2e91acede7ee5978a66c9e4e6	paper/ssw_cuda/corpus_manifest.tsv;paper/ssw_cuda/corpus_receipt.json	ssw_cuda_differential_corpus_tiny_exhaustive
pair	ssw_cuda_corpus_case_v1	tiny-ac-q08-r09	ssw_cuda_corpus_case_v1	tiny-ac-q08-r09	tiny-ac-q08-r09:query	tiny-ac-q08-r09:reference	b32062bf7b8bed45bc6c7bedfe1c093bf2d45c0b87973bab9e1ef4b85497f469	2dde6d03ddaa287e3ac95b4befe8f38e8766a35092fc01e47e28d86c7a29e412	full	full	synthetic	synthetic_sequence_0_based_half_open	e799252da83a4c583cc018ea97c7475ce1fa3811ef961c4266abd757bcf59f47	paper/ssw_cuda/corpus_manifest.tsv;paper/ssw_cuda/corpus_receipt.json	ssw_cuda_differential_corpus_tiny_exhaustive
pair	ssw_cuda_corpus_case_v1	tiny-ac-q08-r10	ssw_cuda_corpus_case_v1	tiny-ac-q08-r10	tiny-ac-q08-r10:query	tiny-ac-q08-r10:reference	b32062bf7b8bed45bc6c7bedfe1c093bf2d45c0b87973bab9e1ef4b85497f469	084696b5b2f035fe1cafbccda422b6aa15b40d1d73bc98d7782beb4d83a5bc7f	full	full	synthetic	synthetic_sequence_0_based_half_open	d588164ac1c4fb4d30b31738329177672e4c54cc2b17ce49152c49650fec2825	paper/ssw_cuda/corpus_manifest.tsv;paper/ssw_cuda/corpus_receipt.json	ssw_cuda_differential_corpus_tiny_exhaustive
pair	ssw_cuda_corpus_case_v1	tiny-ac-q08-r11	ssw_cuda_corpus_case_v1	tiny-ac-q08-r11	tiny-ac-q08-r11:query	tiny-ac-q08-r11:reference	b32062bf7b8bed45bc6c7bedfe1c093bf2d45c0b87973bab9e1ef4b85497f469	803859f5b9d6d170d5714b2d798c8bf5fbc9bd1806f6c108ed02adc6e6116004	full	full	synthetic	synthetic_sequence_0_based_half_open	ab7b05e0849dfe97a979a9612d66a7c28a69b660614911e6d3c70358e2e77d5e	paper/ssw_cuda/corpus_manifest.tsv;paper/ssw_cuda/corpus_receipt.json	ssw_cuda_differential_corpus_tiny_exhaustive
pair	ssw_cuda_corpus_case_v1	tiny-ac-q08-r12	ssw_cuda_corpus_case_v1	tiny-ac-q08-r12	tiny-ac-q08-r12:query	tiny-ac-q08-r12:reference	b32062bf7b8bed45bc6c7bedfe1c093bf2d45c0b87973bab9e1ef4b85497f469	89932f8285bde9d693a0691a3400ba249f0d5c1357fe157dae3254112e489143	full	full	synthetic	synthetic_sequence_0_based_half_open	342882fe7688ca26a58f6c1467f4f8417484f2e025bfbed8a5ab166d924d2aff	paper/ssw_cuda/corpus_manifest.tsv;paper/ssw_cuda/corpus_receipt.json	ssw_cuda_differential_corpus_tiny_exhaustive
pair	ssw_cuda_corpus_case_v1	tiny-ac-q08-r13	ssw_cuda_corpus_case_v1	tiny-ac-q08-r13	tiny-ac-q08-r13:query	tiny-ac-q08-r13:reference	b32062bf7b8bed45bc6c7bedfe1c093bf2d45c0b87973bab9e1ef4b85497f469	8c55ff95a660f37cb05e644e7691e6c66593f453cb2cbaa4d64aa59b40ae8032	full	full	synthetic	synthetic_sequence_0_based_half_open	ade62ed0d71c1f3224b30faa523e7eb2b0226d0553fd04eb7bf1a0f1b14a58ea	paper/ssw_cuda/corpus_manifest.tsv;paper/ssw_cuda/corpus_receipt.json	ssw_cuda_differential_corpus_tiny_exhaustive
pair	ssw_cuda_corpus_case_v1	tiny-ac-q09-r00	ssw_cuda_corpus_case_v1	tiny-ac-q09-r00	tiny-ac-q09-r00:query	tiny-ac-q09-r00:reference	2dde6d03ddaa287e3ac95b4befe8f38e8766a35092fc01e47e28d86c7a29e412	559aead08264d5795d3909718cdd05abd49572e84fe55590eef31a88a08fdffd	full	full	synthetic	synthetic_sequence_0_based_half_open	2e041261579f1dc5f125359e5d76f7152a7fc8f21c73ce165ff61b0c16cf6159	paper/ssw_cuda/corpus_manifest.tsv;paper/ssw_cuda/corpus_receipt.json	ssw_cuda_differential_corpus_tiny_exhaustive
pair	ssw_cuda_corpus_case_v1	tiny-ac-q09-r01	ssw_cuda_corpus_case_v1	tiny-ac-q09-r01	tiny-ac-q09-r01:query	tiny-ac-q09-r01:reference	2dde6d03ddaa287e3ac95b4befe8f38e8766a35092fc01e47e28d86c7a29e412	6b23c0d5f35d1b11f9b683f0b0a617355deb11277d91ae091d399c655b87940d	full	full	synthetic	synthetic_sequence_0_based_half_open	4c47a373675a8b3fbc4c84734692fb5bc2c0cbe824b98da0aa93e820961dc901	paper/ssw_cuda/corpus_manifest.tsv;paper/ssw_cuda/corpus_receipt.json	ssw_cuda_differential_corpus_tiny_exhaustive
pair	ssw_cuda_corpus_case_v1	tiny-ac-q09-r02	ssw_cuda_corpus_case_v1	tiny-ac-q09-r02	tiny-ac-q09-r02:query	tiny-ac-q09-r02:reference	2dde6d03ddaa287e3ac95b4befe8f38e8766a35092fc01e47e28d86c7a29e412	58bb119c35513a451d24dc20ef0e9031ec85b35bfc919d263e7e5d9868909cb5	full	full	synthetic	synthetic_sequence_0_based_half_open	da2e4268c662a0daf7f68651ce32927ac922420d54ec1d7ecdccdb559dd447f4	paper/ssw_cuda/corpus_manifest.tsv;paper/ssw_cuda/corpus_receipt.json	ssw_cuda_differential_corpus_tiny_exhaustive
pair	ssw_cuda_corpus_case_v1	tiny-ac-q09-r03	ssw_cuda_corpus_case_v1	tiny-ac-q09-r03	tiny-ac-q09-r03:query	tiny-ac-q09-r03:reference	2dde6d03ddaa287e3ac95b4befe8f38e8766a35092fc01e47e28d86c7a29e412	472e73d796e20aa8ff9059e6316f218e0322548f661ec4dc267507ed66317404	full	full	synthetic	synthetic_sequence_0_based_half_open	32333eab074ea95194966c8ea2023418cf02cf01d3ad2043838c0b6e342f8f2a	paper/ssw_cuda/corpus_manifest.tsv;paper/ssw_cuda/corpus_receipt.json	ssw_cuda_differential_corpus_tiny_exhaustive
pair	ssw_cuda_corpus_case_v1	tiny-ac-q09-r04	ssw_cuda_corpus_case_v1	tiny-ac-q09-r04	tiny-ac-q09-r04:query	tiny-ac-q09-r04:reference	2dde6d03ddaa287e3ac95b4befe8f38e8766a35092fc01e47e28d86c7a29e412	4b650e5c4785025dee7bd65e3c5c527356717d7a1c0bfef5b4ada8ca1e9cbe17	full	full	synthetic	synthetic_sequence_0_based_half_open	af167fd98075508a04a9909cd30802d37e6172871b2dedbcf7316cd8a4c5a364	paper/ssw_cuda/corpus_manifest.tsv;paper/ssw_cuda/corpus_receipt.json	ssw_cuda_differential_corpus_tiny_exhaustive
pair	ssw_cuda_corpus_case_v1	tiny-ac-q09-r05	ssw_cuda_corpus_case_v1	tiny-ac-q09-r05	tiny-ac-q09-r05:query	tiny-ac-q09-r05:reference	2dde6d03ddaa287e3ac95b4befe8f38e8766a35092fc01e47e28d86c7a29e412	a56362a10c816abf206d72cb914e2d5ca454eb9c7e744f88b1a1422c379e9942	full	full	synthetic	synthetic_sequence_0_based_half_open	4134a747a9fa86e17d25d388fb0e1895bb7d8da7b12042769fc236c01ba19fac	paper/ssw_cuda/corpus_manifest.tsv;paper/ssw_cuda/corpus_receipt.json	ssw_cuda_differential_corpus_tiny_exhaustive
pair	ssw_cuda_corpus_case_v1	tiny-ac-q09-r06	ssw_cuda_corpus_case_v1	tiny-ac-q09-r06	tiny-ac-q09-r06:query	tiny-ac-q09-r06:reference	2dde6d03ddaa287e3ac95b4befe8f38e8766a35092fc01e47e28d86c7a29e412	cb1ad2119d8fafb69566510ee712661f9f14b83385006ef92aec47f523a38358	full	full	synthetic	synthetic_sequence_0_based_half_open	70536bc4afd850b89b0bacd2549d057be78a8d08d9cbef88f29ce916f224ca45	paper/ssw_cuda/corpus_manifest.tsv;paper/ssw_cuda/corpus_receipt.json	ssw_cuda_differential_corpus_tiny_exhaustive
pair	ssw_cuda_corpus_case_v1	tiny-ac-q09-r07	ssw_cuda_corpus_case_v1	tiny-ac-q09-r07	tiny-ac-q09-r07:query	tiny-ac-q09-r07:reference	2dde6d03ddaa287e3ac95b4befe8f38e8766a35092fc01e47e28d86c7a29e412	d5ced0c0b64bf1582582acb55425f70c12991c397368a8bbad06bb0a5d2cfeb7	full	full	synthetic	synthetic_sequence_0_based_half_open	6dd549af6f2d3fb7b79855bc7d75818c8dd66bebd8afff907dfd4e0902df4b9a	paper/ssw_cuda/corpus_manifest.tsv;paper/ssw_cuda/corpus_receipt.json	ssw_cuda_differential_corpus_tiny_exhaustive
pair	ssw_cuda_corpus_case_v1	tiny-ac-q09-r08	ssw_cuda_corpus_case_v1	tiny-ac-q09-r08	tiny-ac-q09-r08:query	tiny-ac-q09-r08:reference	2dde6d03ddaa287e3ac95b4befe8f38e8766a35092fc01e47e28d86c7a29e412	b32062bf7b8bed45bc6c7bedfe1c093bf2d45c0b87973bab9e1ef4b85497f469	full	full	synthetic	synthetic_sequence_0_based_half_open	c2f3a7158f9ac0567b4a694889a23bff47644aeb17575e73cae40e4623c90c28	paper/ssw_cuda/corpus_manifest.tsv;paper/ssw_cuda/corpus_receipt.json	ssw_cuda_differential_corpus_tiny_exhaustive
pair	ssw_cuda_corpus_case_v1	tiny-ac-q09-r09	ssw_cuda_corpus_case_v1	tiny-ac-q09-r09	tiny-ac-q09-r09:query	tiny-ac-q09-r09:reference	2dde6d03ddaa287e3ac95b4befe8f38e8766a35092fc01e47e28d86c7a29e412	2dde6d03ddaa287e3ac95b4befe8f38e8766a35092fc01e47e28d86c7a29e412	full	full	synthetic	synthetic_sequence_0_based_half_open	a54192e380f61aef0e23c448ee5bc62f7447505ca90b2089abd883fe20d671a2	paper/ssw_cuda/corpus_manifest.tsv;paper/ssw_cuda/corpus_receipt.json	ssw_cuda_differential_corpus_tiny_exhaustive
pair	ssw_cuda_corpus_case_v1	tiny-ac-q09-r10	ssw_cuda_corpus_case_v1	tiny-ac-q09-r10	tiny-ac-q09-r10:query	tiny-ac-q09-r10:reference	2dde6d03ddaa287e3ac95b4befe8f38e8766a35092fc01e47e28d86c7a29e412	084696b5b2f035fe1cafbccda422b6aa15b40d1d73bc98d7782beb4d83a5bc7f	full	full	synthetic	synthetic_sequence_0_based_half_open	e9373c7d58c1cc3cabd6a5bf804c2309e36241372ac76781294358aedc8d6600	paper/ssw_cuda/corpus_manifest.tsv;paper/ssw_cuda/corpus_receipt.json	ssw_cuda_differential_corpus_tiny_exhaustive
pair	ssw_cuda_corpus_case_v1	tiny-ac-q09-r11	ssw_cuda_corpus_case_v1	tiny-ac-q09-r11	tiny-ac-q09-r11:query	tiny-ac-q09-r11:reference	2dde6d03ddaa287e3ac95b4befe8f38e8766a35092fc01e47e28d86c7a29e412	803859f5b9d6d170d5714b2d798c8bf5fbc9bd1806f6c108ed02adc6e6116004	full	full	synthetic	synthetic_sequence_0_based_half_open	fe8cfd2e90ae3fa834b14c30f1990ee3bc810cab0cacc0a2933a1ef9a3a51c0f	paper/ssw_cuda/corpus_manifest.tsv;paper/ssw_cuda/corpus_receipt.json	ssw_cuda_differential_corpus_tiny_exhaustive
pair	ssw_cuda_corpus_case_v1	tiny-ac-q09-r12	ssw_cuda_corpus_case_v1	tiny-ac-q09-r12	tiny-ac-q09-r12:query	tiny-ac-q09-r12:reference	2dde6d03ddaa287e3ac95b4befe8f38e8766a35092fc01e47e28d86c7a29e412	89932f8285bde9d693a0691a3400ba249f0d5c1357fe157dae3254112e489143	full	full	synthetic	synthetic_sequence_0_based_half_open	54e30e7b3c6bbd0efb5b8701df366e2ab248e387571b08237feafd6ab62f1eab	paper/ssw_cuda/corpus_manifest.tsv;paper/ssw_cuda/corpus_receipt.json	ssw_cuda_differential_corpus_tiny_exhaustive
pair	ssw_cuda_corpus_case_v1	tiny-ac-q09-r13	ssw_cuda_corpus_case_v1	tiny-ac-q09-r13	tiny-ac-q09-r13:query	tiny-ac-q09-r13:reference	2dde6d03ddaa287e3ac95b4befe8f38e8766a35092fc01e47e28d86c7a29e412	8c55ff95a660f37cb05e644e7691e6c66593f453cb2cbaa4d64aa59b40ae8032	full	full	synthetic	synthetic_sequence_0_based_half_open	cdf131cb0f70f3277c398e8d94f585be89cfe7437a83221cc4570e8e0732941d	paper/ssw_cuda/corpus_manifest.tsv;paper/ssw_cuda/corpus_receipt.json	ssw_cuda_differential_corpus_tiny_exhaustive
pair	ssw_cuda_corpus_case_v1	tiny-ac-q10-r00	ssw_cuda_corpus_case_v1	tiny-ac-q10-r00	tiny-ac-q10-r00:query	tiny-ac-q10-r00:reference	084696b5b2f035fe1cafbccda422b6aa15b40d1d73bc98d7782beb4d83a5bc7f	559aead08264d5795d3909718cdd05abd49572e84fe55590eef31a88a08fdffd	full	full	synthetic	synthetic_sequence_0_based_half_open	f3f8703c3bf656daa3e3bdb773a7ae9bd603c28548a0bd1b72684eda34b13876	paper/ssw_cuda/corpus_manifest.tsv;paper/ssw_cuda/corpus_receipt.json	ssw_cuda_differential_corpus_tiny_exhaustive
pair	ssw_cuda_corpus_case_v1	tiny-ac-q10-r01	ssw_cuda_corpus_case_v1	tiny-ac-q10-r01	tiny-ac-q10-r01:query	tiny-ac-q10-r01:reference	084696b5b2f035fe1cafbccda422b6aa15b40d1d73bc98d7782beb4d83a5bc7f	6b23c0d5f35d1b11f9b683f0b0a617355deb11277d91ae091d399c655b87940d	full	full	synthetic	synthetic_sequence_0_based_half_open	f9408ccdac3411c4b8e3f298efa48c1ad7333891f5cf959f0194ecd250538df9	paper/ssw_cuda/corpus_manifest.tsv;paper/ssw_cuda/corpus_receipt.json	ssw_cuda_differential_corpus_tiny_exhaustive
pair	ssw_cuda_corpus_case_v1	tiny-ac-q10-r02	ssw_cuda_corpus_case_v1	tiny-ac-q10-r02	tiny-ac-q10-r02:query	tiny-ac-q10-r02:reference	084696b5b2f035fe1cafbccda422b6aa15b40d1d73bc98d7782beb4d83a5bc7f	58bb119c35513a451d24dc20ef0e9031ec85b35bfc919d263e7e5d9868909cb5	full	full	synthetic	synthetic_sequence_0_based_half_open	f42fd7d4c8ea9c54c130e74f7f220770d485b9d4d9127074b59c2923ec443587	paper/ssw_cuda/corpus_manifest.tsv;paper/ssw_cuda/corpus_receipt.json	ssw_cuda_differential_corpus_tiny_exhaustive
pair	ssw_cuda_corpus_case_v1	tiny-ac-q10-r03	ssw_cuda_corpus_case_v1	tiny-ac-q10-r03	tiny-ac-q10-r03:query	tiny-ac-q10-r03:reference	084696b5b2f035fe1cafbccda422b6aa15b40d1d73bc98d7782beb4d83a5bc7f	472e73d796e20aa8ff9059e6316f218e0322548f661ec4dc267507ed66317404	full	full	synthetic	synthetic_sequence_0_based_half_open	a9b396683c577b171c787a571d0c0ee795ee5998cf965f0308c4bcb214253b52	paper/ssw_cuda/corpus_manifest.tsv;paper/ssw_cuda/corpus_receipt.json	ssw_cuda_differential_corpus_tiny_exhaustive
pair	ssw_cuda_corpus_case_v1	tiny-ac-q10-r04	ssw_cuda_corpus_case_v1	tiny-ac-q10-r04	tiny-ac-q10-r04:query	tiny-ac-q10-r04:reference	084696b5b2f035fe1cafbccda422b6aa15b40d1d73bc98d7782beb4d83a5bc7f	4b650e5c4785025dee7bd65e3c5c527356717d7a1c0bfef5b4ada8ca1e9cbe17	full	full	synthetic	synthetic_sequence_0_based_half_open	999506322675b1d3f6226a6e2c2ef730b1b7e2856b96dd7ba00770fbc66ba06a	paper/ssw_cuda/corpus_manifest.tsv;paper/ssw_cuda/corpus_receipt.json	ssw_cuda_differential_corpus_tiny_exhaustive
pair	ssw_cuda_corpus_case_v1	tiny-ac-q10-r05	ssw_cuda_corpus_case_v1	tiny-ac-q10-r05	tiny-ac-q10-r05:query	tiny-ac-q10-r05:reference	084696b5b2f035fe1cafbccda422b6aa15b40d1d73bc98d7782beb4d83a5bc7f	a56362a10c816abf206d72cb914e2d5ca454eb9c7e744f88b1a1422c379e9942	full	full	synthetic	synthetic_sequence_0_based_half_open	541af4904a7b403cde10d36e13da488cc2d3d2b65acbdb44c8cc9a74fe641336	paper/ssw_cuda/corpus_manifest.tsv;paper/ssw_cuda/corpus_receipt.json	ssw_cuda_differential_corpus_tiny_exhaustive
pair	ssw_cuda_corpus_case_v1	tiny-ac-q10-r06	ssw_cuda_corpus_case_v1	tiny-ac-q10-r06	tiny-ac-q10-r06:query	tiny-ac-q10-r06:reference	084696b5b2f035fe1cafbccda422b6aa15b40d1d73bc98d7782beb4d83a5bc7f	cb1ad2119d8fafb69566510ee712661f9f14b83385006ef92aec47f523a38358	full	full	synthetic	synthetic_sequence_0_based_half_open	d9d0a2b8ac6b1d45c471a4e54fd5394cfcae65c5d6de8ac58ed736093c3c27c3	paper/ssw_cuda/corpus_manifest.tsv;paper/ssw_cuda/corpus_receipt.json	ssw_cuda_differential_corpus_tiny_exhaustive
pair	ssw_cuda_corpus_case_v1	tiny-ac-q10-r07	ssw_cuda_corpus_case_v1	tiny-ac-q10-r07	tiny-ac-q10-r07:query	tiny-ac-q10-r07:reference	084696b5b2f035fe1cafbccda422b6aa15b40d1d73bc98d7782beb4d83a5bc7f	d5ced0c0b64bf1582582acb55425f70c12991c397368a8bbad06bb0a5d2cfeb7	full	full	synthetic	synthetic_sequence_0_based_half_open	abaaec665475a747154438ed21500076fa06e45cec372874d394e3364987a39d	paper/ssw_cuda/corpus_manifest.tsv;paper/ssw_cuda/corpus_receipt.json	ssw_cuda_differential_corpus_tiny_exhaustive
pair	ssw_cuda_corpus_case_v1	tiny-ac-q10-r08	ssw_cuda_corpus_case_v1	tiny-ac-q10-r08	tiny-ac-q10-r08:query	tiny-ac-q10-r08:reference	084696b5b2f035fe1cafbccda422b6aa15b40d1d73bc98d7782beb4d83a5bc7f	b32062bf7b8bed45bc6c7bedfe1c093bf2d45c0b87973bab9e1ef4b85497f469	full	full	synthetic	synthetic_sequence_0_based_half_open	6b58014c57bd1f2183d962d403d8134765625b8be58413c685162aae57e62aab	paper/ssw_cuda/corpus_manifest.tsv;paper/ssw_cuda/corpus_receipt.json	ssw_cuda_differential_corpus_tiny_exhaustive
pair	ssw_cuda_corpus_case_v1	tiny-ac-q10-r09	ssw_cuda_corpus_case_v1	tiny-ac-q10-r09	tiny-ac-q10-r09:query	tiny-ac-q10-r09:reference	084696b5b2f035fe1cafbccda422b6aa15b40d1d73bc98d7782beb4d83a5bc7f	2dde6d03ddaa287e3ac95b4befe8f38e8766a35092fc01e47e28d86c7a29e412	full	full	synthetic	synthetic_sequence_0_based_half_open	d5ce798b253710518a03a0f2afc42928e7f8a8ed5ac181a7255c17fb35a0a8c4	paper/ssw_cuda/corpus_manifest.tsv;paper/ssw_cuda/corpus_receipt.json	ssw_cuda_differential_corpus_tiny_exhaustive
pair	ssw_cuda_corpus_case_v1	tiny-ac-q10-r10	ssw_cuda_corpus_case_v1	tiny-ac-q10-r10	tiny-ac-q10-r10:query	tiny-ac-q10-r10:reference	084696b5b2f035fe1cafbccda422b6aa15b40d1d73bc98d7782beb4d83a5bc7f	084696b5b2f035fe1cafbccda422b6aa15b40d1d73bc98d7782beb4d83a5bc7f	full	full	synthetic	synthetic_sequence_0_based_half_open	9992efe1299856150ac14d798067e038d9af15a12e942e3df0b2cafe19ba01c4	paper/ssw_cuda/corpus_manifest.tsv;paper/ssw_cuda/corpus_receipt.json	ssw_cuda_differential_corpus_tiny_exhaustive
pair	ssw_cuda_corpus_case_v1	tiny-ac-q10-r11	ssw_cuda_corpus_case_v1	tiny-ac-q10-r11	tiny-ac-q10-r11:query	tiny-ac-q10-r11:reference	084696b5b2f035fe1cafbccda422b6aa15b40d1d73bc98d7782beb4d83a5bc7f	803859f5b9d6d170d5714b2d798c8bf5fbc9bd1806f6c108ed02adc6e6116004	full	full	synthetic	synthetic_sequence_0_based_half_open	55aff1f98ccebcfde7021e0614eee79b7d158a43fda934f96316e8b54d643914	paper/ssw_cuda/corpus_manifest.tsv;paper/ssw_cuda/corpus_receipt.json	ssw_cuda_differential_corpus_tiny_exhaustive
pair	ssw_cuda_corpus_case_v1	tiny-ac-q10-r12	ssw_cuda_corpus_case_v1	tiny-ac-q10-r12	tiny-ac-q10-r12:query	tiny-ac-q10-r12:reference	084696b5b2f035fe1cafbccda422b6aa15b40d1d73bc98d7782beb4d83a5bc7f	89932f8285bde9d693a0691a3400ba249f0d5c1357fe157dae3254112e489143	full	full	synthetic	synthetic_sequence_0_based_half_open	649730cd5da48b6e33fc6668c579b187fc75e14137ef5e52166ac9b016ad7681	paper/ssw_cuda/corpus_manifest.tsv;paper/ssw_cuda/corpus_receipt.json	ssw_cuda_differential_corpus_tiny_exhaustive
pair	ssw_cuda_corpus_case_v1	tiny-ac-q10-r13	ssw_cuda_corpus_case_v1	tiny-ac-q10-r13	tiny-ac-q10-r13:query	tiny-ac-q10-r13:reference	084696b5b2f035fe1cafbccda422b6aa15b40d1d73bc98d7782beb4d83a5bc7f	8c55ff95a660f37cb05e644e7691e6c66593f453cb2cbaa4d64aa59b40ae8032	full	full	synthetic	synthetic_sequence_0_based_half_open	f58a334669ff584ccc1532b70aaf5b618aaadb0f02744a4cfa2ccc0e9b646b61	paper/ssw_cuda/corpus_manifest.tsv;paper/ssw_cuda/corpus_receipt.json	ssw_cuda_differential_corpus_tiny_exhaustive
pair	ssw_cuda_corpus_case_v1	tiny-ac-q11-r00	ssw_cuda_corpus_case_v1	tiny-ac-q11-r00	tiny-ac-q11-r00:query	tiny-ac-q11-r00:reference	803859f5b9d6d170d5714b2d798c8bf5fbc9bd1806f6c108ed02adc6e6116004	559aead08264d5795d3909718cdd05abd49572e84fe55590eef31a88a08fdffd	full	full	synthetic	synthetic_sequence_0_based_half_open	0f2ff483a5949b3bc0f97e97e92bb7c296c8e6c3201f1e023d9d2d8c366a489e	paper/ssw_cuda/corpus_manifest.tsv;paper/ssw_cuda/corpus_receipt.json	ssw_cuda_differential_corpus_tiny_exhaustive
pair	ssw_cuda_corpus_case_v1	tiny-ac-q11-r01	ssw_cuda_corpus_case_v1	tiny-ac-q11-r01	tiny-ac-q11-r01:query	tiny-ac-q11-r01:reference	803859f5b9d6d170d5714b2d798c8bf5fbc9bd1806f6c108ed02adc6e6116004	6b23c0d5f35d1b11f9b683f0b0a617355deb11277d91ae091d399c655b87940d	full	full	synthetic	synthetic_sequence_0_based_half_open	b0d93db116ab20f1072f8dca6ba1e5d445c8b17febcc5b49f52ca95fa066b385	paper/ssw_cuda/corpus_manifest.tsv;paper/ssw_cuda/corpus_receipt.json	ssw_cuda_differential_corpus_tiny_exhaustive
pair	ssw_cuda_corpus_case_v1	tiny-ac-q11-r02	ssw_cuda_corpus_case_v1	tiny-ac-q11-r02	tiny-ac-q11-r02:query	tiny-ac-q11-r02:reference	803859f5b9d6d170d5714b2d798c8bf5fbc9bd1806f6c108ed02adc6e6116004	58bb119c35513a451d24dc20ef0e9031ec85b35bfc919d263e7e5d9868909cb5	full	full	synthetic	synthetic_sequence_0_based_half_open	7b99ac40db01e4e2b3882b3452135029dba389169aafef9d78a75e35da6fe887	paper/ssw_cuda/corpus_manifest.tsv;paper/ssw_cuda/corpus_receipt.json	ssw_cuda_differential_corpus_tiny_exhaustive
pair	ssw_cuda_corpus_case_v1	tiny-ac-q11-r03	ssw_cuda_corpus_case_v1	tiny-ac-q11-r03	tiny-ac-q11-r03:query	tiny-ac-q11-r03:reference	803859f5b9d6d170d5714b2d798c8bf5fbc9bd1806f6c108ed02adc6e6116004	472e73d796e20aa8ff9059e6316f218e0322548f661ec4dc267507ed66317404	full	full	synthetic	synthetic_sequence_0_based_half_open	b0f31f70c97cf55afcb3a50de52b509a261b10e469c4dfd613edfe3da1c0cf21	paper/ssw_cuda/corpus_manifest.tsv;paper/ssw_cuda/corpus_receipt.json	ssw_cuda_differential_corpus_tiny_exhaustive
pair	ssw_cuda_corpus_case_v1	tiny-ac-q11-r04	ssw_cuda_corpus_case_v1	tiny-ac-q11-r04	tiny-ac-q11-r04:query	tiny-ac-q11-r04:reference	803859f5b9d6d170d5714b2d798c8bf5fbc9bd1806f6c108ed02adc6e6116004	4b650e5c4785025dee7bd65e3c5c527356717d7a1c0bfef5b4ada8ca1e9cbe17	full	full	synthetic	synthetic_sequence_0_based_half_open	5387db9fd8127b23bd8392ea1aa279338cfa5820a6e01e40ae2ecde863d56914	paper/ssw_cuda/corpus_manifest.tsv;paper/ssw_cuda/corpus_receipt.json	ssw_cuda_differential_corpus_tiny_exhaustive
pair	ssw_cuda_corpus_case_v1	tiny-ac-q11-r05	ssw_cuda_corpus_case_v1	tiny-ac-q11-r05	tiny-ac-q11-r05:query	tiny-ac-q11-r05:reference	803859f5b9d6d170d5714b2d798c8bf5fbc9bd1806f6c108ed02adc6e6116004	a56362a10c816abf206d72cb914e2d5ca454eb9c7e744f88b1a1422c379e9942	full	full	synthetic	synthetic_sequence_0_based_half_open	f768f3bf4db23635d233a9910e28cdc552394bf42e95fb34807ee0425c6f1944	paper/ssw_cuda/corpus_manifest.tsv;paper/ssw_cuda/corpus_receipt.json	ssw_cuda_differential_corpus_tiny_exhaustive
pair	ssw_cuda_corpus_case_v1	tiny-ac-q11-r06	ssw_cuda_corpus_case_v1	tiny-ac-q11-r06	tiny-ac-q11-r06:query	tiny-ac-q11-r06:reference	803859f5b9d6d170d5714b2d798c8bf5fbc9bd1806f6c108ed02adc6e6116004	cb1ad2119d8fafb69566510ee712661f9f14b83385006ef92aec47f523a38358	full	full	synthetic	synthetic_sequence_0_based_half_open	9b20381dcad2d84983ff0f99e5ac9a509d9d861583c7ae716fd167866634756a	paper/ssw_cuda/corpus_manifest.tsv;paper/ssw_cuda/corpus_receipt.json	ssw_cuda_differential_corpus_tiny_exhaustive
pair	ssw_cuda_corpus_case_v1	tiny-ac-q11-r07	ssw_cuda_corpus_case_v1	tiny-ac-q11-r07	tiny-ac-q11-r07:query	tiny-ac-q11-r07:reference	803859f5b9d6d170d5714b2d798c8bf5fbc9bd1806f6c108ed02adc6e6116004	d5ced0c0b64bf1582582acb55425f70c12991c397368a8bbad06bb0a5d2cfeb7	full	full	synthetic	synthetic_sequence_0_based_half_open	b895bdcaee7559c1cad1effc1cce318737d57561b0d0e488df0ccfea07a3df39	paper/ssw_cuda/corpus_manifest.tsv;paper/ssw_cuda/corpus_receipt.json	ssw_cuda_differential_corpus_tiny_exhaustive
pair	ssw_cuda_corpus_case_v1	tiny-ac-q11-r08	ssw_cuda_corpus_case_v1	tiny-ac-q11-r08	tiny-ac-q11-r08:query	tiny-ac-q11-r08:reference	803859f5b9d6d170d5714b2d798c8bf5fbc9bd1806f6c108ed02adc6e6116004	b32062bf7b8bed45bc6c7bedfe1c093bf2d45c0b87973bab9e1ef4b85497f469	full	full	synthetic	synthetic_sequence_0_based_half_open	83855c2dcc5d435ff4f132bf1b78c89db21a436d0fd8af33f05f5cfd67453f6c	paper/ssw_cuda/corpus_manifest.tsv;paper/ssw_cuda/corpus_receipt.json	ssw_cuda_differential_corpus_tiny_exhaustive
pair	ssw_cuda_corpus_case_v1	tiny-ac-q11-r09	ssw_cuda_corpus_case_v1	tiny-ac-q11-r09	tiny-ac-q11-r09:query	tiny-ac-q11-r09:reference	803859f5b9d6d170d5714b2d798c8bf5fbc9bd1806f6c108ed02adc6e6116004	2dde6d03ddaa287e3ac95b4befe8f38e8766a35092fc01e47e28d86c7a29e412	full	full	synthetic	synthetic_sequence_0_based_half_open	c862c2239347bcbb0079a5a6d98c97703b22dda521bc1a167f6a03e824b96188	paper/ssw_cuda/corpus_manifest.tsv;paper/ssw_cuda/corpus_receipt.json	ssw_cuda_differential_corpus_tiny_exhaustive
pair	ssw_cuda_corpus_case_v1	tiny-ac-q11-r10	ssw_cuda_corpus_case_v1	tiny-ac-q11-r10	tiny-ac-q11-r10:query	tiny-ac-q11-r10:reference	803859f5b9d6d170d5714b2d798c8bf5fbc9bd1806f6c108ed02adc6e6116004	084696b5b2f035fe1cafbccda422b6aa15b40d1d73bc98d7782beb4d83a5bc7f	full	full	synthetic	synthetic_sequence_0_based_half_open	9a03b9cd6c07f7edd3bd37b517d32472b8ac99fc7280758eba18867f7f037a90	paper/ssw_cuda/corpus_manifest.tsv;paper/ssw_cuda/corpus_receipt.json	ssw_cuda_differential_corpus_tiny_exhaustive
pair	ssw_cuda_corpus_case_v1	tiny-ac-q11-r11	ssw_cuda_corpus_case_v1	tiny-ac-q11-r11	tiny-ac-q11-r11:query	tiny-ac-q11-r11:reference	803859f5b9d6d170d5714b2d798c8bf5fbc9bd1806f6c108ed02adc6e6116004	803859f5b9d6d170d5714b2d798c8bf5fbc9bd1806f6c108ed02adc6e6116004	full	full	synthetic	synthetic_sequence_0_based_half_open	c896f2473f2c1480cd4f67ce7fe7e1cdcb8cd0ae81f849d19d7c6c6c6afa90e6	paper/ssw_cuda/corpus_manifest.tsv;paper/ssw_cuda/corpus_receipt.json	ssw_cuda_differential_corpus_tiny_exhaustive
pair	ssw_cuda_corpus_case_v1	tiny-ac-q11-r12	ssw_cuda_corpus_case_v1	tiny-ac-q11-r12	tiny-ac-q11-r12:query	tiny-ac-q11-r12:reference	803859f5b9d6d170d5714b2d798c8bf5fbc9bd1806f6c108ed02adc6e6116004	89932f8285bde9d693a0691a3400ba249f0d5c1357fe157dae3254112e489143	full	full	synthetic	synthetic_sequence_0_based_half_open	57081421dd744baaea1833ed098b5f1052a26ff6260eac85eb0e0903291cbb7e	paper/ssw_cuda/corpus_manifest.tsv;paper/ssw_cuda/corpus_receipt.json	ssw_cuda_differential_corpus_tiny_exhaustive
pair	ssw_cuda_corpus_case_v1	tiny-ac-q11-r13	ssw_cuda_corpus_case_v1	tiny-ac-q11-r13	tiny-ac-q11-r13:query	tiny-ac-q11-r13:reference	803859f5b9d6d170d5714b2d798c8bf5fbc9bd1806f6c108ed02adc6e6116004	8c55ff95a660f37cb05e644e7691e6c66593f453cb2cbaa4d64aa59b40ae8032	full	full	synthetic	synthetic_sequence_0_based_half_open	044055427836ed5b71740f964457fa7a1fead664356d6edf791bba4f53b3d820	paper/ssw_cuda/corpus_manifest.tsv;paper/ssw_cuda/corpus_receipt.json	ssw_cuda_differential_corpus_tiny_exhaustive
pair	ssw_cuda_corpus_case_v1	tiny-ac-q12-r00	ssw_cuda_corpus_case_v1	tiny-ac-q12-r00	tiny-ac-q12-r00:query	tiny-ac-q12-r00:reference	89932f8285bde9d693a0691a3400ba249f0d5c1357fe157dae3254112e489143	559aead08264d5795d3909718cdd05abd49572e84fe55590eef31a88a08fdffd	full	full	synthetic	synthetic_sequence_0_based_half_open	aa7237efdf095e2c7f5209cce239f23b2f31b4c2eceb0d5650131b28f92a60b7	paper/ssw_cuda/corpus_manifest.tsv;paper/ssw_cuda/corpus_receipt.json	ssw_cuda_differential_corpus_tiny_exhaustive
pair	ssw_cuda_corpus_case_v1	tiny-ac-q12-r01	ssw_cuda_corpus_case_v1	tiny-ac-q12-r01	tiny-ac-q12-r01:query	tiny-ac-q12-r01:reference	89932f8285bde9d693a0691a3400ba249f0d5c1357fe157dae3254112e489143	6b23c0d5f35d1b11f9b683f0b0a617355deb11277d91ae091d399c655b87940d	full	full	synthetic	synthetic_sequence_0_based_half_open	0138be8c308731266c012022d8e0bd37136b6f650ff397cfef3b894f3b5d30a5	paper/ssw_cuda/corpus_manifest.tsv;paper/ssw_cuda/corpus_receipt.json	ssw_cuda_differential_corpus_tiny_exhaustive
pair	ssw_cuda_corpus_case_v1	tiny-ac-q12-r02	ssw_cuda_corpus_case_v1	tiny-ac-q12-r02	tiny-ac-q12-r02:query	tiny-ac-q12-r02:reference	89932f8285bde9d693a0691a3400ba249f0d5c1357fe157dae3254112e489143	58bb119c35513a451d24dc20ef0e9031ec85b35bfc919d263e7e5d9868909cb5	full	full	synthetic	synthetic_sequence_0_based_half_open	db8c7b0cc975cb0f54830daf7ad7fe7bee5bc3d9112065810c250ea4429a4a08	paper/ssw_cuda/corpus_manifest.tsv;paper/ssw_cuda/corpus_receipt.json	ssw_cuda_differential_corpus_tiny_exhaustive
pair	ssw_cuda_corpus_case_v1	tiny-ac-q12-r03	ssw_cuda_corpus_case_v1	tiny-ac-q12-r03	tiny-ac-q12-r03:query	tiny-ac-q12-r03:reference	89932f8285bde9d693a0691a3400ba249f0d5c1357fe157dae3254112e489143	472e73d796e20aa8ff9059e6316f218e0322548f661ec4dc267507ed66317404	full	full	synthetic	synthetic_sequence_0_based_half_open	8cffc138ddc680806da9a04dda469995e8caeba83fafaee37876dffc350ed601	paper/ssw_cuda/corpus_manifest.tsv;paper/ssw_cuda/corpus_receipt.json	ssw_cuda_differential_corpus_tiny_exhaustive
pair	ssw_cuda_corpus_case_v1	tiny-ac-q12-r04	ssw_cuda_corpus_case_v1	tiny-ac-q12-r04	tiny-ac-q12-r04:query	tiny-ac-q12-r04:reference	89932f8285bde9d693a0691a3400ba249f0d5c1357fe157dae3254112e489143	4b650e5c4785025dee7bd65e3c5c527356717d7a1c0bfef5b4ada8ca1e9cbe17	full	full	synthetic	synthetic_sequence_0_based_half_open	92f03b05678ac39da4a806c5404990a80a37e62df9f78059fe48bbd40153ca12	paper/ssw_cuda/corpus_manifest.tsv;paper/ssw_cuda/corpus_receipt.json	ssw_cuda_differential_corpus_tiny_exhaustive
pair	ssw_cuda_corpus_case_v1	tiny-ac-q12-r05	ssw_cuda_corpus_case_v1	tiny-ac-q12-r05	tiny-ac-q12-r05:query	tiny-ac-q12-r05:reference	89932f8285bde9d693a0691a3400ba249f0d5c1357fe157dae3254112e489143	a56362a10c816abf206d72cb914e2d5ca454eb9c7e744f88b1a1422c379e9942	full	full	synthetic	synthetic_sequence_0_based_half_open	7fb923b0ef22d2f698f8c8d0fd9afbd64edd289b672a59316aebd8992d256310	paper/ssw_cuda/corpus_manifest.tsv;paper/ssw_cuda/corpus_receipt.json	ssw_cuda_differential_corpus_tiny_exhaustive
pair	ssw_cuda_corpus_case_v1	tiny-ac-q12-r06	ssw_cuda_corpus_case_v1	tiny-ac-q12-r06	tiny-ac-q12-r06:query	tiny-ac-q12-r06:reference	89932f8285bde9d693a0691a3400ba249f0d5c1357fe157dae3254112e489143	cb1ad2119d8fafb69566510ee712661f9f14b83385006ef92aec47f523a38358	full	full	synthetic	synthetic_sequence_0_based_half_open	741624020ac9c3321cf8065a43a2d951a0a3c23ab40c40214c0974b00c03de3e	paper/ssw_cuda/corpus_manifest.tsv;paper/ssw_cuda/corpus_receipt.json	ssw_cuda_differential_corpus_tiny_exhaustive
pair	ssw_cuda_corpus_case_v1	tiny-ac-q12-r07	ssw_cuda_corpus_case_v1	tiny-ac-q12-r07	tiny-ac-q12-r07:query	tiny-ac-q12-r07:reference	89932f8285bde9d693a0691a3400ba249f0d5c1357fe157dae3254112e489143	d5ced0c0b64bf1582582acb55425f70c12991c397368a8bbad06bb0a5d2cfeb7	full	full	synthetic	synthetic_sequence_0_based_half_open	72b379b36f51fb33e6a3a8762e70dc404dfaf473bc7ab757db5abb63a83a75ae	paper/ssw_cuda/corpus_manifest.tsv;paper/ssw_cuda/corpus_receipt.json	ssw_cuda_differential_corpus_tiny_exhaustive
pair	ssw_cuda_corpus_case_v1	tiny-ac-q12-r08	ssw_cuda_corpus_case_v1	tiny-ac-q12-r08	tiny-ac-q12-r08:query	tiny-ac-q12-r08:reference	89932f8285bde9d693a0691a3400ba249f0d5c1357fe157dae3254112e489143	b32062bf7b8bed45bc6c7bedfe1c093bf2d45c0b87973bab9e1ef4b85497f469	full	full	synthetic	synthetic_sequence_0_based_half_open	25690b8dbaff62b9a8dfa6c8ff76fec4c425642c1658699be1d41bda8d6dd13b	paper/ssw_cuda/corpus_manifest.tsv;paper/ssw_cuda/corpus_receipt.json	ssw_cuda_differential_corpus_tiny_exhaustive
pair	ssw_cuda_corpus_case_v1	tiny-ac-q12-r09	ssw_cuda_corpus_case_v1	tiny-ac-q12-r09	tiny-ac-q12-r09:query	tiny-ac-q12-r09:reference	89932f8285bde9d693a0691a3400ba249f0d5c1357fe157dae3254112e489143	2dde6d03ddaa287e3ac95b4befe8f38e8766a35092fc01e47e28d86c7a29e412	full	full	synthetic	synthetic_sequence_0_based_half_open	842a6e35f2ca418231aaa2c62510c0369666f1648561acb4469750c6db4529d1	paper/ssw_cuda/corpus_manifest.tsv;paper/ssw_cuda/corpus_receipt.json	ssw_cuda_differential_corpus_tiny_exhaustive
pair	ssw_cuda_corpus_case_v1	tiny-ac-q12-r10	ssw_cuda_corpus_case_v1	tiny-ac-q12-r10	tiny-ac-q12-r10:query	tiny-ac-q12-r10:reference	89932f8285bde9d693a0691a3400ba249f0d5c1357fe157dae3254112e489143	084696b5b2f035fe1cafbccda422b6aa15b40d1d73bc98d7782beb4d83a5bc7f	full	full	synthetic	synthetic_sequence_0_based_half_open	06b5bce7324bd399d7d44a847689545b0866f55f7479c1c63f649885df0bfba7	paper/ssw_cuda/corpus_manifest.tsv;paper/ssw_cuda/corpus_receipt.json	ssw_cuda_differential_corpus_tiny_exhaustive
pair	ssw_cuda_corpus_case_v1	tiny-ac-q12-r11	ssw_cuda_corpus_case_v1	tiny-ac-q12-r11	tiny-ac-q12-r11:query	tiny-ac-q12-r11:reference	89932f8285bde9d693a0691a3400ba249f0d5c1357fe157dae3254112e489143	803859f5b9d6d170d5714b2d798c8bf5fbc9bd1806f6c108ed02adc6e6116004	full	full	synthetic	synthetic_sequence_0_based_half_open	d690d2bc7bab3383e133685910652effbbf9f8cacce6f177c9a3516e3a53e6ec	paper/ssw_cuda/corpus_manifest.tsv;paper/ssw_cuda/corpus_receipt.json	ssw_cuda_differential_corpus_tiny_exhaustive
pair	ssw_cuda_corpus_case_v1	tiny-ac-q12-r12	ssw_cuda_corpus_case_v1	tiny-ac-q12-r12	tiny-ac-q12-r12:query	tiny-ac-q12-r12:reference	89932f8285bde9d693a0691a3400ba249f0d5c1357fe157dae3254112e489143	89932f8285bde9d693a0691a3400ba249f0d5c1357fe157dae3254112e489143	full	full	synthetic	synthetic_sequence_0_based_half_open	b4be9297867aa8a6510dd164d73792c5cd21fac6611a6ce7fafeae783e5297a5	paper/ssw_cuda/corpus_manifest.tsv;paper/ssw_cuda/corpus_receipt.json	ssw_cuda_differential_corpus_tiny_exhaustive
pair	ssw_cuda_corpus_case_v1	tiny-ac-q12-r13	ssw_cuda_corpus_case_v1	tiny-ac-q12-r13	tiny-ac-q12-r13:query	tiny-ac-q12-r13:reference	89932f8285bde9d693a0691a3400ba249f0d5c1357fe157dae3254112e489143	8c55ff95a660f37cb05e644e7691e6c66593f453cb2cbaa4d64aa59b40ae8032	full	full	synthetic	synthetic_sequence_0_based_half_open	fb0be8343a76d5c44f85c5bc54421200376cd7bf3f9b8f69436938a1389eba99	paper/ssw_cuda/corpus_manifest.tsv;paper/ssw_cuda/corpus_receipt.json	ssw_cuda_differential_corpus_tiny_exhaustive
pair	ssw_cuda_corpus_case_v1	tiny-ac-q13-r00	ssw_cuda_corpus_case_v1	tiny-ac-q13-r00	tiny-ac-q13-r00:query	tiny-ac-q13-r00:reference	8c55ff95a660f37cb05e644e7691e6c66593f453cb2cbaa4d64aa59b40ae8032	559aead08264d5795d3909718cdd05abd49572e84fe55590eef31a88a08fdffd	full	full	synthetic	synthetic_sequence_0_based_half_open	10b20ed746c56af6b53b6562154276165267d6d12c9a0a357b08996e43987727	paper/ssw_cuda/corpus_manifest.tsv;paper/ssw_cuda/corpus_receipt.json	ssw_cuda_differential_corpus_tiny_exhaustive
pair	ssw_cuda_corpus_case_v1	tiny-ac-q13-r01	ssw_cuda_corpus_case_v1	tiny-ac-q13-r01	tiny-ac-q13-r01:query	tiny-ac-q13-r01:reference	8c55ff95a660f37cb05e644e7691e6c66593f453cb2cbaa4d64aa59b40ae8032	6b23c0d5f35d1b11f9b683f0b0a617355deb11277d91ae091d399c655b87940d	full	full	synthetic	synthetic_sequence_0_based_half_open	9c64cc38850c449d8d1ff2c44e1274ff2d58e3411f08304c802d52e84bf150ae	paper/ssw_cuda/corpus_manifest.tsv;paper/ssw_cuda/corpus_receipt.json	ssw_cuda_differential_corpus_tiny_exhaustive
pair	ssw_cuda_corpus_case_v1	tiny-ac-q13-r02	ssw_cuda_corpus_case_v1	tiny-ac-q13-r02	tiny-ac-q13-r02:query	tiny-ac-q13-r02:reference	8c55ff95a660f37cb05e644e7691e6c66593f453cb2cbaa4d64aa59b40ae8032	58bb119c35513a451d24dc20ef0e9031ec85b35bfc919d263e7e5d9868909cb5	full	full	synthetic	synthetic_sequence_0_based_half_open	8516c9acf4ff53e21799eae62d51ccf4d78c75e29ace606359309f655890c2da	paper/ssw_cuda/corpus_manifest.tsv;paper/ssw_cuda/corpus_receipt.json	ssw_cuda_differential_corpus_tiny_exhaustive
pair	ssw_cuda_corpus_case_v1	tiny-ac-q13-r03	ssw_cuda_corpus_case_v1	tiny-ac-q13-r03	tiny-ac-q13-r03:query	tiny-ac-q13-r03:reference	8c55ff95a660f37cb05e644e7691e6c66593f453cb2cbaa4d64aa59b40ae8032	472e73d796e20aa8ff9059e6316f218e0322548f661ec4dc267507ed66317404	full	full	synthetic	synthetic_sequence_0_based_half_open	b8ee3e092e60dbdc56207e86a40f503ac6691fe904de1eead3dec71eed1c236a	paper/ssw_cuda/corpus_manifest.tsv;paper/ssw_cuda/corpus_receipt.json	ssw_cuda_differential_corpus_tiny_exhaustive
pair	ssw_cuda_corpus_case_v1	tiny-ac-q13-r04	ssw_cuda_corpus_case_v1	tiny-ac-q13-r04	tiny-ac-q13-r04:query	tiny-ac-q13-r04:reference	8c55ff95a660f37cb05e644e7691e6c66593f453cb2cbaa4d64aa59b40ae8032	4b650e5c4785025dee7bd65e3c5c527356717d7a1c0bfef5b4ada8ca1e9cbe17	full	full	synthetic	synthetic_sequence_0_based_half_open	1ae865ccae934292d750acf687a0e242050e6b24303584cd7fbd9df78885f566	paper/ssw_cuda/corpus_manifest.tsv;paper/ssw_cuda/corpus_receipt.json	ssw_cuda_differential_corpus_tiny_exhaustive
pair	ssw_cuda_corpus_case_v1	tiny-ac-q13-r05	ssw_cuda_corpus_case_v1	tiny-ac-q13-r05	tiny-ac-q13-r05:query	tiny-ac-q13-r05:reference	8c55ff95a660f37cb05e644e7691e6c66593f453cb2cbaa4d64aa59b40ae8032	a56362a10c816abf206d72cb914e2d5ca454eb9c7e744f88b1a1422c379e9942	full	full	synthetic	synthetic_sequence_0_based_half_open	0490a89fa8d60d3c587fb24b3a7a973f9c0e93f6a7deb88486b4a1841836e928	paper/ssw_cuda/corpus_manifest.tsv;paper/ssw_cuda/corpus_receipt.json	ssw_cuda_differential_corpus_tiny_exhaustive
pair	ssw_cuda_corpus_case_v1	tiny-ac-q13-r06	ssw_cuda_corpus_case_v1	tiny-ac-q13-r06	tiny-ac-q13-r06:query	tiny-ac-q13-r06:reference	8c55ff95a660f37cb05e644e7691e6c66593f453cb2cbaa4d64aa59b40ae8032	cb1ad2119d8fafb69566510ee712661f9f14b83385006ef92aec47f523a38358	full	full	synthetic	synthetic_sequence_0_based_half_open	fa5009d3ad831dff963ea10df59512aac43917ba364dd5d9c795ed4949af4860	paper/ssw_cuda/corpus_manifest.tsv;paper/ssw_cuda/corpus_receipt.json	ssw_cuda_differential_corpus_tiny_exhaustive
pair	ssw_cuda_corpus_case_v1	tiny-ac-q13-r07	ssw_cuda_corpus_case_v1	tiny-ac-q13-r07	tiny-ac-q13-r07:query	tiny-ac-q13-r07:reference	8c55ff95a660f37cb05e644e7691e6c66593f453cb2cbaa4d64aa59b40ae8032	d5ced0c0b64bf1582582acb55425f70c12991c397368a8bbad06bb0a5d2cfeb7	full	full	synthetic	synthetic_sequence_0_based_half_open	5d6458a437713d4742fe7dfeeb5949007c8cd569d2e3e2171417e349ce3289ee	paper/ssw_cuda/corpus_manifest.tsv;paper/ssw_cuda/corpus_receipt.json	ssw_cuda_differential_corpus_tiny_exhaustive
pair	ssw_cuda_corpus_case_v1	tiny-ac-q13-r08	ssw_cuda_corpus_case_v1	tiny-ac-q13-r08	tiny-ac-q13-r08:query	tiny-ac-q13-r08:reference	8c55ff95a660f37cb05e644e7691e6c66593f453cb2cbaa4d64aa59b40ae8032	b32062bf7b8bed45bc6c7bedfe1c093bf2d45c0b87973bab9e1ef4b85497f469	full	full	synthetic	synthetic_sequence_0_based_half_open	6ef54a751772a239d9ffd8e216d7c7ff6310f26c2e33055f591eee3e0a926cfc	paper/ssw_cuda/corpus_manifest.tsv;paper/ssw_cuda/corpus_receipt.json	ssw_cuda_differential_corpus_tiny_exhaustive
pair	ssw_cuda_corpus_case_v1	tiny-ac-q13-r09	ssw_cuda_corpus_case_v1	tiny-ac-q13-r09	tiny-ac-q13-r09:query	tiny-ac-q13-r09:reference	8c55ff95a660f37cb05e644e7691e6c66593f453cb2cbaa4d64aa59b40ae8032	2dde6d03ddaa287e3ac95b4befe8f38e8766a35092fc01e47e28d86c7a29e412	full	full	synthetic	synthetic_sequence_0_based_half_open	774a23bbcdb05e31f6db8d273c0e70ae0c362019205c7cde620f585d27643adb	paper/ssw_cuda/corpus_manifest.tsv;paper/ssw_cuda/corpus_receipt.json	ssw_cuda_differential_corpus_tiny_exhaustive
pair	ssw_cuda_corpus_case_v1	tiny-ac-q13-r10	ssw_cuda_corpus_case_v1	tiny-ac-q13-r10	tiny-ac-q13-r10:query	tiny-ac-q13-r10:reference	8c55ff95a660f37cb05e644e7691e6c66593f453cb2cbaa4d64aa59b40ae8032	084696b5b2f035fe1cafbccda422b6aa15b40d1d73bc98d7782beb4d83a5bc7f	full	full	synthetic	synthetic_sequence_0_based_half_open	c235c2464a11c005c59051b75892b080a535df3608bf6aa6dafc19a5091f6936	paper/ssw_cuda/corpus_manifest.tsv;paper/ssw_cuda/corpus_receipt.json	ssw_cuda_differential_corpus_tiny_exhaustive
pair	ssw_cuda_corpus_case_v1	tiny-ac-q13-r11	ssw_cuda_corpus_case_v1	tiny-ac-q13-r11	tiny-ac-q13-r11:query	tiny-ac-q13-r11:reference	8c55ff95a660f37cb05e644e7691e6c66593f453cb2cbaa4d64aa59b40ae8032	803859f5b9d6d170d5714b2d798c8bf5fbc9bd1806f6c108ed02adc6e6116004	full	full	synthetic	synthetic_sequence_0_based_half_open	1024694a811cfcc117904c7fac07a7e5816ec22728330c5dc244f85f363505f5	paper/ssw_cuda/corpus_manifest.tsv;paper/ssw_cuda/corpus_receipt.json	ssw_cuda_differential_corpus_tiny_exhaustive
pair	ssw_cuda_corpus_case_v1	tiny-ac-q13-r12	ssw_cuda_corpus_case_v1	tiny-ac-q13-r12	tiny-ac-q13-r12:query	tiny-ac-q13-r12:reference	8c55ff95a660f37cb05e644e7691e6c66593f453cb2cbaa4d64aa59b40ae8032	89932f8285bde9d693a0691a3400ba249f0d5c1357fe157dae3254112e489143	full	full	synthetic	synthetic_sequence_0_based_half_open	f051649ef953ba44383d2b7cb4aced4620c2ec14f7dc7983f043973e6ea6b39b	paper/ssw_cuda/corpus_manifest.tsv;paper/ssw_cuda/corpus_receipt.json	ssw_cuda_differential_corpus_tiny_exhaustive
pair	ssw_cuda_corpus_case_v1	tiny-ac-q13-r13	ssw_cuda_corpus_case_v1	tiny-ac-q13-r13	tiny-ac-q13-r13:query	tiny-ac-q13-r13:reference	8c55ff95a660f37cb05e644e7691e6c66593f453cb2cbaa4d64aa59b40ae8032	8c55ff95a660f37cb05e644e7691e6c66593f453cb2cbaa4d64aa59b40ae8032	full	full	synthetic	synthetic_sequence_0_based_half_open	3f7c5fabfda7d62ea01ca3d3d9ff6aee1f99eac85c9e28e054465c9400aec500	paper/ssw_cuda/corpus_manifest.tsv;paper/ssw_cuda/corpus_receipt.json	ssw_cuda_differential_corpus_tiny_exhaustive
query_only	historical_development	NA	NA	NA	g10-g12	NA	1e42d7918595347e60b0db307157cfec7e7311b2938aad4533ef3ff25fb20fd7	NA	as_recorded	NA	NA	NA	NA	paper/bioinformatics/development_query_exclusions.tsv	historical_development_query
query_only	historical_development	NA	NA	NA	g07	NA	1fae4a9b32a7512568f1774dbeb2ed974ebe0b153e3bc4e809f5e756cb42816b	NA	as_recorded	NA	NA	NA	NA	paper/bioinformatics/development_query_exclusions.tsv	historical_development_query
query_only	historical_development	NA	NA	NA	g01	NA	20ad7cfcfb6ac1133cdbe9171227845d00bac1910b126d168dbb0a336aff6785	NA	as_recorded	NA	NA	NA	NA	paper/bioinformatics/development_query_exclusions.tsv	historical_development_query
query_only	historical_development	NA	NA	NA	g05	NA	5520cd65a2d47eafec7ebd959cccda5e35bc6ca039bc798eebb6f61c5779e460	NA	as_recorded	NA	NA	NA	NA	paper/bioinformatics/development_query_exclusions.tsv	historical_development_query
query_only	historical_development	NA	NA	NA	g08	NA	8cb66a50fee868d7f54fc2a9d80d21ed66c7ef43ef5313b744d0ba908e1592aa	NA	as_recorded	NA	NA	NA	NA	paper/bioinformatics/development_query_exclusions.tsv	historical_development_query
query_only	historical_development	NA	NA	NA	g03	NA	980a17b15fa176766a43e2165396b763755c295539df773b5cd04448bf7e8a43	NA	as_recorded	NA	NA	NA	NA	paper/bioinformatics/development_query_exclusions.tsv	historical_development_query
query_only	historical_development	NA	NA	NA	g09	NA	a5a3608f18f4983f0c19f0bb3e393d20c9f6268c84dd137ec31a628827448190	NA	as_recorded	NA	NA	NA	NA	paper/bioinformatics/development_query_exclusions.tsv	historical_development_query
query_only	historical_development	NA	NA	NA	g06	NA	ac765d5fc312a1172951a694ec844f61420c7f011b6c6924ae6db38990f0a911	NA	as_recorded	NA	NA	NA	NA	paper/bioinformatics/development_query_exclusions.tsv	historical_development_query
query_only	historical_development	NA	NA	NA	g04	NA	ef19c282d5ceb65b2b231bf516633a83b8d3285b5cdf3e1b9f447c7af2163aeb	NA	as_recorded	NA	NA	NA	NA	paper/bioinformatics/development_query_exclusions.tsv	historical_development_query
query_only	historical_development	NA	NA	NA	g02	NA	f05ed0b780d5b7ab4b02948049e113eeb918eec89055bab890a0276d82560356	NA	as_recorded	NA	NA	NA	NA	paper/bioinformatics/development_query_exclusions.tsv	historical_development_query
query_only	historical_development	NA	NA	NA	g13	NA	fd793e663aa9636bb1b3ca2219effb1eab7a3570f436f62292da095a271095ab	NA	as_recorded	NA	NA	NA	NA	paper/bioinformatics/development_query_exclusions.tsv	historical_development_query
query_only	phase3_application_role_ordinal	1	NA	NA	aq001	NA	7163c0799ec5a83c190214eb3392810faa6372a5f6f968517eb73f74f289009f	NA	full	NA	GRCh38	GENCODE_v49_transcript_sequence	NA	paper/bioinformatics/application_manifest.tsv;paper/bioinformatics/application_selection.json	phase3_v1_preregistered_application_universe
query_only	phase3_application_role_ordinal	10	NA	NA	aq010	NA	2d07dac2e1f026644270254400984267aed9aa25a74cc90d2cedfbc7a0eb839c	NA	full	NA	GRCh38	GENCODE_v49_transcript_sequence	NA	paper/bioinformatics/application_manifest.tsv;paper/bioinformatics/application_selection.json	phase3_v1_preregistered_application_universe
query_only	phase3_application_role_ordinal	11	NA	NA	aq011	NA	3e65c24518ac12272c54437969872a75aa37829841c1e8632b43dde78dc3caac	NA	full	NA	GRCh38	GENCODE_v49_transcript_sequence	NA	paper/bioinformatics/application_manifest.tsv;paper/bioinformatics/application_selection.json	phase3_v1_preregistered_application_universe
query_only	phase3_application_role_ordinal	12	NA	NA	aq012	NA	32b0f13229fae00dad3f8714d0a4f5c77b29fafaa3720d82c998a3b48a660b82	NA	full	NA	GRCh38	GENCODE_v49_transcript_sequence	NA	paper/bioinformatics/application_manifest.tsv;paper/bioinformatics/application_selection.json	phase3_v1_preregistered_application_universe
query_only	phase3_application_role_ordinal	13	NA	NA	aq013	NA	612c111c8ad7d21f921442739cdcc9c3a0424b660d57dd4701507741515df1a6	NA	full	NA	GRCh38	GENCODE_v49_transcript_sequence	NA	paper/bioinformatics/application_manifest.tsv;paper/bioinformatics/application_selection.json	phase3_v1_preregistered_application_universe
query_only	phase3_application_role_ordinal	14	NA	NA	aq014	NA	9cd73ba9bb956118008456f67fd19d3c2f640c5ac6816baf6f315da3ab1d78db	NA	full	NA	GRCh38	GENCODE_v49_transcript_sequence	NA	paper/bioinformatics/application_manifest.tsv;paper/bioinformatics/application_selection.json	phase3_v1_preregistered_application_universe
query_only	phase3_application_role_ordinal	15	NA	NA	aq015	NA	581a4b0990cb530031015db8c2a0c91dbd99b150aa5c699c7de8df7c32297214	NA	full	NA	GRCh38	GENCODE_v49_transcript_sequence	NA	paper/bioinformatics/application_manifest.tsv;paper/bioinformatics/application_selection.json	phase3_v1_preregistered_application_universe
query_only	phase3_application_role_ordinal	16	NA	NA	aq016	NA	4efedde4de5b4bb436d3d639b91015003982ed33f2ee0a537a0e5bcd199a9c76	NA	full	NA	GRCh38	GENCODE_v49_transcript_sequence	NA	paper/bioinformatics/application_manifest.tsv;paper/bioinformatics/application_selection.json	phase3_v1_preregistered_application_universe
query_only	phase3_application_role_ordinal	17	NA	NA	aq017	NA	84253f9cbf74e2f0cf13bc83b9ea588baa5ffc68f051f41a85b49b6ba06cd530	NA	full	NA	GRCh38	GENCODE_v49_transcript_sequence	NA	paper/bioinformatics/application_manifest.tsv;paper/bioinformatics/application_selection.json	phase3_v1_preregistered_application_universe
query_only	phase3_application_role_ordinal	18	NA	NA	aq018	NA	07ae97064a400ee56c62101571217354e114d7ec45a74e79d401c993e4d467ae	NA	full	NA	GRCh38	GENCODE_v49_transcript_sequence	NA	paper/bioinformatics/application_manifest.tsv;paper/bioinformatics/application_selection.json	phase3_v1_preregistered_application_universe
query_only	phase3_application_role_ordinal	19	NA	NA	aq019	NA	20c129725ac1ca8541557cb35a39460f71e46ab6d76dce1fad9c9d1afc957562	NA	full	NA	GRCh38	GENCODE_v49_transcript_sequence	NA	paper/bioinformatics/application_manifest.tsv;paper/bioinformatics/application_selection.json	phase3_v1_preregistered_application_universe
query_only	phase3_application_role_ordinal	2	NA	NA	aq002	NA	13a9f9a62dd310b3d76584ddcb4c6ae9aeb168220d3ebdbdc4ca01dfa30a7d44	NA	full	NA	GRCh38	GENCODE_v49_transcript_sequence	NA	paper/bioinformatics/application_manifest.tsv;paper/bioinformatics/application_selection.json	phase3_v1_preregistered_application_universe
query_only	phase3_application_role_ordinal	20	NA	NA	aq020	NA	4ad571f755e8f9d8df8a9c6b199171c69c804ea0a060147bc38dddbc35c56815	NA	full	NA	GRCh38	GENCODE_v49_transcript_sequence	NA	paper/bioinformatics/application_manifest.tsv;paper/bioinformatics/application_selection.json	phase3_v1_preregistered_application_universe
query_only	phase3_application_role_ordinal	21	NA	NA	aq021	NA	595f0d9503a9d3259199289f61f629719285d7b110e6a5d70a3a56f1485d49f0	NA	full	NA	GRCh38	GENCODE_v49_transcript_sequence	NA	paper/bioinformatics/application_manifest.tsv;paper/bioinformatics/application_selection.json	phase3_v1_preregistered_application_universe
query_only	phase3_application_role_ordinal	22	NA	NA	aq022	NA	6a964af570a2001a9aa3863ea54d2c31e96fec2149302ec18fa00dc0b4a64e09	NA	full	NA	GRCh38	GENCODE_v49_transcript_sequence	NA	paper/bioinformatics/application_manifest.tsv;paper/bioinformatics/application_selection.json	phase3_v1_preregistered_application_universe
query_only	phase3_application_role_ordinal	23	NA	NA	aq023	NA	4ff42d203e012a661dab39be1cac3ab3586e3b8164f1498ff239f1eda186f7ac	NA	full	NA	GRCh38	GENCODE_v49_transcript_sequence	NA	paper/bioinformatics/application_manifest.tsv;paper/bioinformatics/application_selection.json	phase3_v1_preregistered_application_universe
query_only	phase3_application_role_ordinal	24	NA	NA	aq024	NA	35e4014c5d3cc9dcf1688943a760b01c05bfc3b0270b8bc9147dcfbaaa150bc6	NA	full	NA	GRCh38	GENCODE_v49_transcript_sequence	NA	paper/bioinformatics/application_manifest.tsv;paper/bioinformatics/application_selection.json	phase3_v1_preregistered_application_universe
query_only	phase3_application_role_ordinal	25	NA	NA	aq025	NA	2d04b7adfd538e04bf99cf5081e8a62cf88ca00d4209155204af2cf96c49fe73	NA	full	NA	GRCh38	GENCODE_v49_transcript_sequence	NA	paper/bioinformatics/application_manifest.tsv;paper/bioinformatics/application_selection.json	phase3_v1_preregistered_application_universe
query_only	phase3_application_role_ordinal	26	NA	NA	aq026	NA	914804e4145e4194fadbb539259f14504de2c9a1ab345c76b3e7c2ce6758a2d4	NA	full	NA	GRCh38	GENCODE_v49_transcript_sequence	NA	paper/bioinformatics/application_manifest.tsv;paper/bioinformatics/application_selection.json	phase3_v1_preregistered_application_universe
query_only	phase3_application_role_ordinal	27	NA	NA	aq027	NA	7b89384316e388fd9b1784c76c0f5d846600080ffd1ad0ee7c8082a12fc9a839	NA	full	NA	GRCh38	GENCODE_v49_transcript_sequence	NA	paper/bioinformatics/application_manifest.tsv;paper/bioinformatics/application_selection.json	phase3_v1_preregistered_application_universe
query_only	phase3_application_role_ordinal	28	NA	NA	aq028	NA	698ff8712628d24deda22f33b862c7e6e482be21043a889363706953eaa4502a	NA	full	NA	GRCh38	GENCODE_v49_transcript_sequence	NA	paper/bioinformatics/application_manifest.tsv;paper/bioinformatics/application_selection.json	phase3_v1_preregistered_application_universe
query_only	phase3_application_role_ordinal	29	NA	NA	aq029	NA	1406439d8a9e2ca80a36ca96f6fa629a01577d21802de4f3945447243c5de167	NA	full	NA	GRCh38	GENCODE_v49_transcript_sequence	NA	paper/bioinformatics/application_manifest.tsv;paper/bioinformatics/application_selection.json	phase3_v1_preregistered_application_universe
query_only	phase3_application_role_ordinal	3	NA	NA	aq003	NA	bc5a0425ceb4968b62216e5b0089ff5cb2cd18c0abc4287367c5a50989cd9bfa	NA	full	NA	GRCh38	GENCODE_v49_transcript_sequence	NA	paper/bioinformatics/application_manifest.tsv;paper/bioinformatics/application_selection.json	phase3_v1_preregistered_application_universe
query_only	phase3_application_role_ordinal	30	NA	NA	aq030	NA	f84d07e2ec2ec36fa662c7d25b903bb9dee98880c1eb20636bb5b2409aa74999	NA	full	NA	GRCh38	GENCODE_v49_transcript_sequence	NA	paper/bioinformatics/application_manifest.tsv;paper/bioinformatics/application_selection.json	phase3_v1_preregistered_application_universe
query_only	phase3_application_role_ordinal	31	NA	NA	aq031	NA	75753a1abd63afff81e48ba8c986ae6de82075f47c3cc193e22d92adcbf3ac14	NA	full	NA	GRCh38	GENCODE_v49_transcript_sequence	NA	paper/bioinformatics/application_manifest.tsv;paper/bioinformatics/application_selection.json	phase3_v1_preregistered_application_universe
query_only	phase3_application_role_ordinal	32	NA	NA	aq032	NA	4e6aa19a8e2bf45662e3a42f71b83dbe2a64a12bbf3e0ea9ad45889b53228bcb	NA	full	NA	GRCh38	GENCODE_v49_transcript_sequence	NA	paper/bioinformatics/application_manifest.tsv;paper/bioinformatics/application_selection.json	phase3_v1_preregistered_application_universe
query_only	phase3_application_role_ordinal	33	NA	NA	aq033	NA	8a339029600f81e08c4c1c0652de1466837e863dee6aee2dcd0e3f2b3c40231e	NA	full	NA	GRCh38	GENCODE_v49_transcript_sequence	NA	paper/bioinformatics/application_manifest.tsv;paper/bioinformatics/application_selection.json	phase3_v1_preregistered_application_universe
query_only	phase3_application_role_ordinal	34	NA	NA	aq034	NA	f59432c9d3565ef4f391bc46355c30c2c303f356129843acc4f89168d8d28ada	NA	full	NA	GRCh38	GENCODE_v49_transcript_sequence	NA	paper/bioinformatics/application_manifest.tsv;paper/bioinformatics/application_selection.json	phase3_v1_preregistered_application_universe
query_only	phase3_application_role_ordinal	35	NA	NA	aq035	NA	1f74148810c50895449b8411bc133bf707f83084210be80affc41312de16b2cb	NA	full	NA	GRCh38	GENCODE_v49_transcript_sequence	NA	paper/bioinformatics/application_manifest.tsv;paper/bioinformatics/application_selection.json	phase3_v1_preregistered_application_universe
query_only	phase3_application_role_ordinal	36	NA	NA	aq036	NA	8e5afb1a2b6c8db6fb222319675e011ce25ab0809d9eeb5a55614fe33e39e891	NA	full	NA	GRCh38	GENCODE_v49_transcript_sequence	NA	paper/bioinformatics/application_manifest.tsv;paper/bioinformatics/application_selection.json	phase3_v1_preregistered_application_universe
query_only	phase3_application_role_ordinal	37	NA	NA	aq037	NA	b2655e83b7c6d832e028a1817ab1d86f519f26e173e12a7f1d124c79be1eaff4	NA	full	NA	GRCh38	GENCODE_v49_transcript_sequence	NA	paper/bioinformatics/application_manifest.tsv;paper/bioinformatics/application_selection.json	phase3_v1_preregistered_application_universe
query_only	phase3_application_role_ordinal	38	NA	NA	aq038	NA	6a023206231290a6707f066bf8b57ca4183862caa7485d61644f5f86b8aaf528	NA	full	NA	GRCh38	GENCODE_v49_transcript_sequence	NA	paper/bioinformatics/application_manifest.tsv;paper/bioinformatics/application_selection.json	phase3_v1_preregistered_application_universe
query_only	phase3_application_role_ordinal	39	NA	NA	aq039	NA	05e2731f2bb1df13c0680ba02d449943c17ef11ce340aa85838c949cb69eefa8	NA	full	NA	GRCh38	GENCODE_v49_transcript_sequence	NA	paper/bioinformatics/application_manifest.tsv;paper/bioinformatics/application_selection.json	phase3_v1_preregistered_application_universe
query_only	phase3_application_role_ordinal	4	NA	NA	aq004	NA	8774113d6905d36c5c69c3375307f0fa7da1c20da09000654d987eeea189555c	NA	full	NA	GRCh38	GENCODE_v49_transcript_sequence	NA	paper/bioinformatics/application_manifest.tsv;paper/bioinformatics/application_selection.json	phase3_v1_preregistered_application_universe
query_only	phase3_application_role_ordinal	40	NA	NA	aq040	NA	708d015d88a81fd89f7967b59a7abc90e60ef1384c52778ba5ffc193719f6bc0	NA	full	NA	GRCh38	GENCODE_v49_transcript_sequence	NA	paper/bioinformatics/application_manifest.tsv;paper/bioinformatics/application_selection.json	phase3_v1_preregistered_application_universe
query_only	phase3_application_role_ordinal	41	NA	NA	aq041	NA	393699eaa835ea070e44281f05285e53806e12f02d246766ce3d8e2dfa12a038	NA	full	NA	GRCh38	GENCODE_v49_transcript_sequence	NA	paper/bioinformatics/application_manifest.tsv;paper/bioinformatics/application_selection.json	phase3_v1_preregistered_application_universe
query_only	phase3_application_role_ordinal	42	NA	NA	aq042	NA	793a8cf0db028f7a014b59baca95894c85387e675d62f6b8d5c6c0dd9f6c9204	NA	full	NA	GRCh38	GENCODE_v49_transcript_sequence	NA	paper/bioinformatics/application_manifest.tsv;paper/bioinformatics/application_selection.json	phase3_v1_preregistered_application_universe
query_only	phase3_application_role_ordinal	43	NA	NA	aq043	NA	d279a4bbf4b9eba4f66e89e190637abff96e0f7a9fcdcd5b43fea5e978db272c	NA	full	NA	GRCh38	GENCODE_v49_transcript_sequence	NA	paper/bioinformatics/application_manifest.tsv;paper/bioinformatics/application_selection.json	phase3_v1_preregistered_application_universe
query_only	phase3_application_role_ordinal	44	NA	NA	aq044	NA	10fcb8e4c44448aafa829ac90824cd1b56d4ce09b4aee2cef1e0bf5b5d685877	NA	full	NA	GRCh38	GENCODE_v49_transcript_sequence	NA	paper/bioinformatics/application_manifest.tsv;paper/bioinformatics/application_selection.json	phase3_v1_preregistered_application_universe
query_only	phase3_application_role_ordinal	45	NA	NA	aq045	NA	04aa16552a543ab69f43333f50bb8631a19891c45a5bba85ed03267c8056b44f	NA	full	NA	GRCh38	GENCODE_v49_transcript_sequence	NA	paper/bioinformatics/application_manifest.tsv;paper/bioinformatics/application_selection.json	phase3_v1_preregistered_application_universe
query_only	phase3_application_role_ordinal	46	NA	NA	aq046	NA	e55de086ba87a3700115a62ca82788543bec9af1f2be5c3a6ffcfb7c61bee919	NA	full	NA	GRCh38	GENCODE_v49_transcript_sequence	NA	paper/bioinformatics/application_manifest.tsv;paper/bioinformatics/application_selection.json	phase3_v1_preregistered_application_universe
query_only	phase3_application_role_ordinal	47	NA	NA	aq047	NA	128a270e78d0632e55cc67c2e6b055d68296c332b1fb74577c9fb1c7746dda07	NA	full	NA	GRCh38	GENCODE_v49_transcript_sequence	NA	paper/bioinformatics/application_manifest.tsv;paper/bioinformatics/application_selection.json	phase3_v1_preregistered_application_universe
query_only	phase3_application_role_ordinal	48	NA	NA	aq048	NA	90dad83d2658a8b5c0b8959b08b78bea999e275ddebea6fa4d57cba2c9aff51a	NA	full	NA	GRCh38	GENCODE_v49_transcript_sequence	NA	paper/bioinformatics/application_manifest.tsv;paper/bioinformatics/application_selection.json	phase3_v1_preregistered_application_universe
query_only	phase3_application_role_ordinal	49	NA	NA	aq049	NA	955f990684cae466b5ee0e39c1e05f789ce1ff1ccbf7c0bca05b25098593a0ac	NA	full	NA	GRCh38	GENCODE_v49_transcript_sequence	NA	paper/bioinformatics/application_manifest.tsv;paper/bioinformatics/application_selection.json	phase3_v1_preregistered_application_universe
query_only	phase3_application_role_ordinal	5	NA	NA	aq005	NA	c5e6bb79c9d119b478cbcae47538a72a42598683eaebdfe03c3e717cd684f5f1	NA	full	NA	GRCh38	GENCODE_v49_transcript_sequence	NA	paper/bioinformatics/application_manifest.tsv;paper/bioinformatics/application_selection.json	phase3_v1_preregistered_application_universe
query_only	phase3_application_role_ordinal	50	NA	NA	aq050	NA	622a6576e324ba1badbcd4a8a1c308870b714620dad912086f21a7396cd85f2c	NA	full	NA	GRCh38	GENCODE_v49_transcript_sequence	NA	paper/bioinformatics/application_manifest.tsv;paper/bioinformatics/application_selection.json	phase3_v1_preregistered_application_universe
query_only	phase3_application_role_ordinal	6	NA	NA	aq006	NA	0b1fbf70f80d071403f3ab95e9f4e702bc64a85776f375fa44726272e311735b	NA	full	NA	GRCh38	GENCODE_v49_transcript_sequence	NA	paper/bioinformatics/application_manifest.tsv;paper/bioinformatics/application_selection.json	phase3_v1_preregistered_application_universe
query_only	phase3_application_role_ordinal	7	NA	NA	aq007	NA	3924bf5bbd87f45ec0ed8b57f01d4266c46d77efdf9db827f9c39af3ad1a5cd9	NA	full	NA	GRCh38	GENCODE_v49_transcript_sequence	NA	paper/bioinformatics/application_manifest.tsv;paper/bioinformatics/application_selection.json	phase3_v1_preregistered_application_universe
query_only	phase3_application_role_ordinal	8	NA	NA	aq008	NA	bab192889972e6fc9a5cb766a8b3a722cd4c97ec0ee1d3527ae804c45c4c93af	NA	full	NA	GRCh38	GENCODE_v49_transcript_sequence	NA	paper/bioinformatics/application_manifest.tsv;paper/bioinformatics/application_selection.json	phase3_v1_preregistered_application_universe
query_only	phase3_application_role_ordinal	9	NA	NA	aq009	NA	6e2721df32e10b86b7d5f39ee31e2b6fee8e35a35cc2bde372e3bc7f8bd104de	NA	full	NA	GRCh38	GENCODE_v49_transcript_sequence	NA	paper/bioinformatics/application_manifest.tsv;paper/bioinformatics/application_selection.json	phase3_v1_preregistered_application_universe
target_only	NA	NA	phase3_application_role_ordinal	1	NA	at0001	NA	add605082b3b5425dd1eb55477f3b86185a4c69bf0dcd88e35357fcf54d30a5a	NA	chr21:10519583-10522083	GRCh38	GRCh38_0_based_half_open	NA	paper/bioinformatics/application_manifest.tsv;paper/bioinformatics/application_selection.json	phase3_v1_preregistered_application_universe
target_only	NA	NA	phase3_application_role_ordinal	10	NA	at0010	NA	c5b76be3376d56ed97e37ef9e236e585e3c644a53928d89a7c4ecb3e41e381ef	NA	chr21:17612401-17614901	GRCh38	GRCh38_0_based_half_open	NA	paper/bioinformatics/application_manifest.tsv;paper/bioinformatics/application_selection.json	phase3_v1_preregistered_application_universe
target_only	NA	NA	phase3_application_role_ordinal	100	NA	at0100	NA	451b9556754e1b17a781744597da2b0161bea967f0d14325f7c55977a558cadb	NA	chr21:34373507-34376007	GRCh38	GRCh38_0_based_half_open	NA	paper/bioinformatics/application_manifest.tsv;paper/bioinformatics/application_selection.json	phase3_v1_preregistered_application_universe
target_only	NA	NA	phase3_application_role_ordinal	101	NA	at0101	NA	b7bf29fd28a736d9fc49b9918c82e59d9b579416761627807a5df95ed7fe9820	NA	chr21:34400572-34403072	GRCh38	GRCh38_0_based_half_open	NA	paper/bioinformatics/application_manifest.tsv;paper/bioinformatics/application_selection.json	phase3_v1_preregistered_application_universe
target_only	NA	NA	phase3_application_role_ordinal	102	NA	at0102	NA	7b8c374ab4d21b8d50c1a06e8c23a20968e4e1a6c698c1bc9213e2b83b959040	NA	chr21:34423451-34425951	GRCh38	GRCh38_0_based_half_open	NA	paper/bioinformatics/application_manifest.tsv;paper/bioinformatics/application_selection.json	phase3_v1_preregistered_application_universe
target_only	NA	NA	phase3_application_role_ordinal	103	NA	at0103	NA	2cb441de06ba1a9dbbb5b3ff461f48c98cdf316e611eacf51a29a8bc1cf3656a	NA	chr21:34511710-34514210	GRCh38	GRCh38_0_based_half_open	NA	paper/bioinformatics/application_manifest.tsv;paper/bioinformatics/application_selection.json	phase3_v1_preregistered_application_universe
target_only	NA	NA	phase3_application_role_ordinal	104	NA	at0104	NA	313e4e9e636ec0d660197709f58129fd064543a7a535ca6c10e5ae747921ca07	NA	chr21:34614413-34616913	GRCh38	GRCh38_0_based_half_open	NA	paper/bioinformatics/application_manifest.tsv;paper/bioinformatics/application_selection.json	phase3_v1_preregistered_application_universe
target_only	NA	NA	phase3_application_role_ordinal	105	NA	at0105	NA	e39bb87f182085c461dd78d54976301ed5e0ca8adeda86a8afd264ff0b6b5976	NA	chr21:34614613-34617113	GRCh38	GRCh38_0_based_half_open	NA	paper/bioinformatics/application_manifest.tsv;paper/bioinformatics/application_selection.json	phase3_v1_preregistered_application_universe
target_only	NA	NA	phase3_application_role_ordinal	106	NA	at0106	NA	45ed37f583b5293aee8230ccd09c9d26bf7ebce576409bd285b2553a22929d27	NA	chr21:34666994-34669494	GRCh38	GRCh38_0_based_half_open	NA	paper/bioinformatics/application_manifest.tsv;paper/bioinformatics/application_selection.json	phase3_v1_preregistered_application_universe
target_only	NA	NA	phase3_application_role_ordinal	107	NA	at0107	NA	2abd420fa392620a7add13996dc8a7c946921d0e4eb4d6c777df6f3c82f09d69	NA	chr21:35048802-35051302	GRCh38	GRCh38_0_based_half_open	NA	paper/bioinformatics/application_manifest.tsv;paper/bioinformatics/application_selection.json	phase3_v1_preregistered_application_universe
target_only	NA	NA	phase3_application_role_ordinal	108	NA	at0108	NA	dd8ed005d05cbd50c9f104e74ae7c8fcdd6525f0b7e680fbc9b21ea398dd76f4	NA	chr21:36060026-36062526	GRCh38	GRCh38_0_based_half_open	NA	paper/bioinformatics/application_manifest.tsv;paper/bioinformatics/application_selection.json	phase3_v1_preregistered_application_universe
target_only	NA	NA	phase3_application_role_ordinal	109	NA	at0109	NA	a609d882bdbfc2ff77abb0765f18b2a41351a4b81d798c3b9c773ab9e767afe3	NA	chr21:36068024-36070524	GRCh38	GRCh38_0_based_half_open	NA	paper/bioinformatics/application_manifest.tsv;paper/bioinformatics/application_selection.json	phase3_v1_preregistered_application_universe
target_only	NA	NA	phase3_application_role_ordinal	11	NA	at0011	NA	b5c7e21c5900785277f5f2508a1aae7e73a58b3b9ae01da8e9588a99de4be8d6	NA	chr21:17818856-17821356	GRCh38	GRCh38_0_based_half_open	NA	paper/bioinformatics/application_manifest.tsv;paper/bioinformatics/application_selection.json	phase3_v1_preregistered_application_universe
target_only	NA	NA	phase3_application_role_ordinal	110	NA	at0110	NA	8ba7484b2b3a334a83c036f4d4e6a69b8f86cc42d227a54246d65b65a738c869	NA	chr21:36133079-36135579	GRCh38	GRCh38_0_based_half_open	NA	paper/bioinformatics/application_manifest.tsv;paper/bioinformatics/application_selection.json	phase3_v1_preregistered_application_universe
target_only	NA	NA	phase3_application_role_ordinal	111	NA	at0111	NA	f71ff457ab7a5823ab1a3975b7b0de5d3c5166fbf714cfaaf61ca1b991e7b8c8	NA	chr21:36154824-36157324	GRCh38	GRCh38_0_based_half_open	NA	paper/bioinformatics/application_manifest.tsv;paper/bioinformatics/application_selection.json	phase3_v1_preregistered_application_universe
target_only	NA	NA	phase3_application_role_ordinal	112	NA	at0112	NA	0765931f0df1469659aea3e330f14d97fd400ceb310cee35727563ed48d8c908	NA	chr21:36318197-36320697	GRCh38	GRCh38_0_based_half_open	NA	paper/bioinformatics/application_manifest.tsv;paper/bioinformatics/application_selection.json	phase3_v1_preregistered_application_universe
target_only	NA	NA	phase3_application_role_ordinal	113	NA	at0113	NA	f61c784e3df8e7d3616cf248f778492ddd161bf3804834a12260e686f894bf50	NA	chr21:36383392-36385892	GRCh38	GRCh38_0_based_half_open	NA	paper/bioinformatics/application_manifest.tsv;paper/bioinformatics/application_selection.json	phase3_v1_preregistered_application_universe
target_only	NA	NA	phase3_application_role_ordinal	114	NA	at0114	NA	300861dcc9bd8d58b104cbf34aea3015ec39fac4972bdfa66f63e2de7816f785	NA	chr21:36479622-36482122	GRCh38	GRCh38_0_based_half_open	NA	paper/bioinformatics/application_manifest.tsv;paper/bioinformatics/application_selection.json	phase3_v1_preregistered_application_universe
target_only	NA	NA	phase3_application_role_ordinal	115	NA	at0115	NA	0be5501117985ae4c75061f47a4b3a2eaaad1edc19d22cff653600c413e1da26	NA	chr21:36697115-36699615	GRCh38	GRCh38_0_based_half_open	NA	paper/bioinformatics/application_manifest.tsv;paper/bioinformatics/application_selection.json	phase3_v1_preregistered_application_universe
target_only	NA	NA	phase3_application_role_ordinal	116	NA	at0116	NA	b948d3d5860a3117961161514cc6d3a1a4e5dc7e40da6a806d665d707834e8db	NA	chr21:36966169-36968669	GRCh38	GRCh38_0_based_half_open	NA	paper/bioinformatics/application_manifest.tsv;paper/bioinformatics/application_selection.json	phase3_v1_preregistered_application_universe
target_only	NA	NA	phase3_application_role_ordinal	117	NA	at0117	NA	dffcb1a7b6f0196825eaaa69bd7cd30e46d9a34114076122417ed505ca2659d7	NA	chr21:37004702-37007202	GRCh38	GRCh38_0_based_half_open	NA	paper/bioinformatics/application_manifest.tsv;paper/bioinformatics/application_selection.json	phase3_v1_preregistered_application_universe
target_only	NA	NA	phase3_application_role_ordinal	118	NA	at0118	NA	54ab5c75bab838ba77c931a39b263fc7cf7f930c99cfaaa79e449a8bf81aa3e4	NA	chr21:37072571-37075071	GRCh38	GRCh38_0_based_half_open	NA	paper/bioinformatics/application_manifest.tsv;paper/bioinformatics/application_selection.json	phase3_v1_preregistered_application_universe
target_only	NA	NA	phase3_application_role_ordinal	119	NA	at0119	NA	911d341abc81f3d3c25d6ea0befcbe2e4b8fbdb922270efd1fbc826c2aed8dc4	NA	chr21:37071254-37073754	GRCh38	GRCh38_0_based_half_open	NA	paper/bioinformatics/application_manifest.tsv;paper/bioinformatics/application_selection.json	phase3_v1_preregistered_application_universe
target_only	NA	NA	phase3_application_role_ordinal	12	NA	at0012	NA	f84b5d148ea13c2657a50963471af2c6c374006aafad8c443335bb87f270a993	NA	chr21:18242833-18245333	GRCh38	GRCh38_0_based_half_open	NA	paper/bioinformatics/application_manifest.tsv;paper/bioinformatics/application_selection.json	phase3_v1_preregistered_application_universe
target_only	NA	NA	phase3_application_role_ordinal	120	NA	at0120	NA	52a14aaeaf519e07f7d19b4abf61163bafcfc90c99e1fb500a2506aa2dd4dfa7	NA	chr21:37266834-37269334	GRCh38	GRCh38_0_based_half_open	NA	paper/bioinformatics/application_manifest.tsv;paper/bioinformatics/application_selection.json	phase3_v1_preregistered_application_universe
target_only	NA	NA	phase3_application_role_ordinal	121	NA	at0121	NA	e54a070920d381fbc8c1eb103d34a17760810b29cb97e087e16b8e35880f821a	NA	chr21:37364773-37367273	GRCh38	GRCh38_0_based_half_open	NA	paper/bioinformatics/application_manifest.tsv;paper/bioinformatics/application_selection.json	phase3_v1_preregistered_application_universe
target_only	NA	NA	phase3_application_role_ordinal	122	NA	at0122	NA	e784b4a99811cc14cc323cf80337f7e0713c3f6c0de3c0b55d002c510890b4c1	NA	chr21:37915957-37918457	GRCh38	GRCh38_0_based_half_open	NA	paper/bioinformatics/application_manifest.tsv;paper/bioinformatics/application_selection.json	phase3_v1_preregistered_application_universe
target_only	NA	NA	phase3_application_role_ordinal	123	NA	at0123	NA	e563019c3d6e66d235f2b4e588b46819b1de37ec263a66d6b909820e02be6f84	NA	chr21:38254991-38257491	GRCh38	GRCh38_0_based_half_open	NA	paper/bioinformatics/application_manifest.tsv;paper/bioinformatics/application_selection.json	phase3_v1_preregistered_application_universe
target_only	NA	NA	phase3_application_role_ordinal	124	NA	at0124	NA	c3dba9bc75a1be20a7a354fb89d35ff5c0352ca450a33623cf616e69bfab60cc	NA	chr21:38497977-38500477	GRCh38	GRCh38_0_based_half_open	NA	paper/bioinformatics/application_manifest.tsv;paper/bioinformatics/application_selection.json	phase3_v1_preregistered_application_universe
target_only	NA	NA	phase3_application_role_ordinal	125	NA	at0125	NA	ba414c3d4dedbdaec516df77f0c9add89bbc36e35db1b243a0c127db42033ba9	NA	chr21:38803929-38806429	GRCh38	GRCh38_0_based_half_open	NA	paper/bioinformatics/application_manifest.tsv;paper/bioinformatics/application_selection.json	phase3_v1_preregistered_application_universe
target_only	NA	NA	phase3_application_role_ordinal	126	NA	at0126	NA	1a77446962a15976f428947d095d07c310e4b60bea33666395f94b3cdf11010c	NA	chr21:39182951-39185451	GRCh38	GRCh38_0_based_half_open	NA	paper/bioinformatics/application_manifest.tsv;paper/bioinformatics/application_selection.json	phase3_v1_preregistered_application_universe
target_only	NA	NA	phase3_application_role_ordinal	127	NA	at0127	NA	d6b98f37495477661e610eb318cbb9dacc3f171c3092340fe4dfaf53de161c3d	NA	chr21:39313132-39315632	GRCh38	GRCh38_0_based_half_open	NA	paper/bioinformatics/application_manifest.tsv;paper/bioinformatics/application_selection.json	phase3_v1_preregistered_application_universe
target_only	NA	NA	phase3_application_role_ordinal	128	NA	at0128	NA	2cc92de73ebf85c538fb4ef29fe7d650a06460d2c47f601c5d434387da25c3aa	NA	chr21:39348588-39351088	GRCh38	GRCh38_0_based_half_open	NA	paper/bioinformatics/application_manifest.tsv;paper/bioinformatics/application_selection.json	phase3_v1_preregistered_application_universe
target_only	NA	NA	phase3_application_role_ordinal	129	NA	at0129	NA	602c5848f509830c856e5a0ceb879c05ade82fac5bbde25b12b49dcef57ede76	NA	chr21:39378326-39380826	GRCh38	GRCh38_0_based_half_open	NA	paper/bioinformatics/application_manifest.tsv;paper/bioinformatics/application_selection.json	phase3_v1_preregistered_application_universe
target_only	NA	NA	phase3_application_role_ordinal	13	NA	at0013	NA	1722c9fc1524bfeaaa10c893db5e1b87b386a66d8e46cb6b51dc2de87c26a99a	NA	chr21:18403285-18405785	GRCh38	GRCh38_0_based_half_open	NA	paper/bioinformatics/application_manifest.tsv;paper/bioinformatics/application_selection.json	phase3_v1_preregistered_application_universe
target_only	NA	NA	phase3_application_role_ordinal	130	NA	at0130	NA	f059086ec59991a066ff48b151c072ce2e412351e0ec99c1394ad0684a43000c	NA	chr21:39378332-39380832	GRCh38	GRCh38_0_based_half_open	NA	paper/bioinformatics/application_manifest.tsv;paper/bioinformatics/application_selection.json	phase3_v1_preregistered_application_universe
target_only	NA	NA	phase3_application_role_ordinal	131	NA	at0131	NA	bb9edc675ad1cdc1c72f5c8787bf52cff8e16f1ab39a0ac63ffd9e704a3539c4	NA	chr21:39445278-39447778	GRCh38	GRCh38_0_based_half_open	NA	paper/bioinformatics/application_manifest.tsv;paper/bioinformatics/application_selection.json	phase3_v1_preregistered_application_universe
target_only	NA	NA	phase3_application_role_ordinal	132	NA	at0132	NA	34defe1662b15f4060e809f13a2d1ae3baf86c364c511e5255bc3fafed582372	NA	chr21:39449970-39452470	GRCh38	GRCh38_0_based_half_open	NA	paper/bioinformatics/application_manifest.tsv;paper/bioinformatics/application_selection.json	phase3_v1_preregistered_application_universe
target_only	NA	NA	phase3_application_role_ordinal	133	NA	at0133	NA	a78c2b574da8adfd41445d71f07e6b2948c7336adc92ae5f094c7d2d056371a5	NA	chr21:39610940-39613440	GRCh38	GRCh38_0_based_half_open	NA	paper/bioinformatics/application_manifest.tsv;paper/bioinformatics/application_selection.json	phase3_v1_preregistered_application_universe
target_only	NA	NA	phase3_application_role_ordinal	134	NA	at0134	NA	7950f7a815a293d9e5c2fbf3c32126d3b0b4af0317f459d5ae8af2f4d4dfc7b9	NA	chr21:39743183-39745683	GRCh38	GRCh38_0_based_half_open	NA	paper/bioinformatics/application_manifest.tsv;paper/bioinformatics/application_selection.json	phase3_v1_preregistered_application_universe
target_only	NA	NA	phase3_application_role_ordinal	135	NA	at0135	NA	1d57b47ef44322357656fe05458b83e1ee4332b88648d13b8b9f9dc2c604cc8f	NA	chr21:39865438-39867938	GRCh38	GRCh38_0_based_half_open	NA	paper/bioinformatics/application_manifest.tsv;paper/bioinformatics/application_selection.json	phase3_v1_preregistered_application_universe
target_only	NA	NA	phase3_application_role_ordinal	136	NA	at0136	NA	1db9d03c411b8c1cf8165128eb3a74866499fc92deea5ef387fb485452e2146b	NA	chr21:40846658-40849158	GRCh38	GRCh38_0_based_half_open	NA	paper/bioinformatics/application_manifest.tsv;paper/bioinformatics/application_selection.json	phase3_v1_preregistered_application_universe
target_only	NA	NA	phase3_application_role_ordinal	137	NA	at0137	NA	2777d25e65fb32d187bbe29dedbfd3e86118d35ab8757c096c9b7d89d6fdd4f9	NA	chr21:41166160-41168660	GRCh38	GRCh38_0_based_half_open	NA	paper/bioinformatics/application_manifest.tsv;paper/bioinformatics/application_selection.json	phase3_v1_preregistered_application_universe
target_only	NA	NA	phase3_application_role_ordinal	138	NA	at0138	NA	fbea4d5cb1689c697994f1e82543fae4834216a4f8076f3f210445a0d440b7ff	NA	chr21:41314801-41317301	GRCh38	GRCh38_0_based_half_open	NA	paper/bioinformatics/application_manifest.tsv;paper/bioinformatics/application_selection.json	phase3_v1_preregistered_application_universe
target_only	NA	NA	phase3_application_role_ordinal	139	NA	at0139	NA	570575451d68ab9fa4b61fecb309a1169597923ff87667a2a051c94bbb9e8af0	NA	chr21:41360027-41362527	GRCh38	GRCh38_0_based_half_open	NA	paper/bioinformatics/application_manifest.tsv;paper/bioinformatics/application_selection.json	phase3_v1_preregistered_application_universe
target_only	NA	NA	phase3_application_role_ordinal	14	NA	at0014	NA	6584a5c57448323efeb6ad4298674fa9cb9d78f8da8d864c680c180ab85845c3	NA	chr21:20996409-20998909	GRCh38	GRCh38_0_based_half_open	NA	paper/bioinformatics/application_manifest.tsv;paper/bioinformatics/application_selection.json	phase3_v1_preregistered_application_universe
target_only	NA	NA	phase3_application_role_ordinal	140	NA	at0140	NA	82dfc4f1c87b6aec52149b29c84ae5b99a702b64f0ec684f5c4e1a2fb2c06e58	NA	chr21:41424239-41426739	GRCh38	GRCh38_0_based_half_open	NA	paper/bioinformatics/application_manifest.tsv;paper/bioinformatics/application_selection.json	phase3_v1_preregistered_application_universe
target_only	NA	NA	phase3_application_role_ordinal	141	NA	at0141	NA	fcf73af04faa167c9fe3e789238ebf308fb3e71f13df7a167a9bb0605cabc861	NA	chr21:41507658-41510158	GRCh38	GRCh38_0_based_half_open	NA	paper/bioinformatics/application_manifest.tsv;paper/bioinformatics/application_selection.json	phase3_v1_preregistered_application_universe
target_only	NA	NA	phase3_application_role_ordinal	142	NA	at0142	NA	13ca4a9146c5236905c2133a09ecd91cf6fdc760237312ddcbf3069a5876b2f3	NA	chr21:41766552-41769052	GRCh38	GRCh38_0_based_half_open	NA	paper/bioinformatics/application_manifest.tsv;paper/bioinformatics/application_selection.json	phase3_v1_preregistered_application_universe
target_only	NA	NA	phase3_application_role_ordinal	143	NA	at0143	NA	6c28100043c9ca9f27a6dd1ca62553836995c469c067d24bd1ca72bebfae95ad	NA	chr21:41878844-41881344	GRCh38	GRCh38_0_based_half_open	NA	paper/bioinformatics/application_manifest.tsv;paper/bioinformatics/application_selection.json	phase3_v1_preregistered_application_universe
target_only	NA	NA	phase3_application_role_ordinal	144	NA	at0144	NA	6fad0652f32c40f69ed4c61ced98dc416c06db9cc045422c3634acdf53948f48	NA	chr21:41953518-41956018	GRCh38	GRCh38_0_based_half_open	NA	paper/bioinformatics/application_manifest.tsv;paper/bioinformatics/application_selection.json	phase3_v1_preregistered_application_universe
target_only	NA	NA	phase3_application_role_ordinal	145	NA	at0145	NA	d68416227e062d9d311086e9901172382f1625c7b6c5e247de2c84da6447521f	NA	chr21:42009860-42012360	GRCh38	GRCh38_0_based_half_open	NA	paper/bioinformatics/application_manifest.tsv;paper/bioinformatics/application_selection.json	phase3_v1_preregistered_application_universe
target_only	NA	NA	phase3_application_role_ordinal	146	NA	at0146	NA	71c419b49db724c1b5af8cf2e477233a92d8f60b93146ddfc9634ef5a741874d	NA	chr21:42069317-42071817	GRCh38	GRCh38_0_based_half_open	NA	paper/bioinformatics/application_manifest.tsv;paper/bioinformatics/application_selection.json	phase3_v1_preregistered_application_universe
target_only	NA	NA	phase3_application_role_ordinal	147	NA	at0147	NA	b9c8ea24899640644fc0b9fee367a12e3ece4ef24a37a908252b531558cd20da	NA	chr21:42217140-42219640	GRCh38	GRCh38_0_based_half_open	NA	paper/bioinformatics/application_manifest.tsv;paper/bioinformatics/application_selection.json	phase3_v1_preregistered_application_universe
target_only	NA	NA	phase3_application_role_ordinal	148	NA	at0148	NA	dd85b72915597f0a440ab340a2aebc35a0181050d77fc2e41d870bf3a0b119ed	NA	chr21:42314909-42317409	GRCh38	GRCh38_0_based_half_open	NA	paper/bioinformatics/application_manifest.tsv;paper/bioinformatics/application_selection.json	phase3_v1_preregistered_application_universe
target_only	NA	NA	phase3_application_role_ordinal	149	NA	at0149	NA	85638e5421b949069609c227b1c6daf7e542f4b32b04d731cd820a5cc90c60ed	NA	chr21:42350494-42352994	GRCh38	GRCh38_0_based_half_open	NA	paper/bioinformatics/application_manifest.tsv;paper/bioinformatics/application_selection.json	phase3_v1_preregistered_application_universe
target_only	NA	NA	phase3_application_role_ordinal	15	NA	at0015	NA	383632974b40b31673d8323d941a2db270f733a7adfdcfc3fcbd4d44d29bc79f	NA	chr21:25606981-25609481	GRCh38	GRCh38_0_based_half_open	NA	paper/bioinformatics/application_manifest.tsv;paper/bioinformatics/application_selection.json	phase3_v1_preregistered_application_universe
target_only	NA	NA	phase3_application_role_ordinal	150	NA	at0150	NA	91d2e5c1995e9517a32b837f413bf1cb5990d5b4944bef726f6e7a15aa746283	NA	chr21:42366035-42368535	GRCh38	GRCh38_0_based_half_open	NA	paper/bioinformatics/application_manifest.tsv;paper/bioinformatics/application_selection.json	phase3_v1_preregistered_application_universe
target_only	NA	NA	phase3_application_role_ordinal	151	NA	at0151	NA	b066ae0a510bfca3fa9fd95980eea71d6be7d92a7ea19f7b8ca7b06d7895c7b0	NA	chr21:42395552-42398052	GRCh38	GRCh38_0_based_half_open	NA	paper/bioinformatics/application_manifest.tsv;paper/bioinformatics/application_selection.json	phase3_v1_preregistered_application_universe
target_only	NA	NA	phase3_application_role_ordinal	152	NA	at0152	NA	9f973b23d8570bc242e64a79841155ebade789243b7185d7eba835ae212f2155	NA	chr21:42401902-42404402	GRCh38	GRCh38_0_based_half_open	NA	paper/bioinformatics/application_manifest.tsv;paper/bioinformatics/application_selection.json	phase3_v1_preregistered_application_universe
target_only	NA	NA	phase3_application_role_ordinal	153	NA	at0153	NA	ddfd34327539ef978b5cd8b3cbdcb20fcb5d73cf69c130ee2746a7c1b9aa7437	NA	chr21:42495724-42498224	GRCh38	GRCh38_0_based_half_open	NA	paper/bioinformatics/application_manifest.tsv;paper/bioinformatics/application_selection.json	phase3_v1_preregistered_application_universe
target_only	NA	NA	phase3_application_role_ordinal	154	NA	at0154	NA	a92fc3694e266e8dc71dfa882e55c547bb783e68ce4bd9965779ed11d1ea97d0	NA	chr21:42511852-42514352	GRCh38	GRCh38_0_based_half_open	NA	paper/bioinformatics/application_manifest.tsv;paper/bioinformatics/application_selection.json	phase3_v1_preregistered_application_universe
target_only	NA	NA	phase3_application_role_ordinal	155	NA	at0155	NA	75d805250907116f16ef4e6b80190762ea8fb8ea17a31cdfea74931016d6a22e	NA	chr21:42651621-42654121	GRCh38	GRCh38_0_based_half_open	NA	paper/bioinformatics/application_manifest.tsv;paper/bioinformatics/application_selection.json	phase3_v1_preregistered_application_universe
target_only	NA	NA	phase3_application_role_ordinal	156	NA	at0156	NA	a2a0bb8c5640ac572be4bce986fedf4d33a378cb4044729b64af5c571eb1ed9f	NA	chr21:42879039-42881539	GRCh38	GRCh38_0_based_half_open	NA	paper/bioinformatics/application_manifest.tsv;paper/bioinformatics/application_selection.json	phase3_v1_preregistered_application_universe
target_only	NA	NA	phase3_application_role_ordinal	157	NA	at0157	NA	b15a79ce4e265007c190bf83340c077a8d5b0550f9b8b2c3ee1efc6113ab1f9c	NA	chr21:42891309-42893809	GRCh38	GRCh38_0_based_half_open	NA	paper/bioinformatics/application_manifest.tsv;paper/bioinformatics/application_selection.json	phase3_v1_preregistered_application_universe
target_only	NA	NA	phase3_application_role_ordinal	158	NA	at0158	NA	46e483ecab21ac0e8a5b3ba2de76f3c57d323ea5fbec16783292f20e03dea736	NA	chr21:42925130-42927630	GRCh38	GRCh38_0_based_half_open	NA	paper/bioinformatics/application_manifest.tsv;paper/bioinformatics/application_selection.json	phase3_v1_preregistered_application_universe
target_only	NA	NA	phase3_application_role_ordinal	159	NA	at0159	NA	89afb77d518ae2492c20786e7e0a3a2a07048d8c4ec2deea2b18e62cd304523b	NA	chr21:42972562-42975062	GRCh38	GRCh38_0_based_half_open	NA	paper/bioinformatics/application_manifest.tsv;paper/bioinformatics/application_selection.json	phase3_v1_preregistered_application_universe
target_only	NA	NA	phase3_application_role_ordinal	16	NA	at0016	NA	b43b6f338da24e6d2e8e9823a97b0e4c7004b15480dd07fb53b1d9b1a904ee18	NA	chr21:25637258-25639758	GRCh38	GRCh38_0_based_half_open	NA	paper/bioinformatics/application_manifest.tsv;paper/bioinformatics/application_selection.json	phase3_v1_preregistered_application_universe
target_only	NA	NA	phase3_application_role_ordinal	160	NA	at0160	NA	584683308a51b1705d8ca3e94c875ec93754c7c6ac4cc4763fb7f24f78b7b730	NA	chr21:43075335-43077835	GRCh38	GRCh38_0_based_half_open	NA	paper/bioinformatics/application_manifest.tsv;paper/bioinformatics/application_selection.json	phase3_v1_preregistered_application_universe
target_only	NA	NA	phase3_application_role_ordinal	161	NA	at0161	NA	e4ed924a3f27cdfa3a29ddc6a2ac83dbb9533e637daaa42beb41d18b853b7966	NA	chr21:43107070-43109570	GRCh38	GRCh38_0_based_half_open	NA	paper/bioinformatics/application_manifest.tsv;paper/bioinformatics/application_selection.json	phase3_v1_preregistered_application_universe
target_only	NA	NA	phase3_application_role_ordinal	162	NA	at0162	NA	59a40dc7b18558194030ab3967774cdaa62fed5362c6c3412b2a613b7d806312	NA	chr21:43167008-43169508	GRCh38	GRCh38_0_based_half_open	NA	paper/bioinformatics/application_manifest.tsv;paper/bioinformatics/application_selection.json	phase3_v1_preregistered_application_universe
target_only	NA	NA	phase3_application_role_ordinal	163	NA	at0163	NA	8bd4e2852eb4c22f022fb32d4fdf6d0a6d5154fb2dc881a140b0fe0c129382af	NA	chr21:43426631-43429131	GRCh38	GRCh38_0_based_half_open	NA	paper/bioinformatics/application_manifest.tsv;paper/bioinformatics/application_selection.json	phase3_v1_preregistered_application_universe
target_only	NA	NA	phase3_application_role_ordinal	164	NA	at0164	NA	9970745f94971b3741aa1b37658a783d65cea150c6b94f82b14c6347734bcab2	NA	chr21:43563182-43565682	GRCh38	GRCh38_0_based_half_open	NA	paper/bioinformatics/application_manifest.tsv;paper/bioinformatics/application_selection.json	phase3_v1_preregistered_application_universe
target_only	NA	NA	phase3_application_role_ordinal	165	NA	at0165	NA	b59f3c9b2b560b5ab601eea40074dc8af10a0ba790b676798a30c2c54d32e0f7	NA	chr21:43658988-43661488	GRCh38	GRCh38_0_based_half_open	NA	paper/bioinformatics/application_manifest.tsv;paper/bioinformatics/application_selection.json	phase3_v1_preregistered_application_universe
target_only	NA	NA	phase3_application_role_ordinal	166	NA	at0166	NA	20fe6622164710352780de4f0d9154366f0e0b2cb589dceafd884aea8831eefd	NA	chr21:43657560-43660060	GRCh38	GRCh38_0_based_half_open	NA	paper/bioinformatics/application_manifest.tsv;paper/bioinformatics/application_selection.json	phase3_v1_preregistered_application_universe
target_only	NA	NA	phase3_application_role_ordinal	167	NA	at0167	NA	ea7b44c075f6ecdeab8afe9b9ffcf01291a0d0e1d2cc48de67721e3e976da27c	NA	chr21:43717129-43719629	GRCh38	GRCh38_0_based_half_open	NA	paper/bioinformatics/application_manifest.tsv;paper/bioinformatics/application_selection.json	phase3_v1_preregistered_application_universe
target_only	NA	NA	phase3_application_role_ordinal	168	NA	at0168	NA	d77cbca41cdb8af9c31dae44d7bdee551a27606387d9b10fd57678cdef4f0183	NA	chr21:43775808-43778308	GRCh38	GRCh38_0_based_half_open	NA	paper/bioinformatics/application_manifest.tsv;paper/bioinformatics/application_selection.json	phase3_v1_preregistered_application_universe
target_only	NA	NA	phase3_application_role_ordinal	169	NA	at0169	NA	ae5825a6d5fcd1751e72177ca5f47d3678677effe20183d88c3b590d5ed12b39	NA	chr21:43787577-43790077	GRCh38	GRCh38_0_based_half_open	NA	paper/bioinformatics/application_manifest.tsv;paper/bioinformatics/application_selection.json	phase3_v1_preregistered_application_universe
target_only	NA	NA	phase3_application_role_ordinal	17	NA	at0017	NA	9a4e3f4ea9bf2c3ced455df49898baffe4ff218fdb1832e4a68e826abc445e5b	NA	chr21:25734404-25736904	GRCh38	GRCh38_0_based_half_open	NA	paper/bioinformatics/application_manifest.tsv;paper/bioinformatics/application_selection.json	phase3_v1_preregistered_application_universe
target_only	NA	NA	phase3_application_role_ordinal	170	NA	at0170	NA	f3e03394a72e4342522a9fdab4a7c71f01ff5e60006fbd6d7de526dfa7bf7caf	NA	chr21:43863223-43865723	GRCh38	GRCh38_0_based_half_open	NA	paper/bioinformatics/application_manifest.tsv;paper/bioinformatics/application_selection.json	phase3_v1_preregistered_application_universe
target_only	NA	NA	phase3_application_role_ordinal	171	NA	at0171	NA	cc367c6753128953fd96b7c18dad30c886d2d7742ab01070861106a8a844fef1	NA	chr21:43937919-43940419	GRCh38	GRCh38_0_based_half_open	NA	paper/bioinformatics/application_manifest.tsv;paper/bioinformatics/application_selection.json	phase3_v1_preregistered_application_universe
target_only	NA	NA	phase3_application_role_ordinal	172	NA	at0172	NA	11625286395b5c180b3044c71cbdebc406c1a2fc838a100876259c0b29c71f86	NA	chr21:44010309-44012809	GRCh38	GRCh38_0_based_half_open	NA	paper/bioinformatics/application_manifest.tsv;paper/bioinformatics/application_selection.json	phase3_v1_preregistered_application_universe
target_only	NA	NA	phase3_application_role_ordinal	173	NA	at0173	NA	23c423d0e885de05742affd510d82783a78c14376af9d6a3272bd8859ec076a4	NA	chr21:44105399-44107899	GRCh38	GRCh38_0_based_half_open	NA	paper/bioinformatics/application_manifest.tsv;paper/bioinformatics/application_selection.json	phase3_v1_preregistered_application_universe
target_only	NA	NA	phase3_application_role_ordinal	174	NA	at0174	NA	3ed7bc15b8a5c0947d72f48c867abf14c37dd83b137422d14013b47eef64de66	NA	chr21:44131683-44134183	GRCh38	GRCh38_0_based_half_open	NA	paper/bioinformatics/application_manifest.tsv;paper/bioinformatics/application_selection.json	phase3_v1_preregistered_application_universe
target_only	NA	NA	phase3_application_role_ordinal	175	NA	at0175	NA	9a4d53cf79f14a599fdb9e2a4838e1ec09a28b902af51766ca61974fbc5bd362	NA	chr21:44240443-44242943	GRCh38	GRCh38_0_based_half_open	NA	paper/bioinformatics/application_manifest.tsv;paper/bioinformatics/application_selection.json	phase3_v1_preregistered_application_universe
target_only	NA	NA	phase3_application_role_ordinal	176	NA	at0176	NA	1e8c9351197eb1a3f0357f8bb73d996c68aaeb01df4d73167f26d4471561aa21	NA	chr21:44261397-44263897	GRCh38	GRCh38_0_based_half_open	NA	paper/bioinformatics/application_manifest.tsv;paper/bioinformatics/application_selection.json	phase3_v1_preregistered_application_universe
target_only	NA	NA	phase3_application_role_ordinal	177	NA	at0177	NA	12e6cdec7079131bcf73ee7e96e3994c9f1ad7c0c32d37de4d767d24d680d6a5	NA	chr21:44283876-44286376	GRCh38	GRCh38_0_based_half_open	NA	paper/bioinformatics/application_manifest.tsv;paper/bioinformatics/application_selection.json	phase3_v1_preregistered_application_universe
target_only	NA	NA	phase3_application_role_ordinal	178	NA	at0178	NA	74a349472a779544a5f90be41088748659216ac9d98c43bd43b3da97f11e860f	NA	chr21:44298053-44300553	GRCh38	GRCh38_0_based_half_open	NA	paper/bioinformatics/application_manifest.tsv;paper/bioinformatics/application_selection.json	phase3_v1_preregistered_application_universe
target_only	NA	NA	phase3_application_role_ordinal	179	NA	at0179	NA	472f60073086fcb889af62f17ef75713cca4323af31cf8b8f758e0643562b654	NA	chr21:44338890-44341390	GRCh38	GRCh38_0_based_half_open	NA	paper/bioinformatics/application_manifest.tsv;paper/bioinformatics/application_selection.json	phase3_v1_preregistered_application_universe
target_only	NA	NA	phase3_application_role_ordinal	18	NA	at0018	NA	2fe2f0ccd0808778a2699709160f2dba14b8f912d6d1851fa6c66ab3dc0da2c2	NA	chr21:25732972-25735472	GRCh38	GRCh38_0_based_half_open	NA	paper/bioinformatics/application_manifest.tsv;paper/bioinformatics/application_selection.json	phase3_v1_preregistered_application_universe
target_only	NA	NA	phase3_application_role_ordinal	180	NA	at0180	NA	9cb3fd87cbd8a33c481e78778e4811c9e154e8626b7bc20a921fb9e3efa0ef63	NA	chr21:44351621-44354121	GRCh38	GRCh38_0_based_half_open	NA	paper/bioinformatics/application_manifest.tsv;paper/bioinformatics/application_selection.json	phase3_v1_preregistered_application_universe
target_only	NA	NA	phase3_application_role_ordinal	181	NA	at0181	NA	73b60049e689d4fb6ecc5196daa34e666e6362117f4113b5045083b2f92dbd6a	NA	chr21:44453510-44456010	GRCh38	GRCh38_0_based_half_open	NA	paper/bioinformatics/application_manifest.tsv;paper/bioinformatics/application_selection.json	phase3_v1_preregistered_application_universe
target_only	NA	NA	phase3_application_role_ordinal	182	NA	at0182	NA	7067c984e23c0f2ac983f385c1b8dce7d7b8649f1c1c677efb82383c3e481e8d	NA	chr21:44539695-44542195	GRCh38	GRCh38_0_based_half_open	NA	paper/bioinformatics/application_manifest.tsv;paper/bioinformatics/application_selection.json	phase3_v1_preregistered_application_universe
target_only	NA	NA	phase3_application_role_ordinal	183	NA	at0183	NA	b41286ec753c12b2990d36c5bac1d64cc9290334e5425facae8a71b39ed7a9e4	NA	chr21:44551005-44553505	GRCh38	GRCh38_0_based_half_open	NA	paper/bioinformatics/application_manifest.tsv;paper/bioinformatics/application_selection.json	phase3_v1_preregistered_application_universe
target_only	NA	NA	phase3_application_role_ordinal	184	NA	at0184	NA	1f455d5bf59f3fe4a6cd838acfda3176c356ebdaab113297493315da966e797c	NA	chr21:44558295-44560795	GRCh38	GRCh38_0_based_half_open	NA	paper/bioinformatics/application_manifest.tsv;paper/bioinformatics/application_selection.json	phase3_v1_preregistered_application_universe
target_only	NA	NA	phase3_application_role_ordinal	185	NA	at0185	NA	b58f0743e3a0e748e54a8074a936ce51dda91b7ee82338a0201b8e474a74c64e	NA	chr21:44571729-44574229	GRCh38	GRCh38_0_based_half_open	NA	paper/bioinformatics/application_manifest.tsv;paper/bioinformatics/application_selection.json	phase3_v1_preregistered_application_universe
target_only	NA	NA	phase3_application_role_ordinal	186	NA	at0186	NA	bd0df357ce1d3eacbaf1cab8b70a22272cdbfce72f77d830dfe6377a10e47826	NA	chr21:44580104-44582604	GRCh38	GRCh38_0_based_half_open	NA	paper/bioinformatics/application_manifest.tsv;paper/bioinformatics/application_selection.json	phase3_v1_preregistered_application_universe
target_only	NA	NA	phase3_application_role_ordinal	187	NA	at0187	NA	8dd5d6b49c17fcf96c0239d1367346caaa144fb5e9961ec8941dae8c60b9086e	NA	chr21:44592005-44594505	GRCh38	GRCh38_0_based_half_open	NA	paper/bioinformatics/application_manifest.tsv;paper/bioinformatics/application_selection.json	phase3_v1_preregistered_application_universe
target_only	NA	NA	phase3_application_role_ordinal	188	NA	at0188	NA	c7ba6a159c4942f67271249dfbb82035bf1efa19dc4befd44940aa3f6d2c26f8	NA	chr21:44598597-44601097	GRCh38	GRCh38_0_based_half_open	NA	paper/bioinformatics/application_manifest.tsv;paper/bioinformatics/application_selection.json	phase3_v1_preregistered_application_universe
target_only	NA	NA	phase3_application_role_ordinal	189	NA	at0189	NA	09f4327c1958e834c273ca532a9e3bc7071fdbb8e715a6b1df4056d5338678ce	NA	chr21:44610079-44612579	GRCh38	GRCh38_0_based_half_open	NA	paper/bioinformatics/application_manifest.tsv;paper/bioinformatics/application_selection.json	phase3_v1_preregistered_application_universe
target_only	NA	NA	phase3_application_role_ordinal	19	NA	at0019	NA	9963154c2e7822a3ea5910d1376cb14f374f491e5f7407175d81633e1f508d3f	NA	chr21:26170270-26172770	GRCh38	GRCh38_0_based_half_open	NA	paper/bioinformatics/application_manifest.tsv;paper/bioinformatics/application_selection.json	phase3_v1_preregistered_application_universe
target_only	NA	NA	phase3_application_role_ordinal	190	NA	at0190	NA	3b2228579451c889275e314c97fae308477072d9bdbfc0093012e2e7950bd6c0	NA	chr21:44625093-44627593	GRCh38	GRCh38_0_based_half_open	NA	paper/bioinformatics/application_manifest.tsv;paper/bioinformatics/application_selection.json	phase3_v1_preregistered_application_universe
target_only	NA	NA	phase3_application_role_ordinal	191	NA	at0191	NA	5fc1c6fe67fb68465d38b9cbb8cc415c5bbd50c7582abf77a93c102050032194	NA	chr21:44635356-44637856	GRCh38	GRCh38_0_based_half_open	NA	paper/bioinformatics/application_manifest.tsv;paper/bioinformatics/application_selection.json	phase3_v1_preregistered_application_universe
target_only	NA	NA	phase3_application_role_ordinal	192	NA	at0192	NA	5977601704ed71136f64719055e93479f95ddfd94ad735869a6d2a8017458c67	NA	chr21:44644414-44646914	GRCh38	GRCh38_0_based_half_open	NA	paper/bioinformatics/application_manifest.tsv;paper/bioinformatics/application_selection.json	phase3_v1_preregistered_application_universe
target_only	NA	NA	phase3_application_role_ordinal	193	NA	at0193	NA	9682619021ec937ab41f0ffac7a189c132192e073ea0471ab9ebb6acf47ea86a	NA	chr21:44654159-44656659	GRCh38	GRCh38_0_based_half_open	NA	paper/bioinformatics/application_manifest.tsv;paper/bioinformatics/application_selection.json	phase3_v1_preregistered_application_universe
target_only	NA	NA	phase3_application_role_ordinal	194	NA	at0194	NA	15c3c9bdfd35f312ea8715f3f72cc16421843c097bea18f7494bbd193484a668	NA	chr21:44655932-44658432	GRCh38	GRCh38_0_based_half_open	NA	paper/bioinformatics/application_manifest.tsv;paper/bioinformatics/application_selection.json	phase3_v1_preregistered_application_universe
target_only	NA	NA	phase3_application_role_ordinal	195	NA	at0195	NA	8c12c883ba773e1d6290eef5baa7f13d2a5bca6bd909caf6e971e0201cb860f2	NA	chr21:44666427-44668927	GRCh38	GRCh38_0_based_half_open	NA	paper/bioinformatics/application_manifest.tsv;paper/bioinformatics/application_selection.json	phase3_v1_preregistered_application_universe
target_only	NA	NA	phase3_application_role_ordinal	196	NA	at0196	NA	66fc60b6da742d24f63bb484bfa118aa9a4b9c19b9600ea021326cc7940e5a9b	NA	chr21:44681663-44684163	GRCh38	GRCh38_0_based_half_open	NA	paper/bioinformatics/application_manifest.tsv;paper/bioinformatics/application_selection.json	phase3_v1_preregistered_application_universe
target_only	NA	NA	phase3_application_role_ordinal	197	NA	at0197	NA	364db8d95b40faf1051ab723f071f371e3d76ddde6da1f4e5c9a030178995e9b	NA	chr21:44695172-44697672	GRCh38	GRCh38_0_based_half_open	NA	paper/bioinformatics/application_manifest.tsv;paper/bioinformatics/application_selection.json	phase3_v1_preregistered_application_universe
target_only	NA	NA	phase3_application_role_ordinal	198	NA	at0198	NA	35ffb4c1137425b2efeb6feadb3e246370f5070a890699a7a478ae7068577563	NA	chr21:44711072-44713572	GRCh38	GRCh38_0_based_half_open	NA	paper/bioinformatics/application_manifest.tsv;paper/bioinformatics/application_selection.json	phase3_v1_preregistered_application_universe
target_only	NA	NA	phase3_application_role_ordinal	199	NA	at0199	NA	377c3d9987139b51cd9b107235a8bf80c888cc108c5cbc2620eb75e1d96b4ba2	NA	chr21:44801320-44803820	GRCh38	GRCh38_0_based_half_open	NA	paper/bioinformatics/application_manifest.tsv;paper/bioinformatics/application_selection.json	phase3_v1_preregistered_application_universe
target_only	NA	NA	phase3_application_role_ordinal	2	NA	at0002	NA	f77aa96ecc1d102d64aede6b135fd1b5a8a9c7813edfc621b79d8c400a3c9d51	NA	chr21:13607777-13610277	GRCh38	GRCh38_0_based_half_open	NA	paper/bioinformatics/application_manifest.tsv;paper/bioinformatics/application_selection.json	phase3_v1_preregistered_application_universe
target_only	NA	NA	phase3_application_role_ordinal	20	NA	at0020	NA	b03f03ca0665bc46b20e7c9a8fb52ce245a6615258375369c2b73331c3f1a3d1	NA	chr21:26572786-26575286	GRCh38	GRCh38_0_based_half_open	NA	paper/bioinformatics/application_manifest.tsv;paper/bioinformatics/application_selection.json	phase3_v1_preregistered_application_universe
target_only	NA	NA	phase3_application_role_ordinal	200	NA	at0200	NA	6e101787537aff5576f63132e7053f0a223f0233402bf5fa60efb64a253578b7	NA	chr21:44817562-44820062	GRCh38	GRCh38_0_based_half_open	NA	paper/bioinformatics/application_manifest.tsv;paper/bioinformatics/application_selection.json	phase3_v1_preregistered_application_universe
target_only	NA	NA	phase3_application_role_ordinal	201	NA	at0201	NA	4c1c11681e43942e692e936d0c85ca1d284688d092c1269dff707765e8dd31d2	NA	chr21:44873190-44875690	GRCh38	GRCh38_0_based_half_open	NA	paper/bioinformatics/application_manifest.tsv;paper/bioinformatics/application_selection.json	phase3_v1_preregistered_application_universe
target_only	NA	NA	phase3_application_role_ordinal	202	NA	at0202	NA	350dda4178d89fe35b8141b5c991c8c61db46c532140e2f87d605bd4df1bd3f2	NA	chr21:44920399-44922899	GRCh38	GRCh38_0_based_half_open	NA	paper/bioinformatics/application_manifest.tsv;paper/bioinformatics/application_selection.json	phase3_v1_preregistered_application_universe
target_only	NA	NA	phase3_application_role_ordinal	203	NA	at0203	NA	e4d076db22b2017be4e6368f2e959f43768e6a226c6e54fed9f52acc6b55e309	NA	chr21:44938029-44940529	GRCh38	GRCh38_0_based_half_open	NA	paper/bioinformatics/application_manifest.tsv;paper/bioinformatics/application_selection.json	phase3_v1_preregistered_application_universe
target_only	NA	NA	phase3_application_role_ordinal	204	NA	at0204	NA	579fba1dafbd0520abcb973e1d6a6427019f6754e8ddc027be202ac6018e314c	NA	chr21:45072580-45075080	GRCh38	GRCh38_0_based_half_open	NA	paper/bioinformatics/application_manifest.tsv;paper/bioinformatics/application_selection.json	phase3_v1_preregistered_application_universe
target_only	NA	NA	phase3_application_role_ordinal	205	NA	at0205	NA	2e7d97588d065aa78b5c02c85e16a7d3bcc279b72e2e675c1d0b96eae798584b	NA	chr21:45287395-45289895	GRCh38	GRCh38_0_based_half_open	NA	paper/bioinformatics/application_manifest.tsv;paper/bioinformatics/application_selection.json	phase3_v1_preregistered_application_universe
target_only	NA	NA	phase3_application_role_ordinal	206	NA	at0206	NA	06300c7f1df28c41401ed6471e75337bd2d8c4fdb66a59e1a96e82f35196def7	NA	chr21:45403165-45405665	GRCh38	GRCh38_0_based_half_open	NA	paper/bioinformatics/application_manifest.tsv;paper/bioinformatics/application_selection.json	phase3_v1_preregistered_application_universe
target_only	NA	NA	phase3_application_role_ordinal	207	NA	at0207	NA	02d59fac10eb41c1d68788121ebf6b5b1a4bdd7b32b6abe2f74cbf6e84a5abac	NA	chr21:45541940-45544440	GRCh38	GRCh38_0_based_half_open	NA	paper/bioinformatics/application_manifest.tsv;paper/bioinformatics/application_selection.json	phase3_v1_preregistered_application_universe
target_only	NA	NA	phase3_application_role_ordinal	208	NA	at0208	NA	7a87a252622af592bbd1d26c24cd5df9e0d1f3ee8fe1ea6041103c5a1374a5b4	NA	chr21:45641725-45644225	GRCh38	GRCh38_0_based_half_open	NA	paper/bioinformatics/application_manifest.tsv;paper/bioinformatics/application_selection.json	phase3_v1_preregistered_application_universe
target_only	NA	NA	phase3_application_role_ordinal	209	NA	at0209	NA	8b842d77f7bfcf849837f4d6d3b67f7d77fb135af1df512c04c0ebd32579a2df	NA	chr21:45979770-45982270	GRCh38	GRCh38_0_based_half_open	NA	paper/bioinformatics/application_manifest.tsv;paper/bioinformatics/application_selection.json	phase3_v1_preregistered_application_universe
target_only	NA	NA	phase3_application_role_ordinal	21	NA	at0021	NA	feff54abac002cc49c3c5725aa126adf2c11abd86d4bde0b884f8996fa774544	NA	chr21:26844909-26847409	GRCh38	GRCh38_0_based_half_open	NA	paper/bioinformatics/application_manifest.tsv;paper/bioinformatics/application_selection.json	phase3_v1_preregistered_application_universe
target_only	NA	NA	phase3_application_role_ordinal	210	NA	at0210	NA	9d3ce0c2190e4213e8b65947584d348ff3169e31c414808bcc9fd1480351e22a	NA	chr21:46096112-46098612	GRCh38	GRCh38_0_based_half_open	NA	paper/bioinformatics/application_manifest.tsv;paper/bioinformatics/application_selection.json	phase3_v1_preregistered_application_universe
target_only	NA	NA	phase3_application_role_ordinal	211	NA	at0211	NA	f4eb778dfdaba9143d90fd85e9f8aed11c3ab55d8dc4875f871ff370f192bc9a	NA	chr21:46155079-46157579	GRCh38	GRCh38_0_based_half_open	NA	paper/bioinformatics/application_manifest.tsv;paper/bioinformatics/application_selection.json	phase3_v1_preregistered_application_universe
target_only	NA	NA	phase3_application_role_ordinal	212	NA	at0212	NA	30c0c8d14e391c581203e14aa824b64a7c52830c92dc7f20cefbcec9a630ffab	NA	chr21:46183959-46186459	GRCh38	GRCh38_0_based_half_open	NA	paper/bioinformatics/application_manifest.tsv;paper/bioinformatics/application_selection.json	phase3_v1_preregistered_application_universe
target_only	NA	NA	phase3_application_role_ordinal	213	NA	at0213	NA	a51842c3c794a4be024e9270c9281dfd1a51964bc8818767cddc8c5a00a8eed0	NA	chr21:46228274-46230774	GRCh38	GRCh38_0_based_half_open	NA	paper/bioinformatics/application_manifest.tsv;paper/bioinformatics/application_selection.json	phase3_v1_preregistered_application_universe
target_only	NA	NA	phase3_application_role_ordinal	214	NA	at0214	NA	da371218b3b27a6d5fcef99a4655447b9c6f376186c62d29de3b601cb57c4287	NA	chr21:46285111-46287611	GRCh38	GRCh38_0_based_half_open	NA	paper/bioinformatics/application_manifest.tsv;paper/bioinformatics/application_selection.json	phase3_v1_preregistered_application_universe
target_only	NA	NA	phase3_application_role_ordinal	215	NA	at0215	NA	e3d9b44ef6baa0d2bf54cd08bda3a0c5fcf42314dded67d9b060b224aa4ffd98	NA	chr21:46284342-46286842	GRCh38	GRCh38_0_based_half_open	NA	paper/bioinformatics/application_manifest.tsv;paper/bioinformatics/application_selection.json	phase3_v1_preregistered_application_universe
target_only	NA	NA	phase3_application_role_ordinal	216	NA	at0216	NA	f25013c9a6bd8576257058e9d5be4e307cfb311fe86047bafd1b64ad7a86f38a	NA	chr21:46323370-46325870	GRCh38	GRCh38_0_based_half_open	NA	paper/bioinformatics/application_manifest.tsv;paper/bioinformatics/application_selection.json	phase3_v1_preregistered_application_universe
target_only	NA	NA	phase3_application_role_ordinal	217	NA	at0217	NA	d010ac4717effe5e9c19c9bbfc4e8bbedfcef31943e007dcc1a13a3a80a51141	NA	chr21:46322156-46324656	GRCh38	GRCh38_0_based_half_open	NA	paper/bioinformatics/application_manifest.tsv;paper/bioinformatics/application_selection.json	phase3_v1_preregistered_application_universe
target_only	NA	NA	phase3_application_role_ordinal	218	NA	at0218	NA	8949d08db29377c84e36de084a7e80484486a771ccfee762afe150484c39a8cf	NA	chr21:46324288-46326788	GRCh38	GRCh38_0_based_half_open	NA	paper/bioinformatics/application_manifest.tsv;paper/bioinformatics/application_selection.json	phase3_v1_preregistered_application_universe
target_only	NA	NA	phase3_application_role_ordinal	219	NA	at0219	NA	7787a18675cb749a08961269b9f1289ac2aee4366329022e09f3ef60e1f2b8a8	NA	chr21:46456891-46459391	GRCh38	GRCh38_0_based_half_open	NA	paper/bioinformatics/application_manifest.tsv;paper/bioinformatics/application_selection.json	phase3_v1_preregistered_application_universe
target_only	NA	NA	phase3_application_role_ordinal	22	NA	at0022	NA	040bc546588999c494ed6efa4298deb002d05ec1bd983b3fd880430bc58126b3	NA	chr21:26966588-26969088	GRCh38	GRCh38_0_based_half_open	NA	paper/bioinformatics/application_manifest.tsv;paper/bioinformatics/application_selection.json	phase3_v1_preregistered_application_universe
target_only	NA	NA	phase3_application_role_ordinal	220	NA	at0220	NA	96225de0815b6c8a5b48625a96137ef61e5455eb538bf52fd444886bb3b89cab	NA	chr21:46604582-46607082	GRCh38	GRCh38_0_based_half_open	NA	paper/bioinformatics/application_manifest.tsv;paper/bioinformatics/application_selection.json	phase3_v1_preregistered_application_universe
target_only	NA	NA	phase3_application_role_ordinal	221	NA	at0221	NA	62e69fcdf120999ecef9e1e2d4681806e0ba49034aba39dd9a7fb329d1e49083	NA	chr21:46633674-46636174	GRCh38	GRCh38_0_based_half_open	NA	paper/bioinformatics/application_manifest.tsv;paper/bioinformatics/application_selection.json	phase3_v1_preregistered_application_universe
target_only	NA	NA	phase3_application_role_ordinal	222	NA	at0222	NA	0e445c018aec7d016e434b21f9844d14294a888f172fe103c7b88e792d2ddde2	NA	chr22:15526192-15528692	GRCh38	GRCh38_0_based_half_open	NA	paper/bioinformatics/application_manifest.tsv;paper/bioinformatics/application_selection.json	phase3_v1_preregistered_application_universe
target_only	NA	NA	phase3_application_role_ordinal	223	NA	at0223	NA	aed95f0085c314e6a9daf9821aa2dc2254047f5b0e0c80bee6fbf7dfd5ad57c6	NA	chr22:15688026-15690526	GRCh38	GRCh38_0_based_half_open	NA	paper/bioinformatics/application_manifest.tsv;paper/bioinformatics/application_selection.json	phase3_v1_preregistered_application_universe
target_only	NA	NA	phase3_application_role_ordinal	224	NA	at0224	NA	280fc99d1f3b49ac969d1404bd5f9b1d82dbd1037e45cb2e442096a7819bbb8f	NA	chr22:16592310-16594810	GRCh38	GRCh38_0_based_half_open	NA	paper/bioinformatics/application_manifest.tsv;paper/bioinformatics/application_selection.json	phase3_v1_preregistered_application_universe
target_only	NA	NA	phase3_application_role_ordinal	225	NA	at0225	NA	fa311faa1e0c4aaa79762c33503416399a3874f524668309c17ea416b7866065	NA	chr22:16824911-16827411	GRCh38	GRCh38_0_based_half_open	NA	paper/bioinformatics/application_manifest.tsv;paper/bioinformatics/application_selection.json	phase3_v1_preregistered_application_universe
target_only	NA	NA	phase3_application_role_ordinal	226	NA	at0226	NA	5ec6cf5730610d009943fb5626b7e9a831cfbe1202fd7b9e22cbad60a7cfffaa	NA	chr22:17007722-17010222	GRCh38	GRCh38_0_based_half_open	NA	paper/bioinformatics/application_manifest.tsv;paper/bioinformatics/application_selection.json	phase3_v1_preregistered_application_universe
target_only	NA	NA	phase3_application_role_ordinal	227	NA	at0227	NA	c4e105f6bb2cd5d9cc2ea5e805138875b1ee54e499bc384298bb219fc4b8ffb5	NA	chr22:17083000-17085500	GRCh38	GRCh38_0_based_half_open	NA	paper/bioinformatics/application_manifest.tsv;paper/bioinformatics/application_selection.json	phase3_v1_preregistered_application_universe
target_only	NA	NA	phase3_application_role_ordinal	228	NA	at0228	NA	e062f1f540278a756d8d0c401d21c949b81f7f41299374f93a1f0e87e8ee4e73	NA	chr22:17120860-17123360	GRCh38	GRCh38_0_based_half_open	NA	paper/bioinformatics/application_manifest.tsv;paper/bioinformatics/application_selection.json	phase3_v1_preregistered_application_universe
target_only	NA	NA	phase3_application_role_ordinal	229	NA	at0229	NA	c763b4e303abb20a26a154ad3ead52cbb4f4b99818033e28a0f97ff9f7de1517	NA	chr22:17158777-17161277	GRCh38	GRCh38_0_based_half_open	NA	paper/bioinformatics/application_manifest.tsv;paper/bioinformatics/application_selection.json	phase3_v1_preregistered_application_universe
target_only	NA	NA	phase3_application_role_ordinal	23	NA	at0023	NA	cc677d561aee31e2fd81f3d25efc74ac7d931b653f537bec2a1cf54953226826	NA	chr21:28884867-28887367	GRCh38	GRCh38_0_based_half_open	NA	paper/bioinformatics/application_manifest.tsv;paper/bioinformatics/application_selection.json	phase3_v1_preregistered_application_universe
target_only	NA	NA	phase3_application_role_ordinal	230	NA	at0230	NA	f79c341808bc1fb92ae0c4352afea49de174fe553e405aab375eae0f79a6c21e	NA	chr22:17218935-17221435	GRCh38	GRCh38_0_based_half_open	NA	paper/bioinformatics/application_manifest.tsv;paper/bioinformatics/application_selection.json	phase3_v1_preregistered_application_universe
target_only	NA	NA	phase3_application_role_ordinal	231	NA	at0231	NA	e78e73a140ca3c45b696ed83c8c7ccea5491c5708e8b8028d985817f56af8a20	NA	chr22:17367460-17369960	GRCh38	GRCh38_0_based_half_open	NA	paper/bioinformatics/application_manifest.tsv;paper/bioinformatics/application_selection.json	phase3_v1_preregistered_application_universe
target_only	NA	NA	phase3_application_role_ordinal	232	NA	at0232	NA	d753c976052d8b4db034bcee353dfeb7c150e999cf831f5dc33233b5ec7b1c54	NA	chr22:17561498-17563998	GRCh38	GRCh38_0_based_half_open	NA	paper/bioinformatics/application_manifest.tsv;paper/bioinformatics/application_selection.json	phase3_v1_preregistered_application_universe
target_only	NA	NA	phase3_application_role_ordinal	233	NA	at0233	NA	e34f734965a713dfeef67d9250920d084e274fd0b3a8f6058931ae47ff84f0c2	NA	chr22:17628249-17630749	GRCh38	GRCh38_0_based_half_open	NA	paper/bioinformatics/application_manifest.tsv;paper/bioinformatics/application_selection.json	phase3_v1_preregistered_application_universe
target_only	NA	NA	phase3_application_role_ordinal	234	NA	at0234	NA	0b4759b5a24c06ed069f4b3642b203f10161be724e93599a933b06dd8c715bcd	NA	chr22:17636757-17639257	GRCh38	GRCh38_0_based_half_open	NA	paper/bioinformatics/application_manifest.tsv;paper/bioinformatics/application_selection.json	phase3_v1_preregistered_application_universe
target_only	NA	NA	phase3_application_role_ordinal	235	NA	at0235	NA	9dfbf97e1ebcae2838be86d2b68b61c26a097c10c3c4afb524185b08d582722b	NA	chr22:17773969-17776469	GRCh38	GRCh38_0_based_half_open	NA	paper/bioinformatics/application_manifest.tsv;paper/bioinformatics/application_selection.json	phase3_v1_preregistered_application_universe
target_only	NA	NA	phase3_application_role_ordinal	236	NA	at0236	NA	460723b4296e89b1686d3ff19b4dced2d463505889f1c766d8a85960f0acf7d4	NA	chr22:18024061-18026561	GRCh38	GRCh38_0_based_half_open	NA	paper/bioinformatics/application_manifest.tsv;paper/bioinformatics/application_selection.json	phase3_v1_preregistered_application_universe
target_only	NA	NA	phase3_application_role_ordinal	237	NA	at0237	NA	3186a6a4708f6893e0d0dea98826abedaa9689a0bf26d03ecd894b013de7719c	NA	chr22:18075989-18078489	GRCh38	GRCh38_0_based_half_open	NA	paper/bioinformatics/application_manifest.tsv;paper/bioinformatics/application_selection.json	phase3_v1_preregistered_application_universe
target_only	NA	NA	phase3_application_role_ordinal	238	NA	at0238	NA	5f031bb0f74e7bb9f1962e1abfc4bd6e67e81156c5661902ae9c6555cf2e37f9	NA	chr22:18075990-18078490	GRCh38	GRCh38_0_based_half_open	NA	paper/bioinformatics/application_manifest.tsv;paper/bioinformatics/application_selection.json	phase3_v1_preregistered_application_universe
target_only	NA	NA	phase3_application_role_ordinal	239	NA	at0239	NA	1aaf12ab0d4f420223bc9f7362ea7d087622a110e8ea92d59c6516731fc588f2	NA	chr22:18108809-18111309	GRCh38	GRCh38_0_based_half_open	NA	paper/bioinformatics/application_manifest.tsv;paper/bioinformatics/application_selection.json	phase3_v1_preregistered_application_universe
target_only	NA	NA	phase3_application_role_ordinal	24	NA	at0024	NA	4f1e6222dde4e8a5f933a7eecf77c86f47410c955a732a45227bf98bbb8e8d66	NA	chr21:28992377-28994877	GRCh38	GRCh38_0_based_half_open	NA	paper/bioinformatics/application_manifest.tsv;paper/bioinformatics/application_selection.json	phase3_v1_preregistered_application_universe
target_only	NA	NA	phase3_application_role_ordinal	240	NA	at0240	NA	fff0742f04f4dabb451141560d60db570530863264742df56e75dfaf6cb46b28	NA	chr22:18148170-18150670	GRCh38	GRCh38_0_based_half_open	NA	paper/bioinformatics/application_manifest.tsv;paper/bioinformatics/application_selection.json	phase3_v1_preregistered_application_universe
target_only	NA	NA	phase3_application_role_ordinal	241	NA	at0241	NA	7c48030caa0e34cef99fb7a1784f508796bd1276cd6e0bec4857ae8bb820f7c8	NA	chr22:18517661-18520161	GRCh38	GRCh38_0_based_half_open	NA	paper/bioinformatics/application_manifest.tsv;paper/bioinformatics/application_selection.json	phase3_v1_preregistered_application_universe
target_only	NA	NA	phase3_application_role_ordinal	242	NA	at0242	NA	af4344ca682995d74c26fe8a61731e6c0f2ca3c3a0ae7e8ed3ff8b2aac562fec	NA	chr22:18525802-18528302	GRCh38	GRCh38_0_based_half_open	NA	paper/bioinformatics/application_manifest.tsv;paper/bioinformatics/application_selection.json	phase3_v1_preregistered_application_universe
target_only	NA	NA	phase3_application_role_ordinal	243	NA	at0243	NA	c772212e089f32f28dec1ddb7a277734bac4cb12d765e7ac2a7bf1bb7465e598	NA	chr22:18611419-18613919	GRCh38	GRCh38_0_based_half_open	NA	paper/bioinformatics/application_manifest.tsv;paper/bioinformatics/application_selection.json	phase3_v1_preregistered_application_universe
target_only	NA	NA	phase3_application_role_ordinal	244	NA	at0244	NA	10abcc86a2d5df8b2c3cea3f29cc31c217909dc8dee7a09e2f944b4dfbaa1434	NA	chr22:18631984-18634484	GRCh38	GRCh38_0_based_half_open	NA	paper/bioinformatics/application_manifest.tsv;paper/bioinformatics/application_selection.json	phase3_v1_preregistered_application_universe
target_only	NA	NA	phase3_application_role_ordinal	245	NA	at0245	NA	0ca87bb326000352996af66b55be692c7238a3ac69d3ec509b40f6eba40826a5	NA	chr22:18904238-18906738	GRCh38	GRCh38_0_based_half_open	NA	paper/bioinformatics/application_manifest.tsv;paper/bioinformatics/application_selection.json	phase3_v1_preregistered_application_universe
target_only	NA	NA	phase3_application_role_ordinal	246	NA	at0246	NA	af10af9f8c8965ecbd93718b30c4d1ccd6c62713fad6a593ddb122de75d8dc65	NA	chr22:18904320-18906820	GRCh38	GRCh38_0_based_half_open	NA	paper/bioinformatics/application_manifest.tsv;paper/bioinformatics/application_selection.json	phase3_v1_preregistered_application_universe
target_only	NA	NA	phase3_application_role_ordinal	247	NA	at0247	NA	431a7a8972cd5e97efeb0f34e00ba6f0aaf2a704911796ad9368f058443cdc8e	NA	chr22:18935793-18938293	GRCh38	GRCh38_0_based_half_open	NA	paper/bioinformatics/application_manifest.tsv;paper/bioinformatics/application_selection.json	phase3_v1_preregistered_application_universe
target_only	NA	NA	phase3_application_role_ordinal	248	NA	at0248	NA	63acc856127a88619fe633e417507d98b7a5a09a2eb91b24c38b47bf3b2d2e87	NA	chr22:19027524-19030024	GRCh38	GRCh38_0_based_half_open	NA	paper/bioinformatics/application_manifest.tsv;paper/bioinformatics/application_selection.json	phase3_v1_preregistered_application_universe
target_only	NA	NA	phase3_application_role_ordinal	249	NA	at0249	NA	3d8010e645e1ac315034dd50cd7e9249c18e58bf6ab3c6831947f2fa9e2c02d1	NA	chr22:19121912-19124412	GRCh38	GRCh38_0_based_half_open	NA	paper/bioinformatics/application_manifest.tsv;paper/bioinformatics/application_selection.json	phase3_v1_preregistered_application_universe
target_only	NA	NA	phase3_application_role_ordinal	25	NA	at0025	NA	f8f78f642a61cd7a39033ef2b71776655d0324285cf5903a47fe539dbd46084b	NA	chr21:29018849-29021349	GRCh38	GRCh38_0_based_half_open	NA	paper/bioinformatics/application_manifest.tsv;paper/bioinformatics/application_selection.json	phase3_v1_preregistered_application_universe
target_only	NA	NA	phase3_application_role_ordinal	250	NA	at0250	NA	3684c3b0d0d9799a5c385ae426afab2df525d197b70c5084ad80f9da8cba05a3	NA	chr22:19129308-19131808	GRCh38	GRCh38_0_based_half_open	NA	paper/bioinformatics/application_manifest.tsv;paper/bioinformatics/application_selection.json	phase3_v1_preregistered_application_universe
target_only	NA	NA	phase3_application_role_ordinal	251	NA	at0251	NA	1b3c55557b65dce35081c8c033867e6898756f453f98f9388999c9a97198cd5a	NA	chr22:19144151-19146651	GRCh38	GRCh38_0_based_half_open	NA	paper/bioinformatics/application_manifest.tsv;paper/bioinformatics/application_selection.json	phase3_v1_preregistered_application_universe
target_only	NA	NA	phase3_application_role_ordinal	252	NA	at0252	NA	e293a3a16bdf0430d3de90ef763b1db0957dd2ddd56edb8e0a5316a5dee59ff9	NA	chr22:19149792-19152292	GRCh38	GRCh38_0_based_half_open	NA	paper/bioinformatics/application_manifest.tsv;paper/bioinformatics/application_selection.json	phase3_v1_preregistered_application_universe
target_only	NA	NA	phase3_application_role_ordinal	253	NA	at0253	NA	bf51c89921474f490aba16c5329b264948db52910cc3b15690d9d99a1f6a262a	NA	chr22:19178236-19180736	GRCh38	GRCh38_0_based_half_open	NA	paper/bioinformatics/application_manifest.tsv;paper/bioinformatics/application_selection.json	phase3_v1_preregistered_application_universe
target_only	NA	NA	phase3_application_role_ordinal	254	NA	at0254	NA	92dcad905888121e35c6a41cec18789c40fa5d5cdfd10c850472b46d34497d13	NA	chr22:19291219-19293719	GRCh38	GRCh38_0_based_half_open	NA	paper/bioinformatics/application_manifest.tsv;paper/bioinformatics/application_selection.json	phase3_v1_preregistered_application_universe
target_only	NA	NA	phase3_application_role_ordinal	255	NA	at0255	NA	83c7994bc7b7de97ec6c7a7a3a9870be8942eaab189357c4ecdd784ecccfaf39	NA	chr22:19431233-19433733	GRCh38	GRCh38_0_based_half_open	NA	paper/bioinformatics/application_manifest.tsv;paper/bioinformatics/application_selection.json	phase3_v1_preregistered_application_universe
target_only	NA	NA	phase3_application_role_ordinal	256	NA	at0256	NA	c66ed03fbecb20d54918ef2b852edde149873eda3eb2f1d69b0b169deaeeae8d	NA	chr22:19430545-19433045	GRCh38	GRCh38_0_based_half_open	NA	paper/bioinformatics/application_manifest.tsv;paper/bioinformatics/application_selection.json	phase3_v1_preregistered_application_universe
target_only	NA	NA	phase3_application_role_ordinal	257	NA	at0257	NA	e29d8b837647e032bc76115bc7a022e7041cd143b781da67a8bda1879780d159	NA	chr22:19447211-19449711	GRCh38	GRCh38_0_based_half_open	NA	paper/bioinformatics/application_manifest.tsv;paper/bioinformatics/application_selection.json	phase3_v1_preregistered_application_universe
target_only	NA	NA	phase3_application_role_ordinal	258	NA	at0258	NA	f1f5647e9b5d7da969868203933ca75769c88b0de7492a20f33f400a5349576c	NA	chr22:19478693-19481193	GRCh38	GRCh38_0_based_half_open	NA	paper/bioinformatics/application_manifest.tsv;paper/bioinformatics/application_selection.json	phase3_v1_preregistered_application_universe
target_only	NA	NA	phase3_application_role_ordinal	259	NA	at0259	NA	2e4335bba715d06f1977337a96b015d7ebf9d9ef224e76505de18f66b7d36bc0	NA	chr22:19477920-19480420	GRCh38	GRCh38_0_based_half_open	NA	paper/bioinformatics/application_manifest.tsv;paper/bioinformatics/application_selection.json	phase3_v1_preregistered_application_universe
target_only	NA	NA	phase3_application_role_ordinal	26	NA	at0026	NA	733e8c83b43824d43b016e91dd16c932b204f818e8d0ce8a10f5b66cdc6af65a	NA	chr21:29022668-29025168	GRCh38	GRCh38_0_based_half_open	NA	paper/bioinformatics/application_manifest.tsv;paper/bioinformatics/application_selection.json	phase3_v1_preregistered_application_universe
target_only	NA	NA	phase3_application_role_ordinal	260	NA	at0260	NA	e4dd2ecb30026c7cccf72b245c30cec49ebfb006b5a3f2b7ce447b34dacd80e1	NA	chr22:19523910-19526410	GRCh38	GRCh38_0_based_half_open	NA	paper/bioinformatics/application_manifest.tsv;paper/bioinformatics/application_selection.json	phase3_v1_preregistered_application_universe
target_only	NA	NA	phase3_application_role_ordinal	261	NA	at0261	NA	1653128008b9925ffa9c73ce2d3d5e36f15313caffd395b911db7ff1ec53caa8	NA	chr22:19712503-19715003	GRCh38	GRCh38_0_based_half_open	NA	paper/bioinformatics/application_manifest.tsv;paper/bioinformatics/application_selection.json	phase3_v1_preregistered_application_universe
target_only	NA	NA	phase3_application_role_ordinal	262	NA	at0262	NA	56ce44770080b2eb7bb01ea46960c16f800234127f75679a1ad6465c5da8ab02	NA	chr22:19715220-19717720	GRCh38	GRCh38_0_based_half_open	NA	paper/bioinformatics/application_manifest.tsv;paper/bioinformatics/application_selection.json	phase3_v1_preregistered_application_universe
target_only	NA	NA	phase3_application_role_ordinal	263	NA	at0263	NA	52f181d104db95ec91d8c3c3c725fa28f5557fc16ab84f9bdedc97faecfc2094	NA	chr22:19721539-19724039	GRCh38	GRCh38_0_based_half_open	NA	paper/bioinformatics/application_manifest.tsv;paper/bioinformatics/application_selection.json	phase3_v1_preregistered_application_universe
target_only	NA	NA	phase3_application_role_ordinal	264	NA	at0264	NA	16ff0451e918d9fd341996d02ba831a501063b69a4c37bb0527b5b89a99ed74c	NA	chr22:19758778-19761278	GRCh38	GRCh38_0_based_half_open	NA	paper/bioinformatics/application_manifest.tsv;paper/bioinformatics/application_selection.json	phase3_v1_preregistered_application_universe
target_only	NA	NA	phase3_application_role_ordinal	265	NA	at0265	NA	3c6b2ca51eaa0fede451bc26d288f1873d9f87a82bc6cdc85469bd19c6306a52	NA	chr22:19854374-19856874	GRCh38	GRCh38_0_based_half_open	NA	paper/bioinformatics/application_manifest.tsv;paper/bioinformatics/application_selection.json	phase3_v1_preregistered_application_universe
target_only	NA	NA	phase3_application_role_ordinal	266	NA	at0266	NA	3c6b2ca51eaa0fede451bc26d288f1873d9f87a82bc6cdc85469bd19c6306a52	NA	chr22:19854374-19856874	GRCh38	GRCh38_0_based_half_open	NA	paper/bioinformatics/application_manifest.tsv;paper/bioinformatics/application_selection.json	phase3_v1_preregistered_application_universe
target_only	NA	NA	phase3_application_role_ordinal	267	NA	at0267	NA	2080181f876a9fab92b823046bcfd435fd55d5aba26b57dc9086dcbf6bf75424	NA	chr22:19939772-19942272	GRCh38	GRCh38_0_based_half_open	NA	paper/bioinformatics/application_manifest.tsv;paper/bioinformatics/application_selection.json	phase3_v1_preregistered_application_universe
target_only	NA	NA	phase3_application_role_ordinal	268	NA	at0268	NA	2e44a13fb862bef77a78de1eb3b108860ab2c8ebcd34893b0676c51c7a519ea0	NA	chr22:19941318-19943818	GRCh38	GRCh38_0_based_half_open	NA	paper/bioinformatics/application_manifest.tsv;paper/bioinformatics/application_selection.json	phase3_v1_preregistered_application_universe
target_only	NA	NA	phase3_application_role_ordinal	269	NA	at0269	NA	b39b6df29cc1975d5924a3879bd3545fced2bcd2dae68f04d20d64a88e0d240b	NA	chr22:20016323-20018823	GRCh38	GRCh38_0_based_half_open	NA	paper/bioinformatics/application_manifest.tsv;paper/bioinformatics/application_selection.json	phase3_v1_preregistered_application_universe
target_only	NA	NA	phase3_application_role_ordinal	27	NA	at0027	NA	69d094d8b0e68f39e9cc65a2f2cea688f931d3ca3204e6ad970aaa2f4e3427fa	NA	chr21:29073148-29075648	GRCh38	GRCh38_0_based_half_open	NA	paper/bioinformatics/application_manifest.tsv;paper/bioinformatics/application_selection.json	phase3_v1_preregistered_application_universe
target_only	NA	NA	phase3_application_role_ordinal	270	NA	at0270	NA	887b0e57e4cd2d40f96a36067d6241c95c22902cf4cb56940073fcd7cecb4cc0	NA	chr22:20019110-20021610	GRCh38	GRCh38_0_based_half_open	NA	paper/bioinformatics/application_manifest.tsv;paper/bioinformatics/application_selection.json	phase3_v1_preregistered_application_universe
target_only	NA	NA	phase3_application_role_ordinal	271	NA	at0271	NA	4078cc46537d7c528f68f5131d53a5c8fd82744b335b6dd649183b37b9ec7fa1	NA	chr22:20078241-20080741	GRCh38	GRCh38_0_based_half_open	NA	paper/bioinformatics/application_manifest.tsv;paper/bioinformatics/application_selection.json	phase3_v1_preregistered_application_universe
target_only	NA	NA	phase3_application_role_ordinal	272	NA	at0272	NA	7adc2e27fe05305d04c9432432fb220a4b2d4a141ab494d1db682249a16dd413	NA	chr22:20114104-20116604	GRCh38	GRCh38_0_based_half_open	NA	paper/bioinformatics/application_manifest.tsv;paper/bioinformatics/application_selection.json	phase3_v1_preregistered_application_universe
target_only	NA	NA	phase3_application_role_ordinal	273	NA	at0273	NA	fdfe83614ef6578f5b6daa6ffb9c3e1e8f8bde90bd0924da61f19d61b27237e5	NA	chr22:20116726-20119226	GRCh38	GRCh38_0_based_half_open	NA	paper/bioinformatics/application_manifest.tsv;paper/bioinformatics/application_selection.json	phase3_v1_preregistered_application_universe
target_only	NA	NA	phase3_application_role_ordinal	274	NA	at0274	NA	98b6a1c8d85c244427bea29474b11800a6cb2a627623015f5b84b35b499455ce	NA	chr22:20129804-20132304	GRCh38	GRCh38_0_based_half_open	NA	paper/bioinformatics/application_manifest.tsv;paper/bioinformatics/application_selection.json	phase3_v1_preregistered_application_universe
target_only	NA	NA	phase3_application_role_ordinal	275	NA	at0275	NA	6c7e440615c06f68078a0cbd51258114cbeb0df6c34a5fb9bdec2868de77af7b	NA	chr22:20150555-20153055	GRCh38	GRCh38_0_based_half_open	NA	paper/bioinformatics/application_manifest.tsv;paper/bioinformatics/application_selection.json	phase3_v1_preregistered_application_universe
target_only	NA	NA	phase3_application_role_ordinal	276	NA	at0276	NA	a3a50d356a07159c511bf4059b61c880492778c9208a69fd1bd99c232d33466e	NA	chr22:20267818-20270318	GRCh38	GRCh38_0_based_half_open	NA	paper/bioinformatics/application_manifest.tsv;paper/bioinformatics/application_selection.json	phase3_v1_preregistered_application_universe
target_only	NA	NA	phase3_application_role_ordinal	277	NA	at0277	NA	ef8aaf7811d0c87d04a63ee8758d6de21e7467715936263cf66ab2140e8f652c	NA	chr22:20319560-20322060	GRCh38	GRCh38_0_based_half_open	NA	paper/bioinformatics/application_manifest.tsv;paper/bioinformatics/application_selection.json	phase3_v1_preregistered_application_universe
target_only	NA	NA	phase3_application_role_ordinal	278	NA	at0278	NA	33aca67b494489f3edcd3789e8c74c6b9873ca63e1b4d07c7ef9f7b018b26201	NA	chr22:20392151-20394651	GRCh38	GRCh38_0_based_half_open	NA	paper/bioinformatics/application_manifest.tsv;paper/bioinformatics/application_selection.json	phase3_v1_preregistered_application_universe
target_only	NA	NA	phase3_application_role_ordinal	279	NA	at0279	NA	c0a34e43f346c1ff0b8908ef87403c655eae420786369c478fd4c9ab80901b73	NA	chr22:20437325-20439825	GRCh38	GRCh38_0_based_half_open	NA	paper/bioinformatics/application_manifest.tsv;paper/bioinformatics/application_selection.json	phase3_v1_preregistered_application_universe
target_only	NA	NA	phase3_application_role_ordinal	28	NA	at0028	NA	2abd4cc9087481e69299d87b92f14c4059647095155b4144baef543677d65de4	NA	chr21:29128644-29131144	GRCh38	GRCh38_0_based_half_open	NA	paper/bioinformatics/application_manifest.tsv;paper/bioinformatics/application_selection.json	phase3_v1_preregistered_application_universe
target_only	NA	NA	phase3_application_role_ordinal	280	NA	at0280	NA	0516624b3159cf5398ac3c64e9562ccf25b20284ea161bc82db79aa61d1b02a5	NA	chr22:20446120-20448620	GRCh38	GRCh38_0_based_half_open	NA	paper/bioinformatics/application_manifest.tsv;paper/bioinformatics/application_selection.json	phase3_v1_preregistered_application_universe
target_only	NA	NA	phase3_application_role_ordinal	281	NA	at0281	NA	293aa2a70388d703e035c8755425a2335e4feb91c06047cffef341552620d7f9	NA	chr22:20495295-20497795	GRCh38	GRCh38_0_based_half_open	NA	paper/bioinformatics/application_manifest.tsv;paper/bioinformatics/application_selection.json	phase3_v1_preregistered_application_universe
target_only	NA	NA	phase3_application_role_ordinal	282	NA	at0282	NA	c3d86f59e0268842cc0138bb4d27fb861d756fabf7e7968cf5900b70effe18ce	NA	chr22:20505610-20508110	GRCh38	GRCh38_0_based_half_open	NA	paper/bioinformatics/application_manifest.tsv;paper/bioinformatics/application_selection.json	phase3_v1_preregistered_application_universe
target_only	NA	NA	phase3_application_role_ordinal	283	NA	at0283	NA	4101dfc9b8f22868ac0c7056fe2e7c3518c75f68879f548ece3149198fdbe2ac	NA	chr22:20772113-20774613	GRCh38	GRCh38_0_based_half_open	NA	paper/bioinformatics/application_manifest.tsv;paper/bioinformatics/application_selection.json	phase3_v1_preregistered_application_universe
target_only	NA	NA	phase3_application_role_ordinal	284	NA	at0284	NA	6b5410d5e1cdbb4d83f4c06b1902fd21d60571cba552fbeeaf10ff6d8d9bd5c9	NA	chr22:20858311-20860811	GRCh38	GRCh38_0_based_half_open	NA	paper/bioinformatics/application_manifest.tsv;paper/bioinformatics/application_selection.json	phase3_v1_preregistered_application_universe
target_only	NA	NA	phase3_application_role_ordinal	285	NA	at0285	NA	38fa7055686431b41d102b8df27ebfd1d506d8bcc11b6a8ec1bacaf4553846d5	NA	chr22:20857007-20859507	GRCh38	GRCh38_0_based_half_open	NA	paper/bioinformatics/application_manifest.tsv;paper/bioinformatics/application_selection.json	phase3_v1_preregistered_application_universe
target_only	NA	NA	phase3_application_role_ordinal	286	NA	at0286	NA	d16312bf20d9c742e3e40d570768801c0cf459913734f4e8c22647458855f69d	NA	chr22:20915407-20917907	GRCh38	GRCh38_0_based_half_open	NA	paper/bioinformatics/application_manifest.tsv;paper/bioinformatics/application_selection.json	phase3_v1_preregistered_application_universe
target_only	NA	NA	phase3_application_role_ordinal	287	NA	at0287	NA	5a5335c057bdeb0e89fab94e36eec49b0f4ca0a2a4c74ed7cec7cb3e574c1887	NA	chr22:20965255-20967755	GRCh38	GRCh38_0_based_half_open	NA	paper/bioinformatics/application_manifest.tsv;paper/bioinformatics/application_selection.json	phase3_v1_preregistered_application_universe
target_only	NA	NA	phase3_application_role_ordinal	288	NA	at0288	NA	9470e5786641b00ce30f8346d4a22913807ab0000820ff1422a96f331f369aaf	NA	chr22:20980297-20982797	GRCh38	GRCh38_0_based_half_open	NA	paper/bioinformatics/application_manifest.tsv;paper/bioinformatics/application_selection.json	phase3_v1_preregistered_application_universe
target_only	NA	NA	phase3_application_role_ordinal	289	NA	at0289	NA	a8bad756c16d8303c3497d6ad4b429490d6143b7f292ab9ab75333d3487eefd4	NA	chr22:21001618-21004118	GRCh38	GRCh38_0_based_half_open	NA	paper/bioinformatics/application_manifest.tsv;paper/bioinformatics/application_selection.json	phase3_v1_preregistered_application_universe
target_only	NA	NA	phase3_application_role_ordinal	29	NA	at0029	NA	6ec2cf23c4aca7aa051dabac3a88694fa14e0a279e6c16dee9b813980fb9a376	NA	chr21:29296922-29299422	GRCh38	GRCh38_0_based_half_open	NA	paper/bioinformatics/application_manifest.tsv;paper/bioinformatics/application_selection.json	phase3_v1_preregistered_application_universe
target_only	NA	NA	phase3_application_role_ordinal	290	NA	at0290	NA	153dcd39ba6b99e70fb3921bb51b55167dcceb3923b79c3151da47a1714d5db5	NA	chr22:21013792-21016292	GRCh38	GRCh38_0_based_half_open	NA	paper/bioinformatics/application_manifest.tsv;paper/bioinformatics/application_selection.json	phase3_v1_preregistered_application_universe
target_only	NA	NA	phase3_application_role_ordinal	291	NA	at0291	NA	109ba6fd83633683302ce30d425e977c7382530e1c7fc1c8330fc9dd7630d2a1	NA	chr22:21013165-21015665	GRCh38	GRCh38_0_based_half_open	NA	paper/bioinformatics/application_manifest.tsv;paper/bioinformatics/application_selection.json	phase3_v1_preregistered_application_universe
target_only	NA	NA	phase3_application_role_ordinal	292	NA	at0292	NA	31e91be548c96fd3483f0ba56e19808a3020a688aec066835d8ba2753024462a	NA	chr22:21032061-21034561	GRCh38	GRCh38_0_based_half_open	NA	paper/bioinformatics/application_manifest.tsv;paper/bioinformatics/application_selection.json	phase3_v1_preregistered_application_universe
target_only	NA	NA	phase3_application_role_ordinal	293	NA	at0293	NA	dba628e7dfe2a95c92b2f68296a09967b712134a8d5598d0139bba209e361ca0	NA	chr22:21032072-21034572	GRCh38	GRCh38_0_based_half_open	NA	paper/bioinformatics/application_manifest.tsv;paper/bioinformatics/application_selection.json	phase3_v1_preregistered_application_universe
target_only	NA	NA	phase3_application_role_ordinal	294	NA	at0294	NA	cfd7a92d52ab29e20d463a9a18227971ebb40ed68df2ce828c122c45a4b9a0d2	NA	chr22:21043946-21046446	GRCh38	GRCh38_0_based_half_open	NA	paper/bioinformatics/application_manifest.tsv;paper/bioinformatics/application_selection.json	phase3_v1_preregistered_application_universe
target_only	NA	NA	phase3_application_role_ordinal	295	NA	at0295	NA	8f2bb7fb781fa374fa5d60c307496c9b14ebabdb6521bed5df19cb4d9d4bff47	NA	chr22:21360799-21363299	GRCh38	GRCh38_0_based_half_open	NA	paper/bioinformatics/application_manifest.tsv;paper/bioinformatics/application_selection.json	phase3_v1_preregistered_application_universe
target_only	NA	NA	phase3_application_role_ordinal	296	NA	at0296	NA	c9757bcee1fcbd5bdde0f3cb524f2cc786c564868e4fcb27833f293ae0672755	NA	chr22:21381751-21384251	GRCh38	GRCh38_0_based_half_open	NA	paper/bioinformatics/application_manifest.tsv;paper/bioinformatics/application_selection.json	phase3_v1_preregistered_application_universe
target_only	NA	NA	phase3_application_role_ordinal	297	NA	at0297	NA	919e6a5e24aeee90111fcb47c87e0faa64e200acef199f296a7dd41f7f3cb886	NA	chr22:21415371-21417871	GRCh38	GRCh38_0_based_half_open	NA	paper/bioinformatics/application_manifest.tsv;paper/bioinformatics/application_selection.json	phase3_v1_preregistered_application_universe
target_only	NA	NA	phase3_application_role_ordinal	298	NA	at0298	NA	463a80b06379ba888e63e45bb5ff8584f0cd25768938919b6484ed2a04afefb4	NA	chr22:21465387-21467887	GRCh38	GRCh38_0_based_half_open	NA	paper/bioinformatics/application_manifest.tsv;paper/bioinformatics/application_selection.json	phase3_v1_preregistered_application_universe
target_only	NA	NA	phase3_application_role_ordinal	299	NA	at0299	NA	d43d863bdca092b2e7fb326647c48fefa28538ffb88f183945f117a28c9ee756	NA	chr22:21550961-21553461	GRCh38	GRCh38_0_based_half_open	NA	paper/bioinformatics/application_manifest.tsv;paper/bioinformatics/application_selection.json	phase3_v1_preregistered_application_universe
target_only	NA	NA	phase3_application_role_ordinal	3	NA	at0003	NA	7feefd0d1affaa9efcccb6e066a8b0bf71383f824bdd65492565649d8d6d0b79	NA	chr21:14210455-14212955	GRCh38	GRCh38_0_based_half_open	NA	paper/bioinformatics/application_manifest.tsv;paper/bioinformatics/application_selection.json	phase3_v1_preregistered_application_universe
target_only	NA	NA	phase3_application_role_ordinal	30	NA	at0030	NA	8ee48a4755da0a0eca172c8f9e31b3eae599ee231dd54c7dd7a360f6abebd618	NA	chr21:29939496-29941996	GRCh38	GRCh38_0_based_half_open	NA	paper/bioinformatics/application_manifest.tsv;paper/bioinformatics/application_selection.json	phase3_v1_preregistered_application_universe
target_only	NA	NA	phase3_application_role_ordinal	300	NA	at0300	NA	ba2474a62a600408a65f8e552e5aeb9bf12dfd2ad3cc3294d7fd67b676b48356	NA	chr22:21565714-21568214	GRCh38	GRCh38_0_based_half_open	NA	paper/bioinformatics/application_manifest.tsv;paper/bioinformatics/application_selection.json	phase3_v1_preregistered_application_universe
target_only	NA	NA	phase3_application_role_ordinal	301	NA	at0301	NA	ea9d654b47b100f0525620ed032cf6a010e67d0e01042425c64ed6857e8c3112	NA	chr22:21629522-21632022	GRCh38	GRCh38_0_based_half_open	NA	paper/bioinformatics/application_manifest.tsv;paper/bioinformatics/application_selection.json	phase3_v1_preregistered_application_universe
target_only	NA	NA	phase3_application_role_ordinal	302	NA	at0302	NA	822946522edb319fc59464276a2b3e38989f29fe0e7a61c43ae59d272cc3e8eb	NA	chr22:21630760-21633260	GRCh38	GRCh38_0_based_half_open	NA	paper/bioinformatics/application_manifest.tsv;paper/bioinformatics/application_selection.json	phase3_v1_preregistered_application_universe
target_only	NA	NA	phase3_application_role_ordinal	303	NA	at0303	NA	a37fc33d72f18c309bf0a5a719ebc9a24552f247180e13cb2701a1ed027fb640	NA	chr22:21640302-21642802	GRCh38	GRCh38_0_based_half_open	NA	paper/bioinformatics/application_manifest.tsv;paper/bioinformatics/application_selection.json	phase3_v1_preregistered_application_universe
target_only	NA	NA	phase3_application_role_ordinal	304	NA	at0304	NA	c4c2f66bfc190518e181f52f4fb8c4a02c9c3e58bbad6e7efd29838945ef856a	NA	chr22:21664012-21666512	GRCh38	GRCh38_0_based_half_open	NA	paper/bioinformatics/application_manifest.tsv;paper/bioinformatics/application_selection.json	phase3_v1_preregistered_application_universe
target_only	NA	NA	phase3_application_role_ordinal	305	NA	at0305	NA	8e9db766550d287c8430d22cfb6f5a721e3343067c65fb8199c1ba81cc22f89d	NA	chr22:21735294-21737794	GRCh38	GRCh38_0_based_half_open	NA	paper/bioinformatics/application_manifest.tsv;paper/bioinformatics/application_selection.json	phase3_v1_preregistered_application_universe
target_only	NA	NA	phase3_application_role_ordinal	306	NA	at0306	NA	b217d29202ae0b7017944460433719417cd9bc83b1a39153d993c9f097997497	NA	chr22:21867145-21869645	GRCh38	GRCh38_0_based_half_open	NA	paper/bioinformatics/application_manifest.tsv;paper/bioinformatics/application_selection.json	phase3_v1_preregistered_application_universe
target_only	NA	NA	phase3_application_role_ordinal	307	NA	at0307	NA	1b836f5cf5618b5f8117068ce027c9410faa8f1ddeb39d4f05c915f992393b6a	NA	chr22:21952348-21954848	GRCh38	GRCh38_0_based_half_open	NA	paper/bioinformatics/application_manifest.tsv;paper/bioinformatics/application_selection.json	phase3_v1_preregistered_application_universe
target_only	NA	NA	phase3_application_role_ordinal	308	NA	at0308	NA	05a73994536563a653e3c74abbb46685206c8515e23340e16832133055c692cb	NA	chr22:21982287-21984787	GRCh38	GRCh38_0_based_half_open	NA	paper/bioinformatics/application_manifest.tsv;paper/bioinformatics/application_selection.json	phase3_v1_preregistered_application_universe
target_only	NA	NA	phase3_application_role_ordinal	309	NA	at0309	NA	38a635804872c375f85ae0acf69f228ecdf36060188d6a8e6af19054ab0a7e27	NA	chr22:22242786-22245286	GRCh38	GRCh38_0_based_half_open	NA	paper/bioinformatics/application_manifest.tsv;paper/bioinformatics/application_selection.json	phase3_v1_preregistered_application_universe
target_only	NA	NA	phase3_application_role_ordinal	31	NA	at0031	NA	0bac2326be9e3a8b278afcd348e2fced8aca03d090a1331d0d1df67f46229670	NA	chr21:30166305-30168805	GRCh38	GRCh38_0_based_half_open	NA	paper/bioinformatics/application_manifest.tsv;paper/bioinformatics/application_selection.json	phase3_v1_preregistered_application_universe
target_only	NA	NA	phase3_application_role_ordinal	310	NA	at0310	NA	e38a7359c50e2eeac13c27e09e69250984a4d83883253ee7ad2c9059fb231b63	NA	chr22:22508242-22510742	GRCh38	GRCh38_0_based_half_open	NA	paper/bioinformatics/application_manifest.tsv;paper/bioinformatics/application_selection.json	phase3_v1_preregistered_application_universe
target_only	NA	NA	phase3_application_role_ordinal	311	NA	at0311	NA	01610682172c9b6e75f4ef08eb5d2ebebb424d90985d419f831823414c2e5a58	NA	chr22:22519770-22522270	GRCh38	GRCh38_0_based_half_open	NA	paper/bioinformatics/application_manifest.tsv;paper/bioinformatics/application_selection.json	phase3_v1_preregistered_application_universe
target_only	NA	NA	phase3_application_role_ordinal	312	NA	at0312	NA	7fb7164bb5bb0ac4547831ab058d10607bfd336e406604ea91b011d0b076c609	NA	chr22:22558765-22561265	GRCh38	GRCh38_0_based_half_open	NA	paper/bioinformatics/application_manifest.tsv;paper/bioinformatics/application_selection.json	phase3_v1_preregistered_application_universe
target_only	NA	NA	phase3_application_role_ordinal	313	NA	at0313	NA	d0dfb877190561347f5c2e8df245501e7890a51fa9ac3bdf07e4559b61d1509e	NA	chr22:22642614-22645114	GRCh38	GRCh38_0_based_half_open	NA	paper/bioinformatics/application_manifest.tsv;paper/bioinformatics/application_selection.json	phase3_v1_preregistered_application_universe
target_only	NA	NA	phase3_application_role_ordinal	314	NA	at0314	NA	d8060fc96e1e2e605fe22deb028365ec3fa8eb15815340f795e8bb6fb9377913	NA	chr22:22885816-22888316	GRCh38	GRCh38_0_based_half_open	NA	paper/bioinformatics/application_manifest.tsv;paper/bioinformatics/application_selection.json	phase3_v1_preregistered_application_universe
target_only	NA	NA	phase3_application_role_ordinal	315	NA	at0315	NA	83118a9688829d6444ce92ccc7768ce57ec12e5d090837e4bd65e44f22a33c67	NA	chr22:23068519-23071019	GRCh38	GRCh38_0_based_half_open	NA	paper/bioinformatics/application_manifest.tsv;paper/bioinformatics/application_selection.json	phase3_v1_preregistered_application_universe
target_only	NA	NA	phase3_application_role_ordinal	316	NA	at0316	NA	d52362dc2329188b8cdf3c8853969c6336154e47fa2adb9ed10aaa7b7746408f	NA	chr22:23141490-23143990	GRCh38	GRCh38_0_based_half_open	NA	paper/bioinformatics/application_manifest.tsv;paper/bioinformatics/application_selection.json	phase3_v1_preregistered_application_universe
target_only	NA	NA	phase3_application_role_ordinal	317	NA	at0317	NA	3cfb62b07c752ce2048e01c67a1ddc43bf52faaa89bcccdece7a7b3854440b04	NA	chr22:23143477-23145977	GRCh38	GRCh38_0_based_half_open	NA	paper/bioinformatics/application_manifest.tsv;paper/bioinformatics/application_selection.json	phase3_v1_preregistered_application_universe
target_only	NA	NA	phase3_application_role_ordinal	318	NA	at0318	NA	b0aab76a8a532ae7dc8349edb94edcd22e942b7e550911c7383c27838eaf00f0	NA	chr22:23178509-23181009	GRCh38	GRCh38_0_based_half_open	NA	paper/bioinformatics/application_manifest.tsv;paper/bioinformatics/application_selection.json	phase3_v1_preregistered_application_universe
target_only	NA	NA	phase3_application_role_ordinal	319	NA	at0319	NA	db15a087ad9585a8fb1bffb8ce06116812bc2547f9b2e00df5ac7da2c0a606ce	NA	chr22:23579790-23582290	GRCh38	GRCh38_0_based_half_open	NA	paper/bioinformatics/application_manifest.tsv;paper/bioinformatics/application_selection.json	phase3_v1_preregistered_application_universe
target_only	NA	NA	phase3_application_role_ordinal	32	NA	at0032	NA	ea335c1c7f4dc276bc2d30c145cd3c6a39ac62e91358919d55cbda69dd7f9554	NA	chr21:30215597-30218097	GRCh38	GRCh38_0_based_half_open	NA	paper/bioinformatics/application_manifest.tsv;paper/bioinformatics/application_selection.json	phase3_v1_preregistered_application_universe
target_only	NA	NA	phase3_application_role_ordinal	320	NA	at0320	NA	c030a6491222cd21ae6286b545116a03f6e555fcf2d55ef63c917da2d041d4a9	NA	chr22:23631821-23634321	GRCh38	GRCh38_0_based_half_open	NA	paper/bioinformatics/application_manifest.tsv;paper/bioinformatics/application_selection.json	phase3_v1_preregistered_application_universe
target_only	NA	NA	phase3_application_role_ordinal	321	NA	at0321	NA	a7671cbfbe0d4cbe7c632bfe5566a4de02ee945aeb77a519c9ffeb7daabea382	NA	chr22:23689013-23691513	GRCh38	GRCh38_0_based_half_open	NA	paper/bioinformatics/application_manifest.tsv;paper/bioinformatics/application_selection.json	phase3_v1_preregistered_application_universe
target_only	NA	NA	phase3_application_role_ordinal	322	NA	at0322	NA	d0dc3f6774a6f7a479279ecbd14208f4d0082bde5876a245658009b0fc28eb73	NA	chr22:23750612-23753112	GRCh38	GRCh38_0_based_half_open	NA	paper/bioinformatics/application_manifest.tsv;paper/bioinformatics/application_selection.json	phase3_v1_preregistered_application_universe
target_only	NA	NA	phase3_application_role_ordinal	323	NA	at0323	NA	112c9e1a536e0c0c66f4f04dfcd920409c9d6516aac1fcce9cbe7ceb465488e3	NA	chr22:23753925-23756425	GRCh38	GRCh38_0_based_half_open	NA	paper/bioinformatics/application_manifest.tsv;paper/bioinformatics/application_selection.json	phase3_v1_preregistered_application_universe
target_only	NA	NA	phase3_application_role_ordinal	324	NA	at0324	NA	a348e3f7b95ae32787adcb649e51e028490b8db6f8c3eba5035a841e9efb7f87	NA	chr22:23760990-23763490	GRCh38	GRCh38_0_based_half_open	NA	paper/bioinformatics/application_manifest.tsv;paper/bioinformatics/application_selection.json	phase3_v1_preregistered_application_universe
target_only	NA	NA	phase3_application_role_ordinal	325	NA	at0325	NA	499880af2d7458003eafb5ea754ed8012a5a13119ba283fec22612e1264885a3	NA	chr22:23767472-23769972	GRCh38	GRCh38_0_based_half_open	NA	paper/bioinformatics/application_manifest.tsv;paper/bioinformatics/application_selection.json	phase3_v1_preregistered_application_universe
target_only	NA	NA	phase3_application_role_ordinal	326	NA	at0326	NA	1e9b2528dfa3446632ab9ffd3d0211b5b408429c385caf690df63866ebfdfeac	NA	chr22:23770849-23773349	GRCh38	GRCh38_0_based_half_open	NA	paper/bioinformatics/application_manifest.tsv;paper/bioinformatics/application_selection.json	phase3_v1_preregistered_application_universe
target_only	NA	NA	phase3_application_role_ordinal	327	NA	at0327	NA	0053cff466f5d32053504cfb2fb44330877b5b0f63a4057fa90951ba9e282f41	NA	chr22:23784966-23787466	GRCh38	GRCh38_0_based_half_open	NA	paper/bioinformatics/application_manifest.tsv;paper/bioinformatics/application_selection.json	phase3_v1_preregistered_application_universe
target_only	NA	NA	phase3_application_role_ordinal	328	NA	at0328	NA	28042513f6b5dca00d77ab1f6d7c3c28167bbe323c467282562218e60a905a36	NA	chr22:23838506-23841006	GRCh38	GRCh38_0_based_half_open	NA	paper/bioinformatics/application_manifest.tsv;paper/bioinformatics/application_selection.json	phase3_v1_preregistered_application_universe
target_only	NA	NA	phase3_application_role_ordinal	329	NA	at0329	NA	79ac7e998819445f5caa9e39e4e30dfa70dfd17a70cd3e3614659de03e04506f	NA	chr22:23855875-23858375	GRCh38	GRCh38_0_based_half_open	NA	paper/bioinformatics/application_manifest.tsv;paper/bioinformatics/application_selection.json	phase3_v1_preregistered_application_universe
target_only	NA	NA	phase3_application_role_ordinal	33	NA	at0033	NA	0bb131a51868798a3cdc6c5615031a55d88b31358cb903136c8ffe70725b8ff2	NA	chr21:30282450-30284950	GRCh38	GRCh38_0_based_half_open	NA	paper/bioinformatics/application_manifest.tsv;paper/bioinformatics/application_selection.json	phase3_v1_preregistered_application_universe
target_only	NA	NA	phase3_application_role_ordinal	330	NA	at0330	NA	e5d6e07d84710143815a08c3bb9402acfcaa6572151fa47f4544d701767f7a74	NA	chr22:23860188-23862688	GRCh38	GRCh38_0_based_half_open	NA	paper/bioinformatics/application_manifest.tsv;paper/bioinformatics/application_selection.json	phase3_v1_preregistered_application_universe
target_only	NA	NA	phase3_application_role_ordinal	331	NA	at0331	NA	154ace49de641a365d63021db644a00d0f2cc0c3b1386a7ad42dd8ec2dce4210	NA	chr22:23892383-23894883	GRCh38	GRCh38_0_based_half_open	NA	paper/bioinformatics/application_manifest.tsv;paper/bioinformatics/application_selection.json	phase3_v1_preregistered_application_universe
target_only	NA	NA	phase3_application_role_ordinal	332	NA	at0332	NA	c4120295117ea06cdf3c884455ad2da78c908e78a581c6f0c1e1daea6bead4e8	NA	chr22:23960695-23963195	GRCh38	GRCh38_0_based_half_open	NA	paper/bioinformatics/application_manifest.tsv;paper/bioinformatics/application_selection.json	phase3_v1_preregistered_application_universe
target_only	NA	NA	phase3_application_role_ordinal	333	NA	at0333	NA	19c50d02dd5ea45a0e61baab8472f34da599636f736d789f6487b4767b5fd754	NA	chr22:23964888-23967388	GRCh38	GRCh38_0_based_half_open	NA	paper/bioinformatics/application_manifest.tsv;paper/bioinformatics/application_selection.json	phase3_v1_preregistered_application_universe
target_only	NA	NA	phase3_application_role_ordinal	334	NA	at0334	NA	7285a6132d24bd82b923cc351e24c26dadd683de0816c8aa1919833f1ad32281	NA	chr22:23973941-23976441	GRCh38	GRCh38_0_based_half_open	NA	paper/bioinformatics/application_manifest.tsv;paper/bioinformatics/application_selection.json	phase3_v1_preregistered_application_universe
target_only	NA	NA	phase3_application_role_ordinal	335	NA	at0335	NA	e06cf566c0a0c14debe89b5f5f3587c6dcd1df1c389e5f289bbc47910d996a51	NA	chr22:23978058-23980558	GRCh38	GRCh38_0_based_half_open	NA	paper/bioinformatics/application_manifest.tsv;paper/bioinformatics/application_selection.json	phase3_v1_preregistered_application_universe
target_only	NA	NA	phase3_application_role_ordinal	336	NA	at0336	NA	ee49303187121d1960f96b60c7a33384dff0de23119832b1a888ed3de4fd8458	NA	chr22:24004953-24007453	GRCh38	GRCh38_0_based_half_open	NA	paper/bioinformatics/application_manifest.tsv;paper/bioinformatics/application_selection.json	phase3_v1_preregistered_application_universe
target_only	NA	NA	phase3_application_role_ordinal	337	NA	at0337	NA	4023d1859c898db63b6586c3d7385fa2ecb263b4c3378517fd4fc33bce32c341	NA	chr22:24009304-24011804	GRCh38	GRCh38_0_based_half_open	NA	paper/bioinformatics/application_manifest.tsv;paper/bioinformatics/application_selection.json	phase3_v1_preregistered_application_universe
target_only	NA	NA	phase3_application_role_ordinal	338	NA	at0338	NA	a8a5e6bf8cd835cf1215b769b6fbeab4332d31c774d54f803f00a2f407a3b14c	NA	chr22:24179487-24181987	GRCh38	GRCh38_0_based_half_open	NA	paper/bioinformatics/application_manifest.tsv;paper/bioinformatics/application_selection.json	phase3_v1_preregistered_application_universe
target_only	NA	NA	phase3_application_role_ordinal	339	NA	at0339	NA	9f26e32fc744ab1cdc21620108256c66be534db0e31e1e8d3f073104574fb027	NA	chr22:24244582-24247082	GRCh38	GRCh38_0_based_half_open	NA	paper/bioinformatics/application_manifest.tsv;paper/bioinformatics/application_selection.json	phase3_v1_preregistered_application_universe
target_only	NA	NA	phase3_application_role_ordinal	34	NA	at0034	NA	c38edef5d12039ce739fe2d5d19a8ef8789224397f754969b76d6dc7e39177a7	NA	chr21:30289014-30291514	GRCh38	GRCh38_0_based_half_open	NA	paper/bioinformatics/application_manifest.tsv;paper/bioinformatics/application_selection.json	phase3_v1_preregistered_application_universe
target_only	NA	NA	phase3_application_role_ordinal	340	NA	at0340	NA	932f7c1bbed0eee86abdcf18d0a7a4f0e2570337f3649f7947599348608d5a72	NA	chr22:24268831-24271331	GRCh38	GRCh38_0_based_half_open	NA	paper/bioinformatics/application_manifest.tsv;paper/bioinformatics/application_selection.json	phase3_v1_preregistered_application_universe
target_only	NA	NA	phase3_application_role_ordinal	341	NA	at0341	NA	94aa54d4f964558e84c4d117cf5724d86eee4054626bbee19c9d4fd417266881	NA	chr22:24268898-24271398	GRCh38	GRCh38_0_based_half_open	NA	paper/bioinformatics/application_manifest.tsv;paper/bioinformatics/application_selection.json	phase3_v1_preregistered_application_universe
target_only	NA	NA	phase3_application_role_ordinal	342	NA	at0342	NA	de46dd483f72a49a0fb17a99de5e3df616e4e8b263fa31f09c94c599ae296f16	NA	chr22:24425599-24428099	GRCh38	GRCh38_0_based_half_open	NA	paper/bioinformatics/application_manifest.tsv;paper/bioinformatics/application_selection.json	phase3_v1_preregistered_application_universe
target_only	NA	NA	phase3_application_role_ordinal	343	NA	at0343	NA	5a21c4c8c867973f4a55c95d42a9a267ebb381f7db636740f8d155f9eaed2a4b	NA	chr22:24493332-24495832	GRCh38	GRCh38_0_based_half_open	NA	paper/bioinformatics/application_manifest.tsv;paper/bioinformatics/application_selection.json	phase3_v1_preregistered_application_universe
target_only	NA	NA	phase3_application_role_ordinal	344	NA	at0344	NA	f18cc6d6718700bfb160a9a3228641bd44ebda9804632b4d4f8bc9f1c9120c1a	NA	chr22:24554638-24557138	GRCh38	GRCh38_0_based_half_open	NA	paper/bioinformatics/application_manifest.tsv;paper/bioinformatics/application_selection.json	phase3_v1_preregistered_application_universe
target_only	NA	NA	phase3_application_role_ordinal	345	NA	at0345	NA	6713d72e744249f1bd92e221c2e86c35de9be2231d5bc14f412d8e72fc984f19	NA	chr22:24553999-24556499	GRCh38	GRCh38_0_based_half_open	NA	paper/bioinformatics/application_manifest.tsv;paper/bioinformatics/application_selection.json	phase3_v1_preregistered_application_universe
target_only	NA	NA	phase3_application_role_ordinal	346	NA	at0346	NA	e1912496c29152c8d17956d68bce66c22e6e9d1e2d306518b8a401947b88d5aa	NA	chr22:24554007-24556507	GRCh38	GRCh38_0_based_half_open	NA	paper/bioinformatics/application_manifest.tsv;paper/bioinformatics/application_selection.json	phase3_v1_preregistered_application_universe
target_only	NA	NA	phase3_application_role_ordinal	347	NA	at0347	NA	9a448304962c987831b12235de3ed2ea1cfe623467cbb28eb5e5f18f01e4fac1	NA	chr22:24592573-24595073	GRCh38	GRCh38_0_based_half_open	NA	paper/bioinformatics/application_manifest.tsv;paper/bioinformatics/application_selection.json	phase3_v1_preregistered_application_universe
target_only	NA	NA	phase3_application_role_ordinal	348	NA	at0348	NA	ae33c3f6090f13cd5e91fe2306f8fdb57ea18936562e91d2c7aa00f3f84babad	NA	chr22:24601193-24603693	GRCh38	GRCh38_0_based_half_open	NA	paper/bioinformatics/application_manifest.tsv;paper/bioinformatics/application_selection.json	phase3_v1_preregistered_application_universe
target_only	NA	NA	phase3_application_role_ordinal	349	NA	at0349	NA	1c7d3f52359f45735885105021c63e39e22389c0fa58b823472e804624b0bf0b	NA	chr22:24774220-24776720	GRCh38	GRCh38_0_based_half_open	NA	paper/bioinformatics/application_manifest.tsv;paper/bioinformatics/application_selection.json	phase3_v1_preregistered_application_universe
target_only	NA	NA	phase3_application_role_ordinal	35	NA	at0035	NA	8cc39e691ee86b902db5997d9da1cda162d7bf2858e2329373a104fb4fb2d7a0	NA	chr21:30319815-30322315	GRCh38	GRCh38_0_based_half_open	NA	paper/bioinformatics/application_manifest.tsv;paper/bioinformatics/application_selection.json	phase3_v1_preregistered_application_universe
target_only	NA	NA	phase3_application_role_ordinal	350	NA	at0350	NA	283c31a601d243334d54a75c984d545642064f13c37b187af8236408a50be8db	NA	chr22:24804211-24806711	GRCh38	GRCh38_0_based_half_open	NA	paper/bioinformatics/application_manifest.tsv;paper/bioinformatics/application_selection.json	phase3_v1_preregistered_application_universe
target_only	NA	NA	phase3_application_role_ordinal	351	NA	at0351	NA	6c77e49f438b2bbdca3ec712fb0dbe1c20662a01f6aa9fa7ed11080a8ec815ac	NA	chr22:24946194-24948694	GRCh38	GRCh38_0_based_half_open	NA	paper/bioinformatics/application_manifest.tsv;paper/bioinformatics/application_selection.json	phase3_v1_preregistered_application_universe
target_only	NA	NA	phase3_application_role_ordinal	352	NA	at0352	NA	8c2c45d81a1b83bf78d0b5aaeca5eeb761305a7c9b6570a3d84e7551c722d539	NA	chr22:24950716-24953216	GRCh38	GRCh38_0_based_half_open	NA	paper/bioinformatics/application_manifest.tsv;paper/bioinformatics/application_selection.json	phase3_v1_preregistered_application_universe
target_only	NA	NA	phase3_application_role_ordinal	353	NA	at0353	NA	55537025255c71a6d19444ebff1ae3b354e4724c846ef91efe5288f1aef26c19	NA	chr22:25197858-25200358	GRCh38	GRCh38_0_based_half_open	NA	paper/bioinformatics/application_manifest.tsv;paper/bioinformatics/application_selection.json	phase3_v1_preregistered_application_universe
target_only	NA	NA	phase3_application_role_ordinal	354	NA	at0354	NA	c5f33041040fac4d2c737e5e1578af5f320e6b733a15b0e746d07bd0708e6706	NA	chr22:25217639-25220139	GRCh38	GRCh38_0_based_half_open	NA	paper/bioinformatics/application_manifest.tsv;paper/bioinformatics/application_selection.json	phase3_v1_preregistered_application_universe
target_only	NA	NA	phase3_application_role_ordinal	355	NA	at0355	NA	263104ff4a7625ba9137ab4c10ae3e37cc1085c4b39112994d9daeb1ed96acc5	NA	chr22:25562675-25565175	GRCh38	GRCh38_0_based_half_open	NA	paper/bioinformatics/application_manifest.tsv;paper/bioinformatics/application_selection.json	phase3_v1_preregistered_application_universe
target_only	NA	NA	phase3_application_role_ordinal	356	NA	at0356	NA	88c7a9ff493fdc1572aca5e2a17fecb885d4017520b103bf5ed08c52e8bda32a	NA	chr22:25740188-25742688	GRCh38	GRCh38_0_based_half_open	NA	paper/bioinformatics/application_manifest.tsv;paper/bioinformatics/application_selection.json	phase3_v1_preregistered_application_universe
target_only	NA	NA	phase3_application_role_ordinal	357	NA	at0357	NA	007ef281609e4d767579134f1090e19eb7e386b82341d0bb237e64887b4f2461	NA	chr22:26167462-26169962	GRCh38	GRCh38_0_based_half_open	NA	paper/bioinformatics/application_manifest.tsv;paper/bioinformatics/application_selection.json	phase3_v1_preregistered_application_universe
target_only	NA	NA	phase3_application_role_ordinal	358	NA	at0358	NA	f6b10b30a02b808c92fdad8e50865ba8759527e957094c2e8656b33ff82ce54e	NA	chr22:26427260-26429760	GRCh38	GRCh38_0_based_half_open	NA	paper/bioinformatics/application_manifest.tsv;paper/bioinformatics/application_selection.json	phase3_v1_preregistered_application_universe
target_only	NA	NA	phase3_application_role_ordinal	359	NA	at0359	NA	b25efdb9d300034a8001b32131676adfe2ccbbb5a52634cd9830068496e1236e	NA	chr22:26483283-26485783	GRCh38	GRCh38_0_based_half_open	NA	paper/bioinformatics/application_manifest.tsv;paper/bioinformatics/application_selection.json	phase3_v1_preregistered_application_universe
target_only	NA	NA	phase3_application_role_ordinal	36	NA	at0036	NA	ee77c38eca49a5f82a38f134caa00e3ce99d2f68fd499d2385fd7339478b16c9	NA	chr21:30337194-30339694	GRCh38	GRCh38_0_based_half_open	NA	paper/bioinformatics/application_manifest.tsv;paper/bioinformatics/application_selection.json	phase3_v1_preregistered_application_universe
target_only	NA	NA	phase3_application_role_ordinal	360	NA	at0360	NA	1b565ea57fc6846842c1688af77313066729b5f9ee07f9b09dec44a0c563179f	NA	chr22:26481877-26484377	GRCh38	GRCh38_0_based_half_open	NA	paper/bioinformatics/application_manifest.tsv;paper/bioinformatics/application_selection.json	phase3_v1_preregistered_application_universe
target_only	NA	NA	phase3_application_role_ordinal	361	NA	at0361	NA	ca832d49c3c993de7e89bf7bd34b86d23f4faaf26d7f45449333e3dc914df14a	NA	chr22:26511973-26514473	GRCh38	GRCh38_0_based_half_open	NA	paper/bioinformatics/application_manifest.tsv;paper/bioinformatics/application_selection.json	phase3_v1_preregistered_application_universe
target_only	NA	NA	phase3_application_role_ordinal	362	NA	at0362	NA	20593a48e5b74a176d77107aa7bdf27eacb695bcbc430fc3d010384eec956d6f	NA	chr22:26589632-26592132	GRCh38	GRCh38_0_based_half_open	NA	paper/bioinformatics/application_manifest.tsv;paper/bioinformatics/application_selection.json	phase3_v1_preregistered_application_universe
target_only	NA	NA	phase3_application_role_ordinal	363	NA	at0363	NA	a045587964ce11661417121c5dd5d5758ac422948dd76e0ffe9c1c8617dcb220	NA	chr22:26617527-26620027	GRCh38	GRCh38_0_based_half_open	NA	paper/bioinformatics/application_manifest.tsv;paper/bioinformatics/application_selection.json	phase3_v1_preregistered_application_universe
target_only	NA	NA	phase3_application_role_ordinal	364	NA	at0364	NA	22690d144fda82eb7bf94feab5bb4367545f970e0ce3b18e2e66fd1e8fe62c18	NA	chr22:26619963-26622463	GRCh38	GRCh38_0_based_half_open	NA	paper/bioinformatics/application_manifest.tsv;paper/bioinformatics/application_selection.json	phase3_v1_preregistered_application_universe
target_only	NA	NA	phase3_application_role_ordinal	365	NA	at0365	NA	03372e1775445076e8dcadd82bfe35c487b9fd3a208cd76c4bec26b730b57dc3	NA	chr22:27801256-27803756	GRCh38	GRCh38_0_based_half_open	NA	paper/bioinformatics/application_manifest.tsv;paper/bioinformatics/application_selection.json	phase3_v1_preregistered_application_universe
target_only	NA	NA	phase3_application_role_ordinal	366	NA	at0366	NA	ad5388df65ea65405bcebfba0b87999c8aae4c514ed2cd0e48a0f810085a82c8	NA	chr22:27918756-27921256	GRCh38	GRCh38_0_based_half_open	NA	paper/bioinformatics/application_manifest.tsv;paper/bioinformatics/application_selection.json	phase3_v1_preregistered_application_universe
target_only	NA	NA	phase3_application_role_ordinal	367	NA	at0367	NA	9e0e074ed2ee2ba4466968b7ddd9bb1fb415f17d34f50b58707ecd6eebf10cfd	NA	chr22:28679340-28681840	GRCh38	GRCh38_0_based_half_open	NA	paper/bioinformatics/application_manifest.tsv;paper/bioinformatics/application_selection.json	phase3_v1_preregistered_application_universe
target_only	NA	NA	phase3_application_role_ordinal	368	NA	at0368	NA	29e116d325e956a92a65d7f87b2f495960dd94ccfc0a19f61dd6379361138436	NA	chr22:28741320-28743820	GRCh38	GRCh38_0_based_half_open	NA	paper/bioinformatics/application_manifest.tsv;paper/bioinformatics/application_selection.json	phase3_v1_preregistered_application_universe
target_only	NA	NA	phase3_application_role_ordinal	369	NA	at0369	NA	5a95c4b89b2e4c83916a4982cc2b1728876eb37af6a59e57d85fedabd4bba8fe	NA	chr22:28740039-28742539	GRCh38	GRCh38_0_based_half_open	NA	paper/bioinformatics/application_manifest.tsv;paper/bioinformatics/application_selection.json	phase3_v1_preregistered_application_universe
target_only	NA	NA	phase3_application_role_ordinal	37	NA	at0037	NA	0287b9df11721358ecd0d71876aa21fbcf42b3cbb9b61527322a1803fc40a032	NA	chr21:30348106-30350606	GRCh38	GRCh38_0_based_half_open	NA	paper/bioinformatics/application_manifest.tsv;paper/bioinformatics/application_selection.json	phase3_v1_preregistered_application_universe
target_only	NA	NA	phase3_application_role_ordinal	370	NA	at0370	NA	5df983bead00b87be81e2e647aeac1e899d2d1bc0b44e4dc825edd7347caec11	NA	chr22:28770695-28773195	GRCh38	GRCh38_0_based_half_open	NA	paper/bioinformatics/application_manifest.tsv;paper/bioinformatics/application_selection.json	phase3_v1_preregistered_application_universe
target_only	NA	NA	phase3_application_role_ordinal	371	NA	at0371	NA	bb15f42a4ac260277a77b3652346bda64b7983d0c848a12ab31e26ab1292fec1	NA	chr22:28800069-28802569	GRCh38	GRCh38_0_based_half_open	NA	paper/bioinformatics/application_manifest.tsv;paper/bioinformatics/application_selection.json	phase3_v1_preregistered_application_universe
target_only	NA	NA	phase3_application_role_ordinal	372	NA	at0372	NA	aa6f87219d49d2c0f50ff14455598bcde65864fb11282bf525e342765bc0b72e	NA	chr22:28881572-28884072	GRCh38	GRCh38_0_based_half_open	NA	paper/bioinformatics/application_manifest.tsv;paper/bioinformatics/application_selection.json	phase3_v1_preregistered_application_universe
target_only	NA	NA	phase3_application_role_ordinal	373	NA	at0373	NA	eaa810a01db14ba45244bdce78f12ed7ea9176483c3c14e3eb32d6e3276ddfdd	NA	chr22:29061331-29063831	GRCh38	GRCh38_0_based_half_open	NA	paper/bioinformatics/application_manifest.tsv;paper/bioinformatics/application_selection.json	phase3_v1_preregistered_application_universe
target_only	NA	NA	phase3_application_role_ordinal	374	NA	at0374	NA	d62b914a8f465b3b244c30f9430e7b217340c1e942975d306c22e3491b967aa0	NA	chr22:29071035-29073535	GRCh38	GRCh38_0_based_half_open	NA	paper/bioinformatics/application_manifest.tsv;paper/bioinformatics/application_selection.json	phase3_v1_preregistered_application_universe
target_only	NA	NA	phase3_application_role_ordinal	375	NA	at0375	NA	4c70814cfbfb96828e0134f34b910d3b2f5feff6895bbf3cd184a6a48723235f	NA	chr22:29203896-29206396	GRCh38	GRCh38_0_based_half_open	NA	paper/bioinformatics/application_manifest.tsv;paper/bioinformatics/application_selection.json	phase3_v1_preregistered_application_universe
target_only	NA	NA	phase3_application_role_ordinal	376	NA	at0376	NA	87e0b997e0fab405fc2f8d44edb6858724d996381a5dae3feab1306cba67c78e	NA	chr22:29267481-29269981	GRCh38	GRCh38_0_based_half_open	NA	paper/bioinformatics/application_manifest.tsv;paper/bioinformatics/application_selection.json	phase3_v1_preregistered_application_universe
target_only	NA	NA	phase3_application_role_ordinal	377	NA	at0377	NA	27a51fc01ff099c44ff4f7f0a4fbbc809b9183166062ae2d2b4707967b7b1430	NA	chr22:29266268-29268768	GRCh38	GRCh38_0_based_half_open	NA	paper/bioinformatics/application_manifest.tsv;paper/bioinformatics/application_selection.json	phase3_v1_preregistered_application_universe
target_only	NA	NA	phase3_application_role_ordinal	378	NA	at0378	NA	c302198c9c63df7d651b583f77455137c04bbeb38163d41850e99783a078ed9e	NA	chr22:29304650-29307150	GRCh38	GRCh38_0_based_half_open	NA	paper/bioinformatics/application_manifest.tsv;paper/bioinformatics/application_selection.json	phase3_v1_preregistered_application_universe
target_only	NA	NA	phase3_application_role_ordinal	379	NA	at0379	NA	d201a0467126a5a07b75418316298ead36c7d3efb5784f261963fae6f6f76eed	NA	chr22:29315197-29317697	GRCh38	GRCh38_0_based_half_open	NA	paper/bioinformatics/application_manifest.tsv;paper/bioinformatics/application_selection.json	phase3_v1_preregistered_application_universe
target_only	NA	NA	phase3_application_role_ordinal	38	NA	at0038	NA	5f9f5baac14751c124648a036d5248511083116a79477af20c7f0f924da2b2a9	NA	chr21:30371771-30374271	GRCh38	GRCh38_0_based_half_open	NA	paper/bioinformatics/application_manifest.tsv;paper/bioinformatics/application_selection.json	phase3_v1_preregistered_application_universe
target_only	NA	NA	phase3_application_role_ordinal	380	NA	at0380	NA	470794eb3fdc4a26d8abd2d534f5b130d0a6ac9af191acedc68d2fd893e8953f	NA	chr22:29388070-29390570	GRCh38	GRCh38_0_based_half_open	NA	paper/bioinformatics/application_manifest.tsv;paper/bioinformatics/application_selection.json	phase3_v1_preregistered_application_universe
target_only	NA	NA	phase3_application_role_ordinal	381	NA	at0381	NA	fd0ae9629c76152f205422fad6a6120c6a8e9d0715cfdc7c265027362ca0b539	NA	chr22:29436583-29439083	GRCh38	GRCh38_0_based_half_open	NA	paper/bioinformatics/application_manifest.tsv;paper/bioinformatics/application_selection.json	phase3_v1_preregistered_application_universe
target_only	NA	NA	phase3_application_role_ordinal	382	NA	at0382	NA	3902b413392cf927b3faa022186776045ceee1e772b649188b44321e4bb20014	NA	chr22:29478218-29480718	GRCh38	GRCh38_0_based_half_open	NA	paper/bioinformatics/application_manifest.tsv;paper/bioinformatics/application_selection.json	phase3_v1_preregistered_application_universe
target_only	NA	NA	phase3_application_role_ordinal	383	NA	at0383	NA	939355a8b5b5969d3fa6cb2f2b508a1a929e70f86d40496aaaf35261ea54947c	NA	chr22:29553257-29555757	GRCh38	GRCh38_0_based_half_open	NA	paper/bioinformatics/application_manifest.tsv;paper/bioinformatics/application_selection.json	phase3_v1_preregistered_application_universe
target_only	NA	NA	phase3_application_role_ordinal	384	NA	at0384	NA	c9472c2bc325959dfacf9aad801e73f4ace228d5efe81e1a66f5ccb2d4040d1a	NA	chr22:29580613-29583113	GRCh38	GRCh38_0_based_half_open	NA	paper/bioinformatics/application_manifest.tsv;paper/bioinformatics/application_selection.json	phase3_v1_preregistered_application_universe
target_only	NA	NA	phase3_application_role_ordinal	385	NA	at0385	NA	1d8dc9a7a6c464cd1c33c33485033e7cf126164aa5732ba5592ed12bb32d9af8	NA	chr22:29601633-29604133	GRCh38	GRCh38_0_based_half_open	NA	paper/bioinformatics/application_manifest.tsv;paper/bioinformatics/application_selection.json	phase3_v1_preregistered_application_universe
target_only	NA	NA	phase3_application_role_ordinal	386	NA	at0386	NA	b07f7b7497ff7f0c4a8fcb5d848ae088d1a75b1e180821ebb6f6df15fe34cb53	NA	chr22:29718003-29720503	GRCh38	GRCh38_0_based_half_open	NA	paper/bioinformatics/application_manifest.tsv;paper/bioinformatics/application_selection.json	phase3_v1_preregistered_application_universe
target_only	NA	NA	phase3_application_role_ordinal	387	NA	at0387	NA	e739c202a97604291ac9a45b797f134129519153eb3f90c54aedc866617512dd	NA	chr22:29766507-29769007	GRCh38	GRCh38_0_based_half_open	NA	paper/bioinformatics/application_manifest.tsv;paper/bioinformatics/application_selection.json	phase3_v1_preregistered_application_universe
target_only	NA	NA	phase3_application_role_ordinal	388	NA	at0388	NA	335607bd4be0ffd567c8c701322a83ffe22504226ab434abb55c8760b8e261ae	NA	chr22:29765369-29767869	GRCh38	GRCh38_0_based_half_open	NA	paper/bioinformatics/application_manifest.tsv;paper/bioinformatics/application_selection.json	phase3_v1_preregistered_application_universe
target_only	NA	NA	phase3_application_role_ordinal	389	NA	at0389	NA	e2d1a0692fb0c026079cdd5938fb201f7dd5984f458d592b0f385c1a3109874d	NA	chr22:29837774-29840274	GRCh38	GRCh38_0_based_half_open	NA	paper/bioinformatics/application_manifest.tsv;paper/bioinformatics/application_selection.json	phase3_v1_preregistered_application_universe
target_only	NA	NA	phase3_application_role_ordinal	39	NA	at0039	NA	60bd6581d7e5fe10072240c78f6c475ae0673180cc0f9231f3cc1c8faa5da61a	NA	chr21:30394031-30396531	GRCh38	GRCh38_0_based_half_open	NA	paper/bioinformatics/application_manifest.tsv;paper/bioinformatics/application_selection.json	phase3_v1_preregistered_application_universe
target_only	NA	NA	phase3_application_role_ordinal	390	NA	at0390	NA	ebc30891a574336be76f791ab4d654702c7a91a603f3b2d0f73ebfa0af248ed8	NA	chr22:29881174-29883674	GRCh38	GRCh38_0_based_half_open	NA	paper/bioinformatics/application_manifest.tsv;paper/bioinformatics/application_selection.json	phase3_v1_preregistered_application_universe
target_only	NA	NA	phase3_application_role_ordinal	391	NA	at0391	NA	01f98447a2e641813aabc2b1a412923ac4ad61936bb72996d34ba13be2705c81	NA	chr22:30078464-30080964	GRCh38	GRCh38_0_based_half_open	NA	paper/bioinformatics/application_manifest.tsv;paper/bioinformatics/application_selection.json	phase3_v1_preregistered_application_universe
target_only	NA	NA	phase3_application_role_ordinal	392	NA	at0392	NA	332475cd9484b5ac96d4bcbde75b78dd7f0849c66cb331b16cc087b56f8452fd	NA	chr22:30246259-30248759	GRCh38	GRCh38_0_based_half_open	NA	paper/bioinformatics/application_manifest.tsv;paper/bioinformatics/application_selection.json	phase3_v1_preregistered_application_universe
target_only	NA	NA	phase3_application_role_ordinal	393	NA	at0393	NA	7609625dbad97a096e4667f180d6951730b8a475d44058ea4ee37a10f0b6a4d2	NA	chr22:30266351-30268851	GRCh38	GRCh38_0_based_half_open	NA	paper/bioinformatics/application_manifest.tsv;paper/bioinformatics/application_selection.json	phase3_v1_preregistered_application_universe
target_only	NA	NA	phase3_application_role_ordinal	394	NA	at0394	NA	2e7aa02814c0f09fbc996b39611f689d6582d5217fdbf405ab6f12c30253ca16	NA	chr22:30289005-30291505	GRCh38	GRCh38_0_based_half_open	NA	paper/bioinformatics/application_manifest.tsv;paper/bioinformatics/application_selection.json	phase3_v1_preregistered_application_universe
target_only	NA	NA	phase3_application_role_ordinal	395	NA	at0395	NA	0c35e95e93291a029403ced995e8ec3105cfe9601bef475062d96a5d541d6927	NA	chr22:30298982-30301482	GRCh38	GRCh38_0_based_half_open	NA	paper/bioinformatics/application_manifest.tsv;paper/bioinformatics/application_selection.json	phase3_v1_preregistered_application_universe
target_only	NA	NA	phase3_application_role_ordinal	396	NA	at0396	NA	e8c4928b9b9bfcb9bd55d5aa445632e333a958bad980eb6223c0e522dfddcb4a	NA	chr22:30326441-30328941	GRCh38	GRCh38_0_based_half_open	NA	paper/bioinformatics/application_manifest.tsv;paper/bioinformatics/application_selection.json	phase3_v1_preregistered_application_universe
target_only	NA	NA	phase3_application_role_ordinal	397	NA	at0397	NA	ffdf7d4a99cb64914c70b2cfcd5a9ba67ba95f317ed6deb9c0d2f457bc78f1d3	NA	chr22:30356394-30358894	GRCh38	GRCh38_0_based_half_open	NA	paper/bioinformatics/application_manifest.tsv;paper/bioinformatics/application_selection.json	phase3_v1_preregistered_application_universe
target_only	NA	NA	phase3_application_role_ordinal	398	NA	at0398	NA	c3334e6e1378693e56de8b00d13012228ecd206c01eae73dafd92363597d903a	NA	chr22:30355007-30357507	GRCh38	GRCh38_0_based_half_open	NA	paper/bioinformatics/application_manifest.tsv;paper/bioinformatics/application_selection.json	phase3_v1_preregistered_application_universe
target_only	NA	NA	phase3_application_role_ordinal	399	NA	at0399	NA	119fd71c405063f1e8f12170e26a8ee6b03b3aa93fd7010a97d6ad5faa8247a7	NA	chr22:30386911-30389411	GRCh38	GRCh38_0_based_half_open	NA	paper/bioinformatics/application_manifest.tsv;paper/bioinformatics/application_selection.json	phase3_v1_preregistered_application_universe
target_only	NA	NA	phase3_application_role_ordinal	4	NA	at0004	NA	1f1e96041b5fd20a66fbf88e5afe25005cb35d726f6c20b0c78bd9fcc51f2641	NA	chr21:14214157-14216657	GRCh38	GRCh38_0_based_half_open	NA	paper/bioinformatics/application_manifest.tsv;paper/bioinformatics/application_selection.json	phase3_v1_preregistered_application_universe
target_only	NA	NA	phase3_application_role_ordinal	40	NA	at0040	NA	a73f73ba18babac116851d0e2f78ff9d3afd9c3c101ac6ba70224927581696c0	NA	chr21:30425426-30427926	GRCh38	GRCh38_0_based_half_open	NA	paper/bioinformatics/application_manifest.tsv;paper/bioinformatics/application_selection.json	phase3_v1_preregistered_application_universe
target_only	NA	NA	phase3_application_role_ordinal	400	NA	at0400	NA	d5fe9b5a1959d1c41f2127251eb1341dab234b66f8471405032f9a73cdc70bfe	NA	chr22:30395018-30397518	GRCh38	GRCh38_0_based_half_open	NA	paper/bioinformatics/application_manifest.tsv;paper/bioinformatics/application_selection.json	phase3_v1_preregistered_application_universe
target_only	NA	NA	phase3_application_role_ordinal	401	NA	at0401	NA	26f51aad60ca4d570925723dad0f2953b44f73a218b5212ef62b61b8a764e079	NA	chr22:30407262-30409762	GRCh38	GRCh38_0_based_half_open	NA	paper/bioinformatics/application_manifest.tsv;paper/bioinformatics/application_selection.json	phase3_v1_preregistered_application_universe
target_only	NA	NA	phase3_application_role_ordinal	402	NA	at0402	NA	865a924e0951a8364be261754d4915d025a26243b3de8b101f05b8b8bd80798a	NA	chr22:30423768-30426268	GRCh38	GRCh38_0_based_half_open	NA	paper/bioinformatics/application_manifest.tsv;paper/bioinformatics/application_selection.json	phase3_v1_preregistered_application_universe
target_only	NA	NA	phase3_application_role_ordinal	403	NA	at0403	NA	8a87ff26762c0717fb9bbf24c246468309bcc99f0edda016830eb0ade9eb08e4	NA	chr22:30471517-30474017	GRCh38	GRCh38_0_based_half_open	NA	paper/bioinformatics/application_manifest.tsv;paper/bioinformatics/application_selection.json	phase3_v1_preregistered_application_universe
target_only	NA	NA	phase3_application_role_ordinal	404	NA	at0404	NA	a3dbde447dadc6634ecd47d983edc834e0572716449ed4559e9ba2df99344eb4	NA	chr22:30505195-30507695	GRCh38	GRCh38_0_based_half_open	NA	paper/bioinformatics/application_manifest.tsv;paper/bioinformatics/application_selection.json	phase3_v1_preregistered_application_universe
target_only	NA	NA	phase3_application_role_ordinal	405	NA	at0405	NA	3c8f613d35c2d4a01c0cba1191cb0a5fcf716391e1c9cf72371909ee66f4d4fc	NA	chr22:30546241-30548741	GRCh38	GRCh38_0_based_half_open	NA	paper/bioinformatics/application_manifest.tsv;paper/bioinformatics/application_selection.json	phase3_v1_preregistered_application_universe
target_only	NA	NA	phase3_application_role_ordinal	406	NA	at0406	NA	65e9e19ad61a2d46ca3282232579e0aa942964cb5ce9ee28586e3a1b29aa8587	NA	chr22:30574165-30576665	GRCh38	GRCh38_0_based_half_open	NA	paper/bioinformatics/application_manifest.tsv;paper/bioinformatics/application_selection.json	phase3_v1_preregistered_application_universe
target_only	NA	NA	phase3_application_role_ordinal	407	NA	at0407	NA	477b08f33ac3495b8ecbebd5d70f16742505356d48de900a58eda4074fddf41a	NA	chr22:30591410-30593910	GRCh38	GRCh38_0_based_half_open	NA	paper/bioinformatics/application_manifest.tsv;paper/bioinformatics/application_selection.json	phase3_v1_preregistered_application_universe
target_only	NA	NA	phase3_application_role_ordinal	408	NA	at0408	NA	ba0dbf91c29e4686c7db0ec2a6b02bf033e44914e4d8ca567e7db638a9c5500b	NA	chr22:30605174-30607674	GRCh38	GRCh38_0_based_half_open	NA	paper/bioinformatics/application_manifest.tsv;paper/bioinformatics/application_selection.json	phase3_v1_preregistered_application_universe
target_only	NA	NA	phase3_application_role_ordinal	409	NA	at0409	NA	07c8a509b51f237dfe0925a64d4304013db73163f7700f4df0070406f123f565	NA	chr22:30633781-30636281	GRCh38	GRCh38_0_based_half_open	NA	paper/bioinformatics/application_manifest.tsv;paper/bioinformatics/application_selection.json	phase3_v1_preregistered_application_universe
target_only	NA	NA	phase3_application_role_ordinal	41	NA	at0041	NA	705f3897e19f738d6847afbab4988cb68bb83e917e9ab59976164b3ccc3bb097	NA	chr21:30428220-30430720	GRCh38	GRCh38_0_based_half_open	NA	paper/bioinformatics/application_manifest.tsv;paper/bioinformatics/application_selection.json	phase3_v1_preregistered_application_universe
target_only	NA	NA	phase3_application_role_ordinal	410	NA	at0410	NA	534cd24649ed53a04324b4a70d26f85b6186e3ac23868b0cf533c7545656a656	NA	chr22:30667375-30669875	GRCh38	GRCh38_0_based_half_open	NA	paper/bioinformatics/application_manifest.tsv;paper/bioinformatics/application_selection.json	phase3_v1_preregistered_application_universe
target_only	NA	NA	phase3_application_role_ordinal	411	NA	at0411	NA	20de60bacb98e9dec0020ac4698e46a38627cd27501d57e993abe7fd73b2ad9c	NA	chr22:30692874-30695374	GRCh38	GRCh38_0_based_half_open	NA	paper/bioinformatics/application_manifest.tsv;paper/bioinformatics/application_selection.json	phase3_v1_preregistered_application_universe
target_only	NA	NA	phase3_application_role_ordinal	412	NA	at0412	NA	54bd0cd840f79b88dea3902d8fa15e4b2ed6ea5e747ae53b77841d8bfeeefcb7	NA	chr22:30968274-30970774	GRCh38	GRCh38_0_based_half_open	NA	paper/bioinformatics/application_manifest.tsv;paper/bioinformatics/application_selection.json	phase3_v1_preregistered_application_universe
target_only	NA	NA	phase3_application_role_ordinal	413	NA	at0413	NA	7ce4fb6c41b20b4333d48d79c704e43c2250bea1ecb5f04b285f702199806529	NA	chr22:30967265-30969765	GRCh38	GRCh38_0_based_half_open	NA	paper/bioinformatics/application_manifest.tsv;paper/bioinformatics/application_selection.json	phase3_v1_preregistered_application_universe
target_only	NA	NA	phase3_application_role_ordinal	414	NA	at0414	NA	e31c06d7d50c3e7324d3b4748b92c50c8ae473386c7b05a34d245f80c3587076	NA	chr22:31079318-31081818	GRCh38	GRCh38_0_based_half_open	NA	paper/bioinformatics/application_manifest.tsv;paper/bioinformatics/application_selection.json	phase3_v1_preregistered_application_universe
target_only	NA	NA	phase3_application_role_ordinal	415	NA	at0415	NA	dde9e02e95398f36065cd8a81f10f748616dd3e72d01bfc3cbf12518d3f5a926	NA	chr22:31107068-31109568	GRCh38	GRCh38_0_based_half_open	NA	paper/bioinformatics/application_manifest.tsv;paper/bioinformatics/application_selection.json	phase3_v1_preregistered_application_universe
target_only	NA	NA	phase3_application_role_ordinal	416	NA	at0416	NA	ef20b0ad7cf6d03a89363c2ac6280de2262fb5dbbb76f1f05cd3e76cb8b30733	NA	chr22:31120966-31123466	GRCh38	GRCh38_0_based_half_open	NA	paper/bioinformatics/application_manifest.tsv;paper/bioinformatics/application_selection.json	phase3_v1_preregistered_application_universe
target_only	NA	NA	phase3_application_role_ordinal	417	NA	at0417	NA	81fc0e29aacb67e0afce8b24eefdcff020d1ec8c9729fe059cc56855fdb47d2c	NA	chr22:31140008-31142508	GRCh38	GRCh38_0_based_half_open	NA	paper/bioinformatics/application_manifest.tsv;paper/bioinformatics/application_selection.json	phase3_v1_preregistered_application_universe
target_only	NA	NA	phase3_application_role_ordinal	418	NA	at0418	NA	6287701148e58c374a531ce47c5fbbab3b57ebfab6e1ce3afcfc84134a1522a3	NA	chr22:31158182-31160682	GRCh38	GRCh38_0_based_half_open	NA	paper/bioinformatics/application_manifest.tsv;paper/bioinformatics/application_selection.json	phase3_v1_preregistered_application_universe
target_only	NA	NA	phase3_application_role_ordinal	419	NA	at0419	NA	aa2e6a70389fea971af79288a0e071f4fad5c03c2f682399423b09cf4ec03858	NA	chr22:31210298-31212798	GRCh38	GRCh38_0_based_half_open	NA	paper/bioinformatics/application_manifest.tsv;paper/bioinformatics/application_selection.json	phase3_v1_preregistered_application_universe
target_only	NA	NA	phase3_application_role_ordinal	42	NA	at0042	NA	1aa0c6642dbc2849d1749b8997da798d42d91c796256c9fc1b1599497b8c4e1b	NA	chr21:30438275-30440775	GRCh38	GRCh38_0_based_half_open	NA	paper/bioinformatics/application_manifest.tsv;paper/bioinformatics/application_selection.json	phase3_v1_preregistered_application_universe
target_only	NA	NA	phase3_application_role_ordinal	420	NA	at0420	NA	7c276e8952ac3ee285736030cedda5f6a4901d18e55f6e77a1effc0b9f19f489	NA	chr22:31291988-31294488	GRCh38	GRCh38_0_based_half_open	NA	paper/bioinformatics/application_manifest.tsv;paper/bioinformatics/application_selection.json	phase3_v1_preregistered_application_universe
target_only	NA	NA	phase3_application_role_ordinal	421	NA	at0421	NA	b5e851f5b2e8abb8fdb326607ac6ba9a99000ed55630c02ded30f775996bd015	NA	chr22:31345846-31348346	GRCh38	GRCh38_0_based_half_open	NA	paper/bioinformatics/application_manifest.tsv;paper/bioinformatics/application_selection.json	phase3_v1_preregistered_application_universe
target_only	NA	NA	phase3_application_role_ordinal	422	NA	at0422	NA	411804b3a7f61e12b267830f831b091d1ac87f57e0d72d9c7eb696fad1e3c8bb	NA	chr22:31397604-31400104	GRCh38	GRCh38_0_based_half_open	NA	paper/bioinformatics/application_manifest.tsv;paper/bioinformatics/application_selection.json	phase3_v1_preregistered_application_universe
target_only	NA	NA	phase3_application_role_ordinal	423	NA	at0423	NA	9836fe01e933a0355be85d0c31298a4a165401b693be27f070658d889aa43ffe	NA	chr22:31489342-31491842	GRCh38	GRCh38_0_based_half_open	NA	paper/bioinformatics/application_manifest.tsv;paper/bioinformatics/application_selection.json	phase3_v1_preregistered_application_universe
target_only	NA	NA	phase3_application_role_ordinal	424	NA	at0424	NA	2d23254a84f31db73c689600e600b5e2d6f0d5f260e9cd3a64845d951882faae	NA	chr22:31494536-31497036	GRCh38	GRCh38_0_based_half_open	NA	paper/bioinformatics/application_manifest.tsv;paper/bioinformatics/application_selection.json	phase3_v1_preregistered_application_universe
target_only	NA	NA	phase3_application_role_ordinal	425	NA	at0425	NA	8c3f5f540dd167ae6cf0f5c091f791b1351242e0735147d0bfe33b12da31f32e	NA	chr22:31661715-31664215	GRCh38	GRCh38_0_based_half_open	NA	paper/bioinformatics/application_manifest.tsv;paper/bioinformatics/application_selection.json	phase3_v1_preregistered_application_universe
target_only	NA	NA	phase3_application_role_ordinal	426	NA	at0426	NA	71e065243524f39ea770c68285c526e509d0a482a4d45443581f33d9e9a8c1b1	NA	chr22:31749632-31752132	GRCh38	GRCh38_0_based_half_open	NA	paper/bioinformatics/application_manifest.tsv;paper/bioinformatics/application_selection.json	phase3_v1_preregistered_application_universe
target_only	NA	NA	phase3_application_role_ordinal	427	NA	at0427	NA	01ae66c9b3d0534b6558e40391b8766554512992719df64ac94b6b18d6ca69a0	NA	chr22:31752019-31754519	GRCh38	GRCh38_0_based_half_open	NA	paper/bioinformatics/application_manifest.tsv;paper/bioinformatics/application_selection.json	phase3_v1_preregistered_application_universe
target_only	NA	NA	phase3_application_role_ordinal	428	NA	at0428	NA	5fa3771414606a29fa65614d9e62cb9147912d84f23a0885acc6b2815056c193	NA	chr22:31752899-31755399	GRCh38	GRCh38_0_based_half_open	NA	paper/bioinformatics/application_manifest.tsv;paper/bioinformatics/application_selection.json	phase3_v1_preregistered_application_universe
target_only	NA	NA	phase3_application_role_ordinal	429	NA	at0429	NA	1d17749e9d2539494b94e037c7db50f843043317851513bbb3b34f01f95d2cf8	NA	chr22:31942535-31945035	GRCh38	GRCh38_0_based_half_open	NA	paper/bioinformatics/application_manifest.tsv;paper/bioinformatics/application_selection.json	phase3_v1_preregistered_application_universe
target_only	NA	NA	phase3_application_role_ordinal	43	NA	at0043	NA	1729aec7e3659e55cae08de78c89e370720a8c827bcc033a783eef00b74f1811	NA	chr21:30479867-30482367	GRCh38	GRCh38_0_based_half_open	NA	paper/bioinformatics/application_manifest.tsv;paper/bioinformatics/application_selection.json	phase3_v1_preregistered_application_universe
target_only	NA	NA	phase3_application_role_ordinal	430	NA	at0430	NA	8be4d475fc892d2110c4eef078b53600f990276bd5755a37783440c0641abd9c	NA	chr22:32041261-32043761	GRCh38	GRCh38_0_based_half_open	NA	paper/bioinformatics/application_manifest.tsv;paper/bioinformatics/application_selection.json	phase3_v1_preregistered_application_universe
target_only	NA	NA	phase3_application_role_ordinal	431	NA	at0431	NA	c27491c4fdf4346739ffa9c62209d24ca5c16d183bce45c8d8d7efeadc77e00f	NA	chr22:32158803-32161303	GRCh38	GRCh38_0_based_half_open	NA	paper/bioinformatics/application_manifest.tsv;paper/bioinformatics/application_selection.json	phase3_v1_preregistered_application_universe
target_only	NA	NA	phase3_application_role_ordinal	432	NA	at0432	NA	5e3f1868e23a1ae7a757da2edfa96ef6fe38bfd68d3b47a16d7ba4b02594e9cb	NA	chr22:32204573-32207073	GRCh38	GRCh38_0_based_half_open	NA	paper/bioinformatics/application_manifest.tsv;paper/bioinformatics/application_selection.json	phase3_v1_preregistered_application_universe
target_only	NA	NA	phase3_application_role_ordinal	433	NA	at0433	NA	08fb3de3622351b617a50abf81ee09793908e8eae248aab51dc8102dc20ce48f	NA	chr22:32254847-32257347	GRCh38	GRCh38_0_based_half_open	NA	paper/bioinformatics/application_manifest.tsv;paper/bioinformatics/application_selection.json	phase3_v1_preregistered_application_universe
target_only	NA	NA	phase3_application_role_ordinal	434	NA	at0434	NA	541fed46355bcc32b8aec30c2b11a474273ac77bb9ded6f5565fcb735eec6506	NA	chr22:32355867-32358367	GRCh38	GRCh38_0_based_half_open	NA	paper/bioinformatics/application_manifest.tsv;paper/bioinformatics/application_selection.json	phase3_v1_preregistered_application_universe
target_only	NA	NA	phase3_application_role_ordinal	435	NA	at0435	NA	d36668c8ae5845a9e40bdc9055bee915290553030559e13d3a3e93dc3fb720da	NA	chr22:32411747-32414247	GRCh38	GRCh38_0_based_half_open	NA	paper/bioinformatics/application_manifest.tsv;paper/bioinformatics/application_selection.json	phase3_v1_preregistered_application_universe
target_only	NA	NA	phase3_application_role_ordinal	436	NA	at0436	NA	696f42c9b681e987cdbf1bfa3b11ecfe9e43c378509af1783787f8f6f00ecdf4	NA	chr22:32463946-32466446	GRCh38	GRCh38_0_based_half_open	NA	paper/bioinformatics/application_manifest.tsv;paper/bioinformatics/application_selection.json	phase3_v1_preregistered_application_universe
target_only	NA	NA	phase3_application_role_ordinal	437	NA	at0437	NA	6bd56fe2bd208c2fe892d680c40b0bee7715d6b0712902cd5d099d855c4d33f5	NA	chr22:32472811-32475311	GRCh38	GRCh38_0_based_half_open	NA	paper/bioinformatics/application_manifest.tsv;paper/bioinformatics/application_selection.json	phase3_v1_preregistered_application_universe
target_only	NA	NA	phase3_application_role_ordinal	438	NA	at0438	NA	7efe16a8b4819a5246784401c73c34af8e27fcb4f6dd434ee3fdb9c0b7f5dffe	NA	chr22:32799705-32802205	GRCh38	GRCh38_0_based_half_open	NA	paper/bioinformatics/application_manifest.tsv;paper/bioinformatics/application_selection.json	phase3_v1_preregistered_application_universe
target_only	NA	NA	phase3_application_role_ordinal	439	NA	at0439	NA	faf41bcac91cc2e2c9ea0ba31d62e27d539011a1318d5946a6fb0ee8a79c7f11	NA	chr22:33057881-33060381	GRCh38	GRCh38_0_based_half_open	NA	paper/bioinformatics/application_manifest.tsv;paper/bioinformatics/application_selection.json	phase3_v1_preregistered_application_universe
target_only	NA	NA	phase3_application_role_ordinal	44	NA	at0044	NA	cbcdbf037def5063697a55dafa55b1910fb6824aff18b0f84f47bba40036cf71	NA	chr21:30486936-30489436	GRCh38	GRCh38_0_based_half_open	NA	paper/bioinformatics/application_manifest.tsv;paper/bioinformatics/application_selection.json	phase3_v1_preregistered_application_universe
target_only	NA	NA	phase3_application_role_ordinal	440	NA	at0440	NA	33f9207664e16a31fccfc9c10c895c03738d78b7124faa4108a456ef44ee1756	NA	chr22:33919976-33922476	GRCh38	GRCh38_0_based_half_open	NA	paper/bioinformatics/application_manifest.tsv;paper/bioinformatics/application_selection.json	phase3_v1_preregistered_application_universe
target_only	NA	NA	phase3_application_role_ordinal	441	NA	at0441	NA	96dc1adfd54dbcee53cf2568eb766b6428914e62f715ac675968bea0d5729f89	NA	chr22:35064158-35066658	GRCh38	GRCh38_0_based_half_open	NA	paper/bioinformatics/application_manifest.tsv;paper/bioinformatics/application_selection.json	phase3_v1_preregistered_application_universe
target_only	NA	NA	phase3_application_role_ordinal	442	NA	at0442	NA	a18a7f898ce1272b6eb871ce6cfba82d2d45e8a5302dbdf44340d71bd0689cf8	NA	chr22:35255493-35257993	GRCh38	GRCh38_0_based_half_open	NA	paper/bioinformatics/application_manifest.tsv;paper/bioinformatics/application_selection.json	phase3_v1_preregistered_application_universe
target_only	NA	NA	phase3_application_role_ordinal	443	NA	at0443	NA	60ac4e1496d8013026a58272d279ff9b1027114d21deef157c9d35db2af4a113	NA	chr22:35297894-35300394	GRCh38	GRCh38_0_based_half_open	NA	paper/bioinformatics/application_manifest.tsv;paper/bioinformatics/application_selection.json	phase3_v1_preregistered_application_universe
target_only	NA	NA	phase3_application_role_ordinal	444	NA	at0444	NA	868eef877c96270a4572f070f47df52a05f68b5e8820524bc3ce44f387c5163c	NA	chr22:35379096-35381596	GRCh38	GRCh38_0_based_half_open	NA	paper/bioinformatics/application_manifest.tsv;paper/bioinformatics/application_selection.json	phase3_v1_preregistered_application_universe
target_only	NA	NA	phase3_application_role_ordinal	445	NA	at0445	NA	3fc34f00d2096739b51cecd3980cc5ab2dbfb17ca8c6ddc36bd7382954b2f60a	NA	chr22:35398140-35400640	GRCh38	GRCh38_0_based_half_open	NA	paper/bioinformatics/application_manifest.tsv;paper/bioinformatics/application_selection.json	phase3_v1_preregistered_application_universe
target_only	NA	NA	phase3_application_role_ordinal	446	NA	at0446	NA	1a6624c37c9d3db91e58eac0111c28f4e9a2effc4ea26b2886f2b8301f2f7640	NA	chr22:35538831-35541331	GRCh38	GRCh38_0_based_half_open	NA	paper/bioinformatics/application_manifest.tsv;paper/bioinformatics/application_selection.json	phase3_v1_preregistered_application_universe
target_only	NA	NA	phase3_application_role_ordinal	447	NA	at0447	NA	3e5f2cf0a9de306633e16c783da4b22e526f2f753684afc91dfa2ab0d91d5a00	NA	chr22:35616829-35619329	GRCh38	GRCh38_0_based_half_open	NA	paper/bioinformatics/application_manifest.tsv;paper/bioinformatics/application_selection.json	phase3_v1_preregistered_application_universe
target_only	NA	NA	phase3_application_role_ordinal	448	NA	at0448	NA	26fce09108c094c4dcd95b78557526fccc74f935a81776f7a94d72f4338e55da	NA	chr22:35646446-35648946	GRCh38	GRCh38_0_based_half_open	NA	paper/bioinformatics/application_manifest.tsv;paper/bioinformatics/application_selection.json	phase3_v1_preregistered_application_universe
target_only	NA	NA	phase3_application_role_ordinal	449	NA	at0449	NA	c37200f0af0a1bf4201a4f359ceb0f9cfd5150193290051ca3123a3f29e90b41	NA	chr22:35715872-35718372	GRCh38	GRCh38_0_based_half_open	NA	paper/bioinformatics/application_manifest.tsv;paper/bioinformatics/application_selection.json	phase3_v1_preregistered_application_universe
target_only	NA	NA	phase3_application_role_ordinal	45	NA	at0045	NA	b1429bd42849e656603b8bb49c1b0d360cf7ae452208341de9c65df26ae8643d	NA	chr21:30491513-30494013	GRCh38	GRCh38_0_based_half_open	NA	paper/bioinformatics/application_manifest.tsv;paper/bioinformatics/application_selection.json	phase3_v1_preregistered_application_universe
target_only	NA	NA	phase3_application_role_ordinal	450	NA	at0450	NA	8b08823a53ed8d8cbbfa8317d3f453480d21055a4ebea04ab7b7adb736901671	NA	chr22:36028324-36030824	GRCh38	GRCh38_0_based_half_open	NA	paper/bioinformatics/application_manifest.tsv;paper/bioinformatics/application_selection.json	phase3_v1_preregistered_application_universe
target_only	NA	NA	phase3_application_role_ordinal	451	NA	at0451	NA	5dfb5f9acd64a82369928e069659a473b0f1773468ed99d83c187c1cf5ce4db2	NA	chr22:36160255-36162755	GRCh38	GRCh38_0_based_half_open	NA	paper/bioinformatics/application_manifest.tsv;paper/bioinformatics/application_selection.json	phase3_v1_preregistered_application_universe
target_only	NA	NA	phase3_application_role_ordinal	452	NA	at0452	NA	41f9b58ad83ffd5c15aafbacbf2ac819e1dabddc578e3c4585c022f666da4a18	NA	chr22:36201309-36203809	GRCh38	GRCh38_0_based_half_open	NA	paper/bioinformatics/application_manifest.tsv;paper/bioinformatics/application_selection.json	phase3_v1_preregistered_application_universe
target_only	NA	NA	phase3_application_role_ordinal	453	NA	at0453	NA	ed284aed0cba30ceee822aa38f1c355501910d9444ab1614d8167141384b9a01	NA	chr22:36239027-36241527	GRCh38	GRCh38_0_based_half_open	NA	paper/bioinformatics/application_manifest.tsv;paper/bioinformatics/application_selection.json	phase3_v1_preregistered_application_universe
target_only	NA	NA	phase3_application_role_ordinal	454	NA	at0454	NA	b376c29ee338c22af83c4ca693828d33a5b7ab7c47c313d33b388faa82e8bab7	NA	chr22:36251133-36253633	GRCh38	GRCh38_0_based_half_open	NA	paper/bioinformatics/application_manifest.tsv;paper/bioinformatics/application_selection.json	phase3_v1_preregistered_application_universe
target_only	NA	NA	phase3_application_role_ordinal	455	NA	at0455	NA	dab5e2e3eef34f7aa594b2019ab618857562fcc4c62dc1fd0bb2b18d6fc706bb	NA	chr22:36387467-36389967	GRCh38	GRCh38_0_based_half_open	NA	paper/bioinformatics/application_manifest.tsv;paper/bioinformatics/application_selection.json	phase3_v1_preregistered_application_universe
target_only	NA	NA	phase3_application_role_ordinal	456	NA	at0456	NA	88163fcffe209b22706b3a582be41f2b70373754871052f3ba92b48254335157	NA	chr22:36481140-36483640	GRCh38	GRCh38_0_based_half_open	NA	paper/bioinformatics/application_manifest.tsv;paper/bioinformatics/application_selection.json	phase3_v1_preregistered_application_universe
target_only	NA	NA	phase3_application_role_ordinal	457	NA	at0457	NA	5ee8b9fc58c324a56dce731fe90af0ea1886ab32d83101c00e720b54421332eb	NA	chr22:36506540-36509040	GRCh38	GRCh38_0_based_half_open	NA	paper/bioinformatics/application_manifest.tsv;paper/bioinformatics/application_selection.json	phase3_v1_preregistered_application_universe
target_only	NA	NA	phase3_application_role_ordinal	458	NA	at0458	NA	866618117787da6b0fb5cd071df136a5a56f22beac6d1e5455983c439b3041c3	NA	chr22:36528666-36531166	GRCh38	GRCh38_0_based_half_open	NA	paper/bioinformatics/application_manifest.tsv;paper/bioinformatics/application_selection.json	phase3_v1_preregistered_application_universe
target_only	NA	NA	phase3_application_role_ordinal	459	NA	at0459	NA	dee62e39b039f701acc755d05c7d91830185ee3a78df2badf9be3ff7e942d4a7	NA	chr22:36703252-36705752	GRCh38	GRCh38_0_based_half_open	NA	paper/bioinformatics/application_manifest.tsv;paper/bioinformatics/application_selection.json	phase3_v1_preregistered_application_universe
target_only	NA	NA	phase3_application_role_ordinal	46	NA	at0046	NA	e1ba86ec2c3d7a0c43febbf7a79b78e04665c054833bf81c568be4c5282ada19	NA	chr21:30496665-30499165	GRCh38	GRCh38_0_based_half_open	NA	paper/bioinformatics/application_manifest.tsv;paper/bioinformatics/application_selection.json	phase3_v1_preregistered_application_universe
target_only	NA	NA	phase3_application_role_ordinal	460	NA	at0460	NA	29407423bafc4dc9c42afeb65d87b1868a88e6ac1b9c814ad82938a1574a3c79	NA	chr22:36775619-36778119	GRCh38	GRCh38_0_based_half_open	NA	paper/bioinformatics/application_manifest.tsv;paper/bioinformatics/application_selection.json	phase3_v1_preregistered_application_universe
target_only	NA	NA	phase3_application_role_ordinal	461	NA	at0461	NA	fd33d1d1c62679efa3f00e5d0fee115bde19262ff156e315652ee9475e60f440	NA	chr22:36816535-36819035	GRCh38	GRCh38_0_based_half_open	NA	paper/bioinformatics/application_manifest.tsv;paper/bioinformatics/application_selection.json	phase3_v1_preregistered_application_universe
target_only	NA	NA	phase3_application_role_ordinal	462	NA	at0462	NA	a5b52253b3ca6ee0b4437eb93f16fc9637a1830fcc7e986665a42827e5c618ca	NA	chr22:36859006-36861506	GRCh38	GRCh38_0_based_half_open	NA	paper/bioinformatics/application_manifest.tsv;paper/bioinformatics/application_selection.json	phase3_v1_preregistered_application_universe
target_only	NA	NA	phase3_application_role_ordinal	463	NA	at0463	NA	168c9329d47e1b522465d746922bdb0cbbc4ba8e896d2bb68c34768cae25be7d	NA	chr22:36911628-36914128	GRCh38	GRCh38_0_based_half_open	NA	paper/bioinformatics/application_manifest.tsv;paper/bioinformatics/application_selection.json	phase3_v1_preregistered_application_universe
target_only	NA	NA	phase3_application_role_ordinal	464	NA	at0464	NA	d20170a6b2509a3aeee8a46f7c329ac0d8cae8045138960906803ebcb331aefa	NA	chr22:37007351-37009851	GRCh38	GRCh38_0_based_half_open	NA	paper/bioinformatics/application_manifest.tsv;paper/bioinformatics/application_selection.json	phase3_v1_preregistered_application_universe
target_only	NA	NA	phase3_application_role_ordinal	465	NA	at0465	NA	9c08a27ebbbf585048d1276b13351a1739b63882e03b6e3cdc659eca8075be2d	NA	chr22:37018947-37021447	GRCh38	GRCh38_0_based_half_open	NA	paper/bioinformatics/application_manifest.tsv;paper/bioinformatics/application_selection.json	phase3_v1_preregistered_application_universe
target_only	NA	NA	phase3_application_role_ordinal	466	NA	at0466	NA	8c29f4bdb10f4531f72eb95f2079273de72641fb89a92614fe8b6ffac299e066	NA	chr22:37017742-37020242	GRCh38	GRCh38_0_based_half_open	NA	paper/bioinformatics/application_manifest.tsv;paper/bioinformatics/application_selection.json	phase3_v1_preregistered_application_universe
target_only	NA	NA	phase3_application_role_ordinal	467	NA	at0467	NA	a76145415c2dafbd014202a748d30cfe03786155b02aede2bb3e374847558095	NA	chr22:37049742-37052242	GRCh38	GRCh38_0_based_half_open	NA	paper/bioinformatics/application_manifest.tsv;paper/bioinformatics/application_selection.json	phase3_v1_preregistered_application_universe
target_only	NA	NA	phase3_application_role_ordinal	468	NA	at0468	NA	2203276293f8f71adc8cf12c81b0d6bbc9f48ca95350323f5cd5bee36164aa17	NA	chr22:37109213-37111713	GRCh38	GRCh38_0_based_half_open	NA	paper/bioinformatics/application_manifest.tsv;paper/bioinformatics/application_selection.json	phase3_v1_preregistered_application_universe
target_only	NA	NA	phase3_application_role_ordinal	469	NA	at0469	NA	8dfe040fc3927a6f57645cbc4431b5e2557d1df28d1e00ef56a81a1d6376053a	NA	chr22:37149416-37151916	GRCh38	GRCh38_0_based_half_open	NA	paper/bioinformatics/application_manifest.tsv;paper/bioinformatics/application_selection.json	phase3_v1_preregistered_application_universe
target_only	NA	NA	phase3_application_role_ordinal	47	NA	at0047	NA	bbc15ddf881d7d6355aa8dfcb1f1c67881a5fec769fdb31e0f61d333938c2fd7	NA	chr21:30501641-30504141	GRCh38	GRCh38_0_based_half_open	NA	paper/bioinformatics/application_manifest.tsv;paper/bioinformatics/application_selection.json	phase3_v1_preregistered_application_universe
target_only	NA	NA	phase3_application_role_ordinal	470	NA	at0470	NA	51a0dca4f217894f68ad15aa22b4d1936cc22fd356b5b67607db008939a2231a	NA	chr22:37187747-37190247	GRCh38	GRCh38_0_based_half_open	NA	paper/bioinformatics/application_manifest.tsv;paper/bioinformatics/application_selection.json	phase3_v1_preregistered_application_universe
target_only	NA	NA	phase3_application_role_ordinal	471	NA	at0471	NA	1481dbcca021044f0ca581e107890ebe8dc53859c5e6706c67f5faae0ee26fb3	NA	chr22:37211977-37214477	GRCh38	GRCh38_0_based_half_open	NA	paper/bioinformatics/application_manifest.tsv;paper/bioinformatics/application_selection.json	phase3_v1_preregistered_application_universe
target_only	NA	NA	phase3_application_role_ordinal	472	NA	at0472	NA	32d1b7fe76a09557f016b79df4de16ba9a063dbc24b59658a4c4021d84bb3acf	NA	chr22:37243769-37246269	GRCh38	GRCh38_0_based_half_open	NA	paper/bioinformatics/application_manifest.tsv;paper/bioinformatics/application_selection.json	phase3_v1_preregistered_application_universe
target_only	NA	NA	phase3_application_role_ordinal	473	NA	at0473	NA	8b8edf7bc988ae33f606e8c8a1cae886c08830be23f065149f5ebb155ba4cb1f	NA	chr22:37280508-37283008	GRCh38	GRCh38_0_based_half_open	NA	paper/bioinformatics/application_manifest.tsv;paper/bioinformatics/application_selection.json	phase3_v1_preregistered_application_universe
target_only	NA	NA	phase3_application_role_ordinal	474	NA	at0474	NA	4733b1ccbbaaee95bc788bfd3f63ee9326e18335a1dd018e5d888e67c0f9a107	NA	chr22:37426979-37429479	GRCh38	GRCh38_0_based_half_open	NA	paper/bioinformatics/application_manifest.tsv;paper/bioinformatics/application_selection.json	phase3_v1_preregistered_application_universe
target_only	NA	NA	phase3_application_role_ordinal	475	NA	at0475	NA	00ea016ea1eef3a48fafb3ece8a2b800aac6de80990cde8245a43630d7083715	NA	chr22:37485884-37488384	GRCh38	GRCh38_0_based_half_open	NA	paper/bioinformatics/application_manifest.tsv;paper/bioinformatics/application_selection.json	phase3_v1_preregistered_application_universe
target_only	NA	NA	phase3_application_role_ordinal	476	NA	at0476	NA	46ab8e8367d92bcee54210854582b0fc7b728334fd32cf588e223106fb27b870	NA	chr22:37518915-37521415	GRCh38	GRCh38_0_based_half_open	NA	paper/bioinformatics/application_manifest.tsv;paper/bioinformatics/application_selection.json	phase3_v1_preregistered_application_universe
target_only	NA	NA	phase3_application_role_ordinal	477	NA	at0477	NA	33cb58697add1d9322bcf6e304165d7e98d0967be6b151e0ec29745410c6c796	NA	chr22:37558480-37560980	GRCh38	GRCh38_0_based_half_open	NA	paper/bioinformatics/application_manifest.tsv;paper/bioinformatics/application_selection.json	phase3_v1_preregistered_application_universe
target_only	NA	NA	phase3_application_role_ordinal	478	NA	at0478	NA	651ef6fa1bee89bd5ad767952ede77364fa98bca160f8816636d9c9c32fa279a	NA	chr22:37579587-37582087	GRCh38	GRCh38_0_based_half_open	NA	paper/bioinformatics/application_manifest.tsv;paper/bioinformatics/application_selection.json	phase3_v1_preregistered_application_universe
target_only	NA	NA	phase3_application_role_ordinal	479	NA	at0479	NA	f677b52f4d03ea8f7ea0e680efa814be002ae9fffe1920d221acb2264cd00d64	NA	chr22:37606834-37609334	GRCh38	GRCh38_0_based_half_open	NA	paper/bioinformatics/application_manifest.tsv;paper/bioinformatics/application_selection.json	phase3_v1_preregistered_application_universe
target_only	NA	NA	phase3_application_role_ordinal	48	NA	at0048	NA	fcbdfb8a43f6bc3f43aa925ceae2b1e55ee79c21f15d0dbe0257fe13a8bc53ef	NA	chr21:30541364-30543864	GRCh38	GRCh38_0_based_half_open	NA	paper/bioinformatics/application_manifest.tsv;paper/bioinformatics/application_selection.json	phase3_v1_preregistered_application_universe
target_only	NA	NA	phase3_application_role_ordinal	480	NA	at0480	NA	0a382fb046c8528d6e2126e5743e43ea0dfe0b8fd400bf8e6bf03bfe4a4b558a	NA	chr22:37637669-37640169	GRCh38	GRCh38_0_based_half_open	NA	paper/bioinformatics/application_manifest.tsv;paper/bioinformatics/application_selection.json	phase3_v1_preregistered_application_universe
target_only	NA	NA	phase3_application_role_ordinal	481	NA	at0481	NA	1e752b7219e4a52b6e94c53ad767d6c5e4caf0227f7a0dbbd78517e3d12e4483	NA	chr22:37637693-37640193	GRCh38	GRCh38_0_based_half_open	NA	paper/bioinformatics/application_manifest.tsv;paper/bioinformatics/application_selection.json	phase3_v1_preregistered_application_universe
target_only	NA	NA	phase3_application_role_ordinal	482	NA	at0482	NA	8e17e9d0051c56adcd8ef0fcd541dc3f2e7fe5eab637f4c56156f201a55c639b	NA	chr22:37656723-37659223	GRCh38	GRCh38_0_based_half_open	NA	paper/bioinformatics/application_manifest.tsv;paper/bioinformatics/application_selection.json	phase3_v1_preregistered_application_universe
target_only	NA	NA	phase3_application_role_ordinal	483	NA	at0483	NA	5a311cd4294f908e5a8975776d2e46a957481960d49a43dcfb2709cfe9c8e47f	NA	chr22:37673636-37676136	GRCh38	GRCh38_0_based_half_open	NA	paper/bioinformatics/application_manifest.tsv;paper/bioinformatics/application_selection.json	phase3_v1_preregistered_application_universe
target_only	NA	NA	phase3_application_role_ordinal	484	NA	at0484	NA	08f43515599c6d428b857c9a0dc37da41abf6ba1b013658e6431220e522c0abe	NA	chr22:37684343-37686843	GRCh38	GRCh38_0_based_half_open	NA	paper/bioinformatics/application_manifest.tsv;paper/bioinformatics/application_selection.json	phase3_v1_preregistered_application_universe
target_only	NA	NA	phase3_application_role_ordinal	485	NA	at0485	NA	eb5be2ad366cd256bc17e170888abffe08bb71a438a88d87e58f9a01b422ce93	NA	chr22:37684414-37686914	GRCh38	GRCh38_0_based_half_open	NA	paper/bioinformatics/application_manifest.tsv;paper/bioinformatics/application_selection.json	phase3_v1_preregistered_application_universe
target_only	NA	NA	phase3_application_role_ordinal	486	NA	at0486	NA	35ff65478cf8a30b26b4e94c084280981785d694f3ad13f05cbb4ea2444102b3	NA	chr22:37695048-37697548	GRCh38	GRCh38_0_based_half_open	NA	paper/bioinformatics/application_manifest.tsv;paper/bioinformatics/application_selection.json	phase3_v1_preregistered_application_universe
target_only	NA	NA	phase3_application_role_ordinal	487	NA	at0487	NA	a53d5896d2ef32565261b5a02b5f22a5a9f76e6cfee92d13a0f8bd31be3dcc9d	NA	chr22:37803229-37805729	GRCh38	GRCh38_0_based_half_open	NA	paper/bioinformatics/application_manifest.tsv;paper/bioinformatics/application_selection.json	phase3_v1_preregistered_application_universe
target_only	NA	NA	phase3_application_role_ordinal	488	NA	at0488	NA	35e68161237687f5c64400aa8dfbb4b1a54832cc8f8a3bf14981aec0c9fd05b5	NA	chr22:37805934-37808434	GRCh38	GRCh38_0_based_half_open	NA	paper/bioinformatics/application_manifest.tsv;paper/bioinformatics/application_selection.json	phase3_v1_preregistered_application_universe
target_only	NA	NA	phase3_application_role_ordinal	489	NA	at0489	NA	224913498a7431c655449491abeaa03b74204a52bf64ae9dd2242d0b77d8e3a4	NA	chr22:37821382-37823882	GRCh38	GRCh38_0_based_half_open	NA	paper/bioinformatics/application_manifest.tsv;paper/bioinformatics/application_selection.json	phase3_v1_preregistered_application_universe
target_only	NA	NA	phase3_application_role_ordinal	49	NA	at0049	NA	3df52b08663fd0fb4d41eddc029f8a6296548847d6861b0842cd4b3f8336843b	NA	chr21:30560814-30563314	GRCh38	GRCh38_0_based_half_open	NA	paper/bioinformatics/application_manifest.tsv;paper/bioinformatics/application_selection.json	phase3_v1_preregistered_application_universe
target_only	NA	NA	phase3_application_role_ordinal	490	NA	at0490	NA	17c4149a175441f22a7b04b1ca510cfbcf20451cfd0f1dc4dbf009c38bd6bb88	NA	chr22:37843834-37846334	GRCh38	GRCh38_0_based_half_open	NA	paper/bioinformatics/application_manifest.tsv;paper/bioinformatics/application_selection.json	phase3_v1_preregistered_application_universe
target_only	NA	NA	phase3_application_role_ordinal	491	NA	at0491	NA	1ca0afa9eafb1a6e903ba8f31b0e484845b7e6c4c403abc88aa22758b2649395	NA	chr22:37847419-37849919	GRCh38	GRCh38_0_based_half_open	NA	paper/bioinformatics/application_manifest.tsv;paper/bioinformatics/application_selection.json	phase3_v1_preregistered_application_universe
target_only	NA	NA	phase3_application_role_ordinal	492	NA	at0492	NA	98f40ce96a66a5e1a510aab4049e511aac5a4b4cf9ca65131bcccb3f4d372a4f	NA	chr22:37904297-37906797	GRCh38	GRCh38_0_based_half_open	NA	paper/bioinformatics/application_manifest.tsv;paper/bioinformatics/application_selection.json	phase3_v1_preregistered_application_universe
target_only	NA	NA	phase3_application_role_ordinal	493	NA	at0493	NA	f3dca6e117587260d1bbda59d77428106beb1e3cf9d064c544c4da8ad91ee9a5	NA	chr22:37953101-37955601	GRCh38	GRCh38_0_based_half_open	NA	paper/bioinformatics/application_manifest.tsv;paper/bioinformatics/application_selection.json	phase3_v1_preregistered_application_universe
target_only	NA	NA	phase3_application_role_ordinal	494	NA	at0494	NA	cf2a1b25367e26f9b454ba4b063b0069a0ac6f26ffb703c4c193bcce7c85d868	NA	chr22:37951699-37954199	GRCh38	GRCh38_0_based_half_open	NA	paper/bioinformatics/application_manifest.tsv;paper/bioinformatics/application_selection.json	phase3_v1_preregistered_application_universe
target_only	NA	NA	phase3_application_role_ordinal	495	NA	at0495	NA	90009d33f975209c84034b4ff1079edab4ed18b6e1b0a60032a17e4a4e879d3b	NA	chr22:37984055-37986555	GRCh38	GRCh38_0_based_half_open	NA	paper/bioinformatics/application_manifest.tsv;paper/bioinformatics/application_selection.json	phase3_v1_preregistered_application_universe
target_only	NA	NA	phase3_application_role_ordinal	496	NA	at0496	NA	691d8a6552906c4bf804efed3f013997794e6400e15b6810283b727af35e3ade	NA	chr22:38055404-38057904	GRCh38	GRCh38_0_based_half_open	NA	paper/bioinformatics/application_manifest.tsv;paper/bioinformatics/application_selection.json	phase3_v1_preregistered_application_universe
target_only	NA	NA	phase3_application_role_ordinal	497	NA	at0497	NA	a1c2cadb4921df5dbe0687813a8928d9c1f95cf1b0adb598b1c5c66febee0180	NA	chr22:38083684-38086184	GRCh38	GRCh38_0_based_half_open	NA	paper/bioinformatics/application_manifest.tsv;paper/bioinformatics/application_selection.json	phase3_v1_preregistered_application_universe
target_only	NA	NA	phase3_application_role_ordinal	498	NA	at0498	NA	96dc3d7edaa239a2598b251d6f1a7bf0ee5de4dbba8053efc7f255bbcd6b555c	NA	chr22:38110184-38112684	GRCh38	GRCh38_0_based_half_open	NA	paper/bioinformatics/application_manifest.tsv;paper/bioinformatics/application_selection.json	phase3_v1_preregistered_application_universe
target_only	NA	NA	phase3_application_role_ordinal	499	NA	at0499	NA	53919d2a74c9a01b3b7e3fbb46f5d95b30bfcb199e31ca8f873cb6ebfd3ae0fa	NA	chr22:38181330-38183830	GRCh38	GRCh38_0_based_half_open	NA	paper/bioinformatics/application_manifest.tsv;paper/bioinformatics/application_selection.json	phase3_v1_preregistered_application_universe
target_only	NA	NA	phase3_application_role_ordinal	5	NA	at0005	NA	28121d36828fd96586b50719e73f7072c2e36fed83aa08be555fad4ba74d1357	NA	chr21:14382646-14385146	GRCh38	GRCh38_0_based_half_open	NA	paper/bioinformatics/application_manifest.tsv;paper/bioinformatics/application_selection.json	phase3_v1_preregistered_application_universe
target_only	NA	NA	phase3_application_role_ordinal	50	NA	at0050	NA	e3968ba5de0e7189e6223abc7b346a69074c7d61f92819e7077299e65710c2b0	NA	chr21:30589897-30592397	GRCh38	GRCh38_0_based_half_open	NA	paper/bioinformatics/application_manifest.tsv;paper/bioinformatics/application_selection.json	phase3_v1_preregistered_application_universe
target_only	NA	NA	phase3_application_role_ordinal	500	NA	at0500	NA	cc30ffc49db23ed8410c8e884d7d222ac9bdab3174cac15bca419ee9f202c085	NA	chr22:38199994-38202494	GRCh38	GRCh38_0_based_half_open	NA	paper/bioinformatics/application_manifest.tsv;paper/bioinformatics/application_selection.json	phase3_v1_preregistered_application_universe
target_only	NA	NA	phase3_application_role_ordinal	501	NA	at0501	NA	bdbab7fcb99e54e5215a60faaed6be06ef5d0b5ba79cfa9f288d8b4b05be2bfe	NA	chr22:38272510-38275010	GRCh38	GRCh38_0_based_half_open	NA	paper/bioinformatics/application_manifest.tsv;paper/bioinformatics/application_selection.json	phase3_v1_preregistered_application_universe
target_only	NA	NA	phase3_application_role_ordinal	502	NA	at0502	NA	a22fa1717152965435d58567dbfc0f07eda1e505f718320e1f46b7a37becf361	NA	chr22:38316933-38319433	GRCh38	GRCh38_0_based_half_open	NA	paper/bioinformatics/application_manifest.tsv;paper/bioinformatics/application_selection.json	phase3_v1_preregistered_application_universe
target_only	NA	NA	phase3_application_role_ordinal	503	NA	at0503	NA	f4f053c71775bed798d0551d6c9c555d5aa40e147dcfee5c994a02b8c57c092f	NA	chr22:38398022-38400522	GRCh38	GRCh38_0_based_half_open	NA	paper/bioinformatics/application_manifest.tsv;paper/bioinformatics/application_selection.json	phase3_v1_preregistered_application_universe
target_only	NA	NA	phase3_application_role_ordinal	504	NA	at0504	NA	b3bc343c4d38eff323c651649a4f021eeaa19cbea4daed7cc830a41b5f3ea5cc	NA	chr22:38454699-38457199	GRCh38	GRCh38_0_based_half_open	NA	paper/bioinformatics/application_manifest.tsv;paper/bioinformatics/application_selection.json	phase3_v1_preregistered_application_universe
target_only	NA	NA	phase3_application_role_ordinal	505	NA	at0505	NA	767fa39370010b4b2b6b693f06695ed7ab879e13afee8a18bcb2481c525c83f1	NA	chr22:38466096-38468596	GRCh38	GRCh38_0_based_half_open	NA	paper/bioinformatics/application_manifest.tsv;paper/bioinformatics/application_selection.json	phase3_v1_preregistered_application_universe
target_only	NA	NA	phase3_application_role_ordinal	506	NA	at0506	NA	5e80bbf3f247fe48797c4bdb8cd651287638811d9d0cf26cff4562f8458e9035	NA	chr22:38505811-38508311	GRCh38	GRCh38_0_based_half_open	NA	paper/bioinformatics/application_manifest.tsv;paper/bioinformatics/application_selection.json	phase3_v1_preregistered_application_universe
target_only	NA	NA	phase3_application_role_ordinal	507	NA	at0507	NA	59c3c4ec9604e15bc8797aa9695b0e0cbc4dcf01fda9319b9d0137239188f970	NA	chr22:38569683-38572183	GRCh38	GRCh38_0_based_half_open	NA	paper/bioinformatics/application_manifest.tsv;paper/bioinformatics/application_selection.json	phase3_v1_preregistered_application_universe
target_only	NA	NA	phase3_application_role_ordinal	508	NA	at0508	NA	450419ba0f555edcdcd2a551552771faafcd97194a5a3cd70f9ca183ed105dbe	NA	chr22:38655892-38658392	GRCh38	GRCh38_0_based_half_open	NA	paper/bioinformatics/application_manifest.tsv;paper/bioinformatics/application_selection.json	phase3_v1_preregistered_application_universe
target_only	NA	NA	phase3_application_role_ordinal	509	NA	at0509	NA	e9cea13919be10d4ade1962633378fc88c50b323d6a442b3fea046fa90cf497e	NA	chr22:38654638-38657138	GRCh38	GRCh38_0_based_half_open	NA	paper/bioinformatics/application_manifest.tsv;paper/bioinformatics/application_selection.json	phase3_v1_preregistered_application_universe
target_only	NA	NA	phase3_application_role_ordinal	51	NA	at0051	NA	464bcd65fa933ce16afc53c404bf307aaa8205ed6e32fdccc353f482ede74242	NA	chr21:30590440-30592940	GRCh38	GRCh38_0_based_half_open	NA	paper/bioinformatics/application_manifest.tsv;paper/bioinformatics/application_selection.json	phase3_v1_preregistered_application_universe
target_only	NA	NA	phase3_application_role_ordinal	510	NA	at0510	NA	12eaeb39191b8733feb162b54501cacf4917ccaad15ff4e905914ba9092f807e	NA	chr22:38679957-38682457	GRCh38	GRCh38_0_based_half_open	NA	paper/bioinformatics/application_manifest.tsv;paper/bioinformatics/application_selection.json	phase3_v1_preregistered_application_universe
target_only	NA	NA	phase3_application_role_ordinal	511	NA	at0511	NA	5478f0db63a09a8195647ab0f9533ec40a267714f2bd604dce863774148d0627	NA	chr22:38700443-38702943	GRCh38	GRCh38_0_based_half_open	NA	paper/bioinformatics/application_manifest.tsv;paper/bioinformatics/application_selection.json	phase3_v1_preregistered_application_universe
target_only	NA	NA	phase3_application_role_ordinal	512	NA	at0512	NA	7248108b5790037b97a4a3279b01c6fdc4a2891a1c3a111a5f992b6d188ae22a	NA	chr22:38703944-38706444	GRCh38	GRCh38_0_based_half_open	NA	paper/bioinformatics/application_manifest.tsv;paper/bioinformatics/application_selection.json	phase3_v1_preregistered_application_universe
target_only	NA	NA	phase3_application_role_ordinal	513	NA	at0513	NA	3546a17da406b9366d49de0132d4aa8cc19cf67b09adbba99e7653943c2b13d9	NA	chr22:38755498-38757998	GRCh38	GRCh38_0_based_half_open	NA	paper/bioinformatics/application_manifest.tsv;paper/bioinformatics/application_selection.json	phase3_v1_preregistered_application_universe
target_only	NA	NA	phase3_application_role_ordinal	514	NA	at0514	NA	d0b51a31fc9d50f537fb5385808cf52e59520a4aaa0a123b0035bfa8cc3bda4b	NA	chr22:38793643-38796143	GRCh38	GRCh38_0_based_half_open	NA	paper/bioinformatics/application_manifest.tsv;paper/bioinformatics/application_selection.json	phase3_v1_preregistered_application_universe
target_only	NA	NA	phase3_application_role_ordinal	515	NA	at0515	NA	bc5af1c445c47b0d96a429608cbb56dd20f7517298aece3cbb6a248361979397	NA	chr22:38843528-38846028	GRCh38	GRCh38_0_based_half_open	NA	paper/bioinformatics/application_manifest.tsv;paper/bioinformatics/application_selection.json	phase3_v1_preregistered_application_universe
target_only	NA	NA	phase3_application_role_ordinal	516	NA	at0516	NA	6beb20242273361c65a60796afc54f78e377225c203766a508e837447ffc05c4	NA	chr22:38871716-38874216	GRCh38	GRCh38_0_based_half_open	NA	paper/bioinformatics/application_manifest.tsv;paper/bioinformatics/application_selection.json	phase3_v1_preregistered_application_universe
target_only	NA	NA	phase3_application_role_ordinal	517	NA	at0517	NA	e89b02d8e0922226de207c62d81256bc78b7b53e43f35d4ef120a7881631bea1	NA	chr22:38955609-38958109	GRCh38	GRCh38_0_based_half_open	NA	paper/bioinformatics/application_manifest.tsv;paper/bioinformatics/application_selection.json	phase3_v1_preregistered_application_universe
target_only	NA	NA	phase3_application_role_ordinal	518	NA	at0518	NA	4c6b00d25025dc59ad3b35093a86f16d3d3a6cb2214b565c5e7be7cef0b1fc94	NA	chr22:38980347-38982847	GRCh38	GRCh38_0_based_half_open	NA	paper/bioinformatics/application_manifest.tsv;paper/bioinformatics/application_selection.json	phase3_v1_preregistered_application_universe
target_only	NA	NA	phase3_application_role_ordinal	519	NA	at0519	NA	495f2fdf7dac8d3e402819a5cddde50efbe7faa1b3139f6f26520a9be4f9a8d8	NA	chr22:39012257-39014757	GRCh38	GRCh38_0_based_half_open	NA	paper/bioinformatics/application_manifest.tsv;paper/bioinformatics/application_selection.json	phase3_v1_preregistered_application_universe
target_only	NA	NA	phase3_application_role_ordinal	52	NA	at0052	NA	e7ec355e41ae945a5cdf0a8893dbad97d31c824e2c9247a8d574d839a9c3864e	NA	chr21:30598402-30600902	GRCh38	GRCh38_0_based_half_open	NA	paper/bioinformatics/application_manifest.tsv;paper/bioinformatics/application_selection.json	phase3_v1_preregistered_application_universe
target_only	NA	NA	phase3_application_role_ordinal	520	NA	at0520	NA	a34f49eff30b5b67a9209368814ae2f63dac410a1ea5477f0ba6033dc29d65fe	NA	chr22:39012363-39014863	GRCh38	GRCh38_0_based_half_open	NA	paper/bioinformatics/application_manifest.tsv;paper/bioinformatics/application_selection.json	phase3_v1_preregistered_application_universe
target_only	NA	NA	phase3_application_role_ordinal	521	NA	at0521	NA	072c97708bcf1114cbc1b59aecf07f503add3713cce14bc5338b5201755de46b	NA	chr22:39019127-39021627	GRCh38	GRCh38_0_based_half_open	NA	paper/bioinformatics/application_manifest.tsv;paper/bioinformatics/application_selection.json	phase3_v1_preregistered_application_universe
target_only	NA	NA	phase3_application_role_ordinal	522	NA	at0522	NA	f2c617956d4d2a91f0333a40339963ba040a49a9e0660a0709f7394b4db669d0	NA	chr22:39038864-39041364	GRCh38	GRCh38_0_based_half_open	NA	paper/bioinformatics/application_manifest.tsv;paper/bioinformatics/application_selection.json	phase3_v1_preregistered_application_universe
target_only	NA	NA	phase3_application_role_ordinal	523	NA	at0523	NA	80296e317a51e42266a947722b7197523877db4ed670e717eba72e06f1f7d739	NA	chr22:39075275-39077775	GRCh38	GRCh38_0_based_half_open	NA	paper/bioinformatics/application_manifest.tsv;paper/bioinformatics/application_selection.json	phase3_v1_preregistered_application_universe
target_only	NA	NA	phase3_application_role_ordinal	524	NA	at0524	NA	b77b5f45aa543a2fa3d8d8562e37c61e6b3e8e7040b258a46250666318a48a53	NA	chr22:39095244-39097744	GRCh38	GRCh38_0_based_half_open	NA	paper/bioinformatics/application_manifest.tsv;paper/bioinformatics/application_selection.json	phase3_v1_preregistered_application_universe
target_only	NA	NA	phase3_application_role_ordinal	525	NA	at0525	NA	672748990ce4c3a6b3764d0af2a956ddaa0b444975734caeb42e70ef3aae854d	NA	chr22:39152180-39154680	GRCh38	GRCh38_0_based_half_open	NA	paper/bioinformatics/application_manifest.tsv;paper/bioinformatics/application_selection.json	phase3_v1_preregistered_application_universe
target_only	NA	NA	phase3_application_role_ordinal	526	NA	at0526	NA	bfee41d1aa1fa462de973c492374381eb892cb27ec92276d6e1d154ec6a7d62e	NA	chr22:39244482-39246982	GRCh38	GRCh38_0_based_half_open	NA	paper/bioinformatics/application_manifest.tsv;paper/bioinformatics/application_selection.json	phase3_v1_preregistered_application_universe
target_only	NA	NA	phase3_application_role_ordinal	527	NA	at0527	NA	62582a9369aebec026b457778c99b5260465005a20f05108beb61a1e0e3015be	NA	chr22:39319123-39321623	GRCh38	GRCh38_0_based_half_open	NA	paper/bioinformatics/application_manifest.tsv;paper/bioinformatics/application_selection.json	phase3_v1_preregistered_application_universe
target_only	NA	NA	phase3_application_role_ordinal	528	NA	at0528	NA	8b554169c7cac4540271992c5f027c6c8986d2652e321bc69fd2698d6315e7c8	NA	chr22:39347991-39350491	GRCh38	GRCh38_0_based_half_open	NA	paper/bioinformatics/application_manifest.tsv;paper/bioinformatics/application_selection.json	phase3_v1_preregistered_application_universe
target_only	NA	NA	phase3_application_role_ordinal	529	NA	at0529	NA	0b3b22e493b8691cfb588fdcccc65037a190eaa4e54e3fd624b6c947d63ec37e	NA	chr22:39397780-39400280	GRCh38	GRCh38_0_based_half_open	NA	paper/bioinformatics/application_manifest.tsv;paper/bioinformatics/application_selection.json	phase3_v1_preregistered_application_universe
target_only	NA	NA	phase3_application_role_ordinal	53	NA	at0053	NA	861706564ee23d4aaae76e6efa5d5f39ef1a27cf2d6db58adc270df049e3f528	NA	chr21:30599087-30601587	GRCh38	GRCh38_0_based_half_open	NA	paper/bioinformatics/application_manifest.tsv;paper/bioinformatics/application_selection.json	phase3_v1_preregistered_application_universe
target_only	NA	NA	phase3_application_role_ordinal	530	NA	at0530	NA	e8a6d8d982581f0f45f7db4b36ef47c5acf64e8f3c9334fdf27e7e46a4756f73	NA	chr22:39455012-39457512	GRCh38	GRCh38_0_based_half_open	NA	paper/bioinformatics/application_manifest.tsv;paper/bioinformatics/application_selection.json	phase3_v1_preregistered_application_universe
target_only	NA	NA	phase3_application_role_ordinal	531	NA	at0531	NA	721963f2995a4a77d98e0cd2576104f9933ce8986321ab07c7d5fd124d514231	NA	chr22:39500290-39502790	GRCh38	GRCh38_0_based_half_open	NA	paper/bioinformatics/application_manifest.tsv;paper/bioinformatics/application_selection.json	phase3_v1_preregistered_application_universe
target_only	NA	NA	phase3_application_role_ordinal	532	NA	at0532	NA	0e6450001a50d87470314d582311761d72b9d95eb6fd7b0c1b09e59403923ccc	NA	chr22:39502231-39504731	GRCh38	GRCh38_0_based_half_open	NA	paper/bioinformatics/application_manifest.tsv;paper/bioinformatics/application_selection.json	phase3_v1_preregistered_application_universe
target_only	NA	NA	phase3_application_role_ordinal	533	NA	at0533	NA	30746ef5c646d43ba46412e5df3025ec969f44c2e3b3351d9429ae181ea44a52	NA	chr22:39518562-39521062	GRCh38	GRCh38_0_based_half_open	NA	paper/bioinformatics/application_manifest.tsv;paper/bioinformatics/application_selection.json	phase3_v1_preregistered_application_universe
target_only	NA	NA	phase3_application_role_ordinal	534	NA	at0534	NA	2795fa90b0c2d0316ce8c51fe8c6fc9df139f65d1b6dfd5f56b01d5e8c876bf9	NA	chr22:39532248-39534748	GRCh38	GRCh38_0_based_half_open	NA	paper/bioinformatics/application_manifest.tsv;paper/bioinformatics/application_selection.json	phase3_v1_preregistered_application_universe
target_only	NA	NA	phase3_application_role_ordinal	535	NA	at0535	NA	d03505812df5a2a79edda0cd13cc49c2a6c6da7d27d70247fbfeacc6d5c477c0	NA	chr22:39568753-39571253	GRCh38	GRCh38_0_based_half_open	NA	paper/bioinformatics/application_manifest.tsv;paper/bioinformatics/application_selection.json	phase3_v1_preregistered_application_universe
target_only	NA	NA	phase3_application_role_ordinal	536	NA	at0536	NA	541ae93cb855a67c44fa21438c1f1b70e1556e415732a58967249a71d35ab0a7	NA	chr22:39893260-39895760	GRCh38	GRCh38_0_based_half_open	NA	paper/bioinformatics/application_manifest.tsv;paper/bioinformatics/application_selection.json	phase3_v1_preregistered_application_universe
target_only	NA	NA	phase3_application_role_ordinal	537	NA	at0537	NA	1b6b276ddc94e488a4edf465179d76f697b43ed3887ff0d78ff9720a915770ad	NA	chr22:39899084-39901584	GRCh38	GRCh38_0_based_half_open	NA	paper/bioinformatics/application_manifest.tsv;paper/bioinformatics/application_selection.json	phase3_v1_preregistered_application_universe
target_only	NA	NA	phase3_application_role_ordinal	538	NA	at0538	NA	adf9bf9dc53a27df4835123089b4a61b8d2c9c83de2edb0ae3a7ef0fc05eaa83	NA	chr22:39958397-39960897	GRCh38	GRCh38_0_based_half_open	NA	paper/bioinformatics/application_manifest.tsv;paper/bioinformatics/application_selection.json	phase3_v1_preregistered_application_universe
target_only	NA	NA	phase3_application_role_ordinal	539	NA	at0539	NA	70b5f75f54edc841e1ea5d4bbce969aa2b5150c2bb0f89fb7e0e1498c41924b6	NA	chr22:39992954-39995454	GRCh38	GRCh38_0_based_half_open	NA	paper/bioinformatics/application_manifest.tsv;paper/bioinformatics/application_selection.json	phase3_v1_preregistered_application_universe
target_only	NA	NA	phase3_application_role_ordinal	54	NA	at0054	NA	6c4f99dfd66d8d3c32395b399402194529b19b4c5f99bfaee22c8d996e5ba641	NA	chr21:30613430-30615930	GRCh38	GRCh38_0_based_half_open	NA	paper/bioinformatics/application_manifest.tsv;paper/bioinformatics/application_selection.json	phase3_v1_preregistered_application_universe
target_only	NA	NA	phase3_application_role_ordinal	540	NA	at0540	NA	9b905fafba3a9133a9bc1740898698deb502b90b6604ed6cc3a3cb59c2ddd8e8	NA	chr22:40175925-40178425	GRCh38	GRCh38_0_based_half_open	NA	paper/bioinformatics/application_manifest.tsv;paper/bioinformatics/application_selection.json	phase3_v1_preregistered_application_universe
target_only	NA	NA	phase3_application_role_ordinal	541	NA	at0541	NA	2db4eb5f406df2c27a26402c2b6d3c273ff255a9e28f35c344f1cb62468757c5	NA	chr22:40344500-40347000	GRCh38	GRCh38_0_based_half_open	NA	paper/bioinformatics/application_manifest.tsv;paper/bioinformatics/application_selection.json	phase3_v1_preregistered_application_universe
target_only	NA	NA	phase3_application_role_ordinal	542	NA	at0542	NA	219d52affe4148c0c2b64ae71dc779c43cc674a6edb8cf0dc2129df025a03d70	NA	chr22:40344529-40347029	GRCh38	GRCh38_0_based_half_open	NA	paper/bioinformatics/application_manifest.tsv;paper/bioinformatics/application_selection.json	phase3_v1_preregistered_application_universe
target_only	NA	NA	phase3_application_role_ordinal	543	NA	at0543	NA	6c268ccf622bf51d5f27a237290c92f45e87a19eeb71835fb8ec9eb91b0af351	NA	chr22:40368594-40371094	GRCh38	GRCh38_0_based_half_open	NA	paper/bioinformatics/application_manifest.tsv;paper/bioinformatics/application_selection.json	phase3_v1_preregistered_application_universe
target_only	NA	NA	phase3_application_role_ordinal	544	NA	at0544	NA	28509b47ebeba03cd0bee51c57259d854542e374265ce661df5d84a9517d8d71	NA	chr22:40636219-40638719	GRCh38	GRCh38_0_based_half_open	NA	paper/bioinformatics/application_manifest.tsv;paper/bioinformatics/application_selection.json	phase3_v1_preregistered_application_universe
target_only	NA	NA	phase3_application_role_ordinal	545	NA	at0545	NA	3ed176043b7469651fd1e3714a038389f4d6f4546ae641e9d28c9626c9dc1c0a	NA	chr22:40677484-40679984	GRCh38	GRCh38_0_based_half_open	NA	paper/bioinformatics/application_manifest.tsv;paper/bioinformatics/application_selection.json	phase3_v1_preregistered_application_universe
target_only	NA	NA	phase3_application_role_ordinal	546	NA	at0546	NA	542f1213a01a168434e58dc3aa1f5f386f82ada0951eb5187ec6c63c5adc1bca	NA	chr22:40818846-40821346	GRCh38	GRCh38_0_based_half_open	NA	paper/bioinformatics/application_manifest.tsv;paper/bioinformatics/application_selection.json	phase3_v1_preregistered_application_universe
target_only	NA	NA	phase3_application_role_ordinal	547	NA	at0547	NA	f84471f5f5d4c38bbff6e0ce8b718cd3ac274a22750d7f7c963f28d50aacfd50	NA	chr22:40856139-40858639	GRCh38	GRCh38_0_based_half_open	NA	paper/bioinformatics/application_manifest.tsv;paper/bioinformatics/application_selection.json	phase3_v1_preregistered_application_universe
target_only	NA	NA	phase3_application_role_ordinal	548	NA	at0548	NA	0cf1719cdc543e001bf9c0821c234bf247c45b3462462295032bbfbfa20856ea	NA	chr22:40855148-40857648	GRCh38	GRCh38_0_based_half_open	NA	paper/bioinformatics/application_manifest.tsv;paper/bioinformatics/application_selection.json	phase3_v1_preregistered_application_universe
target_only	NA	NA	phase3_application_role_ordinal	549	NA	at0549	NA	b451240da53b38294cd66503aee6ceb373053c7acc5402c7d03ef9ac6b8718f1	NA	chr22:40861613-40864113	GRCh38	GRCh38_0_based_half_open	NA	paper/bioinformatics/application_manifest.tsv;paper/bioinformatics/application_selection.json	phase3_v1_preregistered_application_universe
target_only	NA	NA	phase3_application_role_ordinal	55	NA	at0055	NA	b5f12a2b923146260ba0b0366e8bfec8f8236b540df72d743646f8a1fd59fcdc	NA	chr21:30614425-30616925	GRCh38	GRCh38_0_based_half_open	NA	paper/bioinformatics/application_manifest.tsv;paper/bioinformatics/application_selection.json	phase3_v1_preregistered_application_universe
target_only	NA	NA	phase3_application_role_ordinal	550	NA	at0550	NA	9fc51f60ebc51ec643b62b13369841b0d387c2c4b2ffd5bf1e38835dbc56b8a5	NA	chr22:40949378-40951878	GRCh38	GRCh38_0_based_half_open	NA	paper/bioinformatics/application_manifest.tsv;paper/bioinformatics/application_selection.json	phase3_v1_preregistered_application_universe
target_only	NA	NA	phase3_application_role_ordinal	551	NA	at0551	NA	d2846bf409a4618b9e22131bc1d0cb4da27ae0dc4a65613c260f2794997ad522	NA	chr22:41090592-41093092	GRCh38	GRCh38_0_based_half_open	NA	paper/bioinformatics/application_manifest.tsv;paper/bioinformatics/application_selection.json	phase3_v1_preregistered_application_universe
target_only	NA	NA	phase3_application_role_ordinal	552	NA	at0552	NA	be9a0b4d2e2c525a47f52b5ec6988566b8a24b2b03c1074471958ffb11c24ea4	NA	chr22:41203312-41205812	GRCh38	GRCh38_0_based_half_open	NA	paper/bioinformatics/application_manifest.tsv;paper/bioinformatics/application_selection.json	phase3_v1_preregistered_application_universe
target_only	NA	NA	phase3_application_role_ordinal	553	NA	at0553	NA	a816b244f0eff883fdf06beb395bee594f433db2d251dd8091e6306ee1bb9d2b	NA	chr22:41240431-41242931	GRCh38	GRCh38_0_based_half_open	NA	paper/bioinformatics/application_manifest.tsv;paper/bioinformatics/application_selection.json	phase3_v1_preregistered_application_universe
target_only	NA	NA	phase3_application_role_ordinal	554	NA	at0554	NA	79bf68b58c508ffbad50a1096dc3ed11b91ee7f93b06e919450686c96ee2ea32	NA	chr22:41285687-41288187	GRCh38	GRCh38_0_based_half_open	NA	paper/bioinformatics/application_manifest.tsv;paper/bioinformatics/application_selection.json	phase3_v1_preregistered_application_universe
target_only	NA	NA	phase3_application_role_ordinal	555	NA	at0555	NA	cb3d6f5fe8e5fd0353382e33ac709d4fb827207eba724b30e8b483644de024b9	NA	chr22:41299525-41302025	GRCh38	GRCh38_0_based_half_open	NA	paper/bioinformatics/application_manifest.tsv;paper/bioinformatics/application_selection.json	phase3_v1_preregistered_application_universe
target_only	NA	NA	phase3_application_role_ordinal	556	NA	at0556	NA	3728f28fe3281bac3846869cd6cd0acabd44cd6f85def6e43ca8342403cc830b	NA	chr22:41379942-41382442	GRCh38	GRCh38_0_based_half_open	NA	paper/bioinformatics/application_manifest.tsv;paper/bioinformatics/application_selection.json	phase3_v1_preregistered_application_universe
target_only	NA	NA	phase3_application_role_ordinal	557	NA	at0557	NA	bb3fa94e3d0137e0d3c5cb345fd406c1adf896b1a9da45334651b59bab13a8b9	NA	chr22:41446301-41448801	GRCh38	GRCh38_0_based_half_open	NA	paper/bioinformatics/application_manifest.tsv;paper/bioinformatics/application_selection.json	phase3_v1_preregistered_application_universe
target_only	NA	NA	phase3_application_role_ordinal	558	NA	at0558	NA	3eecc438d9aa7d0775884a8364dfb3b2efe6c84dcf6c453971ddfa472ed8e2a1	NA	chr22:41468192-41470692	GRCh38	GRCh38_0_based_half_open	NA	paper/bioinformatics/application_manifest.tsv;paper/bioinformatics/application_selection.json	phase3_v1_preregistered_application_universe
target_only	NA	NA	phase3_application_role_ordinal	559	NA	at0559	NA	6fe907115da0f9d867eb027d1ba57d8b54c7e637088ba29a092ef6fa8cda86c0	NA	chr22:41467117-41469617	GRCh38	GRCh38_0_based_half_open	NA	paper/bioinformatics/application_manifest.tsv;paper/bioinformatics/application_selection.json	phase3_v1_preregistered_application_universe
target_only	NA	NA	phase3_application_role_ordinal	56	NA	at0056	NA	dc33a6f44b48935f4815b4b62a285a43680bfd32b89ec9c51acca419209aa97b	NA	chr21:30618627-30621127	GRCh38	GRCh38_0_based_half_open	NA	paper/bioinformatics/application_manifest.tsv;paper/bioinformatics/application_selection.json	phase3_v1_preregistered_application_universe
target_only	NA	NA	phase3_application_role_ordinal	560	NA	at0560	NA	ae48f15e6ace34c0d1f47e67f540a2420b75ee11d7583653d36b611925552817	NA	chr22:41543970-41546470	GRCh38	GRCh38_0_based_half_open	NA	paper/bioinformatics/application_manifest.tsv;paper/bioinformatics/application_selection.json	phase3_v1_preregistered_application_universe
target_only	NA	NA	phase3_application_role_ordinal	561	NA	at0561	NA	b76a645a203b7cc63f75e80095e27d6b538e86167168f7b4bc3a61bc2d44d4f9	NA	chr22:41559010-41561510	GRCh38	GRCh38_0_based_half_open	NA	paper/bioinformatics/application_manifest.tsv;paper/bioinformatics/application_selection.json	phase3_v1_preregistered_application_universe
target_only	NA	NA	phase3_application_role_ordinal	562	NA	at0562	NA	6817118a1959c4eefed7aa5872184949add89991275e4142ecf50eefbad929b6	NA	chr22:41589340-41591840	GRCh38	GRCh38_0_based_half_open	NA	paper/bioinformatics/application_manifest.tsv;paper/bioinformatics/application_selection.json	phase3_v1_preregistered_application_universe
target_only	NA	NA	phase3_application_role_ordinal	563	NA	at0563	NA	4c3cfed44b86d8635eec253d32fac6444fa2c59c93d1a2a65c7f4f0a90e365b9	NA	chr22:41620543-41623043	GRCh38	GRCh38_0_based_half_open	NA	paper/bioinformatics/application_manifest.tsv;paper/bioinformatics/application_selection.json	phase3_v1_preregistered_application_universe
target_only	NA	NA	phase3_application_role_ordinal	564	NA	at0564	NA	45458a2c9933398ef8fcf421c62513f47b032e7be6dcff13831c88a13571d21e	NA	chr22:41619295-41621795	GRCh38	GRCh38_0_based_half_open	NA	paper/bioinformatics/application_manifest.tsv;paper/bioinformatics/application_selection.json	phase3_v1_preregistered_application_universe
target_only	NA	NA	phase3_application_role_ordinal	565	NA	at0565	NA	c6e96d6cf4416d3740f7168da5d9a0dfa735b57b89ab1dcc8ee9f99347e4b110	NA	chr22:41688367-41690867	GRCh38	GRCh38_0_based_half_open	NA	paper/bioinformatics/application_manifest.tsv;paper/bioinformatics/application_selection.json	phase3_v1_preregistered_application_universe
target_only	NA	NA	phase3_application_role_ordinal	566	NA	at0566	NA	2086f969385456aacdc282a44e5748e015fa643c943ef3d84e3ed6d14f97199e	NA	chr22:41697503-41700003	GRCh38	GRCh38_0_based_half_open	NA	paper/bioinformatics/application_manifest.tsv;paper/bioinformatics/application_selection.json	phase3_v1_preregistered_application_universe
target_only	NA	NA	phase3_application_role_ordinal	567	NA	at0567	NA	7eff8e86e4a74fcd5cb38efe4ff4c84094e068549572ce167feba42aefb7909f	NA	chr22:41798679-41801179	GRCh38	GRCh38_0_based_half_open	NA	paper/bioinformatics/application_manifest.tsv;paper/bioinformatics/application_selection.json	phase3_v1_preregistered_application_universe
target_only	NA	NA	phase3_application_role_ordinal	568	NA	at0568	NA	8ed2ed1168d69500e51f1b0c9f46d2699e9956be9e5064a844ccf3d60ad31cf5	NA	chr22:41831105-41833605	GRCh38	GRCh38_0_based_half_open	NA	paper/bioinformatics/application_manifest.tsv;paper/bioinformatics/application_selection.json	phase3_v1_preregistered_application_universe
target_only	NA	NA	phase3_application_role_ordinal	569	NA	at0569	NA	833bf117fb0284e7698e63919683fa30cd152b9cf19718f383f7367946246404	NA	chr22:41914574-41917074	GRCh38	GRCh38_0_based_half_open	NA	paper/bioinformatics/application_manifest.tsv;paper/bioinformatics/application_selection.json	phase3_v1_preregistered_application_universe
target_only	NA	NA	phase3_application_role_ordinal	57	NA	at0057	NA	cf7002a9c9e2810e0b41cb7e4f034a2120c19b2a8b4b8110b0358357e3fa39da	NA	chr21:30633206-30635706	GRCh38	GRCh38_0_based_half_open	NA	paper/bioinformatics/application_manifest.tsv;paper/bioinformatics/application_selection.json	phase3_v1_preregistered_application_universe
target_only	NA	NA	phase3_application_role_ordinal	570	NA	at0570	NA	a99efdbe88bec91779ae123a4accc4d3905c3d80ea262c651e7aa3599d79db04	NA	chr22:41926306-41928806	GRCh38	GRCh38_0_based_half_open	NA	paper/bioinformatics/application_manifest.tsv;paper/bioinformatics/application_selection.json	phase3_v1_preregistered_application_universe
target_only	NA	NA	phase3_application_role_ordinal	571	NA	at0571	NA	f3df08e12a792d7dd7e3291607bbb62d63cb4cbe87830c151939087cdf262e85	NA	chr22:41946652-41949152	GRCh38	GRCh38_0_based_half_open	NA	paper/bioinformatics/application_manifest.tsv;paper/bioinformatics/application_selection.json	phase3_v1_preregistered_application_universe
target_only	NA	NA	phase3_application_role_ordinal	572	NA	at0572	NA	71cb5bbf1319017cb724d9d49eab6673f6dd522356ab4df2af4d47a84d7dfcec	NA	chr22:41950150-41952650	GRCh38	GRCh38_0_based_half_open	NA	paper/bioinformatics/application_manifest.tsv;paper/bioinformatics/application_selection.json	phase3_v1_preregistered_application_universe
target_only	NA	NA	phase3_application_role_ordinal	573	NA	at0573	NA	03dbcdf450332488e933c3e7ea0b4dc7f8f54bed68ba06e51bb9273ed1f4105c	NA	chr22:41967443-41969943	GRCh38	GRCh38_0_based_half_open	NA	paper/bioinformatics/application_manifest.tsv;paper/bioinformatics/application_selection.json	phase3_v1_preregistered_application_universe
target_only	NA	NA	phase3_application_role_ordinal	574	NA	at0574	NA	723cd41ebbfb11f86ac722025288d118b7ebe55e614e52ee0d2b3a0e519ad795	NA	chr22:41996788-41999288	GRCh38	GRCh38_0_based_half_open	NA	paper/bioinformatics/application_manifest.tsv;paper/bioinformatics/application_selection.json	phase3_v1_preregistered_application_universe
target_only	NA	NA	phase3_application_role_ordinal	575	NA	at0575	NA	88b96a8deee1731f61c8ab7b0105f89c3c4cca6d6fe643804efb59445aca98e5	NA	chr22:42070312-42072812	GRCh38	GRCh38_0_based_half_open	NA	paper/bioinformatics/application_manifest.tsv;paper/bioinformatics/application_selection.json	phase3_v1_preregistered_application_universe
target_only	NA	NA	phase3_application_role_ordinal	576	NA	at0576	NA	55b991a978d042bc105cb021fb622d09ee18172f382cdd6e7acbb739c02b3292	NA	chr22:42072248-42074748	GRCh38	GRCh38_0_based_half_open	NA	paper/bioinformatics/application_manifest.tsv;paper/bioinformatics/application_selection.json	phase3_v1_preregistered_application_universe
target_only	NA	NA	phase3_application_role_ordinal	577	NA	at0577	NA	6ce924cad9ffb67f3a11640b4b1e3a81cefdd55c301eafcdbc4e6f2d4bb04b2d	NA	chr22:42077700-42080200	GRCh38	GRCh38_0_based_half_open	NA	paper/bioinformatics/application_manifest.tsv;paper/bioinformatics/application_selection.json	phase3_v1_preregistered_application_universe
target_only	NA	NA	phase3_application_role_ordinal	578	NA	at0578	NA	6419d737ed80b84b58a822669c9a8f166ed415df54a5ad71f823e690990bfe77	NA	chr22:42090272-42092772	GRCh38	GRCh38_0_based_half_open	NA	paper/bioinformatics/application_manifest.tsv;paper/bioinformatics/application_selection.json	phase3_v1_preregistered_application_universe
target_only	NA	NA	phase3_application_role_ordinal	579	NA	at0579	NA	1fcdbcbae134468cb80a191c5ffbfbc6026950a3328159f8b851968b286d25b5	NA	chr22:42130310-42132810	GRCh38	GRCh38_0_based_half_open	NA	paper/bioinformatics/application_manifest.tsv;paper/bioinformatics/application_selection.json	phase3_v1_preregistered_application_universe
target_only	NA	NA	phase3_application_role_ordinal	58	NA	at0058	NA	358395ed79e3f5bd4f3e2956112a6092ea0dc1a1e25ce6e4bd525e0ee2c9f2c3	NA	chr21:30640864-30643364	GRCh38	GRCh38_0_based_half_open	NA	paper/bioinformatics/application_manifest.tsv;paper/bioinformatics/application_selection.json	phase3_v1_preregistered_application_universe
target_only	NA	NA	phase3_application_role_ordinal	580	NA	at0580	NA	7bc82f21a6e8ef6ae46905fec1433ac470bbfe1aa9fe66a5cd39c91af98026ef	NA	chr22:42144077-42146577	GRCh38	GRCh38_0_based_half_open	NA	paper/bioinformatics/application_manifest.tsv;paper/bioinformatics/application_selection.json	phase3_v1_preregistered_application_universe
target_only	NA	NA	phase3_application_role_ordinal	581	NA	at0581	NA	449ae3a48cccd9b4f506d37d76bc2c9d31bc67b86174a87cb5ea30ca249aaf1e	NA	chr22:42270153-42272653	GRCh38	GRCh38_0_based_half_open	NA	paper/bioinformatics/application_manifest.tsv;paper/bioinformatics/application_selection.json	phase3_v1_preregistered_application_universe
target_only	NA	NA	phase3_application_role_ordinal	582	NA	at0582	NA	559d111c88be3a1a38eac6d3fb509e36c85780d058239241c50b4a387efa2fa1	NA	chr22:42431903-42434403	GRCh38	GRCh38_0_based_half_open	NA	paper/bioinformatics/application_manifest.tsv;paper/bioinformatics/application_selection.json	phase3_v1_preregistered_application_universe
target_only	NA	NA	phase3_application_role_ordinal	583	NA	at0583	NA	5a6f48aaf010b7d3c40310f4c2635182ce01ebe7cb02890210cd047981f64ef0	NA	chr22:42519296-42521796	GRCh38	GRCh38_0_based_half_open	NA	paper/bioinformatics/application_manifest.tsv;paper/bioinformatics/application_selection.json	phase3_v1_preregistered_application_universe
target_only	NA	NA	phase3_application_role_ordinal	584	NA	at0584	NA	07d96310ba59ac6455748b55a4e76e0e780f5c5a9947b64b5383e658722afcd9	NA	chr22:42551956-42554456	GRCh38	GRCh38_0_based_half_open	NA	paper/bioinformatics/application_manifest.tsv;paper/bioinformatics/application_selection.json	phase3_v1_preregistered_application_universe
target_only	NA	NA	phase3_application_role_ordinal	585	NA	at0585	NA	0b17572bb7161dac5ab45cf0b0cce3a9e2e1a8b737fe5c8a26beb0372d156b76	NA	chr22:42614383-42616883	GRCh38	GRCh38_0_based_half_open	NA	paper/bioinformatics/application_manifest.tsv;paper/bioinformatics/application_selection.json	phase3_v1_preregistered_application_universe
target_only	NA	NA	phase3_application_role_ordinal	586	NA	at0586	NA	d70e46d7e2b0819846d394043cf947aab782b819228438761fad663708e18ebe	NA	chr22:42627188-42629688	GRCh38	GRCh38_0_based_half_open	NA	paper/bioinformatics/application_manifest.tsv;paper/bioinformatics/application_selection.json	phase3_v1_preregistered_application_universe
target_only	NA	NA	phase3_application_role_ordinal	587	NA	at0587	NA	db740abca1beca438f33f6e7353f84f25bb1c96b4062f2b5a37871d3d609d54e	NA	chr22:42640101-42642601	GRCh38	GRCh38_0_based_half_open	NA	paper/bioinformatics/application_manifest.tsv;paper/bioinformatics/application_selection.json	phase3_v1_preregistered_application_universe
target_only	NA	NA	phase3_application_role_ordinal	588	NA	at0588	NA	fd9ecf4f61f815182daeac77ceedb8f8e1fea0062cedaaa2659f218a4be6d0e6	NA	chr22:42648892-42651392	GRCh38	GRCh38_0_based_half_open	NA	paper/bioinformatics/application_manifest.tsv;paper/bioinformatics/application_selection.json	phase3_v1_preregistered_application_universe
target_only	NA	NA	phase3_application_role_ordinal	589	NA	at0589	NA	f869b8d3bfe0471580d0b56c15cbea9a3f31acdf8893b85c018d7f36e35c1dc3	NA	chr22:42720370-42722870	GRCh38	GRCh38_0_based_half_open	NA	paper/bioinformatics/application_manifest.tsv;paper/bioinformatics/application_selection.json	phase3_v1_preregistered_application_universe
target_only	NA	NA	phase3_application_role_ordinal	59	NA	at0059	NA	0622f14661a6284bde7ced4ebd9bbd318a376dfe040b06732f505e265f212668	NA	chr21:30718277-30720777	GRCh38	GRCh38_0_based_half_open	NA	paper/bioinformatics/application_manifest.tsv;paper/bioinformatics/application_selection.json	phase3_v1_preregistered_application_universe
target_only	NA	NA	phase3_application_role_ordinal	590	NA	at0590	NA	95a441fcb06ee520d6f622bbd0c8619c9873df9a0832b5e1b2c6695766258481	NA	chr22:42856773-42859273	GRCh38	GRCh38_0_based_half_open	NA	paper/bioinformatics/application_manifest.tsv;paper/bioinformatics/application_selection.json	phase3_v1_preregistered_application_universe
target_only	NA	NA	phase3_application_role_ordinal	591	NA	at0591	NA	08e0e94854c3f2a41ba2c80173f1b6854ba97454e204f02b50a89a9f2199c5c5	NA	chr22:43014649-43017149	GRCh38	GRCh38_0_based_half_open	NA	paper/bioinformatics/application_manifest.tsv;paper/bioinformatics/application_selection.json	phase3_v1_preregistered_application_universe
target_only	NA	NA	phase3_application_role_ordinal	592	NA	at0592	NA	62ae89d4ccebfe18d30410fc40f6c7a3538d892c8337ca90caf18d8395659bcb	NA	chr22:43088891-43091391	GRCh38	GRCh38_0_based_half_open	NA	paper/bioinformatics/application_manifest.tsv;paper/bioinformatics/application_selection.json	phase3_v1_preregistered_application_universe
target_only	NA	NA	phase3_application_role_ordinal	593	NA	at0593	NA	2b7adcd600390c0628ace536036f900b67d06a9539a025715234a62496cd99ea	NA	chr22:43108750-43111250	GRCh38	GRCh38_0_based_half_open	NA	paper/bioinformatics/application_manifest.tsv;paper/bioinformatics/application_selection.json	phase3_v1_preregistered_application_universe
target_only	NA	NA	phase3_application_role_ordinal	594	NA	at0594	NA	732d9175efa9e310744ffb3937064a670ef37e5294aac552e6c3348d5cd4e2fe	NA	chr22:43142898-43145398	GRCh38	GRCh38_0_based_half_open	NA	paper/bioinformatics/application_manifest.tsv;paper/bioinformatics/application_selection.json	phase3_v1_preregistered_application_universe
target_only	NA	NA	phase3_application_role_ordinal	595	NA	at0595	NA	e6e71c6ca6874486e225cefa1eaf5747122548968fb9dd5e571675437c9ede50	NA	chr22:43149559-43152059	GRCh38	GRCh38_0_based_half_open	NA	paper/bioinformatics/application_manifest.tsv;paper/bioinformatics/application_selection.json	phase3_v1_preregistered_application_universe
target_only	NA	NA	phase3_application_role_ordinal	596	NA	at0596	NA	6ba967252d59737f95ab505b1f034bd2f5d2d7bf2e79e855527d66b2e40f81bd	NA	chr22:43186634-43189134	GRCh38	GRCh38_0_based_half_open	NA	paper/bioinformatics/application_manifest.tsv;paper/bioinformatics/application_selection.json	phase3_v1_preregistered_application_universe
target_only	NA	NA	phase3_application_role_ordinal	597	NA	at0597	NA	f4e5d508869f24bb53bb8ea54f2d3671b2378b338f4e074c84669dcafc0bd9c8	NA	chr22:43342872-43345372	GRCh38	GRCh38_0_based_half_open	NA	paper/bioinformatics/application_manifest.tsv;paper/bioinformatics/application_selection.json	phase3_v1_preregistered_application_universe
target_only	NA	NA	phase3_application_role_ordinal	598	NA	at0598	NA	808a002ae9a0ce846fc234b4c1e7270d46703e735cee5c04596fda8bc48905d2	NA	chr22:43410014-43412514	GRCh38	GRCh38_0_based_half_open	NA	paper/bioinformatics/application_manifest.tsv;paper/bioinformatics/application_selection.json	phase3_v1_preregistered_application_universe
target_only	NA	NA	phase3_application_role_ordinal	599	NA	at0599	NA	09fd3752bbfdf919107f2033b77b843d98ae85f6faa2b59ac57a199c3e2de370	NA	chr22:43811805-43814305	GRCh38	GRCh38_0_based_half_open	NA	paper/bioinformatics/application_manifest.tsv;paper/bioinformatics/application_selection.json	phase3_v1_preregistered_application_universe
target_only	NA	NA	phase3_application_role_ordinal	6	NA	at0006	NA	d8862ff97cafa5e008f7389f0877541e7c9f6f6e57657888547f6c00d30315a6	NA	chr21:14545815-14548315	GRCh38	GRCh38_0_based_half_open	NA	paper/bioinformatics/application_manifest.tsv;paper/bioinformatics/application_selection.json	phase3_v1_preregistered_application_universe
target_only	NA	NA	phase3_application_role_ordinal	60	NA	at0060	NA	04e3f786f74cba64fc590535a832a4ee776e4d9292fb45cd9ab648536b1060cb	NA	chr21:30746759-30749259	GRCh38	GRCh38_0_based_half_open	NA	paper/bioinformatics/application_manifest.tsv;paper/bioinformatics/application_selection.json	phase3_v1_preregistered_application_universe
target_only	NA	NA	phase3_application_role_ordinal	600	NA	at0600	NA	ec0d0949d9646920fdea95c983808a4fa0b256cfe20139e45db39d76795bf3f7	NA	chr22:43862013-43864513	GRCh38	GRCh38_0_based_half_open	NA	paper/bioinformatics/application_manifest.tsv;paper/bioinformatics/application_selection.json	phase3_v1_preregistered_application_universe
target_only	NA	NA	phase3_application_role_ordinal	601	NA	at0601	NA	dd9b0f2433dc2e38ff2fcf791a5a328383d34514d45ed79d10e1827c2cfafe9d	NA	chr22:43891513-43894013	GRCh38	GRCh38_0_based_half_open	NA	paper/bioinformatics/application_manifest.tsv;paper/bioinformatics/application_selection.json	phase3_v1_preregistered_application_universe
target_only	NA	NA	phase3_application_role_ordinal	602	NA	at0602	NA	7497d90d7292b023db3f00ed896e1e3f383a7302cc5fcac9e0d24fbe0fc63ce2	NA	chr22:43921805-43924305	GRCh38	GRCh38_0_based_half_open	NA	paper/bioinformatics/application_manifest.tsv;paper/bioinformatics/application_selection.json	phase3_v1_preregistered_application_universe
target_only	NA	NA	phase3_application_role_ordinal	603	NA	at0603	NA	1e5ab1ea3d8f0f041fa076efcc09bc86fa058d18904a923c6f0e3f621f59fb6d	NA	chr22:43953442-43955942	GRCh38	GRCh38_0_based_half_open	NA	paper/bioinformatics/application_manifest.tsv;paper/bioinformatics/application_selection.json	phase3_v1_preregistered_application_universe
target_only	NA	NA	phase3_application_role_ordinal	604	NA	at0604	NA	b487007e8e60315971a7ac2724b057d617ad7bae68c4817e443f35964079a2aa	NA	chr22:44022302-44024802	GRCh38	GRCh38_0_based_half_open	NA	paper/bioinformatics/application_manifest.tsv;paper/bioinformatics/application_selection.json	phase3_v1_preregistered_application_universe
target_only	NA	NA	phase3_application_role_ordinal	605	NA	at0605	NA	120e7c1d2bd7b14a9545f58aa2bc3c978d4f26c1f74116ef3fee79e146afc3b7	NA	chr22:44178925-44181425	GRCh38	GRCh38_0_based_half_open	NA	paper/bioinformatics/application_manifest.tsv;paper/bioinformatics/application_selection.json	phase3_v1_preregistered_application_universe
target_only	NA	NA	phase3_application_role_ordinal	606	NA	at0606	NA	4853677d095ecfe11cf6d8c0ff91f71857f515e0df5664f4006234f406b0d237	NA	chr22:44312451-44314951	GRCh38	GRCh38_0_based_half_open	NA	paper/bioinformatics/application_manifest.tsv;paper/bioinformatics/application_selection.json	phase3_v1_preregistered_application_universe
target_only	NA	NA	phase3_application_role_ordinal	607	NA	at0607	NA	6f293841a477f19480772a526ffb292508f62a1e4afef75ef1e682010714112e	NA	chr22:44497733-44500233	GRCh38	GRCh38_0_based_half_open	NA	paper/bioinformatics/application_manifest.tsv;paper/bioinformatics/application_selection.json	phase3_v1_preregistered_application_universe
target_only	NA	NA	phase3_application_role_ordinal	608	NA	at0608	NA	8d214e099785c0c6ddf39e01c7d5f6d17b68905ad990ed8f9d6b22e952ed5724	NA	chr22:44700204-44702704	GRCh38	GRCh38_0_based_half_open	NA	paper/bioinformatics/application_manifest.tsv;paper/bioinformatics/application_selection.json	phase3_v1_preregistered_application_universe
target_only	NA	NA	phase3_application_role_ordinal	609	NA	at0609	NA	8b1e80cdcf48024536c9a09ebdc4537f520ad25988f5702bb2669f6468a3a319	NA	chr22:44700475-44702975	GRCh38	GRCh38_0_based_half_open	NA	paper/bioinformatics/application_manifest.tsv;paper/bioinformatics/application_selection.json	phase3_v1_preregistered_application_universe
target_only	NA	NA	phase3_application_role_ordinal	61	NA	at0061	NA	3b171382f71e6b6a818615fdc7abfc231cff5d67fa1d6b12d9f277fdeb178260	NA	chr21:30754928-30757428	GRCh38	GRCh38_0_based_half_open	NA	paper/bioinformatics/application_manifest.tsv;paper/bioinformatics/application_selection.json	phase3_v1_preregistered_application_universe
target_only	NA	NA	phase3_application_role_ordinal	610	NA	at0610	NA	42a10616c8df637c867eae741847cfc21a94533128e5b2c600c338eda0120104	NA	chr22:44750575-44753075	GRCh38	GRCh38_0_based_half_open	NA	paper/bioinformatics/application_manifest.tsv;paper/bioinformatics/application_selection.json	phase3_v1_preregistered_application_universe
target_only	NA	NA	phase3_application_role_ordinal	611	NA	at0611	NA	cb61723e903dcf64b168a03f456711de5cb216d79ed9fb9452f26348f1999bf5	NA	chr22:45009505-45012005	GRCh38	GRCh38_0_based_half_open	NA	paper/bioinformatics/application_manifest.tsv;paper/bioinformatics/application_selection.json	phase3_v1_preregistered_application_universe
target_only	NA	NA	phase3_application_role_ordinal	612	NA	at0612	NA	9726699fd182fc936607e489a1f60e5638c27977cb913accccb02cb4fd7b90ca	NA	chr22:45161925-45164425	GRCh38	GRCh38_0_based_half_open	NA	paper/bioinformatics/application_manifest.tsv;paper/bioinformatics/application_selection.json	phase3_v1_preregistered_application_universe
target_only	NA	NA	phase3_application_role_ordinal	613	NA	at0613	NA	ce2c61c56d86f4adfe04d3a45cf8310a9b703dbf64844032d1700e8837e69fcf	NA	chr22:45240394-45242894	GRCh38	GRCh38_0_based_half_open	NA	paper/bioinformatics/application_manifest.tsv;paper/bioinformatics/application_selection.json	phase3_v1_preregistered_application_universe
target_only	NA	NA	phase3_application_role_ordinal	614	NA	at0614	NA	e0a4af34d2d26f98c0802ab3db02cf953ee06f3da089831d1cd3f854d67bcbd5	NA	chr22:45282949-45285449	GRCh38	GRCh38_0_based_half_open	NA	paper/bioinformatics/application_manifest.tsv;paper/bioinformatics/application_selection.json	phase3_v1_preregistered_application_universe
target_only	NA	NA	phase3_application_role_ordinal	615	NA	at0615	NA	e0545d4e0854854f0a4d940570716faa70365a723875c75957e4cd9357290cdf	NA	chr22:45307934-45310434	GRCh38	GRCh38_0_based_half_open	NA	paper/bioinformatics/application_manifest.tsv;paper/bioinformatics/application_selection.json	phase3_v1_preregistered_application_universe
target_only	NA	NA	phase3_application_role_ordinal	616	NA	at0616	NA	3666431625f82bfb678414449f8585fd1c383e4ff9686191aa3ac358a6fad5bb	NA	chr22:45413099-45415599	GRCh38	GRCh38_0_based_half_open	NA	paper/bioinformatics/application_manifest.tsv;paper/bioinformatics/application_selection.json	phase3_v1_preregistered_application_universe
target_only	NA	NA	phase3_application_role_ordinal	617	NA	at0617	NA	e1b48f228a16ee6173752208e494753b4c8ce4e7abde4d4c7f8fb0ff076a7743	NA	chr22:45411693-45414193	GRCh38	GRCh38_0_based_half_open	NA	paper/bioinformatics/application_manifest.tsv;paper/bioinformatics/application_selection.json	phase3_v1_preregistered_application_universe
target_only	NA	NA	phase3_application_role_ordinal	618	NA	at0618	NA	a3423eadc11d44cb95247b6e7e4abdde9cf42084b310367d8ecb9c4dccf7dfa0	NA	chr22:45500883-45503383	GRCh38	GRCh38_0_based_half_open	NA	paper/bioinformatics/application_manifest.tsv;paper/bioinformatics/application_selection.json	phase3_v1_preregistered_application_universe
target_only	NA	NA	phase3_application_role_ordinal	619	NA	at0619	NA	50ea1c5818d6816992ec0935a9a6f97fdf1bad42f51a919562107b132ff9a5dc	NA	chr22:45669834-45672334	GRCh38	GRCh38_0_based_half_open	NA	paper/bioinformatics/application_manifest.tsv;paper/bioinformatics/application_selection.json	phase3_v1_preregistered_application_universe
target_only	NA	NA	phase3_application_role_ordinal	62	NA	at0062	NA	d0ec750d1c962276d5ea7fb9490281f7df10f8ff18f23567516e16a17dba2d58	NA	chr21:30812774-30815274	GRCh38	GRCh38_0_based_half_open	NA	paper/bioinformatics/application_manifest.tsv;paper/bioinformatics/application_selection.json	phase3_v1_preregistered_application_universe
target_only	NA	NA	phase3_application_role_ordinal	620	NA	at0620	NA	3c3e44b09e55643e421fa70567ae0b89df6eb5c61d5dc6c64a3d29694b051fee	NA	chr22:45976662-45979162	GRCh38	GRCh38_0_based_half_open	NA	paper/bioinformatics/application_manifest.tsv;paper/bioinformatics/application_selection.json	phase3_v1_preregistered_application_universe
target_only	NA	NA	phase3_application_role_ordinal	621	NA	at0621	NA	1444fcb88f47f53361a12b77ce0919b1c1b1f3b350e06fa929f41b5edc2d6ad4	NA	chr22:46148526-46151026	GRCh38	GRCh38_0_based_half_open	NA	paper/bioinformatics/application_manifest.tsv;paper/bioinformatics/application_selection.json	phase3_v1_preregistered_application_universe
target_only	NA	NA	phase3_application_role_ordinal	622	NA	at0622	NA	4655c0a7a4eb281a81c2b971f544c443cb41b2832fb29d851ae99767afceca78	NA	chr22:46249793-46252293	GRCh38	GRCh38_0_based_half_open	NA	paper/bioinformatics/application_manifest.tsv;paper/bioinformatics/application_selection.json	phase3_v1_preregistered_application_universe
target_only	NA	NA	phase3_application_role_ordinal	623	NA	at0623	NA	d93fcacaa8c5ca27d63a45c447735c89d27fa131337f1c4566f672a7c15b6ec3	NA	chr22:46262843-46265343	GRCh38	GRCh38_0_based_half_open	NA	paper/bioinformatics/application_manifest.tsv;paper/bioinformatics/application_selection.json	phase3_v1_preregistered_application_universe
target_only	NA	NA	phase3_application_role_ordinal	624	NA	at0624	NA	50189c546982f20fa4d3ac85988d6874cdd08e442d26662f6c95eb1096d07127	NA	chr22:46266008-46268508	GRCh38	GRCh38_0_based_half_open	NA	paper/bioinformatics/application_manifest.tsv;paper/bioinformatics/application_selection.json	phase3_v1_preregistered_application_universe
target_only	NA	NA	phase3_application_role_ordinal	625	NA	at0625	NA	8f748bf8e1acc60dd95a26aa169d7ff24bfd2eba94f30e242b678af13b69c845	NA	chr22:46294870-46297370	GRCh38	GRCh38_0_based_half_open	NA	paper/bioinformatics/application_manifest.tsv;paper/bioinformatics/application_selection.json	phase3_v1_preregistered_application_universe
target_only	NA	NA	phase3_application_role_ordinal	626	NA	at0626	NA	daf6b99156e401ff506036b50f4ffb15b40895dace9e80236b580ce74ab5262d	NA	chr22:46333714-46336214	GRCh38	GRCh38_0_based_half_open	NA	paper/bioinformatics/application_manifest.tsv;paper/bioinformatics/application_selection.json	phase3_v1_preregistered_application_universe
target_only	NA	NA	phase3_application_role_ordinal	627	NA	at0627	NA	8af755ab98918cb97313520c62c021fa336d6be5d45894b9bbc65bfbb8aa2321	NA	chr22:46537120-46539620	GRCh38	GRCh38_0_based_half_open	NA	paper/bioinformatics/application_manifest.tsv;paper/bioinformatics/application_selection.json	phase3_v1_preregistered_application_universe
target_only	NA	NA	phase3_application_role_ordinal	628	NA	at0628	NA	a652644b57afe4dea3ecceeefcc60fd46dd655e66c75456377675734e768cf87	NA	chr22:46618386-46620886	GRCh38	GRCh38_0_based_half_open	NA	paper/bioinformatics/application_manifest.tsv;paper/bioinformatics/application_selection.json	phase3_v1_preregistered_application_universe
target_only	NA	NA	phase3_application_role_ordinal	629	NA	at0629	NA	196152983d99070f5d1a87edbeea9e6ce3406f52138e1e7de46650c731f478b1	NA	chr22:46737752-46740252	GRCh38	GRCh38_0_based_half_open	NA	paper/bioinformatics/application_manifest.tsv;paper/bioinformatics/application_selection.json	phase3_v1_preregistered_application_universe
target_only	NA	NA	phase3_application_role_ordinal	63	NA	at0063	NA	ac0d544aa218a9981903664e293381c5bdd360ffbac3a1a70924109a957d8479	NA	chr21:30829259-30831759	GRCh38	GRCh38_0_based_half_open	NA	paper/bioinformatics/application_manifest.tsv;paper/bioinformatics/application_selection.json	phase3_v1_preregistered_application_universe
target_only	NA	NA	phase3_application_role_ordinal	630	NA	at0630	NA	8562f5689f61533354020183a3cd1c06d9566e670f6221d3c83b41ad20fda39a	NA	chr22:46760650-46763150	GRCh38	GRCh38_0_based_half_open	NA	paper/bioinformatics/application_manifest.tsv;paper/bioinformatics/application_selection.json	phase3_v1_preregistered_application_universe
target_only	NA	NA	phase3_application_role_ordinal	631	NA	at0631	NA	24b85afd8a9caf310c8d164db29c7f563bf31fbd64f6377af710ea96ad824850	NA	chr22:48487553-48490053	GRCh38	GRCh38_0_based_half_open	NA	paper/bioinformatics/application_manifest.tsv;paper/bioinformatics/application_selection.json	phase3_v1_preregistered_application_universe
target_only	NA	NA	phase3_application_role_ordinal	632	NA	at0632	NA	b958297668165725010f5f51e9d5b0b955c962463f3fc6e0be9c686057af430d	NA	chr22:49827373-49829873	GRCh38	GRCh38_0_based_half_open	NA	paper/bioinformatics/application_manifest.tsv;paper/bioinformatics/application_selection.json	phase3_v1_preregistered_application_universe
target_only	NA	NA	phase3_application_role_ordinal	633	NA	at0633	NA	1c2f43772345cc19afac59ace18135f91fe3cea48849c81f80e27fb2cf6ced9e	NA	chr22:49851844-49854344	GRCh38	GRCh38_0_based_half_open	NA	paper/bioinformatics/application_manifest.tsv;paper/bioinformatics/application_selection.json	phase3_v1_preregistered_application_universe
target_only	NA	NA	phase3_application_role_ordinal	634	NA	at0634	NA	168ca885339a726395eca4718747db8b4e61afddca1549d5b1f989b6cf23fb2f	NA	chr22:49917938-49920438	GRCh38	GRCh38_0_based_half_open	NA	paper/bioinformatics/application_manifest.tsv;paper/bioinformatics/application_selection.json	phase3_v1_preregistered_application_universe
target_only	NA	NA	phase3_application_role_ordinal	635	NA	at0635	NA	6d8c00e57dccdf7338a56530914ef8075d9f89738d5df9a6e8f35b66a17ad5bc	NA	chr22:49916634-49919134	GRCh38	GRCh38_0_based_half_open	NA	paper/bioinformatics/application_manifest.tsv;paper/bioinformatics/application_selection.json	phase3_v1_preregistered_application_universe
target_only	NA	NA	phase3_application_role_ordinal	636	NA	at0636	NA	40edbc74e2de39b709b57da86e35446258277b416795459dc96517278599617a	NA	chr22:49958772-49961272	GRCh38	GRCh38_0_based_half_open	NA	paper/bioinformatics/application_manifest.tsv;paper/bioinformatics/application_selection.json	phase3_v1_preregistered_application_universe
target_only	NA	NA	phase3_application_role_ordinal	637	NA	at0637	NA	dd54ab15360bcd40e9d463d298ccf8e053f8b6a65cd5ecdb0ee1d791ac2f5d32	NA	chr22:50012265-50014765	GRCh38	GRCh38_0_based_half_open	NA	paper/bioinformatics/application_manifest.tsv;paper/bioinformatics/application_selection.json	phase3_v1_preregistered_application_universe
target_only	NA	NA	phase3_application_role_ordinal	638	NA	at0638	NA	9f1f5d60cc26c6c0641035ccf7660d1744bde2d82118d2f64c73dbde5973cd00	NA	chr22:50057798-50060298	GRCh38	GRCh38_0_based_half_open	NA	paper/bioinformatics/application_manifest.tsv;paper/bioinformatics/application_selection.json	phase3_v1_preregistered_application_universe
target_only	NA	NA	phase3_application_role_ordinal	639	NA	at0639	NA	c5da0f573943e70de3dcd5101d8415af3930f5355941e2377355eadc667ac5a1	NA	chr22:50084926-50087426	GRCh38	GRCh38_0_based_half_open	NA	paper/bioinformatics/application_manifest.tsv;paper/bioinformatics/application_selection.json	phase3_v1_preregistered_application_universe
target_only	NA	NA	phase3_application_role_ordinal	64	NA	at0064	NA	ecf1f4957d92b301c9b8a4ebdba7d0d8570a98c66c38616967aa16d9953d5ee6	NA	chr21:30881080-30883580	GRCh38	GRCh38_0_based_half_open	NA	paper/bioinformatics/application_manifest.tsv;paper/bioinformatics/application_selection.json	phase3_v1_preregistered_application_universe
target_only	NA	NA	phase3_application_role_ordinal	640	NA	at0640	NA	b6226ac6b3f455c7cf5d66223c1342701396eff4a47438eb1a986ed5dc42bf0e	NA	chr22:50088006-50090506	GRCh38	GRCh38_0_based_half_open	NA	paper/bioinformatics/application_manifest.tsv;paper/bioinformatics/application_selection.json	phase3_v1_preregistered_application_universe
target_only	NA	NA	phase3_application_role_ordinal	641	NA	at0641	NA	e41aa7a992091ffa84a04796d359cbb49004d1b3f2ef21a5e53ca1099c72ca3d	NA	chr22:50168731-50171231	GRCh38	GRCh38_0_based_half_open	NA	paper/bioinformatics/application_manifest.tsv;paper/bioinformatics/application_selection.json	phase3_v1_preregistered_application_universe
target_only	NA	NA	phase3_application_role_ordinal	642	NA	at0642	NA	0c084e2bfffa651624303a5652d5d7f6d4735973415e7e53155cb2610f27490c	NA	chr22:50183913-50186413	GRCh38	GRCh38_0_based_half_open	NA	paper/bioinformatics/application_manifest.tsv;paper/bioinformatics/application_selection.json	phase3_v1_preregistered_application_universe
target_only	NA	NA	phase3_application_role_ordinal	643	NA	at0643	NA	5040ddf97ca3b26e10e5fffb46996c013b2a4d90ccae024989621f004df38869	NA	chr22:50199011-50201511	GRCh38	GRCh38_0_based_half_open	NA	paper/bioinformatics/application_manifest.tsv;paper/bioinformatics/application_selection.json	phase3_v1_preregistered_application_universe
target_only	NA	NA	phase3_application_role_ordinal	644	NA	at0644	NA	c4b1f0fec122b5987169cbea5acf1f7d1b7fcded503b9e644f302980b7ac6e2c	NA	chr22:50244523-50247023	GRCh38	GRCh38_0_based_half_open	NA	paper/bioinformatics/application_manifest.tsv;paper/bioinformatics/application_selection.json	phase3_v1_preregistered_application_universe
target_only	NA	NA	phase3_application_role_ordinal	645	NA	at0645	NA	d77e57cae35fa9bb02bc3fca9e4606a9f7af43d8efde30ac687ff0d78164bf98	NA	chr22:50250765-50253265	GRCh38	GRCh38_0_based_half_open	NA	paper/bioinformatics/application_manifest.tsv;paper/bioinformatics/application_selection.json	phase3_v1_preregistered_application_universe
target_only	NA	NA	phase3_application_role_ordinal	646	NA	at0646	NA	cc1ef0a30b95ccd16eb66fa44a29b217f2792b77b0abd553b93ca117f797cb99	NA	chr22:50261183-50263683	GRCh38	GRCh38_0_based_half_open	NA	paper/bioinformatics/application_manifest.tsv;paper/bioinformatics/application_selection.json	phase3_v1_preregistered_application_universe
target_only	NA	NA	phase3_application_role_ordinal	647	NA	at0647	NA	30e446870888649cc335388ea9676a828659cfa963b8e92ab87e11208137d4a5	NA	chr22:50269880-50272380	GRCh38	GRCh38_0_based_half_open	NA	paper/bioinformatics/application_manifest.tsv;paper/bioinformatics/application_selection.json	phase3_v1_preregistered_application_universe
target_only	NA	NA	phase3_application_role_ordinal	648	NA	at0648	NA	fcecc98654c24dd749cc99b97f1b97fcf3cca14a5efdc3090466e58534ae8e13	NA	chr22:50307146-50309646	GRCh38	GRCh38_0_based_half_open	NA	paper/bioinformatics/application_manifest.tsv;paper/bioinformatics/application_selection.json	phase3_v1_preregistered_application_universe
target_only	NA	NA	phase3_application_role_ordinal	649	NA	at0649	NA	003814891d34ccca8717192f74e16d8fe00b9ad5a2794be14fee21f909badda7	NA	chr22:50326512-50329012	GRCh38	GRCh38_0_based_half_open	NA	paper/bioinformatics/application_manifest.tsv;paper/bioinformatics/application_selection.json	phase3_v1_preregistered_application_universe
target_only	NA	NA	phase3_application_role_ordinal	65	NA	at0065	NA	0b0138fb0cb6cee2de6b0bafc3748946330035feae5cfe0332c339e1ec3ff033	NA	chr21:31037976-31040476	GRCh38	GRCh38_0_based_half_open	NA	paper/bioinformatics/application_manifest.tsv;paper/bioinformatics/application_selection.json	phase3_v1_preregistered_application_universe
target_only	NA	NA	phase3_application_role_ordinal	650	NA	at0650	NA	ae23d346295db66e95ebf343c61d760c466bda076517cd658f827d33cfba1b07	NA	chr22:50341327-50343827	GRCh38	GRCh38_0_based_half_open	NA	paper/bioinformatics/application_manifest.tsv;paper/bioinformatics/application_selection.json	phase3_v1_preregistered_application_universe
target_only	NA	NA	phase3_application_role_ordinal	651	NA	at0651	NA	1c6ba4e0bd722330d46b15d71ba1ae9cd958936516c9e03a39187155e8904270	NA	chr22:50474535-50477035	GRCh38	GRCh38_0_based_half_open	NA	paper/bioinformatics/application_manifest.tsv;paper/bioinformatics/application_selection.json	phase3_v1_preregistered_application_universe
target_only	NA	NA	phase3_application_role_ordinal	652	NA	at0652	NA	e1d6e517851f9f88fe22a1995aaaac5b667423bdba3b4478911e2595dd26538c	NA	chr22:50479543-50482043	GRCh38	GRCh38_0_based_half_open	NA	paper/bioinformatics/application_manifest.tsv;paper/bioinformatics/application_selection.json	phase3_v1_preregistered_application_universe
target_only	NA	NA	phase3_application_role_ordinal	653	NA	at0653	NA	85cf3947e189d4dfebaeeed5bc7b02e8f688d9051b5afa1a4337db5ddb41c030	NA	chr22:50484859-50487359	GRCh38	GRCh38_0_based_half_open	NA	paper/bioinformatics/application_manifest.tsv;paper/bioinformatics/application_selection.json	phase3_v1_preregistered_application_universe
target_only	NA	NA	phase3_application_role_ordinal	654	NA	at0654	NA	96be5ef69d10a9ddaa7100b0e37d1f49c7dd4aece34447c9ad23839dca313f19	NA	chr22:50507202-50509702	GRCh38	GRCh38_0_based_half_open	NA	paper/bioinformatics/application_manifest.tsv;paper/bioinformatics/application_selection.json	phase3_v1_preregistered_application_universe
target_only	NA	NA	phase3_application_role_ordinal	655	NA	at0655	NA	377bfb3317e8c9200b0af5f64d9cfa0295a4f7f089e94428a42871dd2a24fd68	NA	chr22:50506224-50508724	GRCh38	GRCh38_0_based_half_open	NA	paper/bioinformatics/application_manifest.tsv;paper/bioinformatics/application_selection.json	phase3_v1_preregistered_application_universe
target_only	NA	NA	phase3_application_role_ordinal	656	NA	at0656	NA	86a1ef306365d5d3878c8bb80cddbe75c80229eb0553c9173166e906b19b47e0	NA	chr22:50525098-50527598	GRCh38	GRCh38_0_based_half_open	NA	paper/bioinformatics/application_manifest.tsv;paper/bioinformatics/application_selection.json	phase3_v1_preregistered_application_universe
target_only	NA	NA	phase3_application_role_ordinal	657	NA	at0657	NA	fec0d320333d9b0d0b243c66301cc7e27644abf3d47eee93265450fb5fadddff	NA	chr22:50529512-50532012	GRCh38	GRCh38_0_based_half_open	NA	paper/bioinformatics/application_manifest.tsv;paper/bioinformatics/application_selection.json	phase3_v1_preregistered_application_universe
target_only	NA	NA	phase3_application_role_ordinal	658	NA	at0658	NA	9856c1c5c4ff410bd175b8c9e2945d1110d9095714861d6cef122395c5cbb78c	NA	chr22:50531998-50534498	GRCh38	GRCh38_0_based_half_open	NA	paper/bioinformatics/application_manifest.tsv;paper/bioinformatics/application_selection.json	phase3_v1_preregistered_application_universe
target_only	NA	NA	phase3_application_role_ordinal	659	NA	at0659	NA	fce77f85629c3fd496d2b9c86ad5300b5276eff411c145d931216b6a13008bae	NA	chr22:50543899-50546399	GRCh38	GRCh38_0_based_half_open	NA	paper/bioinformatics/application_manifest.tsv;paper/bioinformatics/application_selection.json	phase3_v1_preregistered_application_universe
target_only	NA	NA	phase3_application_role_ordinal	66	NA	at0066	NA	6f517e1f7e1a9dc05aa2301d6d1cb6516b5bb12298d387eb446f7057234d24be	NA	chr21:31343761-31346261	GRCh38	GRCh38_0_based_half_open	NA	paper/bioinformatics/application_manifest.tsv;paper/bioinformatics/application_selection.json	phase3_v1_preregistered_application_universe
target_only	NA	NA	phase3_application_role_ordinal	660	NA	at0660	NA	48ccff956d1c51b17e2b39e3007da4184ba7395447e90c025a681c4108a29f5a	NA	chr22:50562419-50564919	GRCh38	GRCh38_0_based_half_open	NA	paper/bioinformatics/application_manifest.tsv;paper/bioinformatics/application_selection.json	phase3_v1_preregistered_application_universe
target_only	NA	NA	phase3_application_role_ordinal	661	NA	at0661	NA	f0f705f272344988a498f9fe779e999faab5147b669708966373467ebce23799	NA	chr22:50577927-50580427	GRCh38	GRCh38_0_based_half_open	NA	paper/bioinformatics/application_manifest.tsv;paper/bioinformatics/application_selection.json	phase3_v1_preregistered_application_universe
target_only	NA	NA	phase3_application_role_ordinal	662	NA	at0662	NA	cd9bd25767de79432438a6e535e2d462d2c6923c5ef9d7184bc2a95a9db9bd25	NA	chr22:50579252-50581752	GRCh38	GRCh38_0_based_half_open	NA	paper/bioinformatics/application_manifest.tsv;paper/bioinformatics/application_selection.json	phase3_v1_preregistered_application_universe
target_only	NA	NA	phase3_application_role_ordinal	663	NA	at0663	NA	6492f6ceba888b4accf672f7e94915bb20da4d91caaded8ff889e31d5ce1bd87	NA	chr22:50582349-50584849	GRCh38	GRCh38_0_based_half_open	NA	paper/bioinformatics/application_manifest.tsv;paper/bioinformatics/application_selection.json	phase3_v1_preregistered_application_universe
target_only	NA	NA	phase3_application_role_ordinal	664	NA	at0664	NA	777ad49cba66705f772b2ee3262d39d0723f397af1736f26a6ef0718acc9baf9	NA	chr22:50598793-50601293	GRCh38	GRCh38_0_based_half_open	NA	paper/bioinformatics/application_manifest.tsv;paper/bioinformatics/application_selection.json	phase3_v1_preregistered_application_universe
target_only	NA	NA	phase3_application_role_ordinal	665	NA	at0665	NA	96251a5a0a32db9965e2a50eeeb1cb49cbe39f49f5d1acac184b9e6e20c8bfb0	NA	chr22:50627652-50630152	GRCh38	GRCh38_0_based_half_open	NA	paper/bioinformatics/application_manifest.tsv;paper/bioinformatics/application_selection.json	phase3_v1_preregistered_application_universe
target_only	NA	NA	phase3_application_role_ordinal	666	NA	at0666	NA	09648a61d4a77e99d4a72ab0b642c986e05cd30f84b54d95f38394f00af77ad8	NA	chr22:50672408-50674908	GRCh38	GRCh38_0_based_half_open	NA	paper/bioinformatics/application_manifest.tsv;paper/bioinformatics/application_selection.json	phase3_v1_preregistered_application_universe
target_only	NA	NA	phase3_application_role_ordinal	667	NA	at0667	NA	e997c7a864c09e8b8ff31c978a74d56386f6d1e4316f0a32cc0a7ac5c58159a3	NA	chr22:50736204-50738704	GRCh38	GRCh38_0_based_half_open	NA	paper/bioinformatics/application_manifest.tsv;paper/bioinformatics/application_selection.json	phase3_v1_preregistered_application_universe
target_only	NA	NA	phase3_application_role_ordinal	668	NA	at0668	NA	4c3cd68680ecffa69869211d5e4e68cdeec91f70cabaeee51387550c39e5a03f	NA	chr22:50783136-50785636	GRCh38	GRCh38_0_based_half_open	NA	paper/bioinformatics/application_manifest.tsv;paper/bioinformatics/application_selection.json	phase3_v1_preregistered_application_universe
target_only	NA	NA	phase3_application_role_ordinal	67	NA	at0067	NA	b29d46669657f0b3e44f0bdbbd2c0f4e103a3adc9043ade1c075df62feeade56	NA	chr21:31657693-31660193	GRCh38	GRCh38_0_based_half_open	NA	paper/bioinformatics/application_manifest.tsv;paper/bioinformatics/application_selection.json	phase3_v1_preregistered_application_universe
target_only	NA	NA	phase3_application_role_ordinal	68	NA	at0068	NA	bd3a283810f895e61f7021df665f38efb7bc435a3c18135701a48dd7d02b559d	NA	chr21:31731618-31734118	GRCh38	GRCh38_0_based_half_open	NA	paper/bioinformatics/application_manifest.tsv;paper/bioinformatics/application_selection.json	phase3_v1_preregistered_application_universe
target_only	NA	NA	phase3_application_role_ordinal	69	NA	at0069	NA	052c8cbfbab355fe19bdd40329cbe55bc5b0700a3f222febd300e6a018c047c8	NA	chr21:31871020-31873520	GRCh38	GRCh38_0_based_half_open	NA	paper/bioinformatics/application_manifest.tsv;paper/bioinformatics/application_selection.json	phase3_v1_preregistered_application_universe
target_only	NA	NA	phase3_application_role_ordinal	7	NA	at0007	NA	28a911346a44fdd2326a9ba39ae986d67c7d00ce13ab1239c9d74dd9c4ffab25	NA	chr21:15064500-15067000	GRCh38	GRCh38_0_based_half_open	NA	paper/bioinformatics/application_manifest.tsv;paper/bioinformatics/application_selection.json	phase3_v1_preregistered_application_universe
target_only	NA	NA	phase3_application_role_ordinal	70	NA	at0070	NA	6ca712380a522381a092a19984a2c7102e9d6976a282e5aca4d74ced2fea9078	NA	chr21:32278549-32281049	GRCh38	GRCh38_0_based_half_open	NA	paper/bioinformatics/application_manifest.tsv;paper/bioinformatics/application_selection.json	phase3_v1_preregistered_application_universe
target_only	NA	NA	phase3_application_role_ordinal	71	NA	at0071	NA	7217f40872e0c39ab72403bfbf0a1027634c25c4be3516eb1bd444dcac4ad5af	NA	chr21:32296855-32299355	GRCh38	GRCh38_0_based_half_open	NA	paper/bioinformatics/application_manifest.tsv;paper/bioinformatics/application_selection.json	phase3_v1_preregistered_application_universe
target_only	NA	NA	phase3_application_role_ordinal	72	NA	at0072	NA	48ed352ba3c7272b1f51a406f3d239f633d76563affeabf068c4587423a8e3cf	NA	chr21:32392512-32395012	GRCh38	GRCh38_0_based_half_open	NA	paper/bioinformatics/application_manifest.tsv;paper/bioinformatics/application_selection.json	phase3_v1_preregistered_application_universe
target_only	NA	NA	phase3_application_role_ordinal	73	NA	at0073	NA	2424da2a0a8cf9662095fc79f8930f7b9c8c110b22415dbdd8597537ad9a71a5	NA	chr21:32410706-32413206	GRCh38	GRCh38_0_based_half_open	NA	paper/bioinformatics/application_manifest.tsv;paper/bioinformatics/application_selection.json	phase3_v1_preregistered_application_universe
target_only	NA	NA	phase3_application_role_ordinal	74	NA	at0074	NA	bd678abf7be2349a0dac401ce44d48910d36924aa1250cac0887cd9ec0d24d73	NA	chr21:32585023-32587523	GRCh38	GRCh38_0_based_half_open	NA	paper/bioinformatics/application_manifest.tsv;paper/bioinformatics/application_selection.json	phase3_v1_preregistered_application_universe
target_only	NA	NA	phase3_application_role_ordinal	75	NA	at0075	NA	ddf6628bd8249579be14495707495e42f6677fd33db2cf6cd0b12ace9f4caeed	NA	chr21:32611877-32614377	GRCh38	GRCh38_0_based_half_open	NA	paper/bioinformatics/application_manifest.tsv;paper/bioinformatics/application_selection.json	phase3_v1_preregistered_application_universe
target_only	NA	NA	phase3_application_role_ordinal	76	NA	at0076	NA	2658387b92e0dea38ed09811bc3240af8f475ce184af85d1a3e19183914efe6a	NA	chr21:32612365-32614865	GRCh38	GRCh38_0_based_half_open	NA	paper/bioinformatics/application_manifest.tsv;paper/bioinformatics/application_selection.json	phase3_v1_preregistered_application_universe
target_only	NA	NA	phase3_application_role_ordinal	77	NA	at0077	NA	1f2929f0467d86437674653b602209e96fd820a3bf7b976997fbbe0b43afb516	NA	chr21:32727513-32730013	GRCh38	GRCh38_0_based_half_open	NA	paper/bioinformatics/application_manifest.tsv;paper/bioinformatics/application_selection.json	phase3_v1_preregistered_application_universe
target_only	NA	NA	phase3_application_role_ordinal	78	NA	at0078	NA	cd366121da828d72ae18a47bef50cfc299491da4972b44a2a3e86e3297988005	NA	chr21:32771255-32773755	GRCh38	GRCh38_0_based_half_open	NA	paper/bioinformatics/application_manifest.tsv;paper/bioinformatics/application_selection.json	phase3_v1_preregistered_application_universe
target_only	NA	NA	phase3_application_role_ordinal	79	NA	at0079	NA	fd46e53d63d5632946f6ba9f86ff55f2d7e71165ffa400eca38054eae216a022	NA	chr21:32813203-32815703	GRCh38	GRCh38_0_based_half_open	NA	paper/bioinformatics/application_manifest.tsv;paper/bioinformatics/application_selection.json	phase3_v1_preregistered_application_universe
target_only	NA	NA	phase3_application_role_ordinal	8	NA	at0008	NA	f269c7930788b7cd3896df2f24658bf27cf527d6c964bcdfb57d44ef7db5744b	NA	chr21:15727982-15730482	GRCh38	GRCh38_0_based_half_open	NA	paper/bioinformatics/application_manifest.tsv;paper/bioinformatics/application_selection.json	phase3_v1_preregistered_application_universe
target_only	NA	NA	phase3_application_role_ordinal	80	NA	at0080	NA	def03475f5ea47138a9ebf228775b35840ec38be1c806778bc068e2f2e2a9c1d	NA	chr21:33023935-33026435	GRCh38	GRCh38_0_based_half_open	NA	paper/bioinformatics/application_manifest.tsv;paper/bioinformatics/application_selection.json	phase3_v1_preregistered_application_universe
target_only	NA	NA	phase3_application_role_ordinal	81	NA	at0081	NA	9c9aec064d0d41c54d8c742e39e1957b56752fdadc22437db790a723df94ae7e	NA	chr21:33068141-33070641	GRCh38	GRCh38_0_based_half_open	NA	paper/bioinformatics/application_manifest.tsv;paper/bioinformatics/application_selection.json	phase3_v1_preregistered_application_universe
target_only	NA	NA	phase3_application_role_ordinal	82	NA	at0082	NA	82b4870496699fe67f3525bcf8668bfbfbfef954130f6935e00f2b232ec0f686	NA	chr21:33227938-33230438	GRCh38	GRCh38_0_based_half_open	NA	paper/bioinformatics/application_manifest.tsv;paper/bioinformatics/application_selection.json	phase3_v1_preregistered_application_universe
target_only	NA	NA	phase3_application_role_ordinal	83	NA	at0083	NA	a05922e13af975e292513a64a95cf3139ef31a8adf4efb05932d6de42fa6bc3f	NA	chr21:33228131-33230631	GRCh38	GRCh38_0_based_half_open	NA	paper/bioinformatics/application_manifest.tsv;paper/bioinformatics/application_selection.json	phase3_v1_preregistered_application_universe
target_only	NA	NA	phase3_application_role_ordinal	84	NA	at0084	NA	b94aa17fde4fb54b2f6de6111f1f9fe04f5f4bbb9bfed9b0d7d86f09cd186414	NA	chr21:33264367-33266867	GRCh38	GRCh38_0_based_half_open	NA	paper/bioinformatics/application_manifest.tsv;paper/bioinformatics/application_selection.json	phase3_v1_preregistered_application_universe
target_only	NA	NA	phase3_application_role_ordinal	85	NA	at0085	NA	4d7d628944655caa2c2c7757e9ebd845f777557df908835e9cc3c496ff6a8fe9	NA	chr21:33322970-33325470	GRCh38	GRCh38_0_based_half_open	NA	paper/bioinformatics/application_manifest.tsv;paper/bioinformatics/application_selection.json	phase3_v1_preregistered_application_universe
target_only	NA	NA	phase3_application_role_ordinal	86	NA	at0086	NA	27ea2b2dc7c83d9a572009c40b7d4e09ef9d77af46cd42cf46b8665f2e767d53	NA	chr21:33401413-33403913	GRCh38	GRCh38_0_based_half_open	NA	paper/bioinformatics/application_manifest.tsv;paper/bioinformatics/application_selection.json	phase3_v1_preregistered_application_universe
target_only	NA	NA	phase3_application_role_ordinal	87	NA	at0087	NA	231e2a40803b385ba8b42ae0246bc6fc09b3eaf3107a68beee9cb3e1e2d6f9c5	NA	chr21:33479474-33481974	GRCh38	GRCh38_0_based_half_open	NA	paper/bioinformatics/application_manifest.tsv;paper/bioinformatics/application_selection.json	phase3_v1_preregistered_application_universe
target_only	NA	NA	phase3_application_role_ordinal	88	NA	at0088	NA	c72c77347745dbd57fe2196c86a664b2df19513245b870fec4287c3361ccb69a	NA	chr21:33491216-33493716	GRCh38	GRCh38_0_based_half_open	NA	paper/bioinformatics/application_manifest.tsv;paper/bioinformatics/application_selection.json	phase3_v1_preregistered_application_universe
target_only	NA	NA	phase3_application_role_ordinal	89	NA	at0089	NA	6173b41bfb5f8d924d1451c6d8ad1ce09b827d63e61d43101ac28660b0593142	NA	chr21:33541617-33544117	GRCh38	GRCh38_0_based_half_open	NA	paper/bioinformatics/application_manifest.tsv;paper/bioinformatics/application_selection.json	phase3_v1_preregistered_application_universe
target_only	NA	NA	phase3_application_role_ordinal	9	NA	at0009	NA	b75158a3ecd691116877cb9d30f2b2285857e9539290fc7c69675d3a20a571df	NA	chr21:17511043-17513543	GRCh38	GRCh38_0_based_half_open	NA	paper/bioinformatics/application_manifest.tsv;paper/bioinformatics/application_selection.json	phase3_v1_preregistered_application_universe
target_only	NA	NA	phase3_application_role_ordinal	90	NA	at0090	NA	095e74784b8fd82cd9ce76083f178206fbb395da90a1d70caa5692d1a38ab32d	NA	chr21:33541038-33543538	GRCh38	GRCh38_0_based_half_open	NA	paper/bioinformatics/application_manifest.tsv;paper/bioinformatics/application_selection.json	phase3_v1_preregistered_application_universe
target_only	NA	NA	phase3_application_role_ordinal	91	NA	at0091	NA	c4c253f088bcf2f2ce5649154a153c7a244a481503857675bc3ce5e5489c447b	NA	chr21:33588184-33590684	GRCh38	GRCh38_0_based_half_open	NA	paper/bioinformatics/application_manifest.tsv;paper/bioinformatics/application_selection.json	phase3_v1_preregistered_application_universe
target_only	NA	NA	phase3_application_role_ordinal	92	NA	at0092	NA	b2b3b23ec40184cc58880049030deda9271f6f3be5c69b592e41251fd38c48b3	NA	chr21:33641241-33643741	GRCh38	GRCh38_0_based_half_open	NA	paper/bioinformatics/application_manifest.tsv;paper/bioinformatics/application_selection.json	phase3_v1_preregistered_application_universe
target_only	NA	NA	phase3_application_role_ordinal	93	NA	at0093	NA	fa4d219be08e06dca5a14f07c59d43cf07f02fddd1e93f6b7c1f8356d85a4bf7	NA	chr21:33640501-33643001	GRCh38	GRCh38_0_based_half_open	NA	paper/bioinformatics/application_manifest.tsv;paper/bioinformatics/application_selection.json	phase3_v1_preregistered_application_universe
target_only	NA	NA	phase3_application_role_ordinal	94	NA	at0094	NA	3a9cbf7680dd0fe74f8661773acbaec213885c8bf0baf25679ff6db958d88195	NA	chr21:33915304-33917804	GRCh38	GRCh38_0_based_half_open	NA	paper/bioinformatics/application_manifest.tsv;paper/bioinformatics/application_selection.json	phase3_v1_preregistered_application_universe
target_only	NA	NA	phase3_application_role_ordinal	95	NA	at0095	NA	20f23017537ccddf2daeaafd7db92c60fd8d3b664028894cc2b536f4b1f7932e	NA	chr21:33931107-33933607	GRCh38	GRCh38_0_based_half_open	NA	paper/bioinformatics/application_manifest.tsv;paper/bioinformatics/application_selection.json	phase3_v1_preregistered_application_universe
target_only	NA	NA	phase3_application_role_ordinal	96	NA	at0096	NA	694d58929af9246913b00904cc1467692d20e084d0be80bc80993baabeedba87	NA	chr21:34071576-34074076	GRCh38	GRCh38_0_based_half_open	NA	paper/bioinformatics/application_manifest.tsv;paper/bioinformatics/application_selection.json	phase3_v1_preregistered_application_universe
target_only	NA	NA	phase3_application_role_ordinal	97	NA	at0097	NA	d28d7d807ea74086ab0689e5145aa74303c35845b02a5d4cd6abb5d06ef6245b	NA	chr21:34071578-34074078	GRCh38	GRCh38_0_based_half_open	NA	paper/bioinformatics/application_manifest.tsv;paper/bioinformatics/application_selection.json	phase3_v1_preregistered_application_universe
target_only	NA	NA	phase3_application_role_ordinal	98	NA	at0098	NA	d28d7d807ea74086ab0689e5145aa74303c35845b02a5d4cd6abb5d06ef6245b	NA	chr21:34071578-34074078	GRCh38	GRCh38_0_based_half_open	NA	paper/bioinformatics/application_manifest.tsv;paper/bioinformatics/application_selection.json	phase3_v1_preregistered_application_universe
target_only	NA	NA	phase3_application_role_ordinal	99	NA	at0099	NA	7401937d659154418529aab83cf22bbf2303b12ef467964ed33a6d961d475ab3	NA	chr21:34362006-34364506	GRCh38	GRCh38_0_based_half_open	NA	paper/bioinformatics/application_manifest.tsv;paper/bioinformatics/application_selection.json	phase3_v1_preregistered_application_universe
pair	gencode_v49_representative_lncRNA_v1	16074	grch38_chr21_chr22_tss_large_v1	613	ENST00000728040.1	ENST00000336156.10	ecaeaef80c31e4ab6f6a26a9e42e724064917513d901909d0f11f02dc94594c7	779082a29b05c8b27137fe0b922b94877c0e27deff1fe10ebb34ec69884799a6	0:673	40240893:50240894	GRCh38	GRCh38_0_based_half_open	4dc4880f3145df7c4197c59f8ec1e1ef82cd78062e4e5bf79114215b0de5ad2e	paper/biological_topk/fresh_holdout_manifest.tsv	predecessor_phase4_fresh_concordance_input
pair	gencode_v49_representative_lncRNA_v1	21296	grch38_chr21_chr22_tss_medium_v1	426	ENST00000786197.1	ENST00000327423.11	337788e23c6cb49be87d472237b8c61756cbed9e73d859f84fc7ec4f389e0e51	88bce952cd0e5619b5891a5e2539a5e578cb424bdec362bfee928200aea9028c	0:568	30750131:32750132	GRCh38	GRCh38_0_based_half_open	2fa7c763f4090cd86137c202b24049f5840ba8e6b7fb49a9c4695e66a4442ad5	paper/biological_topk/fresh_holdout_manifest.tsv	predecessor_phase4_fresh_concordance_input
pair	gencode_v49_representative_lncRNA_v1	19650	grch38_chr21_chr22_tss_medium_v1	416	ENST00000768781.1	ENST00000331075.10	0c25a748e2e445216632ff42c8fcc2fd774ddcaa1e6a4bfd146fdbf4b6542a16	a638c3bac50fb0686425825988a372db6f2b1de4e16a492fb9d21fd7f402726e	0:688	30122965:32122966	GRCh38	GRCh38_0_based_half_open	2a9aa247b6e0f2497dcc89ff6feb61ff6e22ee96a7f43dbc92f34cca0080035d	paper/biological_topk/fresh_holdout_manifest.tsv	predecessor_phase4_fresh_concordance_input
pair	gencode_v49_representative_lncRNA_v1	391	grch38_chr21_chr22_tss_medium_v1	498	ENST00000378779.6	ENST00000381669.8	55fe21e9fcf81e1c7d0f6eb621c1b7a7bc0fe4af7fdfaa03733586717cbcf4c2	0cbbdec7028c1eb27c435d1bdf7be3c585bdf8941b8e199adf1e4f5175176f0f	0:1628	37110683:39110684	GRCh38	GRCh38_0_based_half_open	eecc40ef953a43de1b692db920d3ee4ba3f4586797597038d35bf3882d545106	paper/biological_topk/fresh_holdout_manifest.tsv	predecessor_phase4_fresh_concordance_input
pair	gencode_v49_representative_lncRNA_v1	15047	grch38_chr21_chr22_tss_large_v1	547	ENST00000717830.1	ENST00000216218.8	e09b46944a50b0b024eadd4ba2d2c695a615f8fc845f8556990fd7a7c9d4507f	810245eb70fbeb400f8e78d76826c71fe916c0e4b3ddbc1eb66528919c6b7aac	0:1056	35856638:45856639	GRCh38	GRCh38_0_based_half_open	a94e4af0eb4c997587fae79c05233e3e9d9eaaafa909099bc802e84abf627a9b	paper/biological_topk/fresh_holdout_manifest.tsv	predecessor_phase4_fresh_concordance_input
pair	gencode_v49_representative_lncRNA_v1	10230	grch38_chr21_chr22_tss_short_v1	519	ENST00000762572.1	ENST00000361441.5	c4b780c2ab5b3453b531d71604bc7a2652d725c6c4e18e6d9a07675a86882953	44c42769e248de06319c826fd8703dcb186b79c47ef712188877aa1afe119ae9	0:2039	39012208:39016305	GRCh38	GRCh38_0_based_half_open	d8d59f22789ae67d2e0e3e00b5219e7850afd905fe0407c30d6a9f9efced11d9	paper/biological_topk/fresh_holdout_manifest.tsv	predecessor_phase4_fresh_concordance_input
pair	gencode_v49_representative_lncRNA_v1	7710	grch38_chr21_chr22_tss_medium_v1	118	ENST00000826673.1	ENST00000360525.9	d3c03c813da6777cbeb3310101b606316b0e6a1cf49ee7ab76e1b7bb88f6a6ce	a12171b150188522f6d7d3a1ee593f4e5a8adbd69edb2fd7365dd6a1134b7b03	0:1455	36073070:38073071	GRCh38	GRCh38_0_based_half_open	9c30e33fde70bf2672876e359a7e2f72984985ea9443924cb073bbad5a4e03c5	paper/biological_topk/fresh_holdout_manifest.tsv	predecessor_phase4_fresh_concordance_input
pair	gencode_v49_representative_lncRNA_v1	25227	grch38_chr21_chr22_tss_short_v1	211	ENST00000829577.1	ENST00000397746.8	048f104e2b3f7e04a5bc25c092727949556fe43c0c73ac50d399a6f18c37d5d1	6082ace14489e648284ea2ba57997192e642ac107688353e3be9744f67155439	0:811	46153530:46157627	GRCh38	GRCh38_0_based_half_open	d1a2ecbb49d7e1c25d2bf6f3e734d223dbf1ef209df34fc9baec1899cb1303ac	paper/biological_topk/fresh_holdout_manifest.tsv	predecessor_phase4_fresh_concordance_input
pair	gencode_v49_representative_lncRNA_v1	20944	grch38_chr21_chr22_tss_large_v1	410	ENST00000782460.1	ENST00000334679.4	76525f47069f7a337f910efc4c2eff38419203b7bfb665ce97064cba81151809	a287233ad49b95288f737f4d4e7a9c72db5a3b6792e37f1b1767e86c5ee0fbf5	0:1476	25667874:35667875	GRCh38	GRCh38_0_based_half_open	98cd6e83b76b566ff567f6eb522482f7cd6fe2522260f1f3400ba25edb1c2c5d	paper/biological_topk/fresh_holdout_manifest.tsv	predecessor_phase4_fresh_concordance_input
pair	gencode_v49_representative_lncRNA_v1	1640	grch38_chr21_chr22_tss_short_v1	131	ENST00000414911.1	ENST00000288350.8	59533ca93ee9eb8a677366a084311adcd94e6f317e00800c44d6f0b9ca984112	ab6a681879ccd452846d5884ec601372e5b8e7b9ceecfd3b185ba936e232c999	0:867	39443729:39447826	GRCh38	GRCh38_0_based_half_open	83b294ccd2dba277dfbaa96954c985e850332d5b1d94794caffe8bc3bf1019ce	paper/biological_topk/fresh_holdout_manifest.tsv	predecessor_phase4_fresh_concordance_input
pair	gencode_v49_representative_lncRNA_v1	12695	grch38_chr21_chr22_tss_large_v1	116	ENST00000670096.1	ENST00000674895.3	ef7b8969667122f83d4d76439164ac30ecd711a3ac235a8c6e5f1c8b0bdd1119	158edf59490a50ef4cdc7b4e7c6b129fd6066d2b7c06aa0acf07d0a2ccd718bd	0:1398	31966668:41966669	GRCh38	GRCh38_0_based_half_open	8ccd6ff11a842b62af0cff771060443de844d600f5e6953b034272f2c587f2d8	paper/biological_topk/fresh_holdout_manifest.tsv	predecessor_phase4_fresh_concordance_input
pair	gencode_v49_representative_lncRNA_v1	11263	grch38_chr21_chr22_tss_medium_v1	420	ENST00000651247.2	ENST00000215912.10	4591c2914970402362d4242ffba49e6471d6c6c0b32a2c3bb53b48ebe252b7a7	3ecddd5269c98e2043f8d6b3c7115c12ccfa5402acb4ff446ce6e86e67dee04f	0:1728	30292487:32292488	GRCh38	GRCh38_0_based_half_open	c80713f99cf27624dc0351128d515a456868b8e2fc170266015e947c8d727912	paper/biological_topk/fresh_holdout_manifest.tsv	predecessor_phase4_fresh_concordance_input
pair	gencode_v49_representative_lncRNA_v1	10395	grch38_chr21_chr22_tss_large_v1	126	ENST00000623446.1	ENST00000331573.8	aab8297e9c68b6a1060bcb1e24ca77f6ba50a53d35376fef86e64cb6b07526b5	17d34363ad42ad59f96bfb9c8302ae9d70dba74b17ab7d7750d292bbe0999152	0:1880	34183450:44183451	GRCh38	GRCh38_0_based_half_open	3d9bad4f7f30a47d71e276391369e063eeb10bfd72982f946c2a58cb49560d09	paper/biological_topk/fresh_holdout_manifest.tsv	predecessor_phase4_fresh_concordance_input
pair	gencode_v49_representative_lncRNA_v1	4312	grch38_chr21_chr22_tss_short_v1	192	ENST00000659263.1	ENST00000334670.9	b3d786461fdc35c01f9867bc94426a19ee9ac121e613bf5ac88098f4a2cbbca8	6e4372376196912bc2be6fc8d5ba4c482fb5ff8a2dd7272467f1cf02d48a95d7	0:1649	44644365:44648462	GRCh38	GRCh38_0_based_half_open	ac9cc90d4423e1a0369900ebc886c6ae2ba6cc74b88da132a1224e1548b94ca1	paper/biological_topk/fresh_holdout_manifest.tsv	predecessor_phase4_fresh_concordance_input
pair	gencode_v49_representative_lncRNA_v1	14284	grch38_chr21_chr22_tss_medium_v1	169	ENST00000546981.1	ENST00000497547.2	d608768134960b302bd75ea44ca9463183bbb6592eed4ca2cb84f286836a15db	2bcdc913c9d7ebc82fc451348b9a75583dadff9f27a90d2885c08b60104bed62	0:933	42789576:44789577	GRCh38	GRCh38_0_based_half_open	6dcefca4570cda5ed26f6c34725d80a5d19254954eda2306482d0f45a3cce231	paper/biological_topk/fresh_holdout_manifest.tsv	predecessor_phase4_fresh_concordance_input
pair	gencode_v49_representative_lncRNA_v1	3109	grch38_chr21_chr22_tss_short_v1	226	ENST00000413324.2	ENST00000400588.5	c84e818d9e72d7588f414aec9e19f7c744f00a28620c89e56fcb5bcdecd2753c	83b760a50d14a484941a1cea544f7e48c5e97568183a1bb5748b111301fcb49e	0:500	17006173:17010270	GRCh38	GRCh38_0_based_half_open	5288fe06bedb67f6459c89d2be76e34ac5e1dfd7559ae34de27e5c30264db15e	paper/biological_topk/fresh_holdout_manifest.tsv	predecessor_phase4_fresh_concordance_input
pair	gencode_v49_representative_lncRNA_v1	4787	grch38_chr21_chr22_tss_short_v1	184	ENST00000515570.1	ENST00000391620.2	c2d8fac9ba7f72b16bc526d8c60b7576848a0a51b5331df680505f26ea5f0879	e55ff09ab2d3a7545dc7401bf53b4779814680ff8bd90ef9b5eef2517f3dcbdc	0:765	44556746:44560843	GRCh38	GRCh38_0_based_half_open	a764e961ac7e6fe7ed6d01f19d7662c52e17b7b6a78d11e819b61309370b6f39	paper/biological_topk/fresh_holdout_manifest.tsv	predecessor_phase4_fresh_concordance_input
pair	gencode_v49_representative_lncRNA_v1	562	grch38_chr21_chr22_tss_short_v1	160	ENST00000409905.2	ENST00000398165.8	b54e4d4965d46961945ad4a0e50c364aa717027f97f0da37a50fa7dc36ad689b	8cfd912817b57443c20ac1367f7d8128c97ba0887240a093ddfb3dacb80011c7	0:675	43073786:43077883	GRCh38	GRCh38_0_based_half_open	d63c10dde24c11d4a6ab20a1e3ce0c69d2ebff688f4647d10571d3ed40f06375	paper/biological_topk/fresh_holdout_manifest.tsv	predecessor_phase4_fresh_concordance_input
pair	gencode_v49_representative_lncRNA_v1	23715	grch38_chr21_chr22_tss_large_v1	430	ENST00000812634.1	ENST00000266088.9	52e7faceea09163a3621db1c86706989349e338fe90d7692f7591a6720d2d567	dd909bbbc7f48ad2c8d9d6af431ca80425dbb445a7ab9cd7025881383ac4d794	0:933	27043260:37043261	GRCh38	GRCh38_0_based_half_open	375b674f84a821536c2f8c945a07b0596860c09eb50e1d7fd62c675633d03670	paper/biological_topk/fresh_holdout_manifest.tsv	predecessor_phase4_fresh_concordance_input
pair	gencode_v49_representative_lncRNA_v1	14032	grch38_chr21_chr22_tss_short_v1	244	ENST00000722197.1	ENST00000652395.1	4ee92091b20874140c3906abe53aaa9ebe1ca090900c199a180286f3bcadc8c4	d1deb6541382fec7cf280bc174d185e14e5fde6ce194b80f129e9bfadc39b51c	0:845	18631935:18636032	GRCh38	GRCh38_0_based_half_open	52917bd4aa36172f57ebb18aa5126a841cbe73caf0ba86cb54edd97e881f43a2	paper/biological_topk/fresh_holdout_manifest.tsv	predecessor_phase4_fresh_concordance_input
pair	gencode_v49_representative_lncRNA_v1	20174	grch38_chr21_chr22_tss_medium_v1	404	ENST00000774212.1	ENST00000255858.12	72c216d5f2d464c29dcffdae582a5948c178e8c1c128aefe4a1f14d97ed4508b	f26d66dd9e983f0a812df76bebb6193dfae6bf961ac6f99dd3afa063bbf4bb73	0:854	29505694:31505695	GRCh38	GRCh38_0_based_half_open	7fa981a3a9038d8dda6a767aa2f92e289fe57c9acd7ed8bf9907fda86fe99c57	paper/biological_topk/fresh_holdout_manifest.tsv	predecessor_phase4_fresh_concordance_input
pair	gencode_v49_representative_lncRNA_v1	15532	grch38_chr21_chr22_tss_large_v1	433	ENST00000723159.1	ENST00000266086.6	4894a63cdcd4e1ac1ad357538dff568beb6cbf5fc3706c6ee7cec11187b77fef	3f29f048211fec1762ba0f7ae70be00cfc84cc7ea8992e4e8d957ce748b07864	0:743	27255346:37255347	GRCh38	GRCh38_0_based_half_open	8d71ba889535e7479d50f28ecc570144406d597f039e660938e3c262adba19a2	paper/biological_topk/fresh_holdout_manifest.tsv	predecessor_phase4_fresh_concordance_input
pair	gencode_v49_representative_lncRNA_v1	21234	grch38_chr21_chr22_tss_short_v1	462	ENST00000785446.1	ENST00000248899.11	fda693b54ece0c12fb7c00eee72ade39f55ce9464b804facfe1614a8b1220201	1de99b84057848e343700ddab22da9ebf1c7e6c6a56e6b830f71417e9d74d3fb	0:827	36858957:36863054	GRCh38	GRCh38_0_based_half_open	5456cdac956647f3faaa46f3fb989a78089a96217e9264d76c13371ac2feafd2	paper/biological_topk/fresh_holdout_manifest.tsv	predecessor_phase4_fresh_concordance_input
pair	gencode_v49_representative_lncRNA_v1	12980	grch38_chr21_chr22_tss_short_v1	303	ENST00000693297.2	ENST00000248958.5	baace233b443d9044c4233338d99d269de22ff176fbf57f14dce00e08185a454	68b361e19478a447af06c4841eb46135eb173907937a5e4cf61cc5126004756b	0:2233	21640253:21644350	GRCh38	GRCh38_0_based_half_open	1db1dde2a422f5019b4934a8e29f7ad2acfc3c98a5d2a1cbedc9f1212d1ff395	paper/biological_topk/fresh_holdout_manifest.tsv	predecessor_phase4_fresh_concordance_input
pair	gencode_v49_representative_lncRNA_v1	6451	grch38_chr21_chr22_tss_large_v1	240	ENST00000546674.1	ENST00000215794.8	eb24e8b870e9455756787bc8eed5c02b131924d2e148d3c12002d8cdedcbf430	f1d9a1151874a7095c1879ccc3d7dc1e6e5def5e3d534a56528387ac5a0e95a3	0:676	13150169:23150170	GRCh38	GRCh38_0_based_half_open	b2b09c0ef869db0a2a2a949ebf09834a4871de728ea315e1f95624f391fce16a	paper/biological_topk/fresh_holdout_manifest.tsv	predecessor_phase4_fresh_concordance_input
pair	gencode_v49_representative_lncRNA_v1	19440	grch38_chr21_chr22_tss_large_v1	120	ENST00000766619.1	ENST00000309117.11	a11abaad544520b7dab074fd69f7bfc899d8e4ad133d7470dc516c3867f6b81a	0981ee7d20dc7ae70e05ae3aaf4b09942e77d8b197edd314f1244e5c6bfc379c	0:1091	32267333:42267334	GRCh38	GRCh38_0_based_half_open	cfaea252fa4245447f85c36be91d7b338ef719a3b8d2759248417221b8902aff	paper/biological_topk/fresh_holdout_manifest.tsv	predecessor_phase4_fresh_concordance_input
pair	gencode_v49_representative_lncRNA_v1	13052	grch38_chr21_chr22_tss_large_v1	75	ENST00000817217.1	ENST00000290155.8	2fe380a59716a555100142a3eed5534b36f4dfced613d625292512bab2d0046e	f00f766217f6a8302f9f6f3092a2cf91f5c5eaa7c691f7bd5624a555db9425b4	0:1483	27612376:37612377	GRCh38	GRCh38_0_based_half_open	70bb9a53df82491afa7366b70c4d4b65ee9aa46782c0786642e46e50f3162472	paper/biological_topk/fresh_holdout_manifest.tsv	predecessor_phase4_fresh_concordance_input
pair	gencode_v49_representative_lncRNA_v1	4646	grch38_chr21_chr22_tss_medium_v1	350	ENST00000665627.1	ENST00000400358.9	1b06355bb67199721b0b9788d2dafee93ef1592c1bcf6680b882a81e09422c7c	f74e5b2f36fb49b947bee5c2e31c24523a963f2ae47d90daa6fddec428382a90	0:2368	23806210:25806211	GRCh38	GRCh38_0_based_half_open	f6579dfa9f6f7ec14a83ba2194ccf60d3e6edf2b783051721da2d89cafbf86ec	paper/biological_topk/fresh_holdout_manifest.tsv	predecessor_phase4_fresh_concordance_input
pair	gencode_v49_representative_lncRNA_v1	2284	grch38_chr21_chr22_tss_medium_v1	598	ENST00000768240.1	ENST00000443721.2	b6f0fce4bcc1dd3ff42dd8b4292cd868f104edceee6045cc2e99572c5f9bc998	732c9093f01fcef6bd3fce77c9e54038b841c2ff59091f45ca05ee029d786ca4	0:2138	42412013:44412014	GRCh38	GRCh38_0_based_half_open	1664709f449fd1cfdacbfc1259b6549a8bdf3ff2fa8aaa285a24aa7678719128	paper/biological_topk/fresh_holdout_manifest.tsv	predecessor_phase4_fresh_concordance_input
pair	gencode_v49_representative_lncRNA_v1	858	grch38_chr21_chr22_tss_large_v1	97	ENST00000434635.1	ENST00000381151.5	68dd1406295cf0c48c8233ff9a9daaa735eb6072a912e454cb4613653eea1696	5a1afdfef2e6a0a8b1e300db8455e52f12d2999c811942275e91fd2ad86e5b95	0:2362	29073577:39073578	GRCh38	GRCh38_0_based_half_open	e6022dcf62825a9e3064272de4ef4d940147c263dada5c9bb8a5ed85ab952fd6	paper/biological_topk/fresh_holdout_manifest.tsv	predecessor_phase4_fresh_concordance_input
pair	gencode_v49_representative_lncRNA_v1	20055	grch38_chr21_chr22_tss_large_v1	100	ENST00000773070.1	ENST00000399292.8	8f69f5bbefaffddf8fea5e00658a4d66c1dc3b0f955f6a505d941a9a31342f74	fda3e1e2ab0d5b62b0c949f86f5e26e572a778422225d93f1d22e2468451e311	0:909	29375506:39375507	GRCh38	GRCh38_0_based_half_open	f5574009cabdee88e242af669cdc3fb770130353081f5e6088c1c81d27eaba5f	paper/biological_topk/fresh_holdout_manifest.tsv	predecessor_phase4_fresh_concordance_input
pair	gencode_v49_representative_lncRNA_v1	10828	grch38_chr21_chr22_tss_medium_v1	128	ENST00000532191.2	ENST00000380749.10	4fa33cc6c342c91c484e93e278566813dab03031f7dce4937a963268a1a47599	4fde0b4ca790af1c106ce3939fabf74bd3435f961c40ca493f6371de16c9e7e3	0:1349	38349087:40349088	GRCh38	GRCh38_0_based_half_open	6293a5815244f72ef24148863ee6828eb09e0d6e12df984e06b96367383d1095	paper/biological_topk/fresh_holdout_manifest.tsv	predecessor_phase4_fresh_concordance_input
pair	gencode_v49_representative_lncRNA_v1	11546	grch38_chr21_chr22_tss_large_v1	334	ENST00000666585.1	ENST00000398344.9	b0388756f79d8771e0cb028cd3ca94444b30b4ddab5a38e5dcd9cdc034562d4f	ee43cd1c22fe37bef1e75110db7e550129acf3b0b088af5339aad1baa5d64937	0:1466	18974440:28974441	GRCh38	GRCh38_0_based_half_open	b905d4c01e05f64d403fdd21536621b5bebcef37e2423856d078bd8876fc7668	paper/biological_topk/fresh_holdout_manifest.tsv	predecessor_phase4_fresh_concordance_input
pair	gencode_v49_representative_lncRNA_v1	135	grch38_chr21_chr22_tss_medium_v1	287	ENST00000392630.8	ENST00000440238.4	6b2e0309853396466e8709651c25230630f481d74530ac7df0fe8581afed49a8	44abb07a4d85c730d7c0f691e12f112c4b756d3c90f4deda8ba241d756da0d38	0:1881	19967254:21967255	GRCh38	GRCh38_0_based_half_open	b1e0b2602af4890f3b05f9a9aa0fea2a50b630a103011af946f9c8bef736e468	paper/biological_topk/fresh_holdout_manifest.tsv	predecessor_phase4_fresh_concordance_input
pair	gencode_v49_representative_lncRNA_v1	544	grch38_chr21_chr22_tss_short_v1	170	ENST00000765066.1	ENST00000291572.13	862c39664ce3df3f76b49b849e8db517dc653c8fb6fa30f6b21d955fb9896896	88adede73fee0a9c73e81d6552fa918cc41c0fff58d0783d2c46672b25205187	0:1089	43863174:43867271	GRCh38	GRCh38_0_based_half_open	e6787e35747d507128553bb39429513a8993a4ab2ccf94462774416bb88b2aaf	paper/biological_topk/fresh_holdout_manifest.tsv	predecessor_phase4_fresh_concordance_input
pair	gencode_v49_representative_lncRNA_v1	10486	grch38_chr21_chr22_tss_medium_v1	482	ENST00000630120.3	ENST00000215904.7	d5afc7b2530a4794fa121677f7d4b7d2931df6e85f2e65fbc53859d7d8bfce2c	94f6f4ffd2d599ae694629d7db7e2063bc9fb4aedacd010a35e07c21a732109e	0:2281	36658722:38658723	GRCh38	GRCh38_0_based_half_open	dc5a49d78af57933e0e764e5a309e5655274c203899d9378cd81353a29ddeecd	paper/biological_topk/fresh_holdout_manifest.tsv	predecessor_phase4_fresh_concordance_input
pair	gencode_v49_representative_lncRNA_v1	8102	grch38_chr21_chr22_tss_medium_v1	187	ENST00000656535.2	ENST00000400368.1	8c6f284a5727028c8ecdfa99c5828630e1dcdca3f58bdb0708d24ceafacaf44b	909b95e010531aefd47e04cd0298672c22b74a205d1ec76478b365860b693995	0:1504	43592504:45592505	GRCh38	GRCh38_0_based_half_open	a2437d69d259802d165b5a31f575816909c9f64f5881966f64c6b69a716cc92e	paper/biological_topk/fresh_holdout_manifest.tsv	predecessor_phase4_fresh_concordance_input
pair	gencode_v49_representative_lncRNA_v1	3697	grch38_chr21_chr22_tss_large_v1	366	ENST00000659795.2	ENST00000335272.10	9a018beed230303cb7b086e59cda5d8afb96b242276f302104baf3a2a1625e43	68d88f94a2af27832b78fce813b32f46ff517f289b09cb081ba86fc777c222f2	0:2210	22919255:32919256	GRCh38	GRCh38_0_based_half_open	2dbe0027498d9513c4f7999fe619f21a429a66b5ec59adb34731b31089144692	paper/biological_topk/fresh_holdout_manifest.tsv	predecessor_phase4_fresh_concordance_input
pair	gencode_v49_representative_lncRNA_v1	3803	grch38_chr21_chr22_tss_medium_v1	199	ENST00000447119.4	ENST00000345496.7	8ae544cbfdf21a77dca7b0f6a9eae84fb68880954ddea6f554bcdff7ac8e8e01	936dce8c3eabc217db56f577d4296ba8a5d02b1dfa7d1cfe9e54b78cfb25a1bf	0:732	43801819:45801820	GRCh38	GRCh38_0_based_half_open	c92e6a330f28e2ccab858df832c0dd58f97d3ce8f40245f208a820ceb92cc5bf	paper/biological_topk/fresh_holdout_manifest.tsv	predecessor_phase4_fresh_concordance_input
pair	gencode_v49_representative_lncRNA_v1	14574	grch38_chr21_chr22_tss_large_v1	535	ENST00000838485.1	ENST00000402142.4	f40698126956c85b22e05bbbf132ac1a638d172784c1eeab39e3088f17234904	248cbacf5e32bb77a0d32fa80f5d71aa2483a5e98394952ddb687dd6fb0599a5	0:1645	34570752:44570753	GRCh38	GRCh38_0_based_half_open	34163791ff791533c9873c9bff7e00d7f3a5c70abc8a9bc7995fa097e53f02e7	paper/biological_topk/fresh_holdout_manifest.tsv	predecessor_phase4_fresh_concordance_input
pair	gencode_v49_representative_lncRNA_v1	21147	grch38_chr21_chr22_tss_medium_v1	385	ENST00000784764.1	ENST00000338641.10	5a9963b4ca0dac17158dd2599ef672883158722c0fa9106f8f265130664289f8	bf0a20c93d94b027d026de5eb8bd80cc8654b3d45aef30060c31be56cf146eef	0:534	28603632:30603633	GRCh38	GRCh38_0_based_half_open	57d7efe2817ebffcbd59321ff12c9f4c134bea1292a5b45f2a2df73dcd3aceaf	paper/biological_topk/fresh_holdout_manifest.tsv	predecessor_phase4_fresh_concordance_input
pair	gencode_v49_representative_lncRNA_v1	25563	grch38_chr21_chr22_tss_medium_v1	235	ENST00000833425.1	ENST00000622694.5	1d849dca71d5fa7687d7ce0658ee4c4ac59a6e782ee73a91719eea82daf08482	9cf56f6a234d413560f24e97641822e8949c2f87430a7c60b5ec60ece9e51d27	0:593	16774468:18774469	GRCh38	GRCh38_0_based_half_open	c4bec3801b613fcdbe73ddfe6a877bb157f502c63f660e73f11c764bb6ecb4b9	paper/biological_topk/fresh_holdout_manifest.tsv	predecessor_phase4_fresh_concordance_input
pair	gencode_v49_representative_lncRNA_v1	6345	grch38_chr21_chr22_tss_short_v1	264	ENST00000543651.2	ENST00000649276.2	130c9475c8a5cebc16242eff9999765c7fb1c633e12c7a6b48ef9dcb9cfc4862	aa4641cbf17b212d1d76b3c22aa1a157c0da0b63de8b5e0ccf3d7dc83126f608	0:1647	19758729:19762826	GRCh38	GRCh38_0_based_half_open	02051a9d8c0ebd6c392142094caf2eff46946ba07b761b4073f6705c6a9d724c	paper/biological_topk/fresh_holdout_manifest.tsv	predecessor_phase4_fresh_concordance_input
pair	gencode_v49_representative_lncRNA_v1	17932	grch38_chr21_chr22_tss_medium_v1	98	ENST00000749843.1	ENST00000399312.3	0c89c3d641315e71d791513e800526dc458be1bbfc87182a477df4a4a7c971dc	ea943d1a3dc13bd72d5c28d23bcb85196a33f34c507b029428cbb5508e95cf01	0:537	33073577:35073578	GRCh38	GRCh38_0_based_half_open	f5cb29113d4250d49144a7db20b9fbaa95456a4206be11b7e4dfb83b16d4cf70	paper/biological_topk/fresh_holdout_manifest.tsv	predecessor_phase4_fresh_concordance_input
pair	gencode_v49_representative_lncRNA_v1	17040	grch38_chr21_chr22_tss_medium_v1	120	ENST00000738820.1	ENST00000309117.11	1965e758552ad161b7a2af0ab2ddccd9c0f7267cba1dc42e1fb51664b748d2af	b568d552d39a9b447fd471f87fd5835228132a895180fbaa573d1928306a141e	0:1249	36267333:38267334	GRCh38	GRCh38_0_based_half_open	f81b1d8960e2a845056a3a4cf5ec056d38cdd483c80f3b7b6a4ab86048a2a195	paper/biological_topk/fresh_holdout_manifest.tsv	predecessor_phase4_fresh_concordance_input
pair	gencode_v49_representative_lncRNA_v1	11597	grch38_chr21_chr22_tss_short_v1	402	ENST00000662475.1	ENST00000266263.10	af73c79a491d0efe49224d7401b6b2666c487676807964ea03e892e7d4fdaf7c	a7fa50c71d5a659f0efe4726d6dcea5dd6e65b505d48188c8d12b0f522f33705	0:1785	30423719:30427816	GRCh38	GRCh38_0_based_half_open	940de5c7de64f713f50a7a816747fb09b62947e9b7fa4636cee23ee4da75bc64	paper/biological_topk/fresh_holdout_manifest.tsv	predecessor_phase4_fresh_concordance_input
pair	gencode_v49_representative_lncRNA_v1	25166	grch38_chr21_chr22_tss_medium_v1	207	ENST00000828970.1	ENST00000311124.9	81345518ffdf4a94bc5dcfe3d509901f019a529d6765ee3d3602dbeaafc2f891	976302b1817f11710e848109c38dfe8be29f9fd15126f81912c7a300201647c8	0:586	44542439:46542440	GRCh38	GRCh38_0_based_half_open	f5c8ae3e696c652f037d1c60fe9ec68d7091f46a22f7e2f07f09dd39b868ec9a	paper/biological_topk/fresh_holdout_manifest.tsv	predecessor_phase4_fresh_concordance_input
pair	gencode_v49_representative_lncRNA_v1	14601	grch38_chr21_chr22_tss_short_v1	436	ENST00000436899.5	ENST00000300399.9	c0eddc51bf7a1d272d4cb12890d947a873ba70d45ba7aa61bff7933060bf8687	af62ee1f6f31bc9a1e861ff9c50457dd0e5f4153b432746314f4a64ff010d6aa	0:727	32462397:32466494	GRCh38	GRCh38_0_based_half_open	5e40a81a871734e24727c678bff86aad7776c8ea27c0d3a68d9e93e6a812d31a	paper/biological_topk/fresh_holdout_manifest.tsv	predecessor_phase4_fresh_concordance_input
pair	gencode_v49_representative_lncRNA_v1	6298	grch38_chr21_chr22_tss_large_v1	131	ENST00000535242.2	ENST00000288350.8	72e12567e6b3608d820bae2cf310aa1f94eebf4ab248204c88e30713624e07f6	3161f161e3b8c1293d772775cb4df29e455bee51d10f279774d3fe303abf9a35	0:907	34445777:44445778	GRCh38	GRCh38_0_based_half_open	1a694b98aef717580307b196b4902313bc8e8b3d858ed72c55fc0b8d92909a71	paper/biological_topk/fresh_holdout_manifest.tsv	predecessor_phase4_fresh_concordance_input
pair	gencode_v49_representative_lncRNA_v1	5389	grch38_chr21_chr22_tss_medium_v1	154	ENST00000757708.1	ENST00000352133.3	ba513a285c88fbea7edf312eae55e1161ef4572f903b8aef27bb96c3199f850e	ea4524c8ca33052c1413ac318dbc716a3ea71dd40863578c2a1287a5d95b8626	0:702	41513851:43513852	GRCh38	GRCh38_0_based_half_open	50f7ef017a870a4c9d9521b49db645a37f0ecc16266fca0ba3bfc30f68f6be9f	paper/biological_topk/fresh_holdout_manifest.tsv	predecessor_phase4_fresh_concordance_input
pair	gencode_v49_representative_lncRNA_v1	4045	grch38_chr21_chr22_tss_medium_v1	600	ENST00000497285.2	ENST00000330884.9	dee726f38ac4950d23b11311c5410bf095dcda051107ad1748de0d8a7915c2ab	25250e7f5732101e03e4ac0cd01a44c70378d123fe3d2c4e23df4ca6dd375738	0:1125	42862512:44862513	GRCh38	GRCh38_0_based_half_open	4454409c2d5edebcee147b6f792bbd6a8e0170a8773ee8ad0236baaed391b770	paper/biological_topk/fresh_holdout_manifest.tsv	predecessor_phase4_fresh_concordance_input
pair	gencode_v49_representative_lncRNA_v1	21035	grch38_chr21_chr22_tss_medium_v1	398	ENST00000783293.1	ENST00000338306.8	2b9c37543109bcb33d7441fe3868ee435511cb1a1b3709ddb3aff65abf7656f1	55131239ed80a385cc639a56f67ef81d305b2d6788e9cfe9afd2f6786c178def	0:514	29357006:31357007	GRCh38	GRCh38_0_based_half_open	0e2b25dd66e136c5a7928eaa038ff26e4709c8477de1902b1e20dafb26c403d6	paper/biological_topk/fresh_holdout_manifest.tsv	predecessor_phase4_fresh_concordance_input
pair	gencode_v49_representative_lncRNA_v1	7914	grch38_chr21_chr22_tss_medium_v1	574	ENST00000563315.2	ENST00000328823.13	5652c7f53c3092e1ef0aad7d2514d3e776cbccc9ed95a0a5bcdfb1977e7759dd	606baf8f05bc14964b98f043346bff62273465904fe9f342afd97790fbd4cde8	0:2296	40998787:42998788	GRCh38	GRCh38_0_based_half_open	17b9a16bcaf18889d126b573792f7d5342dc755faf9bc040b866c9daa81a68a8	paper/biological_topk/fresh_holdout_manifest.tsv	predecessor_phase4_fresh_concordance_input
pair	gencode_v49_representative_lncRNA_v1	4918	grch38_chr21_chr22_tss_short_v1	515	ENST00000446720.3	ENST00000333039.4	1b52b632d7f5a6b5b9ee4b1526a19e09e3ab83ec25e6f488e98599a5c8ffaf32	1e63570408201fa14bca9e1a8411c56242d11d8a779e4025e5c7787ee466ac53	0:1561	38841979:38846076	GRCh38	GRCh38_0_based_half_open	fe8b018a97525d4fbf48bfbdd612bbb4487dc98ce8b70164d08545bb7fad1323	paper/biological_topk/fresh_holdout_manifest.tsv	predecessor_phase4_fresh_concordance_input
pair	gencode_v49_representative_lncRNA_v1	16367	grch38_chr21_chr22_tss_short_v1	268	ENST00000730518.1	ENST00000400521.7	8e05af458f5bc158385c075ca5be12aff8d2485e3ad39fbcd294241ca6d4f247	91a39a312a0d111c79142d20d4381cd1e252895e6867207692eb28e549bc3a57	0:1217	19939769:19943866	GRCh38	GRCh38_0_based_half_open	9b85645db2f1f653f8216a6bee21a9313a14b8c2a5cfe208cd56ebd9bb57b8be	paper/biological_topk/fresh_holdout_manifest.tsv	predecessor_phase4_fresh_concordance_input
pair	gencode_v49_representative_lncRNA_v1	983	grch38_chr21_chr22_tss_medium_v1	144	ENST00000664532.1	ENST00000380486.4	e7faa368e11169ee0094603e9c3e46dfe196c9f2b66fd2b7dfa74530e060849c	3e5c0c019c84ddd11ec032c199cde6063027575c22caaa1a4024bc32e088b96d	0:2178	40954017:42954018	GRCh38	GRCh38_0_based_half_open	986dcdbb26303564201523ebf261321580fa7378bedc7feb6689c9ffc9db7fa3	paper/biological_topk/fresh_holdout_manifest.tsv	predecessor_phase4_fresh_concordance_input
pair	gencode_v49_representative_lncRNA_v1	9557	grch38_chr21_chr22_tss_large_v1	45	ENST00000609787.1	ENST00000334063.6	657f0db010efdbc8196436fd91c7b657b1ba84d99814ba81fefa3d587e65627f	02fa1b44dfe90e7f1c598767f0d4ebaf0ead20ad0a41df8db3aca20730b915fd	0:534	25492012:35492013	GRCh38	GRCh38_0_based_half_open	dbb09dc3acc1ad2d7c1d2dc8f75e28f5dd22c5979bf4b80fcd9bf32124440dde	paper/biological_topk/fresh_holdout_manifest.tsv	predecessor_phase4_fresh_concordance_input
pair	gencode_v49_representative_lncRNA_v1	4217	grch38_chr21_chr22_tss_large_v1	136	ENST00000480639.6	ENST00000400454.6	4572bca7355f86a44a10c06885894e17b3c9482c1f2dfbad6f7d777b0e096c2f	dd3628bb5d8fc12f0ff14437d28e12781fdff122b3749c41ab5450f4eec46e91	0:2730	35847157:45847158	GRCh38	GRCh38_0_based_half_open	c466a3186b1f0344cbc119ddd4ce8db9bec47ec8f1a85eee8d0f5c5777add361	paper/biological_topk/fresh_holdout_manifest.tsv	predecessor_phase4_fresh_concordance_input
pair	gencode_v49_representative_lncRNA_v1	19236	grch38_chr21_chr22_tss_short_v1	118	ENST00000764340.1	ENST00000360525.9	19da0c47c2d64dcca369dc83b7cdf6a2e204b6a1ad949e01914502c2f0450484	c40c8f77b74b6359e31545b5a6efaef68a3ccbfe3a73eedf7ff703330e4cbd88	0:692	37071022:37075119	GRCh38	GRCh38_0_based_half_open	cb3fbd34b8a596e8083559d76dfa8ca10eb3a63f58ead4410412f448fe03adf9	paper/biological_topk/fresh_holdout_manifest.tsv	predecessor_phase4_fresh_concordance_input
pair	gencode_v49_representative_lncRNA_v1	21775	grch38_chr21_chr22_tss_large_v1	325	ENST00000791163.1	ENST00000484558.3	d322fe6ea31a123600aca4429070c0bf3b0e250c0a19aa3ef0179bbdf456e056	ac43ebdee2a4df7805bf6cc5e14d9a2d700a486c924c0c688c03009e0a106d70	0:1706	18767971:28767972	GRCh38	GRCh38_0_based_half_open	a49729092df0b3fbea16ea2380f351d550756e406fe49e2c34b3bdb07b494693	paper/biological_topk/fresh_holdout_manifest.tsv	predecessor_phase4_fresh_concordance_input
pair	gencode_v49_representative_lncRNA_v1	26468	grch38_chr21_chr22_tss_short_v1	201	ENST00000842240.1	ENST00000330938.8	816b19c43613e760ce459baf8a9ff1757df1ec1716bd0d1cefbd3b28ac71dc57	c3e718e67b61e54530d1b2dcc2d775b6cb462794a32f4798c9dda5145c0304ea	0:655	44871641:44875738	GRCh38	GRCh38_0_based_half_open	17d4730d2fa42f0958760869009303ae97187513121fa017041a79e2c39af6b4	paper/biological_topk/fresh_holdout_manifest.tsv	predecessor_phase4_fresh_concordance_input
pair	gencode_v49_representative_lncRNA_v1	7571	grch38_chr21_chr22_tss_short_v1	222	ENST00000562065.1	ENST00000643195.1	696c88069ff1ea7ac522e6ee519ae5166e7b7749ebfaa3c77d55b1f771079920	d2c2cf2af5b34c3ca2360b8e5f4313ac43363e302d3ab7e81afcc7fa4f8aba8d	0:721	15526143:15530240	GRCh38	GRCh38_0_based_half_open	5a74e46c32374f7355db5552fd71b8f02e38029211dada1be5c68a94b6151d4b	paper/biological_topk/fresh_holdout_manifest.tsv	predecessor_phase4_fresh_concordance_input
pair	gencode_v49_representative_lncRNA_v1	22481	grch38_chr21_chr22_tss_large_v1	272	ENST00000798826.1	ENST00000430524.6	d4bbad06034e219288523e5755222a7c707b0734d55aa67226c5f9172a798893	5ad360a6002744ab75ebbe07773c2659f4a7aa0c53f0e9e6ffa769476a5d96e5	0:577	15116103:25116104	GRCh38	GRCh38_0_based_half_open	2a03468a6bb4f48546cec8fd05cb730be0192e5f5c213f633c71aba78b073cd0	paper/biological_topk/fresh_holdout_manifest.tsv	predecessor_phase4_fresh_concordance_input
pair	gencode_v49_representative_lncRNA_v1	24585	grch38_chr21_chr22_tss_short_v1	204	ENST00000822258.1	ENST00000348831.9	d31fbb18c3e5437f4f2a133405609f80832bb2643a3c33658c0bf055dad36d34	5591a3d0b584f89b03ef8102407521eae55a5f6e87dfc51bc301f19729018938	0:1811	45072531:45076628	GRCh38	GRCh38_0_based_half_open	5a8f55b9c09f4cafaf9087b5e8f6e159bacb3715310e8d4666abc0a47143d9da	paper/biological_topk/fresh_holdout_manifest.tsv	predecessor_phase4_fresh_concordance_input
pair	gencode_v49_representative_lncRNA_v1	2231	grch38_chr21_chr22_tss_medium_v1	71	ENST00000652013.2	ENST00000303645.10	87dda1eca6eb94f38fdf4ed2d0f4f20e8377c9ed6c637904fb1fc34bafe02861	54978f92f0ad76c2927b0ad66c9c8bc36060e5bc9b042d821fbc816e8e4b2b15	0:2426	31298854:33298855	GRCh38	GRCh38_0_based_half_open	af464a0e7f7f0a1f060f56af17f543c0a2d8863e719db9087ce85542e538b688	paper/biological_topk/fresh_holdout_manifest.tsv	predecessor_phase4_fresh_concordance_input
pair	gencode_v49_representative_lncRNA_v1	2361	grch38_chr21_chr22_tss_medium_v1	89	ENST00000451622.2	ENST00000381815.9	412ab8865e0c82a9e16e303a87e2b85d31907c35ebc3081d367c51997f2a6a5d	8a351d4c15cfe596454b3753388354edd46951385ca248b69d113934767bb3df	0:1185	32542116:34542117	GRCh38	GRCh38_0_based_half_open	a3df5405aa3111682e587839380f24537842adbfb7d5abd9afd5e810cb80c456	paper/biological_topk/fresh_holdout_manifest.tsv	predecessor_phase4_fresh_concordance_input
pair	gencode_v49_representative_lncRNA_v1	15817	grch38_chr21_chr22_tss_large_v1	138	ENST00000725798.1	ENST00000357985.7	7d55028a7ec15584d6daf0d6993b8ec2f5c3c697e543d1bee2599a5ce7f5e07b	da51802cad4f99dbc3d00ba1ea0d59cdf4551320b874e7f4bb13628ce03ea501	0:1936	36316800:46316801	GRCh38	GRCh38_0_based_half_open	906289701561ff6d7ee3b62f156cc009d5d2f9d941b63cc20c73acfc196b0b9a	paper/biological_topk/fresh_holdout_manifest.tsv	predecessor_phase4_fresh_concordance_input
pair	gencode_v49_representative_lncRNA_v1	12423	grch38_chr21_chr22_tss_short_v1	119	ENST00000768396.1	ENST00000418766.6	697cf7bcee3726767692758ef91e74e15a9bec72ed53584db658f76f1e7fac4e	6eb0e2e28110401c3743b2e4acbdddedc6e14738ebd20c43e63fed1d1d226228	0:996	37071205:37075302	GRCh38	GRCh38_0_based_half_open	4ae6a3b0d277fc466e672d3ba7231f62469c2924c10e81aa20f48341112450bc	paper/biological_topk/fresh_holdout_manifest.tsv	predecessor_phase4_fresh_concordance_input
pair	gencode_v49_representative_lncRNA_v1	9892	grch38_chr21_chr22_tss_large_v1	141	ENST00000621752.2	ENST00000332149.10	6c5129bfa75ec9c6c49ef22ffd80d7a23c1bbb78d2f4d0f1e5033d08fd32be29	b0f6c55d6e609cea5ea8b6dde884fae0116c962de40d9a19aa8607ab1fca0314	0:533	36508157:46508158	GRCh38	GRCh38_0_based_half_open	97c5bc0054f61d552f9dd3f478d2e32bed486eaeb44a50c347c9ba2430a0d97e	paper/biological_topk/fresh_holdout_manifest.tsv	predecessor_phase4_fresh_concordance_input
pair	gencode_v49_representative_lncRNA_v1	11055	grch38_chr21_chr22_tss_short_v1	134	ENST00000736438.1	ENST00000380588.5	8dfa68ffe43415072ac0fae5f049310e78322158bc56cf4864a1716bdc76c301	c497dabca76a61876a3e0764f86c6321218f2b417db86d7630732fde9a88c1b1	0:734	39743134:39747231	GRCh38	GRCh38_0_based_half_open	9de419a9febcb306938ae90cf4ebc44bca8c89d2c789345eb154b7dba7c24f50	paper/biological_topk/fresh_holdout_manifest.tsv	predecessor_phase4_fresh_concordance_input
pair	gencode_v49_representative_lncRNA_v1	5930	grch38_chr21_chr22_tss_large_v1	621	ENST00000742753.1	ENST00000407236.6	c6100bd7d0c54e33c623058d8a7d8cbdbf965f25bd807eee3c117c133cadead1	98a6ad2dc093b6a1defa0dc24b90126b9bc322f6ce50cec3dcb97ef0f2aae731	0:1159	40818467:50818468	GRCh38	GRCh38_0_based_half_open	8494936088bd88e58b1045f0947c75aadc817a5a9eda9da240cb7b6414c7b7dd	paper/biological_topk/fresh_holdout_manifest.tsv	predecessor_phase4_fresh_concordance_input
pair	gencode_v49_representative_lncRNA_v1	17777	grch38_chr21_chr22_tss_short_v1	591	ENST00000747918.1	ENST00000263246.8	f9d8c0c3dffafc78e627e45e886bb0695ead1b20b02d422f301f3adb6a4ce01e	ce31c928fe2c70b7d70b8b09b900fe94a36c5b65da6dc058c5c6a6d6d32de371	0:739	43013100:43017197	GRCh38	GRCh38_0_based_half_open	04631ac6e84fe1b94094eeb0943dab792abed74db3533ec0b878a51917eeaeed	paper/biological_topk/fresh_holdout_manifest.tsv	predecessor_phase4_fresh_concordance_input
pair	gencode_v49_representative_lncRNA_v1	2933	grch38_chr21_chr22_tss_large_v1	185	ENST00000756051.1	ENST00000400374.4	20041550122161076bb4c02bc9f9ef16d7a7f7404884f53b95ef8e07a8e2e315	7dfb9ea0db3cb7359c20edd952f6f096211ff62e3290fecefe140fbbe9092a2e	0:828	36709982:46709983	GRCh38	GRCh38_0_based_half_open	373dbfe8f4f91b5c43894a5dbf3544bc5c97686d5e24de5350173363d24dfe3e	paper/biological_topk/fresh_holdout_manifest.tsv	predecessor_phase4_fresh_concordance_input
pair	gencode_v49_representative_lncRNA_v1	13656	grch38_chr21_chr22_tss_medium_v1	162	ENST00000732184.1	ENST00000291554.6	5f1043ea33115d16ce29352462ac3a460b6591b36c84794dd05e2b40c5cc1a8b	b2b0fd3e5bdfd79503b95108a23681e161b4762463e19857396f9862c5f62370	0:628	42169007:44169008	GRCh38	GRCh38_0_based_half_open	95f3cc55e10df88f35480374e1f2e047b236e083dbb58d72744e6a5a8cf20896	paper/biological_topk/fresh_holdout_manifest.tsv	predecessor_phase4_fresh_concordance_input
pair	gencode_v49_representative_lncRNA_v1	5856	grch38_chr21_chr22_tss_large_v1	129	ENST00000772403.1	ENST00000649170.1	e6b4df4069f1cf7eedd87be5c93b62a1b86c3aebb148c6f2360c62890198d370	26ee3b3a31b75529486e9c988f6a9b5f985606775a23c3358cfe063deeb4c64c	0:1610	34380325:44380326	GRCh38	GRCh38_0_based_half_open	9d965b85f1a5f7f1b823e979f186e55b7abe73f67ca2794259c92ed4229f03f2	paper/biological_topk/fresh_holdout_manifest.tsv	predecessor_phase4_fresh_concordance_input
pair	gencode_v49_representative_lncRNA_v1	26949	grch38_chr21_chr22_tss_large_v1	137	ENST00000848636.1	ENST00000330333.11	ea6fad08a83ce582cd66e17874b5031f3666578cc8d08b0b54455180e1815c2f	192d3c8c5a9b7e797d148c91a0716e0d1d53f4006d67c90c3390d6fbebc03dc1	0:834	36168159:46168160	GRCh38	GRCh38_0_based_half_open	45c3016f55a7999c4b84d8184a11f5a01d5b55ee3906b7443ca2e4bf8db16819	paper/biological_topk/fresh_holdout_manifest.tsv	predecessor_phase4_fresh_concordance_input
pair	gencode_v49_representative_lncRNA_v1	9346	grch38_chr21_chr22_tss_short_v1	137	ENST00000606566.1	ENST00000330333.11	98b60cb72bbed5328ce4c08016154bdcdb31397ef427566c28ed2b25e8f4f96a	08d991900dec79592bec24fad7f4ded0b3113f45380945967464dbcff83a8cfa	0:541	41166111:41170208	GRCh38	GRCh38_0_based_half_open	eb152b53cecfdda2581f3b7caecfe90043fc0aaa9672e3ba3e5f796504822592	paper/biological_topk/fresh_holdout_manifest.tsv	predecessor_phase4_fresh_concordance_input
pair	gencode_v49_representative_lncRNA_v1	22794	grch38_chr21_chr22_tss_medium_v1	185	ENST00000803535.1	ENST00000400374.4	99c31a48f3bf0648fa73fb6054c48efe645d2f678233d061ff995cc6a58e7060	e213158b35038194962a4ec41d156979a74ac8b781c22085b30438b390d82322	0:1349	43573728:45573729	GRCh38	GRCh38_0_based_half_open	3ff02de4709c8143e0bf1ac1f38e12a57300e7226d671ee1b1f925af6af20c1b	paper/biological_topk/fresh_holdout_manifest.tsv	predecessor_phase4_fresh_concordance_input
pair	gencode_v49_representative_lncRNA_v1	2480	grch38_chr21_chr22_tss_medium_v1	137	ENST00000757432.1	ENST00000330333.11	aa8d3fc65f59c48cb3eca1889d4933d7ff9426676f4c45abc0cd0bcf20951b38	d7aa88e53c6834260a17f74f8e50c4802d122ccef0015c5cb95d3a9315b2e8e8	0:1413	40168159:42168160	GRCh38	GRCh38_0_based_half_open	0b1971e99c4602d46008bf471c91ec1c594bcdbfe7c673489f0e43afa9586c1b	paper/biological_topk/fresh_holdout_manifest.tsv	predecessor_phase4_fresh_concordance_input
pair	gencode_v49_representative_lncRNA_v1	12633	grch38_chr21_chr22_tss_medium_v1	270	ENST00000693463.1	ENST00000327374.9	abd464613e103f05087c2a52d78cdd7a240fbf68eef8024f9137d6526690eb49	135d046c473fc77fc5e792cd4ae8c34d5461b39d0ff7313ca8667729e0e8cab6	0:1833	19021109:21021110	GRCh38	GRCh38_0_based_half_open	dffe2d65f39f21ebe89e13351af89efaf81219891a80b1f00833f0277b3f7b77	paper/biological_topk/fresh_holdout_manifest.tsv	predecessor_phase4_fresh_concordance_input
pair	gencode_v49_representative_lncRNA_v1	3122	grch38_chr21_chr22_tss_large_v1	225	ENST00000670776.1	ENST00000684488.1	848a4413d38f427a8bbf0386ba578bdd87734e62a0944f149e3fbcc5ea304ad3	a0cfb7523e6c772fbcac14fa88c0c6943294729c89950be0d1d547c51bda0161	0:1404	11825410:21825411	GRCh38	GRCh38_0_based_half_open	95e17070826b76ae2a65f5b8096982ac6a821e08d85620914934a00a3dae6ae6	paper/biological_topk/fresh_holdout_manifest.tsv	predecessor_phase4_fresh_concordance_input
pair	gencode_v49_representative_lncRNA_v1	14325	grch38_chr21_chr22_tss_large_v1	128	ENST00000284054.7	ENST00000380749.10	932b97b9dff672e0d666eaf54e6985a3e1a3fac6ca62601d0f0456b219adb2f1	5bc8a2757c9c3748575bd3094c145e4dec7ddb89229a05cf78510fe7fd6f1c19	0:2407	34349087:44349088	GRCh38	GRCh38_0_based_half_open	943bdef27ef65c78c147334bd980772a1874af6e2c702fb108c172b154879b77	paper/biological_topk/fresh_holdout_manifest.tsv	predecessor_phase4_fresh_concordance_input
pair	gencode_v49_representative_lncRNA_v1	22871	grch38_chr21_chr22_tss_large_v1	124	ENST00000804502.1	ENST00000288319.12	3227f6534bb97a0a73c3d3d6690e1d9af6a86ed6635755ace956d736398c79b5	023cd308239e85377b8db7d27f57ff275b3042fc5840cee11beb54ec0e47ea89	0:1202	33498476:43498477	GRCh38	GRCh38_0_based_half_open	0e30befad4617d38157c200727b2e7125641fca8ecd8d4c1720b0ae73de1ed58	paper/biological_topk/fresh_holdout_manifest.tsv	predecessor_phase4_fresh_concordance_input
pair	gencode_v49_representative_lncRNA_v1	20517	grch38_chr21_chr22_tss_large_v1	139	ENST00000777854.1	ENST00000330714.8	f8b3577be7af3286174fb37762245b1276b87c391347f7ecb1024dba0caef7e5	6288e7a58878dfeb7017b8575d10e6440d747ed72381c3cb0685f75555c286c6	0:1246	36362026:46362027	GRCh38	GRCh38_0_based_half_open	80455ffeb013905e8885157aae5109df64ccec783def5df6ec8309ef032e3ef4	paper/biological_topk/fresh_holdout_manifest.tsv	predecessor_phase4_fresh_concordance_input
pair	gencode_v49_representative_lncRNA_v1	6895	grch38_chr21_chr22_tss_medium_v1	148	ENST00000726478.1	ENST00000518498.3	b195e6cacc17bb6676b2ca32cb431f226715edaa16515b945ca91019b3127999	27cdab963bf4b22a4c6a98bd16522ccc4c01a87ae6158114c62f62f0ec7fc6cf	0:1091	41315408:43315409	GRCh38	GRCh38_0_based_half_open	979943a46cac57a40ad6d5df498e7935fff8d359e397fc531d5b2ef490b32815	paper/biological_topk/fresh_holdout_manifest.tsv	predecessor_phase4_fresh_concordance_input
pair	gencode_v49_representative_lncRNA_v1	24207	grch38_chr21_chr22_tss_short_v1	1	ENST00000818366.1	ENST00000618007.5	da056bc706f889e7953357aac1f565d43a644a7fd5f169dce297d0485662ee34	38c34d7e30555997bfc6ee9368c4bf6a0695fa28d14aeccd483fffb9ca4b960c	0:781	10519534:10523631	GRCh38	GRCh38_0_based_half_open	39fa269e04e2072f7c10906fd27962ea36d43af7bd8819e7ebe1d12c4f5f7893	paper/biological_topk/fresh_holdout_manifest.tsv	predecessor_phase4_fresh_concordance_input
pair	gencode_v49_representative_lncRNA_v1	8519	grch38_chr21_chr22_tss_short_v1	510	ENST00000588397.1	ENST00000216034.6	84115fbac0df5fe95db84edbdc62e2edf738aae127ccd1d16c424ba55fb14dd6	bae111e31bd67e151df915a80a308919a67e8332cabef73c7879abf3f76258e9	0:538	38679908:38684005	GRCh38	GRCh38_0_based_half_open	c7d0b5e6e56ef7c4bc2b696e2593f97a95e2fb63123ee3af153f2cd5af574f0f	paper/biological_topk/fresh_holdout_manifest.tsv	predecessor_phase4_fresh_concordance_input
pair	gencode_v49_representative_lncRNA_v1	11188	grch38_chr21_chr22_tss_short_v1	90	ENST00000767385.1	ENST00000356577.10	b48c558a244fb425eb7baa35fa8e6fc852ebcc0c63a791e6c3790c30d15b2d19	bb06fe3f3f025481c9b56a744539d2e998b9694ea5341130b3ea663707af4f31	0:1800	33540989:33545086	GRCh38	GRCh38_0_based_half_open	a695856c67b35f017b9353c28679dca557d5a0d9b8540b3a9bcc7faaa6379048	paper/biological_topk/fresh_holdout_manifest.tsv	predecessor_phase4_fresh_concordance_input
pair	gencode_v49_representative_lncRNA_v1	11179	grch38_chr21_chr22_tss_short_v1	293	ENST00000652078.1	ENST00000706202.1	5c9acdc4ff3dbec28912c3fb2cc7c3223c215b2e50d35190e0f76735a4550095	8f59be3f380d601c5901153c12f19f3c6b3003980e17e1bda6428b98f8144b6a	0:977	21030523:21034620	GRCh38	GRCh38_0_based_half_open	dbdf425812d0b3f9890fcc1f3e3d34c950625bc4407a7c180e8392abb7fe1167	paper/biological_topk/fresh_holdout_manifest.tsv	predecessor_phase4_fresh_concordance_input
pair	gencode_v49_representative_lncRNA_v1	1272	grch38_chr21_chr22_tss_short_v1	380	ENST00000450830.2	ENST00000357586.7	1462a3fe58db13c11e3a254681d752ee8dbd9b3982e5fb8f10e3893465aa9e05	7f22df9520eea342505d6935477e4f43227af051bf318d4cbadc30741f5774c2	0:849	29386521:29390618	GRCh38	GRCh38_0_based_half_open	c6e8b7d8f04a405facb5361184de68b0889bf452d558bc1d02f09ec9e342e5d8	paper/biological_topk/fresh_holdout_manifest.tsv	predecessor_phase4_fresh_concordance_input
pair	gencode_v49_representative_lncRNA_v1	2793	grch38_chr21_chr22_tss_medium_v1	192	ENST00000436642.2	ENST00000334670.9	b0f73c342d6f61c0f1ae109c6505da1bca1628b665bc0aed0d7256f00ffea6a4	3ef26724e9e78fc709f290b910ebee1f29a6667ca60408a1d04da119fdc01401	0:930	43646413:45646414	GRCh38	GRCh38_0_based_half_open	982178b1e79d58a39b965bbe6cbd192d4c4108d433c9096d0310a46371038651	paper/biological_topk/fresh_holdout_manifest.tsv	predecessor_phase4_fresh_concordance_input
pair	gencode_v49_representative_lncRNA_v1	1558	grch38_chr21_chr22_tss_large_v1	228	ENST00000422527.1	ENST00000331437.4	4497300798ee5be2b7721f36bcb8799e1bbf3c3f8a96c0292e5b3373144186d2	bec680bc6efa700672d87a73c15009b5492e6f5cfcfa47de20b438032e2d5f2b	0:555	12121359:22121360	GRCh38	GRCh38_0_based_half_open	6141e252a95f573f0d0fc205577a35952b5ad0d5bacd3ba2d27d1235ddff8886	paper/biological_topk/fresh_holdout_manifest.tsv	predecessor_phase4_fresh_concordance_input
pair	gencode_v49_representative_lncRNA_v1	20876	grch38_chr21_chr22_tss_large_v1	232	ENST00000781801.1	ENST00000327451.11	37a0cab6c24ca818675e68971577cd1ff8594c33a3d567b39e8b83d73575ba16	61f890242ae6161142d0daf96edec5a16ea73e876da3a6c0e203ed6c060e5d77	0:797	12563497:22563498	GRCh38	GRCh38_0_based_half_open	8c466f40ce9c5fcd77c8b7d4a63a01575a4de7f1e99e737059386dd016281b58	paper/biological_topk/fresh_holdout_manifest.tsv	predecessor_phase4_fresh_concordance_input
pair	gencode_v49_representative_lncRNA_v1	5897	grch38_chr21_chr22_tss_large_v1	409	ENST00000533437.1	ENST00000343605.5	e4da1b268ba4a42e105025c6baf4317e500c1c864c3da1a940651b6d1680d5e6	23b384d7e54f3cc89b8c0d47fadfefec1e59f08f9d5f71f98a35bfb15032448f	0:538	25635780:35635781	GRCh38	GRCh38_0_based_half_open	1ccd4c5b3b984092dcecc6b90339ae6aca7cee961000cd3538a56f3e32540147	paper/biological_topk/fresh_holdout_manifest.tsv	predecessor_phase4_fresh_concordance_input
pair	gencode_v49_representative_lncRNA_v1	20070	grch38_chr21_chr22_tss_medium_v1	173	ENST00000773201.1	ENST00000291576.12	68149ca56e04854e545c967c58b382d5d63a36118ffcfdea6c4e844e87597167	cddb339ae00f0cf7e11f8bd93fc0c5f0756cfe6605e92d4b8a69d0aaf76d14d7	0:563	43107398:45107399	GRCh38	GRCh38_0_based_half_open	6106206b8c35c726f11949d2ababaa78d9163b1f9af444c6d196c7379479783f	paper/biological_topk/fresh_holdout_manifest.tsv	predecessor_phase4_fresh_concordance_input
pair	gencode_v49_representative_lncRNA_v1	21194	grch38_chr21_chr22_tss_medium_v1	116	ENST00000785089.1	ENST00000674895.3	aabbeb6391714f6d747729363415ba60e6ebb258a6a384ecaa036df83a3c1ae8	750ccf38f9c818a87c73b1c9a200d4f1eb03c7ec1536bc5cf6286a5ea9ae7748	0:1686	35966668:37966669	GRCh38	GRCh38_0_based_half_open	cbbd40bfc88ca9a963b1b3aa387c33bd0b077f314f6cecff62be9a16ddce54b7	paper/biological_topk/fresh_holdout_manifest.tsv	predecessor_phase4_fresh_concordance_input
pair	gencode_v49_representative_lncRNA_v1	19734	grch38_chr21_chr22_tss_medium_v1	454	ENST00000770027.1	ENST00000397278.8	88201d1e102a96336a793896e39e7301af743583e57c3dab1b2b288600a5f1ae	f47014565338969170e6e570c8b225bd3e935ae2379c5b6407872d094284120e	0:576	35253132:37253133	GRCh38	GRCh38_0_based_half_open	0c4370ee53e9f2deb0ecab31d046d7f9a2be5e42499f74073d27da0e7b3c545f	paper/biological_topk/fresh_holdout_manifest.tsv	predecessor_phase4_fresh_concordance_input
pair	gencode_v49_representative_lncRNA_v1	22856	grch38_chr21_chr22_tss_medium_v1	141	ENST00000804376.1	ENST00000332149.10	5905386617997d9ec276be2ce859a258eed378b8e48d0f34d24b1cc3ed3b75ef	8aa2cd74dda4fc0d9efdf0cfcb061d5f5c2d255d2ff3b8186e8e99ef8d7814a0	0:587	40508157:42508158	GRCh38	GRCh38_0_based_half_open	72fd60fc0a570f443d9952730fe11ff4fbc7b4a43b3aa53e83e81da60fa3c39e	paper/biological_topk/fresh_holdout_manifest.tsv	predecessor_phase4_fresh_concordance_input
pair	gencode_v49_representative_lncRNA_v1	7334	grch38_chr21_chr22_tss_short_v1	368	ENST00000561845.1	ENST00000404276.6	a00f806aae0b2761b234c828933420d0120b7d1b26e5e72cc1b02ab6a9213894	fac965ce495f9202d7f71e8dc5e94901f3940523f06c1765bb2d8360771cc325	0:705	28739771:28743868	GRCh38	GRCh38_0_based_half_open	4d8e12ced8f6e19f2e9964c9cdc556fdedb430cf3202e2e0a07d500631631b3b	paper/biological_topk/fresh_holdout_manifest.tsv	predecessor_phase4_fresh_concordance_input
pair	gencode_v49_representative_lncRNA_v1	24057	grch38_chr21_chr22_tss_medium_v1	558	ENST00000816271.1	ENST00000216252.4	47f0c1be636535d4eb063c6dffd25c4a6aa8f2cb677ac659e43e3284a54da144	6210937af280eb76b1ba85a21be108e9d317091a22ae2f5c176d357fc18173f7	0:1010	40468691:42468692	GRCh38	GRCh38_0_based_half_open	b30330177ea945bef7b0d1776db3ca6ac298b2da811ec540bc6e7fdb2e75f1a5	paper/biological_topk/fresh_holdout_manifest.tsv	predecessor_phase4_fresh_concordance_input
pair	gencode_v49_representative_lncRNA_v1	25530	grch38_chr21_chr22_tss_medium_v1	225	ENST00000833073.1	ENST00000684488.1	a230e27ee824826c3cc13f691a2e786855a532ac71a62ca5bb7aae5d6fd1676b	2501a74fa28ef5304e479fc6e8a4a13d25ab8e8cf820d54956fe717cc21de815	0:1043	15825410:17825411	GRCh38	GRCh38_0_based_half_open	ddbaf26b38e5c6cfb79e128ec7510467fd3c5b75b375f11a00cd1416bea1bd2b	paper/biological_topk/fresh_holdout_manifest.tsv	predecessor_phase4_fresh_concordance_input
pair	gencode_v49_representative_lncRNA_v1	2917	grch38_chr21_chr22_tss_short_v1	459	ENST00000425405.1	ENST00000300105.7	4c6ef51268a6dbba570b2e17ecbc1b71eaa6b3b1bdb0c1f66147565c75b4dc67	28f02470a450c09436757e4f647bfc9476a1c4ee47feeaa04538acc833429f8d	0:632	36701703:36705800	GRCh38	GRCh38_0_based_half_open	096dedc9ba866f3c94ae8bc4bf04af158fa42e6d8ac3ca62550f553daf84a367	paper/biological_topk/fresh_holdout_manifest.tsv	predecessor_phase4_fresh_concordance_input
pair	gencode_v49_representative_lncRNA_v1	11433	grch38_chr21_chr22_tss_medium_v1	138	ENST00000848654.1	ENST00000357985.7	85705271c42b1ab63acdc515c4192431c279dd03fd641acd6f65290ca522c9cb	b3445d174c40fb7aaf0e307eb1df92d4e878bb99639d42891f3b9651f97a2720	0:1679	40316800:42316801	GRCh38	GRCh38_0_based_half_open	0faa43dd83b62267cdf6f06d4b8a13734e08658d9b79b75a0de2edeb07228f82	paper/biological_topk/fresh_holdout_manifest.tsv	predecessor_phase4_fresh_concordance_input
pair	gencode_v49_representative_lncRNA_v1	6264	grch38_chr21_chr22_tss_short_v1	410	ENST00000534988.2	ENST00000334679.4	b5a43b562e603c49cceebcd3162242a13f5031d339b230e2c86c205b26239b86	4935e4f13ee2302db2dbc207757f927d1dbe2bce5ff9ed36661b6c8a49533fdc	0:1069	30665826:30669923	GRCh38	GRCh38_0_based_half_open	4ddda8a36c0c792fbe1dc47d1ed10cac3a793549bc4f832c9405fecd3e92f478	paper/biological_topk/fresh_holdout_manifest.tsv	predecessor_phase4_fresh_concordance_input
pair	gencode_v49_representative_lncRNA_v1	21446	grch38_chr21_chr22_tss_short_v1	554	ENST00000787912.1	ENST00000356244.8	1a7a3ef11b782d282ad52754ccce2c1e9a58924d6555cb673abddfe7a49b2be8	678faf4088c80f336210eaf8b77c34d50c6e7f7989959ea21a87b506550ba83e	0:1059	41284138:41288235	GRCh38	GRCh38_0_based_half_open	374749ade4b00fb1c2a380b5d1ab0e73f1b735e8aa086b405aacf57c09da8224	paper/biological_topk/fresh_holdout_manifest.tsv	predecessor_phase4_fresh_concordance_input
pair	gencode_v49_representative_lncRNA_v1	27	grch38_chr21_chr22_tss_large_v1	258	ENST00000661331.1	ENST00000263202.15	870cfe5b9f3d573b000d670f90269e362f3baad011a5640229dd3904531e0333	49fa1dc0b72cf3d8a790f484d5234287ebde1404d27949a636c728101925add2	0:1811	14479192:24479193	GRCh38	GRCh38_0_based_half_open	3bb59e9bf6009a3c0a09a9def5d6413fc7c5ec72611f69bf58a9e48f25cf0e15	paper/biological_topk/fresh_holdout_manifest.tsv	predecessor_phase4_fresh_concordance_input
pair	gencode_v49_representative_lncRNA_v1	13485	grch38_chr21_chr22_tss_short_v1	92	ENST00000841045.1	ENST00000381554.8	8c43786068c4bd4cb9f627d46a5717e70fd5febd6b708db5d4b4e4afffd5acf3	5789460e7a1d87acdde03483464a132e51c385c20f855b1de2ea7d887b4eb0e2	0:1741	33639692:33643789	GRCh38	GRCh38_0_based_half_open	2b8288af682f824aec3675e592a364e1fc0a0c4372a2d97d4d7ad9bb17da5f64	paper/biological_topk/fresh_holdout_manifest.tsv	predecessor_phase4_fresh_concordance_input
pair	gencode_v49_representative_lncRNA_v1	23862	grch38_chr21_chr22_tss_large_v1	292	ENST00000814166.1	ENST00000382932.3	c5356582730c2a4cf0f656afd984cbe99f2d2282723c585a8dadf1eb3301190a	2836b37b606d8f189868b821bc44221e312351c0004bd3437749725d6919647d	0:588	16032560:26032561	GRCh38	GRCh38_0_based_half_open	4df45d4bfdb0463e9068e1db8f2286d948c144202a77cbab2bafae76ea6b4729	paper/biological_topk/fresh_holdout_manifest.tsv	predecessor_phase4_fresh_concordance_input
pair	gencode_v49_representative_lncRNA_v1	7496	grch38_chr21_chr22_tss_large_v1	127	ENST00000562919.1	ENST00000342449.8	a10c703d0f7217b3a6c5ee284d94bdcbe95d4fa0186f3cf5d79f708d98ed0e34	fc154439d66758356997c36620a2a929adc911ca012c97868712fc48d63d4973	0:2036	34313631:44313632	GRCh38	GRCh38_0_based_half_open	3d43912a3efe24c28dcf29849e3ba06a0535db1a2d0b03c98c59d385dedc092d	paper/biological_topk/fresh_holdout_manifest.tsv	predecessor_phase4_fresh_concordance_input
pair	gencode_v49_representative_lncRNA_v1	4491	grch38_chr21_chr22_tss_medium_v1	457	ENST00000501916.1	ENST00000397224.9	c19623a7127d301519f8a317c33d0d6fd2ad194f33f79f3606d4118d3d061e4f	adb36c74cc321d48dfc427aead787df8c3bf0e714118af48ed2308c0d3ec0374	0:1806	35507039:37507040	GRCh38	GRCh38_0_based_half_open	cc5c05cf0ddebd3e5f313797ce14cb0c8b4930c379f5b1c4e0da3567fd75c1aa	paper/biological_topk/fresh_holdout_manifest.tsv	predecessor_phase4_fresh_concordance_input
pair	gencode_v49_representative_lncRNA_v1	5170	grch38_chr21_chr22_tss_medium_v1	230	ENST00000680292.2	ENST00000399837.8	47fbabc86114a03eb7713cec56dd843ba457f5e89aa04aa0843e0555203635ca	879fa8350d1e439bb4ded5f7c756fe18a5decacfd71e6a1350aad3f9d7a1c0a4	0:692	16219434:18219435	GRCh38	GRCh38_0_based_half_open	cadcda660eea4926cc09c0cbc7470493a262c872eee2235da3d45512ec0a33f2	paper/biological_topk/fresh_holdout_manifest.tsv	predecessor_phase4_fresh_concordance_input
pair	gencode_v49_representative_lncRNA_v1	283	grch38_chr21_chr22_tss_medium_v1	86	ENST00000366152.3	ENST00000290219.11	33403597fcb30238b1340fa3fb4758d5f0c920534b9aacda8b42002a40f551f0	2c1839f4a7a0b2629d5e91074345ff789c28989e29d780e432bd876f30a04d0d	0:624	32403412:34403413	GRCh38	GRCh38_0_based_half_open	910e78c951c8de43ff2f3ec1674809dcad4688bd9183f2ac8c0cc6768c1bb299	paper/biological_topk/fresh_holdout_manifest.tsv	predecessor_phase4_fresh_concordance_input
pair	gencode_v49_representative_lncRNA_v1	3493	grch38_chr21_chr22_tss_large_v1	28	ENST00000653140.1	ENST00000399928.6	56491f2b87a965390eed6e253cfdad5f4ec4c6d05298112568a9bc309b2a9e92	b7e74f4d07b39caa5578dafdf71cfbe02fc83d9ee063acb844aaa030b15aeef2	0:1895	24130643:34130644	GRCh38	GRCh38_0_based_half_open	29f4b707871368a5babecb1efabe61e212c72e2c650222a73cfc34f229137434	paper/biological_topk/fresh_holdout_manifest.tsv	predecessor_phase4_fresh_concordance_input
pair	gencode_v49_representative_lncRNA_v1	1994	grch38_chr21_chr22_tss_large_v1	123	ENST00000828782.1	ENST00000398938.7	827736f0e2067dab80f23637275dea1b6cc070f976eeaabc6318454567b44e4d	7da9fdb1ff4dc141f21e9071ae61bcb46520f94670c7d4e4ffd9d8690cbbe039	0:1320	33256990:43256991	GRCh38	GRCh38_0_based_half_open	f22e4090e3f0084f6c9d2d2a6bc1774689131028832f4be458b36327d42ca50d	paper/biological_topk/fresh_holdout_manifest.tsv	predecessor_phase4_fresh_concordance_input
pair	gencode_v49_representative_lncRNA_v1	12522	grch38_chr21_chr22_tss_medium_v1	238	ENST00000687758.2	ENST00000399744.8	5939cc4588811ad30a2e875b86ca9ddb6f1ee670df75058befa5cf61ece3601b	db4dea908957cfce468a7f36f6f5eeed43c02b014fef2fddf4d5fbfe7ad19ba7	0:2792	17077989:19077990	GRCh38	GRCh38_0_based_half_open	efade52c01274068956a14ed06051e876b1f6569b2360c65b230dfad22e56696	paper/biological_topk/fresh_holdout_manifest.tsv	predecessor_phase4_fresh_concordance_input
pair	gencode_v49_representative_lncRNA_v1	25698	grch38_chr21_chr22_tss_large_v1	122	ENST00000834919.1	ENST00000609713.2	a5e4c21522c9e82b8872c2c4840a742197718ce3ed60fb9cd9f2266b43d45a57	002ca211ca4fbb962e98d362d0f4f701286d00a5886852b196fb8a5fa8a8733a	0:546	32916456:42916457	GRCh38	GRCh38_0_based_half_open	415f2d6ef78af1cd65cf76d06b932ef4ee07e090b64cc895c8b9e2fe5e8a1690	paper/biological_topk/fresh_holdout_manifest.tsv	predecessor_phase4_fresh_concordance_input
pair	gencode_v49_representative_lncRNA_v1	14526	grch38_chr21_chr22_tss_short_v1	267	ENST00000739577.1	ENST00000361682.11	71867e1a84003e32492f3fc7410fa2ceff82e2b77a0dd18ddc82bfd2fcf711dd	2f0c3e99a838f474770128a6b79adbd21ed02fa70c4b3ab3a7635ec5915c5d12	0:2196	19939723:19943820	GRCh38	GRCh38_0_based_half_open	41e857954cc95d3e3fccab24df55c81249d5ec4645a7cbf6ff661a991ed36be3	paper/biological_topk/fresh_holdout_manifest.tsv	predecessor_phase4_fresh_concordance_input
pair	gencode_v49_representative_lncRNA_v1	26440	grch38_chr21_chr22_tss_medium_v1	164	ENST00000842029.1	ENST00000599962.2	2e8b0593d80f24a3700a0601665ea30a32243216fff16abd72ef0d3e66fdd43d	5bcf534b5e46a094b962acc3ae805bb39bad80157f84f59ba4274c4bcd2ee370	0:893	42565181:44565182	GRCh38	GRCh38_0_based_half_open	b63b6c50c84c3d0199cbe9edb94cc8914f0b9d640a695e7b67da4b27971e6836	paper/biological_topk/fresh_holdout_manifest.tsv	predecessor_phase4_fresh_concordance_input
pair	gencode_v49_representative_lncRNA_v1	22754	grch38_chr21_chr22_tss_short_v1	126	ENST00000803134.1	ENST00000331573.8	9bbd294b024596e5c5a35b4aa510843b49bb3c60521543728ad7796bc8bcc7a5	083aeba866bbe83182b086e35c85a266c516f9b7d226e0475409aa562647fb64	0:2405	39181402:39185499	GRCh38	GRCh38_0_based_half_open	4877bdeb1e85cd594bd4fd856bafd95e1484df414e1ba32940e39c8a3f1ca637	paper/biological_topk/fresh_holdout_manifest.tsv	predecessor_phase4_fresh_concordance_input
pair	gencode_v49_representative_lncRNA_v1	1183	grch38_chr21_chr22_tss_medium_v1	227	ENST00000738755.1	ENST00000319363.11	03780cc6a89839a661fb10f62974eeba7fdadc761b8c560defe88aa77074ea26	71cdb458617049bb791cb97e506b5d67b771c7a4f8d42855aba3aa4e19c1d8c9	0:839	16084999:18085000	GRCh38	GRCh38_0_based_half_open	1998fef14405c188aca3ca7e8f4bc05fb197e6ae8a490a0fcecb7b4d48659356	paper/biological_topk/fresh_holdout_manifest.tsv	predecessor_phase4_fresh_concordance_input
pair	gencode_v49_representative_lncRNA_v1	20326	grch38_chr21_chr22_tss_large_v1	56	ENST00000775609.1	ENST00000382828.2	803e9bfbe572614793778094ec461558e093c99c64b8bf058ecca4fe53fd8ad1	64e1e0aa778e27ed3d107ff6c49af599cdec770839ff1b9279a95a65b8a591ef	0:1770	25620626:35620627	GRCh38	GRCh38_0_based_half_open	a9b8aaba0de04b9ce7a1e04561025d97c311afa9c3aa34ea148dead5f16f31e8	paper/biological_topk/fresh_holdout_manifest.tsv	predecessor_phase4_fresh_concordance_input
pair	gencode_v49_representative_lncRNA_v1	4755	grch38_chr21_chr22_tss_large_v1	502	ENST00000511054.1	ENST00000396832.6	9b6780e7bb7cf24330c4ee40d03c00686849807f5b2d30d8968871c3b2cb16ba	27488079be74af0c2152acfcd5e6b5a917e6abf4e572e8076e8d019fabc606d4	0:599	33317432:43317433	GRCh38	GRCh38_0_based_half_open	ef85ce77992690024f3d2a73e9631c277b31b30e3407a989c2ab1a5ffc991719	paper/biological_topk/fresh_holdout_manifest.tsv	predecessor_phase4_fresh_concordance_input
pair	gencode_v49_representative_lncRNA_v1	5647	grch38_chr21_chr22_tss_short_v1	109	ENST00000796113.1	ENST00000290349.11	d87d92844c9f376aae0ff8cb85dd75913d90e55918543aec7fd029e5b1957d79	b3354c7cf89e8ac01886ebee91bb1d813c9344621e01e5ebd6d2f45f926a8eb6	0:1797	36067975:36072072	GRCh38	GRCh38_0_based_half_open	aeb06834c4e190d48e1b81e538f9ddc8b170601e1e598c49e3c90fced6e46eeb	paper/biological_topk/fresh_holdout_manifest.tsv	predecessor_phase4_fresh_concordance_input
pair	gencode_v49_representative_lncRNA_v1	26459	grch38_chr21_chr22_tss_medium_v1	72	ENST00000842196.1	ENST00000382751.4	4a19e87563cbe60d95670ce62f1f04fd8e0cb5528de82e1e7768c6b31a58bd60	fc671bfb5f4f3e67ca40519f6f8d6d768467395dfad7b6f0c8c30ea83e42d479	0:639	31393011:33393012	GRCh38	GRCh38_0_based_half_open	9a9c90b015ec493557a0ea8f44bff924b3d031ed8193c6fdab544b9111dcc68d	paper/biological_topk/fresh_holdout_manifest.tsv	predecessor_phase4_fresh_concordance_input
pair	gencode_v49_representative_lncRNA_v1	10703	grch38_chr21_chr22_tss_large_v1	301	ENST00000718551.1	ENST00000292778.11	be075be0a10054b01643c159aa290f97cc3f5152bd9cee2fa0d57987fb94a385	cb00a868d0935d7c1f158b22b2c137a2e5e00ee1861895d2e94f164195b8932d	0:2140	16630021:26630022	GRCh38	GRCh38_0_based_half_open	f71df541263b9afcfdeb440ea38f267fc7f64b0112d9c029c5574d0aaef9b552	paper/biological_topk/fresh_holdout_manifest.tsv	predecessor_phase4_fresh_concordance_input
pair	gencode_v49_representative_lncRNA_v1	15340	grch38_chr21_chr22_tss_large_v1	223	ENST00000721126.1	ENST00000343518.11	6f38c558a2fe0693a417f6b75f4f4625bbc26c4e322592c155c3e421bcebf89e	8cf3bac19c0ab91a9f31bf2ccda487453a0caa4f2c75df1a3059fbd3f4c61e65	0:2074	10690025:20690026	GRCh38	GRCh38_0_based_half_open	f7b33611446061efab1fc041e00c4562cff46a2f850c4b9ea897717664b0d0bb	paper/biological_topk/fresh_holdout_manifest.tsv	predecessor_phase4_fresh_concordance_input
pair	gencode_v49_representative_lncRNA_v1	21304	grch38_chr21_chr22_tss_medium_v1	140	ENST00000786268.1	ENST00000398598.8	aa62db52c4565a25949c6ceacd54349d36212d1cf95cceab5938824bf8647faa	b848fdf563ab5cb06d639ba52470384164eff7f6e79f76826e878927f2b8dd87	0:509	40426238:42426239	GRCh38	GRCh38_0_based_half_open	921b8b7d4abfe80ca17050133de79b7be8f4c5fdb7c5b5be0a400d16a223499b	paper/biological_topk/fresh_holdout_manifest.tsv	predecessor_phase4_fresh_concordance_input
pair	gencode_v49_representative_lncRNA_v1	13565	grch38_chr21_chr22_tss_medium_v1	42	ENST00000756973.1	ENST00000334067.5	bfaa7e4859ed8b5a302cd29c996130a374425dc172de65b0dd47a827bc156806	ab67b3cfa4f4f32f9b6b181e65c39226e0adcd7cc4f67ced10d43a188d41fe2e	0:1332	29440274:31440275	GRCh38	GRCh38_0_based_half_open	ccc4d3fe347fd6e70f1b5b5b0677660d8925130e7cd990e4145ea26e3800cb50	paper/biological_topk/fresh_holdout_manifest.tsv	predecessor_phase4_fresh_concordance_input
pair	gencode_v49_representative_lncRNA_v1	23044	grch38_chr21_chr22_tss_short_v1	224	ENST00000806311.1	ENST00000359963.4	7b25e944e0bc29b98c1cc44941705857c9a6c91cb9ab634303004334048ed634	cd1f50106897954757437383063b7eeed29e8c50d6fb8b2e19672670e1f855a2	0:837	16590761:16594858	GRCh38	GRCh38_0_based_half_open	80c8e05735e61f49fa35fa831fe8e5f6ab2c267ca711f9bb2c420f768cc26892	paper/biological_topk/fresh_holdout_manifest.tsv	predecessor_phase4_fresh_concordance_input
pair	gencode_v49_representative_lncRNA_v1	20642	grch38_chr21_chr22_tss_short_v1	81	ENST00000779169.1	ENST00000382348.2	06508bdee80f332bf3b5735d85956347e7992bcfba0d78a883041bd82af93d60	ae8b514b4eb7a02d682fde0cafe198c9fce39e284dbaaa45d9abbc34b6d7ef5a	0:623	33068092:33072189	GRCh38	GRCh38_0_based_half_open	a5ac8367f3cb8b1d1bfe2f4423a34ee1a55968cbd18ac0e49ef267fedf68c9d4	paper/biological_topk/fresh_holdout_manifest.tsv	predecessor_phase4_fresh_concordance_input
pair	gencode_v49_representative_lncRNA_v1	12248	grch38_chr21_chr22_tss_short_v1	159	ENST00000659612.1	ENST00000291547.10	5fc8669eebfb98d3149fa7066fdf13f417b2b3152a1c51f7201e155ee63ccd3d	c241096a1f085e6dc29c5b257a6f7246db9f275923e64d4c461bf7cbf054be32	0:2077	42972513:42976610	GRCh38	GRCh38_0_based_half_open	92e10a3d117074e094998fdca275780bba0a42a9c3c81f31041bb2656a0186c3	paper/biological_topk/fresh_holdout_manifest.tsv	predecessor_phase4_fresh_concordance_input
pair	gencode_v49_representative_lncRNA_v1	14218	grch38_chr21_chr22_tss_short_v1	441	ENST00000529026.1	ENST00000404699.7	85219722e624aa3d43cfbd4e440fd4e205e26c061fb01ad80d06c54c62bcdbd3	35c90e7b50dc6affe151264156ee105b3032704c8de3af98d4457a9d2cbf10fd	0:661	35064109:35068206	GRCh38	GRCh38_0_based_half_open	23a9bb36ed2f0679665b7fdf44f0b408ad002aef55db5d2da48c5e7edc082ead	paper/biological_topk/fresh_holdout_manifest.tsv	predecessor_phase4_fresh_concordance_input
pair	gencode_v49_representative_lncRNA_v1	5695	grch38_chr21_chr22_tss_medium_v1	228	ENST00000656776.2	ENST00000331437.4	3b01fbcea2895e7b9a3c8717e2aa4c32a801b7b0b16f0a02a9a8dc94d21385b3	ef6dbdc110a79c9d3b86ea9463dba15bfdd800936862f07ba9103cd7171f1a96	0:878	16121359:18121360	GRCh38	GRCh38_0_based_half_open	bcbe8bc9de52d90268d6f9067a063c0d45ccf10b0dac705a98607f1f85c2bb00	paper/biological_topk/fresh_holdout_manifest.tsv	predecessor_phase4_fresh_concordance_input
pair	gencode_v49_representative_lncRNA_v1	715	grch38_chr21_chr22_tss_short_v1	98	ENST00000721964.1	ENST00000399312.3	e9697e9f886bfa430545c07ac37dcbc2efe0778eb04062dfd56eace1aa0451fa	ba54f0e31e645a87388fb1a433335951839a4111c9f615c71a7798f92a0b5afd	0:1265	34071529:34075626	GRCh38	GRCh38_0_based_half_open	859b916415859b7d47c7fffca5aa3cbf2a427b5bc54601e1e920a391c24d4e8b	paper/biological_topk/fresh_holdout_manifest.tsv	predecessor_phase4_fresh_concordance_input
pair	gencode_v49_representative_lncRNA_v1	10860	grch38_chr21_chr22_tss_short_v1	179	ENST00000654031.2	ENST00000339818.9	ebb30bfbdf5a548cd6849a258768cbb25cd6d6e1a4c95d1d1fdd16430c351c54	6872d5c2663357638b9cae1b833d08dcd9712850d91efe24870a1be01788f65b	0:2642	44337341:44341438	GRCh38	GRCh38_0_based_half_open	530c05d72a61a08e9aa88d2e35ca75bde8ae2868f7f6726dd500cea30ba89e0d	paper/biological_topk/fresh_holdout_manifest.tsv	predecessor_phase4_fresh_concordance_input
pair	gencode_v49_representative_lncRNA_v1	11855	grch38_chr21_chr22_tss_large_v1	231	ENST00000668818.1	ENST00000262608.13	8a3ba90bc7e9b2e86be5135cc45d0b606cc4f39851d7a236ce4e7a3392b40d63	6c1df2c15062dcdd4b65b561d6d5cd34319a108ce9abe4cc162fbd2d94fae647	0:1454	12369459:22369460	GRCh38	GRCh38_0_based_half_open	b5d8de136ec2e39b722418a6aa4241c9332ff72c3f1029cda8bfb53f8fefade8	paper/biological_topk/fresh_holdout_manifest.tsv	predecessor_phase4_fresh_concordance_input
pair	gencode_v49_representative_lncRNA_v1	22036	grch38_chr21_chr22_tss_large_v1	442	ENST00000794236.1	ENST00000216106.6	640035b215c1db0ae4cc219b1db776159e8525d8f1e9f2b4f754087404db5dd4	d727b3d56bfad591ce32c9ec19102283ff73c154e8f236acfa889e3d8fd626ff	0:892	30257492:40257493	GRCh38	GRCh38_0_based_half_open	449fe7cad1c9c8c47aa3de0b8e95b21b61e9c4a439e73a6ded5948c991415b48	paper/biological_topk/fresh_holdout_manifest.tsv	predecessor_phase4_fresh_concordance_input
pair	gencode_v49_representative_lncRNA_v1	18849	grch38_chr21_chr22_tss_medium_v1	497	ENST00000759612.1	ENST00000681075.2	7793dc5cdc4d2d5e1815df0c7c90188237d87e8a0fd6df3f91be245d6355b790	0040620f8b51f55316d9d67814613e5f49fdff94866900a5beb513f9ca81fbaf	0:521	37084183:39084184	GRCh38	GRCh38_0_based_half_open	6cc1fcc31d76d9e4b372a5b5afc9dcfdbd7ddbe596231f2a3b72402ed43eb06b	paper/biological_topk/fresh_holdout_manifest.tsv	predecessor_phase4_fresh_concordance_input
pair	gencode_v49_representative_lncRNA_v1	14536	grch38_chr21_chr22_tss_short_v1	141	ENST00000834520.1	ENST00000332149.10	445454af02634808a101b56025053bc1b3f27e1ca5c8486d530c8d9a534a052e	dd9e0c5d86ea74cd078ca94f0f80173c181bebb5f359c1ad713f624db9333aba	0:2577	41506109:41510206	GRCh38	GRCh38_0_based_half_open	69fcd3434616cc006838dbb22fd34f8b4c6c9fc5c0acda48cc6c117dacc5462a	paper/biological_topk/fresh_holdout_manifest.tsv	predecessor_phase4_fresh_concordance_input
pair	gencode_v49_representative_lncRNA_v1	16674	grch38_chr21_chr22_tss_short_v1	149	ENST00000733914.1	ENST00000291526.5	fd50571b6f3dbb6617be4e6138a259cd9bdac626bdf5b7d20c6dcae76ccba3bb	83b6ebe7521ca21c5df613c3f195eeac0a00b0bc2489bccae5d3f66aa2add06e	0:1695	42348945:42353042	GRCh38	GRCh38_0_based_half_open	a740cd0044a4eb83450b19d4ba4b1086c33df4d08e60dbc91dc197128978d001	paper/biological_topk/fresh_holdout_manifest.tsv	predecessor_phase4_fresh_concordance_input
pair	gencode_v49_representative_lncRNA_v1	11487	grch38_chr21_chr22_tss_large_v1	542	ENST00000657880.2	ENST00000639722.1	19d51669e4c6f617ce964857ad04b8527f94c00fdcd4f9051c58ecaa47a55e49	31173954b80648aa2089e5bc1fedf46926f653ba94c7fbb1b6b627c6dc6eed4a	0:2417	35346528:45346529	GRCh38	GRCh38_0_based_half_open	b296f448a1c9f57641b7172622f063f00745bf0d0d911f748ce16d6736113b96	paper/biological_topk/fresh_holdout_manifest.tsv	predecessor_phase4_fresh_concordance_input
pair	gencode_v49_representative_lncRNA_v1	18280	grch38_chr21_chr22_tss_large_v1	342	ENST00000753518.1	ENST00000337539.12	4ea41dacfad897d13bd7e48fbe05b8967f18a5a03d5e9fe5b035d77f5ac5b892	622f76d0f1022f6af4d18aa5f286fe64c48f9eb67f7567ad8cc38714c3334f83	0:657	19427598:29427599	GRCh38	GRCh38_0_based_half_open	38754bdd9b6eabe734d7e3d2348c5c3d85b56848a3046466a3234d8bd360c71f	paper/biological_topk/fresh_holdout_manifest.tsv	predecessor_phase4_fresh_concordance_input
pair	gencode_v49_representative_lncRNA_v1	4728	grch38_chr21_chr22_tss_large_v1	465	ENST00000505409.1	ENST00000249042.8	ecced5be29d2f0cd5414fafa5a8f5fad6a1a90fe23cdfe07b7595f20a1296012	12855f6dc852b43b9da0f8055056ee5e713799c2c1879470fcc3298c5124edb7	0:520	32019446:42019447	GRCh38	GRCh38_0_based_half_open	1af8b35061254eeb1c9034162f4687f67f7dbfc6eb8c2531c293554f884e8471	paper/biological_topk/fresh_holdout_manifest.tsv	predecessor_phase4_fresh_concordance_input
pair	gencode_v49_representative_lncRNA_v1	124	grch38_chr21_chr22_tss_short_v1	231	ENST00000638592.2	ENST00000262608.13	2a14e1a124dcf81b92b88d48da288b7a58eb1f3acfc11370d7718ffd78b3c49a	221aad5db691e00de6ea7b93fccc101bd0b1eedec38be04099e1832ae5d7204b	0:2509	17367411:17371508	GRCh38	GRCh38_0_based_half_open	fe9d13504740a8b99aa32c371ee1001b70ef7a8260d96c84695984167e19f53a	paper/biological_topk/fresh_holdout_manifest.tsv	predecessor_phase4_fresh_concordance_input
pair	gencode_v49_representative_lncRNA_v1	5423	grch38_chr21_chr22_tss_short_v1	271	ENST00000784537.1	ENST00000351989.8	183849f9051bd9f91046124152241b5da265bb14b7084cf457fd254345c3197b	d5e76fc698bc8238028e0a8d058f8a7e0af94cbdd95a170faa02a1db0a8012cc	0:2188	20078192:20082289	GRCh38	GRCh38_0_based_half_open	00c7443c333cdefb8f61f2aeb0fc994cd4fcc802b3658a317588fe685715f378	paper/biological_topk/fresh_holdout_manifest.tsv	predecessor_phase4_fresh_concordance_input
pair	gencode_v49_representative_lncRNA_v1	14521	grch38_chr21_chr22_tss_medium_v1	252	ENST00000730696.1	ENST00000086933.3	24250974668e7c5a5b265dfe31547af8df765b2e37a8f23801a63fb90ca52ee7	23507d07ad717e2f8411f8879a1425a9fd02ce7ff834dc01976ffd6f0f5abade	0:1601	18150291:20150292	GRCh38	GRCh38_0_based_half_open	9342c0d05c15f31b49905105ab747927412ae4f0379c62dd3d92a9591110a939	paper/biological_topk/fresh_holdout_manifest.tsv	predecessor_phase4_fresh_concordance_input
pair	gencode_v49_representative_lncRNA_v1	1427	grch38_chr21_chr22_tss_short_v1	11	ENST00000844134.1	ENST00000284881.9	eb333bcb1d270b9174b73cf04771ca3132fd678c0bd9dc44263199fe4ccf71cf	84cd1ec9950aa0965095c320b17758f3f194889fe55f2a58134b68ea104464a4	0:687	17817307:17821404	GRCh38	GRCh38_0_based_half_open	3d9c8388750cf443df6cc555b897c6ae12a7448645eb329aad8d6a6d13549512	paper/biological_topk/fresh_holdout_manifest.tsv	predecessor_phase4_fresh_concordance_input
pair	gencode_v49_representative_lncRNA_v1	17475	grch38_chr21_chr22_tss_large_v1	34	ENST00000744921.1	ENST00000416044.1	5b591a4b45732605fb39a43465de4ea9cc9ecce311ee36e152c9a61f4018f23b	e57389c1490226ab43436f2479a1a97c40fa6b83eec99e9f5336e50ede0664fa	0:568	25289513:35289514	GRCh38	GRCh38_0_based_half_open	c9c378cf409c69a63abc243d1c34c0aec075fb7632802ade4b8b0bd3a5e1aad8	paper/biological_topk/fresh_holdout_manifest.tsv	predecessor_phase4_fresh_concordance_input
pair	gencode_v49_representative_lncRNA_v1	7657	grch38_chr21_chr22_tss_medium_v1	223	ENST00000565320.1	ENST00000343518.11	3add2e6808db673b32208387de80aaa02413469bca2b2ab69272f0a6b510c459	81cd5b0e8965f16508902aba0bf57cf369043ee3b9209b4ff2994028e17c3004	0:1463	14690025:16690026	GRCh38	GRCh38_0_based_half_open	7bebf45f951636740f02b53dc1f395848c5ca3fe794dde68cefd6c39d2a6ffa1	paper/biological_topk/fresh_holdout_manifest.tsv	predecessor_phase4_fresh_concordance_input
pair	gencode_v49_representative_lncRNA_v1	17472	grch38_chr21_chr22_tss_large_v1	86	ENST00000744813.1	ENST00000290219.11	7666334701558c8f5a29b71b316bcf8a94de3b0ad398216d221885e5bc84691f	b064472f3fbaf1557ea329ab2879030c59ba1d2b429a8f2ba895ed85918c0f7a	0:567	28403412:38403413	GRCh38	GRCh38_0_based_half_open	798ab87691a281861c7bd937647121c4644f40f94b84141351148411b9d62fa6	paper/biological_topk/fresh_holdout_manifest.tsv	predecessor_phase4_fresh_concordance_input
pair	gencode_v49_representative_lncRNA_v1	3212	grch38_chr21_chr22_tss_short_v1	115	ENST00000421320.2	ENST00000290399.11	46be4fc1d9177d84eed905005770472754caa7b573c19bcc4bf1fa6a1ff9d10b	535b4094a9db24f71abebeb6ab6a338648adba9133b55b6f7e5f688b2093b655	0:1805	36697066:36701163	GRCh38	GRCh38_0_based_half_open	192e69987503693e8d5265287525fbb02f69d201164ed93e510942a067a8d8d9	paper/biological_topk/fresh_holdout_manifest.tsv	predecessor_phase4_fresh_concordance_input
pair	gencode_v49_representative_lncRNA_v1	26240	grch38_chr21_chr22_tss_short_v1	374	ENST00000839924.1	ENST00000400335.9	4a7824119be015c4f017fcd2f967981208baa7bcc6b2a403367d5dba8981c73c	4ac717cc5f171e6f3e576d3b52787b7ccab8a46538cd82969e684916c12d68a5	0:588	29070986:29075083	GRCh38	GRCh38_0_based_half_open	ffe26807c3263f00f2bbe3c644aed6bdd73ef1ae85fcfffb486f88daacef883e	paper/biological_topk/fresh_holdout_manifest.tsv	predecessor_phase4_fresh_concordance_input
pair	gencode_v49_representative_lncRNA_v1	26365	grch38_chr21_chr22_tss_short_v1	265	ENST00000841283.1	ENST00000329517.11	978d0fb03ae6ec59e5d620b4c95a3045f6357c9f3812fd2f3cfe89138f4ffdc2	73cb2751792e14679afeaa8feea3ffd3bc34f9497ae1bfc76b1bfc9a3ba467f3	0:1265	19852825:19856922	GRCh38	GRCh38_0_based_half_open	02a5469071277dc5e388914f8e12640c2120c188a777d6fee328467210756b4a	paper/biological_topk/fresh_holdout_manifest.tsv	predecessor_phase4_fresh_concordance_input
pair	gencode_v49_representative_lncRNA_v1	14799	grch38_chr21_chr22_tss_medium_v1	244	ENST00000511537.3	ENST00000652395.1	2924203de4c35be3315641099b07a44fff01f321f0eda117654bcf3ca423374b	7184fb85588becd061152f2f8fed20c753b9a5db7af527ba9936a8844fe357f4	0:1943	17633983:19633984	GRCh38	GRCh38_0_based_half_open	79387a34480fb5da036266e0f0e348629cc2b55a99ba5fa6a6c1def4fe8541b2	paper/biological_topk/fresh_holdout_manifest.tsv	predecessor_phase4_fresh_concordance_input
pair	gencode_v49_representative_lncRNA_v1	5892	grch38_chr21_chr22_tss_large_v1	333	ENST00000526623.2	ENST00000215770.6	ecaf3ccc734b24c84f739c779fd6294b0be48f42aedab0316a630fa5c874db0b	192e2469dffe3493a3852048bb793ceca1bcbb674746695fac91a4fcd6923aa8	0:1662	18966887:28966888	GRCh38	GRCh38_0_based_half_open	59138d5ccfccb3cac5a1f37eee76bf5a13090de26546accbdbcb296aef404d98	paper/biological_topk/fresh_holdout_manifest.tsv	predecessor_phase4_fresh_concordance_input
pair	gencode_v49_representative_lncRNA_v1	7286	grch38_chr21_chr22_tss_medium_v1	323	ENST00000568314.1	ENST00000248948.4	e03c466cd9d2aa018192939d5614b46b41fac1deb12093141622135d17937303	14c68a263583cd91dfe93d7c4f0e0a4c3a1213e5c010644f8fc454c37f7c9316	0:623	22754424:24754425	GRCh38	GRCh38_0_based_half_open	ae3992aefc879d66aede0546bac5960f1edbd29bb76e1913c34608255f861122	paper/biological_topk/fresh_holdout_manifest.tsv	predecessor_phase4_fresh_concordance_input
pair	gencode_v49_representative_lncRNA_v1	14217	grch38_chr21_chr22_tss_large_v1	108	ENST00000784238.1	ENST00000332131.9	fa8a7a21da518f7b17c16e82803ba6c2811298ff3ed4487196a5956c1f9ae464	1346c728e1c87d0ff9da2a9aebe36cd4b68e3ea02e40e4d7d86f2f093722a632	0:1610	31060525:41060526	GRCh38	GRCh38_0_based_half_open	a4c76cb91bc377808df341b41dd44e2d2a988f7960b0816167f9f7bfb72fe12a	paper/biological_topk/fresh_holdout_manifest.tsv	predecessor_phase4_fresh_concordance_input
pair	gencode_v49_representative_lncRNA_v1	14984	grch38_chr21_chr22_tss_short_v1	442	ENST00000727239.1	ENST00000216106.6	38fd7f5705476ee2b1771cdfbb16c47aed382d717e4270f22100c5b50fdb9ae9	ec4b8127861c164f985f872b4c09cce8126f5b16d6eb548c0468466c10b916c1	0:1394	35255444:35259541	GRCh38	GRCh38_0_based_half_open	314739fb9f5b4578386e704a918ad28a90de5de665bef08f4cc0429a87fb2590	paper/biological_topk/fresh_holdout_manifest.tsv	predecessor_phase4_fresh_concordance_input
pair	gencode_v49_representative_lncRNA_v1	9151	grch38_chr21_chr22_tss_medium_v1	513	ENST00000604992.2	ENST00000689035.1	1eb22d35350aaf6360f7e4b21e46992e2e9db98a8e1d25c76e861db5572a20e8	03073903260b6254a226ae9fa73dbdbe5c8f8fedba7ba66dfd2ea65ded53a6df	0:2414	37755997:39755998	GRCh38	GRCh38_0_based_half_open	fec70c85fa6ca643de952a81e05b7734fae2e9885577e4dce0ffa321fa2dd43a	paper/biological_topk/fresh_holdout_manifest.tsv	predecessor_phase4_fresh_concordance_input
pair	gencode_v49_representative_lncRNA_v1	8882	grch38_chr21_chr22_tss_short_v1	503	ENST00000593824.1	ENST00000400206.7	7ba367359e35cbaec3c5ac521d11a23d9b0afa37777c9a62a0003eb159d24dc7	7261a61f670660310aab9606ed3989fbc2a72ed75540439d34907fa3a00c2afa	0:565	38396473:38400570	GRCh38	GRCh38_0_based_half_open	b6b334c4935b30cf5b68b706c3f4d6ec98c673376fdd24fd0d2f0e5a59353cfa	paper/biological_topk/fresh_holdout_manifest.tsv	predecessor_phase4_fresh_concordance_input
pair	gencode_v49_representative_lncRNA_v1	4780	grch38_chr21_chr22_tss_large_v1	132	ENST00000668468.2	ENST00000333634.10	bee9f22623709e6bbed3746def86a3c6a2d0d2bc71cbd6f8c514eb1ca941f06f	2048debe7f7e29f8a09c60d6f41fc72bea5dbf12c7feedc8bdbe071fd8d1a983	0:2450	34451969:44451970	GRCh38	GRCh38_0_based_half_open	2555966c49777548930364b6ad054b60ba67a49b1ed001907c0b7015845ee13e	paper/biological_topk/fresh_holdout_manifest.tsv	predecessor_phase4_fresh_concordance_input
pair	gencode_v49_representative_lncRNA_v1	19712	grch38_chr21_chr22_tss_short_v1	339	ENST00000769755.1	ENST00000327365.10	ebf67a5bf414863e6cb7710f32e86656a262ab724eba767dac07d907b85c8048	1b82e360404206536ee00db3907b8fa4e54a721705ebab05082f33c4011d7546	0:570	24243033:24247130	GRCh38	GRCh38_0_based_half_open	8e4500d855ec0c7d35bfb3364f6c86cd82834da019f5ac2775644ceefbb9bc8d	paper/biological_topk/fresh_holdout_manifest.tsv	predecessor_phase4_fresh_concordance_input
pair	gencode_v49_representative_lncRNA_v1	22311	grch38_chr21_chr22_tss_large_v1	95	ENST00000797081.1	ENST00000429238.2	9624ecbf77a982e86c4dd22a4710d9676a1d240f8a7b2c7b4e03d87b7f090246	10b4ec2919e2d4e4618fff71148318b2f948fe17a4dd5d724f8755d5a63bbc79	0:615	28931606:38931607	GRCh38	GRCh38_0_based_half_open	09a2f075c061d1d3f737adc39b30dd4702828b1bcd18bc1d7ff047908753f799	paper/biological_topk/fresh_holdout_manifest.tsv	predecessor_phase4_fresh_concordance_input
pair	gencode_v49_representative_lncRNA_v1	20081	grch38_chr21_chr22_tss_large_v1	235	ENST00000773372.1	ENST00000622694.5	7bf7ee6af89e76b15fa5191d1daf766fe1a288fc33812b91b1b8268c01a41574	8f0c41d4ba3ed1ee5a7affbf368272ca07403b7406ff0afa17c8c875f306d99c	0:741	12774468:22774469	GRCh38	GRCh38_0_based_half_open	41a2bb6daf03e557b90b84ea14219b5f55280b91b7ff5799147faeddf91e7279	paper/biological_topk/fresh_holdout_manifest.tsv	predecessor_phase4_fresh_concordance_input
pair	gencode_v49_representative_lncRNA_v1	17891	grch38_chr21_chr22_tss_medium_v1	163	ENST00000749267.1	ENST00000270162.8	c6b42dfbfe3350306b9848a9b1d58640346e9502a33e604d19509293210e28e2	be9f2298fca49df6d12abe8ef9c4aa3b66d78eff9f690958cbebd594d49d595a	0:610	42427130:44427131	GRCh38	GRCh38_0_based_half_open	b73a83e7f344fd22a3d9eed52ff1134a6ebace4e2e49a11d14d2f8c2ccb1c145	paper/biological_topk/fresh_holdout_manifest.tsv	predecessor_phase4_fresh_concordance_input
pair	gencode_v49_representative_lncRNA_v1	12594	grch38_chr21_chr22_tss_large_v1	548	ENST00000664019.1	ENST00000357137.9	cfa656aba32a6b82f6dd98a65a1d73a8ed7accc85e59c9d727de02139ec4d30c	8124f4a7ab87d856d7b7ccfddd31ad430b8460d127323b1a28af9c590d9f09e6	0:1075	35857147:45857148	GRCh38	GRCh38_0_based_half_open	6528ff7dd22b6da9569cd0818d695b02f9d5cfeac3f0cb4a91bb9ed1b63bb14a	paper/biological_topk/fresh_holdout_manifest.tsv	predecessor_phase4_fresh_concordance_input
pair	gencode_v49_representative_lncRNA_v1	17042	grch38_chr21_chr22_tss_short_v1	543	ENST00000738835.1	ENST00000248929.14	2f5020eaf4fe72a5a71b80b2a49f4382a86a12f96dfc45bcd396b633ed85e6d9	dd99841539babbfe2eeeffea03a69f3a8ee1ec3b51923dcd99605c98f82757a2	0:2021	40368545:40372642	GRCh38	GRCh38_0_based_half_open	6343c29c3a5ec979e9ebfabc5244859f4b73fc7ea46fa62d57d3368890c189fb	paper/biological_topk/fresh_holdout_manifest.tsv	predecessor_phase4_fresh_concordance_input
pair	gencode_v49_representative_lncRNA_v1	18997	grch38_chr21_chr22_tss_large_v1	304	ENST00000761477.1	ENST00000398831.8	d80d3af5d9f329af1000fa0c9fe83024bf1966ce2135325bf425fa83f9a9ebc3	b551696d64266fa0c8b8fa2038d44df299b3cbca0349313851ebd22e35d02659	0:652	16666011:26666012	GRCh38	GRCh38_0_based_half_open	024cccfd3c9dbc2067fc19e41ae32768882886d03c482e59994b15069edc1570	paper/biological_topk/fresh_holdout_manifest.tsv	predecessor_phase4_fresh_concordance_input
pair	gencode_v49_representative_lncRNA_v1	11928	grch38_chr21_chr22_tss_medium_v1	182	ENST00000669992.2	ENST00000400375.1	16fec0f1c3738432b453c1762bd0c12dd13b684e4ca9fdec9b73bf7f0747c1a6	771cb6bda4f613a426f82b9445900b73e12f3aaae2f0f8feb4c6aa7a2222b8ce	0:1857	43540194:45540195	GRCh38	GRCh38_0_based_half_open	86db99e0cd2b32d3843f3965e4fb5ffe6ebd927368536d9ffe9a2a08bc4b5d62	paper/biological_topk/fresh_holdout_manifest.tsv	predecessor_phase4_fresh_concordance_input
pair	gencode_v49_representative_lncRNA_v1	14585	grch38_chr21_chr22_tss_large_v1	93	ENST00000553392.5	ENST00000381318.8	70b24027cd7e082998debc9f3968e02c7ea258c46168469b500655ac2a56f39f	c220c01d871d348ddfe49473d457906d91da0bb977eedf025df7f56d53d01b48	0:674	28642500:38642501	GRCh38	GRCh38_0_based_half_open	ce3db482ac54517052955daa63a3466f42a1e31d8e46fa240be6fb4ee83865ec	paper/biological_topk/fresh_holdout_manifest.tsv	predecessor_phase4_fresh_concordance_input
pair	gencode_v49_representative_lncRNA_v1	18391	grch38_chr21_chr22_tss_short_v1	127	ENST00000754954.1	ENST00000342449.8	533c6933ec4eccb063bd6c727edab6df061d2835a713d2b1dedddd3c263b2226	9d502322d74535f43f4e1c72b43700a217dea7439847e4b4791ed763d784353a	0:859	39311583:39315680	GRCh38	GRCh38_0_based_half_open	19738f93843288bd209b7279dee8aa95c46246ecdf03bed3b2e9d1588fd43a3e	paper/biological_topk/fresh_holdout_manifest.tsv	predecessor_phase4_fresh_concordance_input
pair	gencode_v49_representative_lncRNA_v1	18383	grch38_chr21_chr22_tss_large_v1	125	ENST00000754826.1	ENST00000360938.8	cac6c09e098da46315b0ce08ac35792103fef8b83afa29d2b09fb53e2ba61243	a1492d2988a4a97990d4de47a046ef2a5302dfd429a6a98cd3bada81d67076c6	0:1648	33805928:43805929	GRCh38	GRCh38_0_based_half_open	3557d87af8afbcc54407541c574b83ffca94c959b3b98fc47bf3a19a43aa70ca	paper/biological_topk/fresh_holdout_manifest.tsv	predecessor_phase4_fresh_concordance_input
pair	gencode_v49_representative_lncRNA_v1	14480	grch38_chr21_chr22_tss_short_v1	213	ENST00000703607.1	ENST00000397728.8	4769e0ac2dc4dfcf95500c717c3cf3eb3f15773e71fbd0ed3404866ee8d09710	27309719c8d965538df6bddcf93dfca8cefa43aa0b0194c4d047a6b5434a5ce0	0:1353	46226725:46230822	GRCh38	GRCh38_0_based_half_open	f7d2524e8906183689fa2a0ea7c7ede9b8b9c0b0e513408189dccfaa5a750fdc	paper/biological_topk/fresh_holdout_manifest.tsv	predecessor_phase4_fresh_concordance_input
pair	gencode_v49_representative_lncRNA_v1	34	grch38_chr21_chr22_tss_short_v1	214	ENST00000587838.3	ENST00000291688.6	b497d27574828db269a6748f6d8abbbdd3845e8af361a698d7b60c41b5510e37	08038e54de45043e6341f3b6dd8e76d4fb8a04832d2c69b739356fa4592d2122	0:2647	46283562:46287659	GRCh38	GRCh38_0_based_half_open	45a09d0283d7225d652cb76366053da92e4df2f76bac0f65e69f72634328e901	paper/biological_topk/fresh_holdout_manifest.tsv	predecessor_phase4_fresh_concordance_input
pair	gencode_v49_representative_lncRNA_v1	20950	grch38_chr21_chr22_tss_short_v1	218	ENST00000782573.1	ENST00000652508.1	d7f417dcb31833bf552736d526137afebbcf7f0d3f53b8e976b70c834d1b47b2	642597d219f679e1c48bd14ffedff9630fefdaddb0c80249feceef71485f6931	0:821	46324239:46328336	GRCh38	GRCh38_0_based_half_open	d24485a18b5755246b42cc4f14afc5276b4a9d87547543d83f44bc3dfc0bd997	paper/biological_topk/fresh_holdout_manifest.tsv	predecessor_phase4_fresh_concordance_input
pair	gencode_v49_representative_lncRNA_v1	4798	grch38_chr21_chr22_tss_medium_v1	78	ENST00000669293.1	ENST00000331923.9	136faba75b404d2c331e39294025c2369009d3a6c7ee1ed1c5a9b5a0a348bc36	df9ea12269de84bf6bdf36375c3d334e2aaae966d510b334c6a87bc4db535723	0:2810	31771754:33771755	GRCh38	GRCh38_0_based_half_open	8dc93a3d4e418ce3e153cdeab3c9377b216d2be19dcff1cf697b677f19d68a52	paper/biological_topk/fresh_holdout_manifest.tsv	predecessor_phase4_fresh_concordance_input
pair	gencode_v49_representative_lncRNA_v1	26735	grch38_chr21_chr22_tss_short_v1	28	ENST00000846344.1	ENST00000399928.6	9e32f8de912171fef7e85750418a5b5f5c59707af61708c7194c29512ceaeb3c	1c9df67a7009fa4c5dbcd86933f17d1ec2d6b9fae0d14110fb1c0b1cd2aa7a36	0:1024	29128595:29132692	GRCh38	GRCh38_0_based_half_open	ecd60bf08de3a85aa48346c7b5a2d6255bed6d092409feae722a03ba7b7eae86	paper/biological_topk/fresh_holdout_manifest.tsv	predecessor_phase4_fresh_concordance_input
pair	gencode_v49_representative_lncRNA_v1	19050	grch38_chr21_chr22_tss_medium_v1	259	ENST00000761979.1	ENST00000263201.7	fd6760cc7729a5ca421765052808a296eb6a806a6ce62422250abd9d519d71fb	31bdf90b7dd7c229f5de5b50548229708d5c36706726bb3a1dcd551b9d5f7536	0:1101	18479919:20479920	GRCh38	GRCh38_0_based_half_open	56e31e7d86e74a3072fa8816baa5f9e8f877082ee9ca07991bbd858b9de8d895	paper/biological_topk/fresh_holdout_manifest.tsv	predecessor_phase4_fresh_concordance_input
