path	size_bytes	sha256	role	formal_source_data
.paper-artifacts/bioinformatics-canonical-hybrid-v2/performance-pilot/execution-snapshot/canonical_hybrid_v2_attempt_telemetry.schema.json	1358	0dfcc075907e0e53922c6e0473cfda5e4e98f621f2d55316d2be3868c2017a21	execution_snapshot	1
.paper-artifacts/bioinformatics-canonical-hybrid-v2/performance-pilot/execution-snapshot/canonical_hybrid_v2_performance_plan.sha256	107	0824c9d058821f4528c22f8c1a0ca1d65cf6aba8ef36b7bc3cc1a2ec1c8fecbe	execution_snapshot	1
.paper-artifacts/bioinformatics-canonical-hybrid-v2/performance-pilot/execution-snapshot/canonical_hybrid_v2_performance_plan.tsv	31434	93e1a6040093e625e22d563556434b0b40144ded2caccc7420efec647296ed59	execution_snapshot	1
.paper-artifacts/bioinformatics-canonical-hybrid-v2/performance-pilot/execution-snapshot/canonical_hybrid_v2_runtime.json	5645	5bf81a89ff0177c3616c635f81b64c48a36f63f6dc675a10c3eeccc8d9e865bd	execution_snapshot	1
.paper-artifacts/bioinformatics-canonical-hybrid-v2/performance-pilot/execution-snapshot/canonical_hybrid_v2_telemetry.py	12003	eab9e765e7c2c1af3078a3d9bec446e2a5d95480ac0ccc12c9855f4dfdc5476f	execution_snapshot	1
.paper-artifacts/bioinformatics-canonical-hybrid-v2/performance-pilot/execution-snapshot/compare_fasim_lite_offline_cluster_topk.py	7410	2765d76b6c8e742596b1072a413309a88ef415f3576c9de62be67213ee76dc80	execution_snapshot	1
.paper-artifacts/bioinformatics-canonical-hybrid-v2/performance-pilot/execution-snapshot/compare_fasim_segmented_contract.py	9852	6a589d7960a69be7c84a410f1bbd9d3ea34de929f8f04943d9c7ae033d682eda	execution_snapshot	1
.paper-artifacts/bioinformatics-canonical-hybrid-v2/performance-pilot/execution-snapshot/fasim_longtarget_gasal2	6551768	ec40144f172711347068443f99f2ff1de02a192051cb2ada4f2c2476d4ff0cd9	execution_snapshot	1
.paper-artifacts/bioinformatics-canonical-hybrid-v2/performance-pilot/execution-snapshot/fasim_longtarget_x86	1596544	75c59f80ee329fe913edce71ea8a0ec1a63620a978b15d3673f636d62268822e	execution_snapshot	1
.paper-artifacts/bioinformatics-canonical-hybrid-v2/performance-pilot/execution-snapshot/fasim_tfo_archive.py	15946	3fb42809c4f31b31ec05bcaf9d3249f4059a910164a6ca33d5a789fb0efab856	execution_snapshot	1
.paper-artifacts/bioinformatics-canonical-hybrid-v2/performance-pilot/execution-snapshot/run_canonical_hybrid_v2.py	49183	41e19d9195dfa1b19746f58a2f225ea7923ca3fe8d23a614370bd74b095e8e6d	execution_snapshot	1
.paper-artifacts/bioinformatics-canonical-hybrid-v2/performance-pilot/execution-snapshot/snapshot.json	2246	f6b50c4755c1f63498df2f47392737f4f0c6d28cf78a9938cecfec98b6c33541	execution_snapshot	1
.paper-artifacts/bioinformatics-canonical-hybrid-v2/performance-pilot/stage-summary.json	738	c5db7c9aadeb90618d14bbfe62b6cb5a81215505bc26e2b9228d555074b3d673	stage_summary	1
.paper-artifacts/bioinformatics-canonical-hybrid-v2/performance-pilot/v2perf_vp001__repeat00_a/artifact-manifest.sha256	88	5f28b1e7481c20239aa60344b7cc722db2a768bfc85490c82e7462047b9fbff9	supporting_raw_artifact	1
.paper-artifacts/bioinformatics-canonical-hybrid-v2/performance-pilot/v2perf_vp001__repeat00_a/artifact-manifest.tsv	890	b635ef1461bb5617ba68625ac72901500687d8a70f0e81c1a522f556923929e8	supporting_raw_artifact	1
.paper-artifacts/bioinformatics-canonical-hybrid-v2/performance-pilot/v2perf_vp001__repeat00_a/attempt-complete.json	3669	1005916f79c8004c31b537d2a5016932827a65bbff0b9bc66b4da10545d0bc79	attempt_receipt	1
.paper-artifacts/bioinformatics-canonical-hybrid-v2/performance-pilot/v2perf_vp001__repeat00_a/attempt-config.json	1627	fa3771039bc5e6c4fc405fbbb6e52997686a0a56a6e50ef6868d91bb8c4102b8	supporting_raw_artifact	1
.paper-artifacts/bioinformatics-canonical-hybrid-v2/performance-pilot/v2perf_vp001__repeat00_a/execution.json	2221	8b4ad20d1fc6eed90cf28215e4f15fa11efc60495d9637b86ddcd69e1b52fb34	supporting_raw_artifact	1
.paper-artifacts/bioinformatics-canonical-hybrid-v2/performance-pilot/v2perf_vp001__repeat00_a/gpu-memory.csv	0	e3b0c44298fc1c149afbf4c8996fb92427ae41e4649b934ca495991b7852b855	supporting_raw_artifact	1
.paper-artifacts/bioinformatics-canonical-hybrid-v2/performance-pilot/v2perf_vp001__repeat00_a/inputs/query.fa	852	a29f6bd6b84b79c9bc6f728ed8c6080eeb1ae18dc0cd27c55a2eed6e2efd66bc	supporting_raw_artifact	1
.paper-artifacts/bioinformatics-canonical-hybrid-v2/performance-pilot/v2perf_vp001__repeat00_a/inputs/target.fa	2641	6faa299bddd51b8be2cd5172ce080a57283be634f6fc4dd2c0c132bf73fd8f51	supporting_raw_artifact	1
.paper-artifacts/bioinformatics-canonical-hybrid-v2/performance-pilot/v2perf_vp001__repeat00_a/output/at0199-aq005|ENST00000813776.1|ENSG00000305888.1|ENSG00000305888|GENCODE v49|GRCh38|application_query-target-TFOsorted	5469	8d87288af79ea12425517feb5219b6fa07d15e01047ea0c0cbe17022de7a46ca	contract_output	1
.paper-artifacts/bioinformatics-canonical-hybrid-v2/performance-pilot/v2perf_vp001__repeat00_a/stderr.log	120899	d99e00234815ef6a33fcd3fd73e2a522dae23616ac122d74a88e75c1c9ab622a	supporting_raw_artifact	1
.paper-artifacts/bioinformatics-canonical-hybrid-v2/performance-pilot/v2perf_vp001__repeat00_a/stdout.log	170	49c00fbc6e3e659e8a016383c82c3ae4a2157fbc3ada9efc34aaef1ff9add94f	supporting_raw_artifact	1
.paper-artifacts/bioinformatics-canonical-hybrid-v2/performance-pilot/v2perf_vp001__repeat00_a/time.txt	1380	9731943d5f6bbb9cc1b6b14d58a41090c11faf23c34b5560dceabd3ca84ee7d7	supporting_raw_artifact	1
.paper-artifacts/bioinformatics-canonical-hybrid-v2/performance-pilot/v2perf_vp001__repeat00_h/artifact-manifest.sha256	88	9ef971518ab349fc9d3a155d3d0051b447c52261ec419f4fd11fe7dda6614e5c	supporting_raw_artifact	1
.paper-artifacts/bioinformatics-canonical-hybrid-v2/performance-pilot/v2perf_vp001__repeat00_h/artifact-manifest.tsv	1546	7aa78515e8b5a17a26f54f8eb07297a795ce3a18f16c9577b6907a40bb399e54	supporting_raw_artifact	1
.paper-artifacts/bioinformatics-canonical-hybrid-v2/performance-pilot/v2perf_vp001__repeat00_h/attempt-complete.json	9175	8deaa675e35be73f560968ecb23846c18d308e8396238668d5491a6431c70348	attempt_receipt	1
.paper-artifacts/bioinformatics-canonical-hybrid-v2/performance-pilot/v2perf_vp001__repeat00_h/attempt-config.json	1693	d6e3a06ac92e986fa16a9b67411771a31001d1f9c857d6b8a0f201d4bb78d7df	supporting_raw_artifact	1
.paper-artifacts/bioinformatics-canonical-hybrid-v2/performance-pilot/v2perf_vp001__repeat00_h/attempt-telemetry.tsv	222950	99392478cee9a3ac5497c6dad3206398fd8a24a22f1254fe42eedf6201f07677	per_attempt_telemetry	1
.paper-artifacts/bioinformatics-canonical-hybrid-v2/performance-pilot/v2perf_vp001__repeat00_h/comparator-stderr.log	0	e3b0c44298fc1c149afbf4c8996fb92427ae41e4649b934ca495991b7852b855	supporting_raw_artifact	1
.paper-artifacts/bioinformatics-canonical-hybrid-v2/performance-pilot/v2perf_vp001__repeat00_h/comparator-stdout.log	956	229431edca53383bcd4ac899a7baab35677fe309a628ef161092e777a570f5ae	supporting_raw_artifact	1
.paper-artifacts/bioinformatics-canonical-hybrid-v2/performance-pilot/v2perf_vp001__repeat00_h/comparison-details.tsv	15070	bcf61c7c39a043f0b8c7418af9cf3c3c713f0a5dd7a17ac7a01966d319c2dceb	comparison	1
.paper-artifacts/bioinformatics-canonical-hybrid-v2/performance-pilot/v2perf_vp001__repeat00_h/comparison.json	1953	37ba3fa8f8128c02413e38876a5eabb0a34268d1073750c3af75e7a73e9a9882	comparison	1
.paper-artifacts/bioinformatics-canonical-hybrid-v2/performance-pilot/v2perf_vp001__repeat00_h/execution.json	2224	e771166265320d84e3005cd2a16df19105d9bc64ac2d7e68168724ed1785ccf7	supporting_raw_artifact	1
.paper-artifacts/bioinformatics-canonical-hybrid-v2/performance-pilot/v2perf_vp001__repeat00_h/gpu-memory.csv	279	96806e8533774ea396f0839738dc38515bc97c5bae8842c692847a7c5fec0d2d	supporting_raw_artifact	1
.paper-artifacts/bioinformatics-canonical-hybrid-v2/performance-pilot/v2perf_vp001__repeat00_h/inputs/authority-reference.tfosorted	5469	8d87288af79ea12425517feb5219b6fa07d15e01047ea0c0cbe17022de7a46ca	paired_authority_copy	1
.paper-artifacts/bioinformatics-canonical-hybrid-v2/performance-pilot/v2perf_vp001__repeat00_h/inputs/query.fa	852	a29f6bd6b84b79c9bc6f728ed8c6080eeb1ae18dc0cd27c55a2eed6e2efd66bc	supporting_raw_artifact	1
.paper-artifacts/bioinformatics-canonical-hybrid-v2/performance-pilot/v2perf_vp001__repeat00_h/inputs/target.fa	2641	6faa299bddd51b8be2cd5172ce080a57283be634f6fc4dd2c0c132bf73fd8f51	supporting_raw_artifact	1
.paper-artifacts/bioinformatics-canonical-hybrid-v2/performance-pilot/v2perf_vp001__repeat00_h/output/at0199-aq005|ENST00000813776.1|ENSG00000305888.1|ENSG00000305888|GENCODE v49|GRCh38|application_query-target-TFOsorted	5469	8d87288af79ea12425517feb5219b6fa07d15e01047ea0c0cbe17022de7a46ca	contract_output	1
.paper-artifacts/bioinformatics-canonical-hybrid-v2/performance-pilot/v2perf_vp001__repeat00_h/stderr.log	112481	20275e6e0e03a9cbf5edb17fd24345a636b364c669697954a679cde2a9baaa19	supporting_raw_artifact	1
.paper-artifacts/bioinformatics-canonical-hybrid-v2/performance-pilot/v2perf_vp001__repeat00_h/stdout.log	170	8dfe5fa4293919c1e06cb333f730b17fb61cdfcdc8a2817f5d69621abb974c9a	supporting_raw_artifact	1
.paper-artifacts/bioinformatics-canonical-hybrid-v2/performance-pilot/v2perf_vp001__repeat00_h/telemetry-summary.json	2690	e86755eee4e02bfe23295d9ff279fa58295f88a63daffc4d2a18395b58dbcbe4	supporting_raw_artifact	1
.paper-artifacts/bioinformatics-canonical-hybrid-v2/performance-pilot/v2perf_vp001__repeat00_h/time.txt	1388	a47cea596bfb53c3e98e814e2e0c120917b6976511cff0158fb0a3057c8ee606	supporting_raw_artifact	1
.paper-artifacts/bioinformatics-canonical-hybrid-v2/performance-pilot/v2perf_vp001__repeat01_a/artifact-manifest.sha256	88	c9b64c1a68a53bbb332e604e99c70ed057c6defa8d600cb493b8c7a5d60e02a1	supporting_raw_artifact	1
.paper-artifacts/bioinformatics-canonical-hybrid-v2/performance-pilot/v2perf_vp001__repeat01_a/artifact-manifest.tsv	890	273b4ed24d08eb8aa8cb668d3bbae8c1675a1c4778008bc522e4def43faff9a8	supporting_raw_artifact	1
.paper-artifacts/bioinformatics-canonical-hybrid-v2/performance-pilot/v2perf_vp001__repeat01_a/attempt-complete.json	3668	5077350f3348c0499a0a5b95dad29a5aca09f9271a95b9644806392d807d3433	attempt_receipt	1
.paper-artifacts/bioinformatics-canonical-hybrid-v2/performance-pilot/v2perf_vp001__repeat01_a/attempt-config.json	1627	7e531a0b3d7895ebd5e2c0f33a1223edf55efcbf63a69417234bc382c8494d5d	supporting_raw_artifact	1
.paper-artifacts/bioinformatics-canonical-hybrid-v2/performance-pilot/v2perf_vp001__repeat01_a/execution.json	2220	11a1a0bd906ac01262fcef884845978a24de14f595cb1b03e3364d28a9549a7c	supporting_raw_artifact	1
.paper-artifacts/bioinformatics-canonical-hybrid-v2/performance-pilot/v2perf_vp001__repeat01_a/gpu-memory.csv	0	e3b0c44298fc1c149afbf4c8996fb92427ae41e4649b934ca495991b7852b855	supporting_raw_artifact	1
.paper-artifacts/bioinformatics-canonical-hybrid-v2/performance-pilot/v2perf_vp001__repeat01_a/inputs/query.fa	852	a29f6bd6b84b79c9bc6f728ed8c6080eeb1ae18dc0cd27c55a2eed6e2efd66bc	supporting_raw_artifact	1
.paper-artifacts/bioinformatics-canonical-hybrid-v2/performance-pilot/v2perf_vp001__repeat01_a/inputs/target.fa	2641	6faa299bddd51b8be2cd5172ce080a57283be634f6fc4dd2c0c132bf73fd8f51	supporting_raw_artifact	1
.paper-artifacts/bioinformatics-canonical-hybrid-v2/performance-pilot/v2perf_vp001__repeat01_a/output/at0199-aq005|ENST00000813776.1|ENSG00000305888.1|ENSG00000305888|GENCODE v49|GRCh38|application_query-target-TFOsorted	5469	8d87288af79ea12425517feb5219b6fa07d15e01047ea0c0cbe17022de7a46ca	contract_output	1
.paper-artifacts/bioinformatics-canonical-hybrid-v2/performance-pilot/v2perf_vp001__repeat01_a/stderr.log	120899	d99e00234815ef6a33fcd3fd73e2a522dae23616ac122d74a88e75c1c9ab622a	supporting_raw_artifact	1
.paper-artifacts/bioinformatics-canonical-hybrid-v2/performance-pilot/v2perf_vp001__repeat01_a/stdout.log	170	a7b3a9ca7e8d038921ada3693760f02ee2b8066cb271992ffeb77dc2ce71346d	supporting_raw_artifact	1
.paper-artifacts/bioinformatics-canonical-hybrid-v2/performance-pilot/v2perf_vp001__repeat01_a/time.txt	1380	b67b9e7f05a903ec1a55ed659783f09af1b979611baa50c28b3970bfbe5b7f5d	supporting_raw_artifact	1
.paper-artifacts/bioinformatics-canonical-hybrid-v2/performance-pilot/v2perf_vp001__repeat01_h/artifact-manifest.sha256	88	dbe1a5d9bb2254f99d2457f5e11ac91f5077c25bdfef25f4939c2e6d64948b7b	supporting_raw_artifact	1
.paper-artifacts/bioinformatics-canonical-hybrid-v2/performance-pilot/v2perf_vp001__repeat01_h/artifact-manifest.tsv	1546	35e1ede43297581fd0a89a107808775e8fe10e465b1f2a35d2d957d1eb98f0d0	supporting_raw_artifact	1
.paper-artifacts/bioinformatics-canonical-hybrid-v2/performance-pilot/v2perf_vp001__repeat01_h/attempt-complete.json	9176	a7dbbbccbc9f9bcef8021a386eada94fc61aa9553dfa19a61d2442ecd4eb8e8b	attempt_receipt	1
.paper-artifacts/bioinformatics-canonical-hybrid-v2/performance-pilot/v2perf_vp001__repeat01_h/attempt-config.json	1693	177cae2fcfa87a359a2ff455f712af1dd76392dbdd4b8e5933495d3f5a18f489	supporting_raw_artifact	1
.paper-artifacts/bioinformatics-canonical-hybrid-v2/performance-pilot/v2perf_vp001__repeat01_h/attempt-telemetry.tsv	222950	99392478cee9a3ac5497c6dad3206398fd8a24a22f1254fe42eedf6201f07677	per_attempt_telemetry	1
.paper-artifacts/bioinformatics-canonical-hybrid-v2/performance-pilot/v2perf_vp001__repeat01_h/comparator-stderr.log	0	e3b0c44298fc1c149afbf4c8996fb92427ae41e4649b934ca495991b7852b855	supporting_raw_artifact	1
.paper-artifacts/bioinformatics-canonical-hybrid-v2/performance-pilot/v2perf_vp001__repeat01_h/comparator-stdout.log	956	8cb69e393164c3ce0f22e04a202385ff5f5180083666c9dfff170d212027c830	supporting_raw_artifact	1
.paper-artifacts/bioinformatics-canonical-hybrid-v2/performance-pilot/v2perf_vp001__repeat01_h/comparison-details.tsv	15070	bcf61c7c39a043f0b8c7418af9cf3c3c713f0a5dd7a17ac7a01966d319c2dceb	comparison	1
.paper-artifacts/bioinformatics-canonical-hybrid-v2/performance-pilot/v2perf_vp001__repeat01_h/comparison.json	1953	eeba713ddf59ace7c47bf98bb2d538fd15253670464b915c75707af20ad271e3	comparison	1
.paper-artifacts/bioinformatics-canonical-hybrid-v2/performance-pilot/v2perf_vp001__repeat01_h/execution.json	2225	9098796493bf44f6692ae74ac94755829527cecce5370c9a9b03bb4f74a8faa9	supporting_raw_artifact	1
.paper-artifacts/bioinformatics-canonical-hybrid-v2/performance-pilot/v2perf_vp001__repeat01_h/gpu-memory.csv	281	562754e4bc474500174f6213975053e8c5b400f097f0316962a5f298c71bc6e2	supporting_raw_artifact	1
.paper-artifacts/bioinformatics-canonical-hybrid-v2/performance-pilot/v2perf_vp001__repeat01_h/inputs/authority-reference.tfosorted	5469	8d87288af79ea12425517feb5219b6fa07d15e01047ea0c0cbe17022de7a46ca	paired_authority_copy	1
.paper-artifacts/bioinformatics-canonical-hybrid-v2/performance-pilot/v2perf_vp001__repeat01_h/inputs/query.fa	852	a29f6bd6b84b79c9bc6f728ed8c6080eeb1ae18dc0cd27c55a2eed6e2efd66bc	supporting_raw_artifact	1
.paper-artifacts/bioinformatics-canonical-hybrid-v2/performance-pilot/v2perf_vp001__repeat01_h/inputs/target.fa	2641	6faa299bddd51b8be2cd5172ce080a57283be634f6fc4dd2c0c132bf73fd8f51	supporting_raw_artifact	1
.paper-artifacts/bioinformatics-canonical-hybrid-v2/performance-pilot/v2perf_vp001__repeat01_h/output/at0199-aq005|ENST00000813776.1|ENSG00000305888.1|ENSG00000305888|GENCODE v49|GRCh38|application_query-target-TFOsorted	5469	8d87288af79ea12425517feb5219b6fa07d15e01047ea0c0cbe17022de7a46ca	contract_output	1
.paper-artifacts/bioinformatics-canonical-hybrid-v2/performance-pilot/v2perf_vp001__repeat01_h/stderr.log	112486	7627af2d233885ba08578ab53d1d4b331139f6631e2d6c67fa75ff3ae46b8c92	supporting_raw_artifact	1
.paper-artifacts/bioinformatics-canonical-hybrid-v2/performance-pilot/v2perf_vp001__repeat01_h/stdout.log	170	157649085acf768990b19447af035f25e16af442fc745ad12824c35c8fbcb634	supporting_raw_artifact	1
.paper-artifacts/bioinformatics-canonical-hybrid-v2/performance-pilot/v2perf_vp001__repeat01_h/telemetry-summary.json	2690	fed4e9dc073f29aa32040b52efcdbd0461af74471a83614ad052b789f7c2f040	supporting_raw_artifact	1
.paper-artifacts/bioinformatics-canonical-hybrid-v2/performance-pilot/v2perf_vp001__repeat01_h/time.txt	1388	154287dc2b999948f10b28cada86a07f06df5c105bccfbd75b803a8dc74e76a4	supporting_raw_artifact	1
.paper-artifacts/bioinformatics-canonical-hybrid-v2/performance-pilot/v2perf_vp001__repeat02_a/artifact-manifest.sha256	88	0b7541ea9dd33f62b6b7fc372e5f5beb1a8f16b0349e7c989cb3772c97fe0e15	supporting_raw_artifact	1
.paper-artifacts/bioinformatics-canonical-hybrid-v2/performance-pilot/v2perf_vp001__repeat02_a/artifact-manifest.tsv	890	e9db5c5da1ae9a880fe86540f89cfb2d719845003d3863cbcce380f13738edb8	supporting_raw_artifact	1
.paper-artifacts/bioinformatics-canonical-hybrid-v2/performance-pilot/v2perf_vp001__repeat02_a/attempt-complete.json	3669	e2ccf5cdface236065d5a345fd6138494d69fbf4dd0141d4203e9a266d359630	attempt_receipt	1
.paper-artifacts/bioinformatics-canonical-hybrid-v2/performance-pilot/v2perf_vp001__repeat02_a/attempt-config.json	1627	a195701135102946e55ac96b33bac99868df2a24e822b6b399cff94dfc021c4c	supporting_raw_artifact	1
.paper-artifacts/bioinformatics-canonical-hybrid-v2/performance-pilot/v2perf_vp001__repeat02_a/execution.json	2221	ee8aee175670dbd10c22cc30e051c9d183c0f8fc33fd50425b5f01ec3f2d8019	supporting_raw_artifact	1
.paper-artifacts/bioinformatics-canonical-hybrid-v2/performance-pilot/v2perf_vp001__repeat02_a/gpu-memory.csv	0	e3b0c44298fc1c149afbf4c8996fb92427ae41e4649b934ca495991b7852b855	supporting_raw_artifact	1
.paper-artifacts/bioinformatics-canonical-hybrid-v2/performance-pilot/v2perf_vp001__repeat02_a/inputs/query.fa	852	a29f6bd6b84b79c9bc6f728ed8c6080eeb1ae18dc0cd27c55a2eed6e2efd66bc	supporting_raw_artifact	1
.paper-artifacts/bioinformatics-canonical-hybrid-v2/performance-pilot/v2perf_vp001__repeat02_a/inputs/target.fa	2641	6faa299bddd51b8be2cd5172ce080a57283be634f6fc4dd2c0c132bf73fd8f51	supporting_raw_artifact	1
.paper-artifacts/bioinformatics-canonical-hybrid-v2/performance-pilot/v2perf_vp001__repeat02_a/output/at0199-aq005|ENST00000813776.1|ENSG00000305888.1|ENSG00000305888|GENCODE v49|GRCh38|application_query-target-TFOsorted	5469	8d87288af79ea12425517feb5219b6fa07d15e01047ea0c0cbe17022de7a46ca	contract_output	1
.paper-artifacts/bioinformatics-canonical-hybrid-v2/performance-pilot/v2perf_vp001__repeat02_a/stderr.log	120899	d99e00234815ef6a33fcd3fd73e2a522dae23616ac122d74a88e75c1c9ab622a	supporting_raw_artifact	1
.paper-artifacts/bioinformatics-canonical-hybrid-v2/performance-pilot/v2perf_vp001__repeat02_a/stdout.log	170	f6979beae6d8b7218524b54b808167f07367a448d4bf330df3ccfbe18a34b41a	supporting_raw_artifact	1
.paper-artifacts/bioinformatics-canonical-hybrid-v2/performance-pilot/v2perf_vp001__repeat02_a/time.txt	1380	4c6b82e0c0c2ffef3fa5e337900efb815fef6215bf87161693140b3646e0c33a	supporting_raw_artifact	1
.paper-artifacts/bioinformatics-canonical-hybrid-v2/performance-pilot/v2perf_vp001__repeat02_h/artifact-manifest.sha256	88	569005b8a43993d37a23abd920ee4eaeb707dfcf94bef0ed7266cab993f33241	supporting_raw_artifact	1
.paper-artifacts/bioinformatics-canonical-hybrid-v2/performance-pilot/v2perf_vp001__repeat02_h/artifact-manifest.tsv	1546	ca0a40fa22b3537c29d2295a833ef829116a8e6213ab438407270bc8f192b50c	supporting_raw_artifact	1
.paper-artifacts/bioinformatics-canonical-hybrid-v2/performance-pilot/v2perf_vp001__repeat02_h/attempt-complete.json	9177	a02d3ce7aa719f3c4b9a327c6debfddbc82df3e5f3075d3a6c043f96a8615659	attempt_receipt	1
.paper-artifacts/bioinformatics-canonical-hybrid-v2/performance-pilot/v2perf_vp001__repeat02_h/attempt-config.json	1693	dd0d15d7c2f0b6f682337b711fdc248649331fecae0754909120da18904d0fe5	supporting_raw_artifact	1
.paper-artifacts/bioinformatics-canonical-hybrid-v2/performance-pilot/v2perf_vp001__repeat02_h/attempt-telemetry.tsv	222950	99392478cee9a3ac5497c6dad3206398fd8a24a22f1254fe42eedf6201f07677	per_attempt_telemetry	1
.paper-artifacts/bioinformatics-canonical-hybrid-v2/performance-pilot/v2perf_vp001__repeat02_h/comparator-stderr.log	0	e3b0c44298fc1c149afbf4c8996fb92427ae41e4649b934ca495991b7852b855	supporting_raw_artifact	1
.paper-artifacts/bioinformatics-canonical-hybrid-v2/performance-pilot/v2perf_vp001__repeat02_h/comparator-stdout.log	956	9d698515a96e4d9a3487c38bd4170661ff7bb7c31312215c38b9b373d2ffdb07	supporting_raw_artifact	1
.paper-artifacts/bioinformatics-canonical-hybrid-v2/performance-pilot/v2perf_vp001__repeat02_h/comparison-details.tsv	15070	bcf61c7c39a043f0b8c7418af9cf3c3c713f0a5dd7a17ac7a01966d319c2dceb	comparison	1
.paper-artifacts/bioinformatics-canonical-hybrid-v2/performance-pilot/v2perf_vp001__repeat02_h/comparison.json	1953	8c2c8d389bcf366243625062c5d13f692568c3598aea4107ab85329164d174bd	comparison	1
.paper-artifacts/bioinformatics-canonical-hybrid-v2/performance-pilot/v2perf_vp001__repeat02_h/execution.json	2226	597032c844c971c082de7ba0239e0a37eb2509d80d4998c44daf5664c870ba03	supporting_raw_artifact	1
.paper-artifacts/bioinformatics-canonical-hybrid-v2/performance-pilot/v2perf_vp001__repeat02_h/gpu-memory.csv	281	2fd9eb662002ddfa64ad0d17f90517f7cf4f2a40f080bc3001c63331eec1a386	supporting_raw_artifact	1
.paper-artifacts/bioinformatics-canonical-hybrid-v2/performance-pilot/v2perf_vp001__repeat02_h/inputs/authority-reference.tfosorted	5469	8d87288af79ea12425517feb5219b6fa07d15e01047ea0c0cbe17022de7a46ca	paired_authority_copy	1
.paper-artifacts/bioinformatics-canonical-hybrid-v2/performance-pilot/v2perf_vp001__repeat02_h/inputs/query.fa	852	a29f6bd6b84b79c9bc6f728ed8c6080eeb1ae18dc0cd27c55a2eed6e2efd66bc	supporting_raw_artifact	1
.paper-artifacts/bioinformatics-canonical-hybrid-v2/performance-pilot/v2perf_vp001__repeat02_h/inputs/target.fa	2641	6faa299bddd51b8be2cd5172ce080a57283be634f6fc4dd2c0c132bf73fd8f51	supporting_raw_artifact	1
.paper-artifacts/bioinformatics-canonical-hybrid-v2/performance-pilot/v2perf_vp001__repeat02_h/output/at0199-aq005|ENST00000813776.1|ENSG00000305888.1|ENSG00000305888|GENCODE v49|GRCh38|application_query-target-TFOsorted	5469	8d87288af79ea12425517feb5219b6fa07d15e01047ea0c0cbe17022de7a46ca	contract_output	1
.paper-artifacts/bioinformatics-canonical-hybrid-v2/performance-pilot/v2perf_vp001__repeat02_h/stderr.log	112482	5e5b7a7c22f96ab522c64976dbeb5c63535e5f24b55e2f404dc925d0c0bcbfb9	supporting_raw_artifact	1
.paper-artifacts/bioinformatics-canonical-hybrid-v2/performance-pilot/v2perf_vp001__repeat02_h/stdout.log	170	88b5a966847525e9ef0a5305c740f8131484875115625b1c686a37ec32228935	supporting_raw_artifact	1
.paper-artifacts/bioinformatics-canonical-hybrid-v2/performance-pilot/v2perf_vp001__repeat02_h/telemetry-summary.json	2690	74da6d0a0a903090851733c666b705c553c1b6315746ce8098a2ffc8e5586652	supporting_raw_artifact	1
.paper-artifacts/bioinformatics-canonical-hybrid-v2/performance-pilot/v2perf_vp001__repeat02_h/time.txt	1388	8003254664228e3677eec212df3ffc01b3279eb22976f472b1f834f3898216a5	supporting_raw_artifact	1
.paper-artifacts/bioinformatics-canonical-hybrid-v2/performance-pilot/v2perf_vp002__repeat00_a/artifact-manifest.sha256	88	10ce8f1b301981afdfb75423b2e424e0b27860be23a0441f0b3aea22f069658a	supporting_raw_artifact	1
.paper-artifacts/bioinformatics-canonical-hybrid-v2/performance-pilot/v2perf_vp002__repeat00_a/artifact-manifest.tsv	891	5ed8d1ca9b3cc6818485e50df3f4d9d155160135b6a70e22c7544336a4096f45	supporting_raw_artifact	1
.paper-artifacts/bioinformatics-canonical-hybrid-v2/performance-pilot/v2perf_vp002__repeat00_a/attempt-complete.json	3670	00d75eaf031c1b56c60efd6fd6c3c56fe5e9985dd834e8c9d0bb68e30d234e96	attempt_receipt	1
.paper-artifacts/bioinformatics-canonical-hybrid-v2/performance-pilot/v2perf_vp002__repeat00_a/attempt-config.json	1627	ef242bdae6e1dbb0a3b0e17dc01c0b5b492f84ea9c02e00556f0a2d0c3423306	supporting_raw_artifact	1
.paper-artifacts/bioinformatics-canonical-hybrid-v2/performance-pilot/v2perf_vp002__repeat00_a/execution.json	2222	d9158afe567445b4e868965704b313b63b6c56e867dba96036c2d86b32696d6e	supporting_raw_artifact	1
.paper-artifacts/bioinformatics-canonical-hybrid-v2/performance-pilot/v2perf_vp002__repeat00_a/gpu-memory.csv	0	e3b0c44298fc1c149afbf4c8996fb92427ae41e4649b934ca495991b7852b855	supporting_raw_artifact	1
.paper-artifacts/bioinformatics-canonical-hybrid-v2/performance-pilot/v2perf_vp002__repeat00_a/inputs/query.fa	852	a29f6bd6b84b79c9bc6f728ed8c6080eeb1ae18dc0cd27c55a2eed6e2efd66bc	supporting_raw_artifact	1
.paper-artifacts/bioinformatics-canonical-hybrid-v2/performance-pilot/v2perf_vp002__repeat00_a/inputs/target.fa	2640	17878a20b74566170b7a11d90620d341a4d767626f50e6086034a36e440b0660	supporting_raw_artifact	1
.paper-artifacts/bioinformatics-canonical-hybrid-v2/performance-pilot/v2perf_vp002__repeat00_a/output/at0432-aq005|ENST00000813776.1|ENSG00000305888.1|ENSG00000305888|GENCODE v49|GRCh38|application_query-target-TFOsorted	10605	3844965496de3d14b2eaef9247d93ee4e84fd7dd078eecb579d8f0635c2e31c7	contract_output	1
.paper-artifacts/bioinformatics-canonical-hybrid-v2/performance-pilot/v2perf_vp002__repeat00_a/stderr.log	120899	d99e00234815ef6a33fcd3fd73e2a522dae23616ac122d74a88e75c1c9ab622a	supporting_raw_artifact	1
.paper-artifacts/bioinformatics-canonical-hybrid-v2/performance-pilot/v2perf_vp002__repeat00_a/stdout.log	170	e2fc4054d4828c2eeafbc0ed47aef4c798337c1794690c532c07342c3218844f	supporting_raw_artifact	1
.paper-artifacts/bioinformatics-canonical-hybrid-v2/performance-pilot/v2perf_vp002__repeat00_a/time.txt	1379	7196a63c1e39249bcf6f5c713ec6ee8c64bd06a1b3b961db9670a27e1a82293e	supporting_raw_artifact	1
.paper-artifacts/bioinformatics-canonical-hybrid-v2/performance-pilot/v2perf_vp002__repeat00_h/artifact-manifest.sha256	88	4987c3239c0b2fad0fe18739b03baaf21c2bf9c7bd46aeb2920e57761a6c951f	supporting_raw_artifact	1
.paper-artifacts/bioinformatics-canonical-hybrid-v2/performance-pilot/v2perf_vp002__repeat00_h/artifact-manifest.tsv	1548	3521ff312a4ea6537b6532d7f6531e54f501704c2b7a255f9df0a8a184bebd53	supporting_raw_artifact	1
.paper-artifacts/bioinformatics-canonical-hybrid-v2/performance-pilot/v2perf_vp002__repeat00_h/attempt-complete.json	10738	5b5b300f7e7ed5770c350c81cf266d35f6a51ca65cba5ddcc2c7cc1f72a84f39	attempt_receipt	1
.paper-artifacts/bioinformatics-canonical-hybrid-v2/performance-pilot/v2perf_vp002__repeat00_h/attempt-config.json	1693	2d9de834803750c55f26d70b6b746fcca9bb9f5ffc5884ca65f620d239f2655d	supporting_raw_artifact	1
.paper-artifacts/bioinformatics-canonical-hybrid-v2/performance-pilot/v2perf_vp002__repeat00_h/attempt-telemetry.tsv	274713	ef5bdc91d5a9e09b7fb107ed676bc9d280a82ccdc0eb44c69c0a8372586f08ce	per_attempt_telemetry	1
.paper-artifacts/bioinformatics-canonical-hybrid-v2/performance-pilot/v2perf_vp002__repeat00_h/comparator-stderr.log	0	e3b0c44298fc1c149afbf4c8996fb92427ae41e4649b934ca495991b7852b855	supporting_raw_artifact	1
.paper-artifacts/bioinformatics-canonical-hybrid-v2/performance-pilot/v2perf_vp002__repeat00_h/comparator-stdout.log	956	abc013bf113386dddb954e131e9693c65adf7f9fa58b8d55e9aaf92ebb6b827f	supporting_raw_artifact	1
.paper-artifacts/bioinformatics-canonical-hybrid-v2/performance-pilot/v2perf_vp002__repeat00_h/comparison-details.tsv	15490	63762325f4dfed0de6f72d8b58b33b3f358ef8c1361457ebe03a650553708f6f	comparison	1
.paper-artifacts/bioinformatics-canonical-hybrid-v2/performance-pilot/v2perf_vp002__repeat00_h/comparison.json	1953	69eceb6f236cdbc33d7fa1c771789a74bb7ce37deed9bf6d8454425d4a05419b	comparison	1
.paper-artifacts/bioinformatics-canonical-hybrid-v2/performance-pilot/v2perf_vp002__repeat00_h/execution.json	2225	585e4153518b386d878a3d179c2414f3a615a4325a41cf07e466b738a7a7f8f7	supporting_raw_artifact	1
.paper-artifacts/bioinformatics-canonical-hybrid-v2/performance-pilot/v2perf_vp002__repeat00_h/gpu-memory.csv	282	994eb6edff483ee10948ee158b06ecc1bbee3e2e9091ef33fdc4f88dcffea503	supporting_raw_artifact	1
.paper-artifacts/bioinformatics-canonical-hybrid-v2/performance-pilot/v2perf_vp002__repeat00_h/inputs/authority-reference.tfosorted	10605	3844965496de3d14b2eaef9247d93ee4e84fd7dd078eecb579d8f0635c2e31c7	paired_authority_copy	1
.paper-artifacts/bioinformatics-canonical-hybrid-v2/performance-pilot/v2perf_vp002__repeat00_h/inputs/query.fa	852	a29f6bd6b84b79c9bc6f728ed8c6080eeb1ae18dc0cd27c55a2eed6e2efd66bc	supporting_raw_artifact	1
.paper-artifacts/bioinformatics-canonical-hybrid-v2/performance-pilot/v2perf_vp002__repeat00_h/inputs/target.fa	2640	17878a20b74566170b7a11d90620d341a4d767626f50e6086034a36e440b0660	supporting_raw_artifact	1
.paper-artifacts/bioinformatics-canonical-hybrid-v2/performance-pilot/v2perf_vp002__repeat00_h/output/at0432-aq005|ENST00000813776.1|ENSG00000305888.1|ENSG00000305888|GENCODE v49|GRCh38|application_query-target-TFOsorted	10605	3844965496de3d14b2eaef9247d93ee4e84fd7dd078eecb579d8f0635c2e31c7	contract_output	1
.paper-artifacts/bioinformatics-canonical-hybrid-v2/performance-pilot/v2perf_vp002__repeat00_h/stderr.log	112480	b740645e3125c4356c45620342b50850ddfea65fa446a649341f8d3032c63cad	supporting_raw_artifact	1
.paper-artifacts/bioinformatics-canonical-hybrid-v2/performance-pilot/v2perf_vp002__repeat00_h/stdout.log	170	1e467ab2c8ec77e6da196e2cafc1a48851887b868dd6b1588250dd5625747e36	supporting_raw_artifact	1
.paper-artifacts/bioinformatics-canonical-hybrid-v2/performance-pilot/v2perf_vp002__repeat00_h/telemetry-summary.json	4164	b3343f81de8d6fddb9a93b5d8167cc4e429a21d8fb78012705bd559f52002301	supporting_raw_artifact	1
.paper-artifacts/bioinformatics-canonical-hybrid-v2/performance-pilot/v2perf_vp002__repeat00_h/time.txt	1388	62fb6a3a706afa5070d2d1cdea59be53b47e3152de63c169bc96410cf8585864	supporting_raw_artifact	1
.paper-artifacts/bioinformatics-canonical-hybrid-v2/performance-pilot/v2perf_vp002__repeat01_a/artifact-manifest.sha256	88	67a261e4fd6586205458a6e61d2fc2d71e830ef4fc768d6313c93f9d71d49e9a	supporting_raw_artifact	1
.paper-artifacts/bioinformatics-canonical-hybrid-v2/performance-pilot/v2perf_vp002__repeat01_a/artifact-manifest.tsv	891	d73f0049448e4891bfb1f779c811b62a30f9faae44bcfa447c7aaa5885802d13	supporting_raw_artifact	1
.paper-artifacts/bioinformatics-canonical-hybrid-v2/performance-pilot/v2perf_vp002__repeat01_a/attempt-complete.json	3669	0dae93e3f0b7ad901195b49bde8f6d913eb9a756f390983cc8a45a09a08f6121	attempt_receipt	1
.paper-artifacts/bioinformatics-canonical-hybrid-v2/performance-pilot/v2perf_vp002__repeat01_a/attempt-config.json	1627	69687608941169194b147ea2d97dc719e8eb0fac6fc23926bd4540a9937ed9fc	supporting_raw_artifact	1
.paper-artifacts/bioinformatics-canonical-hybrid-v2/performance-pilot/v2perf_vp002__repeat01_a/execution.json	2221	5af400a713bf6d8fb9009b32e57300fe03ffa5e6b17b8d2d83b2440c4ba5afbf	supporting_raw_artifact	1
.paper-artifacts/bioinformatics-canonical-hybrid-v2/performance-pilot/v2perf_vp002__repeat01_a/gpu-memory.csv	0	e3b0c44298fc1c149afbf4c8996fb92427ae41e4649b934ca495991b7852b855	supporting_raw_artifact	1
.paper-artifacts/bioinformatics-canonical-hybrid-v2/performance-pilot/v2perf_vp002__repeat01_a/inputs/query.fa	852	a29f6bd6b84b79c9bc6f728ed8c6080eeb1ae18dc0cd27c55a2eed6e2efd66bc	supporting_raw_artifact	1
.paper-artifacts/bioinformatics-canonical-hybrid-v2/performance-pilot/v2perf_vp002__repeat01_a/inputs/target.fa	2640	17878a20b74566170b7a11d90620d341a4d767626f50e6086034a36e440b0660	supporting_raw_artifact	1
.paper-artifacts/bioinformatics-canonical-hybrid-v2/performance-pilot/v2perf_vp002__repeat01_a/output/at0432-aq005|ENST00000813776.1|ENSG00000305888.1|ENSG00000305888|GENCODE v49|GRCh38|application_query-target-TFOsorted	10605	3844965496de3d14b2eaef9247d93ee4e84fd7dd078eecb579d8f0635c2e31c7	contract_output	1
.paper-artifacts/bioinformatics-canonical-hybrid-v2/performance-pilot/v2perf_vp002__repeat01_a/stderr.log	120899	d99e00234815ef6a33fcd3fd73e2a522dae23616ac122d74a88e75c1c9ab622a	supporting_raw_artifact	1
.paper-artifacts/bioinformatics-canonical-hybrid-v2/performance-pilot/v2perf_vp002__repeat01_a/stdout.log	170	fe13280d7e74018f576d4ea295464381854c6d371eb2d0eca4eb8732442c78ca	supporting_raw_artifact	1
.paper-artifacts/bioinformatics-canonical-hybrid-v2/performance-pilot/v2perf_vp002__repeat01_a/time.txt	1380	64b59f65741bbed1bddefcc30cf130847e842a6c0e53636089b63a4039c72a0a	supporting_raw_artifact	1
.paper-artifacts/bioinformatics-canonical-hybrid-v2/performance-pilot/v2perf_vp002__repeat01_h/artifact-manifest.sha256	88	0c210e60d151e587831dd8907742cb74f25de8d1db4de52cee0e79e2d1c76160	supporting_raw_artifact	1
.paper-artifacts/bioinformatics-canonical-hybrid-v2/performance-pilot/v2perf_vp002__repeat01_h/artifact-manifest.tsv	1548	012d3d934a6896eb14a7bbbd732733252a10c98a295e6e8304ecc2327cc8a07b	supporting_raw_artifact	1
.paper-artifacts/bioinformatics-canonical-hybrid-v2/performance-pilot/v2perf_vp002__repeat01_h/attempt-complete.json	10737	d29d10d24d6a96cdd89adb968dea7eedb975f54fa86fe8dd039e0742aa48808a	attempt_receipt	1
.paper-artifacts/bioinformatics-canonical-hybrid-v2/performance-pilot/v2perf_vp002__repeat01_h/attempt-config.json	1694	947c6239fe51e2138a727372190dbc7e9a2efcb329762335430704981842c454	supporting_raw_artifact	1
.paper-artifacts/bioinformatics-canonical-hybrid-v2/performance-pilot/v2perf_vp002__repeat01_h/attempt-telemetry.tsv	274713	ef5bdc91d5a9e09b7fb107ed676bc9d280a82ccdc0eb44c69c0a8372586f08ce	per_attempt_telemetry	1
.paper-artifacts/bioinformatics-canonical-hybrid-v2/performance-pilot/v2perf_vp002__repeat01_h/comparator-stderr.log	0	e3b0c44298fc1c149afbf4c8996fb92427ae41e4649b934ca495991b7852b855	supporting_raw_artifact	1
.paper-artifacts/bioinformatics-canonical-hybrid-v2/performance-pilot/v2perf_vp002__repeat01_h/comparator-stdout.log	956	3fd2665d9a99b7ec70346d63711fc92928f583dafe65dc365cbb308eb613ef0c	supporting_raw_artifact	1
.paper-artifacts/bioinformatics-canonical-hybrid-v2/performance-pilot/v2perf_vp002__repeat01_h/comparison-details.tsv	15490	63762325f4dfed0de6f72d8b58b33b3f358ef8c1361457ebe03a650553708f6f	comparison	1
.paper-artifacts/bioinformatics-canonical-hybrid-v2/performance-pilot/v2perf_vp002__repeat01_h/comparison.json	1953	282b81a52def2aefe3a99281f004c6de9714ebbca2c58ca926ad7c87aeb19afe	comparison	1
.paper-artifacts/bioinformatics-canonical-hybrid-v2/performance-pilot/v2perf_vp002__repeat01_h/execution.json	2225	f9d8fbd6125fa809726d0d6e15de73eb843ea353c50c3fb22cd765a7f1c4f068	supporting_raw_artifact	1
.paper-artifacts/bioinformatics-canonical-hybrid-v2/performance-pilot/v2perf_vp002__repeat01_h/gpu-memory.csv	282	8b328370507428544d7d52c8a3341ee838bdd841b4e55276033de68ef1a20c6b	supporting_raw_artifact	1
.paper-artifacts/bioinformatics-canonical-hybrid-v2/performance-pilot/v2perf_vp002__repeat01_h/inputs/authority-reference.tfosorted	10605	3844965496de3d14b2eaef9247d93ee4e84fd7dd078eecb579d8f0635c2e31c7	paired_authority_copy	1
.paper-artifacts/bioinformatics-canonical-hybrid-v2/performance-pilot/v2perf_vp002__repeat01_h/inputs/query.fa	852	a29f6bd6b84b79c9bc6f728ed8c6080eeb1ae18dc0cd27c55a2eed6e2efd66bc	supporting_raw_artifact	1
.paper-artifacts/bioinformatics-canonical-hybrid-v2/performance-pilot/v2perf_vp002__repeat01_h/inputs/target.fa	2640	17878a20b74566170b7a11d90620d341a4d767626f50e6086034a36e440b0660	supporting_raw_artifact	1
.paper-artifacts/bioinformatics-canonical-hybrid-v2/performance-pilot/v2perf_vp002__repeat01_h/output/at0432-aq005|ENST00000813776.1|ENSG00000305888.1|ENSG00000305888|GENCODE v49|GRCh38|application_query-target-TFOsorted	10605	3844965496de3d14b2eaef9247d93ee4e84fd7dd078eecb579d8f0635c2e31c7	contract_output	1
.paper-artifacts/bioinformatics-canonical-hybrid-v2/performance-pilot/v2perf_vp002__repeat01_h/stderr.log	112481	d8551922dc3bf9d7b76cb40f5fcde620accb85e5b03a3507b09d9113798524a2	supporting_raw_artifact	1
.paper-artifacts/bioinformatics-canonical-hybrid-v2/performance-pilot/v2perf_vp002__repeat01_h/stdout.log	168	ec337df1a0071bffc03ffbe40f14e651c48fcfaaf32ec360648971775c0e94c4	supporting_raw_artifact	1
.paper-artifacts/bioinformatics-canonical-hybrid-v2/performance-pilot/v2perf_vp002__repeat01_h/telemetry-summary.json	4163	31fc7fcd5ddf6f48e1d09e7d6cb7716a0750af73dbf752b7d13a38f105e6ad22	supporting_raw_artifact	1
.paper-artifacts/bioinformatics-canonical-hybrid-v2/performance-pilot/v2perf_vp002__repeat01_h/time.txt	1388	94f7d71ac0dbebf8b0edb96a2b0da9208a5c829aee6b6bacb52cc6047bb555af	supporting_raw_artifact	1
.paper-artifacts/bioinformatics-canonical-hybrid-v2/performance-pilot/v2perf_vp002__repeat02_a/artifact-manifest.sha256	88	0e5b9fcd4c6a6f4a6d2d2905e63231996297ecbc319b11e861d4d943f716a1ba	supporting_raw_artifact	1
.paper-artifacts/bioinformatics-canonical-hybrid-v2/performance-pilot/v2perf_vp002__repeat02_a/artifact-manifest.tsv	891	2eea35fb220dbf35461ce6289b46388f4afd9d583b1253741fa2b26acc8ee3f7	supporting_raw_artifact	1
.paper-artifacts/bioinformatics-canonical-hybrid-v2/performance-pilot/v2perf_vp002__repeat02_a/attempt-complete.json	3668	a0831a793902935aed4b37d8899744e555b76f6eb125877285b80c3462030acb	attempt_receipt	1
.paper-artifacts/bioinformatics-canonical-hybrid-v2/performance-pilot/v2perf_vp002__repeat02_a/attempt-config.json	1628	1a983ce95b7825f59c749d6ad2a85027eef095cf03d11d6dd9f3e4daba9eae9b	supporting_raw_artifact	1
.paper-artifacts/bioinformatics-canonical-hybrid-v2/performance-pilot/v2perf_vp002__repeat02_a/execution.json	2220	bee341a6f8498fc2377290018ad93bea41db7105879021d8c8944c506adc0846	supporting_raw_artifact	1
.paper-artifacts/bioinformatics-canonical-hybrid-v2/performance-pilot/v2perf_vp002__repeat02_a/gpu-memory.csv	0	e3b0c44298fc1c149afbf4c8996fb92427ae41e4649b934ca495991b7852b855	supporting_raw_artifact	1
.paper-artifacts/bioinformatics-canonical-hybrid-v2/performance-pilot/v2perf_vp002__repeat02_a/inputs/query.fa	852	a29f6bd6b84b79c9bc6f728ed8c6080eeb1ae18dc0cd27c55a2eed6e2efd66bc	supporting_raw_artifact	1
.paper-artifacts/bioinformatics-canonical-hybrid-v2/performance-pilot/v2perf_vp002__repeat02_a/inputs/target.fa	2640	17878a20b74566170b7a11d90620d341a4d767626f50e6086034a36e440b0660	supporting_raw_artifact	1
.paper-artifacts/bioinformatics-canonical-hybrid-v2/performance-pilot/v2perf_vp002__repeat02_a/output/at0432-aq005|ENST00000813776.1|ENSG00000305888.1|ENSG00000305888|GENCODE v49|GRCh38|application_query-target-TFOsorted	10605	3844965496de3d14b2eaef9247d93ee4e84fd7dd078eecb579d8f0635c2e31c7	contract_output	1
.paper-artifacts/bioinformatics-canonical-hybrid-v2/performance-pilot/v2perf_vp002__repeat02_a/stderr.log	120899	d99e00234815ef6a33fcd3fd73e2a522dae23616ac122d74a88e75c1c9ab622a	supporting_raw_artifact	1
.paper-artifacts/bioinformatics-canonical-hybrid-v2/performance-pilot/v2perf_vp002__repeat02_a/stdout.log	169	6ded02f169f62489d5d496709d7a4918bdff517c3e387ff7576afb95eff4e8c6	supporting_raw_artifact	1
.paper-artifacts/bioinformatics-canonical-hybrid-v2/performance-pilot/v2perf_vp002__repeat02_a/time.txt	1379	ffa25d38331c3d82c60a3976b74b0625c6cbdd348dff46f60fcfdcf5bf5a1d3a	supporting_raw_artifact	1
.paper-artifacts/bioinformatics-canonical-hybrid-v2/performance-pilot/v2perf_vp002__repeat02_h/artifact-manifest.sha256	88	21b8bb9f0f7476aa47a94fb6dde2c024c79583367215ce8e3ff09a335f157d0d	supporting_raw_artifact	1
.paper-artifacts/bioinformatics-canonical-hybrid-v2/performance-pilot/v2perf_vp002__repeat02_h/artifact-manifest.tsv	1548	a516d89b923d063c04a91b569db3d1b7c96c50882cb0b930ec3b8e7f76639b45	supporting_raw_artifact	1
.paper-artifacts/bioinformatics-canonical-hybrid-v2/performance-pilot/v2perf_vp002__repeat02_h/attempt-complete.json	10735	dc7f7482587091ee58946911bb79c64b4f864b4bde88d76f3715d9e7ba53d3f4	attempt_receipt	1
.paper-artifacts/bioinformatics-canonical-hybrid-v2/performance-pilot/v2perf_vp002__repeat02_h/attempt-config.json	1694	55092418d5b8c91c61c2a1749514791fb8f047a98949969a61da65f6c070f5f1	supporting_raw_artifact	1
.paper-artifacts/bioinformatics-canonical-hybrid-v2/performance-pilot/v2perf_vp002__repeat02_h/attempt-telemetry.tsv	274713	ef5bdc91d5a9e09b7fb107ed676bc9d280a82ccdc0eb44c69c0a8372586f08ce	per_attempt_telemetry	1
.paper-artifacts/bioinformatics-canonical-hybrid-v2/performance-pilot/v2perf_vp002__repeat02_h/comparator-stderr.log	0	e3b0c44298fc1c149afbf4c8996fb92427ae41e4649b934ca495991b7852b855	supporting_raw_artifact	1
.paper-artifacts/bioinformatics-canonical-hybrid-v2/performance-pilot/v2perf_vp002__repeat02_h/comparator-stdout.log	956	0ba7d175eebe7fe34bac6f108db1e5a5ed6d3516631cf040cd37ca3b93074709	supporting_raw_artifact	1
.paper-artifacts/bioinformatics-canonical-hybrid-v2/performance-pilot/v2perf_vp002__repeat02_h/comparison-details.tsv	15490	63762325f4dfed0de6f72d8b58b33b3f358ef8c1361457ebe03a650553708f6f	comparison	1
.paper-artifacts/bioinformatics-canonical-hybrid-v2/performance-pilot/v2perf_vp002__repeat02_h/comparison.json	1953	a04227a2e6e6e2aedf2cb4e5d97b7d913b23acdc49df6aefefa19ee58fe4cc74	comparison	1
.paper-artifacts/bioinformatics-canonical-hybrid-v2/performance-pilot/v2perf_vp002__repeat02_h/execution.json	2224	bc648b1a0beb166f8b32526333dd24a5eee7dac4d5dc9aa2d48e9fcc1b511fe3	supporting_raw_artifact	1
.paper-artifacts/bioinformatics-canonical-hybrid-v2/performance-pilot/v2perf_vp002__repeat02_h/gpu-memory.csv	281	bc8173cc011d1e56332e33afbe3b96bbda3520374831622501db848eb3230a9c	supporting_raw_artifact	1
.paper-artifacts/bioinformatics-canonical-hybrid-v2/performance-pilot/v2perf_vp002__repeat02_h/inputs/authority-reference.tfosorted	10605	3844965496de3d14b2eaef9247d93ee4e84fd7dd078eecb579d8f0635c2e31c7	paired_authority_copy	1
.paper-artifacts/bioinformatics-canonical-hybrid-v2/performance-pilot/v2perf_vp002__repeat02_h/inputs/query.fa	852	a29f6bd6b84b79c9bc6f728ed8c6080eeb1ae18dc0cd27c55a2eed6e2efd66bc	supporting_raw_artifact	1
.paper-artifacts/bioinformatics-canonical-hybrid-v2/performance-pilot/v2perf_vp002__repeat02_h/inputs/target.fa	2640	17878a20b74566170b7a11d90620d341a4d767626f50e6086034a36e440b0660	supporting_raw_artifact	1
.paper-artifacts/bioinformatics-canonical-hybrid-v2/performance-pilot/v2perf_vp002__repeat02_h/output/at0432-aq005|ENST00000813776.1|ENSG00000305888.1|ENSG00000305888|GENCODE v49|GRCh38|application_query-target-TFOsorted	10605	3844965496de3d14b2eaef9247d93ee4e84fd7dd078eecb579d8f0635c2e31c7	contract_output	1
.paper-artifacts/bioinformatics-canonical-hybrid-v2/performance-pilot/v2perf_vp002__repeat02_h/stderr.log	112480	aa545c3039649277c9a08f46c4593307e84204a6c229fbacb7494db40b5f30f6	supporting_raw_artifact	1
.paper-artifacts/bioinformatics-canonical-hybrid-v2/performance-pilot/v2perf_vp002__repeat02_h/stdout.log	169	3c43d20540eaf2c59e5bee40111bbaa88339d212a6d4ae2a1e6124adb81f168c	supporting_raw_artifact	1
.paper-artifacts/bioinformatics-canonical-hybrid-v2/performance-pilot/v2perf_vp002__repeat02_h/telemetry-summary.json	4162	706571ad796d0586ac36cb9ecfcdd140d085c136adb609c187ca7a86cabaf6ac	supporting_raw_artifact	1
.paper-artifacts/bioinformatics-canonical-hybrid-v2/performance-pilot/v2perf_vp002__repeat02_h/time.txt	1388	37251200f6b3d4a515b8bec250d2d87de4defb4dbcfb1d2c6af1e62b5f4fc8a6	supporting_raw_artifact	1
.paper-artifacts/bioinformatics-canonical-hybrid-v2/performance-pilot/v2perf_vp003__repeat00_a/artifact-manifest.sha256	88	2374f95a75e86b8c035936baad6ab7db2dd8011ff5ae3162f553364a288935e7	supporting_raw_artifact	1
.paper-artifacts/bioinformatics-canonical-hybrid-v2/performance-pilot/v2perf_vp003__repeat00_a/artifact-manifest.tsv	891	9a1f65be21d1d45c856ed282ef22f9a5c003de10d09c48780414e27858125991	supporting_raw_artifact	1
.paper-artifacts/bioinformatics-canonical-hybrid-v2/performance-pilot/v2perf_vp003__repeat00_a/attempt-complete.json	3669	714dadf98912fb95036e2b4c7882fbbef6a4b65222d824053a37e86ba6e4ab4e	attempt_receipt	1
.paper-artifacts/bioinformatics-canonical-hybrid-v2/performance-pilot/v2perf_vp003__repeat00_a/attempt-config.json	1628	21e1ba0d66d6eec19fd576a5201516f5576670e4510ca8541a36152d16f6ff24	supporting_raw_artifact	1
.paper-artifacts/bioinformatics-canonical-hybrid-v2/performance-pilot/v2perf_vp003__repeat00_a/execution.json	2221	042b909809662dd13c6db5de71faaeb663bd7d6ff729190dd905cdbaf83ab665	supporting_raw_artifact	1
.paper-artifacts/bioinformatics-canonical-hybrid-v2/performance-pilot/v2perf_vp003__repeat00_a/gpu-memory.csv	0	e3b0c44298fc1c149afbf4c8996fb92427ae41e4649b934ca495991b7852b855	supporting_raw_artifact	1
.paper-artifacts/bioinformatics-canonical-hybrid-v2/performance-pilot/v2perf_vp003__repeat00_a/inputs/query.fa	1328	832f62e446364f2a06553d0501ea14aa6463dc2378e07aec57d28bf532441cb6	supporting_raw_artifact	1
.paper-artifacts/bioinformatics-canonical-hybrid-v2/performance-pilot/v2perf_vp003__repeat00_a/inputs/target.fa	2641	6faa299bddd51b8be2cd5172ce080a57283be634f6fc4dd2c0c132bf73fd8f51	supporting_raw_artifact	1
.paper-artifacts/bioinformatics-canonical-hybrid-v2/performance-pilot/v2perf_vp003__repeat00_a/output/at0199-aq006|ENST00000837511.1|ENSG00000308962.1|ENSG00000308962|GENCODE v49|GRCh38|application_query-target-TFOsorted	2561	e5185b25b66a4f6961c89065564deb65d5209621fc13fc4f9c10e7332f6acd34	contract_output	1
.paper-artifacts/bioinformatics-canonical-hybrid-v2/performance-pilot/v2perf_vp003__repeat00_a/stderr.log	120901	498b44022fb392a8d4c2d9ba89da93458d762d24761f79991b49e16950f1fa89	supporting_raw_artifact	1
.paper-artifacts/bioinformatics-canonical-hybrid-v2/performance-pilot/v2perf_vp003__repeat00_a/stdout.log	170	89b8950b48fa6d1e8bf0f23e25d2d35a6530aaa9352df712f825b994dce05d84	supporting_raw_artifact	1
.paper-artifacts/bioinformatics-canonical-hybrid-v2/performance-pilot/v2perf_vp003__repeat00_a/time.txt	1378	af1d7d16771749f296942d724090ebb10f6407f815a0a078055e98ef9b30394c	supporting_raw_artifact	1
.paper-artifacts/bioinformatics-canonical-hybrid-v2/performance-pilot/v2perf_vp003__repeat00_h/artifact-manifest.sha256	88	9b1220d2b41e0254f5c844e7c638e8ce7a5739f125fb30885e2c350a45eee859	supporting_raw_artifact	1
.paper-artifacts/bioinformatics-canonical-hybrid-v2/performance-pilot/v2perf_vp003__repeat00_h/artifact-manifest.tsv	1547	517706084b2c2f06dc5a2b9459c4771013ad6dc98d51ecbfe633916c5ac3e274	supporting_raw_artifact	1
.paper-artifacts/bioinformatics-canonical-hybrid-v2/performance-pilot/v2perf_vp003__repeat00_h/attempt-complete.json	8251	81fb040527bd658c3049ecb7b3db3da2f46dd8e687429cbaf25c5d6c00746cc1	attempt_receipt	1
.paper-artifacts/bioinformatics-canonical-hybrid-v2/performance-pilot/v2perf_vp003__repeat00_h/attempt-config.json	1694	3649784c5852f785357d5017a7816cb1f91b40a2bdc3b68cf0611a3bce93744a	supporting_raw_artifact	1
.paper-artifacts/bioinformatics-canonical-hybrid-v2/performance-pilot/v2perf_vp003__repeat00_h/attempt-telemetry.tsv	321940	333f2d0591645d239b2a91b6d15d4322700d4c01629612a4d6095fa426c1ae23	per_attempt_telemetry	1
.paper-artifacts/bioinformatics-canonical-hybrid-v2/performance-pilot/v2perf_vp003__repeat00_h/comparator-stderr.log	0	e3b0c44298fc1c149afbf4c8996fb92427ae41e4649b934ca495991b7852b855	supporting_raw_artifact	1
.paper-artifacts/bioinformatics-canonical-hybrid-v2/performance-pilot/v2perf_vp003__repeat00_h/comparator-stdout.log	956	54f73342183ec734e5e34031cb66c472753800d3668bcea2c5a42d04b6bb6455	supporting_raw_artifact	1
.paper-artifacts/bioinformatics-canonical-hybrid-v2/performance-pilot/v2perf_vp003__repeat00_h/comparison-details.tsv	15590	0f2a66028cb1b40f05451b5bb4cd52349ff4b5f071e2edcf27655323132b2579	comparison	1
.paper-artifacts/bioinformatics-canonical-hybrid-v2/performance-pilot/v2perf_vp003__repeat00_h/comparison.json	1953	c2edd88260b87c401e6688027efc1c93bb6e63351331bc46599241ebc532b39d	comparison	1
.paper-artifacts/bioinformatics-canonical-hybrid-v2/performance-pilot/v2perf_vp003__repeat00_h/execution.json	2225	c6dde57167c318e02151cfb4b38ba7d0cc094877f4fae897103c3f35e3d5c3ef	supporting_raw_artifact	1
.paper-artifacts/bioinformatics-canonical-hybrid-v2/performance-pilot/v2perf_vp003__repeat00_h/gpu-memory.csv	421	7b14af97962d842723513d820a7481eae0036bb970e21cf1f23277a3432889f7	supporting_raw_artifact	1
.paper-artifacts/bioinformatics-canonical-hybrid-v2/performance-pilot/v2perf_vp003__repeat00_h/inputs/authority-reference.tfosorted	2561	e5185b25b66a4f6961c89065564deb65d5209621fc13fc4f9c10e7332f6acd34	paired_authority_copy	1
.paper-artifacts/bioinformatics-canonical-hybrid-v2/performance-pilot/v2perf_vp003__repeat00_h/inputs/query.fa	1328	832f62e446364f2a06553d0501ea14aa6463dc2378e07aec57d28bf532441cb6	supporting_raw_artifact	1
.paper-artifacts/bioinformatics-canonical-hybrid-v2/performance-pilot/v2perf_vp003__repeat00_h/inputs/target.fa	2641	6faa299bddd51b8be2cd5172ce080a57283be634f6fc4dd2c0c132bf73fd8f51	supporting_raw_artifact	1
.paper-artifacts/bioinformatics-canonical-hybrid-v2/performance-pilot/v2perf_vp003__repeat00_h/output/at0199-aq006|ENST00000837511.1|ENSG00000308962.1|ENSG00000308962|GENCODE v49|GRCh38|application_query-target-TFOsorted	2561	e5185b25b66a4f6961c89065564deb65d5209621fc13fc4f9c10e7332f6acd34	contract_output	1
.paper-artifacts/bioinformatics-canonical-hybrid-v2/performance-pilot/v2perf_vp003__repeat00_h/stderr.log	112486	76ecef5136040b237e7cb2c8c3c0414cf1ebbf6b372b319548fd15dd0c6303bf	supporting_raw_artifact	1
.paper-artifacts/bioinformatics-canonical-hybrid-v2/performance-pilot/v2perf_vp003__repeat00_h/stdout.log	170	d4aea916b06112be469e9517e838a26ad3eed53951b2aab8c3ac96612108c7ce	supporting_raw_artifact	1
.paper-artifacts/bioinformatics-canonical-hybrid-v2/performance-pilot/v2perf_vp003__repeat00_h/telemetry-summary.json	1817	4b0ab7d2f8cfc425d430ddaba99673afb47b2264152bba1006b8099b60199ada	supporting_raw_artifact	1
.paper-artifacts/bioinformatics-canonical-hybrid-v2/performance-pilot/v2perf_vp003__repeat00_h/time.txt	1388	35a53b4e0f9cb4aa1dbf9bda1a975d1ff4137bc5a1e6548ae32e07ab8ab5566c	supporting_raw_artifact	1
.paper-artifacts/bioinformatics-canonical-hybrid-v2/performance-pilot/v2perf_vp003__repeat01_a/artifact-manifest.sha256	88	6a8c8fac677d022c49d1815903f1ceadd178276c722d42d764e38381a3534af0	supporting_raw_artifact	1
.paper-artifacts/bioinformatics-canonical-hybrid-v2/performance-pilot/v2perf_vp003__repeat01_a/artifact-manifest.tsv	891	94fb0671c3ce1915117ea90197d808ef5df232050e39590e722125b522655690	supporting_raw_artifact	1
.paper-artifacts/bioinformatics-canonical-hybrid-v2/performance-pilot/v2perf_vp003__repeat01_a/attempt-complete.json	3668	6360c48bd7d9147c900cb1418f5e1013e51b27336b5961a6056aa69fe329a82d	attempt_receipt	1
.paper-artifacts/bioinformatics-canonical-hybrid-v2/performance-pilot/v2perf_vp003__repeat01_a/attempt-config.json	1628	1f784821af76f6dbeafde9b66d8e8676896a684bb495ad24a3c8cd56798619a7	supporting_raw_artifact	1
.paper-artifacts/bioinformatics-canonical-hybrid-v2/performance-pilot/v2perf_vp003__repeat01_a/execution.json	2220	6d5a07b27324a6262a6e1f31c027b05eaba720ea4d02a0dffd27e1e8a76c7fb8	supporting_raw_artifact	1
.paper-artifacts/bioinformatics-canonical-hybrid-v2/performance-pilot/v2perf_vp003__repeat01_a/gpu-memory.csv	0	e3b0c44298fc1c149afbf4c8996fb92427ae41e4649b934ca495991b7852b855	supporting_raw_artifact	1
.paper-artifacts/bioinformatics-canonical-hybrid-v2/performance-pilot/v2perf_vp003__repeat01_a/inputs/query.fa	1328	832f62e446364f2a06553d0501ea14aa6463dc2378e07aec57d28bf532441cb6	supporting_raw_artifact	1
.paper-artifacts/bioinformatics-canonical-hybrid-v2/performance-pilot/v2perf_vp003__repeat01_a/inputs/target.fa	2641	6faa299bddd51b8be2cd5172ce080a57283be634f6fc4dd2c0c132bf73fd8f51	supporting_raw_artifact	1
.paper-artifacts/bioinformatics-canonical-hybrid-v2/performance-pilot/v2perf_vp003__repeat01_a/output/at0199-aq006|ENST00000837511.1|ENSG00000308962.1|ENSG00000308962|GENCODE v49|GRCh38|application_query-target-TFOsorted	2561	e5185b25b66a4f6961c89065564deb65d5209621fc13fc4f9c10e7332f6acd34	contract_output	1
.paper-artifacts/bioinformatics-canonical-hybrid-v2/performance-pilot/v2perf_vp003__repeat01_a/stderr.log	120901	498b44022fb392a8d4c2d9ba89da93458d762d24761f79991b49e16950f1fa89	supporting_raw_artifact	1
.paper-artifacts/bioinformatics-canonical-hybrid-v2/performance-pilot/v2perf_vp003__repeat01_a/stdout.log	170	78a77cff94e147b02068e30dff8bba840a827cb3b24578d3157c0d8f28859ed9	supporting_raw_artifact	1
.paper-artifacts/bioinformatics-canonical-hybrid-v2/performance-pilot/v2perf_vp003__repeat01_a/time.txt	1379	556546aa48fd7f03af4885d0aa0418ee1843785d264fd546b04493532e64a891	supporting_raw_artifact	1
.paper-artifacts/bioinformatics-canonical-hybrid-v2/performance-pilot/v2perf_vp003__repeat01_h/artifact-manifest.sha256	88	1eaad6ad3033aa155f5fb15c2d0f28b7f512e6b79aeb9150da578f6bc3a8b180	supporting_raw_artifact	1
.paper-artifacts/bioinformatics-canonical-hybrid-v2/performance-pilot/v2perf_vp003__repeat01_h/artifact-manifest.tsv	1547	f107f952d0e24e588edca76e0eeb49a2dda4bd76a4a2e9bf7d337ea82de646bc	supporting_raw_artifact	1
.paper-artifacts/bioinformatics-canonical-hybrid-v2/performance-pilot/v2perf_vp003__repeat01_h/attempt-complete.json	8251	5713d13b1246fd23c5694b0e5e091119b5fc72989c9b60b259cc87b9d615f851	attempt_receipt	1
.paper-artifacts/bioinformatics-canonical-hybrid-v2/performance-pilot/v2perf_vp003__repeat01_h/attempt-config.json	1694	f577530700432106a221bcbf611a4bd1f290475c54a5dec6fef5631f83f4ab09	supporting_raw_artifact	1
.paper-artifacts/bioinformatics-canonical-hybrid-v2/performance-pilot/v2perf_vp003__repeat01_h/attempt-telemetry.tsv	321940	333f2d0591645d239b2a91b6d15d4322700d4c01629612a4d6095fa426c1ae23	per_attempt_telemetry	1
.paper-artifacts/bioinformatics-canonical-hybrid-v2/performance-pilot/v2perf_vp003__repeat01_h/comparator-stderr.log	0	e3b0c44298fc1c149afbf4c8996fb92427ae41e4649b934ca495991b7852b855	supporting_raw_artifact	1
.paper-artifacts/bioinformatics-canonical-hybrid-v2/performance-pilot/v2perf_vp003__repeat01_h/comparator-stdout.log	956	81f13cdb9332a31207304023e1d2b372ddc68e3cc7f4d1d8619aa73231d66f3a	supporting_raw_artifact	1
.paper-artifacts/bioinformatics-canonical-hybrid-v2/performance-pilot/v2perf_vp003__repeat01_h/comparison-details.tsv	15590	0f2a66028cb1b40f05451b5bb4cd52349ff4b5f071e2edcf27655323132b2579	comparison	1
.paper-artifacts/bioinformatics-canonical-hybrid-v2/performance-pilot/v2perf_vp003__repeat01_h/comparison.json	1953	4558953de68185a75d414d638da46b673870153658c5b4f091a0e8953e87f3b2	comparison	1
.paper-artifacts/bioinformatics-canonical-hybrid-v2/performance-pilot/v2perf_vp003__repeat01_h/execution.json	2225	19d7602c056006985ff646edba9c0e304a23bff0c408eb92e8b0a6016233998b	supporting_raw_artifact	1
.paper-artifacts/bioinformatics-canonical-hybrid-v2/performance-pilot/v2perf_vp003__repeat01_h/gpu-memory.csv	421	1e49d09f257d949854f9a33449a5aadf6e009c37df0d151897a1e1521167ff5d	supporting_raw_artifact	1
.paper-artifacts/bioinformatics-canonical-hybrid-v2/performance-pilot/v2perf_vp003__repeat01_h/inputs/authority-reference.tfosorted	2561	e5185b25b66a4f6961c89065564deb65d5209621fc13fc4f9c10e7332f6acd34	paired_authority_copy	1
.paper-artifacts/bioinformatics-canonical-hybrid-v2/performance-pilot/v2perf_vp003__repeat01_h/inputs/query.fa	1328	832f62e446364f2a06553d0501ea14aa6463dc2378e07aec57d28bf532441cb6	supporting_raw_artifact	1
.paper-artifacts/bioinformatics-canonical-hybrid-v2/performance-pilot/v2perf_vp003__repeat01_h/inputs/target.fa	2641	6faa299bddd51b8be2cd5172ce080a57283be634f6fc4dd2c0c132bf73fd8f51	supporting_raw_artifact	1
.paper-artifacts/bioinformatics-canonical-hybrid-v2/performance-pilot/v2perf_vp003__repeat01_h/output/at0199-aq006|ENST00000837511.1|ENSG00000308962.1|ENSG00000308962|GENCODE v49|GRCh38|application_query-target-TFOsorted	2561	e5185b25b66a4f6961c89065564deb65d5209621fc13fc4f9c10e7332f6acd34	contract_output	1
.paper-artifacts/bioinformatics-canonical-hybrid-v2/performance-pilot/v2perf_vp003__repeat01_h/stderr.log	112485	a9c8ee9c0dc152e3d652d4e3b287d9a5638e32ce8503a977e9dcdf7903f54140	supporting_raw_artifact	1
.paper-artifacts/bioinformatics-canonical-hybrid-v2/performance-pilot/v2perf_vp003__repeat01_h/stdout.log	170	bd45950ac13b8aa5c08ab52e2b9596678b1cfb8325e42e55c9ad64083cca7c43	supporting_raw_artifact	1
.paper-artifacts/bioinformatics-canonical-hybrid-v2/performance-pilot/v2perf_vp003__repeat01_h/telemetry-summary.json	1817	0b7c212f7f7478ad821d0f37aa43245ad8364101a756b261c516ec3d291b2682	supporting_raw_artifact	1
.paper-artifacts/bioinformatics-canonical-hybrid-v2/performance-pilot/v2perf_vp003__repeat01_h/time.txt	1388	de57beae994147257e2b99af27ec09d35479a5356bb715517b507e4bba23888e	supporting_raw_artifact	1
.paper-artifacts/bioinformatics-canonical-hybrid-v2/performance-pilot/v2perf_vp003__repeat02_a/artifact-manifest.sha256	88	40176f59e9d684a2b6ba7461856d28d87275ffe89940bbf3a147838cca5edf95	supporting_raw_artifact	1
.paper-artifacts/bioinformatics-canonical-hybrid-v2/performance-pilot/v2perf_vp003__repeat02_a/artifact-manifest.tsv	891	2cc2a0f626ff8dc3d4f6f93aba43398a6965e805976630cdb73debcb7ec38ccd	supporting_raw_artifact	1
.paper-artifacts/bioinformatics-canonical-hybrid-v2/performance-pilot/v2perf_vp003__repeat02_a/attempt-complete.json	3668	08cc46e05081bb4ddc01700435e4b5886c9785978f35cdeda84da7a7633ecfaa	attempt_receipt	1
.paper-artifacts/bioinformatics-canonical-hybrid-v2/performance-pilot/v2perf_vp003__repeat02_a/attempt-config.json	1628	00e8fe5fef21b3b253d6e4667a18fdf4b6665dd5792e12ee62e61dee192cdb84	supporting_raw_artifact	1
.paper-artifacts/bioinformatics-canonical-hybrid-v2/performance-pilot/v2perf_vp003__repeat02_a/execution.json	2220	a40f7441a2c8dfd30dd9eb108d08d4398db56c02fd0502b9846cd3a974b742c1	supporting_raw_artifact	1
.paper-artifacts/bioinformatics-canonical-hybrid-v2/performance-pilot/v2perf_vp003__repeat02_a/gpu-memory.csv	0	e3b0c44298fc1c149afbf4c8996fb92427ae41e4649b934ca495991b7852b855	supporting_raw_artifact	1
.paper-artifacts/bioinformatics-canonical-hybrid-v2/performance-pilot/v2perf_vp003__repeat02_a/inputs/query.fa	1328	832f62e446364f2a06553d0501ea14aa6463dc2378e07aec57d28bf532441cb6	supporting_raw_artifact	1
.paper-artifacts/bioinformatics-canonical-hybrid-v2/performance-pilot/v2perf_vp003__repeat02_a/inputs/target.fa	2641	6faa299bddd51b8be2cd5172ce080a57283be634f6fc4dd2c0c132bf73fd8f51	supporting_raw_artifact	1
.paper-artifacts/bioinformatics-canonical-hybrid-v2/performance-pilot/v2perf_vp003__repeat02_a/output/at0199-aq006|ENST00000837511.1|ENSG00000308962.1|ENSG00000308962|GENCODE v49|GRCh38|application_query-target-TFOsorted	2561	e5185b25b66a4f6961c89065564deb65d5209621fc13fc4f9c10e7332f6acd34	contract_output	1
.paper-artifacts/bioinformatics-canonical-hybrid-v2/performance-pilot/v2perf_vp003__repeat02_a/stderr.log	120901	498b44022fb392a8d4c2d9ba89da93458d762d24761f79991b49e16950f1fa89	supporting_raw_artifact	1
.paper-artifacts/bioinformatics-canonical-hybrid-v2/performance-pilot/v2perf_vp003__repeat02_a/stdout.log	170	b5d45487371d30bc49d5136224a582ee4ffbb69d3ca60dfcafb67f03a80d2851	supporting_raw_artifact	1
.paper-artifacts/bioinformatics-canonical-hybrid-v2/performance-pilot/v2perf_vp003__repeat02_a/time.txt	1379	905065305d671a9ea8956948971815d8df4d70a232cc9197347c19253c9b3371	supporting_raw_artifact	1
.paper-artifacts/bioinformatics-canonical-hybrid-v2/performance-pilot/v2perf_vp003__repeat02_h/artifact-manifest.sha256	88	c9f2d5dd9e423124acb78128e4f51d30a9b762e59a1eb443a3c3dea6b9cb7abe	supporting_raw_artifact	1
.paper-artifacts/bioinformatics-canonical-hybrid-v2/performance-pilot/v2perf_vp003__repeat02_h/artifact-manifest.tsv	1547	e8d572638f237b2dc78a0909f05029df264552653e58500d9db99de197ce4da2	supporting_raw_artifact	1
.paper-artifacts/bioinformatics-canonical-hybrid-v2/performance-pilot/v2perf_vp003__repeat02_h/attempt-complete.json	8249	941dd1b229d8e94a65012f09bcb2ab88e42bda58a2120cc15932f08e0b2b93e5	attempt_receipt	1
.paper-artifacts/bioinformatics-canonical-hybrid-v2/performance-pilot/v2perf_vp003__repeat02_h/attempt-config.json	1694	dcf60e47f70d9e1a67f30a610ac7f670aca7a8604175a6feddd00fe4b162a001	supporting_raw_artifact	1
.paper-artifacts/bioinformatics-canonical-hybrid-v2/performance-pilot/v2perf_vp003__repeat02_h/attempt-telemetry.tsv	321940	333f2d0591645d239b2a91b6d15d4322700d4c01629612a4d6095fa426c1ae23	per_attempt_telemetry	1
.paper-artifacts/bioinformatics-canonical-hybrid-v2/performance-pilot/v2perf_vp003__repeat02_h/comparator-stderr.log	0	e3b0c44298fc1c149afbf4c8996fb92427ae41e4649b934ca495991b7852b855	supporting_raw_artifact	1
.paper-artifacts/bioinformatics-canonical-hybrid-v2/performance-pilot/v2perf_vp003__repeat02_h/comparator-stdout.log	956	f1d2718bece9e701022f90ef3648ad97a8716d33c55a3a5936cedfd061d9a1d4	supporting_raw_artifact	1
.paper-artifacts/bioinformatics-canonical-hybrid-v2/performance-pilot/v2perf_vp003__repeat02_h/comparison-details.tsv	15590	0f2a66028cb1b40f05451b5bb4cd52349ff4b5f071e2edcf27655323132b2579	comparison	1
.paper-artifacts/bioinformatics-canonical-hybrid-v2/performance-pilot/v2perf_vp003__repeat02_h/comparison.json	1953	e3cae2158d887b571445647de5f6bb7b053c2738705a175aa95cf0ae21b9efce	comparison	1
.paper-artifacts/bioinformatics-canonical-hybrid-v2/performance-pilot/v2perf_vp003__repeat02_h/execution.json	2225	833716a5ee7fb2875d461fcffe1272c5dabe8118f9e8649ccfee7fd405969eea	supporting_raw_artifact	1
.paper-artifacts/bioinformatics-canonical-hybrid-v2/performance-pilot/v2perf_vp003__repeat02_h/gpu-memory.csv	281	974b6a7721d79ad8d2fc748652af1dd60d0c8c71bb5d0d45256c73b4f1e2dfb8	supporting_raw_artifact	1
.paper-artifacts/bioinformatics-canonical-hybrid-v2/performance-pilot/v2perf_vp003__repeat02_h/inputs/authority-reference.tfosorted	2561	e5185b25b66a4f6961c89065564deb65d5209621fc13fc4f9c10e7332f6acd34	paired_authority_copy	1
.paper-artifacts/bioinformatics-canonical-hybrid-v2/performance-pilot/v2perf_vp003__repeat02_h/inputs/query.fa	1328	832f62e446364f2a06553d0501ea14aa6463dc2378e07aec57d28bf532441cb6	supporting_raw_artifact	1
.paper-artifacts/bioinformatics-canonical-hybrid-v2/performance-pilot/v2perf_vp003__repeat02_h/inputs/target.fa	2641	6faa299bddd51b8be2cd5172ce080a57283be634f6fc4dd2c0c132bf73fd8f51	supporting_raw_artifact	1
.paper-artifacts/bioinformatics-canonical-hybrid-v2/performance-pilot/v2perf_vp003__repeat02_h/output/at0199-aq006|ENST00000837511.1|ENSG00000308962.1|ENSG00000308962|GENCODE v49|GRCh38|application_query-target-TFOsorted	2561	e5185b25b66a4f6961c89065564deb65d5209621fc13fc4f9c10e7332f6acd34	contract_output	1
.paper-artifacts/bioinformatics-canonical-hybrid-v2/performance-pilot/v2perf_vp003__repeat02_h/stderr.log	112484	a5cdf0f41f0151749034c0c3a9eba7f39ac3255f04dc7c21f4b6f585555e7d40	supporting_raw_artifact	1
.paper-artifacts/bioinformatics-canonical-hybrid-v2/performance-pilot/v2perf_vp003__repeat02_h/stdout.log	170	98d56a52560376b65d3223ae43117446a36416ec77f286763b021dcbaa2e176e	supporting_raw_artifact	1
.paper-artifacts/bioinformatics-canonical-hybrid-v2/performance-pilot/v2perf_vp003__repeat02_h/telemetry-summary.json	1815	08fa894aeae039ee64e451f4fa81bdd986d700a4828a2fd38c3c1efd4b23592a	supporting_raw_artifact	1
.paper-artifacts/bioinformatics-canonical-hybrid-v2/performance-pilot/v2perf_vp003__repeat02_h/time.txt	1388	be9a2408a04acd75b3eef2298dcd045d4cc43e9331385ba49792ccfa9635a73d	supporting_raw_artifact	1
.paper-artifacts/bioinformatics-canonical-hybrid-v2/performance-pilot/v2perf_vp004__repeat00_a/artifact-manifest.sha256	88	1a2acee804e732a4d66788aa7188f59512805744c8b4b711cdb3f3e3eac70104	supporting_raw_artifact	1
.paper-artifacts/bioinformatics-canonical-hybrid-v2/performance-pilot/v2perf_vp004__repeat00_a/artifact-manifest.tsv	891	69f67d86695bdd9e4dbb8e79b26a228a520e49a04bd6e8c436ed21f4cdf64ad0	supporting_raw_artifact	1
.paper-artifacts/bioinformatics-canonical-hybrid-v2/performance-pilot/v2perf_vp004__repeat00_a/attempt-complete.json	3668	366bd53b49891c62dbce910eb87b7139e1976dfd0a79661225d92f85f2ce68a8	attempt_receipt	1
.paper-artifacts/bioinformatics-canonical-hybrid-v2/performance-pilot/v2perf_vp004__repeat00_a/attempt-config.json	1628	88c3f3c72175589c9e2af0d9823cabd7beb7a4013448faf1f877eb6beeb8724b	supporting_raw_artifact	1
.paper-artifacts/bioinformatics-canonical-hybrid-v2/performance-pilot/v2perf_vp004__repeat00_a/execution.json	2221	e20194355abd7193fb6c7c7a53ad987c2cd24d1c042350775cd8d5b69b2d76c2	supporting_raw_artifact	1
.paper-artifacts/bioinformatics-canonical-hybrid-v2/performance-pilot/v2perf_vp004__repeat00_a/gpu-memory.csv	0	e3b0c44298fc1c149afbf4c8996fb92427ae41e4649b934ca495991b7852b855	supporting_raw_artifact	1
.paper-artifacts/bioinformatics-canonical-hybrid-v2/performance-pilot/v2perf_vp004__repeat00_a/inputs/query.fa	1328	832f62e446364f2a06553d0501ea14aa6463dc2378e07aec57d28bf532441cb6	supporting_raw_artifact	1
.paper-artifacts/bioinformatics-canonical-hybrid-v2/performance-pilot/v2perf_vp004__repeat00_a/inputs/target.fa	2640	17878a20b74566170b7a11d90620d341a4d767626f50e6086034a36e440b0660	supporting_raw_artifact	1
.paper-artifacts/bioinformatics-canonical-hybrid-v2/performance-pilot/v2perf_vp004__repeat00_a/output/at0432-aq006|ENST00000837511.1|ENSG00000308962.1|ENSG00000308962|GENCODE v49|GRCh38|application_query-target-TFOsorted	1206	e10f36f38264a4367b646a996549ab9f361ae9d5cd192a44f782feb639bca870	contract_output	1
.paper-artifacts/bioinformatics-canonical-hybrid-v2/performance-pilot/v2perf_vp004__repeat00_a/stderr.log	120901	498b44022fb392a8d4c2d9ba89da93458d762d24761f79991b49e16950f1fa89	supporting_raw_artifact	1
.paper-artifacts/bioinformatics-canonical-hybrid-v2/performance-pilot/v2perf_vp004__repeat00_a/stdout.log	170	b1bda1237a18fe0bc2bdda7238b80094c0dca336cf7fae2af139e66d2c80ebf5	supporting_raw_artifact	1
.paper-artifacts/bioinformatics-canonical-hybrid-v2/performance-pilot/v2perf_vp004__repeat00_a/time.txt	1378	c10c92dfd2cc150044ab0439ef8a41aefb9c45f268ec825d63a7e55e95dabb40	supporting_raw_artifact	1
.paper-artifacts/bioinformatics-canonical-hybrid-v2/performance-pilot/v2perf_vp004__repeat00_h/artifact-manifest.sha256	88	57b9e4d48a2ea73a9cdab5411631746a9025d9ee2c3fd5e455e2606e82b69953	supporting_raw_artifact	1
.paper-artifacts/bioinformatics-canonical-hybrid-v2/performance-pilot/v2perf_vp004__repeat00_h/artifact-manifest.tsv	1546	8cc423725df59367a9b2f932d500afc9c9e3d9e44750d68482e8c94126b37ec9	supporting_raw_artifact	1
.paper-artifacts/bioinformatics-canonical-hybrid-v2/performance-pilot/v2perf_vp004__repeat00_h/attempt-complete.json	7820	77c7ec784523110441ce90f27e93bc599e8d80c45fde60220b25d6d512753895	attempt_receipt	1
.paper-artifacts/bioinformatics-canonical-hybrid-v2/performance-pilot/v2perf_vp004__repeat00_h/attempt-config.json	1694	8b60dda55a7a72cbdd177e3dfb042483da9c2caeebdd850b0b2047ada5c6d77e	supporting_raw_artifact	1
.paper-artifacts/bioinformatics-canonical-hybrid-v2/performance-pilot/v2perf_vp004__repeat00_h/attempt-telemetry.tsv	415902	2aad3ec29e098fc456d6ce119ca0fac1a40c5a837d53d303c264b23a90581ee8	per_attempt_telemetry	1
.paper-artifacts/bioinformatics-canonical-hybrid-v2/performance-pilot/v2perf_vp004__repeat00_h/comparator-stderr.log	0	e3b0c44298fc1c149afbf4c8996fb92427ae41e4649b934ca495991b7852b855	supporting_raw_artifact	1
.paper-artifacts/bioinformatics-canonical-hybrid-v2/performance-pilot/v2perf_vp004__repeat00_h/comparator-stdout.log	952	b34dac4fabd07093fa1989c0b46837fa342f4b1e4e7113ac476b4ffe2f017530	supporting_raw_artifact	1
.paper-artifacts/bioinformatics-canonical-hybrid-v2/performance-pilot/v2perf_vp004__repeat00_h/comparison-details.tsv	9993	868d1d2c44f03f6edfbb49a668e9070f29603d5059e8e288b2dcf2915118cbd0	comparison	1
.paper-artifacts/bioinformatics-canonical-hybrid-v2/performance-pilot/v2perf_vp004__repeat00_h/comparison.json	1951	435ef245a700113aa1c73e72685afdb8acbfa71ece972de6b4d99924c2675563	comparison	1
.paper-artifacts/bioinformatics-canonical-hybrid-v2/performance-pilot/v2perf_vp004__repeat00_h/execution.json	2225	984831497d6aed485843174f2fe8f0da7ce1da834c9301207490978e038de498	supporting_raw_artifact	1
.paper-artifacts/bioinformatics-canonical-hybrid-v2/performance-pilot/v2perf_vp004__repeat00_h/gpu-memory.csv	281	2127fab1725c645880164c6641174305848f5405be0d4617cc8d394a0d33ec2a	supporting_raw_artifact	1
.paper-artifacts/bioinformatics-canonical-hybrid-v2/performance-pilot/v2perf_vp004__repeat00_h/inputs/authority-reference.tfosorted	1206	e10f36f38264a4367b646a996549ab9f361ae9d5cd192a44f782feb639bca870	paired_authority_copy	1
.paper-artifacts/bioinformatics-canonical-hybrid-v2/performance-pilot/v2perf_vp004__repeat00_h/inputs/query.fa	1328	832f62e446364f2a06553d0501ea14aa6463dc2378e07aec57d28bf532441cb6	supporting_raw_artifact	1
.paper-artifacts/bioinformatics-canonical-hybrid-v2/performance-pilot/v2perf_vp004__repeat00_h/inputs/target.fa	2640	17878a20b74566170b7a11d90620d341a4d767626f50e6086034a36e440b0660	supporting_raw_artifact	1
.paper-artifacts/bioinformatics-canonical-hybrid-v2/performance-pilot/v2perf_vp004__repeat00_h/output/at0432-aq006|ENST00000837511.1|ENSG00000308962.1|ENSG00000308962|GENCODE v49|GRCh38|application_query-target-TFOsorted	1206	e10f36f38264a4367b646a996549ab9f361ae9d5cd192a44f782feb639bca870	contract_output	1
.paper-artifacts/bioinformatics-canonical-hybrid-v2/performance-pilot/v2perf_vp004__repeat00_h/stderr.log	112488	4ad3208223fc0d2c40cd552d207254ee14f8ae7d0e1dde4f62bfd409b50e1507	supporting_raw_artifact	1
.paper-artifacts/bioinformatics-canonical-hybrid-v2/performance-pilot/v2perf_vp004__repeat00_h/stdout.log	170	be0d1a43b4c5419adeaf2c0f3bc9f55b7f1e4dee9de7707804da2dfd9a11a1d8	supporting_raw_artifact	1
.paper-artifacts/bioinformatics-canonical-hybrid-v2/performance-pilot/v2perf_vp004__repeat00_h/telemetry-summary.json	1413	bad61bba2de1e1313fbda099ac72bb1be4f23d53f241de332d964df15c177666	supporting_raw_artifact	1
.paper-artifacts/bioinformatics-canonical-hybrid-v2/performance-pilot/v2perf_vp004__repeat00_h/time.txt	1388	107b92d809a567336f144329c05ce0b8bb280e5260dbb05ddeb5ccc386d5ab73	supporting_raw_artifact	1
.paper-artifacts/bioinformatics-canonical-hybrid-v2/performance-pilot/v2perf_vp004__repeat01_a/artifact-manifest.sha256	88	4d0cf310cdd58bcc83a5ad54703d0753236a7ebff5cc163025c0616a59a360cb	supporting_raw_artifact	1
.paper-artifacts/bioinformatics-canonical-hybrid-v2/performance-pilot/v2perf_vp004__repeat01_a/artifact-manifest.tsv	891	72dbf0b9822587072e9b88c29ef7e09d8809372a663e140f83856124a6cb6849	supporting_raw_artifact	1
.paper-artifacts/bioinformatics-canonical-hybrid-v2/performance-pilot/v2perf_vp004__repeat01_a/attempt-complete.json	3667	834311bc63739badc2d20797ba4b4bfb2283f49940f8957fb2003c80623a6eac	attempt_receipt	1
.paper-artifacts/bioinformatics-canonical-hybrid-v2/performance-pilot/v2perf_vp004__repeat01_a/attempt-config.json	1628	6f118dd995175a1fff3e11809ab8402b4384d4ec2e958bc1bce65e275f3bd5f4	supporting_raw_artifact	1
.paper-artifacts/bioinformatics-canonical-hybrid-v2/performance-pilot/v2perf_vp004__repeat01_a/execution.json	2220	3bed07fb0761ac33e3713e6cf9412bd11d222abaa109954bbd94923c33fc865b	supporting_raw_artifact	1
.paper-artifacts/bioinformatics-canonical-hybrid-v2/performance-pilot/v2perf_vp004__repeat01_a/gpu-memory.csv	0	e3b0c44298fc1c149afbf4c8996fb92427ae41e4649b934ca495991b7852b855	supporting_raw_artifact	1
.paper-artifacts/bioinformatics-canonical-hybrid-v2/performance-pilot/v2perf_vp004__repeat01_a/inputs/query.fa	1328	832f62e446364f2a06553d0501ea14aa6463dc2378e07aec57d28bf532441cb6	supporting_raw_artifact	1
.paper-artifacts/bioinformatics-canonical-hybrid-v2/performance-pilot/v2perf_vp004__repeat01_a/inputs/target.fa	2640	17878a20b74566170b7a11d90620d341a4d767626f50e6086034a36e440b0660	supporting_raw_artifact	1
.paper-artifacts/bioinformatics-canonical-hybrid-v2/performance-pilot/v2perf_vp004__repeat01_a/output/at0432-aq006|ENST00000837511.1|ENSG00000308962.1|ENSG00000308962|GENCODE v49|GRCh38|application_query-target-TFOsorted	1206	e10f36f38264a4367b646a996549ab9f361ae9d5cd192a44f782feb639bca870	contract_output	1
.paper-artifacts/bioinformatics-canonical-hybrid-v2/performance-pilot/v2perf_vp004__repeat01_a/stderr.log	120901	498b44022fb392a8d4c2d9ba89da93458d762d24761f79991b49e16950f1fa89	supporting_raw_artifact	1
.paper-artifacts/bioinformatics-canonical-hybrid-v2/performance-pilot/v2perf_vp004__repeat01_a/stdout.log	170	c080955e438cc67a30f26f1eb3340a3f14882af42dd32cbe12a3391adea536ed	supporting_raw_artifact	1
.paper-artifacts/bioinformatics-canonical-hybrid-v2/performance-pilot/v2perf_vp004__repeat01_a/time.txt	1379	5aa4c52ef2951fb11b102d28a330ba38004a7cbb3356acc4c63332d2b437cbc9	supporting_raw_artifact	1
.paper-artifacts/bioinformatics-canonical-hybrid-v2/performance-pilot/v2perf_vp004__repeat01_h/artifact-manifest.sha256	88	ddb7e0fa5891b1212d8a4e9f469fd987b86caa92ee486606ad2aa3db82aeca7b	supporting_raw_artifact	1
.paper-artifacts/bioinformatics-canonical-hybrid-v2/performance-pilot/v2perf_vp004__repeat01_h/artifact-manifest.tsv	1546	0d478a0d9f33773e71dc9c6318c0cfc63dc8265e3732b0749052f585091c1f0e	supporting_raw_artifact	1
.paper-artifacts/bioinformatics-canonical-hybrid-v2/performance-pilot/v2perf_vp004__repeat01_h/attempt-complete.json	7821	3087178982e44f4b1cb3e876631e990950808bca6137c42b580e15959650cee3	attempt_receipt	1
.paper-artifacts/bioinformatics-canonical-hybrid-v2/performance-pilot/v2perf_vp004__repeat01_h/attempt-config.json	1694	2d8b3f5861b811d7ff10d78d73b8f2e4cb60060c81f757114851e73dc4faf855	supporting_raw_artifact	1
.paper-artifacts/bioinformatics-canonical-hybrid-v2/performance-pilot/v2perf_vp004__repeat01_h/attempt-telemetry.tsv	415902	2aad3ec29e098fc456d6ce119ca0fac1a40c5a837d53d303c264b23a90581ee8	per_attempt_telemetry	1
.paper-artifacts/bioinformatics-canonical-hybrid-v2/performance-pilot/v2perf_vp004__repeat01_h/comparator-stderr.log	0	e3b0c44298fc1c149afbf4c8996fb92427ae41e4649b934ca495991b7852b855	supporting_raw_artifact	1
.paper-artifacts/bioinformatics-canonical-hybrid-v2/performance-pilot/v2perf_vp004__repeat01_h/comparator-stdout.log	952	c4e434ea785e5b23128d1b847d181c3061c09ded00d405645506a2e520f548d9	supporting_raw_artifact	1
.paper-artifacts/bioinformatics-canonical-hybrid-v2/performance-pilot/v2perf_vp004__repeat01_h/comparison-details.tsv	9993	868d1d2c44f03f6edfbb49a668e9070f29603d5059e8e288b2dcf2915118cbd0	comparison	1
.paper-artifacts/bioinformatics-canonical-hybrid-v2/performance-pilot/v2perf_vp004__repeat01_h/comparison.json	1951	317ab16194763de3bd81c1aacc75dc90e015bef8574c2e76778bc2eb761f0265	comparison	1
.paper-artifacts/bioinformatics-canonical-hybrid-v2/performance-pilot/v2perf_vp004__repeat01_h/execution.json	2226	063024161b57231ec202be77a4642102548e76e25e5e111ce96e7903e02c421c	supporting_raw_artifact	1
.paper-artifacts/bioinformatics-canonical-hybrid-v2/performance-pilot/v2perf_vp004__repeat01_h/gpu-memory.csv	281	30bd3e94096a159738b37e613148fe453eff9b98dd182bc5edd7e26089bdc2a5	supporting_raw_artifact	1
.paper-artifacts/bioinformatics-canonical-hybrid-v2/performance-pilot/v2perf_vp004__repeat01_h/inputs/authority-reference.tfosorted	1206	e10f36f38264a4367b646a996549ab9f361ae9d5cd192a44f782feb639bca870	paired_authority_copy	1
.paper-artifacts/bioinformatics-canonical-hybrid-v2/performance-pilot/v2perf_vp004__repeat01_h/inputs/query.fa	1328	832f62e446364f2a06553d0501ea14aa6463dc2378e07aec57d28bf532441cb6	supporting_raw_artifact	1
.paper-artifacts/bioinformatics-canonical-hybrid-v2/performance-pilot/v2perf_vp004__repeat01_h/inputs/target.fa	2640	17878a20b74566170b7a11d90620d341a4d767626f50e6086034a36e440b0660	supporting_raw_artifact	1
.paper-artifacts/bioinformatics-canonical-hybrid-v2/performance-pilot/v2perf_vp004__repeat01_h/output/at0432-aq006|ENST00000837511.1|ENSG00000308962.1|ENSG00000308962|GENCODE v49|GRCh38|application_query-target-TFOsorted	1206	e10f36f38264a4367b646a996549ab9f361ae9d5cd192a44f782feb639bca870	contract_output	1
.paper-artifacts/bioinformatics-canonical-hybrid-v2/performance-pilot/v2perf_vp004__repeat01_h/stderr.log	112486	9340ed257ec5b97180e51870e60a27bf0109ea8273bafb8c68d3361e08c368d4	supporting_raw_artifact	1
.paper-artifacts/bioinformatics-canonical-hybrid-v2/performance-pilot/v2perf_vp004__repeat01_h/stdout.log	170	d6044d63529efa2b7ff7aecce04a2002fa40c6dcc4d7cb359651d1eb120be96f	supporting_raw_artifact	1
.paper-artifacts/bioinformatics-canonical-hybrid-v2/performance-pilot/v2perf_vp004__repeat01_h/telemetry-summary.json	1413	780d22d1fcdfe50018b0ec2e90c58e8f3f8fc70ef926a3d5b19ed8d36ef1d72b	supporting_raw_artifact	1
.paper-artifacts/bioinformatics-canonical-hybrid-v2/performance-pilot/v2perf_vp004__repeat01_h/time.txt	1388	208ffec5411faa4acf44f6efa7d0e224d290b52b2f242aae884c133f34699ae3	supporting_raw_artifact	1
.paper-artifacts/bioinformatics-canonical-hybrid-v2/performance-pilot/v2perf_vp004__repeat02_a/artifact-manifest.sha256	88	3d6605a0d52eb4adbf8cd4934f1d9d4e0bf59dd2fee798b9dd634ef47fe82fba	supporting_raw_artifact	1
.paper-artifacts/bioinformatics-canonical-hybrid-v2/performance-pilot/v2perf_vp004__repeat02_a/artifact-manifest.tsv	891	639c57552d7d61e92a32a7ab47de11a0219789a716ddfa6839fff48fc461403a	supporting_raw_artifact	1
.paper-artifacts/bioinformatics-canonical-hybrid-v2/performance-pilot/v2perf_vp004__repeat02_a/attempt-complete.json	3668	714a97d3fa25c0067dc36349cac7fda89561bb7252aaa6816277bbecbd638439	attempt_receipt	1
.paper-artifacts/bioinformatics-canonical-hybrid-v2/performance-pilot/v2perf_vp004__repeat02_a/attempt-config.json	1628	6a63c0dacd2da482828433bf843e2de252cf3601cec8bfaf22495bbb1909ff69	supporting_raw_artifact	1
.paper-artifacts/bioinformatics-canonical-hybrid-v2/performance-pilot/v2perf_vp004__repeat02_a/execution.json	2221	15632e7aa43b38a7655e3798635abf94f0eab2b440462cc75eaaeb9e5c3ecf90	supporting_raw_artifact	1
.paper-artifacts/bioinformatics-canonical-hybrid-v2/performance-pilot/v2perf_vp004__repeat02_a/gpu-memory.csv	0	e3b0c44298fc1c149afbf4c8996fb92427ae41e4649b934ca495991b7852b855	supporting_raw_artifact	1
.paper-artifacts/bioinformatics-canonical-hybrid-v2/performance-pilot/v2perf_vp004__repeat02_a/inputs/query.fa	1328	832f62e446364f2a06553d0501ea14aa6463dc2378e07aec57d28bf532441cb6	supporting_raw_artifact	1
.paper-artifacts/bioinformatics-canonical-hybrid-v2/performance-pilot/v2perf_vp004__repeat02_a/inputs/target.fa	2640	17878a20b74566170b7a11d90620d341a4d767626f50e6086034a36e440b0660	supporting_raw_artifact	1
.paper-artifacts/bioinformatics-canonical-hybrid-v2/performance-pilot/v2perf_vp004__repeat02_a/output/at0432-aq006|ENST00000837511.1|ENSG00000308962.1|ENSG00000308962|GENCODE v49|GRCh38|application_query-target-TFOsorted	1206	e10f36f38264a4367b646a996549ab9f361ae9d5cd192a44f782feb639bca870	contract_output	1
.paper-artifacts/bioinformatics-canonical-hybrid-v2/performance-pilot/v2perf_vp004__repeat02_a/stderr.log	120901	498b44022fb392a8d4c2d9ba89da93458d762d24761f79991b49e16950f1fa89	supporting_raw_artifact	1
.paper-artifacts/bioinformatics-canonical-hybrid-v2/performance-pilot/v2perf_vp004__repeat02_a/stdout.log	169	82df130015c6809c2a52008bda35cc6e9ac3ec7134bdf311e1ee891f630486bc	supporting_raw_artifact	1
.paper-artifacts/bioinformatics-canonical-hybrid-v2/performance-pilot/v2perf_vp004__repeat02_a/time.txt	1378	fb0cd0ecf5df65882bb253eeb4b4377dd8670640240fdf4ba04df98e13412c23	supporting_raw_artifact	1
.paper-artifacts/bioinformatics-canonical-hybrid-v2/performance-pilot/v2perf_vp004__repeat02_h/artifact-manifest.sha256	88	87e7669b2cacb51799746f2fe40634da67957f6147a846ea0d4aab3d781d6c42	supporting_raw_artifact	1
.paper-artifacts/bioinformatics-canonical-hybrid-v2/performance-pilot/v2perf_vp004__repeat02_h/artifact-manifest.tsv	1546	0b5bf3b7ec91d771fe77eb53b3927bfd7f6f4583ca886f1cb41979b711601f98	supporting_raw_artifact	1
.paper-artifacts/bioinformatics-canonical-hybrid-v2/performance-pilot/v2perf_vp004__repeat02_h/attempt-complete.json	7821	3da7f8b2c58acc0639742a25d78daa09750e5a8b46f56daac243a56a0ba6b8ff	attempt_receipt	1
.paper-artifacts/bioinformatics-canonical-hybrid-v2/performance-pilot/v2perf_vp004__repeat02_h/attempt-config.json	1694	62c4d49bc2b157e9a889201ccdcf10f346047a99f477a8d1d4f01903de656a91	supporting_raw_artifact	1
.paper-artifacts/bioinformatics-canonical-hybrid-v2/performance-pilot/v2perf_vp004__repeat02_h/attempt-telemetry.tsv	415902	2aad3ec29e098fc456d6ce119ca0fac1a40c5a837d53d303c264b23a90581ee8	per_attempt_telemetry	1
.paper-artifacts/bioinformatics-canonical-hybrid-v2/performance-pilot/v2perf_vp004__repeat02_h/comparator-stderr.log	0	e3b0c44298fc1c149afbf4c8996fb92427ae41e4649b934ca495991b7852b855	supporting_raw_artifact	1
.paper-artifacts/bioinformatics-canonical-hybrid-v2/performance-pilot/v2perf_vp004__repeat02_h/comparator-stdout.log	952	e8acc9f35dffb56e61871161a3310f13d6353bb9eb09fa249f157439eedc0232	supporting_raw_artifact	1
.paper-artifacts/bioinformatics-canonical-hybrid-v2/performance-pilot/v2perf_vp004__repeat02_h/comparison-details.tsv	9993	868d1d2c44f03f6edfbb49a668e9070f29603d5059e8e288b2dcf2915118cbd0	comparison	1
.paper-artifacts/bioinformatics-canonical-hybrid-v2/performance-pilot/v2perf_vp004__repeat02_h/comparison.json	1951	d23dfbe8defa872db18bef9cec419b135affc20d6091b0b4990a2248a330bff8	comparison	1
.paper-artifacts/bioinformatics-canonical-hybrid-v2/performance-pilot/v2perf_vp004__repeat02_h/execution.json	2226	e877b7c1821a53ec8d9b2050c26c5bf7532ab87864c55dc99b1cc5a6b57c5b3f	supporting_raw_artifact	1
.paper-artifacts/bioinformatics-canonical-hybrid-v2/performance-pilot/v2perf_vp004__repeat02_h/gpu-memory.csv	281	be437dd6c1db56636bfab65b46125da58f98160539036294962d88db846030ec	supporting_raw_artifact	1
.paper-artifacts/bioinformatics-canonical-hybrid-v2/performance-pilot/v2perf_vp004__repeat02_h/inputs/authority-reference.tfosorted	1206	e10f36f38264a4367b646a996549ab9f361ae9d5cd192a44f782feb639bca870	paired_authority_copy	1
.paper-artifacts/bioinformatics-canonical-hybrid-v2/performance-pilot/v2perf_vp004__repeat02_h/inputs/query.fa	1328	832f62e446364f2a06553d0501ea14aa6463dc2378e07aec57d28bf532441cb6	supporting_raw_artifact	1
.paper-artifacts/bioinformatics-canonical-hybrid-v2/performance-pilot/v2perf_vp004__repeat02_h/inputs/target.fa	2640	17878a20b74566170b7a11d90620d341a4d767626f50e6086034a36e440b0660	supporting_raw_artifact	1
.paper-artifacts/bioinformatics-canonical-hybrid-v2/performance-pilot/v2perf_vp004__repeat02_h/output/at0432-aq006|ENST00000837511.1|ENSG00000308962.1|ENSG00000308962|GENCODE v49|GRCh38|application_query-target-TFOsorted	1206	e10f36f38264a4367b646a996549ab9f361ae9d5cd192a44f782feb639bca870	contract_output	1
.paper-artifacts/bioinformatics-canonical-hybrid-v2/performance-pilot/v2perf_vp004__repeat02_h/stderr.log	112483	23741518d9f722e5a89bee1b304cdbb410a3655b4ea9b332a840963c00a4d94d	supporting_raw_artifact	1
.paper-artifacts/bioinformatics-canonical-hybrid-v2/performance-pilot/v2perf_vp004__repeat02_h/stdout.log	170	9f06e215b443b0be9b82fb06d6db3290c8ee86624b95a0e80f9f31a166ba7eac	supporting_raw_artifact	1
.paper-artifacts/bioinformatics-canonical-hybrid-v2/performance-pilot/v2perf_vp004__repeat02_h/telemetry-summary.json	1413	f2df660b743c0a7f716fa50d8f9c220698dd519076916fa9fa26b521b90281de	supporting_raw_artifact	1
.paper-artifacts/bioinformatics-canonical-hybrid-v2/performance-pilot/v2perf_vp004__repeat02_h/time.txt	1388	17f7aabe76ac626919f0d303741fc29976f772f48059f8cc772552bc649dca64	supporting_raw_artifact	1
.paper-artifacts/bioinformatics-canonical-hybrid-v2/performance-pilot/v2perf_vp005__repeat00_a/artifact-manifest.sha256	88	2667810bce9453c6e8d358a6b3c32c124c46ff6b0f1b88d58165a0ea2acf05df	supporting_raw_artifact	1
.paper-artifacts/bioinformatics-canonical-hybrid-v2/performance-pilot/v2perf_vp005__repeat00_a/artifact-manifest.tsv	891	9629e045aaafbb1c1dc0b02d51c3fba3f0d11c2a3751dd91dab788b07419f327	supporting_raw_artifact	1
.paper-artifacts/bioinformatics-canonical-hybrid-v2/performance-pilot/v2perf_vp005__repeat00_a/attempt-complete.json	3669	2baaff6356179da82fe337044314153106284c234669d10937b95cd9f69b6c0d	attempt_receipt	1
.paper-artifacts/bioinformatics-canonical-hybrid-v2/performance-pilot/v2perf_vp005__repeat00_a/attempt-config.json	1628	c9a082d6eda324b3fd03516362cdd54b912067b5222a2a0b04532d14986502ec	supporting_raw_artifact	1
.paper-artifacts/bioinformatics-canonical-hybrid-v2/performance-pilot/v2perf_vp005__repeat00_a/execution.json	2221	78ed2052369f233ffa6867ee1cda238f190dc7e402aab3d24231e04be2dd68f2	supporting_raw_artifact	1
.paper-artifacts/bioinformatics-canonical-hybrid-v2/performance-pilot/v2perf_vp005__repeat00_a/gpu-memory.csv	0	e3b0c44298fc1c149afbf4c8996fb92427ae41e4649b934ca495991b7852b855	supporting_raw_artifact	1
.paper-artifacts/bioinformatics-canonical-hybrid-v2/performance-pilot/v2perf_vp005__repeat00_a/inputs/query.fa	1805	65ca13e873d24f51c2e35ee749182051b2578a2c34aa6140e8cad43686b73af3	supporting_raw_artifact	1
.paper-artifacts/bioinformatics-canonical-hybrid-v2/performance-pilot/v2perf_vp005__repeat00_a/inputs/target.fa	2641	6faa299bddd51b8be2cd5172ce080a57283be634f6fc4dd2c0c132bf73fd8f51	supporting_raw_artifact	1
.paper-artifacts/bioinformatics-canonical-hybrid-v2/performance-pilot/v2perf_vp005__repeat00_a/output/at0199-aq036|ENST00000756651.1|ENSG00000298582.1|ENSG00000298582|GENCODE v49|GRCh38|application_query-target-TFOsorted	6553	f236202c84cdf409163dafdc9b190abb4da0b29b4fbaaefb9aa7443f93fe8882	contract_output	1
.paper-artifacts/bioinformatics-canonical-hybrid-v2/performance-pilot/v2perf_vp005__repeat00_a/stderr.log	120901	a65e33abf9c41b7f5a38aac9d7c91cd3ba359806b2ae2e4d86d3b274296c5e41	supporting_raw_artifact	1
.paper-artifacts/bioinformatics-canonical-hybrid-v2/performance-pilot/v2perf_vp005__repeat00_a/stdout.log	170	a2758f3eb3715602599c7258ab3dd53a56b42054df2ff4dc9deb38eb7e42970d	supporting_raw_artifact	1
.paper-artifacts/bioinformatics-canonical-hybrid-v2/performance-pilot/v2perf_vp005__repeat00_a/time.txt	1380	9b51bcfbff20716b74fa22b5b2834a5e72c3e9f4bdc11ae154e413b7a2a4954f	supporting_raw_artifact	1
.paper-artifacts/bioinformatics-canonical-hybrid-v2/performance-pilot/v2perf_vp005__repeat00_h/artifact-manifest.sha256	88	1014e5d6dcc2acc373a68b1bf6ea10e64c6993f94b465add578e7706c63b7ff6	supporting_raw_artifact	1
.paper-artifacts/bioinformatics-canonical-hybrid-v2/performance-pilot/v2perf_vp005__repeat00_h/artifact-manifest.tsv	1547	588d4cefbb6598d6e3cace1706d0f4aaf19dcde413c93737849f877c5012dc67	supporting_raw_artifact	1
.paper-artifacts/bioinformatics-canonical-hybrid-v2/performance-pilot/v2perf_vp005__repeat00_h/attempt-complete.json	9533	99657419b7398517f294683d9f1a178c80c492ae95beab801ee60f24a3cfc129	attempt_receipt	1
.paper-artifacts/bioinformatics-canonical-hybrid-v2/performance-pilot/v2perf_vp005__repeat00_h/attempt-config.json	1694	02b827030cd8a0e1c0fad70fa397ea4d28ed5773ee3e8f6cbe995fb6322ac57b	supporting_raw_artifact	1
.paper-artifacts/bioinformatics-canonical-hybrid-v2/performance-pilot/v2perf_vp005__repeat00_h/attempt-telemetry.tsv	310591	35f0923567bb5925a4d2c2513acfcc805c83dac1663a14fb840e4788cd5a3864	per_attempt_telemetry	1
.paper-artifacts/bioinformatics-canonical-hybrid-v2/performance-pilot/v2perf_vp005__repeat00_h/comparator-stderr.log	0	e3b0c44298fc1c149afbf4c8996fb92427ae41e4649b934ca495991b7852b855	supporting_raw_artifact	1
.paper-artifacts/bioinformatics-canonical-hybrid-v2/performance-pilot/v2perf_vp005__repeat00_h/comparator-stdout.log	956	0053f450f5eb1fcb2e02fd01fd34924e620e38916620a6beb7b8cebfe4fe4162	supporting_raw_artifact	1
.paper-artifacts/bioinformatics-canonical-hybrid-v2/performance-pilot/v2perf_vp005__repeat00_h/comparison-details.tsv	15872	4a6775fcb821c37799805b7b0c84c1e5652516fdfa8f0ce6603775128831ec08	comparison	1
.paper-artifacts/bioinformatics-canonical-hybrid-v2/performance-pilot/v2perf_vp005__repeat00_h/comparison.json	1953	a19c5fff72720f99e38eb28ae6a210875b0676efda2cb29f35d44fbb63ce0c62	comparison	1
.paper-artifacts/bioinformatics-canonical-hybrid-v2/performance-pilot/v2perf_vp005__repeat00_h/execution.json	2226	44a5357726b31b01fa249ab9248c25e9c5bc266f7b00ff4222981d213993a544	supporting_raw_artifact	1
.paper-artifacts/bioinformatics-canonical-hybrid-v2/performance-pilot/v2perf_vp005__repeat00_h/gpu-memory.csv	422	b6680100640d2321bd67786f3257f813409769836625d6341bcec953acb7a69d	supporting_raw_artifact	1
.paper-artifacts/bioinformatics-canonical-hybrid-v2/performance-pilot/v2perf_vp005__repeat00_h/inputs/authority-reference.tfosorted	6553	f236202c84cdf409163dafdc9b190abb4da0b29b4fbaaefb9aa7443f93fe8882	paired_authority_copy	1
.paper-artifacts/bioinformatics-canonical-hybrid-v2/performance-pilot/v2perf_vp005__repeat00_h/inputs/query.fa	1805	65ca13e873d24f51c2e35ee749182051b2578a2c34aa6140e8cad43686b73af3	supporting_raw_artifact	1
.paper-artifacts/bioinformatics-canonical-hybrid-v2/performance-pilot/v2perf_vp005__repeat00_h/inputs/target.fa	2641	6faa299bddd51b8be2cd5172ce080a57283be634f6fc4dd2c0c132bf73fd8f51	supporting_raw_artifact	1
.paper-artifacts/bioinformatics-canonical-hybrid-v2/performance-pilot/v2perf_vp005__repeat00_h/output/at0199-aq036|ENST00000756651.1|ENSG00000298582.1|ENSG00000298582|GENCODE v49|GRCh38|application_query-target-TFOsorted	6553	f236202c84cdf409163dafdc9b190abb4da0b29b4fbaaefb9aa7443f93fe8882	contract_output	1
.paper-artifacts/bioinformatics-canonical-hybrid-v2/performance-pilot/v2perf_vp005__repeat00_h/stderr.log	112486	396cc7cf7064722834d7fb02f0a51fe98182d8d52f4aa4abd5c92873692e53c0	supporting_raw_artifact	1
.paper-artifacts/bioinformatics-canonical-hybrid-v2/performance-pilot/v2perf_vp005__repeat00_h/stdout.log	170	fd15802076201ee65b7761a3bf6f37daf9a8150489e3ba583294d69d49015d0d	supporting_raw_artifact	1
.paper-artifacts/bioinformatics-canonical-hybrid-v2/performance-pilot/v2perf_vp005__repeat00_h/telemetry-summary.json	3026	500873286972f09fa1397c25b16d973bc4a4cfd9f843b8b080dcca984ce31203	supporting_raw_artifact	1
.paper-artifacts/bioinformatics-canonical-hybrid-v2/performance-pilot/v2perf_vp005__repeat00_h/time.txt	1389	c5a889ee2d325026408c30da5a12f7b4b37b132f672b9026c1f1192e42e06cc5	supporting_raw_artifact	1
.paper-artifacts/bioinformatics-canonical-hybrid-v2/performance-pilot/v2perf_vp005__repeat01_a/artifact-manifest.sha256	88	6597d6df6bb47f84a417deb399ea6817e2789a6efb16ee8ff0af7d65aa055c6b	supporting_raw_artifact	1
.paper-artifacts/bioinformatics-canonical-hybrid-v2/performance-pilot/v2perf_vp005__repeat01_a/artifact-manifest.tsv	891	740cfbce64cd89fbfed3b65155fb0ec4099b6f204e5b4e10c03a39d5d772eacc	supporting_raw_artifact	1
.paper-artifacts/bioinformatics-canonical-hybrid-v2/performance-pilot/v2perf_vp005__repeat01_a/attempt-complete.json	3669	9a890d5236cd591620f34971b294c29afe52be9141b1bd18af6e8c71966f2e93	attempt_receipt	1
.paper-artifacts/bioinformatics-canonical-hybrid-v2/performance-pilot/v2perf_vp005__repeat01_a/attempt-config.json	1628	f76ece47988ce2d404b7d09a7a5c05bfd8164b40cdf3e320e6f3fa4c7c3f1089	supporting_raw_artifact	1
.paper-artifacts/bioinformatics-canonical-hybrid-v2/performance-pilot/v2perf_vp005__repeat01_a/execution.json	2221	5b1590339f332fe013cde325f1f14e4b288b48ef9df13b025426fee749a1628f	supporting_raw_artifact	1
.paper-artifacts/bioinformatics-canonical-hybrid-v2/performance-pilot/v2perf_vp005__repeat01_a/gpu-memory.csv	0	e3b0c44298fc1c149afbf4c8996fb92427ae41e4649b934ca495991b7852b855	supporting_raw_artifact	1
.paper-artifacts/bioinformatics-canonical-hybrid-v2/performance-pilot/v2perf_vp005__repeat01_a/inputs/query.fa	1805	65ca13e873d24f51c2e35ee749182051b2578a2c34aa6140e8cad43686b73af3	supporting_raw_artifact	1
.paper-artifacts/bioinformatics-canonical-hybrid-v2/performance-pilot/v2perf_vp005__repeat01_a/inputs/target.fa	2641	6faa299bddd51b8be2cd5172ce080a57283be634f6fc4dd2c0c132bf73fd8f51	supporting_raw_artifact	1
.paper-artifacts/bioinformatics-canonical-hybrid-v2/performance-pilot/v2perf_vp005__repeat01_a/output/at0199-aq036|ENST00000756651.1|ENSG00000298582.1|ENSG00000298582|GENCODE v49|GRCh38|application_query-target-TFOsorted	6553	f236202c84cdf409163dafdc9b190abb4da0b29b4fbaaefb9aa7443f93fe8882	contract_output	1
.paper-artifacts/bioinformatics-canonical-hybrid-v2/performance-pilot/v2perf_vp005__repeat01_a/stderr.log	120901	a65e33abf9c41b7f5a38aac9d7c91cd3ba359806b2ae2e4d86d3b274296c5e41	supporting_raw_artifact	1
.paper-artifacts/bioinformatics-canonical-hybrid-v2/performance-pilot/v2perf_vp005__repeat01_a/stdout.log	170	b2a1b925446ca6540090e5432b1aaf08a798107548a02aa3a467d0976feb4f08	supporting_raw_artifact	1
.paper-artifacts/bioinformatics-canonical-hybrid-v2/performance-pilot/v2perf_vp005__repeat01_a/time.txt	1380	dfd6d5931186d4bac224319bc00af0586c92d06d5e52ed4860babd2fc0e64eeb	supporting_raw_artifact	1
.paper-artifacts/bioinformatics-canonical-hybrid-v2/performance-pilot/v2perf_vp005__repeat01_h/artifact-manifest.sha256	88	80dac6ff2f2d41434b73080a073473b061ba9988ad3816f8b08006500f6fcab4	supporting_raw_artifact	1
.paper-artifacts/bioinformatics-canonical-hybrid-v2/performance-pilot/v2perf_vp005__repeat01_h/artifact-manifest.tsv	1547	fa18d1568a5ff5a73566a63e7fbaa0a1530c7c52e3380dee0a7db1a0eeb855d4	supporting_raw_artifact	1
.paper-artifacts/bioinformatics-canonical-hybrid-v2/performance-pilot/v2perf_vp005__repeat01_h/attempt-complete.json	9533	ec548e3827bf17a506ca82649693a49b5ce489f28be305b9cdd084c699b0ddcf	attempt_receipt	1
.paper-artifacts/bioinformatics-canonical-hybrid-v2/performance-pilot/v2perf_vp005__repeat01_h/attempt-config.json	1694	6351e23cf1ce83823d1ed8a90bc52dee411ce9c41a7cd275f0ade5ec6c2e3ed4	supporting_raw_artifact	1
.paper-artifacts/bioinformatics-canonical-hybrid-v2/performance-pilot/v2perf_vp005__repeat01_h/attempt-telemetry.tsv	310591	35f0923567bb5925a4d2c2513acfcc805c83dac1663a14fb840e4788cd5a3864	per_attempt_telemetry	1
.paper-artifacts/bioinformatics-canonical-hybrid-v2/performance-pilot/v2perf_vp005__repeat01_h/comparator-stderr.log	0	e3b0c44298fc1c149afbf4c8996fb92427ae41e4649b934ca495991b7852b855	supporting_raw_artifact	1
.paper-artifacts/bioinformatics-canonical-hybrid-v2/performance-pilot/v2perf_vp005__repeat01_h/comparator-stdout.log	956	eb47beefd09f2b4e72f0100eeb049674fec7437530954da918a815986b280394	supporting_raw_artifact	1
.paper-artifacts/bioinformatics-canonical-hybrid-v2/performance-pilot/v2perf_vp005__repeat01_h/comparison-details.tsv	15872	4a6775fcb821c37799805b7b0c84c1e5652516fdfa8f0ce6603775128831ec08	comparison	1
.paper-artifacts/bioinformatics-canonical-hybrid-v2/performance-pilot/v2perf_vp005__repeat01_h/comparison.json	1953	561d0cd04fe1fc39b58b3e46c045fb176ec456e06e20828d19d41d1913759fe1	comparison	1
.paper-artifacts/bioinformatics-canonical-hybrid-v2/performance-pilot/v2perf_vp005__repeat01_h/execution.json	2226	e52f886c5ab54c901effa658bf75cee673d033d3821398a77dd9e11b25056a59	supporting_raw_artifact	1
.paper-artifacts/bioinformatics-canonical-hybrid-v2/performance-pilot/v2perf_vp005__repeat01_h/gpu-memory.csv	422	b1e2c452d348fdc0a5b331787a2194bdf7ffcbcf586d038ea4f5dd9a75bdee3f	supporting_raw_artifact	1
.paper-artifacts/bioinformatics-canonical-hybrid-v2/performance-pilot/v2perf_vp005__repeat01_h/inputs/authority-reference.tfosorted	6553	f236202c84cdf409163dafdc9b190abb4da0b29b4fbaaefb9aa7443f93fe8882	paired_authority_copy	1
.paper-artifacts/bioinformatics-canonical-hybrid-v2/performance-pilot/v2perf_vp005__repeat01_h/inputs/query.fa	1805	65ca13e873d24f51c2e35ee749182051b2578a2c34aa6140e8cad43686b73af3	supporting_raw_artifact	1
.paper-artifacts/bioinformatics-canonical-hybrid-v2/performance-pilot/v2perf_vp005__repeat01_h/inputs/target.fa	2641	6faa299bddd51b8be2cd5172ce080a57283be634f6fc4dd2c0c132bf73fd8f51	supporting_raw_artifact	1
.paper-artifacts/bioinformatics-canonical-hybrid-v2/performance-pilot/v2perf_vp005__repeat01_h/output/at0199-aq036|ENST00000756651.1|ENSG00000298582.1|ENSG00000298582|GENCODE v49|GRCh38|application_query-target-TFOsorted	6553	f236202c84cdf409163dafdc9b190abb4da0b29b4fbaaefb9aa7443f93fe8882	contract_output	1
.paper-artifacts/bioinformatics-canonical-hybrid-v2/performance-pilot/v2perf_vp005__repeat01_h/stderr.log	112488	3e238438c4b7b7b7e13635d9f0cfdc3a86c18586206d9347f73bbd17f08f809d	supporting_raw_artifact	1
.paper-artifacts/bioinformatics-canonical-hybrid-v2/performance-pilot/v2perf_vp005__repeat01_h/stdout.log	170	33b7a1adc8d218f131215765879d4b0acfa838d76293a3fd0cb8bd0a5ef3fbc8	supporting_raw_artifact	1
.paper-artifacts/bioinformatics-canonical-hybrid-v2/performance-pilot/v2perf_vp005__repeat01_h/telemetry-summary.json	3026	0ae6c71a4e69e2c4b2b64e2d721b261f93e9592689accd571716255120e8ee6a	supporting_raw_artifact	1
.paper-artifacts/bioinformatics-canonical-hybrid-v2/performance-pilot/v2perf_vp005__repeat01_h/time.txt	1388	3f76058a5f7f0927f73a30d33a6a28952129bab4fa6b024314eccedff1e66424	supporting_raw_artifact	1
.paper-artifacts/bioinformatics-canonical-hybrid-v2/performance-pilot/v2perf_vp005__repeat02_a/artifact-manifest.sha256	88	887e1fe5c822daa97aca1d1b1b8f3fec54f30441519553d1d33638daa2641d59	supporting_raw_artifact	1
.paper-artifacts/bioinformatics-canonical-hybrid-v2/performance-pilot/v2perf_vp005__repeat02_a/artifact-manifest.tsv	891	c34ce2a3852f6b55c835bb65ccf58e991dd087ce2c980b4b3f98fd1c8ec49c24	supporting_raw_artifact	1
.paper-artifacts/bioinformatics-canonical-hybrid-v2/performance-pilot/v2perf_vp005__repeat02_a/attempt-complete.json	3669	512c867ba010484751f1402f9ee47d05f24c078cb76cdb1a8bc34f0be66f0737	attempt_receipt	1
.paper-artifacts/bioinformatics-canonical-hybrid-v2/performance-pilot/v2perf_vp005__repeat02_a/attempt-config.json	1628	6d07d1b84c1cb87f9c54ce7a4bb2b3f42c7de74abb25ce3dc07f9d57b20e082e	supporting_raw_artifact	1
.paper-artifacts/bioinformatics-canonical-hybrid-v2/performance-pilot/v2perf_vp005__repeat02_a/execution.json	2221	36f263eed4259de2b5e891c47dfd39608c491ed3f7c12955cb96c5a513d57680	supporting_raw_artifact	1
.paper-artifacts/bioinformatics-canonical-hybrid-v2/performance-pilot/v2perf_vp005__repeat02_a/gpu-memory.csv	0	e3b0c44298fc1c149afbf4c8996fb92427ae41e4649b934ca495991b7852b855	supporting_raw_artifact	1
.paper-artifacts/bioinformatics-canonical-hybrid-v2/performance-pilot/v2perf_vp005__repeat02_a/inputs/query.fa	1805	65ca13e873d24f51c2e35ee749182051b2578a2c34aa6140e8cad43686b73af3	supporting_raw_artifact	1
.paper-artifacts/bioinformatics-canonical-hybrid-v2/performance-pilot/v2perf_vp005__repeat02_a/inputs/target.fa	2641	6faa299bddd51b8be2cd5172ce080a57283be634f6fc4dd2c0c132bf73fd8f51	supporting_raw_artifact	1
.paper-artifacts/bioinformatics-canonical-hybrid-v2/performance-pilot/v2perf_vp005__repeat02_a/output/at0199-aq036|ENST00000756651.1|ENSG00000298582.1|ENSG00000298582|GENCODE v49|GRCh38|application_query-target-TFOsorted	6553	f236202c84cdf409163dafdc9b190abb4da0b29b4fbaaefb9aa7443f93fe8882	contract_output	1
.paper-artifacts/bioinformatics-canonical-hybrid-v2/performance-pilot/v2perf_vp005__repeat02_a/stderr.log	120901	a65e33abf9c41b7f5a38aac9d7c91cd3ba359806b2ae2e4d86d3b274296c5e41	supporting_raw_artifact	1
.paper-artifacts/bioinformatics-canonical-hybrid-v2/performance-pilot/v2perf_vp005__repeat02_a/stdout.log	170	3b430dbe1cc7b4c13ff04d2a8f56db5f3da5e2099954cf9a117b53102c0910e5	supporting_raw_artifact	1
.paper-artifacts/bioinformatics-canonical-hybrid-v2/performance-pilot/v2perf_vp005__repeat02_a/time.txt	1379	76a29e4aeb94a904c85d502f1fb5ffcae7e23c81ab1db200923826f781c1c806	supporting_raw_artifact	1
.paper-artifacts/bioinformatics-canonical-hybrid-v2/performance-pilot/v2perf_vp005__repeat02_h/artifact-manifest.sha256	88	8e4c74724da6d57175fac24258525d92549d03098646a4ca1e966fb69adfdfa4	supporting_raw_artifact	1
.paper-artifacts/bioinformatics-canonical-hybrid-v2/performance-pilot/v2perf_vp005__repeat02_h/artifact-manifest.tsv	1547	00cdc458e5b11be31507cfab9e037c67b01b798a5ff044f4a2404912bab14b92	supporting_raw_artifact	1
.paper-artifacts/bioinformatics-canonical-hybrid-v2/performance-pilot/v2perf_vp005__repeat02_h/attempt-complete.json	9533	15cdd275b0476988afc346ab3d34d536f03966b88afdd3b2198e4fb3e499c8ae	attempt_receipt	1
.paper-artifacts/bioinformatics-canonical-hybrid-v2/performance-pilot/v2perf_vp005__repeat02_h/attempt-config.json	1694	332a155621bd4f1e9900db0afcc006060ce02cdca6a4c825cbe79f9e5030e6d5	supporting_raw_artifact	1
.paper-artifacts/bioinformatics-canonical-hybrid-v2/performance-pilot/v2perf_vp005__repeat02_h/attempt-telemetry.tsv	310591	35f0923567bb5925a4d2c2513acfcc805c83dac1663a14fb840e4788cd5a3864	per_attempt_telemetry	1
.paper-artifacts/bioinformatics-canonical-hybrid-v2/performance-pilot/v2perf_vp005__repeat02_h/comparator-stderr.log	0	e3b0c44298fc1c149afbf4c8996fb92427ae41e4649b934ca495991b7852b855	supporting_raw_artifact	1
.paper-artifacts/bioinformatics-canonical-hybrid-v2/performance-pilot/v2perf_vp005__repeat02_h/comparator-stdout.log	956	ff03064022a6a56d7f9c85e871c09f041456a477faf9fbcdc374f0b9d122e637	supporting_raw_artifact	1
.paper-artifacts/bioinformatics-canonical-hybrid-v2/performance-pilot/v2perf_vp005__repeat02_h/comparison-details.tsv	15872	4a6775fcb821c37799805b7b0c84c1e5652516fdfa8f0ce6603775128831ec08	comparison	1
.paper-artifacts/bioinformatics-canonical-hybrid-v2/performance-pilot/v2perf_vp005__repeat02_h/comparison.json	1953	cb42d37a5f98f04976dc3e81fa6ff1b2acf8e1185c661ca21d9b41ec855e9571	comparison	1
.paper-artifacts/bioinformatics-canonical-hybrid-v2/performance-pilot/v2perf_vp005__repeat02_h/execution.json	2226	d072ac71efa61250281c054777568141739e42a3214cf4acf562ae37fa29c605	supporting_raw_artifact	1
.paper-artifacts/bioinformatics-canonical-hybrid-v2/performance-pilot/v2perf_vp005__repeat02_h/gpu-memory.csv	421	bb3726e35ced3d9b6215b8514e47698035722296d6cc665bbb2fb3085d696d7b	supporting_raw_artifact	1
.paper-artifacts/bioinformatics-canonical-hybrid-v2/performance-pilot/v2perf_vp005__repeat02_h/inputs/authority-reference.tfosorted	6553	f236202c84cdf409163dafdc9b190abb4da0b29b4fbaaefb9aa7443f93fe8882	paired_authority_copy	1
.paper-artifacts/bioinformatics-canonical-hybrid-v2/performance-pilot/v2perf_vp005__repeat02_h/inputs/query.fa	1805	65ca13e873d24f51c2e35ee749182051b2578a2c34aa6140e8cad43686b73af3	supporting_raw_artifact	1
.paper-artifacts/bioinformatics-canonical-hybrid-v2/performance-pilot/v2perf_vp005__repeat02_h/inputs/target.fa	2641	6faa299bddd51b8be2cd5172ce080a57283be634f6fc4dd2c0c132bf73fd8f51	supporting_raw_artifact	1
.paper-artifacts/bioinformatics-canonical-hybrid-v2/performance-pilot/v2perf_vp005__repeat02_h/output/at0199-aq036|ENST00000756651.1|ENSG00000298582.1|ENSG00000298582|GENCODE v49|GRCh38|application_query-target-TFOsorted	6553	f236202c84cdf409163dafdc9b190abb4da0b29b4fbaaefb9aa7443f93fe8882	contract_output	1
.paper-artifacts/bioinformatics-canonical-hybrid-v2/performance-pilot/v2perf_vp005__repeat02_h/stderr.log	112488	fde8895ea550ddd93b715c4a9e79d549eb04104a5c2483f01409d435380f703e	supporting_raw_artifact	1
.paper-artifacts/bioinformatics-canonical-hybrid-v2/performance-pilot/v2perf_vp005__repeat02_h/stdout.log	170	c74ebe994fe03770d4c05060e3db414a2d26613f8044e9e44dd52e6fc4315f71	supporting_raw_artifact	1
.paper-artifacts/bioinformatics-canonical-hybrid-v2/performance-pilot/v2perf_vp005__repeat02_h/telemetry-summary.json	3026	b238e9889d762130c8a56150272ade972d845bf3f487927ef257a156de96e0ea	supporting_raw_artifact	1
.paper-artifacts/bioinformatics-canonical-hybrid-v2/performance-pilot/v2perf_vp005__repeat02_h/time.txt	1388	77a15c555ba4530359bf9372b410a71f262f8c6da0b315f75c2b82c87cc3e386	supporting_raw_artifact	1
.paper-artifacts/bioinformatics-canonical-hybrid-v2/performance-pilot/v2perf_vp006__repeat00_a/artifact-manifest.sha256	88	ec94aff0ec86b75a4ae520ae694c0d037388f409fb62d55515bec274d5220ee4	supporting_raw_artifact	1
.paper-artifacts/bioinformatics-canonical-hybrid-v2/performance-pilot/v2perf_vp006__repeat00_a/artifact-manifest.tsv	891	9e9d0dd0d42a21071ecbcd28740adfb1045c91529021f40eb4f26204ef11099c	supporting_raw_artifact	1
.paper-artifacts/bioinformatics-canonical-hybrid-v2/performance-pilot/v2perf_vp006__repeat00_a/attempt-complete.json	3669	55f9d141b27771a84c777963b0ebe47a8f7751efbcb9bacd57fcf2a9127aae69	attempt_receipt	1
.paper-artifacts/bioinformatics-canonical-hybrid-v2/performance-pilot/v2perf_vp006__repeat00_a/attempt-config.json	1628	0b559785b31cc2130103e63c6ec020580a8f69fcdf18fb2e5bcda60722e2c9ce	supporting_raw_artifact	1
.paper-artifacts/bioinformatics-canonical-hybrid-v2/performance-pilot/v2perf_vp006__repeat00_a/execution.json	2221	b7bdf5475dfa2f36406ff88c9282f60d6149d40458264ca80d40e8a0eaa8f09b	supporting_raw_artifact	1
.paper-artifacts/bioinformatics-canonical-hybrid-v2/performance-pilot/v2perf_vp006__repeat00_a/gpu-memory.csv	0	e3b0c44298fc1c149afbf4c8996fb92427ae41e4649b934ca495991b7852b855	supporting_raw_artifact	1
.paper-artifacts/bioinformatics-canonical-hybrid-v2/performance-pilot/v2perf_vp006__repeat00_a/inputs/query.fa	1805	65ca13e873d24f51c2e35ee749182051b2578a2c34aa6140e8cad43686b73af3	supporting_raw_artifact	1
.paper-artifacts/bioinformatics-canonical-hybrid-v2/performance-pilot/v2perf_vp006__repeat00_a/inputs/target.fa	2640	17878a20b74566170b7a11d90620d341a4d767626f50e6086034a36e440b0660	supporting_raw_artifact	1
.paper-artifacts/bioinformatics-canonical-hybrid-v2/performance-pilot/v2perf_vp006__repeat00_a/output/at0432-aq036|ENST00000756651.1|ENSG00000298582.1|ENSG00000298582|GENCODE v49|GRCh38|application_query-target-TFOsorted	9041	bfaf9de64c0d1f094f0cc0094acfe6e9f33588a6cb4fc223748a136ff1b0679e	contract_output	1
.paper-artifacts/bioinformatics-canonical-hybrid-v2/performance-pilot/v2perf_vp006__repeat00_a/stderr.log	120901	a65e33abf9c41b7f5a38aac9d7c91cd3ba359806b2ae2e4d86d3b274296c5e41	supporting_raw_artifact	1
.paper-artifacts/bioinformatics-canonical-hybrid-v2/performance-pilot/v2perf_vp006__repeat00_a/stdout.log	170	87312f66542ade6eb9d5f929f16b8fffc56a47adfb1f0826ad6675cca430b230	supporting_raw_artifact	1
.paper-artifacts/bioinformatics-canonical-hybrid-v2/performance-pilot/v2perf_vp006__repeat00_a/time.txt	1379	9277279267dd26f37a337838b5ff2d163fcc1c28c476338061b071b8b777a424	supporting_raw_artifact	1
.paper-artifacts/bioinformatics-canonical-hybrid-v2/performance-pilot/v2perf_vp006__repeat00_h/artifact-manifest.sha256	88	22bfa61be53981088f83c2b721e0663a2bd4140aeeac30961f8676347d48ec13	supporting_raw_artifact	1
.paper-artifacts/bioinformatics-canonical-hybrid-v2/performance-pilot/v2perf_vp006__repeat00_h/artifact-manifest.tsv	1547	100c8c52ccf8099c49bc62c8950510ce91838762ad0b2604c6830fa298f60334	supporting_raw_artifact	1
.paper-artifacts/bioinformatics-canonical-hybrid-v2/performance-pilot/v2perf_vp006__repeat00_h/attempt-complete.json	10100	1d8636a80571092601d2d0b68d44316c6e909b276b5a6f75be3d1fd330cb3e17	attempt_receipt	1
.paper-artifacts/bioinformatics-canonical-hybrid-v2/performance-pilot/v2perf_vp006__repeat00_h/attempt-config.json	1694	de2e2519150c87f07de0b352f022a84dd871d1aca2852b304c31c4dcc9be5bb9	supporting_raw_artifact	1
.paper-artifacts/bioinformatics-canonical-hybrid-v2/performance-pilot/v2perf_vp006__repeat00_h/attempt-telemetry.tsv	381907	60e989d9dbab74194fe295f038f72fb4bce5793cbea97d8f4cdb1dd67103fcee	per_attempt_telemetry	1
.paper-artifacts/bioinformatics-canonical-hybrid-v2/performance-pilot/v2perf_vp006__repeat00_h/comparator-stderr.log	0	e3b0c44298fc1c149afbf4c8996fb92427ae41e4649b934ca495991b7852b855	supporting_raw_artifact	1
.paper-artifacts/bioinformatics-canonical-hybrid-v2/performance-pilot/v2perf_vp006__repeat00_h/comparator-stdout.log	956	711fcce93b4631f50b54f6c0dd9584473ed7887b375fac9aa3340e38f892aa40	supporting_raw_artifact	1
.paper-artifacts/bioinformatics-canonical-hybrid-v2/performance-pilot/v2perf_vp006__repeat00_h/comparison-details.tsv	17174	15b96083282ceba06e7be4d69d52dc0e8e64caeed7831938ae72985e52303d28	comparison	1
.paper-artifacts/bioinformatics-canonical-hybrid-v2/performance-pilot/v2perf_vp006__repeat00_h/comparison.json	1953	86f4af4830929c3996397b320c5ea05418590d0a3a66bf4d614a642f0c1e0536	comparison	1
.paper-artifacts/bioinformatics-canonical-hybrid-v2/performance-pilot/v2perf_vp006__repeat00_h/execution.json	2226	56f1f47dd1f730f0350bb4f51abbc2e0e53c905989fd7a92140a5afe7bc1ce63	supporting_raw_artifact	1
.paper-artifacts/bioinformatics-canonical-hybrid-v2/performance-pilot/v2perf_vp006__repeat00_h/gpu-memory.csv	421	5d5ee218d173b1e1829db5a74e872bff926e95efaf210571ec1f779b87e07ab0	supporting_raw_artifact	1
.paper-artifacts/bioinformatics-canonical-hybrid-v2/performance-pilot/v2perf_vp006__repeat00_h/inputs/authority-reference.tfosorted	9041	bfaf9de64c0d1f094f0cc0094acfe6e9f33588a6cb4fc223748a136ff1b0679e	paired_authority_copy	1
.paper-artifacts/bioinformatics-canonical-hybrid-v2/performance-pilot/v2perf_vp006__repeat00_h/inputs/query.fa	1805	65ca13e873d24f51c2e35ee749182051b2578a2c34aa6140e8cad43686b73af3	supporting_raw_artifact	1
.paper-artifacts/bioinformatics-canonical-hybrid-v2/performance-pilot/v2perf_vp006__repeat00_h/inputs/target.fa	2640	17878a20b74566170b7a11d90620d341a4d767626f50e6086034a36e440b0660	supporting_raw_artifact	1
.paper-artifacts/bioinformatics-canonical-hybrid-v2/performance-pilot/v2perf_vp006__repeat00_h/output/at0432-aq036|ENST00000756651.1|ENSG00000298582.1|ENSG00000298582|GENCODE v49|GRCh38|application_query-target-TFOsorted	9041	bfaf9de64c0d1f094f0cc0094acfe6e9f33588a6cb4fc223748a136ff1b0679e	contract_output	1
.paper-artifacts/bioinformatics-canonical-hybrid-v2/performance-pilot/v2perf_vp006__repeat00_h/stderr.log	112483	a07125897ef7cbf80c85a1ecc932086994662edac442eb8208cc3ecc7881eec0	supporting_raw_artifact	1
.paper-artifacts/bioinformatics-canonical-hybrid-v2/performance-pilot/v2perf_vp006__repeat00_h/stdout.log	170	d65be9d7d626bada64ccd493900f765ec27aad682c5f5c97bdda90fd835d7ab8	supporting_raw_artifact	1
.paper-artifacts/bioinformatics-canonical-hybrid-v2/performance-pilot/v2perf_vp006__repeat00_h/telemetry-summary.json	3561	93e1286f22738ed953eea673f015d5c4a1066644f990c3b96d68c7abca59ceeb	supporting_raw_artifact	1
.paper-artifacts/bioinformatics-canonical-hybrid-v2/performance-pilot/v2perf_vp006__repeat00_h/time.txt	1388	5e32088b7186820af38035458e55922bec84ec416d38b4bf943bad57e598a022	supporting_raw_artifact	1
.paper-artifacts/bioinformatics-canonical-hybrid-v2/performance-pilot/v2perf_vp006__repeat01_a/artifact-manifest.sha256	88	f8a18818342b19c46c81af1e41752bd6bbaed783dbb030fce8514aafcd270ab6	supporting_raw_artifact	1
.paper-artifacts/bioinformatics-canonical-hybrid-v2/performance-pilot/v2perf_vp006__repeat01_a/artifact-manifest.tsv	891	47f07bd1a67ee1e8360bc2300565ae5ae44d46643b5e6fe0756f0e08433cc970	supporting_raw_artifact	1
.paper-artifacts/bioinformatics-canonical-hybrid-v2/performance-pilot/v2perf_vp006__repeat01_a/attempt-complete.json	3669	fb3623dd2155829984cfa7cd6df5b031b445afb3971d8d3daa9a30a7ec940ebc	attempt_receipt	1
.paper-artifacts/bioinformatics-canonical-hybrid-v2/performance-pilot/v2perf_vp006__repeat01_a/attempt-config.json	1628	8f8fb459f66c2aac45afbb5e74cdca8b413be1a9f70a08904671de30750c8799	supporting_raw_artifact	1
.paper-artifacts/bioinformatics-canonical-hybrid-v2/performance-pilot/v2perf_vp006__repeat01_a/execution.json	2221	ac7c1f2ed1e2f11248c45fa994a9d16a757ddcd55e53e0f8d934f804fb95e098	supporting_raw_artifact	1
.paper-artifacts/bioinformatics-canonical-hybrid-v2/performance-pilot/v2perf_vp006__repeat01_a/gpu-memory.csv	0	e3b0c44298fc1c149afbf4c8996fb92427ae41e4649b934ca495991b7852b855	supporting_raw_artifact	1
.paper-artifacts/bioinformatics-canonical-hybrid-v2/performance-pilot/v2perf_vp006__repeat01_a/inputs/query.fa	1805	65ca13e873d24f51c2e35ee749182051b2578a2c34aa6140e8cad43686b73af3	supporting_raw_artifact	1
.paper-artifacts/bioinformatics-canonical-hybrid-v2/performance-pilot/v2perf_vp006__repeat01_a/inputs/target.fa	2640	17878a20b74566170b7a11d90620d341a4d767626f50e6086034a36e440b0660	supporting_raw_artifact	1
.paper-artifacts/bioinformatics-canonical-hybrid-v2/performance-pilot/v2perf_vp006__repeat01_a/output/at0432-aq036|ENST00000756651.1|ENSG00000298582.1|ENSG00000298582|GENCODE v49|GRCh38|application_query-target-TFOsorted	9041	bfaf9de64c0d1f094f0cc0094acfe6e9f33588a6cb4fc223748a136ff1b0679e	contract_output	1
.paper-artifacts/bioinformatics-canonical-hybrid-v2/performance-pilot/v2perf_vp006__repeat01_a/stderr.log	120901	a65e33abf9c41b7f5a38aac9d7c91cd3ba359806b2ae2e4d86d3b274296c5e41	supporting_raw_artifact	1
.paper-artifacts/bioinformatics-canonical-hybrid-v2/performance-pilot/v2perf_vp006__repeat01_a/stdout.log	170	67e90bd362ac087837503ea0d081d1d0f2bbebeec0b7c8a01b5d3032f2c95474	supporting_raw_artifact	1
.paper-artifacts/bioinformatics-canonical-hybrid-v2/performance-pilot/v2perf_vp006__repeat01_a/time.txt	1379	adf9851a800be004dd7d01841d6d52a7ed741f06882f9edf0ba7b578689b0280	supporting_raw_artifact	1
.paper-artifacts/bioinformatics-canonical-hybrid-v2/performance-pilot/v2perf_vp006__repeat01_h/artifact-manifest.sha256	88	6e4cd845a3bd22014cfb697ac0a28ed2649c37abd838d7880076ca4e0a7f7f14	supporting_raw_artifact	1
.paper-artifacts/bioinformatics-canonical-hybrid-v2/performance-pilot/v2perf_vp006__repeat01_h/artifact-manifest.tsv	1547	1c410d81b04783df857e7f3ced4baca967522d21b1c078e62ebac24ee3942b77	supporting_raw_artifact	1
.paper-artifacts/bioinformatics-canonical-hybrid-v2/performance-pilot/v2perf_vp006__repeat01_h/attempt-complete.json	10099	cd12474142d5cb823c86fcd461e69423dab71da5529629d5ca8c7675b1dc2bc3	attempt_receipt	1
.paper-artifacts/bioinformatics-canonical-hybrid-v2/performance-pilot/v2perf_vp006__repeat01_h/attempt-config.json	1694	4a33ff76647e5b95d08317537daec38e5fcbc3e719f1204019609d9385182327	supporting_raw_artifact	1
.paper-artifacts/bioinformatics-canonical-hybrid-v2/performance-pilot/v2perf_vp006__repeat01_h/attempt-telemetry.tsv	381907	60e989d9dbab74194fe295f038f72fb4bce5793cbea97d8f4cdb1dd67103fcee	per_attempt_telemetry	1
.paper-artifacts/bioinformatics-canonical-hybrid-v2/performance-pilot/v2perf_vp006__repeat01_h/comparator-stderr.log	0	e3b0c44298fc1c149afbf4c8996fb92427ae41e4649b934ca495991b7852b855	supporting_raw_artifact	1
.paper-artifacts/bioinformatics-canonical-hybrid-v2/performance-pilot/v2perf_vp006__repeat01_h/comparator-stdout.log	956	1f205eb8ab52e115fdd3bcd7414cfc1812e70dd8d7c32410b97034c6c3435e70	supporting_raw_artifact	1
.paper-artifacts/bioinformatics-canonical-hybrid-v2/performance-pilot/v2perf_vp006__repeat01_h/comparison-details.tsv	17174	15b96083282ceba06e7be4d69d52dc0e8e64caeed7831938ae72985e52303d28	comparison	1
.paper-artifacts/bioinformatics-canonical-hybrid-v2/performance-pilot/v2perf_vp006__repeat01_h/comparison.json	1953	e7296e0418b976ff295b9942e0b3a55482083dee87315e6963d64b912eae3216	comparison	1
.paper-artifacts/bioinformatics-canonical-hybrid-v2/performance-pilot/v2perf_vp006__repeat01_h/execution.json	2226	61aec69fe519749bd69d783324b4ec3ef3a3a0dc2fdb60a2c8884d71a3e8c59a	supporting_raw_artifact	1
.paper-artifacts/bioinformatics-canonical-hybrid-v2/performance-pilot/v2perf_vp006__repeat01_h/gpu-memory.csv	422	f1351bf95771925facb44566000ca939f17db14d295422d4416278fd6723e4ba	supporting_raw_artifact	1
.paper-artifacts/bioinformatics-canonical-hybrid-v2/performance-pilot/v2perf_vp006__repeat01_h/inputs/authority-reference.tfosorted	9041	bfaf9de64c0d1f094f0cc0094acfe6e9f33588a6cb4fc223748a136ff1b0679e	paired_authority_copy	1
.paper-artifacts/bioinformatics-canonical-hybrid-v2/performance-pilot/v2perf_vp006__repeat01_h/inputs/query.fa	1805	65ca13e873d24f51c2e35ee749182051b2578a2c34aa6140e8cad43686b73af3	supporting_raw_artifact	1
.paper-artifacts/bioinformatics-canonical-hybrid-v2/performance-pilot/v2perf_vp006__repeat01_h/inputs/target.fa	2640	17878a20b74566170b7a11d90620d341a4d767626f50e6086034a36e440b0660	supporting_raw_artifact	1
.paper-artifacts/bioinformatics-canonical-hybrid-v2/performance-pilot/v2perf_vp006__repeat01_h/output/at0432-aq036|ENST00000756651.1|ENSG00000298582.1|ENSG00000298582|GENCODE v49|GRCh38|application_query-target-TFOsorted	9041	bfaf9de64c0d1f094f0cc0094acfe6e9f33588a6cb4fc223748a136ff1b0679e	contract_output	1
.paper-artifacts/bioinformatics-canonical-hybrid-v2/performance-pilot/v2perf_vp006__repeat01_h/stderr.log	112486	7c3e5e7d8e77e94faaf29f16210ad26694e41c7b47fabc8669245801aef52f6b	supporting_raw_artifact	1
.paper-artifacts/bioinformatics-canonical-hybrid-v2/performance-pilot/v2perf_vp006__repeat01_h/stdout.log	170	ae1f57f2f3010b2579cb3f5050557c581e05c1c910042920a20d90f44ccf9973	supporting_raw_artifact	1
.paper-artifacts/bioinformatics-canonical-hybrid-v2/performance-pilot/v2perf_vp006__repeat01_h/telemetry-summary.json	3560	0c61c3440ae83ed51fc9b5ff0c98f3f6929999a2a5ad2e7b6f0bc04de0cc9be5	supporting_raw_artifact	1
.paper-artifacts/bioinformatics-canonical-hybrid-v2/performance-pilot/v2perf_vp006__repeat01_h/time.txt	1388	38e7d852e2ae395a5bd7b7ed0f841445e282c1018920c7ae10612fa4569ce5c5	supporting_raw_artifact	1
.paper-artifacts/bioinformatics-canonical-hybrid-v2/performance-pilot/v2perf_vp006__repeat02_a/artifact-manifest.sha256	88	23b969e03beb130de7219007859b7ec7d4ee56a1b2524b4f7b913e1f0fd0fdbe	supporting_raw_artifact	1
.paper-artifacts/bioinformatics-canonical-hybrid-v2/performance-pilot/v2perf_vp006__repeat02_a/artifact-manifest.tsv	891	40219109210e5a9d5c9dfb1fd0cc17004ef0b770ea406f30d6ab8f248ac25ce1	supporting_raw_artifact	1
.paper-artifacts/bioinformatics-canonical-hybrid-v2/performance-pilot/v2perf_vp006__repeat02_a/attempt-complete.json	3669	9149cb74c6e2a8c995e80644ce9aa920b4a596f11e16e3538f1b915433c4a54e	attempt_receipt	1
.paper-artifacts/bioinformatics-canonical-hybrid-v2/performance-pilot/v2perf_vp006__repeat02_a/attempt-config.json	1628	73cc95e3a983598ff7a97c0c1cbfc9e450e8a7e6d2c53ee6bb705d7c89c54c32	supporting_raw_artifact	1
.paper-artifacts/bioinformatics-canonical-hybrid-v2/performance-pilot/v2perf_vp006__repeat02_a/execution.json	2221	8a3f412836c780523015f7322e387747f44724b5e7d8184cdebc7ff95fb0105c	supporting_raw_artifact	1
.paper-artifacts/bioinformatics-canonical-hybrid-v2/performance-pilot/v2perf_vp006__repeat02_a/gpu-memory.csv	0	e3b0c44298fc1c149afbf4c8996fb92427ae41e4649b934ca495991b7852b855	supporting_raw_artifact	1
.paper-artifacts/bioinformatics-canonical-hybrid-v2/performance-pilot/v2perf_vp006__repeat02_a/inputs/query.fa	1805	65ca13e873d24f51c2e35ee749182051b2578a2c34aa6140e8cad43686b73af3	supporting_raw_artifact	1
.paper-artifacts/bioinformatics-canonical-hybrid-v2/performance-pilot/v2perf_vp006__repeat02_a/inputs/target.fa	2640	17878a20b74566170b7a11d90620d341a4d767626f50e6086034a36e440b0660	supporting_raw_artifact	1
.paper-artifacts/bioinformatics-canonical-hybrid-v2/performance-pilot/v2perf_vp006__repeat02_a/output/at0432-aq036|ENST00000756651.1|ENSG00000298582.1|ENSG00000298582|GENCODE v49|GRCh38|application_query-target-TFOsorted	9041	bfaf9de64c0d1f094f0cc0094acfe6e9f33588a6cb4fc223748a136ff1b0679e	contract_output	1
.paper-artifacts/bioinformatics-canonical-hybrid-v2/performance-pilot/v2perf_vp006__repeat02_a/stderr.log	120901	a65e33abf9c41b7f5a38aac9d7c91cd3ba359806b2ae2e4d86d3b274296c5e41	supporting_raw_artifact	1
.paper-artifacts/bioinformatics-canonical-hybrid-v2/performance-pilot/v2perf_vp006__repeat02_a/stdout.log	170	dea16da3ec025891ddc2761837b58239c6e2f780c5aa0a577f765cf9ff54ca9f	supporting_raw_artifact	1
.paper-artifacts/bioinformatics-canonical-hybrid-v2/performance-pilot/v2perf_vp006__repeat02_a/time.txt	1380	3522a5f251399404309af594686866fc72adc1c45ec21e2f49cc5707c83ab1f5	supporting_raw_artifact	1
.paper-artifacts/bioinformatics-canonical-hybrid-v2/performance-pilot/v2perf_vp006__repeat02_h/artifact-manifest.sha256	88	404ab3026235f69ffde42606ff3eb0786177ceeaa04e9f11f346130a09fb7d9d	supporting_raw_artifact	1
.paper-artifacts/bioinformatics-canonical-hybrid-v2/performance-pilot/v2perf_vp006__repeat02_h/artifact-manifest.tsv	1547	debe98ba2fe252704342169608681f0a21b1338faeb753007162b30e9a21184b	supporting_raw_artifact	1
.paper-artifacts/bioinformatics-canonical-hybrid-v2/performance-pilot/v2perf_vp006__repeat02_h/attempt-complete.json	10100	1ab3b43fc40c317a179f93fd87418bf4c3f2ad532f7fd3156e84fe6fff2cbeec	attempt_receipt	1
.paper-artifacts/bioinformatics-canonical-hybrid-v2/performance-pilot/v2perf_vp006__repeat02_h/attempt-config.json	1694	987937c294afa20e867603f4c9940619b78b267390879a24a5ce3eb0bef277bd	supporting_raw_artifact	1
.paper-artifacts/bioinformatics-canonical-hybrid-v2/performance-pilot/v2perf_vp006__repeat02_h/attempt-telemetry.tsv	381907	60e989d9dbab74194fe295f038f72fb4bce5793cbea97d8f4cdb1dd67103fcee	per_attempt_telemetry	1
.paper-artifacts/bioinformatics-canonical-hybrid-v2/performance-pilot/v2perf_vp006__repeat02_h/comparator-stderr.log	0	e3b0c44298fc1c149afbf4c8996fb92427ae41e4649b934ca495991b7852b855	supporting_raw_artifact	1
.paper-artifacts/bioinformatics-canonical-hybrid-v2/performance-pilot/v2perf_vp006__repeat02_h/comparator-stdout.log	956	ef62b6cf4abdaa1c2793e6b07149801bef40ea12961608f1a713575c342e23cc	supporting_raw_artifact	1
.paper-artifacts/bioinformatics-canonical-hybrid-v2/performance-pilot/v2perf_vp006__repeat02_h/comparison-details.tsv	17174	15b96083282ceba06e7be4d69d52dc0e8e64caeed7831938ae72985e52303d28	comparison	1
.paper-artifacts/bioinformatics-canonical-hybrid-v2/performance-pilot/v2perf_vp006__repeat02_h/comparison.json	1953	474b3e4a9df907d694f224bdb4e8cc9486ade047246f2477ee86869d0204a3b6	comparison	1
.paper-artifacts/bioinformatics-canonical-hybrid-v2/performance-pilot/v2perf_vp006__repeat02_h/execution.json	2225	94455734edc9492690f13061b4532a2ef0446d47e8b699eae6962ce7e67c14f8	supporting_raw_artifact	1
.paper-artifacts/bioinformatics-canonical-hybrid-v2/performance-pilot/v2perf_vp006__repeat02_h/gpu-memory.csv	421	84648213c28da0dda90927370c701920ecb6b0a8bcc3b67416e066845ecbef04	supporting_raw_artifact	1
.paper-artifacts/bioinformatics-canonical-hybrid-v2/performance-pilot/v2perf_vp006__repeat02_h/inputs/authority-reference.tfosorted	9041	bfaf9de64c0d1f094f0cc0094acfe6e9f33588a6cb4fc223748a136ff1b0679e	paired_authority_copy	1
.paper-artifacts/bioinformatics-canonical-hybrid-v2/performance-pilot/v2perf_vp006__repeat02_h/inputs/query.fa	1805	65ca13e873d24f51c2e35ee749182051b2578a2c34aa6140e8cad43686b73af3	supporting_raw_artifact	1
.paper-artifacts/bioinformatics-canonical-hybrid-v2/performance-pilot/v2perf_vp006__repeat02_h/inputs/target.fa	2640	17878a20b74566170b7a11d90620d341a4d767626f50e6086034a36e440b0660	supporting_raw_artifact	1
.paper-artifacts/bioinformatics-canonical-hybrid-v2/performance-pilot/v2perf_vp006__repeat02_h/output/at0432-aq036|ENST00000756651.1|ENSG00000298582.1|ENSG00000298582|GENCODE v49|GRCh38|application_query-target-TFOsorted	9041	bfaf9de64c0d1f094f0cc0094acfe6e9f33588a6cb4fc223748a136ff1b0679e	contract_output	1
.paper-artifacts/bioinformatics-canonical-hybrid-v2/performance-pilot/v2perf_vp006__repeat02_h/stderr.log	112482	2fe99cdaf28ee99bb8bfc34014abe23ac789d95f5c8ef76af25f0e8dcfd4fbb5	supporting_raw_artifact	1
.paper-artifacts/bioinformatics-canonical-hybrid-v2/performance-pilot/v2perf_vp006__repeat02_h/stdout.log	170	5cc7fc437973436aa5b4dec2a26442213073e768ddf410f13495be35c8266f95	supporting_raw_artifact	1
.paper-artifacts/bioinformatics-canonical-hybrid-v2/performance-pilot/v2perf_vp006__repeat02_h/telemetry-summary.json	3562	53feddc3a79957bfb060d8307bc4c83c0450476df6c3ef90e5819ee51064401c	supporting_raw_artifact	1
.paper-artifacts/bioinformatics-canonical-hybrid-v2/performance-pilot/v2perf_vp006__repeat02_h/time.txt	1388	e6e79e7d281d380d70c3318405a63b7ec862095ed074e92f21acc434edd01023	supporting_raw_artifact	1
