path	size_bytes	sha256	role	formal_source_data
.paper-artifacts/bioinformatics-canonical-hybrid-v2/regression/execution-snapshot/__pycache__/compare_fasim_lite_offline_cluster_topk.cpython-311.pyc	13143	d058422cfa80528c019b51f0aba821c198cf00c3cda5cb72ea0e235f9a051928	execution_snapshot	0
.paper-artifacts/bioinformatics-canonical-hybrid-v2/regression/execution-snapshot/__pycache__/fasim_tfo_archive.cpython-311.pyc	23408	2d521b2a8458a39b912443265eb6a254c33e6b1c1de5269bd4993396492cb283	execution_snapshot	0
.paper-artifacts/bioinformatics-canonical-hybrid-v2/regression/execution-snapshot/canonical_hybrid_v2_attempt_telemetry.schema.json	1358	0dfcc075907e0e53922c6e0473cfda5e4e98f621f2d55316d2be3868c2017a21	execution_snapshot	0
.paper-artifacts/bioinformatics-canonical-hybrid-v2/regression/execution-snapshot/canonical_hybrid_v2_regression_plan.sha256	106	d64897d58583979b2e786446af0632240aba9b5cce185d40d38faef1ebfd9b1f	execution_snapshot	0
.paper-artifacts/bioinformatics-canonical-hybrid-v2/regression/execution-snapshot/canonical_hybrid_v2_regression_plan.tsv	40650	d8a795a18e2414e62a41c4cd34601f4ef4196fc9dfb6b379a4587ace992111dd	execution_snapshot	0
.paper-artifacts/bioinformatics-canonical-hybrid-v2/regression/execution-snapshot/canonical_hybrid_v2_runtime.json	5299	95901013c55c60761344f9320d913c8305269e02876da87fd780b3cdc4796422	execution_snapshot	0
.paper-artifacts/bioinformatics-canonical-hybrid-v2/regression/execution-snapshot/canonical_hybrid_v2_telemetry.py	12003	eab9e765e7c2c1af3078a3d9bec446e2a5d95480ac0ccc12c9855f4dfdc5476f	execution_snapshot	0
.paper-artifacts/bioinformatics-canonical-hybrid-v2/regression/execution-snapshot/compare_fasim_lite_offline_cluster_topk.py	7410	2765d76b6c8e742596b1072a413309a88ef415f3576c9de62be67213ee76dc80	execution_snapshot	0
.paper-artifacts/bioinformatics-canonical-hybrid-v2/regression/execution-snapshot/compare_fasim_segmented_contract.py	9852	6a589d7960a69be7c84a410f1bbd9d3ea34de929f8f04943d9c7ae033d682eda	execution_snapshot	0
.paper-artifacts/bioinformatics-canonical-hybrid-v2/regression/execution-snapshot/fasim_longtarget_gasal2	6551768	ec40144f172711347068443f99f2ff1de02a192051cb2ada4f2c2476d4ff0cd9	execution_snapshot	0
.paper-artifacts/bioinformatics-canonical-hybrid-v2/regression/execution-snapshot/fasim_tfo_archive.py	15946	3fb42809c4f31b31ec05bcaf9d3249f4059a910164a6ca33d5a789fb0efab856	execution_snapshot	0
.paper-artifacts/bioinformatics-canonical-hybrid-v2/regression/execution-snapshot/run_canonical_hybrid_v2.py	48326	5524f8f411ea3a2b2eb9311fb2e428459cc9d7c3e8f417c03653b0b406372a31	execution_snapshot	0
.paper-artifacts/bioinformatics-canonical-hybrid-v2/regression/execution-snapshot/snapshot.json	2088	d7de2e79c37ed11222128f706067c8c70bbc51a71023c964a6f155c66b88cbf8	execution_snapshot	0
.paper-artifacts/bioinformatics-canonical-hybrid-v2/regression/stage-summary.json	731	6655bf276dc4ac1d38d6c81ed932fe2b19c0b3662ed95a7c2988df977b4ff4e3	stage_summary	0
.paper-artifacts/bioinformatics-canonical-hybrid-v2/regression/v2reg_hq01_ht01__repeat00/artifact-manifest.sha256	88	05ab7f665564ab7138f1f87a62459d3ade939d2a810b91d8fcae693128153b7a	supporting_raw_artifact	0
.paper-artifacts/bioinformatics-canonical-hybrid-v2/regression/v2reg_hq01_ht01__repeat00/artifact-manifest.tsv	1519	629f4102cc213b28c3a039a828cc88c7d0e9762d2b82e40a5cb9a43dbc292c97	supporting_raw_artifact	0
.paper-artifacts/bioinformatics-canonical-hybrid-v2/regression/v2reg_hq01_ht01__repeat00/attempt-complete.json	6818	814f9f99aa54a0e38a4ebf2a21a66ce677b2e894663f426b1eb12d76c52059b5	attempt_receipt	0
.paper-artifacts/bioinformatics-canonical-hybrid-v2/regression/v2reg_hq01_ht01__repeat00/attempt-config.json	1918	98a250e8752405b8f56c0d3c00e5b504311c280155690a052be0c53b13351392	supporting_raw_artifact	0
.paper-artifacts/bioinformatics-canonical-hybrid-v2/regression/v2reg_hq01_ht01__repeat00/attempt-telemetry.tsv	335710	416a38df0c13f9a3ad47133d1b26ad4649f8d16cf4b418d9a559d97a1d7869e5	per_attempt_telemetry	0
.paper-artifacts/bioinformatics-canonical-hybrid-v2/regression/v2reg_hq01_ht01__repeat00/comparator-stderr.log	0	e3b0c44298fc1c149afbf4c8996fb92427ae41e4649b934ca495991b7852b855	supporting_raw_artifact	0
.paper-artifacts/bioinformatics-canonical-hybrid-v2/regression/v2reg_hq01_ht01__repeat00/comparator-stdout.log	916	66fb0f31ec471b9d1ec9d608df52cc271accb8e5dcaee5afe994fcf791274816	supporting_raw_artifact	0
.paper-artifacts/bioinformatics-canonical-hybrid-v2/regression/v2reg_hq01_ht01__repeat00/comparison-details.tsv	2834	2b4bd3e8e6c2e1e4f2cbc2fac4c5a313f1f121e2b5657ef1357cba6f5697441e	comparison	0
.paper-artifacts/bioinformatics-canonical-hybrid-v2/regression/v2reg_hq01_ht01__repeat00/comparison.json	1329	f807c52a764cc4e7ab754ece9f01f21acb3dce96e682d5a49800964073fe88f7	comparison	0
.paper-artifacts/bioinformatics-canonical-hybrid-v2/regression/v2reg_hq01_ht01__repeat00/execution.json	2171	c3bef31bd02b7877c41d19c3176c4bc604fb415c0e08126599b8ec7892bcca77	supporting_raw_artifact	0
.paper-artifacts/bioinformatics-canonical-hybrid-v2/regression/v2reg_hq01_ht01__repeat00/gpu-memory.csv	281	97b737df9f92056146e77f9863b0505231048bdbc3b5b37a22ecdbc9f5e2e9e8	supporting_raw_artifact	0
.paper-artifacts/bioinformatics-canonical-hybrid-v2/regression/v2reg_hq01_ht01__repeat00/inputs/authority-reference.tfosorted	374	cd5c7362cfeaefc37a2e744238acabca4e6fc78e07086caf765b7b68cec86bce	frozen_authority_copy	0
.paper-artifacts/bioinformatics-canonical-hybrid-v2/regression/v2reg_hq01_ht01__repeat00/inputs/query.fa	522	f1a033aeaffe55eab472636b7b3dbcf9f6c6b267781aa68f71c66142b8da7ce7	supporting_raw_artifact	0
.paper-artifacts/bioinformatics-canonical-hybrid-v2/regression/v2reg_hq01_ht01__repeat00/inputs/target.fa	2608	075b0bcbe0f5f232b030e44a25f27ac4cb05ad4ced6743bac8a0450286cbea43	supporting_raw_artifact	0
.paper-artifacts/bioinformatics-canonical-hybrid-v2/regression/v2reg_hq01_ht01__repeat00/output/GRCh38-ENST00000615076.1|ENSG00000276454.1|ENSG00000276454|GENCODE v49|GRCh38-target-TFOsorted	374	cd5c7362cfeaefc37a2e744238acabca4e6fc78e07086caf765b7b68cec86bce	hybrid_output	0
.paper-artifacts/bioinformatics-canonical-hybrid-v2/regression/v2reg_hq01_ht01__repeat00/stderr.log	112474	f7e2cd4edf3742571d7aa0776f97153063acc550d4ddacea4fec84f422bf5fad	supporting_raw_artifact	0
.paper-artifacts/bioinformatics-canonical-hybrid-v2/regression/v2reg_hq01_ht01__repeat00/stdout.log	146	8ad68d0ef241611a36c0f55ca1d86f58bb772a4d195fdf032c04e4d1ce395601	supporting_raw_artifact	0
.paper-artifacts/bioinformatics-canonical-hybrid-v2/regression/v2reg_hq01_ht01__repeat00/telemetry-summary.json	1147	7c60b1fa199908d3119b7e9fc74dc544694e14ede8fc17c86188e79986a72873	supporting_raw_artifact	0
.paper-artifacts/bioinformatics-canonical-hybrid-v2/regression/v2reg_hq01_ht01__repeat00/time.txt	1363	9108de53a42c4fe52debb4cd72ad03461ee09f943f2573b93a0a502cb4e1548f	supporting_raw_artifact	0
.paper-artifacts/bioinformatics-canonical-hybrid-v2/regression/v2reg_hq01_ht01__repeat01/artifact-manifest.sha256	88	94284d5931a70204e9ea3ae6f3ccde277a030a2069e164be7a56e7af5bdbff48	supporting_raw_artifact	0
.paper-artifacts/bioinformatics-canonical-hybrid-v2/regression/v2reg_hq01_ht01__repeat01/artifact-manifest.tsv	1519	fb27b270c9cdf82a2858d762f12c9f1ab22a495b5f51ebef13dbd0b4dabbc4aa	supporting_raw_artifact	0
.paper-artifacts/bioinformatics-canonical-hybrid-v2/regression/v2reg_hq01_ht01__repeat01/attempt-complete.json	6816	6fa3813a3a564bad8c57918b902332a0c786a2e646c2338d9799590cfafb4dea	attempt_receipt	0
.paper-artifacts/bioinformatics-canonical-hybrid-v2/regression/v2reg_hq01_ht01__repeat01/attempt-config.json	1918	30883f3e387286cdb3eb2f7cf4a7ee898e454b3813da1ca015a3b77bea7f63eb	supporting_raw_artifact	0
.paper-artifacts/bioinformatics-canonical-hybrid-v2/regression/v2reg_hq01_ht01__repeat01/attempt-telemetry.tsv	335710	416a38df0c13f9a3ad47133d1b26ad4649f8d16cf4b418d9a559d97a1d7869e5	per_attempt_telemetry	0
.paper-artifacts/bioinformatics-canonical-hybrid-v2/regression/v2reg_hq01_ht01__repeat01/comparator-stderr.log	0	e3b0c44298fc1c149afbf4c8996fb92427ae41e4649b934ca495991b7852b855	supporting_raw_artifact	0
.paper-artifacts/bioinformatics-canonical-hybrid-v2/regression/v2reg_hq01_ht01__repeat01/comparator-stdout.log	916	32d36c4c9aa693d391634944ac3dec27a0405c65f8a3af767dcf50771772fefb	supporting_raw_artifact	0
.paper-artifacts/bioinformatics-canonical-hybrid-v2/regression/v2reg_hq01_ht01__repeat01/comparison-details.tsv	2834	2b4bd3e8e6c2e1e4f2cbc2fac4c5a313f1f121e2b5657ef1357cba6f5697441e	comparison	0
.paper-artifacts/bioinformatics-canonical-hybrid-v2/regression/v2reg_hq01_ht01__repeat01/comparison.json	1329	4e659d8295d2da4cfe1f31b59b63ddd3c7b339a08f3d295fb79b5941627ae437	comparison	0
.paper-artifacts/bioinformatics-canonical-hybrid-v2/regression/v2reg_hq01_ht01__repeat01/execution.json	2169	4c07fa5226c3c5d3c9c1e40c18c7921688ce9957a95ecb57f3dcf23d71586f9e	supporting_raw_artifact	0
.paper-artifacts/bioinformatics-canonical-hybrid-v2/regression/v2reg_hq01_ht01__repeat01/gpu-memory.csv	283	526c94d49e2c6dac0538b9605637011f41edb2105c500619e043a0dbe9ba6e9e	supporting_raw_artifact	0
.paper-artifacts/bioinformatics-canonical-hybrid-v2/regression/v2reg_hq01_ht01__repeat01/inputs/authority-reference.tfosorted	374	cd5c7362cfeaefc37a2e744238acabca4e6fc78e07086caf765b7b68cec86bce	frozen_authority_copy	0
.paper-artifacts/bioinformatics-canonical-hybrid-v2/regression/v2reg_hq01_ht01__repeat01/inputs/query.fa	522	f1a033aeaffe55eab472636b7b3dbcf9f6c6b267781aa68f71c66142b8da7ce7	supporting_raw_artifact	0
.paper-artifacts/bioinformatics-canonical-hybrid-v2/regression/v2reg_hq01_ht01__repeat01/inputs/target.fa	2608	075b0bcbe0f5f232b030e44a25f27ac4cb05ad4ced6743bac8a0450286cbea43	supporting_raw_artifact	0
.paper-artifacts/bioinformatics-canonical-hybrid-v2/regression/v2reg_hq01_ht01__repeat01/output/GRCh38-ENST00000615076.1|ENSG00000276454.1|ENSG00000276454|GENCODE v49|GRCh38-target-TFOsorted	374	cd5c7362cfeaefc37a2e744238acabca4e6fc78e07086caf765b7b68cec86bce	hybrid_output	0
.paper-artifacts/bioinformatics-canonical-hybrid-v2/regression/v2reg_hq01_ht01__repeat01/stderr.log	112467	3cee7fc4eadd20093257ea7a7cf9a8cb2bd312e856afb2f6d52871d2d7502f46	supporting_raw_artifact	0
.paper-artifacts/bioinformatics-canonical-hybrid-v2/regression/v2reg_hq01_ht01__repeat01/stdout.log	145	cee3e8a7bca7cf7101e4397c9941840c990974f1d829a06b66d37d4cf8a91650	supporting_raw_artifact	0
.paper-artifacts/bioinformatics-canonical-hybrid-v2/regression/v2reg_hq01_ht01__repeat01/telemetry-summary.json	1147	a2963f2d719bdd4bb21253dc9dfa67426a23b0bb32b7341a59f2776fd155e9a8	supporting_raw_artifact	0
.paper-artifacts/bioinformatics-canonical-hybrid-v2/regression/v2reg_hq01_ht01__repeat01/time.txt	1363	d8bd2ccdbb3b3866a27461704ef61905b71c06dc31c3bdf88d6ec52f00474827	supporting_raw_artifact	0
.paper-artifacts/bioinformatics-canonical-hybrid-v2/regression/v2reg_hq01_ht01__repeat02/artifact-manifest.sha256	88	752dd8321a9ba460755d98a5d921a87d8f66668903e428a3ddcfccd588e70a6f	supporting_raw_artifact	0
.paper-artifacts/bioinformatics-canonical-hybrid-v2/regression/v2reg_hq01_ht01__repeat02/artifact-manifest.tsv	1519	e91e0f91c219d8474f4692fe3022108adb64883d088779b2a941608842ec5156	supporting_raw_artifact	0
.paper-artifacts/bioinformatics-canonical-hybrid-v2/regression/v2reg_hq01_ht01__repeat02/attempt-complete.json	6815	501bc6399bb2c01077f5626121a3e7118b2248e2eee312dcccd1d196221ecf54	attempt_receipt	0
.paper-artifacts/bioinformatics-canonical-hybrid-v2/regression/v2reg_hq01_ht01__repeat02/attempt-config.json	1918	231ec5aa1c7e5c46deab6f528bd19edafcc87d48c69ca748a9585f0e4635be75	supporting_raw_artifact	0
.paper-artifacts/bioinformatics-canonical-hybrid-v2/regression/v2reg_hq01_ht01__repeat02/attempt-telemetry.tsv	335710	416a38df0c13f9a3ad47133d1b26ad4649f8d16cf4b418d9a559d97a1d7869e5	per_attempt_telemetry	0
.paper-artifacts/bioinformatics-canonical-hybrid-v2/regression/v2reg_hq01_ht01__repeat02/comparator-stderr.log	0	e3b0c44298fc1c149afbf4c8996fb92427ae41e4649b934ca495991b7852b855	supporting_raw_artifact	0
.paper-artifacts/bioinformatics-canonical-hybrid-v2/regression/v2reg_hq01_ht01__repeat02/comparator-stdout.log	916	a25eea63c7884069623886f131dcb2e8cfa188bfcdc575056bca3f6566e2c456	supporting_raw_artifact	0
.paper-artifacts/bioinformatics-canonical-hybrid-v2/regression/v2reg_hq01_ht01__repeat02/comparison-details.tsv	2834	2b4bd3e8e6c2e1e4f2cbc2fac4c5a313f1f121e2b5657ef1357cba6f5697441e	comparison	0
.paper-artifacts/bioinformatics-canonical-hybrid-v2/regression/v2reg_hq01_ht01__repeat02/comparison.json	1329	81a3cf4d8949cd09680de3826090cc37c5fc3aaee7fa2a1ef602a62cab88f1dd	comparison	0
.paper-artifacts/bioinformatics-canonical-hybrid-v2/regression/v2reg_hq01_ht01__repeat02/execution.json	2168	b7af76a0655224d9ea8b5bb4bbe7492aa22965002cb9f5da2365e3ec3cebf61b	supporting_raw_artifact	0
.paper-artifacts/bioinformatics-canonical-hybrid-v2/regression/v2reg_hq01_ht01__repeat02/gpu-memory.csv	283	b6fcbb6a1a602fc78510e07d163265bef5de5ee7973f66c64e2c78304867a5a8	supporting_raw_artifact	0
.paper-artifacts/bioinformatics-canonical-hybrid-v2/regression/v2reg_hq01_ht01__repeat02/inputs/authority-reference.tfosorted	374	cd5c7362cfeaefc37a2e744238acabca4e6fc78e07086caf765b7b68cec86bce	frozen_authority_copy	0
.paper-artifacts/bioinformatics-canonical-hybrid-v2/regression/v2reg_hq01_ht01__repeat02/inputs/query.fa	522	f1a033aeaffe55eab472636b7b3dbcf9f6c6b267781aa68f71c66142b8da7ce7	supporting_raw_artifact	0
.paper-artifacts/bioinformatics-canonical-hybrid-v2/regression/v2reg_hq01_ht01__repeat02/inputs/target.fa	2608	075b0bcbe0f5f232b030e44a25f27ac4cb05ad4ced6743bac8a0450286cbea43	supporting_raw_artifact	0
.paper-artifacts/bioinformatics-canonical-hybrid-v2/regression/v2reg_hq01_ht01__repeat02/output/GRCh38-ENST00000615076.1|ENSG00000276454.1|ENSG00000276454|GENCODE v49|GRCh38-target-TFOsorted	374	cd5c7362cfeaefc37a2e744238acabca4e6fc78e07086caf765b7b68cec86bce	hybrid_output	0
.paper-artifacts/bioinformatics-canonical-hybrid-v2/regression/v2reg_hq01_ht01__repeat02/stderr.log	112469	ff494fdb99d69cf28082a04ce9b364a5c62e86692883ed71c1cb879b56c4920c	supporting_raw_artifact	0
.paper-artifacts/bioinformatics-canonical-hybrid-v2/regression/v2reg_hq01_ht01__repeat02/stdout.log	146	ef676a10e01f9af54e4799c0f58fdd5e146d3a0dc1891b0ab7e4fbb6ccb6bc62	supporting_raw_artifact	0
.paper-artifacts/bioinformatics-canonical-hybrid-v2/regression/v2reg_hq01_ht01__repeat02/telemetry-summary.json	1147	eb970460dcf9d25f2145f26228d3d991933e192486729492ac296423867bc340	supporting_raw_artifact	0
.paper-artifacts/bioinformatics-canonical-hybrid-v2/regression/v2reg_hq01_ht01__repeat02/time.txt	1363	05cd03e0d243ac6d62f96d0f8ce86d3e381c301ea8d4569c6d462a39deb38436	supporting_raw_artifact	0
.paper-artifacts/bioinformatics-canonical-hybrid-v2/regression/v2reg_hq01_ht02__repeat00/artifact-manifest.sha256	88	2976b02ca28f1ff3c3aa39d23e84f4412cc2fef06f164686125e1a1080922ff4	supporting_raw_artifact	0
.paper-artifacts/bioinformatics-canonical-hybrid-v2/regression/v2reg_hq01_ht02__repeat00/artifact-manifest.tsv	1519	f1ab31ae673ecdf1aedbc041b8d5ebbc76dcefc393a4d162a56bcb00c2fb6f9d	supporting_raw_artifact	0
.paper-artifacts/bioinformatics-canonical-hybrid-v2/regression/v2reg_hq01_ht02__repeat00/attempt-complete.json	6814	c6524c8f292cd91ace995b6b16cf6feef41dde22f5302412ba278ba09094c3b6	attempt_receipt	0
.paper-artifacts/bioinformatics-canonical-hybrid-v2/regression/v2reg_hq01_ht02__repeat00/attempt-config.json	1918	04c41f1bab6581d507735fcdec150d2e342c081e3f9b5a5b3cbeb31e0e03a988	supporting_raw_artifact	0
.paper-artifacts/bioinformatics-canonical-hybrid-v2/regression/v2reg_hq01_ht02__repeat00/attempt-telemetry.tsv	396200	3208d7d8be2ea134505ca6fbb0d73eebf6c9bb5bde62f4c62f2c5dfd6e78878e	per_attempt_telemetry	0
.paper-artifacts/bioinformatics-canonical-hybrid-v2/regression/v2reg_hq01_ht02__repeat00/comparator-stderr.log	0	e3b0c44298fc1c149afbf4c8996fb92427ae41e4649b934ca495991b7852b855	supporting_raw_artifact	0
.paper-artifacts/bioinformatics-canonical-hybrid-v2/regression/v2reg_hq01_ht02__repeat00/comparator-stdout.log	916	a4dcafe7da5481178919eb0e26fccb3ea051257f3e36b8792c9cba8d7edda3dd	supporting_raw_artifact	0
.paper-artifacts/bioinformatics-canonical-hybrid-v2/regression/v2reg_hq01_ht02__repeat00/comparison-details.tsv	3098	83e79e9e4f1a5765459988a6d183d684699b959876f22b776e324bb61f2fdfd5	comparison	0
.paper-artifacts/bioinformatics-canonical-hybrid-v2/regression/v2reg_hq01_ht02__repeat00/comparison.json	1329	ffbdba15e259e6b6057f68e43d8111d543428dceaaa579df7987c100e2e34e10	comparison	0
.paper-artifacts/bioinformatics-canonical-hybrid-v2/regression/v2reg_hq01_ht02__repeat00/execution.json	2170	04c4f73cf6c52ce4249734e4a6262c599d229ccd2e8c025c3b0a8119851a0f58	supporting_raw_artifact	0
.paper-artifacts/bioinformatics-canonical-hybrid-v2/regression/v2reg_hq01_ht02__repeat00/gpu-memory.csv	283	39c6883aff0d1a304071af7278da53b132da902f3fd7fc5f4f52e43077d88353	supporting_raw_artifact	0
.paper-artifacts/bioinformatics-canonical-hybrid-v2/regression/v2reg_hq01_ht02__repeat00/inputs/authority-reference.tfosorted	396	89fade6245de4ab6d75665e968b09d7aed26ef4bf076b49196c77c915b4cd393	frozen_authority_copy	0
.paper-artifacts/bioinformatics-canonical-hybrid-v2/regression/v2reg_hq01_ht02__repeat00/inputs/query.fa	522	f1a033aeaffe55eab472636b7b3dbcf9f6c6b267781aa68f71c66142b8da7ce7	supporting_raw_artifact	0
.paper-artifacts/bioinformatics-canonical-hybrid-v2/regression/v2reg_hq01_ht02__repeat00/inputs/target.fa	2608	15b67727bcbfe8138a9caa1f5100f822c8b021a6008878c65b361caa83fe224e	supporting_raw_artifact	0
.paper-artifacts/bioinformatics-canonical-hybrid-v2/regression/v2reg_hq01_ht02__repeat00/output/GRCh38-ENST00000615076.1|ENSG00000276454.1|ENSG00000276454|GENCODE v49|GRCh38-target-TFOsorted	396	89fade6245de4ab6d75665e968b09d7aed26ef4bf076b49196c77c915b4cd393	hybrid_output	0
.paper-artifacts/bioinformatics-canonical-hybrid-v2/regression/v2reg_hq01_ht02__repeat00/stderr.log	112478	2ccd8d2f1e8ab54823ee1043767dd5fa7ea2b62b01ac6a7f8c17d54eb1311f9d	supporting_raw_artifact	0
.paper-artifacts/bioinformatics-canonical-hybrid-v2/regression/v2reg_hq01_ht02__repeat00/stdout.log	146	2808ffe4a832a7a27ef7f36c0b04103ba7ecf8fc121a74ebf1a7466bf060f75f	supporting_raw_artifact	0
.paper-artifacts/bioinformatics-canonical-hybrid-v2/regression/v2reg_hq01_ht02__repeat00/telemetry-summary.json	1144	51f00ac41718321e820ffe159d9f71afe63a3f721640a2878aa8e8f3818c2551	supporting_raw_artifact	0
.paper-artifacts/bioinformatics-canonical-hybrid-v2/regression/v2reg_hq01_ht02__repeat00/time.txt	1363	5de6f9c9e2aedbe436b23d1af5e00ced220ebe075bf83abc0a043be07567aeb3	supporting_raw_artifact	0
.paper-artifacts/bioinformatics-canonical-hybrid-v2/regression/v2reg_hq01_ht02__repeat01/artifact-manifest.sha256	88	96645769c94f6b2523074368a70769720ff3d731ec8ed3b7a01ffad344224643	supporting_raw_artifact	0
.paper-artifacts/bioinformatics-canonical-hybrid-v2/regression/v2reg_hq01_ht02__repeat01/artifact-manifest.tsv	1519	ae09d7aada20f59a26b0037a14c46a285a97ed705dbbafae9070ebf3ad495736	supporting_raw_artifact	0
.paper-artifacts/bioinformatics-canonical-hybrid-v2/regression/v2reg_hq01_ht02__repeat01/attempt-complete.json	6818	d898151a895934e81e0829c1bfa272f8e55e532d1ee8c9b300d3069aaf81a23c	attempt_receipt	0
.paper-artifacts/bioinformatics-canonical-hybrid-v2/regression/v2reg_hq01_ht02__repeat01/attempt-config.json	1918	b8202e3accb36e5eb01766617c1003882974f0bda511d3ef020b80c0d1fc8017	supporting_raw_artifact	0
.paper-artifacts/bioinformatics-canonical-hybrid-v2/regression/v2reg_hq01_ht02__repeat01/attempt-telemetry.tsv	396200	3208d7d8be2ea134505ca6fbb0d73eebf6c9bb5bde62f4c62f2c5dfd6e78878e	per_attempt_telemetry	0
.paper-artifacts/bioinformatics-canonical-hybrid-v2/regression/v2reg_hq01_ht02__repeat01/comparator-stderr.log	0	e3b0c44298fc1c149afbf4c8996fb92427ae41e4649b934ca495991b7852b855	supporting_raw_artifact	0
.paper-artifacts/bioinformatics-canonical-hybrid-v2/regression/v2reg_hq01_ht02__repeat01/comparator-stdout.log	916	4ef101bbde7d789f2bbb7565e0a1f7d0f852e8c23cc776a3ce5254443fa620e3	supporting_raw_artifact	0
.paper-artifacts/bioinformatics-canonical-hybrid-v2/regression/v2reg_hq01_ht02__repeat01/comparison-details.tsv	3098	83e79e9e4f1a5765459988a6d183d684699b959876f22b776e324bb61f2fdfd5	comparison	0
.paper-artifacts/bioinformatics-canonical-hybrid-v2/regression/v2reg_hq01_ht02__repeat01/comparison.json	1329	c43e4c977eec8c18cbb522bf37aeb76fe72d8ab831b80d3f64f4374ee45fcb2f	comparison	0
.paper-artifacts/bioinformatics-canonical-hybrid-v2/regression/v2reg_hq01_ht02__repeat01/execution.json	2171	b704559337baf324c248623b2d41d233c09c0e53270fcfc68c48732b850bc266	supporting_raw_artifact	0
.paper-artifacts/bioinformatics-canonical-hybrid-v2/regression/v2reg_hq01_ht02__repeat01/gpu-memory.csv	283	58d6bf33ca9037ce0726cd65b9881bdf180c395fc0f5dc5efc2bcc3442fab3db	supporting_raw_artifact	0
.paper-artifacts/bioinformatics-canonical-hybrid-v2/regression/v2reg_hq01_ht02__repeat01/inputs/authority-reference.tfosorted	396	89fade6245de4ab6d75665e968b09d7aed26ef4bf076b49196c77c915b4cd393	frozen_authority_copy	0
.paper-artifacts/bioinformatics-canonical-hybrid-v2/regression/v2reg_hq01_ht02__repeat01/inputs/query.fa	522	f1a033aeaffe55eab472636b7b3dbcf9f6c6b267781aa68f71c66142b8da7ce7	supporting_raw_artifact	0
.paper-artifacts/bioinformatics-canonical-hybrid-v2/regression/v2reg_hq01_ht02__repeat01/inputs/target.fa	2608	15b67727bcbfe8138a9caa1f5100f822c8b021a6008878c65b361caa83fe224e	supporting_raw_artifact	0
.paper-artifacts/bioinformatics-canonical-hybrid-v2/regression/v2reg_hq01_ht02__repeat01/output/GRCh38-ENST00000615076.1|ENSG00000276454.1|ENSG00000276454|GENCODE v49|GRCh38-target-TFOsorted	396	89fade6245de4ab6d75665e968b09d7aed26ef4bf076b49196c77c915b4cd393	hybrid_output	0
.paper-artifacts/bioinformatics-canonical-hybrid-v2/regression/v2reg_hq01_ht02__repeat01/stderr.log	112475	c78fdfdd4d4d6d1c7d2693a9bda70eaf50b9ff9043215183b7803f801004b112	supporting_raw_artifact	0
.paper-artifacts/bioinformatics-canonical-hybrid-v2/regression/v2reg_hq01_ht02__repeat01/stdout.log	146	3c163cf290db48b1c0e11c046d20faa3ff0777c7aa4b6d859c8b4d6bc84ddcd3	supporting_raw_artifact	0
.paper-artifacts/bioinformatics-canonical-hybrid-v2/regression/v2reg_hq01_ht02__repeat01/telemetry-summary.json	1147	3c88a42cdea8f5a21885ad1769bcc4c776ab29c7f2418076d148561655e5dd8c	supporting_raw_artifact	0
.paper-artifacts/bioinformatics-canonical-hybrid-v2/regression/v2reg_hq01_ht02__repeat01/time.txt	1363	2f27f9a504285ba0592c6e5067c0c9b8f38d76bd731c329ecb3a63c08f261ad9	supporting_raw_artifact	0
.paper-artifacts/bioinformatics-canonical-hybrid-v2/regression/v2reg_hq01_ht02__repeat02/artifact-manifest.sha256	88	5111e123dc70a9ec7e15237bbbaebe91234f1e3b85ffb6ca647766db95b887b3	supporting_raw_artifact	0
.paper-artifacts/bioinformatics-canonical-hybrid-v2/regression/v2reg_hq01_ht02__repeat02/artifact-manifest.tsv	1519	db9cfef5f183eb93a2f782372e1423ba6b965f10d573c4060e5c94ff43a62f4e	supporting_raw_artifact	0
.paper-artifacts/bioinformatics-canonical-hybrid-v2/regression/v2reg_hq01_ht02__repeat02/attempt-complete.json	6816	caf7d2bffd0742da44b366aea023f6a4cb089eb54c7ec8d9d7b3fc414bd0ed93	attempt_receipt	0
.paper-artifacts/bioinformatics-canonical-hybrid-v2/regression/v2reg_hq01_ht02__repeat02/attempt-config.json	1918	ddf8552e76d822adf8c5846e2a1f4058f68d9878290a392a384a14293deb335f	supporting_raw_artifact	0
.paper-artifacts/bioinformatics-canonical-hybrid-v2/regression/v2reg_hq01_ht02__repeat02/attempt-telemetry.tsv	396200	3208d7d8be2ea134505ca6fbb0d73eebf6c9bb5bde62f4c62f2c5dfd6e78878e	per_attempt_telemetry	0
.paper-artifacts/bioinformatics-canonical-hybrid-v2/regression/v2reg_hq01_ht02__repeat02/comparator-stderr.log	0	e3b0c44298fc1c149afbf4c8996fb92427ae41e4649b934ca495991b7852b855	supporting_raw_artifact	0
.paper-artifacts/bioinformatics-canonical-hybrid-v2/regression/v2reg_hq01_ht02__repeat02/comparator-stdout.log	916	aa109d04350b955a2a3bbc95dab83c33f5ab0ff46c9578f6144ca094ccbfa72f	supporting_raw_artifact	0
.paper-artifacts/bioinformatics-canonical-hybrid-v2/regression/v2reg_hq01_ht02__repeat02/comparison-details.tsv	3098	83e79e9e4f1a5765459988a6d183d684699b959876f22b776e324bb61f2fdfd5	comparison	0
.paper-artifacts/bioinformatics-canonical-hybrid-v2/regression/v2reg_hq01_ht02__repeat02/comparison.json	1329	29a05e28374a8c7a2e3452f87f6fb56bf911893ca552187d384d089a3588b9d5	comparison	0
.paper-artifacts/bioinformatics-canonical-hybrid-v2/regression/v2reg_hq01_ht02__repeat02/execution.json	2170	c0470857984a2f7016ab86e38bd661fce3773262536aa137e068e562fa11cd46	supporting_raw_artifact	0
.paper-artifacts/bioinformatics-canonical-hybrid-v2/regression/v2reg_hq01_ht02__repeat02/gpu-memory.csv	283	68ebff262255161e8a457dc36c210a7042540f6f0915598b52cc4143e5974928	supporting_raw_artifact	0
.paper-artifacts/bioinformatics-canonical-hybrid-v2/regression/v2reg_hq01_ht02__repeat02/inputs/authority-reference.tfosorted	396	89fade6245de4ab6d75665e968b09d7aed26ef4bf076b49196c77c915b4cd393	frozen_authority_copy	0
.paper-artifacts/bioinformatics-canonical-hybrid-v2/regression/v2reg_hq01_ht02__repeat02/inputs/query.fa	522	f1a033aeaffe55eab472636b7b3dbcf9f6c6b267781aa68f71c66142b8da7ce7	supporting_raw_artifact	0
.paper-artifacts/bioinformatics-canonical-hybrid-v2/regression/v2reg_hq01_ht02__repeat02/inputs/target.fa	2608	15b67727bcbfe8138a9caa1f5100f822c8b021a6008878c65b361caa83fe224e	supporting_raw_artifact	0
.paper-artifacts/bioinformatics-canonical-hybrid-v2/regression/v2reg_hq01_ht02__repeat02/output/GRCh38-ENST00000615076.1|ENSG00000276454.1|ENSG00000276454|GENCODE v49|GRCh38-target-TFOsorted	396	89fade6245de4ab6d75665e968b09d7aed26ef4bf076b49196c77c915b4cd393	hybrid_output	0
.paper-artifacts/bioinformatics-canonical-hybrid-v2/regression/v2reg_hq01_ht02__repeat02/stderr.log	112476	41269a00cc7f0e789beb0f9267bdf489238dc29854442d497da6689e2730ca4c	supporting_raw_artifact	0
.paper-artifacts/bioinformatics-canonical-hybrid-v2/regression/v2reg_hq01_ht02__repeat02/stdout.log	146	a895393873c6d722102ed3df11150b66d6500bb77ecb286bbe832cd4436e5c64	supporting_raw_artifact	0
.paper-artifacts/bioinformatics-canonical-hybrid-v2/regression/v2reg_hq01_ht02__repeat02/telemetry-summary.json	1146	611f9e8b767b91c6b624a304cdd275456379d5b9890c00352047e710af117b7f	supporting_raw_artifact	0
.paper-artifacts/bioinformatics-canonical-hybrid-v2/regression/v2reg_hq01_ht02__repeat02/time.txt	1363	bf5f530d185ad616c9a66b10c6a2e68ff525cb99683e11af7889c551aab4372f	supporting_raw_artifact	0
.paper-artifacts/bioinformatics-canonical-hybrid-v2/regression/v2reg_hq02_ht01__repeat00/artifact-manifest.sha256	88	700a2bef754f32361d3b59100af52b7e19e2a015b045a6ea115e1b84540a00d0	supporting_raw_artifact	0
.paper-artifacts/bioinformatics-canonical-hybrid-v2/regression/v2reg_hq02_ht01__repeat00/artifact-manifest.tsv	1519	6f84a8e6bbe3e9f3da9d958621b210f0bc22f2efa94671b4126c7747a11d9c75	supporting_raw_artifact	0
.paper-artifacts/bioinformatics-canonical-hybrid-v2/regression/v2reg_hq02_ht01__repeat00/attempt-complete.json	6888	4230f6c11fcc0799e223df2e5daca12a8b17fd67fb6bcaf2caf5e85aceedf91d	attempt_receipt	0
.paper-artifacts/bioinformatics-canonical-hybrid-v2/regression/v2reg_hq02_ht01__repeat00/attempt-config.json	1918	2a6ce46d9fbf6e91855f6e3a32b58579e8fdf266c0030a7ca4d0bac096502c53	supporting_raw_artifact	0
.paper-artifacts/bioinformatics-canonical-hybrid-v2/regression/v2reg_hq02_ht01__repeat00/attempt-telemetry.tsv	321600	7d9e27b32d521d8d9e07fb50a00d8743e5388f3ade72173de2e654ff30423229	per_attempt_telemetry	0
.paper-artifacts/bioinformatics-canonical-hybrid-v2/regression/v2reg_hq02_ht01__repeat00/comparator-stderr.log	0	e3b0c44298fc1c149afbf4c8996fb92427ae41e4649b934ca495991b7852b855	supporting_raw_artifact	0
.paper-artifacts/bioinformatics-canonical-hybrid-v2/regression/v2reg_hq02_ht01__repeat00/comparator-stdout.log	916	2e45c989a0ce1af8fa031aea6ddedfc2d435cf8bb46256c5fdaf5152a412f9fc	supporting_raw_artifact	0
.paper-artifacts/bioinformatics-canonical-hybrid-v2/regression/v2reg_hq02_ht01__repeat00/comparison-details.tsv	4057	9e22c6b1e6c0f7c1adc3735490c9cb4d9a13742eeaff6d369076a55cf9dfbc23	comparison	0
.paper-artifacts/bioinformatics-canonical-hybrid-v2/regression/v2reg_hq02_ht01__repeat00/comparison.json	1329	b909ed254bfd83f64ea2bc9571585bdfb453e897685d7738e6404932cbcd8ae7	comparison	0
.paper-artifacts/bioinformatics-canonical-hybrid-v2/regression/v2reg_hq02_ht01__repeat00/execution.json	2170	596997811bdd6218c5a2efa21ff4853b9357ce43799301e5d79c855fc1b21b7d	supporting_raw_artifact	0
.paper-artifacts/bioinformatics-canonical-hybrid-v2/regression/v2reg_hq02_ht01__repeat00/gpu-memory.csv	283	8df158aa847858ba74fb4ed31d8329df3e36b222ed28acdfea816835b8e001a7	supporting_raw_artifact	0
.paper-artifacts/bioinformatics-canonical-hybrid-v2/regression/v2reg_hq02_ht01__repeat00/inputs/authority-reference.tfosorted	556	f62a26e10a6f70faa3200db206b9dd4772bf58fc4187e03d2c1a0bfd56a1e5c9	frozen_authority_copy	0
.paper-artifacts/bioinformatics-canonical-hybrid-v2/regression/v2reg_hq02_ht01__repeat00/inputs/query.fa	357	4350bf870072265c11088a52eb8190c138d0e59aade2e798e017c317b3304525	supporting_raw_artifact	0
.paper-artifacts/bioinformatics-canonical-hybrid-v2/regression/v2reg_hq02_ht01__repeat00/inputs/target.fa	2608	075b0bcbe0f5f232b030e44a25f27ac4cb05ad4ced6743bac8a0450286cbea43	supporting_raw_artifact	0
.paper-artifacts/bioinformatics-canonical-hybrid-v2/regression/v2reg_hq02_ht01__repeat00/output/GRCh38-ENST00000420204.1|ENSG00000235494.3|ENSG00000235494|GENCODE v49|GRCh38-target-TFOsorted	556	f62a26e10a6f70faa3200db206b9dd4772bf58fc4187e03d2c1a0bfd56a1e5c9	hybrid_output	0
.paper-artifacts/bioinformatics-canonical-hybrid-v2/regression/v2reg_hq02_ht01__repeat00/stderr.log	112472	f0b0c242600aaa34e6f707f044a9e98481e1c8b80dbc680949b5a4f04f205b23	supporting_raw_artifact	0
.paper-artifacts/bioinformatics-canonical-hybrid-v2/regression/v2reg_hq02_ht01__repeat00/stdout.log	146	e4cc6ec28ef1678d1306d2cee6cb93a40e16044de0a5b954aea8f3be92af6459	supporting_raw_artifact	0
.paper-artifacts/bioinformatics-canonical-hybrid-v2/regression/v2reg_hq02_ht01__repeat00/telemetry-summary.json	1214	9b99eaae7f57e339094207d3ebf2b86a1c17673e019a88c76813e952750b3eea	supporting_raw_artifact	0
.paper-artifacts/bioinformatics-canonical-hybrid-v2/regression/v2reg_hq02_ht01__repeat00/time.txt	1363	379292f53c2e70c044f24c6686ccee8974a52bd89e8f0c8d180a7beb8aa34f3c	supporting_raw_artifact	0
.paper-artifacts/bioinformatics-canonical-hybrid-v2/regression/v2reg_hq02_ht02__repeat00/artifact-manifest.sha256	88	cad3aa74425e60a0488edc2c7b99291193406a4d7ebb76730feddd68c437eb12	supporting_raw_artifact	0
.paper-artifacts/bioinformatics-canonical-hybrid-v2/regression/v2reg_hq02_ht02__repeat00/artifact-manifest.tsv	1522	d27a1ca80afa959bed4aff649d62aca94943fb3b629c5b58449fb474e891ea4a	supporting_raw_artifact	0
.paper-artifacts/bioinformatics-canonical-hybrid-v2/regression/v2reg_hq02_ht02__repeat00/attempt-complete.json	7241	698b975332a99441f549cd63ae725d5863400cc8d46edf29a5ea552c59b4be08	attempt_receipt	0
.paper-artifacts/bioinformatics-canonical-hybrid-v2/regression/v2reg_hq02_ht02__repeat00/attempt-config.json	1918	7203fc0a384faa86f571df9645412925d6462faa7b446215b55acf6550e1fd77	supporting_raw_artifact	0
.paper-artifacts/bioinformatics-canonical-hybrid-v2/regression/v2reg_hq02_ht02__repeat00/attempt-telemetry.tsv	284556	2982d5c6e7ddcbdc3df24b8a6c483e1f39852ed74f29945653c67a0c252119a5	per_attempt_telemetry	0
.paper-artifacts/bioinformatics-canonical-hybrid-v2/regression/v2reg_hq02_ht02__repeat00/comparator-stderr.log	0	e3b0c44298fc1c149afbf4c8996fb92427ae41e4649b934ca495991b7852b855	supporting_raw_artifact	0
.paper-artifacts/bioinformatics-canonical-hybrid-v2/regression/v2reg_hq02_ht02__repeat00/comparator-stdout.log	916	7a3a3954305802708b67bae25356898b40aef6367c2d9bfa8791a8778c3593fd	supporting_raw_artifact	0
.paper-artifacts/bioinformatics-canonical-hybrid-v2/regression/v2reg_hq02_ht02__repeat00/comparison-details.tsv	10812	3731df8464cc7f35d8446d5351afd5373970f597dfff39d11a86beb9febfcd03	comparison	0
.paper-artifacts/bioinformatics-canonical-hybrid-v2/regression/v2reg_hq02_ht02__repeat00/comparison.json	1329	79768f23b5fb1c0bad53717c005067c2d39ef0aa6f9e32a2096c2c71c4618a77	comparison	0
.paper-artifacts/bioinformatics-canonical-hybrid-v2/regression/v2reg_hq02_ht02__repeat00/execution.json	2169	82cbf2b8ff005be353754bfbcdb6e1cbe957b745d827e7e444cb6628ca515778	supporting_raw_artifact	0
.paper-artifacts/bioinformatics-canonical-hybrid-v2/regression/v2reg_hq02_ht02__repeat00/gpu-memory.csv	283	a6173e5226c0e22f15ae9d9474d76f21a095b1cc98f1b35b5942183298ad75cb	supporting_raw_artifact	0
.paper-artifacts/bioinformatics-canonical-hybrid-v2/regression/v2reg_hq02_ht02__repeat00/inputs/authority-reference.tfosorted	1530	d659e968a606ed377716dcdba519de486b8914178d7531786dcc936ec5cc8a26	frozen_authority_copy	0
.paper-artifacts/bioinformatics-canonical-hybrid-v2/regression/v2reg_hq02_ht02__repeat00/inputs/query.fa	357	4350bf870072265c11088a52eb8190c138d0e59aade2e798e017c317b3304525	supporting_raw_artifact	0
.paper-artifacts/bioinformatics-canonical-hybrid-v2/regression/v2reg_hq02_ht02__repeat00/inputs/target.fa	2608	15b67727bcbfe8138a9caa1f5100f822c8b021a6008878c65b361caa83fe224e	supporting_raw_artifact	0
.paper-artifacts/bioinformatics-canonical-hybrid-v2/regression/v2reg_hq02_ht02__repeat00/output/GRCh38-ENST00000420204.1|ENSG00000235494.3|ENSG00000235494|GENCODE v49|GRCh38-target-TFOsorted	1530	d659e968a606ed377716dcdba519de486b8914178d7531786dcc936ec5cc8a26	hybrid_output	0
.paper-artifacts/bioinformatics-canonical-hybrid-v2/regression/v2reg_hq02_ht02__repeat00/stderr.log	112474	cfc66e547b6f36647008ca0997c4441ee889e362b311fc80b14db781d8a12a0b	supporting_raw_artifact	0
.paper-artifacts/bioinformatics-canonical-hybrid-v2/regression/v2reg_hq02_ht02__repeat00/stdout.log	146	cb1e48e64960d2b98887a739e31edf367a47b03dbc02a6dc9824e402d92c1789	supporting_raw_artifact	0
.paper-artifacts/bioinformatics-canonical-hybrid-v2/regression/v2reg_hq02_ht02__repeat00/telemetry-summary.json	1548	c23cf179cb7df32e81da84290c14c87c6f808a99cc3c94e10c15f7df0573d4f0	supporting_raw_artifact	0
.paper-artifacts/bioinformatics-canonical-hybrid-v2/regression/v2reg_hq02_ht02__repeat00/time.txt	1363	c67be40586f53b70d69aa06ab994a1bd860cfde1006a54007e5fc4ebaba0d0de	supporting_raw_artifact	0
.paper-artifacts/bioinformatics-canonical-hybrid-v2/regression/v2reg_hq03_ht01__repeat00/artifact-manifest.sha256	88	7094d3d701cbcf5186f09d301a8e5ca9bd912e0a549281ca20aba17824f5a0f3	supporting_raw_artifact	0
.paper-artifacts/bioinformatics-canonical-hybrid-v2/regression/v2reg_hq03_ht01__repeat00/artifact-manifest.tsv	1521	c49c66e3651d7aa8468ce11b584447bd60f0c38fc9a5b5face54ecc22d5e11fa	supporting_raw_artifact	0
.paper-artifacts/bioinformatics-canonical-hybrid-v2/regression/v2reg_hq03_ht01__repeat00/attempt-complete.json	7028	302af6a1128187029d656d999eb8d6529b38afe3596f87537320b4507a2fa31b	attempt_receipt	0
.paper-artifacts/bioinformatics-canonical-hybrid-v2/regression/v2reg_hq03_ht01__repeat00/attempt-config.json	1918	fe360979e03039370a69d6f80abc7a2c5e149a714ffd97e69b6c79b438a304a3	supporting_raw_artifact	0
.paper-artifacts/bioinformatics-canonical-hybrid-v2/regression/v2reg_hq03_ht01__repeat00/attempt-telemetry.tsv	397094	d6a7a1c1288d69dc55871e24ae50161b55542e924163c3de2bf1ea0f93bb6dcb	per_attempt_telemetry	0
.paper-artifacts/bioinformatics-canonical-hybrid-v2/regression/v2reg_hq03_ht01__repeat00/comparator-stderr.log	0	e3b0c44298fc1c149afbf4c8996fb92427ae41e4649b934ca495991b7852b855	supporting_raw_artifact	0
.paper-artifacts/bioinformatics-canonical-hybrid-v2/regression/v2reg_hq03_ht01__repeat00/comparator-stdout.log	916	d798a296b1c13b61f7a192a58c7148bcb9151a23376f191448c01503361af260	supporting_raw_artifact	0
.paper-artifacts/bioinformatics-canonical-hybrid-v2/regression/v2reg_hq03_ht01__repeat00/comparison-details.tsv	8672	237635f819905102483917f4b7a55e709c2eeb41e83e2c8f37daeccca1dddaef	comparison	0
.paper-artifacts/bioinformatics-canonical-hybrid-v2/regression/v2reg_hq03_ht01__repeat00/comparison.json	1329	73609df931acb4b7c689861e3325ba1ebbe4bc978325c24ddb84c37c99d158da	comparison	0
.paper-artifacts/bioinformatics-canonical-hybrid-v2/regression/v2reg_hq03_ht01__repeat00/execution.json	2169	b5ce79d65be9610aab75061210bc068642d590d04f217f5a672259152ab5cd52	supporting_raw_artifact	0
.paper-artifacts/bioinformatics-canonical-hybrid-v2/regression/v2reg_hq03_ht01__repeat00/gpu-memory.csv	283	a6cccfba7771b0ed7dd13048c7c75d6894129bbe002c35d3b36b648a1c8746cb	supporting_raw_artifact	0
.paper-artifacts/bioinformatics-canonical-hybrid-v2/regression/v2reg_hq03_ht01__repeat00/inputs/authority-reference.tfosorted	1017	e19b3f067d38cfacb547748f92ba4bc4345dd68129d46997b7da381b1d0f7ab5	frozen_authority_copy	0
.paper-artifacts/bioinformatics-canonical-hybrid-v2/regression/v2reg_hq03_ht01__repeat00/inputs/query.fa	434	2d5c1f90ec02adea0810e86d405d9cb289141fc278ee5a13c76ec2434898ad43	supporting_raw_artifact	0
.paper-artifacts/bioinformatics-canonical-hybrid-v2/regression/v2reg_hq03_ht01__repeat00/inputs/target.fa	2608	075b0bcbe0f5f232b030e44a25f27ac4cb05ad4ced6743bac8a0450286cbea43	supporting_raw_artifact	0
.paper-artifacts/bioinformatics-canonical-hybrid-v2/regression/v2reg_hq03_ht01__repeat00/output/GRCh38-ENST00000457477.2|ENSG00000224359.2|ENSG00000224359|GENCODE v49|GRCh38-target-TFOsorted	1017	e19b3f067d38cfacb547748f92ba4bc4345dd68129d46997b7da381b1d0f7ab5	hybrid_output	0
.paper-artifacts/bioinformatics-canonical-hybrid-v2/regression/v2reg_hq03_ht01__repeat00/stderr.log	112476	ac4a3c2e6c261516b3d79a90a922a1e78f0a70278ce058e2869d226d1ce76981	supporting_raw_artifact	0
.paper-artifacts/bioinformatics-canonical-hybrid-v2/regression/v2reg_hq03_ht01__repeat00/stdout.log	146	11f7b2b8da3ca2dc1669dd8947c74d8c291e87e814afd7b865914914af803133	supporting_raw_artifact	0
.paper-artifacts/bioinformatics-canonical-hybrid-v2/regression/v2reg_hq03_ht01__repeat00/telemetry-summary.json	1347	71a2e16b1365407c9f16cbcd8db4383347edbe086be5e661acafcb5cb6ff8e4e	supporting_raw_artifact	0
.paper-artifacts/bioinformatics-canonical-hybrid-v2/regression/v2reg_hq03_ht01__repeat00/time.txt	1363	e177680e96505c1d6b230e8992f0e9aa42b364b307e96715b47e923b402522b3	supporting_raw_artifact	0
.paper-artifacts/bioinformatics-canonical-hybrid-v2/regression/v2reg_hq03_ht02__repeat00/artifact-manifest.sha256	88	f721eaaa31927d937b2e8d8b9179622ee9470dd427d9e81b0eb2025fee049ef7	supporting_raw_artifact	0
.paper-artifacts/bioinformatics-canonical-hybrid-v2/regression/v2reg_hq03_ht02__repeat00/artifact-manifest.tsv	1522	7300200304731b75114361a9b0aa45690752d559b1e147b91220650b2e1c108f	supporting_raw_artifact	0
.paper-artifacts/bioinformatics-canonical-hybrid-v2/regression/v2reg_hq03_ht02__repeat00/attempt-complete.json	7026	4e2834f540c45d8879826067e12a8c19ddb7df9edcbb9ddeece13f9821731c0f	attempt_receipt	0
.paper-artifacts/bioinformatics-canonical-hybrid-v2/regression/v2reg_hq03_ht02__repeat00/attempt-config.json	1919	36b1f38a8fb100f116847df28c79228bff89fdf2f083aeed66179174cb213b4e	supporting_raw_artifact	0
.paper-artifacts/bioinformatics-canonical-hybrid-v2/regression/v2reg_hq03_ht02__repeat00/attempt-telemetry.tsv	430918	abb9606c61b0189984530aa282329ecfbbb9e3c88471a658e50098301c8320a7	per_attempt_telemetry	0
.paper-artifacts/bioinformatics-canonical-hybrid-v2/regression/v2reg_hq03_ht02__repeat00/comparator-stderr.log	0	e3b0c44298fc1c149afbf4c8996fb92427ae41e4649b934ca495991b7852b855	supporting_raw_artifact	0
.paper-artifacts/bioinformatics-canonical-hybrid-v2/regression/v2reg_hq03_ht02__repeat00/comparator-stdout.log	916	c9e23edd492c8d1c580bad09cf45a996a533373ee43bf01da983a1b68a9794e6	supporting_raw_artifact	0
.paper-artifacts/bioinformatics-canonical-hybrid-v2/regression/v2reg_hq03_ht02__repeat00/comparison-details.tsv	10783	2430981e7d3bdc779207fa78503183e310b88ac3610e2b2e7ea71d9bb02b3a20	comparison	0
.paper-artifacts/bioinformatics-canonical-hybrid-v2/regression/v2reg_hq03_ht02__repeat00/comparison.json	1329	bb064c315a4db38b7961ebfac6774fb01436ccfa4fcfc7ca5b7f68ace84d8a30	comparison	0
.paper-artifacts/bioinformatics-canonical-hybrid-v2/regression/v2reg_hq03_ht02__repeat00/execution.json	2169	32d97bad2fb43a166ad0acc42c52ba3b0bcac15e29985fdd116a407ee41e2040	supporting_raw_artifact	0
.paper-artifacts/bioinformatics-canonical-hybrid-v2/regression/v2reg_hq03_ht02__repeat00/gpu-memory.csv	282	00393ff3690d51cacb321979fd27c2c4caf5d832e054f81c12a173eb1fc485b9	supporting_raw_artifact	0
.paper-artifacts/bioinformatics-canonical-hybrid-v2/regression/v2reg_hq03_ht02__repeat00/inputs/authority-reference.tfosorted	1079	489b523b59313e23fbef6b3f4c54b548db469a4db10764320fae99aa75619076	frozen_authority_copy	0
.paper-artifacts/bioinformatics-canonical-hybrid-v2/regression/v2reg_hq03_ht02__repeat00/inputs/query.fa	434	2d5c1f90ec02adea0810e86d405d9cb289141fc278ee5a13c76ec2434898ad43	supporting_raw_artifact	0
.paper-artifacts/bioinformatics-canonical-hybrid-v2/regression/v2reg_hq03_ht02__repeat00/inputs/target.fa	2608	15b67727bcbfe8138a9caa1f5100f822c8b021a6008878c65b361caa83fe224e	supporting_raw_artifact	0
.paper-artifacts/bioinformatics-canonical-hybrid-v2/regression/v2reg_hq03_ht02__repeat00/output/GRCh38-ENST00000457477.2|ENSG00000224359.2|ENSG00000224359|GENCODE v49|GRCh38-target-TFOsorted	1079	489b523b59313e23fbef6b3f4c54b548db469a4db10764320fae99aa75619076	hybrid_output	0
.paper-artifacts/bioinformatics-canonical-hybrid-v2/regression/v2reg_hq03_ht02__repeat00/stderr.log	112476	1fa715f3f1d950a17f890454d0e4fa5e246b118fe1cd52b6f7bc0346a89d465b	supporting_raw_artifact	0
.paper-artifacts/bioinformatics-canonical-hybrid-v2/regression/v2reg_hq03_ht02__repeat00/stdout.log	146	cd7105fb4b20906c0adbf59d1c528b890bdb2baa42cee1d9ae2ba99bd87eda98	supporting_raw_artifact	0
.paper-artifacts/bioinformatics-canonical-hybrid-v2/regression/v2reg_hq03_ht02__repeat00/telemetry-summary.json	1345	45f0d5a37b176113ba99f31dcacfa7a92e9ff999644a6d74af263306e45e95aa	supporting_raw_artifact	0
.paper-artifacts/bioinformatics-canonical-hybrid-v2/regression/v2reg_hq03_ht02__repeat00/time.txt	1363	4f9288f37c0a5aebe98b475d037e58ac73c1eb4dac2bfa753c980b2bcb496e2c	supporting_raw_artifact	0
.paper-artifacts/bioinformatics-canonical-hybrid-v2/regression/v2reg_hq04_ht01__repeat00/artifact-manifest.sha256	88	d4e6ef2229f008ff16e9a0fee8ba9ad700eb303cdddf36e0c4b15adec8e6eca7	supporting_raw_artifact	0
.paper-artifacts/bioinformatics-canonical-hybrid-v2/regression/v2reg_hq04_ht01__repeat00/artifact-manifest.tsv	1521	aa5cdddb91f8b33f08a06a6b4bf2fc9b00e174b6a1d0118d00e10a5caad749fb	supporting_raw_artifact	0
.paper-artifacts/bioinformatics-canonical-hybrid-v2/regression/v2reg_hq04_ht01__repeat00/attempt-complete.json	7314	77859cd5054f420472aa744933230025d52a54b9ee5df8e09481e3f22728ca30	attempt_receipt	0
.paper-artifacts/bioinformatics-canonical-hybrid-v2/regression/v2reg_hq04_ht01__repeat00/attempt-config.json	1919	19f896903953af25488602af376e7015195b6dd219dde8fcb93dedf5fe6ea7ae	supporting_raw_artifact	0
.paper-artifacts/bioinformatics-canonical-hybrid-v2/regression/v2reg_hq04_ht01__repeat00/attempt-telemetry.tsv	249478	bdcc0f67c60d918b1979778d9454a1f0134f8274352c53e655d92fbc2a6930af	per_attempt_telemetry	0
.paper-artifacts/bioinformatics-canonical-hybrid-v2/regression/v2reg_hq04_ht01__repeat00/comparator-stderr.log	0	e3b0c44298fc1c149afbf4c8996fb92427ae41e4649b934ca495991b7852b855	supporting_raw_artifact	0
.paper-artifacts/bioinformatics-canonical-hybrid-v2/regression/v2reg_hq04_ht01__repeat00/comparator-stdout.log	916	64e6f498664d6509b39a5f0938d4262dddeb05760a4f5c13bae7f3f13ccb4dbb	supporting_raw_artifact	0
.paper-artifacts/bioinformatics-canonical-hybrid-v2/regression/v2reg_hq04_ht01__repeat00/comparison-details.tsv	8566	ef93699f0ff15bc779943244b063af73f846eba4c74267f0a3c539d7ac6d7525	comparison	0
.paper-artifacts/bioinformatics-canonical-hybrid-v2/regression/v2reg_hq04_ht01__repeat00/comparison.json	1329	87d2d41fdb33e4206e5dde7bc96adb3343cb81470b7373ad7cd07cde7b624771	comparison	0
.paper-artifacts/bioinformatics-canonical-hybrid-v2/regression/v2reg_hq04_ht01__repeat00/execution.json	2170	55d6d91c59d22044e33e358a3b3d44e0931524675b4c59ebbedb904a4f6deebb	supporting_raw_artifact	0
.paper-artifacts/bioinformatics-canonical-hybrid-v2/regression/v2reg_hq04_ht01__repeat00/gpu-memory.csv	283	173ba657c4aadd8fda64eb5042d697153a7e7aa2f0cc3bab2d0c847e695dff33	supporting_raw_artifact	0
.paper-artifacts/bioinformatics-canonical-hybrid-v2/regression/v2reg_hq04_ht01__repeat00/inputs/authority-reference.tfosorted	1774	607f3bb5765285abc3f204c8453510bc13d345380193846d01b2477d37493778	frozen_authority_copy	0
.paper-artifacts/bioinformatics-canonical-hybrid-v2/regression/v2reg_hq04_ht01__repeat00/inputs/query.fa	574	d362aa46a045be67df64fd327dea74ed06a0f222dc318075c72ee0048125dc96	supporting_raw_artifact	0
.paper-artifacts/bioinformatics-canonical-hybrid-v2/regression/v2reg_hq04_ht01__repeat00/inputs/target.fa	2608	075b0bcbe0f5f232b030e44a25f27ac4cb05ad4ced6743bac8a0450286cbea43	supporting_raw_artifact	0
.paper-artifacts/bioinformatics-canonical-hybrid-v2/regression/v2reg_hq04_ht01__repeat00/output/GRCh38-ENST00000743921.1|ENSG00000296969.1|ENSG00000296969|GENCODE v49|GRCh38-target-TFOsorted	1774	607f3bb5765285abc3f204c8453510bc13d345380193846d01b2477d37493778	hybrid_output	0
.paper-artifacts/bioinformatics-canonical-hybrid-v2/regression/v2reg_hq04_ht01__repeat00/stderr.log	112469	97158203e091fc2bc3b4e33c66e78733313dd625787e133fc4a256b6f76d7326	supporting_raw_artifact	0
.paper-artifacts/bioinformatics-canonical-hybrid-v2/regression/v2reg_hq04_ht01__repeat00/stdout.log	145	401e72cfa3e856d3b0dd46face2fb1ba25f3c8dc3b59b7ff0645a821eb2352d0	supporting_raw_artifact	0
.paper-artifacts/bioinformatics-canonical-hybrid-v2/regression/v2reg_hq04_ht01__repeat00/telemetry-summary.json	1616	488badeac4af005a7c4d24ce8eecec1737dc407c84c6b0763e53bff85bb4920b	supporting_raw_artifact	0
.paper-artifacts/bioinformatics-canonical-hybrid-v2/regression/v2reg_hq04_ht01__repeat00/time.txt	1363	098d6b86ea9e290932157ea94573589a8e8eb2a066ea113ad8419e3da5ef2ff2	supporting_raw_artifact	0
.paper-artifacts/bioinformatics-canonical-hybrid-v2/regression/v2reg_hq04_ht02__repeat00/artifact-manifest.sha256	88	768093aafbcf36c47cdbb283cc0849b6af59a931da20fad97b860d3b0dc0a06b	supporting_raw_artifact	0
.paper-artifacts/bioinformatics-canonical-hybrid-v2/regression/v2reg_hq04_ht02__repeat00/artifact-manifest.tsv	1521	01cf0e6d5eaf0fc13094e74be0c1ee5d51da931a2b072a1ee9c3fe7cd8dabe82	supporting_raw_artifact	0
.paper-artifacts/bioinformatics-canonical-hybrid-v2/regression/v2reg_hq04_ht02__repeat00/attempt-complete.json	7314	1a926b6087fad382658d28b75177bab721ea45ddd90189fd78a4703a93935a34	attempt_receipt	0
.paper-artifacts/bioinformatics-canonical-hybrid-v2/regression/v2reg_hq04_ht02__repeat00/attempt-config.json	1919	9248e7930d2c6257883227223bfc0e2a1f1571c7864501406c340e7e6aa9a5a7	supporting_raw_artifact	0
.paper-artifacts/bioinformatics-canonical-hybrid-v2/regression/v2reg_hq04_ht02__repeat00/attempt-telemetry.tsv	223327	5a503bb5ce6befd4e9baf0a1366744b4dbc48dfc16a3bc3da21a9cbd19ccc587	per_attempt_telemetry	0
.paper-artifacts/bioinformatics-canonical-hybrid-v2/regression/v2reg_hq04_ht02__repeat00/comparator-stderr.log	0	e3b0c44298fc1c149afbf4c8996fb92427ae41e4649b934ca495991b7852b855	supporting_raw_artifact	0
.paper-artifacts/bioinformatics-canonical-hybrid-v2/regression/v2reg_hq04_ht02__repeat00/comparator-stdout.log	918	3b3a6e94f3a4ac692e7327ea859f2b7544d8fcb47811ba3ffc272c0aeb7b9243	supporting_raw_artifact	0
.paper-artifacts/bioinformatics-canonical-hybrid-v2/regression/v2reg_hq04_ht02__repeat00/comparison-details.tsv	8718	d00f568245b9abc4df79aec3ac888625c2806ef051519096f1849aaf7fb726e4	comparison	0
.paper-artifacts/bioinformatics-canonical-hybrid-v2/regression/v2reg_hq04_ht02__repeat00/comparison.json	1330	cfb507babaf5c21f32b4a5bd3204d9cbb5d06ce17a0dfdd797e21b574f8faa07	comparison	0
.paper-artifacts/bioinformatics-canonical-hybrid-v2/regression/v2reg_hq04_ht02__repeat00/execution.json	2169	55f28148176b37ecb0272867cf78fb19ad626dd441f49c5b3130c27957f4fc6b	supporting_raw_artifact	0
.paper-artifacts/bioinformatics-canonical-hybrid-v2/regression/v2reg_hq04_ht02__repeat00/gpu-memory.csv	283	dee0a383cb77590286f453003f5771553337131d1e91fa8fe4ad6038535b7c06	supporting_raw_artifact	0
.paper-artifacts/bioinformatics-canonical-hybrid-v2/regression/v2reg_hq04_ht02__repeat00/inputs/authority-reference.tfosorted	2214	cccd68550de33b8d91b129be53354d7a0f1b462e37cfa601a419ef3fa46628f8	frozen_authority_copy	0
.paper-artifacts/bioinformatics-canonical-hybrid-v2/regression/v2reg_hq04_ht02__repeat00/inputs/query.fa	574	d362aa46a045be67df64fd327dea74ed06a0f222dc318075c72ee0048125dc96	supporting_raw_artifact	0
.paper-artifacts/bioinformatics-canonical-hybrid-v2/regression/v2reg_hq04_ht02__repeat00/inputs/target.fa	2608	15b67727bcbfe8138a9caa1f5100f822c8b021a6008878c65b361caa83fe224e	supporting_raw_artifact	0
.paper-artifacts/bioinformatics-canonical-hybrid-v2/regression/v2reg_hq04_ht02__repeat00/output/GRCh38-ENST00000743921.1|ENSG00000296969.1|ENSG00000296969|GENCODE v49|GRCh38-target-TFOsorted	1814	b20d1d2fef8ababbad24feb7adea80610184d54cee7af2bc54c6281c56dd8357	hybrid_output	0
.paper-artifacts/bioinformatics-canonical-hybrid-v2/regression/v2reg_hq04_ht02__repeat00/stderr.log	112472	39a248d5315e2b8f7861691df81ab7f7760a2655a6bb1a327af98c8c4a938330	supporting_raw_artifact	0
.paper-artifacts/bioinformatics-canonical-hybrid-v2/regression/v2reg_hq04_ht02__repeat00/stdout.log	146	aaa87f02c3c30a83cef113116edf7792b843e0593cedcf04d697ec77803f4623	supporting_raw_artifact	0
.paper-artifacts/bioinformatics-canonical-hybrid-v2/regression/v2reg_hq04_ht02__repeat00/telemetry-summary.json	1616	18977534fa27fbb52e77fb9fef0e236bb92d84ec603dbe70d9cf992241904664	supporting_raw_artifact	0
.paper-artifacts/bioinformatics-canonical-hybrid-v2/regression/v2reg_hq04_ht02__repeat00/time.txt	1363	46e7e29e7f4798096d26068edd38de96ef4665132bc5a8e140c961c6afc6b3d4	supporting_raw_artifact	0
.paper-artifacts/bioinformatics-canonical-hybrid-v2/regression/v2reg_hq05_ht01__repeat00/artifact-manifest.sha256	88	a94610631469d0aba6b2c217600dc83f5c85d87efb5f7c57a32f785bcd63170d	supporting_raw_artifact	0
.paper-artifacts/bioinformatics-canonical-hybrid-v2/regression/v2reg_hq05_ht01__repeat00/artifact-manifest.tsv	1523	3b867fc679bbc24c6a2780f9761dd0d970b626d0189f52b8199f821b21f39cac	supporting_raw_artifact	0
.paper-artifacts/bioinformatics-canonical-hybrid-v2/regression/v2reg_hq05_ht01__repeat00/attempt-complete.json	8455	0ed4a55c71d30e192c2bf84501c6041487e886023e81a4f259d5dd11890720b4	attempt_receipt	0
.paper-artifacts/bioinformatics-canonical-hybrid-v2/regression/v2reg_hq05_ht01__repeat00/attempt-config.json	1919	a67e774e3327ee5badcb1c658956c6cf50e8c8471ca7386985bfe669dd7d7dcc	supporting_raw_artifact	0
.paper-artifacts/bioinformatics-canonical-hybrid-v2/regression/v2reg_hq05_ht01__repeat00/attempt-telemetry.tsv	406572	1030722e4ed4be587cb495cf003556f375007690eea1bd6a5adfccc5f8e310bd	per_attempt_telemetry	0
.paper-artifacts/bioinformatics-canonical-hybrid-v2/regression/v2reg_hq05_ht01__repeat00/comparator-stderr.log	0	e3b0c44298fc1c149afbf4c8996fb92427ae41e4649b934ca495991b7852b855	supporting_raw_artifact	0
.paper-artifacts/bioinformatics-canonical-hybrid-v2/regression/v2reg_hq05_ht01__repeat00/comparator-stdout.log	920	697d0088aeca81f068fa67e6ea8cb0726698b73762df3de97201df2d328e919d	supporting_raw_artifact	0
.paper-artifacts/bioinformatics-canonical-hybrid-v2/regression/v2reg_hq05_ht01__repeat00/comparison-details.tsv	15928	76059a9fc3ddfeef5c5efa5051fdae70d175adf3cc603181a4775a0b25ac742e	comparison	0
.paper-artifacts/bioinformatics-canonical-hybrid-v2/regression/v2reg_hq05_ht01__repeat00/comparison.json	1331	8b77e5222b88b73fdef158df2a746f42d909a62006de254e296ccc7e2d36bc89	comparison	0
.paper-artifacts/bioinformatics-canonical-hybrid-v2/regression/v2reg_hq05_ht01__repeat00/execution.json	2170	a0d637d40bac67ccf96600965e9991ac7516c9e72f0174fa52f3f2a0bdb4d0d0	supporting_raw_artifact	0
.paper-artifacts/bioinformatics-canonical-hybrid-v2/regression/v2reg_hq05_ht01__repeat00/gpu-memory.csv	283	618e76c1d1a1efca06880244969324b2b3ea8a597b4f2c88cc58e86b2c5c0619	supporting_raw_artifact	0
.paper-artifacts/bioinformatics-canonical-hybrid-v2/regression/v2reg_hq05_ht01__repeat00/inputs/authority-reference.tfosorted	5590	3aebfe272be9c704fcfb5ce8766c3ba092dd8b23086140e92055b53d46159d03	frozen_authority_copy	0
.paper-artifacts/bioinformatics-canonical-hybrid-v2/regression/v2reg_hq05_ht01__repeat00/inputs/query.fa	1071	55f3941f733c2f0788dd8e104e9fc114d0a86c71c92aa879784cc6f79c285377	supporting_raw_artifact	0
.paper-artifacts/bioinformatics-canonical-hybrid-v2/regression/v2reg_hq05_ht01__repeat00/inputs/target.fa	2608	075b0bcbe0f5f232b030e44a25f27ac4cb05ad4ced6743bac8a0450286cbea43	supporting_raw_artifact	0
.paper-artifacts/bioinformatics-canonical-hybrid-v2/regression/v2reg_hq05_ht01__repeat00/output/GRCh38-ENST00000442179.1|ENSG00000236772.1|ENSG00000236772|GENCODE v49|GRCh38-target-TFOsorted	5590	3aebfe272be9c704fcfb5ce8766c3ba092dd8b23086140e92055b53d46159d03	hybrid_output	0
.paper-artifacts/bioinformatics-canonical-hybrid-v2/regression/v2reg_hq05_ht01__repeat00/stderr.log	112481	533e21cdb6db0c70704a294f1d763bb0751407efc36d0417ad3009f12d8c7e07	supporting_raw_artifact	0
.paper-artifacts/bioinformatics-canonical-hybrid-v2/regression/v2reg_hq05_ht01__repeat00/stdout.log	146	da94cdea66c38a805009b19cb90f8c35c163a63d45d419397768a9d8af5055af	supporting_raw_artifact	0
.paper-artifacts/bioinformatics-canonical-hybrid-v2/regression/v2reg_hq05_ht01__repeat00/telemetry-summary.json	2690	4fde7382c9c5264fe243ebdfacf6e2d268c785bb3ccc0ca26409b0a38e301302	supporting_raw_artifact	0
.paper-artifacts/bioinformatics-canonical-hybrid-v2/regression/v2reg_hq05_ht01__repeat00/time.txt	1363	c4f638cef429dc71ddcbb64325096f4f3bc7cef509918b82c7d284dc39315970	supporting_raw_artifact	0
.paper-artifacts/bioinformatics-canonical-hybrid-v2/regression/v2reg_hq05_ht01__repeat01/artifact-manifest.sha256	88	6421a1f5b2ec2ec130bc36290dea288add1dcb507e8d8d15822c675f06ca6267	supporting_raw_artifact	0
.paper-artifacts/bioinformatics-canonical-hybrid-v2/regression/v2reg_hq05_ht01__repeat01/artifact-manifest.tsv	1523	27d72b7dffae8885df95826a60006ac33e63e3072c5398f02a461beebce49bde	supporting_raw_artifact	0
.paper-artifacts/bioinformatics-canonical-hybrid-v2/regression/v2reg_hq05_ht01__repeat01/attempt-complete.json	8454	27164e0b70bec6d79fc3ac6787f24558fa9963e64e19f2bba456ac55f24ed582	attempt_receipt	0
.paper-artifacts/bioinformatics-canonical-hybrid-v2/regression/v2reg_hq05_ht01__repeat01/attempt-config.json	1919	85d4744e946a7c761323f161bf9120aa54c335759b91e6939ffea88d2ed431a8	supporting_raw_artifact	0
.paper-artifacts/bioinformatics-canonical-hybrid-v2/regression/v2reg_hq05_ht01__repeat01/attempt-telemetry.tsv	406572	1030722e4ed4be587cb495cf003556f375007690eea1bd6a5adfccc5f8e310bd	per_attempt_telemetry	0
.paper-artifacts/bioinformatics-canonical-hybrid-v2/regression/v2reg_hq05_ht01__repeat01/comparator-stderr.log	0	e3b0c44298fc1c149afbf4c8996fb92427ae41e4649b934ca495991b7852b855	supporting_raw_artifact	0
.paper-artifacts/bioinformatics-canonical-hybrid-v2/regression/v2reg_hq05_ht01__repeat01/comparator-stdout.log	920	6550a1d5372b306b746c6482bfabecedd2397a859d65eda8df43fa90d75e7c4d	supporting_raw_artifact	0
.paper-artifacts/bioinformatics-canonical-hybrid-v2/regression/v2reg_hq05_ht01__repeat01/comparison-details.tsv	15928	76059a9fc3ddfeef5c5efa5051fdae70d175adf3cc603181a4775a0b25ac742e	comparison	0
.paper-artifacts/bioinformatics-canonical-hybrid-v2/regression/v2reg_hq05_ht01__repeat01/comparison.json	1331	d40eca443447a23e8c9c56905b4e8464d1329c5370f16e769603ea75eeb27f70	comparison	0
.paper-artifacts/bioinformatics-canonical-hybrid-v2/regression/v2reg_hq05_ht01__repeat01/execution.json	2169	da6b6b91c0b8200fff6f5b4dd4e0722e165771c52cb6c92ef0b5ea371d615012	supporting_raw_artifact	0
.paper-artifacts/bioinformatics-canonical-hybrid-v2/regression/v2reg_hq05_ht01__repeat01/gpu-memory.csv	282	e2a546322730a5e0eacf897f13f2a2f9a303c3c7e64990d61dc4c2562d13bc1a	supporting_raw_artifact	0
.paper-artifacts/bioinformatics-canonical-hybrid-v2/regression/v2reg_hq05_ht01__repeat01/inputs/authority-reference.tfosorted	5590	3aebfe272be9c704fcfb5ce8766c3ba092dd8b23086140e92055b53d46159d03	frozen_authority_copy	0
.paper-artifacts/bioinformatics-canonical-hybrid-v2/regression/v2reg_hq05_ht01__repeat01/inputs/query.fa	1071	55f3941f733c2f0788dd8e104e9fc114d0a86c71c92aa879784cc6f79c285377	supporting_raw_artifact	0
.paper-artifacts/bioinformatics-canonical-hybrid-v2/regression/v2reg_hq05_ht01__repeat01/inputs/target.fa	2608	075b0bcbe0f5f232b030e44a25f27ac4cb05ad4ced6743bac8a0450286cbea43	supporting_raw_artifact	0
.paper-artifacts/bioinformatics-canonical-hybrid-v2/regression/v2reg_hq05_ht01__repeat01/output/GRCh38-ENST00000442179.1|ENSG00000236772.1|ENSG00000236772|GENCODE v49|GRCh38-target-TFOsorted	5590	3aebfe272be9c704fcfb5ce8766c3ba092dd8b23086140e92055b53d46159d03	hybrid_output	0
.paper-artifacts/bioinformatics-canonical-hybrid-v2/regression/v2reg_hq05_ht01__repeat01/stderr.log	112480	135cbf9e98a7337c8cb4e9b3054e7743b066af732db5c14daef15e1275885329	supporting_raw_artifact	0
.paper-artifacts/bioinformatics-canonical-hybrid-v2/regression/v2reg_hq05_ht01__repeat01/stdout.log	146	e2ea687151c4f83af7d2bf4d21d0ee1bba350d53284c7a38df5d0d80105c32ef	supporting_raw_artifact	0
.paper-artifacts/bioinformatics-canonical-hybrid-v2/regression/v2reg_hq05_ht01__repeat01/telemetry-summary.json	2690	0c54ea89e2da93e49b802b47a8486ea2aa77de283584f72a321de3e66c6921f0	supporting_raw_artifact	0
.paper-artifacts/bioinformatics-canonical-hybrid-v2/regression/v2reg_hq05_ht01__repeat01/time.txt	1363	dd88e1466fa9a36c8f641e0655ee563252f71ffb99f86bb84eb2407bb24c70d9	supporting_raw_artifact	0
.paper-artifacts/bioinformatics-canonical-hybrid-v2/regression/v2reg_hq05_ht01__repeat02/artifact-manifest.sha256	88	b9eb8d1efbe5b972f9fa867f8a7b6fe1dc027e823669b194f06ecf443dd1e2ad	supporting_raw_artifact	0
.paper-artifacts/bioinformatics-canonical-hybrid-v2/regression/v2reg_hq05_ht01__repeat02/artifact-manifest.tsv	1523	8824661c57e77d1a5b28dc209fb7b4b702b3ccb983839d66e482ed3836589615	supporting_raw_artifact	0
.paper-artifacts/bioinformatics-canonical-hybrid-v2/regression/v2reg_hq05_ht01__repeat02/attempt-complete.json	8454	04b57fbc06a3c01dd81400ef85723dcd33fb978a67d1ccbb62535d3baafa0d3e	attempt_receipt	0
.paper-artifacts/bioinformatics-canonical-hybrid-v2/regression/v2reg_hq05_ht01__repeat02/attempt-config.json	1919	3b7678b5197ea71b78841086fbb6950aa5529100421dea5b2f20dfa2ca690db5	supporting_raw_artifact	0
.paper-artifacts/bioinformatics-canonical-hybrid-v2/regression/v2reg_hq05_ht01__repeat02/attempt-telemetry.tsv	406572	1030722e4ed4be587cb495cf003556f375007690eea1bd6a5adfccc5f8e310bd	per_attempt_telemetry	0
.paper-artifacts/bioinformatics-canonical-hybrid-v2/regression/v2reg_hq05_ht01__repeat02/comparator-stderr.log	0	e3b0c44298fc1c149afbf4c8996fb92427ae41e4649b934ca495991b7852b855	supporting_raw_artifact	0
.paper-artifacts/bioinformatics-canonical-hybrid-v2/regression/v2reg_hq05_ht01__repeat02/comparator-stdout.log	920	341e4cabc83f659220607f1af540be0ac051ce48580c3b1e48c51ff3f703d68f	supporting_raw_artifact	0
.paper-artifacts/bioinformatics-canonical-hybrid-v2/regression/v2reg_hq05_ht01__repeat02/comparison-details.tsv	15928	76059a9fc3ddfeef5c5efa5051fdae70d175adf3cc603181a4775a0b25ac742e	comparison	0
.paper-artifacts/bioinformatics-canonical-hybrid-v2/regression/v2reg_hq05_ht01__repeat02/comparison.json	1331	cea5a472787f68a6b25834da525f205492cafb795da899fb5694e16ff76a4bf8	comparison	0
.paper-artifacts/bioinformatics-canonical-hybrid-v2/regression/v2reg_hq05_ht01__repeat02/execution.json	2170	23e1cdb02cd4ff119b9f454f7029b79f96c2a455d5dbad947111468ecd3cef97	supporting_raw_artifact	0
.paper-artifacts/bioinformatics-canonical-hybrid-v2/regression/v2reg_hq05_ht01__repeat02/gpu-memory.csv	283	eac78bf52d04281a4e4696ef81bb313ab81b4b4d1a43bad418f874c794a9fec0	supporting_raw_artifact	0
.paper-artifacts/bioinformatics-canonical-hybrid-v2/regression/v2reg_hq05_ht01__repeat02/inputs/authority-reference.tfosorted	5590	3aebfe272be9c704fcfb5ce8766c3ba092dd8b23086140e92055b53d46159d03	frozen_authority_copy	0
.paper-artifacts/bioinformatics-canonical-hybrid-v2/regression/v2reg_hq05_ht01__repeat02/inputs/query.fa	1071	55f3941f733c2f0788dd8e104e9fc114d0a86c71c92aa879784cc6f79c285377	supporting_raw_artifact	0
.paper-artifacts/bioinformatics-canonical-hybrid-v2/regression/v2reg_hq05_ht01__repeat02/inputs/target.fa	2608	075b0bcbe0f5f232b030e44a25f27ac4cb05ad4ced6743bac8a0450286cbea43	supporting_raw_artifact	0
.paper-artifacts/bioinformatics-canonical-hybrid-v2/regression/v2reg_hq05_ht01__repeat02/output/GRCh38-ENST00000442179.1|ENSG00000236772.1|ENSG00000236772|GENCODE v49|GRCh38-target-TFOsorted	5590	3aebfe272be9c704fcfb5ce8766c3ba092dd8b23086140e92055b53d46159d03	hybrid_output	0
.paper-artifacts/bioinformatics-canonical-hybrid-v2/regression/v2reg_hq05_ht01__repeat02/stderr.log	112468	b2cf8ed6ccd478225c94c143b411a1fb75101d6ee0b3149f2c0282bfb240f062	supporting_raw_artifact	0
.paper-artifacts/bioinformatics-canonical-hybrid-v2/regression/v2reg_hq05_ht01__repeat02/stdout.log	145	c2680bebb0844f810938e321eceeac1d7c10751fe99ec45bbe0cf8282b84eac3	supporting_raw_artifact	0
.paper-artifacts/bioinformatics-canonical-hybrid-v2/regression/v2reg_hq05_ht01__repeat02/telemetry-summary.json	2689	b80114ffa6a7b5ddd978d6b091da4c73107801d2bb56fe726dc89b9ca07deb7e	supporting_raw_artifact	0
.paper-artifacts/bioinformatics-canonical-hybrid-v2/regression/v2reg_hq05_ht01__repeat02/time.txt	1363	7871c6b12cafeddd19a64b00b31df9f51decd935137fde77e7fbdb61cd6d4341	supporting_raw_artifact	0
.paper-artifacts/bioinformatics-canonical-hybrid-v2/regression/v2reg_hq05_ht02__repeat00/artifact-manifest.sha256	88	404356f43982f97b3b835ced3e21410e28bd9bf991b30bfc42b6f213c592fb3a	supporting_raw_artifact	0
.paper-artifacts/bioinformatics-canonical-hybrid-v2/regression/v2reg_hq05_ht02__repeat00/artifact-manifest.tsv	1523	0d6082ba7706ebc2347cd6907f198332a0396b4f38cb4e5d0191894c50460113	supporting_raw_artifact	0
.paper-artifacts/bioinformatics-canonical-hybrid-v2/regression/v2reg_hq05_ht02__repeat00/attempt-complete.json	7741	9e9263f251244150c02e42dcc23ef3f5e4e62a130e5f7feec6b3a8588fec3674	attempt_receipt	0
.paper-artifacts/bioinformatics-canonical-hybrid-v2/regression/v2reg_hq05_ht02__repeat00/attempt-config.json	1919	6673bc20fe982390f9767a6bb18082851d62bce9bfe71c26811286c0cc919311	supporting_raw_artifact	0
.paper-artifacts/bioinformatics-canonical-hybrid-v2/regression/v2reg_hq05_ht02__repeat00/attempt-telemetry.tsv	338434	4bcdff8e870a6f6005f0f2e0901ed5faeacf7a879bcd078b196b6cf5b2fbc498	per_attempt_telemetry	0
.paper-artifacts/bioinformatics-canonical-hybrid-v2/regression/v2reg_hq05_ht02__repeat00/comparator-stderr.log	0	e3b0c44298fc1c149afbf4c8996fb92427ae41e4649b934ca495991b7852b855	supporting_raw_artifact	0
.paper-artifacts/bioinformatics-canonical-hybrid-v2/regression/v2reg_hq05_ht02__repeat00/comparator-stdout.log	920	3a414c59ba0f1e2a1532d3e879e7a9e3ec36234ac7ab837b96c570dc55a5e351	supporting_raw_artifact	0
.paper-artifacts/bioinformatics-canonical-hybrid-v2/regression/v2reg_hq05_ht02__repeat00/comparison-details.tsv	14770	482bab65ac420c48784843564343935652d509181ecfa6945a48b7898bb99ea5	comparison	0
.paper-artifacts/bioinformatics-canonical-hybrid-v2/regression/v2reg_hq05_ht02__repeat00/comparison.json	1331	37f9c50f922bbb6f2ca1d344a6c46f70e86221d98381aeb152ab6a14785faea4	comparison	0
.paper-artifacts/bioinformatics-canonical-hybrid-v2/regression/v2reg_hq05_ht02__repeat00/execution.json	2169	558dfd49e2db0d2bd7262ca409e51be71d6e10acab7e95374eb10ff3634ecbd8	supporting_raw_artifact	0
.paper-artifacts/bioinformatics-canonical-hybrid-v2/regression/v2reg_hq05_ht02__repeat00/gpu-memory.csv	283	3ca22c2c22a9a71f7507afa0fce159d5896e972f203be65ffe41c61f8c068efd	supporting_raw_artifact	0
.paper-artifacts/bioinformatics-canonical-hybrid-v2/regression/v2reg_hq05_ht02__repeat00/inputs/authority-reference.tfosorted	3115	d6832fbac16f99c1258e0d863148ff155cb373f1ebbd82b1db6c735887d7cbb7	frozen_authority_copy	0
.paper-artifacts/bioinformatics-canonical-hybrid-v2/regression/v2reg_hq05_ht02__repeat00/inputs/query.fa	1071	55f3941f733c2f0788dd8e104e9fc114d0a86c71c92aa879784cc6f79c285377	supporting_raw_artifact	0
.paper-artifacts/bioinformatics-canonical-hybrid-v2/regression/v2reg_hq05_ht02__repeat00/inputs/target.fa	2608	15b67727bcbfe8138a9caa1f5100f822c8b021a6008878c65b361caa83fe224e	supporting_raw_artifact	0
.paper-artifacts/bioinformatics-canonical-hybrid-v2/regression/v2reg_hq05_ht02__repeat00/output/GRCh38-ENST00000442179.1|ENSG00000236772.1|ENSG00000236772|GENCODE v49|GRCh38-target-TFOsorted	3115	d6832fbac16f99c1258e0d863148ff155cb373f1ebbd82b1db6c735887d7cbb7	hybrid_output	0
.paper-artifacts/bioinformatics-canonical-hybrid-v2/regression/v2reg_hq05_ht02__repeat00/stderr.log	112476	8e756712a7dcca2565d111190a50f411d2e09015378e690044bc93692956c5ec	supporting_raw_artifact	0
.paper-artifacts/bioinformatics-canonical-hybrid-v2/regression/v2reg_hq05_ht02__repeat00/stdout.log	146	1278306a08cf4f8818181eebfedfe2fadbab0bc9955c7d54ae8f764271dd493c	supporting_raw_artifact	0
.paper-artifacts/bioinformatics-canonical-hybrid-v2/regression/v2reg_hq05_ht02__repeat00/telemetry-summary.json	2017	ef3eb0bffacc4ce0efadaf42bba43efc9327076dc806cee61b46752d80ce9571	supporting_raw_artifact	0
.paper-artifacts/bioinformatics-canonical-hybrid-v2/regression/v2reg_hq05_ht02__repeat00/time.txt	1363	7ad4b382ae7e46f9782201e513fb5b8b477e5ac03714e119b90a0c9f37bc8784	supporting_raw_artifact	0
.paper-artifacts/bioinformatics-canonical-hybrid-v2/regression/v2reg_hq05_ht02__repeat01/artifact-manifest.sha256	88	acd1309a02ef0fd90ee4d43d215fecd73baa79f78dcb4beb72d2ab67a16a28f4	supporting_raw_artifact	0
.paper-artifacts/bioinformatics-canonical-hybrid-v2/regression/v2reg_hq05_ht02__repeat01/artifact-manifest.tsv	1523	f33ea7d5b8502fba70a665471c6de1507f990929824c996e77a90e5d8e4e1165	supporting_raw_artifact	0
.paper-artifacts/bioinformatics-canonical-hybrid-v2/regression/v2reg_hq05_ht02__repeat01/attempt-complete.json	7743	1d52ad6740c2fc8aee5889f6d7810a1f05a895b510c603a023505b52582622bf	attempt_receipt	0
.paper-artifacts/bioinformatics-canonical-hybrid-v2/regression/v2reg_hq05_ht02__repeat01/attempt-config.json	1919	0278323e94335035681d9e797ce754a015d8959676bdb09a35480260132420c4	supporting_raw_artifact	0
.paper-artifacts/bioinformatics-canonical-hybrid-v2/regression/v2reg_hq05_ht02__repeat01/attempt-telemetry.tsv	338434	4bcdff8e870a6f6005f0f2e0901ed5faeacf7a879bcd078b196b6cf5b2fbc498	per_attempt_telemetry	0
.paper-artifacts/bioinformatics-canonical-hybrid-v2/regression/v2reg_hq05_ht02__repeat01/comparator-stderr.log	0	e3b0c44298fc1c149afbf4c8996fb92427ae41e4649b934ca495991b7852b855	supporting_raw_artifact	0
.paper-artifacts/bioinformatics-canonical-hybrid-v2/regression/v2reg_hq05_ht02__repeat01/comparator-stdout.log	920	56ac19c7298cc6f66f85f577750f4c3d329cd410e7e49ed275ab7df914b0fc30	supporting_raw_artifact	0
.paper-artifacts/bioinformatics-canonical-hybrid-v2/regression/v2reg_hq05_ht02__repeat01/comparison-details.tsv	14770	482bab65ac420c48784843564343935652d509181ecfa6945a48b7898bb99ea5	comparison	0
.paper-artifacts/bioinformatics-canonical-hybrid-v2/regression/v2reg_hq05_ht02__repeat01/comparison.json	1331	b247e229c6757f9aeee987fe78a0f527f1fb186b23d592a1b06af1774c576388	comparison	0
.paper-artifacts/bioinformatics-canonical-hybrid-v2/regression/v2reg_hq05_ht02__repeat01/execution.json	2171	15b0a0e9b4b921981429fe1312dc0104740261e18716ccc603b8db162d6ccd67	supporting_raw_artifact	0
.paper-artifacts/bioinformatics-canonical-hybrid-v2/regression/v2reg_hq05_ht02__repeat01/gpu-memory.csv	282	4adc2e63893996bb9235461bc5b4029e874eca55c0239aecc76ad2fc4e12427c	supporting_raw_artifact	0
.paper-artifacts/bioinformatics-canonical-hybrid-v2/regression/v2reg_hq05_ht02__repeat01/inputs/authority-reference.tfosorted	3115	d6832fbac16f99c1258e0d863148ff155cb373f1ebbd82b1db6c735887d7cbb7	frozen_authority_copy	0
.paper-artifacts/bioinformatics-canonical-hybrid-v2/regression/v2reg_hq05_ht02__repeat01/inputs/query.fa	1071	55f3941f733c2f0788dd8e104e9fc114d0a86c71c92aa879784cc6f79c285377	supporting_raw_artifact	0
.paper-artifacts/bioinformatics-canonical-hybrid-v2/regression/v2reg_hq05_ht02__repeat01/inputs/target.fa	2608	15b67727bcbfe8138a9caa1f5100f822c8b021a6008878c65b361caa83fe224e	supporting_raw_artifact	0
.paper-artifacts/bioinformatics-canonical-hybrid-v2/regression/v2reg_hq05_ht02__repeat01/output/GRCh38-ENST00000442179.1|ENSG00000236772.1|ENSG00000236772|GENCODE v49|GRCh38-target-TFOsorted	3115	d6832fbac16f99c1258e0d863148ff155cb373f1ebbd82b1db6c735887d7cbb7	hybrid_output	0
.paper-artifacts/bioinformatics-canonical-hybrid-v2/regression/v2reg_hq05_ht02__repeat01/stderr.log	112474	9dd2a4283265bdcc62b2b4b5f6749ded23be5486f3add16cecf919ec200c60f4	supporting_raw_artifact	0
.paper-artifacts/bioinformatics-canonical-hybrid-v2/regression/v2reg_hq05_ht02__repeat01/stdout.log	146	e9c3f9eddc10de1fd259440206a6b1f9806837624432aa025d5f7a8f0ccf11d6	supporting_raw_artifact	0
.paper-artifacts/bioinformatics-canonical-hybrid-v2/regression/v2reg_hq05_ht02__repeat01/telemetry-summary.json	2017	c9b92473f91c456f6d21128a6aeb4a4f1f7238f292b4f22f536bdf12d740246a	supporting_raw_artifact	0
.paper-artifacts/bioinformatics-canonical-hybrid-v2/regression/v2reg_hq05_ht02__repeat01/time.txt	1363	92c3971024bebc8c1c8a570f0ffbc572e23829a12a40f044a073912a91727700	supporting_raw_artifact	0
.paper-artifacts/bioinformatics-canonical-hybrid-v2/regression/v2reg_hq05_ht02__repeat02/artifact-manifest.sha256	88	ae126aa3e509334adfab3d3a880593e12a60fec1a28c8583aa482833c6cb6b81	supporting_raw_artifact	0
.paper-artifacts/bioinformatics-canonical-hybrid-v2/regression/v2reg_hq05_ht02__repeat02/artifact-manifest.tsv	1523	8bed15b95133b5e458c2841a75a8af37e7a69bd617d28d4f315cbb1cfb277400	supporting_raw_artifact	0
.paper-artifacts/bioinformatics-canonical-hybrid-v2/regression/v2reg_hq05_ht02__repeat02/attempt-complete.json	7743	25a7e91e845a51fff557bb4ac93706d6ee12432f5fe2f21d8858b1c5e184dbd7	attempt_receipt	0
.paper-artifacts/bioinformatics-canonical-hybrid-v2/regression/v2reg_hq05_ht02__repeat02/attempt-config.json	1919	60dea48a2a14f96a2f7354ccdc9c486a4592a6c6970bc01bd0341e729772672f	supporting_raw_artifact	0
.paper-artifacts/bioinformatics-canonical-hybrid-v2/regression/v2reg_hq05_ht02__repeat02/attempt-telemetry.tsv	338434	4bcdff8e870a6f6005f0f2e0901ed5faeacf7a879bcd078b196b6cf5b2fbc498	per_attempt_telemetry	0
.paper-artifacts/bioinformatics-canonical-hybrid-v2/regression/v2reg_hq05_ht02__repeat02/comparator-stderr.log	0	e3b0c44298fc1c149afbf4c8996fb92427ae41e4649b934ca495991b7852b855	supporting_raw_artifact	0
.paper-artifacts/bioinformatics-canonical-hybrid-v2/regression/v2reg_hq05_ht02__repeat02/comparator-stdout.log	920	cc5a71acd9d14ba4a92ab052dffac5d4a150a8604bc4ee4770582d1565663d6e	supporting_raw_artifact	0
.paper-artifacts/bioinformatics-canonical-hybrid-v2/regression/v2reg_hq05_ht02__repeat02/comparison-details.tsv	14770	482bab65ac420c48784843564343935652d509181ecfa6945a48b7898bb99ea5	comparison	0
.paper-artifacts/bioinformatics-canonical-hybrid-v2/regression/v2reg_hq05_ht02__repeat02/comparison.json	1331	465df7adbfd9e01c563bb74d0c4dfd51bc9b6d2ac5a8928b7db08b66541b1114	comparison	0
.paper-artifacts/bioinformatics-canonical-hybrid-v2/regression/v2reg_hq05_ht02__repeat02/execution.json	2170	2c379e1af237e238b687deb2daf40260f7f88c060991b5adbc1bc68d36321ddc	supporting_raw_artifact	0
.paper-artifacts/bioinformatics-canonical-hybrid-v2/regression/v2reg_hq05_ht02__repeat02/gpu-memory.csv	424	83818b5bc52e68093b99e80b438f96de281997c6cae95b38ce29d990a330ce47	supporting_raw_artifact	0
.paper-artifacts/bioinformatics-canonical-hybrid-v2/regression/v2reg_hq05_ht02__repeat02/inputs/authority-reference.tfosorted	3115	d6832fbac16f99c1258e0d863148ff155cb373f1ebbd82b1db6c735887d7cbb7	frozen_authority_copy	0
.paper-artifacts/bioinformatics-canonical-hybrid-v2/regression/v2reg_hq05_ht02__repeat02/inputs/query.fa	1071	55f3941f733c2f0788dd8e104e9fc114d0a86c71c92aa879784cc6f79c285377	supporting_raw_artifact	0
.paper-artifacts/bioinformatics-canonical-hybrid-v2/regression/v2reg_hq05_ht02__repeat02/inputs/target.fa	2608	15b67727bcbfe8138a9caa1f5100f822c8b021a6008878c65b361caa83fe224e	supporting_raw_artifact	0
.paper-artifacts/bioinformatics-canonical-hybrid-v2/regression/v2reg_hq05_ht02__repeat02/output/GRCh38-ENST00000442179.1|ENSG00000236772.1|ENSG00000236772|GENCODE v49|GRCh38-target-TFOsorted	3115	d6832fbac16f99c1258e0d863148ff155cb373f1ebbd82b1db6c735887d7cbb7	hybrid_output	0
.paper-artifacts/bioinformatics-canonical-hybrid-v2/regression/v2reg_hq05_ht02__repeat02/stderr.log	112471	791f3c5b0fa40c942b7e41dcd16c89e738c523e82e5a33ac4f43521a7d61d4e9	supporting_raw_artifact	0
.paper-artifacts/bioinformatics-canonical-hybrid-v2/regression/v2reg_hq05_ht02__repeat02/stdout.log	146	16b9a5517554caa10ee31ef2df220d0a6fa3a80f6f45daf2ce609c67d3787e6e	supporting_raw_artifact	0
.paper-artifacts/bioinformatics-canonical-hybrid-v2/regression/v2reg_hq05_ht02__repeat02/telemetry-summary.json	2018	3d27395fdb312402850ac9b3900f3166b69571a1bc28da3f3a6201f5afd2b159	supporting_raw_artifact	0
.paper-artifacts/bioinformatics-canonical-hybrid-v2/regression/v2reg_hq05_ht02__repeat02/time.txt	1363	5337d14b954472b0b269a4d257ca6d1ff60e3bec5cb440d9ecf75dacea940892	supporting_raw_artifact	0
.paper-artifacts/bioinformatics-canonical-hybrid-v2/regression/v2reg_hq06_ht01__repeat00/artifact-manifest.sha256	88	ee5fc78c038dd94e74902a58c6f22f24187b9aff586f19cda02bb87593c8c904	supporting_raw_artifact	0
.paper-artifacts/bioinformatics-canonical-hybrid-v2/regression/v2reg_hq06_ht01__repeat00/artifact-manifest.tsv	1523	917ae48ed2059cda8a6dd966b93dd9d292f9da7179f103863a0819f1131854e2	supporting_raw_artifact	0
.paper-artifacts/bioinformatics-canonical-hybrid-v2/regression/v2reg_hq06_ht01__repeat00/attempt-complete.json	7169	fd55f2be713134f6c0587fea87535b7efd1c38fc23309fec8dbcb63124b7804b	attempt_receipt	0
.paper-artifacts/bioinformatics-canonical-hybrid-v2/regression/v2reg_hq06_ht01__repeat00/attempt-config.json	1919	5759dd0e85d3c67c769f71a951552af429f6ecb78225bd7f5824542f3d889a7b	supporting_raw_artifact	0
.paper-artifacts/bioinformatics-canonical-hybrid-v2/regression/v2reg_hq06_ht01__repeat00/attempt-telemetry.tsv	281780	8c0fae2d41baa000145974eb45241d5f0b9837f2731a668df698b41d2de112b9	per_attempt_telemetry	0
.paper-artifacts/bioinformatics-canonical-hybrid-v2/regression/v2reg_hq06_ht01__repeat00/comparator-stderr.log	0	e3b0c44298fc1c149afbf4c8996fb92427ae41e4649b934ca495991b7852b855	supporting_raw_artifact	0
.paper-artifacts/bioinformatics-canonical-hybrid-v2/regression/v2reg_hq06_ht01__repeat00/comparator-stdout.log	916	5c6e4f1e653cba88391b92b6a4c1fbe529d8e878908655a9ebc04e7b530e3011	supporting_raw_artifact	0
.paper-artifacts/bioinformatics-canonical-hybrid-v2/regression/v2reg_hq06_ht01__repeat00/comparison-details.tsv	10540	a21c8fe409e69f4d6ae721f2181100df86c569e6f55d510a792f4fd2459cc0a3	comparison	0
.paper-artifacts/bioinformatics-canonical-hybrid-v2/regression/v2reg_hq06_ht01__repeat00/comparison.json	1329	9b92419d73f1cedd5db25f0280793ab7cb1c6e36192f8c2381b268bc00a31e79	comparison	0
.paper-artifacts/bioinformatics-canonical-hybrid-v2/regression/v2reg_hq06_ht01__repeat00/execution.json	2170	c88f84234d0128f0c4e53c3550e89cf5d2f410b149206ffa3dabb79d18b3bf30	supporting_raw_artifact	0
.paper-artifacts/bioinformatics-canonical-hybrid-v2/regression/v2reg_hq06_ht01__repeat00/gpu-memory.csv	283	fd140f6343adb1e000c48ad9aee9cea13017df7e1adebce771bd67e93193130a	supporting_raw_artifact	0
.paper-artifacts/bioinformatics-canonical-hybrid-v2/regression/v2reg_hq06_ht01__repeat00/inputs/authority-reference.tfosorted	1297	f9d4ad7e7dbfca39fefeae015188a09b4184f15470aa8c9bcef6f3fa2ef07cf3	frozen_authority_copy	0
.paper-artifacts/bioinformatics-canonical-hybrid-v2/regression/v2reg_hq06_ht01__repeat00/inputs/query.fa	1051	3d2c69c0025e3d2b7efa6aa1d71164148b043046c7574f34decf4ff3f347e19e	supporting_raw_artifact	0
.paper-artifacts/bioinformatics-canonical-hybrid-v2/regression/v2reg_hq06_ht01__repeat00/inputs/target.fa	2608	075b0bcbe0f5f232b030e44a25f27ac4cb05ad4ced6743bac8a0450286cbea43	supporting_raw_artifact	0
.paper-artifacts/bioinformatics-canonical-hybrid-v2/regression/v2reg_hq06_ht01__repeat00/output/GRCh38-ENST00000776628.1|ENSG00000301151.1|ENSG00000301151|GENCODE v49|GRCh38-target-TFOsorted	1297	f9d4ad7e7dbfca39fefeae015188a09b4184f15470aa8c9bcef6f3fa2ef07cf3	hybrid_output	0
.paper-artifacts/bioinformatics-canonical-hybrid-v2/regression/v2reg_hq06_ht01__repeat00/stderr.log	112471	cf2f361ca9cb82f128bab789afebc35c97c7e8fa348a992045005fbab68d785e	supporting_raw_artifact	0
.paper-artifacts/bioinformatics-canonical-hybrid-v2/regression/v2reg_hq06_ht01__repeat00/stdout.log	146	91a29e81e20cdc57034c5f32062dcb7597575a91975bbdd757b19c12052b8856	supporting_raw_artifact	0
.paper-artifacts/bioinformatics-canonical-hybrid-v2/regression/v2reg_hq06_ht01__repeat00/telemetry-summary.json	1479	6aba5ca31d8b0ba084f8af9037e843f2e28f2e339975316a726b96fd1995b29a	supporting_raw_artifact	0
.paper-artifacts/bioinformatics-canonical-hybrid-v2/regression/v2reg_hq06_ht01__repeat00/time.txt	1363	f9071e9602451b3a53e7bdd9ccee26a2c369d1d6fd90d2e9ece0fcbe9f521c1a	supporting_raw_artifact	0
.paper-artifacts/bioinformatics-canonical-hybrid-v2/regression/v2reg_hq06_ht02__repeat00/artifact-manifest.sha256	88	c0a0b6aaac8a65b518395b2defb4f7fefdf55404b3d60592658ac3a97893812d	supporting_raw_artifact	0
.paper-artifacts/bioinformatics-canonical-hybrid-v2/regression/v2reg_hq06_ht02__repeat00/artifact-manifest.tsv	1523	a94d84f271e2f4347920a83f78bf2be49ab713edc8a13798a503e0c7f7549fe7	supporting_raw_artifact	0
.paper-artifacts/bioinformatics-canonical-hybrid-v2/regression/v2reg_hq06_ht02__repeat00/attempt-complete.json	7312	5a76cf888eb9e83dcd2b7fd60d188c9206a42fdcb8a8433c3867b29837c3490b	attempt_receipt	0
.paper-artifacts/bioinformatics-canonical-hybrid-v2/regression/v2reg_hq06_ht02__repeat00/attempt-config.json	1919	0405510affb948a9a672bd7ffbade03a15edc37ae4d90cf601053d7d81f5fcae	supporting_raw_artifact	0
.paper-artifacts/bioinformatics-canonical-hybrid-v2/regression/v2reg_hq06_ht02__repeat00/attempt-telemetry.tsv	360488	740b75bb7847c9375a88245432ca62a0e2d738f6e5636de36f5d102130790d71	per_attempt_telemetry	0
.paper-artifacts/bioinformatics-canonical-hybrid-v2/regression/v2reg_hq06_ht02__repeat00/comparator-stderr.log	0	e3b0c44298fc1c149afbf4c8996fb92427ae41e4649b934ca495991b7852b855	supporting_raw_artifact	0
.paper-artifacts/bioinformatics-canonical-hybrid-v2/regression/v2reg_hq06_ht02__repeat00/comparator-stdout.log	916	08112f26be725a174ba59e175bf6b9c09e04d1451be0ce8fa2d06f22de018979	supporting_raw_artifact	0
.paper-artifacts/bioinformatics-canonical-hybrid-v2/regression/v2reg_hq06_ht02__repeat00/comparison-details.tsv	13401	b00d1327684d76c5bc3d50cc778cf49a8f77a7d942f84fe5d39b0256c6e9b8a4	comparison	0
.paper-artifacts/bioinformatics-canonical-hybrid-v2/regression/v2reg_hq06_ht02__repeat00/comparison.json	1329	a81f205d0585c72dc5e5cb4a1e6c78482a89ef1ac105081788da5817734a84e4	comparison	0
.paper-artifacts/bioinformatics-canonical-hybrid-v2/regression/v2reg_hq06_ht02__repeat00/execution.json	2171	26206cd952b05d6894fed024b043ce4b2572194469488a28c626a4b89d4c350c	supporting_raw_artifact	0
.paper-artifacts/bioinformatics-canonical-hybrid-v2/regression/v2reg_hq06_ht02__repeat00/gpu-memory.csv	424	b20cc8ee489aa455a508631b8e531292bce39abd26ff06e724005ab747a86a09	supporting_raw_artifact	0
.paper-artifacts/bioinformatics-canonical-hybrid-v2/regression/v2reg_hq06_ht02__repeat00/inputs/authority-reference.tfosorted	1813	3676101a99ef7ff5e16b3ea356afbd59eae3e9338a65a83e0d45a75731d6e0f2	frozen_authority_copy	0
.paper-artifacts/bioinformatics-canonical-hybrid-v2/regression/v2reg_hq06_ht02__repeat00/inputs/query.fa	1051	3d2c69c0025e3d2b7efa6aa1d71164148b043046c7574f34decf4ff3f347e19e	supporting_raw_artifact	0
.paper-artifacts/bioinformatics-canonical-hybrid-v2/regression/v2reg_hq06_ht02__repeat00/inputs/target.fa	2608	15b67727bcbfe8138a9caa1f5100f822c8b021a6008878c65b361caa83fe224e	supporting_raw_artifact	0
.paper-artifacts/bioinformatics-canonical-hybrid-v2/regression/v2reg_hq06_ht02__repeat00/output/GRCh38-ENST00000776628.1|ENSG00000301151.1|ENSG00000301151|GENCODE v49|GRCh38-target-TFOsorted	1813	3676101a99ef7ff5e16b3ea356afbd59eae3e9338a65a83e0d45a75731d6e0f2	hybrid_output	0
.paper-artifacts/bioinformatics-canonical-hybrid-v2/regression/v2reg_hq06_ht02__repeat00/stderr.log	112473	d3172a41e2d96fb569eecbee733263bd36e25949e3fdf46aad48653d58928993	supporting_raw_artifact	0
.paper-artifacts/bioinformatics-canonical-hybrid-v2/regression/v2reg_hq06_ht02__repeat00/stdout.log	146	ad14905d55e3fb3be834cbc5294c10b1bb58f37b32c16a225ef7a0608113f872	supporting_raw_artifact	0
.paper-artifacts/bioinformatics-canonical-hybrid-v2/regression/v2reg_hq06_ht02__repeat00/telemetry-summary.json	1613	ff81663189baf773878c7a87b6381efd244f315edc186dd0e8a816355f93331c	supporting_raw_artifact	0
.paper-artifacts/bioinformatics-canonical-hybrid-v2/regression/v2reg_hq06_ht02__repeat00/time.txt	1363	988e306f051dbf963affa09a77f040b48dda1615cfe7486d13535283224b7e6b	supporting_raw_artifact	0
.paper-artifacts/bioinformatics-canonical-hybrid-v2/regression/v2reg_hq07_ht01__repeat00/artifact-manifest.sha256	88	9411a982baf9361a4b84a8ec954385f0d5b636d0cd70691b9b0a7206b09adfb1	supporting_raw_artifact	0
.paper-artifacts/bioinformatics-canonical-hybrid-v2/regression/v2reg_hq07_ht01__repeat00/artifact-manifest.tsv	1517	511647c5e4c69ede0c609c31c513d4ef5f6e31de533e9085bb001e63a14cde0b	supporting_raw_artifact	0
.paper-artifacts/bioinformatics-canonical-hybrid-v2/regression/v2reg_hq07_ht01__repeat00/attempt-complete.json	7230	598e709b775723b061404ab50cc35efa17a042c3eaf07fb664f97988a07dc52c	attempt_receipt	0
.paper-artifacts/bioinformatics-canonical-hybrid-v2/regression/v2reg_hq07_ht01__repeat00/attempt-config.json	1913	f4abf51334ae81774afe267771b3a9c6d7a6af4d425d97dd4d65eb5e7d21b6b9	supporting_raw_artifact	0
.paper-artifacts/bioinformatics-canonical-hybrid-v2/regression/v2reg_hq07_ht01__repeat00/attempt-telemetry.tsv	370219	671af46a642d7a9ebe333ceed4ebeaa583818216636aa46337cf871e0f2fd1df	per_attempt_telemetry	0
.paper-artifacts/bioinformatics-canonical-hybrid-v2/regression/v2reg_hq07_ht01__repeat00/comparator-stderr.log	0	e3b0c44298fc1c149afbf4c8996fb92427ae41e4649b934ca495991b7852b855	supporting_raw_artifact	0
.paper-artifacts/bioinformatics-canonical-hybrid-v2/regression/v2reg_hq07_ht01__repeat00/comparator-stdout.log	910	d578643ac1b4420c42aa16a5ea93d5a6f0926d7b07137bcbcaf0a5258d8ec473	supporting_raw_artifact	0
.paper-artifacts/bioinformatics-canonical-hybrid-v2/regression/v2reg_hq07_ht01__repeat00/comparison-details.tsv	13389	0dd5fef08656617b914e0c25543f89bda1907610cb22f458d6276af99168d615	comparison	0
.paper-artifacts/bioinformatics-canonical-hybrid-v2/regression/v2reg_hq07_ht01__repeat00/comparison.json	1323	8aa69178d7ebafcb68ebd4addfefa9321390be71822fb91c7cd8970625701256	comparison	0
.paper-artifacts/bioinformatics-canonical-hybrid-v2/regression/v2reg_hq07_ht01__repeat00/execution.json	2171	d7d1e9a01507edb694cf722f45e1e50ee444f0c227cf2a5b0c456ce17787c499	supporting_raw_artifact	0
.paper-artifacts/bioinformatics-canonical-hybrid-v2/regression/v2reg_hq07_ht01__repeat00/gpu-memory.csv	282	bf74871d88847343ae259d79fc79d47fc8d7402a6bb1334a21d246b059eb7136	supporting_raw_artifact	0
.paper-artifacts/bioinformatics-canonical-hybrid-v2/regression/v2reg_hq07_ht01__repeat00/inputs/authority-reference.tfosorted	1684	c0bd188ad194fd46ded16e5b8b913cae711464a456cd4eff5528cfa1cacaf790	frozen_authority_copy	0
.paper-artifacts/bioinformatics-canonical-hybrid-v2/regression/v2reg_hq07_ht01__repeat00/inputs/query.fa	1139	cf07512acfe9e9a119228e469c39509de57d1a172a310fe5eb11a89a3473c327	supporting_raw_artifact	0
.paper-artifacts/bioinformatics-canonical-hybrid-v2/regression/v2reg_hq07_ht01__repeat00/inputs/target.fa	2608	075b0bcbe0f5f232b030e44a25f27ac4cb05ad4ced6743bac8a0450286cbea43	supporting_raw_artifact	0
.paper-artifacts/bioinformatics-canonical-hybrid-v2/regression/v2reg_hq07_ht01__repeat00/output/GRCh38-ENST00000552060.2|ENSG00000257677.3|LINC02464|GENCODE v49|GRCh38-target-TFOsorted	1684	c0bd188ad194fd46ded16e5b8b913cae711464a456cd4eff5528cfa1cacaf790	hybrid_output	0
.paper-artifacts/bioinformatics-canonical-hybrid-v2/regression/v2reg_hq07_ht01__repeat00/stderr.log	112479	cb1117e29ac05540afa93f37e60bceab5522cf52b3c36cd0dcc7720e1d7232a5	supporting_raw_artifact	0
.paper-artifacts/bioinformatics-canonical-hybrid-v2/regression/v2reg_hq07_ht01__repeat00/stdout.log	140	1fc2888746ad7efb359d83e45bcee09d422bd7ba2b46e12de015003ad439239f	supporting_raw_artifact	0
.paper-artifacts/bioinformatics-canonical-hybrid-v2/regression/v2reg_hq07_ht01__repeat00/telemetry-summary.json	1547	54949f682e2b316116ef577010cd9a2c0c44cd2ee2cb957e06bba36d115e060d	supporting_raw_artifact	0
.paper-artifacts/bioinformatics-canonical-hybrid-v2/regression/v2reg_hq07_ht01__repeat00/time.txt	1363	0931ee353f913f217f9c8f523d18606d04ed75b471919fc93508c7a1363b8fa0	supporting_raw_artifact	0
.paper-artifacts/bioinformatics-canonical-hybrid-v2/regression/v2reg_hq07_ht02__repeat00/artifact-manifest.sha256	88	3d4ed03c9c06f486e667d12e46b24f8985de90910d779bd185d1e2bf659c8ab5	supporting_raw_artifact	0
.paper-artifacts/bioinformatics-canonical-hybrid-v2/regression/v2reg_hq07_ht02__repeat00/artifact-manifest.tsv	1517	8a92b00b84df677f92358499327c74041a73ff64c6b3e9ba1375b99928ed86d9	supporting_raw_artifact	0
.paper-artifacts/bioinformatics-canonical-hybrid-v2/regression/v2reg_hq07_ht02__repeat00/attempt-complete.json	7587	2b0de6690e98bf0cedd42191f73d3f089ea15aafb3926ea00faabb3b31b5df7c	attempt_receipt	0
.paper-artifacts/bioinformatics-canonical-hybrid-v2/regression/v2reg_hq07_ht02__repeat00/attempt-config.json	1913	213b0805f841d34041de37240e7eaf8bdb2f2a8be7fdfc24ea27381912078f9d	supporting_raw_artifact	0
.paper-artifacts/bioinformatics-canonical-hybrid-v2/regression/v2reg_hq07_ht02__repeat00/attempt-telemetry.tsv	363579	ba213d7953d5cb9f9548de6ad48d81df9cf27d9be2b1db44db95a6bf707ca89b	per_attempt_telemetry	0
.paper-artifacts/bioinformatics-canonical-hybrid-v2/regression/v2reg_hq07_ht02__repeat00/comparator-stderr.log	0	e3b0c44298fc1c149afbf4c8996fb92427ae41e4649b934ca495991b7852b855	supporting_raw_artifact	0
.paper-artifacts/bioinformatics-canonical-hybrid-v2/regression/v2reg_hq07_ht02__repeat00/comparator-stdout.log	914	0e94d0942b6bc3b2f9ef3a7d55746a1182a9df2f2c1e655d6fedfb33b81d9190	supporting_raw_artifact	0
.paper-artifacts/bioinformatics-canonical-hybrid-v2/regression/v2reg_hq07_ht02__repeat00/comparison-details.tsv	15258	4b90a489a882b0137bd7b16bbdb4e940440f0428ec72aa0c848ced9cf26f0f51	comparison	0
.paper-artifacts/bioinformatics-canonical-hybrid-v2/regression/v2reg_hq07_ht02__repeat00/comparison.json	1325	b1cb7d7d3e503d69d0b0b356ccc2c9f945fee8f619158f067797d5d01fcfd79c	comparison	0
.paper-artifacts/bioinformatics-canonical-hybrid-v2/regression/v2reg_hq07_ht02__repeat00/execution.json	2168	b4d20d2453a20ee1735b41ccdf8efd9f3c9932597b82590af0611e606e6ed30e	supporting_raw_artifact	0
.paper-artifacts/bioinformatics-canonical-hybrid-v2/regression/v2reg_hq07_ht02__repeat00/gpu-memory.csv	283	164760a1ba20ad59e897c108610047bcf2301cf90a877ae264487730edba2ee9	supporting_raw_artifact	0
.paper-artifacts/bioinformatics-canonical-hybrid-v2/regression/v2reg_hq07_ht02__repeat00/inputs/authority-reference.tfosorted	2793	ca851f3cb89c48c56d0125d65723167e77227345ba5354aed0f7d8a519de5bb7	frozen_authority_copy	0
.paper-artifacts/bioinformatics-canonical-hybrid-v2/regression/v2reg_hq07_ht02__repeat00/inputs/query.fa	1139	cf07512acfe9e9a119228e469c39509de57d1a172a310fe5eb11a89a3473c327	supporting_raw_artifact	0
.paper-artifacts/bioinformatics-canonical-hybrid-v2/regression/v2reg_hq07_ht02__repeat00/inputs/target.fa	2608	15b67727bcbfe8138a9caa1f5100f822c8b021a6008878c65b361caa83fe224e	supporting_raw_artifact	0
.paper-artifacts/bioinformatics-canonical-hybrid-v2/regression/v2reg_hq07_ht02__repeat00/output/GRCh38-ENST00000552060.2|ENSG00000257677.3|LINC02464|GENCODE v49|GRCh38-target-TFOsorted	2793	ca851f3cb89c48c56d0125d65723167e77227345ba5354aed0f7d8a519de5bb7	hybrid_output	0
.paper-artifacts/bioinformatics-canonical-hybrid-v2/regression/v2reg_hq07_ht02__repeat00/stderr.log	112479	7490e3d162282601773db0beb1d15efa7454e8095fdd2be84dd4bafbb711d13b	supporting_raw_artifact	0
.paper-artifacts/bioinformatics-canonical-hybrid-v2/regression/v2reg_hq07_ht02__repeat00/stdout.log	140	97bcdca0d47a7315c34eb9a0663b58245e3a914bc5577ba9418e71ec2e55e590	supporting_raw_artifact	0
.paper-artifacts/bioinformatics-canonical-hybrid-v2/regression/v2reg_hq07_ht02__repeat00/telemetry-summary.json	1884	4591e429e43154339944a0209cdd178e018e90c4c6d72a7250512d2dc6c00044	supporting_raw_artifact	0
.paper-artifacts/bioinformatics-canonical-hybrid-v2/regression/v2reg_hq07_ht02__repeat00/time.txt	1363	b49aee7e7862037d5ff5da5af17e96821118f0a99d687286fd74b1d9416aed30	supporting_raw_artifact	0
.paper-artifacts/bioinformatics-canonical-hybrid-v2/regression/v2reg_hq08_ht01__repeat00/artifact-manifest.sha256	88	0a237827bb1d84dde54a86b9e9a6eb2e6210f73f11dbdb40d01cc79a38b21958	supporting_raw_artifact	0
.paper-artifacts/bioinformatics-canonical-hybrid-v2/regression/v2reg_hq08_ht01__repeat00/artifact-manifest.tsv	1523	b8746a9d4f5ffb8ba360cd05d785968036b7a83b03e5fed61a026604e2b28889	supporting_raw_artifact	0
.paper-artifacts/bioinformatics-canonical-hybrid-v2/regression/v2reg_hq08_ht01__repeat00/attempt-complete.json	7745	d302e6061b50f0dc18ce9d8f030cd98ad85c09b7858d2d81f4d5b42340bfb94c	attempt_receipt	0
.paper-artifacts/bioinformatics-canonical-hybrid-v2/regression/v2reg_hq08_ht01__repeat00/attempt-config.json	1919	540a16960dd807327309c26fa9e60ddeab10094114bec0dfaab4841aba5ddb1e	supporting_raw_artifact	0
.paper-artifacts/bioinformatics-canonical-hybrid-v2/regression/v2reg_hq08_ht01__repeat00/attempt-telemetry.tsv	325363	9786e89aea822ef21ab23aadf324dc1c2288630cb830c7dae588fda23d3d5603	per_attempt_telemetry	0
.paper-artifacts/bioinformatics-canonical-hybrid-v2/regression/v2reg_hq08_ht01__repeat00/comparator-stderr.log	0	e3b0c44298fc1c149afbf4c8996fb92427ae41e4649b934ca495991b7852b855	supporting_raw_artifact	0
.paper-artifacts/bioinformatics-canonical-hybrid-v2/regression/v2reg_hq08_ht01__repeat00/comparator-stdout.log	920	8a8d264ea98d2a66b68d643afec32d109b865085525f03b0c90d8bc8d427e549	supporting_raw_artifact	0
.paper-artifacts/bioinformatics-canonical-hybrid-v2/regression/v2reg_hq08_ht01__repeat00/comparison-details.tsv	14502	fc0df823db4362e6ed9af6a34731541815feeff3d064d3c97bd721d9e65df3cf	comparison	0
.paper-artifacts/bioinformatics-canonical-hybrid-v2/regression/v2reg_hq08_ht01__repeat00/comparison.json	1331	11495d5bdc67694be2d654b0c168a23f3c0fa21131d4d630dc0a8c76bd207c11	comparison	0
.paper-artifacts/bioinformatics-canonical-hybrid-v2/regression/v2reg_hq08_ht01__repeat00/execution.json	2170	8a43c235aa1f785efa4a1a02e4b045160c7ee45c84ab7a5a97faf5b4d3a4cca7	supporting_raw_artifact	0
.paper-artifacts/bioinformatics-canonical-hybrid-v2/regression/v2reg_hq08_ht01__repeat00/gpu-memory.csv	283	0c21d4997b2ddf6beebe15f77a83e1d1052f41baa1e2e0fad4d25c873a3a7499	supporting_raw_artifact	0
.paper-artifacts/bioinformatics-canonical-hybrid-v2/regression/v2reg_hq08_ht01__repeat00/inputs/authority-reference.tfosorted	2998	e850574cdc802f83cd68457babba3377e17e91e4541584f7f176c9d1325111ea	frozen_authority_copy	0
.paper-artifacts/bioinformatics-canonical-hybrid-v2/regression/v2reg_hq08_ht01__repeat00/inputs/query.fa	1018	4ac575244a2d4bcac4ed84ebab1c8cc4d566197c3cd544a1ab2a9de36381f226	supporting_raw_artifact	0
.paper-artifacts/bioinformatics-canonical-hybrid-v2/regression/v2reg_hq08_ht01__repeat00/inputs/target.fa	2608	075b0bcbe0f5f232b030e44a25f27ac4cb05ad4ced6743bac8a0450286cbea43	supporting_raw_artifact	0
.paper-artifacts/bioinformatics-canonical-hybrid-v2/regression/v2reg_hq08_ht01__repeat00/output/GRCh38-ENST00000661904.1|ENSG00000287213.1|ENSG00000287213|GENCODE v49|GRCh38-target-TFOsorted	2998	e850574cdc802f83cd68457babba3377e17e91e4541584f7f176c9d1325111ea	hybrid_output	0
.paper-artifacts/bioinformatics-canonical-hybrid-v2/regression/v2reg_hq08_ht01__repeat00/stderr.log	112473	3a905745f2df005d3a970b4dd75d542689e34028076091007fa4c946408d8357	supporting_raw_artifact	0
.paper-artifacts/bioinformatics-canonical-hybrid-v2/regression/v2reg_hq08_ht01__repeat00/stdout.log	145	02dc4fa3dc2654d0d83d91c0f4793a1a4ceb100b32ce44f8a8e463cfdd8e48a4	supporting_raw_artifact	0
.paper-artifacts/bioinformatics-canonical-hybrid-v2/regression/v2reg_hq08_ht01__repeat00/telemetry-summary.json	2020	c73dd32a5b20eec9893aa4b765a320787d19efa32db856e02f41c9f320d3c56a	supporting_raw_artifact	0
.paper-artifacts/bioinformatics-canonical-hybrid-v2/regression/v2reg_hq08_ht01__repeat00/time.txt	1363	e7c352fb53bfcbff34b2a6a466f616599de9dfc39988bc0ce5e023630c34d7be	supporting_raw_artifact	0
.paper-artifacts/bioinformatics-canonical-hybrid-v2/regression/v2reg_hq08_ht02__repeat00/artifact-manifest.sha256	88	ab68dd971b8fcb11decf243a43655d531e8de1ea477cb864b13c48c431bbabbb	supporting_raw_artifact	0
.paper-artifacts/bioinformatics-canonical-hybrid-v2/regression/v2reg_hq08_ht02__repeat00/artifact-manifest.tsv	1523	132d9653c8dc388f562cefe3e775357fc032a40ff5a2489c25bdecdf7da48efe	supporting_raw_artifact	0
.paper-artifacts/bioinformatics-canonical-hybrid-v2/regression/v2reg_hq08_ht02__repeat00/attempt-complete.json	8030	db52619f49240ac09a2c9c47dc9b0937673315038b22806d87ae7768b7b6aa45	attempt_receipt	0
.paper-artifacts/bioinformatics-canonical-hybrid-v2/regression/v2reg_hq08_ht02__repeat00/attempt-config.json	1919	143f2a9b83c366dbcae24f9379b68a35d7df469214470f5e9b45a491232831af	supporting_raw_artifact	0
.paper-artifacts/bioinformatics-canonical-hybrid-v2/regression/v2reg_hq08_ht02__repeat00/attempt-telemetry.tsv	393589	a44a9464234d7932c5938b7d8ed26f9078f579dd7286c8f97f766402c7732ae1	per_attempt_telemetry	0
.paper-artifacts/bioinformatics-canonical-hybrid-v2/regression/v2reg_hq08_ht02__repeat00/comparator-stderr.log	0	e3b0c44298fc1c149afbf4c8996fb92427ae41e4649b934ca495991b7852b855	supporting_raw_artifact	0
.paper-artifacts/bioinformatics-canonical-hybrid-v2/regression/v2reg_hq08_ht02__repeat00/comparator-stdout.log	920	f27a9a5f771aa3460f521906d3a0421fdcd2570655eb17a1bef61241a094ebc5	supporting_raw_artifact	0
.paper-artifacts/bioinformatics-canonical-hybrid-v2/regression/v2reg_hq08_ht02__repeat00/comparison-details.tsv	15234	a40b4540f069955bf34c529b3b290c3d48d4f412dea6d5f9e73b1f8d9477edae	comparison	0
.paper-artifacts/bioinformatics-canonical-hybrid-v2/regression/v2reg_hq08_ht02__repeat00/comparison.json	1331	7fc1fdf4b582a9dbd20ad3b7731b2b0fe7bbf52d4ed345b3fda64e936f4b7b39	comparison	0
.paper-artifacts/bioinformatics-canonical-hybrid-v2/regression/v2reg_hq08_ht02__repeat00/execution.json	2170	f74dd0f05586c0fd856d5cd40bc5e9011ab56cf35c2b50b77d3b6c226892ae9d	supporting_raw_artifact	0
.paper-artifacts/bioinformatics-canonical-hybrid-v2/regression/v2reg_hq08_ht02__repeat00/gpu-memory.csv	283	be691861e3e1f1756f1c168bc1081126b91d44d5a71ea5127de8c0d6684db3d8	supporting_raw_artifact	0
.paper-artifacts/bioinformatics-canonical-hybrid-v2/regression/v2reg_hq08_ht02__repeat00/inputs/authority-reference.tfosorted	4037	8123bc6f2629a5e0c71c173d21caca05a279081a392ae221900e5689033258b1	frozen_authority_copy	0
.paper-artifacts/bioinformatics-canonical-hybrid-v2/regression/v2reg_hq08_ht02__repeat00/inputs/query.fa	1018	4ac575244a2d4bcac4ed84ebab1c8cc4d566197c3cd544a1ab2a9de36381f226	supporting_raw_artifact	0
.paper-artifacts/bioinformatics-canonical-hybrid-v2/regression/v2reg_hq08_ht02__repeat00/inputs/target.fa	2608	15b67727bcbfe8138a9caa1f5100f822c8b021a6008878c65b361caa83fe224e	supporting_raw_artifact	0
.paper-artifacts/bioinformatics-canonical-hybrid-v2/regression/v2reg_hq08_ht02__repeat00/output/GRCh38-ENST00000661904.1|ENSG00000287213.1|ENSG00000287213|GENCODE v49|GRCh38-target-TFOsorted	4037	8123bc6f2629a5e0c71c173d21caca05a279081a392ae221900e5689033258b1	hybrid_output	0
.paper-artifacts/bioinformatics-canonical-hybrid-v2/regression/v2reg_hq08_ht02__repeat00/stderr.log	112479	b7f8576583945fa435a3e6a0f60d1a89e15523160ab37a8a9b09709cd03a3ac4	supporting_raw_artifact	0
.paper-artifacts/bioinformatics-canonical-hybrid-v2/regression/v2reg_hq08_ht02__repeat00/stdout.log	146	83f19ce381b2484a3163f2c2fcd4ed96036bb8aac175343af5f8aa590078b597	supporting_raw_artifact	0
.paper-artifacts/bioinformatics-canonical-hybrid-v2/regression/v2reg_hq08_ht02__repeat00/telemetry-summary.json	2289	96788e9eb26805f24562d3dac9df76aab2c7bc03e5ab940e3e7da7568854b166	supporting_raw_artifact	0
.paper-artifacts/bioinformatics-canonical-hybrid-v2/regression/v2reg_hq08_ht02__repeat00/time.txt	1363	d4027366146ba188f43a943181f33ed650bc74f67be2266062020ec348e625f7	supporting_raw_artifact	0
.paper-artifacts/bioinformatics-canonical-hybrid-v2/regression/v2reg_hq09_ht01__repeat00/artifact-manifest.sha256	88	161e4efd4be19626accd3297b735f89264616bc29f29a78c17f80c15836c7c7d	supporting_raw_artifact	0
.paper-artifacts/bioinformatics-canonical-hybrid-v2/regression/v2reg_hq09_ht01__repeat00/artifact-manifest.tsv	1518	25a826150f3ec8cbe2e175fd54d9b4efc6ff0e5d05dd64dc2026bafda7c56a44	supporting_raw_artifact	0
.paper-artifacts/bioinformatics-canonical-hybrid-v2/regression/v2reg_hq09_ht01__repeat00/attempt-complete.json	7089	f0791c410386fa73dbbd8a4e5ec8ecaf1e8e9a83f96760fea53b6db0fc0f7c81	attempt_receipt	0
.paper-artifacts/bioinformatics-canonical-hybrid-v2/regression/v2reg_hq09_ht01__repeat00/attempt-config.json	1914	51376e17cdf21f25eaeaae336b94ce61e3142341b5a4b57354f803da905e8c2e	supporting_raw_artifact	0
.paper-artifacts/bioinformatics-canonical-hybrid-v2/regression/v2reg_hq09_ht01__repeat00/attempt-telemetry.tsv	345527	2af45c5f15143290cf84befdd93a03dfeabf9ea1615a5d60ec63423e5fb510c9	per_attempt_telemetry	0
.paper-artifacts/bioinformatics-canonical-hybrid-v2/regression/v2reg_hq09_ht01__repeat00/comparator-stderr.log	0	e3b0c44298fc1c149afbf4c8996fb92427ae41e4649b934ca495991b7852b855	supporting_raw_artifact	0
.paper-artifacts/bioinformatics-canonical-hybrid-v2/regression/v2reg_hq09_ht01__repeat00/comparator-stdout.log	911	3fd633e13467eade71c8c9edcc63c4b62afd3aa78860b974f6b63d46cb4baecf	supporting_raw_artifact	0
.paper-artifacts/bioinformatics-canonical-hybrid-v2/regression/v2reg_hq09_ht01__repeat00/comparison-details.tsv	12962	7a5c99a31e4fc3f92fd7cb67d010c988c617679b3aa78500a4324199fbd9fbe9	comparison	0
.paper-artifacts/bioinformatics-canonical-hybrid-v2/regression/v2reg_hq09_ht01__repeat00/comparison.json	1324	fbb0709cf3a907064f0b819a0011f84165b26ec5f2357db5c65d52eea15b328a	comparison	0
.paper-artifacts/bioinformatics-canonical-hybrid-v2/regression/v2reg_hq09_ht01__repeat00/execution.json	2170	b0275a6f093292138cebe0a899fe40e47451a1215e1849042caad922534b76c0	supporting_raw_artifact	0
.paper-artifacts/bioinformatics-canonical-hybrid-v2/regression/v2reg_hq09_ht01__repeat00/gpu-memory.csv	283	e757e99a669b2cca6f64378a08f117184ec2f47b74a90ce98783abe3f76bb76a	supporting_raw_artifact	0
.paper-artifacts/bioinformatics-canonical-hybrid-v2/regression/v2reg_hq09_ht01__repeat00/inputs/authority-reference.tfosorted	1318	44d10cde2d4a09ebdca6a3475ff29921706a6ac3575b757d55beba99492541b7	frozen_authority_copy	0
.paper-artifacts/bioinformatics-canonical-hybrid-v2/regression/v2reg_hq09_ht01__repeat00/inputs/query.fa	2266	21bd1f4b7fcf310e919d6adb87d09a1dcc5a64ad496aa860361782447de676f4	supporting_raw_artifact	0
.paper-artifacts/bioinformatics-canonical-hybrid-v2/regression/v2reg_hq09_ht01__repeat00/inputs/target.fa	2608	075b0bcbe0f5f232b030e44a25f27ac4cb05ad4ced6743bac8a0450286cbea43	supporting_raw_artifact	0
.paper-artifacts/bioinformatics-canonical-hybrid-v2/regression/v2reg_hq09_ht01__repeat00/output/GRCh38-ENST00000670550.1|ENSG00000229956.12|ZRANB2-DT|GENCODE v49|GRCh38-target-TFOsorted	1318	44d10cde2d4a09ebdca6a3475ff29921706a6ac3575b757d55beba99492541b7	hybrid_output	0
.paper-artifacts/bioinformatics-canonical-hybrid-v2/regression/v2reg_hq09_ht01__repeat00/stderr.log	112479	c9f3989c730c93b5d6f14f25cb10b74125bf996b61293642fa31380d6c435e52	supporting_raw_artifact	0
.paper-artifacts/bioinformatics-canonical-hybrid-v2/regression/v2reg_hq09_ht01__repeat00/stdout.log	141	6a7ba7b78d20a635ddf0aa3f13bd43f822f9b6a554968886e657d989e88be0de	supporting_raw_artifact	0
.paper-artifacts/bioinformatics-canonical-hybrid-v2/regression/v2reg_hq09_ht01__repeat00/telemetry-summary.json	1413	7b670d74578335b225111acd589fd7129e293a868825b4b3820f4e4a848ea3b6	supporting_raw_artifact	0
.paper-artifacts/bioinformatics-canonical-hybrid-v2/regression/v2reg_hq09_ht01__repeat00/time.txt	1363	219b9e2244f8025123fd96ecfe017728fdb8766e65d285a9ee5e61f792257d04	supporting_raw_artifact	0
.paper-artifacts/bioinformatics-canonical-hybrid-v2/regression/v2reg_hq09_ht01__repeat01/artifact-manifest.sha256	88	7177fc4ff6d2d30680361843b29e9ee5c698a2e9b2ca31b81d93a2a885f4328c	supporting_raw_artifact	0
.paper-artifacts/bioinformatics-canonical-hybrid-v2/regression/v2reg_hq09_ht01__repeat01/artifact-manifest.tsv	1518	0fb84d2d8a5e7baee62a1e4208b69dce80d0e6a5590a86489643c89c191c6661	supporting_raw_artifact	0
.paper-artifacts/bioinformatics-canonical-hybrid-v2/regression/v2reg_hq09_ht01__repeat01/attempt-complete.json	7088	111fc64ca151efa6c39abd526081152f40f4318260d658ae4e70ebb98356c5ea	attempt_receipt	0
.paper-artifacts/bioinformatics-canonical-hybrid-v2/regression/v2reg_hq09_ht01__repeat01/attempt-config.json	1914	d7b07e70b199275453e5de7a0553493380650cefea82303dad988a4b213f3d60	supporting_raw_artifact	0
.paper-artifacts/bioinformatics-canonical-hybrid-v2/regression/v2reg_hq09_ht01__repeat01/attempt-telemetry.tsv	345527	2af45c5f15143290cf84befdd93a03dfeabf9ea1615a5d60ec63423e5fb510c9	per_attempt_telemetry	0
.paper-artifacts/bioinformatics-canonical-hybrid-v2/regression/v2reg_hq09_ht01__repeat01/comparator-stderr.log	0	e3b0c44298fc1c149afbf4c8996fb92427ae41e4649b934ca495991b7852b855	supporting_raw_artifact	0
.paper-artifacts/bioinformatics-canonical-hybrid-v2/regression/v2reg_hq09_ht01__repeat01/comparator-stdout.log	911	8752ec1b5a41cd06a8dbbb75f14ba5e3c037218f243462145f49f5b740904368	supporting_raw_artifact	0
.paper-artifacts/bioinformatics-canonical-hybrid-v2/regression/v2reg_hq09_ht01__repeat01/comparison-details.tsv	12962	7a5c99a31e4fc3f92fd7cb67d010c988c617679b3aa78500a4324199fbd9fbe9	comparison	0
.paper-artifacts/bioinformatics-canonical-hybrid-v2/regression/v2reg_hq09_ht01__repeat01/comparison.json	1324	712eec1201215bb5a05edfb4faabd32c818f636392ed6f4dee52312fc2d02c83	comparison	0
.paper-artifacts/bioinformatics-canonical-hybrid-v2/regression/v2reg_hq09_ht01__repeat01/execution.json	2169	a00512e80907f0a6d94e46816544583262b7b464ce34468a8b6ca82cda325478	supporting_raw_artifact	0
.paper-artifacts/bioinformatics-canonical-hybrid-v2/regression/v2reg_hq09_ht01__repeat01/gpu-memory.csv	283	9c06ab4d190f6ed7fed5463d966822c625c228d499dc78a8cee0cb4da5e6ac79	supporting_raw_artifact	0
.paper-artifacts/bioinformatics-canonical-hybrid-v2/regression/v2reg_hq09_ht01__repeat01/inputs/authority-reference.tfosorted	1318	44d10cde2d4a09ebdca6a3475ff29921706a6ac3575b757d55beba99492541b7	frozen_authority_copy	0
.paper-artifacts/bioinformatics-canonical-hybrid-v2/regression/v2reg_hq09_ht01__repeat01/inputs/query.fa	2266	21bd1f4b7fcf310e919d6adb87d09a1dcc5a64ad496aa860361782447de676f4	supporting_raw_artifact	0
.paper-artifacts/bioinformatics-canonical-hybrid-v2/regression/v2reg_hq09_ht01__repeat01/inputs/target.fa	2608	075b0bcbe0f5f232b030e44a25f27ac4cb05ad4ced6743bac8a0450286cbea43	supporting_raw_artifact	0
.paper-artifacts/bioinformatics-canonical-hybrid-v2/regression/v2reg_hq09_ht01__repeat01/output/GRCh38-ENST00000670550.1|ENSG00000229956.12|ZRANB2-DT|GENCODE v49|GRCh38-target-TFOsorted	1318	44d10cde2d4a09ebdca6a3475ff29921706a6ac3575b757d55beba99492541b7	hybrid_output	0
.paper-artifacts/bioinformatics-canonical-hybrid-v2/regression/v2reg_hq09_ht01__repeat01/stderr.log	112473	fe0269cab65c902cf7ffd39fc83613b573ec3c930b26b6c9d327ad86b5c05ce3	supporting_raw_artifact	0
.paper-artifacts/bioinformatics-canonical-hybrid-v2/regression/v2reg_hq09_ht01__repeat01/stdout.log	141	7b1f0820df7870a8a337842cb4effc689ddba9914ea7553fba2fc68459ec66b1	supporting_raw_artifact	0
.paper-artifacts/bioinformatics-canonical-hybrid-v2/regression/v2reg_hq09_ht01__repeat01/telemetry-summary.json	1413	4fb040f2afe423ae30814df72de656d0cc1d37cf860b338a3966360561e0a489	supporting_raw_artifact	0
.paper-artifacts/bioinformatics-canonical-hybrid-v2/regression/v2reg_hq09_ht01__repeat01/time.txt	1363	42cf3a913915847de7d381223c8ea12967f1521e5ea847934a9911f0fef72c7a	supporting_raw_artifact	0
.paper-artifacts/bioinformatics-canonical-hybrid-v2/regression/v2reg_hq09_ht01__repeat02/artifact-manifest.sha256	88	e656acf413ce5c82bf27f01024f8302a4016b87b44a2431e306c5b3908965531	supporting_raw_artifact	0
.paper-artifacts/bioinformatics-canonical-hybrid-v2/regression/v2reg_hq09_ht01__repeat02/artifact-manifest.tsv	1518	2fc52575d5d94f83a9e8f2e476a9156e96057182bf92f40bad728a7b550513de	supporting_raw_artifact	0
.paper-artifacts/bioinformatics-canonical-hybrid-v2/regression/v2reg_hq09_ht01__repeat02/attempt-complete.json	7089	e1301b96fe9e4a0b6f27f957029b73dc3d223473548fc7188827dd61168d4364	attempt_receipt	0
.paper-artifacts/bioinformatics-canonical-hybrid-v2/regression/v2reg_hq09_ht01__repeat02/attempt-config.json	1914	b974fb8cd16216fb3bf9e5c707e4eea6c14bf3a69dbdc423fb903b6548661f41	supporting_raw_artifact	0
.paper-artifacts/bioinformatics-canonical-hybrid-v2/regression/v2reg_hq09_ht01__repeat02/attempt-telemetry.tsv	345527	2af45c5f15143290cf84befdd93a03dfeabf9ea1615a5d60ec63423e5fb510c9	per_attempt_telemetry	0
.paper-artifacts/bioinformatics-canonical-hybrid-v2/regression/v2reg_hq09_ht01__repeat02/comparator-stderr.log	0	e3b0c44298fc1c149afbf4c8996fb92427ae41e4649b934ca495991b7852b855	supporting_raw_artifact	0
.paper-artifacts/bioinformatics-canonical-hybrid-v2/regression/v2reg_hq09_ht01__repeat02/comparator-stdout.log	911	da45f648ca8c2bef2fdb28bac182b97ec7599dad0ccb8f7030a1db820c1d37be	supporting_raw_artifact	0
.paper-artifacts/bioinformatics-canonical-hybrid-v2/regression/v2reg_hq09_ht01__repeat02/comparison-details.tsv	12962	7a5c99a31e4fc3f92fd7cb67d010c988c617679b3aa78500a4324199fbd9fbe9	comparison	0
.paper-artifacts/bioinformatics-canonical-hybrid-v2/regression/v2reg_hq09_ht01__repeat02/comparison.json	1324	dd80d082a9ce19b6fa60648a2bad20804dde3b000b5a7ea7b4f212d6dcc24c82	comparison	0
.paper-artifacts/bioinformatics-canonical-hybrid-v2/regression/v2reg_hq09_ht01__repeat02/execution.json	2172	35705fa524149523072097296921f7c4250ef20f836b0a56da06582de7619fba	supporting_raw_artifact	0
.paper-artifacts/bioinformatics-canonical-hybrid-v2/regression/v2reg_hq09_ht01__repeat02/gpu-memory.csv	425	98d785e7a61d9a5e66240cdab58bac9646e33a903f2427cbc0703393c5637f44	supporting_raw_artifact	0
.paper-artifacts/bioinformatics-canonical-hybrid-v2/regression/v2reg_hq09_ht01__repeat02/inputs/authority-reference.tfosorted	1318	44d10cde2d4a09ebdca6a3475ff29921706a6ac3575b757d55beba99492541b7	frozen_authority_copy	0
.paper-artifacts/bioinformatics-canonical-hybrid-v2/regression/v2reg_hq09_ht01__repeat02/inputs/query.fa	2266	21bd1f4b7fcf310e919d6adb87d09a1dcc5a64ad496aa860361782447de676f4	supporting_raw_artifact	0
.paper-artifacts/bioinformatics-canonical-hybrid-v2/regression/v2reg_hq09_ht01__repeat02/inputs/target.fa	2608	075b0bcbe0f5f232b030e44a25f27ac4cb05ad4ced6743bac8a0450286cbea43	supporting_raw_artifact	0
.paper-artifacts/bioinformatics-canonical-hybrid-v2/regression/v2reg_hq09_ht01__repeat02/output/GRCh38-ENST00000670550.1|ENSG00000229956.12|ZRANB2-DT|GENCODE v49|GRCh38-target-TFOsorted	1318	44d10cde2d4a09ebdca6a3475ff29921706a6ac3575b757d55beba99492541b7	hybrid_output	0
.paper-artifacts/bioinformatics-canonical-hybrid-v2/regression/v2reg_hq09_ht01__repeat02/stderr.log	112471	b685cefbe3945c5e911500491b89ea9b44015a01ad3917241a79094579896a6f	supporting_raw_artifact	0
.paper-artifacts/bioinformatics-canonical-hybrid-v2/regression/v2reg_hq09_ht01__repeat02/stdout.log	141	fe6a9dcb6405200a079373cc1c2ce4312b6bb928708956c79c7759e9570fdb83	supporting_raw_artifact	0
.paper-artifacts/bioinformatics-canonical-hybrid-v2/regression/v2reg_hq09_ht01__repeat02/telemetry-summary.json	1411	969bf82da8d1d113d7c5174196a71448fcb3e250141d44064ee4841b2963eb8a	supporting_raw_artifact	0
.paper-artifacts/bioinformatics-canonical-hybrid-v2/regression/v2reg_hq09_ht01__repeat02/time.txt	1363	06981ea376079ef3c83bb29b3606b74dce05e635f92439788a55f05fe7830551	supporting_raw_artifact	0
.paper-artifacts/bioinformatics-canonical-hybrid-v2/regression/v2reg_hq09_ht02__repeat00/artifact-manifest.sha256	88	9d41d1bd8e1c5f6dbf16ddbc438df4ff088cc7da0c691bf3afa32d7065d08108	supporting_raw_artifact	0
.paper-artifacts/bioinformatics-canonical-hybrid-v2/regression/v2reg_hq09_ht02__repeat00/artifact-manifest.tsv	1518	a148b593b6e2b0fb5d1d4bea8305463c021a6191eb62253c3bfa490368ac9497	supporting_raw_artifact	0
.paper-artifacts/bioinformatics-canonical-hybrid-v2/regression/v2reg_hq09_ht02__repeat00/attempt-complete.json	7733	e50a2df45be9b75c94ae7834ff981deb2b6add2cd5e10aefd84c34250c13dd2f	attempt_receipt	0
.paper-artifacts/bioinformatics-canonical-hybrid-v2/regression/v2reg_hq09_ht02__repeat00/attempt-config.json	1914	f053ebc25fe6aa9e279ce009a17ef162a53cd40a0412f5597b9c45b18b90e0fb	supporting_raw_artifact	0
.paper-artifacts/bioinformatics-canonical-hybrid-v2/regression/v2reg_hq09_ht02__repeat00/attempt-telemetry.tsv	313121	aa951bf99c5b4d0f6e5f81a79d950707b4fea4753e04234ecfdca332e33c86e2	per_attempt_telemetry	0
.paper-artifacts/bioinformatics-canonical-hybrid-v2/regression/v2reg_hq09_ht02__repeat00/comparator-stderr.log	0	e3b0c44298fc1c149afbf4c8996fb92427ae41e4649b934ca495991b7852b855	supporting_raw_artifact	0
.paper-artifacts/bioinformatics-canonical-hybrid-v2/regression/v2reg_hq09_ht02__repeat00/comparator-stdout.log	915	463e945602630d4dbbd16119f778e2979ac8bf1c4e48a9d4640d8751537695cd	supporting_raw_artifact	0
.paper-artifacts/bioinformatics-canonical-hybrid-v2/regression/v2reg_hq09_ht02__repeat00/comparison-details.tsv	16536	26698f1d77347b19f45ecc6fe4fafbc5d53d729693986fedca2c343361e5b2cc	comparison	0
.paper-artifacts/bioinformatics-canonical-hybrid-v2/regression/v2reg_hq09_ht02__repeat00/comparison.json	1326	50dd8b2117ccf105386b24cd97a31b1961f437d12b6425ae06bd4104ff2456f8	comparison	0
.paper-artifacts/bioinformatics-canonical-hybrid-v2/regression/v2reg_hq09_ht02__repeat00/execution.json	2170	1ac11d6047667fc9a599857d1603b04afa475b2f336e808fb4069994ce1d44dd	supporting_raw_artifact	0
.paper-artifacts/bioinformatics-canonical-hybrid-v2/regression/v2reg_hq09_ht02__repeat00/gpu-memory.csv	282	8f9da95d41ca06b5aac28dd975e31aba75cad40c3042cc9023cd4dbf6758f40f	supporting_raw_artifact	0
.paper-artifacts/bioinformatics-canonical-hybrid-v2/regression/v2reg_hq09_ht02__repeat00/inputs/authority-reference.tfosorted	3256	26842adb67ceab170273ec2b6bb8ebbc8eb60fbdb3172564b78fbb7343bf51be	frozen_authority_copy	0
.paper-artifacts/bioinformatics-canonical-hybrid-v2/regression/v2reg_hq09_ht02__repeat00/inputs/query.fa	2266	21bd1f4b7fcf310e919d6adb87d09a1dcc5a64ad496aa860361782447de676f4	supporting_raw_artifact	0
.paper-artifacts/bioinformatics-canonical-hybrid-v2/regression/v2reg_hq09_ht02__repeat00/inputs/target.fa	2608	15b67727bcbfe8138a9caa1f5100f822c8b021a6008878c65b361caa83fe224e	supporting_raw_artifact	0
.paper-artifacts/bioinformatics-canonical-hybrid-v2/regression/v2reg_hq09_ht02__repeat00/output/GRCh38-ENST00000670550.1|ENSG00000229956.12|ZRANB2-DT|GENCODE v49|GRCh38-target-TFOsorted	3256	26842adb67ceab170273ec2b6bb8ebbc8eb60fbdb3172564b78fbb7343bf51be	hybrid_output	0
.paper-artifacts/bioinformatics-canonical-hybrid-v2/regression/v2reg_hq09_ht02__repeat00/stderr.log	112476	2257fb942685705518b32d884342da72dff538baa793bcf445786a48c3e155a1	supporting_raw_artifact	0
.paper-artifacts/bioinformatics-canonical-hybrid-v2/regression/v2reg_hq09_ht02__repeat00/stdout.log	141	c3da544a8e149689b4417425dff2c4b009fd5af57032e38fa58739fc2babf19f	supporting_raw_artifact	0
.paper-artifacts/bioinformatics-canonical-hybrid-v2/regression/v2reg_hq09_ht02__repeat00/telemetry-summary.json	2018	356a06d96794ea9ecfd6a05a9a89aadd16592a2c9b89846be4c15fd0fbc7494d	supporting_raw_artifact	0
.paper-artifacts/bioinformatics-canonical-hybrid-v2/regression/v2reg_hq09_ht02__repeat00/time.txt	1363	138535e084bc9027481b8d7aaa8b5fe1240e9b8a6635dda0784d5ac0e93e76e4	supporting_raw_artifact	0
.paper-artifacts/bioinformatics-canonical-hybrid-v2/regression/v2reg_hq09_ht02__repeat01/artifact-manifest.sha256	88	bfa6cab41978e5a5e2c5bb86e98c53a2b41263fb6908e2c28014cf99f1019fac	supporting_raw_artifact	0
.paper-artifacts/bioinformatics-canonical-hybrid-v2/regression/v2reg_hq09_ht02__repeat01/artifact-manifest.tsv	1518	69835d45407b8a97440cae9c419f4e68bf5a4ba8da6a9e4b110a89bb2556ca33	supporting_raw_artifact	0
.paper-artifacts/bioinformatics-canonical-hybrid-v2/regression/v2reg_hq09_ht02__repeat01/attempt-complete.json	7732	2987365623309b399e18b5f6ac443cf819862c9291b33f2afe592824b459c374	attempt_receipt	0
.paper-artifacts/bioinformatics-canonical-hybrid-v2/regression/v2reg_hq09_ht02__repeat01/attempt-config.json	1914	c4c1373911e606ef671221633a1967712e0bca72d577b63b10f77b6f8da6b534	supporting_raw_artifact	0
.paper-artifacts/bioinformatics-canonical-hybrid-v2/regression/v2reg_hq09_ht02__repeat01/attempt-telemetry.tsv	313121	aa951bf99c5b4d0f6e5f81a79d950707b4fea4753e04234ecfdca332e33c86e2	per_attempt_telemetry	0
.paper-artifacts/bioinformatics-canonical-hybrid-v2/regression/v2reg_hq09_ht02__repeat01/comparator-stderr.log	0	e3b0c44298fc1c149afbf4c8996fb92427ae41e4649b934ca495991b7852b855	supporting_raw_artifact	0
.paper-artifacts/bioinformatics-canonical-hybrid-v2/regression/v2reg_hq09_ht02__repeat01/comparator-stdout.log	915	7eb6bdaeb80a5e42ea80ddcbed649a5777413db4959165e8d82bf2fbc9dc22e2	supporting_raw_artifact	0
.paper-artifacts/bioinformatics-canonical-hybrid-v2/regression/v2reg_hq09_ht02__repeat01/comparison-details.tsv	16536	26698f1d77347b19f45ecc6fe4fafbc5d53d729693986fedca2c343361e5b2cc	comparison	0
.paper-artifacts/bioinformatics-canonical-hybrid-v2/regression/v2reg_hq09_ht02__repeat01/comparison.json	1326	62e23c8b9302d3795e824b37d3929b73c18697ff75f3d20ed14cf9f5eda70ef2	comparison	0
.paper-artifacts/bioinformatics-canonical-hybrid-v2/regression/v2reg_hq09_ht02__repeat01/execution.json	2171	fd5a9cc0110dd6f829c818fa251c9c273c9cf28fc12d9b27711db5d249da8703	supporting_raw_artifact	0
.paper-artifacts/bioinformatics-canonical-hybrid-v2/regression/v2reg_hq09_ht02__repeat01/gpu-memory.csv	282	ed68307114b0187601dcd3eedce86f4ddc23249186624c8516feecbdbad09cf6	supporting_raw_artifact	0
.paper-artifacts/bioinformatics-canonical-hybrid-v2/regression/v2reg_hq09_ht02__repeat01/inputs/authority-reference.tfosorted	3256	26842adb67ceab170273ec2b6bb8ebbc8eb60fbdb3172564b78fbb7343bf51be	frozen_authority_copy	0
.paper-artifacts/bioinformatics-canonical-hybrid-v2/regression/v2reg_hq09_ht02__repeat01/inputs/query.fa	2266	21bd1f4b7fcf310e919d6adb87d09a1dcc5a64ad496aa860361782447de676f4	supporting_raw_artifact	0
.paper-artifacts/bioinformatics-canonical-hybrid-v2/regression/v2reg_hq09_ht02__repeat01/inputs/target.fa	2608	15b67727bcbfe8138a9caa1f5100f822c8b021a6008878c65b361caa83fe224e	supporting_raw_artifact	0
.paper-artifacts/bioinformatics-canonical-hybrid-v2/regression/v2reg_hq09_ht02__repeat01/output/GRCh38-ENST00000670550.1|ENSG00000229956.12|ZRANB2-DT|GENCODE v49|GRCh38-target-TFOsorted	3256	26842adb67ceab170273ec2b6bb8ebbc8eb60fbdb3172564b78fbb7343bf51be	hybrid_output	0
.paper-artifacts/bioinformatics-canonical-hybrid-v2/regression/v2reg_hq09_ht02__repeat01/stderr.log	112475	fa74a74c4b13df437a25b5d9d5183a69abac72a0ece3e8ad9e2c52dd243e5e54	supporting_raw_artifact	0
.paper-artifacts/bioinformatics-canonical-hybrid-v2/regression/v2reg_hq09_ht02__repeat01/stdout.log	141	60e7a2944e5235d1c8ce91753745a3cf6dde0b5ed95ec46c9be3a472ecd811f9	supporting_raw_artifact	0
.paper-artifacts/bioinformatics-canonical-hybrid-v2/regression/v2reg_hq09_ht02__repeat01/telemetry-summary.json	2016	b867dad9f207a5284bed5ca61ab7f864e5e52998c15c9811e12daafbd71f5f7b	supporting_raw_artifact	0
.paper-artifacts/bioinformatics-canonical-hybrid-v2/regression/v2reg_hq09_ht02__repeat01/time.txt	1363	12a896c32608dbeeb2190e81d40e77dbffa043930e2523ae442564c153506adf	supporting_raw_artifact	0
.paper-artifacts/bioinformatics-canonical-hybrid-v2/regression/v2reg_hq09_ht02__repeat02/artifact-manifest.sha256	88	126431b1d2190df7b69f432598d91f02e670e87466ec1f97f8867fa52de5b00b	supporting_raw_artifact	0
.paper-artifacts/bioinformatics-canonical-hybrid-v2/regression/v2reg_hq09_ht02__repeat02/artifact-manifest.tsv	1518	c6ccd42b89936f70a8f590a7821ba801553b76bba68ff54f96e7925dc1916b1b	supporting_raw_artifact	0
.paper-artifacts/bioinformatics-canonical-hybrid-v2/regression/v2reg_hq09_ht02__repeat02/attempt-complete.json	7734	ae9149ea151e789421d3d3aec72501a8325a5fbffd41281ebc36f1f11396c033	attempt_receipt	0
.paper-artifacts/bioinformatics-canonical-hybrid-v2/regression/v2reg_hq09_ht02__repeat02/attempt-config.json	1914	21e4c8e3801c93717bc14ba026cfda98726109030c77b8440912e1dd2969d9f3	supporting_raw_artifact	0
.paper-artifacts/bioinformatics-canonical-hybrid-v2/regression/v2reg_hq09_ht02__repeat02/attempt-telemetry.tsv	313121	aa951bf99c5b4d0f6e5f81a79d950707b4fea4753e04234ecfdca332e33c86e2	per_attempt_telemetry	0
.paper-artifacts/bioinformatics-canonical-hybrid-v2/regression/v2reg_hq09_ht02__repeat02/comparator-stderr.log	0	e3b0c44298fc1c149afbf4c8996fb92427ae41e4649b934ca495991b7852b855	supporting_raw_artifact	0
.paper-artifacts/bioinformatics-canonical-hybrid-v2/regression/v2reg_hq09_ht02__repeat02/comparator-stdout.log	915	aabf198aa8f0d67266af5127c53c882efb67efb9555b4ff9998c41cefe11bd52	supporting_raw_artifact	0
.paper-artifacts/bioinformatics-canonical-hybrid-v2/regression/v2reg_hq09_ht02__repeat02/comparison-details.tsv	16536	26698f1d77347b19f45ecc6fe4fafbc5d53d729693986fedca2c343361e5b2cc	comparison	0
.paper-artifacts/bioinformatics-canonical-hybrid-v2/regression/v2reg_hq09_ht02__repeat02/comparison.json	1326	4471a0acde5e079052c47fb681e54f72cf3743b912fbdad73e82cdc044988a9b	comparison	0
.paper-artifacts/bioinformatics-canonical-hybrid-v2/regression/v2reg_hq09_ht02__repeat02/execution.json	2170	62c02159a20af744a839c2767353cb9bd53f26a49fd87bf931d60525942c2d6e	supporting_raw_artifact	0
.paper-artifacts/bioinformatics-canonical-hybrid-v2/regression/v2reg_hq09_ht02__repeat02/gpu-memory.csv	283	3c8b24f93ddb6ed244be15700b44dabbb57bab333b0929bc6629b5a811b82ec2	supporting_raw_artifact	0
.paper-artifacts/bioinformatics-canonical-hybrid-v2/regression/v2reg_hq09_ht02__repeat02/inputs/authority-reference.tfosorted	3256	26842adb67ceab170273ec2b6bb8ebbc8eb60fbdb3172564b78fbb7343bf51be	frozen_authority_copy	0
.paper-artifacts/bioinformatics-canonical-hybrid-v2/regression/v2reg_hq09_ht02__repeat02/inputs/query.fa	2266	21bd1f4b7fcf310e919d6adb87d09a1dcc5a64ad496aa860361782447de676f4	supporting_raw_artifact	0
.paper-artifacts/bioinformatics-canonical-hybrid-v2/regression/v2reg_hq09_ht02__repeat02/inputs/target.fa	2608	15b67727bcbfe8138a9caa1f5100f822c8b021a6008878c65b361caa83fe224e	supporting_raw_artifact	0
.paper-artifacts/bioinformatics-canonical-hybrid-v2/regression/v2reg_hq09_ht02__repeat02/output/GRCh38-ENST00000670550.1|ENSG00000229956.12|ZRANB2-DT|GENCODE v49|GRCh38-target-TFOsorted	3256	26842adb67ceab170273ec2b6bb8ebbc8eb60fbdb3172564b78fbb7343bf51be	hybrid_output	0
.paper-artifacts/bioinformatics-canonical-hybrid-v2/regression/v2reg_hq09_ht02__repeat02/stderr.log	112478	2e5b9aba381bc9b71cc4122c579a7a91ddb5d6219e18ac0a84d5cb3a367082ad	supporting_raw_artifact	0
.paper-artifacts/bioinformatics-canonical-hybrid-v2/regression/v2reg_hq09_ht02__repeat02/stdout.log	141	7dfb72a17b6f6c43e27c9a7064069a6f0f9ae9dbd99b256b067e3c5f72600ffc	supporting_raw_artifact	0
.paper-artifacts/bioinformatics-canonical-hybrid-v2/regression/v2reg_hq09_ht02__repeat02/telemetry-summary.json	2019	b0f166cd496618e63286c674a09d2338e658718b3a47019d237483f52f4cbbd5	supporting_raw_artifact	0
.paper-artifacts/bioinformatics-canonical-hybrid-v2/regression/v2reg_hq09_ht02__repeat02/time.txt	1363	2ce16a8c064605f8b52eb87a8d1617af85d684a2cf4120e3333716c8713269f2	supporting_raw_artifact	0
.paper-artifacts/bioinformatics-canonical-hybrid-v2/regression/v2reg_hq10_ht01__repeat00/artifact-manifest.sha256	88	8fa3f6abcf5d438d71140c1dc10d2bcefcac50a6f7a4908cdeea1fd48ce1f884	supporting_raw_artifact	0
.paper-artifacts/bioinformatics-canonical-hybrid-v2/regression/v2reg_hq10_ht01__repeat00/artifact-manifest.tsv	1516	120836936e5658fac8bfc0bd2e6d94e45c1c4114eadeccccd429a6134a9ceba0	supporting_raw_artifact	0
.paper-artifacts/bioinformatics-canonical-hybrid-v2/regression/v2reg_hq10_ht01__repeat00/attempt-complete.json	8228	ef740123a363f4b668ae13000ed302b8c74b3eb6615edfaec88f1ac238495be6	attempt_receipt	0
.paper-artifacts/bioinformatics-canonical-hybrid-v2/regression/v2reg_hq10_ht01__repeat00/attempt-config.json	1912	90c0f465aa0057e76d2301a37e2e87c1823d146878d58d8c92b4c96148f0dc48	supporting_raw_artifact	0
.paper-artifacts/bioinformatics-canonical-hybrid-v2/regression/v2reg_hq10_ht01__repeat00/attempt-telemetry.tsv	349205	20323a932fc0d04e4b971902ec7a749c30f0108958aa6376f0a164f4857ee9b7	per_attempt_telemetry	0
.paper-artifacts/bioinformatics-canonical-hybrid-v2/regression/v2reg_hq10_ht01__repeat00/comparator-stderr.log	0	e3b0c44298fc1c149afbf4c8996fb92427ae41e4649b934ca495991b7852b855	supporting_raw_artifact	0
.paper-artifacts/bioinformatics-canonical-hybrid-v2/regression/v2reg_hq10_ht01__repeat00/comparator-stdout.log	913	fa8e5d0867a8e1dd0f846c48687d911c055d7effa5ffd0996b4d649d31840d68	supporting_raw_artifact	0
.paper-artifacts/bioinformatics-canonical-hybrid-v2/regression/v2reg_hq10_ht01__repeat00/comparison-details.tsv	16338	6ae18e52ac116fa336bcc1111d47f267324ef7f16e6612a4f929947eaf82fc69	comparison	0
.paper-artifacts/bioinformatics-canonical-hybrid-v2/regression/v2reg_hq10_ht01__repeat00/comparison.json	1324	7d766760db98f689b47dec3cb5e858db8507c1a00239105b60dfe39523d41e1c	comparison	0
.paper-artifacts/bioinformatics-canonical-hybrid-v2/regression/v2reg_hq10_ht01__repeat00/execution.json	2170	1313d374488ea7eb66b96a0bab90dc2c9d2d6d5b1881cbfe628a5c23033e3abc	supporting_raw_artifact	0
.paper-artifacts/bioinformatics-canonical-hybrid-v2/regression/v2reg_hq10_ht01__repeat00/gpu-memory.csv	283	765ec6223e1f9ed0fc991f7697e9c1c1b62f89b1cdfe4c50ec6d9ea1c041bcaa	supporting_raw_artifact	0
.paper-artifacts/bioinformatics-canonical-hybrid-v2/regression/v2reg_hq10_ht01__repeat00/inputs/authority-reference.tfosorted	4714	1e8606af37e4e8938505bcbd7f651b7bb98b5b84b9427ed5fad0d16c88da22ed	frozen_authority_copy	0
.paper-artifacts/bioinformatics-canonical-hybrid-v2/regression/v2reg_hq10_ht01__repeat00/inputs/query.fa	1996	97edb4ee3631b3b725198e39ffcc7d788a31aaa4a964069ff4d3d032ee073b5b	supporting_raw_artifact	0
.paper-artifacts/bioinformatics-canonical-hybrid-v2/regression/v2reg_hq10_ht01__repeat00/inputs/target.fa	2608	075b0bcbe0f5f232b030e44a25f27ac4cb05ad4ced6743bac8a0450286cbea43	supporting_raw_artifact	0
.paper-artifacts/bioinformatics-canonical-hybrid-v2/regression/v2reg_hq10_ht01__repeat00/output/GRCh38-ENST00000785836.1|ENSG00000178248.12|FAM230I|GENCODE v49|GRCh38-target-TFOsorted	4714	1e8606af37e4e8938505bcbd7f651b7bb98b5b84b9427ed5fad0d16c88da22ed	hybrid_output	0
.paper-artifacts/bioinformatics-canonical-hybrid-v2/regression/v2reg_hq10_ht01__repeat00/stderr.log	112482	1bd71063ed3bf6dc14146a72c95bf97ff5cfe4a85881ec8f4d0df7cffac6bab0	supporting_raw_artifact	0
.paper-artifacts/bioinformatics-canonical-hybrid-v2/regression/v2reg_hq10_ht01__repeat00/stdout.log	139	febb2cd1e64c5c05d90920eb135b73444a454d4b543172c33820a1ac27e67efc	supporting_raw_artifact	0
.paper-artifacts/bioinformatics-canonical-hybrid-v2/regression/v2reg_hq10_ht01__repeat00/telemetry-summary.json	2489	382bb9692a930565fdab8a154461c79b19f9ad1834e9fcdd4aab2462e4f48ff1	supporting_raw_artifact	0
.paper-artifacts/bioinformatics-canonical-hybrid-v2/regression/v2reg_hq10_ht01__repeat00/time.txt	1363	5512bb662af7957fec06da71ac918cdfc80dbad9bbcc6069fbe77070c9f924e7	supporting_raw_artifact	0
.paper-artifacts/bioinformatics-canonical-hybrid-v2/regression/v2reg_hq10_ht02__repeat00/artifact-manifest.sha256	88	538430986e84ee06c38b7b0fe3e51036678790de9e81d14d658f3d6f50bb5ed7	supporting_raw_artifact	0
.paper-artifacts/bioinformatics-canonical-hybrid-v2/regression/v2reg_hq10_ht02__repeat00/artifact-manifest.tsv	1516	358e45992f8cfc6dc4e0d7b20870db4143c8ff17d4aea54de74576282c67d321	supporting_raw_artifact	0
.paper-artifacts/bioinformatics-canonical-hybrid-v2/regression/v2reg_hq10_ht02__repeat00/attempt-complete.json	8227	be2debf61378a004010f53ac3fe7aa526b84e14b4272927b44922e75536a7199	attempt_receipt	0
.paper-artifacts/bioinformatics-canonical-hybrid-v2/regression/v2reg_hq10_ht02__repeat00/attempt-config.json	1912	bbcbf96a5d1f49bdb42b5a37d6e70e781d3dff43272eb6db1ef0aff01345de93	supporting_raw_artifact	0
.paper-artifacts/bioinformatics-canonical-hybrid-v2/regression/v2reg_hq10_ht02__repeat00/attempt-telemetry.tsv	340417	48458bbf7f75c0a7c893b0afa249029e3f6301a1e7387addb2b89423a366bb8e	per_attempt_telemetry	0
.paper-artifacts/bioinformatics-canonical-hybrid-v2/regression/v2reg_hq10_ht02__repeat00/comparator-stderr.log	0	e3b0c44298fc1c149afbf4c8996fb92427ae41e4649b934ca495991b7852b855	supporting_raw_artifact	0
.paper-artifacts/bioinformatics-canonical-hybrid-v2/regression/v2reg_hq10_ht02__repeat00/comparator-stdout.log	913	4d0962ef4c9e94f3c3e400f9674f88b4ec68b936b078e51a46293f9b31e5d5de	supporting_raw_artifact	0
.paper-artifacts/bioinformatics-canonical-hybrid-v2/regression/v2reg_hq10_ht02__repeat00/comparison-details.tsv	15108	a93274c6727e2d2de1a652b39e7872bb1bb5323053acae8db547f70a40169594	comparison	0
.paper-artifacts/bioinformatics-canonical-hybrid-v2/regression/v2reg_hq10_ht02__repeat00/comparison.json	1324	ff9d0fe336db53f478b7046cb0effd14f490fd7b376628140b1bea844578fb3a	comparison	0
.paper-artifacts/bioinformatics-canonical-hybrid-v2/regression/v2reg_hq10_ht02__repeat00/execution.json	2169	136104dc5f4a165c34c67ef16aa0d6b860a6c8f001d67efe0abfeccb450d8e5b	supporting_raw_artifact	0
.paper-artifacts/bioinformatics-canonical-hybrid-v2/regression/v2reg_hq10_ht02__repeat00/gpu-memory.csv	283	42ce266f600aad8a826454068fece0ddf8da63672185da05263a053995db6469	supporting_raw_artifact	0
.paper-artifacts/bioinformatics-canonical-hybrid-v2/regression/v2reg_hq10_ht02__repeat00/inputs/authority-reference.tfosorted	4580	c34ff3fbdb9d1a069397615e2ed695dd336eb2055ce389a8ccade83e3858cb88	frozen_authority_copy	0
.paper-artifacts/bioinformatics-canonical-hybrid-v2/regression/v2reg_hq10_ht02__repeat00/inputs/query.fa	1996	97edb4ee3631b3b725198e39ffcc7d788a31aaa4a964069ff4d3d032ee073b5b	supporting_raw_artifact	0
.paper-artifacts/bioinformatics-canonical-hybrid-v2/regression/v2reg_hq10_ht02__repeat00/inputs/target.fa	2608	15b67727bcbfe8138a9caa1f5100f822c8b021a6008878c65b361caa83fe224e	supporting_raw_artifact	0
.paper-artifacts/bioinformatics-canonical-hybrid-v2/regression/v2reg_hq10_ht02__repeat00/output/GRCh38-ENST00000785836.1|ENSG00000178248.12|FAM230I|GENCODE v49|GRCh38-target-TFOsorted	4580	c34ff3fbdb9d1a069397615e2ed695dd336eb2055ce389a8ccade83e3858cb88	hybrid_output	0
.paper-artifacts/bioinformatics-canonical-hybrid-v2/regression/v2reg_hq10_ht02__repeat00/stderr.log	112483	d317475ba93757630a5e398371d3568440b5fc8a1cdc9075b8c26df67a7e368d	supporting_raw_artifact	0
.paper-artifacts/bioinformatics-canonical-hybrid-v2/regression/v2reg_hq10_ht02__repeat00/stdout.log	139	453f6bcbc7d4c6059ecdb706266f45dceee6011106708fe760c835c61a3b7d6d	supporting_raw_artifact	0
.paper-artifacts/bioinformatics-canonical-hybrid-v2/regression/v2reg_hq10_ht02__repeat00/telemetry-summary.json	2489	1bf5a08cc827f89bb95ae1ac57c18afec7bdaddeec98ddd4bea96c0fe063dc06	supporting_raw_artifact	0
.paper-artifacts/bioinformatics-canonical-hybrid-v2/regression/v2reg_hq10_ht02__repeat00/time.txt	1363	37554339c7419caf53ab7f8c3bc6c68e261b1aeecd6de8aa7e3f5eb4c7588c16	supporting_raw_artifact	0
.paper-artifacts/bioinformatics-canonical-hybrid-v2/regression/v2reg_hq11_ht01__repeat00/artifact-manifest.sha256	88	02df360fcbd5446094135fd67841f42ecd07d0bdfb897e98367afec9f800dae9	supporting_raw_artifact	0
.paper-artifacts/bioinformatics-canonical-hybrid-v2/regression/v2reg_hq11_ht01__repeat00/artifact-manifest.tsv	1515	8eb860358195ba44f36ce42739e2d3f464c4de0d2b23f0f723dd391ddb29fa47	supporting_raw_artifact	0
.paper-artifacts/bioinformatics-canonical-hybrid-v2/regression/v2reg_hq11_ht01__repeat00/attempt-complete.json	7516	38594fb4d819d86d71f947ad616ff47c464a8de1e5501637d133d15234e5cc90	attempt_receipt	0
.paper-artifacts/bioinformatics-canonical-hybrid-v2/regression/v2reg_hq11_ht01__repeat00/attempt-config.json	1911	a2810f7cfcee9647e6a075ce5a962408b1cb956d6d5cdc5f21b8decfe9c920f5	supporting_raw_artifact	0
.paper-artifacts/bioinformatics-canonical-hybrid-v2/regression/v2reg_hq11_ht01__repeat00/attempt-telemetry.tsv	497409	c1d2ed74d9f08ce95c07beff8309bb80b6569732c6a1a556b6c38a9686aece56	per_attempt_telemetry	0
.paper-artifacts/bioinformatics-canonical-hybrid-v2/regression/v2reg_hq11_ht01__repeat00/comparator-stderr.log	0	e3b0c44298fc1c149afbf4c8996fb92427ae41e4649b934ca495991b7852b855	supporting_raw_artifact	0
.paper-artifacts/bioinformatics-canonical-hybrid-v2/regression/v2reg_hq11_ht01__repeat00/comparator-stdout.log	912	4a70549f04cabb178243378c6f9b4cfe2b4564debf8169714cd2fc6007573f8d	supporting_raw_artifact	0
.paper-artifacts/bioinformatics-canonical-hybrid-v2/regression/v2reg_hq11_ht01__repeat00/comparison-details.tsv	14526	02eccf54b52148ab1b135465ac43bd35ca0ec3aefcf5e2de86c1617509656ce2	comparison	0
.paper-artifacts/bioinformatics-canonical-hybrid-v2/regression/v2reg_hq11_ht01__repeat00/comparison.json	1323	904ad74b33517c7766984db4183ee7347e5a280a1f7693e64b0adac9201ded19	comparison	0
.paper-artifacts/bioinformatics-canonical-hybrid-v2/regression/v2reg_hq11_ht01__repeat00/execution.json	2171	dd25a3e8a2e36d86a1e96831f9a01ad95bf67fed4b29e246d4b7e7f7a336e6c4	supporting_raw_artifact	0
.paper-artifacts/bioinformatics-canonical-hybrid-v2/regression/v2reg_hq11_ht01__repeat00/gpu-memory.csv	424	398d9d782f04d4e370c797078424ffddcbae816ee4716739fea76d8fe8e65f9c	supporting_raw_artifact	0
.paper-artifacts/bioinformatics-canonical-hybrid-v2/regression/v2reg_hq11_ht01__repeat00/inputs/authority-reference.tfosorted	2427	d4795a651a2b7388af478b9d0c9357d8b38947dfe495131935a282129bbdbf11	frozen_authority_copy	0
.paper-artifacts/bioinformatics-canonical-hybrid-v2/regression/v2reg_hq11_ht01__repeat00/inputs/query.fa	2636	a29a008465ae05e377a26d30fbbca1f8f8a324706eec0b3535cac65089a131b9	supporting_raw_artifact	0
.paper-artifacts/bioinformatics-canonical-hybrid-v2/regression/v2reg_hq11_ht01__repeat00/inputs/target.fa	2608	075b0bcbe0f5f232b030e44a25f27ac4cb05ad4ced6743bac8a0450286cbea43	supporting_raw_artifact	0
.paper-artifacts/bioinformatics-canonical-hybrid-v2/regression/v2reg_hq11_ht01__repeat00/output/GRCh38-ENST00000667017.2|ENSG00000255857.9|PXN-AS1|GENCODE v49|GRCh38-target-TFOsorted	2427	d4795a651a2b7388af478b9d0c9357d8b38947dfe495131935a282129bbdbf11	hybrid_output	0
.paper-artifacts/bioinformatics-canonical-hybrid-v2/regression/v2reg_hq11_ht01__repeat00/stderr.log	112477	6ddd310d272e25824e07ad2d0584d2ca633c641fbc5db9ecf333aea08a5135f2	supporting_raw_artifact	0
.paper-artifacts/bioinformatics-canonical-hybrid-v2/regression/v2reg_hq11_ht01__repeat00/stdout.log	138	30a0e5947153852c0615a9d125337012b91a51059bffe82b6724dc1d43ef5605	supporting_raw_artifact	0
.paper-artifacts/bioinformatics-canonical-hybrid-v2/regression/v2reg_hq11_ht01__repeat00/telemetry-summary.json	1818	ad7080af8dd032bd9a89fbd92f05ea6f4d4438f84655e19c8a0cf6490b2ac7c4	supporting_raw_artifact	0
.paper-artifacts/bioinformatics-canonical-hybrid-v2/regression/v2reg_hq11_ht01__repeat00/time.txt	1363	6e2da9d3d2c363555c9b50cf77672dd4320a7f65ee2c3ca53db47615f3fb055c	supporting_raw_artifact	0
.paper-artifacts/bioinformatics-canonical-hybrid-v2/regression/v2reg_hq11_ht02__repeat00/artifact-manifest.sha256	88	964088b14c1be3653dde058be807f1163dffeb851bbb34e21b1420ec405d6033	supporting_raw_artifact	0
.paper-artifacts/bioinformatics-canonical-hybrid-v2/regression/v2reg_hq11_ht02__repeat00/artifact-manifest.tsv	1515	eff0c0fec489f11f403e70f8cbfc8dcefeb86ece581935fd4519a2837ba96fc4	supporting_raw_artifact	0
.paper-artifacts/bioinformatics-canonical-hybrid-v2/regression/v2reg_hq11_ht02__repeat00/attempt-complete.json	7940	831d8070467fd7a0a87be67f19e1139aa696c97fee3ebfe8cf764636ddb721c9	attempt_receipt	0
.paper-artifacts/bioinformatics-canonical-hybrid-v2/regression/v2reg_hq11_ht02__repeat00/attempt-config.json	1911	da51bb04927da179eae7662db34d8b9f36cab96b1ee228f07fb1e0b73d321c99	supporting_raw_artifact	0
.paper-artifacts/bioinformatics-canonical-hybrid-v2/regression/v2reg_hq11_ht02__repeat00/attempt-telemetry.tsv	440419	99f71e0093b2115e2b62255756eaef0ae472e3fc7e0b420b259a156f9fc482b2	per_attempt_telemetry	0
.paper-artifacts/bioinformatics-canonical-hybrid-v2/regression/v2reg_hq11_ht02__repeat00/comparator-stderr.log	0	e3b0c44298fc1c149afbf4c8996fb92427ae41e4649b934ca495991b7852b855	supporting_raw_artifact	0
.paper-artifacts/bioinformatics-canonical-hybrid-v2/regression/v2reg_hq11_ht02__repeat00/comparator-stdout.log	912	2ab54b183768bdb8c60117c8d7ee194dee5205154f5222a542ca8acea5e428a7	supporting_raw_artifact	0
.paper-artifacts/bioinformatics-canonical-hybrid-v2/regression/v2reg_hq11_ht02__repeat00/comparison-details.tsv	15092	e8934348096e33ef4ad223312483a22a4eb89286496deb50fe67b0f0cdb633a3	comparison	0
.paper-artifacts/bioinformatics-canonical-hybrid-v2/regression/v2reg_hq11_ht02__repeat00/comparison.json	1323	84d7434e894ef78c1ab22f380bdd0945d26030a3404afdc7b3ec416f7087e617	comparison	0
.paper-artifacts/bioinformatics-canonical-hybrid-v2/regression/v2reg_hq11_ht02__repeat00/execution.json	2169	0dc46201698d384f235754d07d5302badbc5536e88ebec998e83315044eab84c	supporting_raw_artifact	0
.paper-artifacts/bioinformatics-canonical-hybrid-v2/regression/v2reg_hq11_ht02__repeat00/gpu-memory.csv	423	3230b9d712d87ab5120f8104c3c1a29247612280b1955cc3fcbf894a94fce75c	supporting_raw_artifact	0
.paper-artifacts/bioinformatics-canonical-hybrid-v2/regression/v2reg_hq11_ht02__repeat00/inputs/authority-reference.tfosorted	3805	394fe813c2e10d9340165d371255a8a54bf493e3c9da90d57db4e99dfd72cd82	frozen_authority_copy	0
.paper-artifacts/bioinformatics-canonical-hybrid-v2/regression/v2reg_hq11_ht02__repeat00/inputs/query.fa	2636	a29a008465ae05e377a26d30fbbca1f8f8a324706eec0b3535cac65089a131b9	supporting_raw_artifact	0
.paper-artifacts/bioinformatics-canonical-hybrid-v2/regression/v2reg_hq11_ht02__repeat00/inputs/target.fa	2608	15b67727bcbfe8138a9caa1f5100f822c8b021a6008878c65b361caa83fe224e	supporting_raw_artifact	0
.paper-artifacts/bioinformatics-canonical-hybrid-v2/regression/v2reg_hq11_ht02__repeat00/output/GRCh38-ENST00000667017.2|ENSG00000255857.9|PXN-AS1|GENCODE v49|GRCh38-target-TFOsorted	3805	394fe813c2e10d9340165d371255a8a54bf493e3c9da90d57db4e99dfd72cd82	hybrid_output	0
.paper-artifacts/bioinformatics-canonical-hybrid-v2/regression/v2reg_hq11_ht02__repeat00/stderr.log	112484	0e3267119e8c80e86d043dff0db29ab578c88aa5c65b78e4561eb2b03a5da814	supporting_raw_artifact	0
.paper-artifacts/bioinformatics-canonical-hybrid-v2/regression/v2reg_hq11_ht02__repeat00/stdout.log	138	44ffff344195cd2d106ee78720370cc271678a5c3bd87d9aefb3cd15c210a452	supporting_raw_artifact	0
.paper-artifacts/bioinformatics-canonical-hybrid-v2/regression/v2reg_hq11_ht02__repeat00/telemetry-summary.json	2220	561131f7fd59df7362b2fe2c798bd13eb1e98d2239b74cf600bedb5fca6308ea	supporting_raw_artifact	0
.paper-artifacts/bioinformatics-canonical-hybrid-v2/regression/v2reg_hq11_ht02__repeat00/time.txt	1363	114e0760e8088ac77cd36bc614804f225c77bcb6651e77b3849e6fe27571c45f	supporting_raw_artifact	0
.paper-artifacts/bioinformatics-canonical-hybrid-v2/regression/v2reg_hq12_ht01__repeat00/artifact-manifest.sha256	88	df7bb800bf5b3e18899c5bdef543f9595d193eba95542467fffd5b06d2bd51a9	supporting_raw_artifact	0
.paper-artifacts/bioinformatics-canonical-hybrid-v2/regression/v2reg_hq12_ht01__repeat00/artifact-manifest.tsv	1523	44023a0e221be780ff70daa1acf068bc391fcfe2ecc4fad18cd1a339ecaee818	supporting_raw_artifact	0
.paper-artifacts/bioinformatics-canonical-hybrid-v2/regression/v2reg_hq12_ht01__repeat00/attempt-complete.json	7602	bc041a4ee7925d7fc9c82237eb47561dadad62b121757580bd12cda8db4124fe	attempt_receipt	0
.paper-artifacts/bioinformatics-canonical-hybrid-v2/regression/v2reg_hq12_ht01__repeat00/attempt-config.json	1919	e18b1dad78e228317919b1dc71d9c9afb0f6869ef3755fcf861dae28f89fa4ee	supporting_raw_artifact	0
.paper-artifacts/bioinformatics-canonical-hybrid-v2/regression/v2reg_hq12_ht01__repeat00/attempt-telemetry.tsv	374328	4bb896a9be54da821a9ddf5c86a6035b06599a6fd43c5c7fc8753e8e2c1a8f26	per_attempt_telemetry	0
.paper-artifacts/bioinformatics-canonical-hybrid-v2/regression/v2reg_hq12_ht01__repeat00/comparator-stderr.log	0	e3b0c44298fc1c149afbf4c8996fb92427ae41e4649b934ca495991b7852b855	supporting_raw_artifact	0
.paper-artifacts/bioinformatics-canonical-hybrid-v2/regression/v2reg_hq12_ht01__repeat00/comparator-stdout.log	920	c69a3f9a33930e19f8d4bdec0dff4b19a0538f9792aab9ca08ecd571210ee898	supporting_raw_artifact	0
.paper-artifacts/bioinformatics-canonical-hybrid-v2/regression/v2reg_hq12_ht01__repeat00/comparison-details.tsv	14752	2ab4fe4094231e3974da2e75895a1c3ea3219aa6b0207a154c0543f88225a0ad	comparison	0
.paper-artifacts/bioinformatics-canonical-hybrid-v2/regression/v2reg_hq12_ht01__repeat00/comparison.json	1331	6660a715ce8a0ce81fc1d587dceb4ece8ecc6ecd377a66dfe45f62dedc3ec1a8	comparison	0
.paper-artifacts/bioinformatics-canonical-hybrid-v2/regression/v2reg_hq12_ht01__repeat00/execution.json	2171	bd3c6c3b08069ddd02f503f3cf9a7dbb5dd442f3e1259df67dfd455cc2287ebb	supporting_raw_artifact	0
.paper-artifacts/bioinformatics-canonical-hybrid-v2/regression/v2reg_hq12_ht01__repeat00/gpu-memory.csv	423	073274eb15803877ab1e98b69a89c2a747dd3d3fdc5510591d502ab6e00263ed	supporting_raw_artifact	0
.paper-artifacts/bioinformatics-canonical-hybrid-v2/regression/v2reg_hq12_ht01__repeat00/inputs/authority-reference.tfosorted	2679	3ad5a88a77c825ab302324715448125a2655e6df2c83e86ae44a910219300bc7	frozen_authority_copy	0
.paper-artifacts/bioinformatics-canonical-hybrid-v2/regression/v2reg_hq12_ht01__repeat00/inputs/query.fa	1796	6ef792cbf32fb5ca064b9615f1f217cda72aeaf4d324620101ec54411ca9eb93	supporting_raw_artifact	0
.paper-artifacts/bioinformatics-canonical-hybrid-v2/regression/v2reg_hq12_ht01__repeat00/inputs/target.fa	2608	075b0bcbe0f5f232b030e44a25f27ac4cb05ad4ced6743bac8a0450286cbea43	supporting_raw_artifact	0
.paper-artifacts/bioinformatics-canonical-hybrid-v2/regression/v2reg_hq12_ht01__repeat00/output/GRCh38-ENST00000766729.1|ENSG00000299841.1|ENSG00000299841|GENCODE v49|GRCh38-target-TFOsorted	2679	3ad5a88a77c825ab302324715448125a2655e6df2c83e86ae44a910219300bc7	hybrid_output	0
.paper-artifacts/bioinformatics-canonical-hybrid-v2/regression/v2reg_hq12_ht01__repeat00/stderr.log	112483	cde365ee0613330181856f6764a1906f7f46acd29abee5a02c0ad6d4da9f4814	supporting_raw_artifact	0
.paper-artifacts/bioinformatics-canonical-hybrid-v2/regression/v2reg_hq12_ht01__repeat00/stdout.log	146	6689673b30f2fba7686973bb72935c520dce0d2cf5c20d62e0b8b32f72d461ca	supporting_raw_artifact	0
.paper-artifacts/bioinformatics-canonical-hybrid-v2/regression/v2reg_hq12_ht01__repeat00/telemetry-summary.json	1884	4c8ad12c7871fad9e38d8a06e86f7e02d0746707b3bccd040930a8b498c8ff96	supporting_raw_artifact	0
.paper-artifacts/bioinformatics-canonical-hybrid-v2/regression/v2reg_hq12_ht01__repeat00/time.txt	1363	f6f368ab19cf33187bd1cfc84990ff1c51ed478bd12c5d5d9de08e572139ef4f	supporting_raw_artifact	0
.paper-artifacts/bioinformatics-canonical-hybrid-v2/regression/v2reg_hq12_ht02__repeat00/artifact-manifest.sha256	88	8703ab51066aee59dc49f6d14366d989238a841cb14c89ad49da8f7c5c80e6d5	supporting_raw_artifact	0
.paper-artifacts/bioinformatics-canonical-hybrid-v2/regression/v2reg_hq12_ht02__repeat00/artifact-manifest.tsv	1523	df5ebb992aa9f888a9f2d403e8a3a6d40a161e13200c0390485dd2b4eeebca98	supporting_raw_artifact	0
.paper-artifacts/bioinformatics-canonical-hybrid-v2/regression/v2reg_hq12_ht02__repeat00/attempt-complete.json	8094	440971dfc8f5929085876e2da07da27cc0b798561f5a3458f7de55934f47f243	attempt_receipt	0
.paper-artifacts/bioinformatics-canonical-hybrid-v2/regression/v2reg_hq12_ht02__repeat00/attempt-config.json	1919	1c9232139bdca885ae53bbb4c633646d1e187462b5c0e5bb850194ed80f69a16	supporting_raw_artifact	0
.paper-artifacts/bioinformatics-canonical-hybrid-v2/regression/v2reg_hq12_ht02__repeat00/attempt-telemetry.tsv	357203	0412859163063ae7f8843eee06f8dbedeb62b2d028e5349c9128145e7f12ef28	per_attempt_telemetry	0
.paper-artifacts/bioinformatics-canonical-hybrid-v2/regression/v2reg_hq12_ht02__repeat00/comparator-stderr.log	0	e3b0c44298fc1c149afbf4c8996fb92427ae41e4649b934ca495991b7852b855	supporting_raw_artifact	0
.paper-artifacts/bioinformatics-canonical-hybrid-v2/regression/v2reg_hq12_ht02__repeat00/comparator-stdout.log	920	c2731082361ad9acc3c064c1d68fc31aec500f36502794e1dbe1f0c49881da8a	supporting_raw_artifact	0
.paper-artifacts/bioinformatics-canonical-hybrid-v2/regression/v2reg_hq12_ht02__repeat00/comparison-details.tsv	14374	844178604e6adae66d971d42aef3daea8d79569e1dc81b2776611642d716ec67	comparison	0
.paper-artifacts/bioinformatics-canonical-hybrid-v2/regression/v2reg_hq12_ht02__repeat00/comparison.json	1331	dacf4ad0a4834cb6d13d5761625753893bb2b083694468c91c24acab902829e6	comparison	0
.paper-artifacts/bioinformatics-canonical-hybrid-v2/regression/v2reg_hq12_ht02__repeat00/execution.json	2169	2cb97516304005bbdf7aee41ce32b599afce833c83c736eaffe511554d3c1c85	supporting_raw_artifact	0
.paper-artifacts/bioinformatics-canonical-hybrid-v2/regression/v2reg_hq12_ht02__repeat00/gpu-memory.csv	283	db34a75840f4ff9f6c0903ebf2634bcb3cb26cffb73443938457f763d3bd42cb	supporting_raw_artifact	0
.paper-artifacts/bioinformatics-canonical-hybrid-v2/regression/v2reg_hq12_ht02__repeat00/inputs/authority-reference.tfosorted	4031	06c59d4fbf1e802cfcf51d778dc18b1e438f1b1663ca6fa8f5105b2c3166c6cd	frozen_authority_copy	0
.paper-artifacts/bioinformatics-canonical-hybrid-v2/regression/v2reg_hq12_ht02__repeat00/inputs/query.fa	1796	6ef792cbf32fb5ca064b9615f1f217cda72aeaf4d324620101ec54411ca9eb93	supporting_raw_artifact	0
.paper-artifacts/bioinformatics-canonical-hybrid-v2/regression/v2reg_hq12_ht02__repeat00/inputs/target.fa	2608	15b67727bcbfe8138a9caa1f5100f822c8b021a6008878c65b361caa83fe224e	supporting_raw_artifact	0
.paper-artifacts/bioinformatics-canonical-hybrid-v2/regression/v2reg_hq12_ht02__repeat00/output/GRCh38-ENST00000766729.1|ENSG00000299841.1|ENSG00000299841|GENCODE v49|GRCh38-target-TFOsorted	4031	06c59d4fbf1e802cfcf51d778dc18b1e438f1b1663ca6fa8f5105b2c3166c6cd	hybrid_output	0
.paper-artifacts/bioinformatics-canonical-hybrid-v2/regression/v2reg_hq12_ht02__repeat00/stderr.log	112479	342dacbc0be05ea59c401f3fa21d0a0721e06973786319820ee16ccbfd847a7b	supporting_raw_artifact	0
.paper-artifacts/bioinformatics-canonical-hybrid-v2/regression/v2reg_hq12_ht02__repeat00/stdout.log	146	3848497c7f0668145f14aa23e96b79256e3de5909139ccaa63451859890b1c47	supporting_raw_artifact	0
.paper-artifacts/bioinformatics-canonical-hybrid-v2/regression/v2reg_hq12_ht02__repeat00/telemetry-summary.json	2350	d72a9ecec42b410839e3888f5f267011bab89f49dc169f52568527e045315894	supporting_raw_artifact	0
.paper-artifacts/bioinformatics-canonical-hybrid-v2/regression/v2reg_hq12_ht02__repeat00/time.txt	1363	a162c5f82a4c642b8dcb11b5515fa5677ac85457ae0af9b84726cf3335e9fa8f	supporting_raw_artifact	0
