replicate	E1	E2	E3	E4
1	0	0	0.0087245589201521735	0.10670671129777518
2	-7.3157747000007767e-05	0	0.027510430876151237	0.364786127983666
3	-5.5817471250235731e-05	0	0.015851240648941535	0.05262451312337648
4	0	0	0.011002798065150716	0.1867924486081754
5	-0.0001399005622423427	0	0.011888602029695194	0.11026260595997225
6	-5.1388056899831502e-05	0	0.0082270422736949733	0.10650063809511215
7	0	0	0.0073478687186536188	0.10730951417689609
8	-0.00012862316344222079	0	0.020945774072562241	0.10448400163841179
9	-2.204261488092385e-05	0	0.0093983125139773076	0.11040416035302685
10	0	0	0.023048819502842512	0.35834035571689993
11	-0.00011916062323443776	0	0.022215478920362942	0.14622679772413055
12	-2.0400032573836269e-05	0	0.024566765096254599	0.25661654144689849
13	-1.5293874467281475e-05	0	0.01841184910032035	0.19703866571196152
14	0	0	0.018318518385130801	0.27007171658339452
15	0	0	0.01831889293329942	0.2534885942107824
16	-0.00013547802321230983	0	0.022054790291909404	0.334247322767463
17	-0.00011048187253160923	0	0.016833100056752318	0.08788969029210103
18	-2.6029541992689252e-05	0	0.025271423003191573	0.18516503979110949
19	-0.00017834959417384333	0	0.024463451222671018	0.29294881108002563
20	-1.6846162450673276e-05	0	0.025043849454015988	0.12028543233604742
21	-5.3791826450577672e-05	0	0.027983863698995481	0.27125272395473787
22	-0.00011108110883736866	0	0.010054857808145504	0.039866595441794231
23	0	0	0.019610668330327447	0.17774112650045287
24	-6.8981571853077297e-05	0	0.028328223730033388	0.31759235490912596
25	-0.00011856977219938391	0	0.024379169633089247	0.24096713219034349
26	-3.4229234363025716e-07	0	0.010107924455495637	0.085064059857160035
27	-1.7812422676583006e-05	0	0.017196587767971224	0.10308531053987338
28	-8.6438809098199339e-07	0	0.018317644679227245	0.208599574924835
29	-8.5627499530716025e-05	0	0.013587326276007592	0.064751320229795878
30	0	0	0.019296327742466406	0.13379738042952843
31	-5.9417052206783835e-05	0	0.016015377163483779	0.16368459152275833
32	-0.00016213507173228891	0	0.016982802312306054	0.14136509362004449
33	0	0	0.016042490194875574	0.060640776495853088
34	-3.9751767250129078e-07	0	0.035742541042551777	0.46154534190638535
35	0	0	0.025945095203838621	0.16719570176068901
36	0	0	0.029899341537730873	0.376031265135018
37	0	0	0.029906056998827063	0.33266902930060216
38	0	0	0.017077724406893605	0.34766013839017218
39	-8.7170938090630481e-07	0	0.020434420301599143	0.24274028954000354
40	0	0	0.0044827550929557314	-0.0092986030540773042
41	0	0	0.014999796604321242	0.21046526677797103
42	0	0	0.014708237022207129	0.28884786370550569
43	-6.7750255430887305e-05	0	0.021988627291387793	0.34458333832985166
44	0	0	0.016367331141319094	0.14372658675457931
45	0	0	0.011971110241187683	0.21882198691469359
46	0	0	-0.0010938943174484046	0.014507562992681517
47	0	0	0.017817003176225442	0.032278923034110826
48	0	0	0.0081322941479175272	0.028753926646496741
49	0	0	0.030563413401014171	0.35469092257819101
50	-4.1388642796913452e-05	0	0.029866127010304333	0.2030516887728957
51	-0.00014000757816610144	0	0.024913803424552516	0.40487103371418909
52	-0.00011386217782956565	0	0.017093853777678497	0.063537381963307715
53	-7.8277377085778085e-05	0	0.034397551094025536	0.47220365275934162
54	-9.702912468294578e-05	0	0.02429598900840128	0.293054980352287
55	-0.00016454888037833459	0	0.029441599798640382	0.26289940250122346
56	-3.5662971930261464e-05	0	0.028133960495729676	0.43065118646348877
57	-4.6765183254432466e-05	0	0.025614433278624782	0.30662528657335347
58	-3.7366311828190833e-05	0	0.025065661981750326	-0.18808252827667324
59	-8.3207589277983768e-05	0	0.014455509333128247	0.16327565127375973
60	-8.9865422802837264e-05	0	0.019333872215597465	0.3216009458810774
61	-9.3462439984098872e-05	0	0.013672097599115326	0.040629824273346771
62	0	0	0.015809405498078088	0.23042048431678896
63	-0.00012849126761850239	0	0.027469586568753469	0.31210914253083033
64	-7.8267734137493772e-05	0	0.018517601132423019	0.10182168723165023
65	-4.8150805395330565e-05	0	0.02443075051856031	0.17600353334880509
66	0	0	0.013212607727121703	0.21912846567392216
67	-0.00016200413779161315	0	0.0099890641817756178	-0.093715020885906206
68	-5.2510703664560007e-05	0	0.020822984174059374	0.35379195641008643
69	-0.00017634037705913097	0	0.031018691786717179	0.48088089147281626
70	-2.8098093306483384e-05	0	0.022481823883393377	0.2888761176772775
71	-4.4098072578552248e-05	0	0.018331825361742951	0.21600298403927112
72	-8.5510167833152689e-05	0	0.026068830483540494	0.36483350559738315
73	-9.8922517188138046e-05	0	0.020082245922236685	0.12296896343532408
74	-1.6781895708706252e-05	0	0.013986304850299173	0.20367250872095255
75	-5.687247354927982e-05	0	0.019049618732553363	0.26113143523939197
76	0	0	0.018485635446138758	0.14824186134088668
77	-1.7048154281307236e-05	0	0.023678303366477034	0.068260620229017993
78	0	0	0.012140646804527287	0.071843166319827984
79	0	0	0.013090995911616646	0.073981796388031637
80	-6.9302981934160618e-05	0	0.01701455997706464	0.29441793452443277
81	-3.6562034743642391e-05	0	0.016158556708295611	0.089759103373591859
82	0	0	0.013148370700668984	0.26460653254326449
83	-5.3659941687106415e-05	0	0.021317104774290215	0.05779753258526521
84	0	0	0.022866774905931513	0.13665273495650423
85	-0.00010333754152981878	0	0.030453922022768486	0.28309477924432058
86	-4.3240105595687697e-05	0	0.017508327572483835	0.33163960419780603
87	-7.8251738174273111e-05	0	0.027587908230429427	0.25910324114466998
88	0	0	0.023452101293077194	0.12735213983972166
89	-0.00013967893334709824	0	0.018502561356096046	0.24995047322849068
90	-4.8134783833336803e-05	0	0.027260614229154278	0.24436380223061399
91	-5.5685454841708507e-05	0	0.029259514621122591	0.19173528967411854
92	-8.1541116594485705e-05	0	0.031855817219244874	0.31825202856173296
93	0	0	0.014269024050525669	0.24465346537660798
94	-4.9219510211773178e-05	0	0.020376550068899942	0.17972678728770788
95	-3.9925088376607798e-05	0	0.013203335829216626	0.10709491291654302
96	-3.3468904092667781e-05	0	0.0089610008350304391	0.039755851239010445
97	0	0	0.026604500813245412	0.21750621048078581
98	-0.00017712672197592872	0	0.021338081707845555	0.25563954993399635
99	-0.00010583354543821089	0	0.024134467408982861	0.36383689274399444
100	-0.00012781524585913083	0	0.0097055668831784216	0.16107651121113642
101	-0.00013380652712989273	0	0.025204002664984699	0.30979821683995706
102	-9.2757555024097774e-05	0	0.019447443481486831	0.26312417028296065
103	-5.409899294141485e-05	0	0.023646345057369053	0.30149121062242884
104	-1.0255634304290329e-06	0	0.015516352264330489	0.13666103252874401
105	0	0	0.015397146543899207	0.19291770345638135
106	-8.7678265968993421e-05	0	0.022450797340548171	0.25635227007591899
107	-1.6993215969957065e-05	0	0.018789302675888804	0.23923170337243863
108	-7.3149029310798364e-05	0	0.03403252586025346	0.33876746379501554
109	0	0	0.02293011396944656	0.095200717640370941
110	-1.1628716791031723e-05	0	0.015283113449767169	0.002499064969313518
111	-0.0001275171894127458	0	0.027137900679564529	0.32108280383250404
112	0	0	0.016480289141248196	0.23454404340697002
113	-4.0660906943151832e-05	0	0.019405759451426766	0.27232430036220667
114	-3.2084766486933927e-05	0	0.022929208236342594	0.19481686248494839
115	0	0	0.0111237766544651	0.26988882821995619
116	-0.00013801463078951247	0	0.028984091328375022	0.37919482076324817
117	0	0	0.014587064558735065	0.20636791764914211
118	-3.9302159813564554e-05	0	0.021007295295842193	0.12412302496702991
119	0	0	0.017212271893767429	0.29126427611979439
120	-6.0526854882525517e-05	0	0.019261643894962127	0.31333751526798448
121	-2.5406824516360783e-05	0	0.017553805050054924	0.34735739691997014
122	-2.2301073358899083e-05	0	0.028443851557927762	0.4757241206949856
123	0	0	0.0070597742955678831	0.079482609412468611
124	-8.3455222279274488e-05	0	0.010777742754398644	0.044034920167952435
125	-9.5606966830569237e-05	0	0.022869323843692675	0.20929558712101942
126	-3.827771342279629e-07	0	0.024468881416159313	0.25161424235598295
127	0	0	0.016402712755695423	-0.017105016232454397
128	-0.00012305710688421124	0	0.020353454136512173	0.31542718903937372
129	0	0	0.015485139465602538	0.10380555082303414
130	0	0	0.013389152599171039	0.13838434750512718
131	-4.1401853524955512e-05	0	0.025267304727051586	0.15381363080857724
132	-9.4475361509910311e-05	0	0.0080384589790489479	0.13197261469713079
133	-5.6917674946199703e-05	0	0.01773914762336596	0.1128462857968687
134	-3.4692562845661801e-05	0	0.026457750774051568	0.28794260259176341
135	0	0	0.0052732460310869894	0.084729685438370922
136	-2.9875013939906214e-05	0	0.019853226260380989	0.13993826983907628
137	0	0	0.014932955675579871	-0.046115539122669226
138	0	0	0.033532958283015217	0.37480422933807656
139	-0.00013939891386704483	0	0.021440490906155719	0.22787410281092219
140	-8.452914026241265e-05	0	0.017451653089406525	0.088927692476579001
141	-6.7136208442880593e-05	0	0.013648898590339877	0.25865327445559727
142	0	0	0.022276505474393356	0.22766833746593224
143	0	0	0.027123626252163368	0.25298684031897156
144	0	0	0.010771292818227826	0.097559367400415084
145	-0.00015008253949773674	0	0.028785344202193485	0.21572993483411293
146	0	0	0.019765453143133181	0.29105254727581981
147	0	0	0.023140990011522783	0.30743612103500217
148	-0.00010818909832325252	0	0.017820240640830952	-0.16675260392811961
149	0	0	0.018855364313722683	0.19359159602045981
150	-7.0399603169515881e-05	0	0.023878254354689189	0.064555063068364574
151	-2.3155303815694527e-05	0	0.012703694593768555	0.27274293467354505
152	0	0	0.02271657499453095	0.21203551556138148
153	-0.00011132754327383698	0	0.019413866236275314	0.27226495216233615
154	0	0	0.030560166673697087	0.31252854878777103
155	0	0	0.024145037631505946	0.32370222023717687
156	-1.5257184554279268e-05	0	0.019051586141375244	0.25938514736884127
157	0	0	0.02148873261856566	0.089764617487391007
158	-5.7938115573699658e-05	0	0.018935662578651126	0.25482606427212773
159	0	0	0.017480821301109069	0.11909182471631818
160	0	0	0.018466661300176917	0.1161990458356251
161	0	0	0.016827828782446742	0.18884065592938701
162	-8.0078557228163705e-05	0	0.029453421859867546	0.14269439101715728
163	-8.3807397321394866e-05	0	0.018669014748959052	0.21843884418104692
164	-6.8956871296957376e-05	0	0.010318896169990627	0.058338018769863866
165	0	0	0.0169855215639989	0.17615088686043148
166	-0.00011237774357585883	0	0.016008908423658968	0.19522447978631205
167	-0.00010341386944312525	0	0.034941675210824627	0.33927616851368164
168	0	0	0.020355647438801104	0.20035806937509029
169	-0.00010180205031509737	0	0.017167612886557059	0.39109357926920174
170	-6.8955563567046904e-05	0	0.034486127567670874	0.40431549638768216
171	0	0	0.021171726972270006	0.30637864235698564
172	0	0	0.011520425266823906	0.12639342999726061
173	-0.00011905886259408471	0	0.036320346991673517	0.53052707239222818
174	-8.0098163873226774e-05	0	0.027306991183673752	0.23897172954559731
175	0	0	0.027094916533467205	0.44473646846375753
176	-0.00013636569332005078	0	0.026536422919417702	0.2879044597665642
177	0	0	0.02635763729977424	0.37568841339990078
178	-6.2038426608901354e-05	0	0.017419522164341256	0.17702219864361224
179	-7.9997870194242754e-05	0	0.024911071964870867	0.33488796535433407
180	-0.00025948198624233811	0	0.030624956317212577	0.31028329638347241
181	0	0	0.012623292111394391	0.056728780170552752
182	0	0	0.019775670494039374	0.25719410163590595
183	-1.9328581715982728e-05	0	0.022838112785123928	0.2646819798985055
184	-7.1435179387022146e-05	0	0.025840309984311482	0.13455826324909737
185	-6.8625400164601394e-05	0	0.014839025726715176	0.14351507306090472
186	0	0	0.017919707125656038	0.38599524647627276
187	-9.9084212010214223e-07	0	0.010613099485961197	0.045515702819285561
188	0	0	0.02813212258296096	0.27831746858014672
189	-1.6115699953467288e-05	0	0.010947139264824126	-0.12522015929643165
190	-7.9213512475068135e-05	0	0.010161302151375312	0.11371539470774135
191	-0.00024703604978291158	0	0.027234324727546999	0.35537417134686083
192	-2.6878777259314869e-05	0	0.016503979088491369	0.22873852496366123
193	-0.00011267520672668674	0	0.015031636790456529	0.15096249695840033
194	0	0	0.018425666511082309	0.37787668697652976
195	-4.096134840264887e-05	0	0.019853901074489134	0.16126333235147561
196	-6.3908953231728291e-05	0	0.020380573356594569	0.31682758092164637
197	-0.000148892055141292	0	0.033737483753556986	0.38036260223540708
198	-7.7900700615113339e-05	0	0.036887142938845915	0.30212301691961396
199	-4.7108179173621642e-05	0	0.022335799730471513	0.16945977207754065
200	0	0	0.015097660510747504	0.30595905695638076
201	-4.1355009611643288e-05	0	0.024945557321404622	0.17096981045556162
202	-0.00013269628263159471	0	0.036826401055354771	0.38606010489303733
203	-2.1021727480979856e-05	0	0.0064666957188148216	0.10435893102731286
204	-5.1917423418196275e-05	0	0.014381637019327676	0.025279380744784575
205	0	0	0.027202129842367907	0.26099025898909456
206	-1.1486458953879896e-06	0	0.015554543601578024	0.25220424484308823
207	-0.00016741294029333774	0	0.018053246969052496	-0.0091912965508375681
208	-5.8411375104505671e-05	0	0.019104400425042335	0.09548148000576348
209	-6.4130899554526446e-05	0	0.0117690858411552	0.1000801965946648
210	-0.00023212674666341359	0	0.016646265604442257	0.18190190065297754
211	0	0	0.014211286456003997	0.24687890484568031
212	-1.8828071102700018e-05	0	0.029612062256593363	0.41737101178950037
213	-9.1788889445953978e-05	0	0.022669135279982391	0.27235590842232776
214	-3.2515518405962231e-05	0	0.020345789707073104	0.22754086084418593
215	-0.00012644847565027595	0	0.027832222010147411	0.34558799130302009
216	-7.0346752768785098e-05	0	0.018914732032631724	0.16020372474744876
217	-4.606477177245827e-05	0	0.014565556297326043	0.10682179863612558
218	0	0	0.0157344247670273	0.087103966373977784
219	-4.6026252431832784e-05	0	0.019620706529824325	-0.15954754653282119
220	0	0	0.0012767534520263524	-0.16530168317027746
221	-0.00010088292245213348	0	0.037270824035516389	0.25748150313095364
222	0	0	0.020767672690077173	0.14387717189801147
223	0	0	0.010671844804732914	0.18573683440408764
224	0	0	0.012279085005000917	0.24410805124975304
225	-9.3319486707743598e-05	0	0.033496995787548015	0.40376367356565002
226	-6.1511025033395009e-05	0	0.019464719066165832	0.1059530356608271
227	0	0	0.018817930354406768	0.11698448143422353
228	0	0	0.015949164797973862	0.28944179500598366
229	-7.1985768136301198e-05	0	0.022672077693010918	0.27434614112670175
230	-6.6420149902929321e-05	0	0.019704295810788478	0.12096664131022042
231	0	0	0.011077978556388424	0.23139985329626697
232	0	0	0.0042353606180188883	0.015885270883985857
233	0	0	0.020166306595665665	0.082083055893573315
234	0	0	0.015245491878942058	0.037670107520955218
235	-0.00011907325827856252	0	0.028051320908123546	0.32402295664317887
236	0	0	0.010957822666167887	0.047757999521405976
237	-2.3404737974999647e-05	0	0.013618292003517468	0.1600309433605735
238	-1.7993527249826612e-05	0	0.0077048513688433408	0.041727000392179026
239	-1.8032534734435669e-05	0	0.02035447295414269	0.30609283038989382
240	0	0	0.011841301207965249	0.037854612524195509
241	0	0	0.0033204839944779322	0.080095049666009985
242	-7.1169561480993734e-05	0	0.026622551952833879	0.073148012381307997
243	0	0	0.012714057135833281	0.28587379402396546
244	-3.4162577584562205e-05	0	0.024460268741392139	0.22803954669075396
245	-8.4472457088885514e-05	0	0.027898588920628707	0.24102338846230453
246	-0.0001499839608182174	0	0.036355503091265125	0.3914438378405426
247	-6.0886657685110812e-07	0	0.011808647309318007	0.037923138890747721
248	-4.7740584829236708e-05	0	0.016951368633480676	0.23098607057483087
249	-0.00016522835973088458	0	0.027072301408019639	0.36449273171600088
250	-7.1658403661195585e-05	0	0.01647494557299458	0.13048135687374862
251	0	0	0.022134035878850208	0.23906594246355209
252	0	0	0.016806857081458577	0.28387261297272687
253	0	0	0.01649939114094846	0.19555361990104425
254	-2.2692599357165832e-06	0	0.0070067922893849392	-0.046831609576998501
255	0	0	0.024343980311556379	0.2651731855451121
256	0	0	0.0095983002764998219	0.35695615341351072
257	-6.4447904889824992e-05	0	0.015223713423428367	0.072833997402921777
258	0	0	0.022831339616287062	0.073598864524294302
259	-0.0001712160335404167	0	0.032837404694781927	0.45537221147418983
260	-0.00019446568560747558	0	0.027197879347864017	0.46219302369936671
261	-7.4000829394760265e-05	0	0.018791737905707682	0.24977477644702181
262	0	0	0.016979677619400828	0.16108784236799889
263	-4.7042330119378971e-05	0	0.026841341024036004	0.29280099376502955
264	0	0	0.0077836948161090162	0.092231344983573951
265	0	0	0.029288867564039762	0.2858608818899257
266	-1.9628579973929304e-05	0	0.016908898893423278	0.068560316884187913
267	0	0	0.02203532705224431	0.2218922759398459
268	-4.0203921639136998e-05	0	0.025393047655434063	0.3792056608151021
269	-1.9912187965331896e-05	0	0.020495353647043701	0.046005741320311697
270	-3.4998353988238698e-05	0	0.018482170118537179	0.053605493972334405
271	0	0	0.018869368982897733	0.09499091413879282
272	0	0	0.01992442014528643	0.2357055379261348
273	-5.4621078968844496e-05	0	0.011086512825893818	-0.08552653515506943
274	-9.5973995504139434e-05	0	0.022825699281304773	0.24476647338598037
275	-0.00011847061479050291	0	0.013107011551491113	0.09396293463523106
276	-2.2460943636037899e-05	0	0.023364255570321714	0.12820770647782803
277	0	0	0.028406065040081752	0.18827229618707869
278	-0.00019037641472279264	0	0.035055722101028863	0.39975879507214196
279	-5.7812476501933886e-05	0	0.021344820111585495	0.1550994339620769
280	-3.3931841263001858e-05	0	0.02395045179419944	0.13358838125319356
281	-6.7244850812608892e-05	0	0.025293062716079052	0.34077387151194721
282	0	0	0.016368506150339534	0.36995311590785207
283	0	0	-0.0009319380813478217	-0.21279409042045291
284	-2.0679030938636211e-05	0	0.016399357433062804	0.07966777365188564
285	-3.3410784240961444e-05	0	0.019839474708067576	0.19957303014249783
286	-6.7862964342907389e-05	0	0.018263170978527431	0.17749161423822624
287	0	0	0.015955811432995282	-0.054651317571648136
288	0	0	0.02254443364019381	0.19369778466791093
289	-3.5893639292461365e-07	0	0.027094475137802342	0.34425752150439504
290	0	0	0.01101600562726918	0.098074306845992928
291	-4.1515968909056067e-05	0	0.02181009745444646	0.21256520759269262
292	-0.00014914575326573364	0	0.023975134309553857	0.11392171084547194
293	0	0	0.01407330185637474	0.14348487074438662
294	-7.5789042894836014e-05	0	0.015766907309673998	0.14616405837339438
295	-8.7425421577752577e-05	0	0.022673249963245778	0.20359792021346057
296	0	0	0.0047737272696590591	0.16731799259938124
297	0	0	0.021066704281571157	0.16415275795735446
298	0	0	0.0056490850091358734	0.10671406721885994
299	0	0	0.017619313227927091	0.24813845763258105
300	-1.4689566161851797e-05	0	0.018467877184578544	0.10844167427303955
301	0	0	0.0042739108847243967	0.11882078612952221
302	-6.2437687163785507e-05	0	0.024823290289976228	0.13013136370780826
303	-9.2115409439003096e-05	0	0.023421887455598072	0.27177643325968959
304	0	0	0.009660401711030716	0.041993510099973388
305	-1.8764206603644195e-05	0	0.017444240963942755	0.12684880792837014
306	-4.8367094177165225e-05	0	0.020727876301760415	0.11928791218029922
307	-2.6208111996278703e-05	0	0.024217649159921077	0.28841874441448212
308	-3.4209970407991787e-05	0	0.027582642848346293	0.25075896539881526
309	0	0	0.024716234470142942	0.26857918527505242
310	-0.00015105284078679171	0	0.033838420826064253	0.53130170959498213
311	-0.00012507837878349414	0	0.027674597936808522	0.29736145408605602
312	-0.00015802274666368022	0	0.028551911247713314	0.38149153592872981
313	0	0	0.01673050365644331	0.0067241912609620784
314	-7.3382205835070827e-05	0	0.014660869040331712	0.23448563820035292
315	-0.00010951067205683396	0	0.021031595834840169	0.24256733753984258
316	-7.1394626357768049e-05	0	0.020740604258217821	0.31952485100068401
317	0	0	0.014480527665416406	0.27244719711874005
318	0	0	0.014425539654869281	0.13412194684026107
319	0	0	0.016418396438077357	0.27934211038965168
320	0	0	0.01154638697552228	0.079652362466700738
321	-6.3225234919517262e-05	0	0.032946160934096226	0.378136319937246
322	-6.8325802985713666e-07	0	0.023484612336492038	0.15615893563975353
323	0	0	0.024389858285331807	0.38271538713931658
324	-3.7056455272957421e-05	0	0.014773819440004388	-0.22741609732199422
325	-9.9602866003972729e-05	0	0.030788671222712165	0.14974531404435715
326	-7.1750550355198503e-05	0	0.019370192349860559	0.23520276536175982
327	0	0	0.013130481641741923	-0.044393717717700287
328	-6.6088187968688095e-05	0	0.027941358185307751	0.31022365161738014
329	-0.0001295376134111459	0	0.022076533476668086	0.25866136613295249
330	-3.4909464948357227e-05	0	0.014098870523008783	0.19210449586288561
331	-3.3487291169576053e-05	0	0.021084488630583511	0.20293184201046607
332	0	0	0.0032141193375610248	-0.10513677819434834
333	-0.00014108590193271376	0	0.010486490574730323	0.21987941161150645
334	0	0	0.0036024233181693481	-0.017027925271366866
335	-0.00010910709687920739	0	0.022274384261138633	0.17290116668039421
336	-1.8683394316093561e-05	0	0.028399903135197569	0.33867305981529416
337	0	0	0.016450125931186763	0.22587995615870898
338	-0.00013950471607557523	0	0.024496106651461933	0.08562827632428742
339	-0.00015105517367241527	0	0.027022385574581399	0.18896445119065791
340	-8.9537212977508493e-05	0	0.022551771019764376	0.1963473682431835
341	-6.5707377319904054e-05	0	0.017899125422445622	0.041965978739782528
342	-8.6359548842074305e-05	0	0.023378240095844532	0.27337536276026364
343	0	0	0.017978369258205333	0.09379559146636314
344	0	0	0.020878721234494545	0.085992673754272594
345	-6.007918016803782e-07	0	0.023785820482927149	0.26755457573644731
346	0	0	0.01130494550624779	0.28097342115269336
347	0	0	0.028749863173455938	0.25406902433867534
348	0	0	0.016512655544532732	0.20661149144515586
349	-1.1779390795385592e-06	0	0.026402631399281246	0.18731099142376975
350	-1.8231173149058089e-05	0	0.019813467577466538	0.12259704145431241
351	0	0	0.025451348170207368	0.15140360139195883
352	-0.00011121635985718026	0	0.028936819045555472	-0.0094663830399079885
353	-8.1334614857320187e-05	0	0.021313003810839504	0.025835767456836772
354	-8.0732941027872323e-05	0	0.025343320227281391	0.37345201546317364
355	-0.0001480953363259957	0	0.029142302609752719	0.38750585357712536
356	0	0	0.028721986377327584	0.41713950279516876
357	0	0	0.024297844303788639	0.13788401378870696
358	-5.0091835031018665e-07	0	0.026049007755633791	0.17753031232998975
359	-0.00011283508979906821	0	0.023195972742983319	0.40149345975895112
360	-4.6138585035659929e-05	0	0.025584828369140035	0.3776033608217666
361	-7.2841723033451039e-05	0	0.026436064440369157	0.28703038227176003
362	-4.4938324129967233e-05	0	0.024728877138501252	0.19696486489603307
363	0	0	0.013632183742691326	0.11686386063093437
364	0	0	0.029285574967860967	0.46408566931435785
365	-0.00012628381315225591	0	0.029106720696313038	0.11260068548135091
366	0	0	0.01897545465962041	0.048373654981777418
367	-0.00012186850883355027	0	0.023898340336698021	0.18361696520517365
368	-8.0814221396463543e-05	0	0.021753906340990069	0.16033865008785164
369	-7.3736525199180614e-05	0	0.017096876461034752	0.19686256536859909
370	0	0	0.013441782163813471	0.11142457955394665
371	-2.0361886192643563e-05	0	0.022754435334242557	0.19791497696125784
372	-5.8562137774664789e-07	0	0.020622691546038179	-0.15872442499526768
373	-0.00039155624525174794	0	0.02781794674289036	0.16757359971758429
374	-0.00011936127708651046	0	0.02749879610560229	0.21131797999543606
375	-0.00014801792681638505	0	0.020182764696629656	0.12609539288933683
376	-4.638263616508209e-05	0	0.027266013057941962	0.32844896364758658
377	-0.00015701332907277487	0	0.019823877931650379	0.26844386411179377
378	0	0	0.011424076757587404	0.060300684070812759
379	0	0	0.012521318543677856	0.17599176052535298
380	-4.3941721925477852e-05	0	0.026208107684290653	0.013932654318698084
381	-4.4003690590999065e-05	0	0.016818210224526169	0.17783498912673973
382	-2.5129049346706012e-05	0	0.020574407399205012	0.2418508963325201
383	-2.7798958755598235e-05	0	0.018077386839323591	0.063315099221352381
384	-1.5532413127328225e-05	0	0.023231813464987254	0.18034496512443629
385	0	0	0.0091174416023834075	0.097822046841256671
386	0	0	0.013761937187560552	0.13859658634026981
387	-9.2447410819668233e-05	0	0.023429118506966919	0.39233074257172218
388	-0.00011528259830106968	0	0.02939440988468911	0.17521972313712247
389	-4.5267493539974391e-05	0	0.013543011905094238	-0.010939850149714403
390	-0.00011134570169737956	0	0.016673331245896105	0.18605842387014851
391	-9.2329331839358092e-05	0	0.023349410757655065	0.2842215901944124
392	0	0	0.014400531212777901	0.14934209480167229
393	0	0	0.0088581386223619187	0.10289648790303749
394	0	0	0.0086243685804258813	0.018475842524298753
395	0	0	0.025806340760005386	0.26372287021169627
396	-2.2409162828596064e-05	0	0.021771715836884871	0.29996999625311305
397	-7.2462002196227451e-05	0	0.018797900877717391	0.25435066601088246
398	-1.8880783487512653e-05	0	0.025059696812474101	0.26749576008951104
399	0	0	0.018400540424364918	0.22301993299767151
400	-1.439727114552758e-05	0	0.02168997553337252	0.25015727037224061
401	-2.3427378223511709e-05	0	0.016234443831796799	0.11882585314963441
402	-9.7603953701955184e-05	0	0.01721539804590945	0.10425520792816631
403	-5.0666658492304337e-05	0	0.0088681527788011579	0.0003991480330464814
404	-5.7505347104852557e-05	0	0.019877975798552446	0.020374277894262337
405	0	0	0.016126041134873228	0.15994896888719995
406	-5.7924159934097388e-05	0	0.021219044571230326	0.33652776883006491
407	-0.00014892476058392946	0	0.030261560762569972	0.40634494444350261
408	-4.2641586168462585e-05	0	0.029698926303879981	0.27207142325524625
409	-6.7810009102320382e-05	0	0.029811200715131804	0.32456506493379117
410	0	0	0.01371478882457502	0.048284811548191295
411	-0.00018484941893084916	0	0.033069043883393635	0.27609706668841205
412	-5.1318953449985826e-05	0	0.030275282581382422	0.28936725234968835
413	0	0	0.018312729304984992	0.18776150102213723
414	-3.4209663388778952e-05	0	0.014293001720072949	0.067412031265143751
415	-0.00021314552103364747	0	0.021827543387229413	0.14674649213500468
416	-0.0001843804713371311	0	0.028889307158226872	0.25132483266461147
417	-0.00014160577392439145	0	0.025151170689832324	0.31571225951409576
418	-6.4395096850708439e-05	0	0.01056192144339033	0.054405143943180148
419	-8.6995492881924988e-05	0	0.014254224983267194	0.14383121171076746
420	-5.3461896101969499e-05	0	0.018998419340882949	0.19181656295664568
421	0	0	0.022845443257996281	0.025583283383220145
422	0	0	0.019609120664862909	0.086450841540308215
423	-3.5096481778507108e-05	0	0.032811376348037956	0.32914904531996569
424	-0.00019259940542964982	0	0.032245946185837808	0.20872469617343453
425	-0.00021180651199069754	0	0.035813220303040336	0.39736256963529393
426	-0.00016175018137541409	0	0.016925164888641368	-0.018956623570930399
427	-0.00012766101559181232	0	0.027622545262526325	0.21843799474091652
428	-9.1189059245741502e-05	0	0.026385038553765273	0.17153699774555381
429	-4.2136551914212504e-05	0	0.030575723271667642	0.35032843768294608
430	-3.1424113529210375e-05	0	0.0119170239278004	0.023466009472396677
431	0	0	0.0287971818883671	0.39959626569813234
432	0	0	0.015387074869968525	0.20296100184569826
433	-0.00010612973905968215	0	0.027296637689974469	0.1423135988500876
434	-9.1529111929355972e-05	0	0.030578339477088934	0.27777535672269582
435	-8.8304310861800345e-05	0	0.0079429824896284258	-0.21941051087925167
436	-0.0001348468461569552	0	0.030077009319034991	0.22540235263796146
437	-9.2200249456825251e-05	0	0.02523634526844435	0.30079457232292989
438	-0.00021206000195968521	0	0.011967814196465362	-0.046239925837451595
439	-7.2204136973619271e-05	0	0.012789973443112609	0.27919268167215938
440	-5.5252327858607009e-05	0	0.021932388557268083	0.24514093520666136
441	0	0	0.011192467284687072	0.11482650610762857
442	0	0	0.01989558717411876	0.13865117395994792
443	-1.8497020428331901e-05	0	0.01874374558479442	0.29080207554850568
444	0	0	0.021451192304011827	0.3843945006873099
445	-2.5939731977731029e-05	0	0.030207626868374238	0.33303581883102928
446	-6.5160845061029704e-05	0	0.032702924845647088	0.42997256648511362
447	0	0	0.018940055431934468	0.33167533677308653
448	-4.6576776844275971e-07	0	0.024306574372112869	0.20482600231504441
449	0	0	0.023352817785854178	0.1343740232002065
450	-7.0536065352455601e-07	0	0.027139329921253612	0.35215668536462214
451	0	0	0.021771195164235046	0.29270116214969305
452	0	0	0.01646808275025163	0.10862938400021409
453	0	0	0.029514249907255551	0.28149481483034078
454	-2.4772013825402617e-05	0	0.018755393919405311	0.35240441851803406
455	-4.7089366593056071e-05	0	0.014036409792560368	0.33153683115718668
456	0	0	0.020547386704384232	0.2786078119360868
457	-0.00018693873840815167	0	0.02581644770248261	0.33048688342947175
458	-0.00015922540337077741	0	0.026024392226223624	0.1924609671176202
459	0	0	0.025950783331106331	0.2973385125325298
460	-4.5739122194915492e-05	0	0.022977345092187136	0.26076747666600464
461	0	0	0.0079785688432644948	0.056281103003570698
462	0	0	0.019067197320805081	0.30270165169905316
463	-3.8355022727970535e-05	0	0.020989645128186813	0.23949207893932933
464	-9.0108914707015547e-05	0	0.027833382505700766	0.23009030820609172
465	-4.293534894333484e-05	0	0.027188896445103972	0.32408770394648068
466	-7.173804740512324e-05	0	0.023387637293564419	0.18402905408447059
467	-4.3516870554163867e-05	0	0.019910815720256592	-0.013749365101487877
468	-3.2951683932413989e-05	0	0.015839224782422282	0.062467826023736059
469	0	0	0.016521002216115303	0.2014951579037505
470	-9.4395780438533142e-05	0	0.029863883045320411	0.41977740437031041
471	-6.3899031573608209e-05	0	0.010277544830039495	-0.08030753637963095
472	0	0	0.014774050857468118	0.19211074480425469
473	0	0	0.020111097538177282	0.28230496848879377
474	-4.3076616482995436e-05	0	0.015319590370297297	0.24248192555523032
475	-0.00010755841451034475	0	0.024937774612212797	0.10035155124955208
476	-9.8115651219965463e-05	0	0.0206065807020522	0.20585685428513889
477	-1.8675294396747201e-05	0	0.019017817845728643	0.0387342011628065
478	0	0	0.016793285502985172	0.091121037737344451
479	0	0	0.018766233341972458	0.089072630027945188
480	-5.5077160176730808e-05	0	0.019446903047006851	0.20175150440949383
481	0	0	0.025314614423035862	0.25144607092879989
482	0	0	0.019381755471678218	0.12856112556474397
483	-7.4432378784056172e-05	0	0.027344105927296691	0.21351839368724379
484	-4.4024124350916517e-05	0	0.016088677654589163	0.27134748163269168
485	-4.4112286981573543e-05	0	0.026654234430123026	0.38252289101649906
486	-6.88488844111601e-05	0	0.018986541385640522	0.15515170327344366
487	-3.2914157211527681e-05	0	0.020460093965122765	0.26713985638996118
488	-0.00017481700497238851	0	0.014165784028372309	0.049176220248332389
489	-0.00024398535571941161	0	0.022803419901325055	0.15725443254198496
490	-3.2876046802390869e-05	0	0.016338050857095224	0.095271664613112761
491	-6.3362910383318868e-05	0	0.02101494561243258	0.18033295178183253
492	-4.9749077388006045e-05	0	0.01367799646564077	0.17611716145067566
493	-5.6487261317356151e-05	0	0.016374312891405864	0.20673546537425791
494	-3.2682565177882816e-05	0	0.020884301412034553	0.073302972844140959
495	0	0	0.016143709472568202	0.28389945032137981
496	-6.0398499807109986e-05	0	0.014647711081044965	0.10814960675429863
497	-6.0939382756458602e-05	0	0.020992646062450805	0.092838233681528465
498	0	0	0.019674685418706352	0.23388241972764495
499	-0.00022299755661254751	0	0.021632466356538364	0.097883868947055169
500	-0.00017887749821265397	0	0.024781355699032614	0.050923772536957693
501	0	0	0.030761054376887531	0.37604100584937961
502	-0.00010124133969304782	0	0.016576702156561835	0.24439648350518506
503	0	0	0.02475958823864324	0.3678678492423379
504	-0.00010445954179896244	0	0.020754449502518816	0.19116787415784242
505	0	0	0.020594376172143627	0.23865120478585475
506	0	0	0.016777728963769008	0.11857323091283445
507	-1.922550789303923e-05	0	0.020503713075663562	0.28412773557879045
508	-3.6233554964776313e-05	0	0.022989339693542589	0.22530251816072694
509	-4.0577776294786762e-05	0	0.021247661715946598	0.22229848217295772
510	-0.00017394222113338575	0	0.027285036732541252	0.30506957016064529
511	-3.0422405199720393e-05	0	0.024025503190623253	0.29276969016036442
512	0	0	0.010033146562085057	0.16893223061538315
513	0	0	0.01091176404410454	0.10942072360394631
514	0	0	0.018533239884321873	0.25620798867958872
515	0	0	0.021760155698499775	0.23729864104106441
516	0	0	0.024831493324522023	0.31128392760637352
517	-0.00015475907920833588	0	0.019123034677763898	0.25546589989056995
518	-0.00015331632631530591	0	0.033084557148662506	0.31902170042772932
519	-9.4965370335714511e-05	0	0.023232920955332147	0.32046043740960495
520	-0.00020730843380978859	0	0.026001400260532825	0.24014112398354553
521	-2.7606115069089832e-05	0	0.029369823033498645	0.22173639772538198
522	-2.7670647149047323e-05	0	0.02667139244236464	0.15136458322186616
523	-0.00024316650925478299	0	0.019846060763427122	0.16529665351650477
524	-4.2622754095134054e-05	0	0.01726084928757577	-0.015189773850999528
525	-2.4921276985770401e-05	0	0.013583340430409851	-0.12947671725790216
526	0	0	0.033440162642405027	0.28486571890356099
527	0	0	0.018942722628738935	0.30524429342240433
528	-0.00023363333019648657	0	0.028809956556576331	0.38123946310536111
529	-0.00013635592476287094	0	0.02899401189245146	0.3614904926637198
530	0	0	0.017912570913812789	0.0048137325640630431
531	-7.0489087094838254e-05	0	0.030001684097562726	0.3699703761210531
532	0	0	0.021301166708272992	0.33256127965699994
533	0	0	0.015314355538848568	0.080550819265098147
534	-3.004065664742317e-05	0	0.02023883571852552	0.37084431852099414
535	0	0	0.013894862855802433	0.21185120421763171
536	-1.6437090012155765e-05	0	0.023363544982888718	0.14615876940790032
537	0	0	0.019265415565725384	0.34089165375112468
538	0	0	0.01818945626697497	0.15651385493368414
539	0	0	0.009304397639033157	0.00063561352781781879
540	-1.7069560533516936e-05	0	0.020619204469413139	0.15208956924844924
541	-3.3688213493254791e-07	0	0.020704136414972811	0.33319686246972985
542	-8.1702815475842572e-05	0	0.026947907546201445	0.43244680321283768
543	-5.16517453005072e-05	0	0.011740105476585707	0.22213116071501876
544	0	0	0.011081049901094819	0.30649369926745862
545	-8.9387346117336672e-05	0	0.037063672313525427	0.46811711637524889
546	-0.00022632442075466442	0	0.020144059475744387	0.20579650862108712
547	0	0	0.010872014244903005	0.084197398144711139
548	0	0	0.024484187227870179	0.24309793749189232
549	0	0	0.032357216503713031	0.29352278307223995
550	0	0	0.026579215746151175	0.47702423686890078
551	-0.000344935954992151	0	0.027767338403615262	0.22613661726102396
552	0	0	0.02010951776685118	0.17318067181466307
553	-5.7143687529581652e-05	0	0.021998103345127314	0.35722504465903182
554	-1.8767028830307674e-05	0	0.028250916750645533	0.3284530305901176
555	0	0	0.014755293347513515	0.1227458684375772
556	-2.5427443183789753e-07	0	0.027134037517976418	0.244330159925395
557	-5.0130052015434633e-05	0	0.017838104579186779	0.213872930497504
558	0	0	0.0053206166859470719	-0.15056587550772865
559	0	0	0.023990638582370608	0.31261973319557596
560	-7.3009822819702921e-05	0	0.025213040252759354	0.27434030329981524
561	-0.00018370322860436494	0	0.016575782935533547	0.26911956289357791
562	-4.6649851321767245e-05	0	0.017947527622266455	0.1595785770505542
563	-0.00011327177938822431	0	0.027307885244190765	0.34479424682707449
564	-5.5200674849514852e-05	0	0.01847349830880821	0.25514213358580834
565	-3.3972561348422084e-05	0	0.015799449847081697	0.022103956793327821
566	0	0	0.016349451137042215	0.28962152512002715
567	-4.255647352198744e-05	0	0.018109509699776104	0.3168099934549356
568	-5.773043648903409e-05	0	0.017794717937979772	0.2128744441737806
569	-0.00015684594283948416	0	0.028617283493599689	0.1922407446789583
570	0	0	0.0077732219854183601	0.062833084225718025
571	-0.00013387905576976445	0	0.017029457551743947	0.23240969275324783
572	-3.6941209141477802e-05	0	0.0084769449126694853	-0.047928117493835548
573	0	0	0.022088375282040704	0.19932855945793931
574	-0.00018187249855338149	0	0.025074471341475824	0.3527528546745709
575	0	0	0.016666609311366307	0.3776072732305677
576	-2.5374982731141136e-07	0	0.027321753598655508	0.32404183298931788
577	0	0	0.012918054877135172	0.21088911817579387
578	0	0	0.01035693342286432	0.059951155658614065
579	-0.00012634261706953031	0	0.015495683447917913	0.25611049517699885
580	-0.00015759740859992434	0	0.028646577372655822	0.39231537265315558
581	0	0	0.022878555120839628	0.18295308444482553
582	0	0	0.017010232694455979	0.14769629977471524
583	-4.1283659453367203e-05	0	0.027859925831073225	0.26194032978939885
584	0	0	0.02510156136854268	0.099629189531838386
585	-0.00014850575697685774	0	0.018334604103770281	-0.024973350775878884
586	0	0	0.015204796126904252	0.12933129863576251
587	0	0	0.0086142387100803693	0.21887697463148026
588	0	0	0.01713582064044793	0.011607325482184305
589	-6.6977587231553673e-05	0	0.01227445109171533	0.161244040302089
590	0	0	0.0072182791149012025	0.088177544812356512
591	-2.6629096711522361e-05	0	0.03268082597395261	0.41530462753996061
592	-0.00022305235933635647	0	0.01739082243802904	-0.00094308547538367597
593	-1.978400839988126e-05	0	0.0086274947377280864	0.19884582421774594
594	-0.0001117594641277364	0	0.034507077774119363	0.25727773922900554
595	-5.2986836145696434e-05	0	0.020137419848684685	0.15411552827170155
596	-0.0001559630927906952	0	0.019755347710157529	0.13913916694520248
597	0	0	0.0057053910507073894	0.10952665015099945
598	-0.00012532270528451683	0	0.026613712675107322	0.32466782604191141
599	0	0	0.008674932866298269	0.20618582572911456
600	-2.6805050061498582e-05	0	0.0082510543411532071	-0.2140117724201594
601	-3.9187545045515912e-05	0	0.017144271724218549	0.27167669754980595
602	-7.075369772049922e-05	0	0.020733766187670862	0.11982211867708151
603	-2.5361740842078097e-05	0	0.013451113189354543	0.28481619049975626
604	-7.5814463377688043e-05	0	0.033731390897671278	0.44931535559221292
605	0	0	0.019389899875275333	0.12011663551354809
606	-0.00012185765646197943	0	0.017328017531697049	0.047634703407298654
607	0	0	0.018388863448125358	0.11987016757653049
608	-7.0631249962482823e-05	0	0.018228674847095845	0.13116872434186511
609	0	0	0.018166167164558385	0.38628684309944805
610	-0.00016336652382229478	0	0.022796797025649105	0.41037788550718962
611	0	0	0.020332696121551707	0.27550883221641748
612	0	0	0.020234934068401565	0.27101810993814968
613	-6.5326026497747319e-05	0	0.030470896402367997	0.35641022375359382
614	-5.7152218989220405e-05	0	0.017928301603760941	0.12377487957171514
615	-1.3510720513199015e-05	0	0.019861904307711307	0.075693445572196899
616	-0.00011837737562452876	0	0.024774343221306151	0.092591468778845082
617	-3.9933419087107017e-05	0	0.012957849388429624	0.31090281844104373
618	0	0	0.010544883110886454	0.10630367532604497
619	-1.5601722698493913e-05	0	0.015943611887534133	0.037225416987179516
620	-1.8210615456010215e-05	0	0.016111153686232872	0.16582774795425873
621	-3.7436943211360821e-05	0	0.023412531451612852	0.29352150450739051
622	0	0	0.016511146751056832	0.18800287392557319
623	-3.3370910851437949e-05	0	0.036553764028075184	0.32291817672808709
624	-1.8970946056623418e-05	0	0.021788932942879355	0.15262464362966094
625	-2.2234052050046359e-05	0	0.019518548057570237	0.25507723706028351
626	0	0	0.016429416353883543	0.13358792937544334
627	0	0	0.023391546699198375	0.38079712093437257
628	0	0	0.020409862109398699	0.16051356926862287
629	0	0	0.034011112780403321	0.32248262296062341
630	0	0	0.0099538373769425086	0.10093273611191392
631	-5.9811558837058464e-05	0	0.027577192178673916	0.2725507031228141
632	0	0	0.026036266767425369	0.34972621030550988
633	-3.4095710043377526e-05	0	0.019647005218773987	0.034227335970515756
634	-0.00012331504320203245	0	0.018016496717922863	0.24892068591972896
635	-2.6924548896523073e-07	0	0.027249067886616029	0.23931466947406355
636	-2.2063988527298851e-05	0	0.021780781531199854	0.1898524867817501
637	0	0	0.025825444559124479	0.35263407581421846
638	-8.5369964595294336e-07	0	0.025711124113221118	0.18233303923556438
639	0	0	0.023713408150703771	0.29050563539279795
640	-4.7941038600002318e-05	0	0.02588198791641242	0.21393140166301863
641	-9.0056749689604307e-05	0	0.0098343071100477041	0.1382359612738146
642	-7.1133716539190095e-05	0	0.015117598736961438	0.024332984169890798
643	-0.00010583713344473611	0	0.019159415773984698	0.26678925275110482
644	-4.1862793860164563e-05	0	0.014274211578341517	0.16985609148623396
645	-5.7435956022267029e-05	0	0.026116059600235209	0.14342015271101957
646	-5.4064889878868702e-05	0	0.027128728708064959	0.37332923244690747
647	-5.3927681865278962e-05	0	0.015324533563604881	0.2705233276696607
648	-0.00012506925210500341	0	0.020900642990778838	0.26843030316486044
649	0	0	0.02067627768644649	0.31925580761931049
650	-0.00016045879731689804	0	0.019016246839796656	0.18922721854271046
651	0	0	0.012554535114147471	0.30598420104722723
652	0	0	0.016171344833474793	-0.057861659109704797
653	0	0	0.030992469031893309	0.20294212796682021
654	0	0	0.026794996016386408	0.23849236986112327
655	-0.00010098549811614066	0	0.022609287277988464	-0.060884477453403377
656	-0.0001181603230420436	0	0.030358214769590421	0.35699210413617577
657	-0.00019137332611955936	0	0.020788505014496736	0.29317084616659661
658	-5.1669822936156742e-05	0	0.023926038502093488	0.27299894141624381
659	-0.00015934942866358825	0	0.015219638883217515	0.06843393339335882
660	-7.0088913640131702e-07	0	0.010329948739727235	0.039871622679492721
661	-0.00019531276359623372	0	0.013658385357083103	0.15618345317305643
662	-0.00014082464568194176	0	0.033107648066523949	0.39357931852458722
663	0	0	0.01013081535582333	0.098881679926057203
664	-5.1734620679089183e-07	0	0.021302398007865701	0.2244096125400242
665	0	0	0.0092867528197269934	0.12346980107461265
666	-9.1099023702295717e-05	0	0.017388230060558101	0.1152006440641932
667	0	0	0.0070875563470519324	0.049845920608023286
668	-1.4170868399654423e-05	0	0.014803291242401432	0.22274051070570619
669	-3.6645768934928655e-05	0	0.022956961939295219	0.074159075652510134
670	-6.2409817033626252e-05	0	0.012130348718958189	0.063586696519562086
671	0	0	0.026868453025100124	0.34990756335552431
672	0	0	0.010798254343683306	0.17287575636875735
673	-3.4417577759776605e-05	0	0.012938408022732292	0.079459808275048019
674	-3.3274245206116324e-05	0	0.01771814697162951	0.12195661435480414
675	0	0	0.033273379646010459	0.26664709195961234
676	-0.00013470215969067778	0	0.021450124667885914	0.23194925480197109
677	-3.8024035494199635e-05	0	0.024583220921818093	0.147830491380194
678	-4.4321408674996565e-05	0	0.029680927839570902	0.323327035861039
679	-4.7584772079189987e-05	0	0.0096701012342391389	-0.021628155958444483
680	0	0	0.021935426753857377	0.26403812251972314
681	0	0	0.015452196907390262	0.13271238653508013
682	-6.5045901688365329e-05	0	0.0096021987707842656	0.037399535304802445
683	0	0	0.013932481991895413	0.20612675894555829
684	-5.8158823888984632e-05	0	0.024400779156479861	0.1822053800770489
685	0	0	0.015137968496181528	0.11395905287172266
686	0	0	0.0068521360521132755	0.17697460870913384
687	0	0	0.020194776490453783	0.25471929101388857
688	0	0	0.014903135387254653	-0.080100935468147422
689	-5.128260388104211e-05	0	0.019181150047316981	0.15757704216232921
690	0	0	0.010895032771278689	0.078692910424780216
691	-8.7402426376731462e-05	0	0.03236198999323732	0.23904751949820224
692	0	0	0.0093327620057796854	0.11819624277929486
693	-2.4623980098809062e-05	0	0.022138227561980715	0.41556822460664672
694	0	0	0.0088999891393264814	0.040922314443897038
695	0	0	0.021818393859788045	0.3888826557207169
696	0	0	0.025250015402936643	0.13401386532011972
697	0	0	0.025006145856006516	0.19751142606208857
698	-0.00021774196229057408	0	0.028357510046664914	0.46976495737788931
699	0	0	0.014590687885824868	0.21532488877243772
700	-0.00012680122563231145	0	0.028192051336844447	0.43999106116880976
701	-6.9995772242448234e-05	0	0.030080620457213925	0.37866326378258885
702	-3.0857787516974652e-05	0	0.02027069746058173	0.24536490396300645
703	-0.00016610162122671635	0	0.02871655994390231	0.29929553216086469
704	-2.2400882243750476e-05	0	0.026523224459407347	0.2765815205332432
705	0	0	0.010431446457521611	-0.081177091350652222
706	-2.025049599365114e-05	0	0.0076677335501273841	0.065127330830909519
707	0	0	0.018577782873576042	0.19956236090362917
708	0	0	0.014868139607683458	0.24676644979562065
709	0	0	0.017013622090377139	-0.19709293386412349
710	-0.00021840705125979464	0	0.019835799659276468	0.15377128681612812
711	-6.8319075638087476e-05	0	0.01443283967886152	-0.027332913159174094
712	-7.8978802643908669e-05	0	0.022413472512098777	0.18711555910054367
713	-0.00023643701178503452	0	0.033730201940822976	0.37519234364357423
714	-5.2316525317058772e-05	0	0.030738372298900685	0.29811654763877743
715	-0.00014032150012042722	0	0.026261486279734136	0.14865732291693765
716	-3.7535325016668783e-05	0	0.020557552238673265	0.26400347931878276
717	0	0	0.018286946457165786	0.3188297645689796
718	-2.6378370898119675e-05	0	0.018095724060982286	0.084019470693355441
719	-6.367276930861476e-05	0	0.017039486242204607	0.29802165710673428
720	-0.00022828505508242224	0	0.016654475164792629	0.17540945518478751
721	-5.1272997393891903e-05	0	0.031051429398120556	0.27805461296452816
722	0	0	0.029278126451135523	0.20107802007008338
723	-0.00011953303511770819	0	0.020251846433379527	0.24646303585023097
724	0	0	0.022028099997213401	0.34657049795645473
725	-2.4347139739988589e-05	0	0.016884779468028365	0.23065488735937287
726	-8.9474444573761638e-05	0	0.028199354389652244	0.27722230413867255
727	0	0	0.0049107358179336343	-0.011234054293410905
728	0	0	0.005658948907995595	0.094324143685991887
729	-0.00010236196548171205	0	0.031896182614496782	0.47346028154274727
730	0	0	0.023920930520814773	0.22044810154992844
731	0	0	0.019375954111737419	0.31129291680927607
732	0	0	0.017575834359213935	0.15892088371545462
733	-0.00013745689010511152	0	0.018956489962681632	0.2458180354433217
734	-4.8994088167320096e-05	0	0.029942644985910281	0.39728108274331697
735	-6.9448108812789064e-05	0	0.017533669686198777	0.024676004232200864
736	-7.5487560122744496e-05	0	0.021168196676556478	0.10428765315510598
737	-5.4314122517024055e-05	0	0.024417631778582159	0.26427368300821091
738	-0.00015454112501371299	0	0.024491741543844415	0.26684577299137785
739	-6.7352063944275955e-05	0	0.019786143016605716	0.12459129798896876
740	0	0	0.027959911402671289	0.19554630070964857
741	-3.0222963980358621e-05	0	0.021862574726061602	0.17877542740745095
742	-9.9859137161889547e-05	0	0.023697238271722262	0.28330669097152139
743	-8.5510637826635705e-05	0	0.037893705821620736	0.5590856779451493
744	0	0	0.029186559487647444	0.15587280139566748
745	-7.0310153610841924e-05	0	0.028135477396181396	-0.041949506123515189
746	-1.257449506819608e-06	0	0.02412246928036365	0.26303921381371975
747	-4.1606684754169621e-05	0	0.021685676767447062	0.29551702059785623
748	0	0	0.012137196164559255	-0.013740163564829683
749	-2.0746436658419798e-05	0	0.027339189888468042	0.2172379537339105
750	-3.6744068085914347e-05	0	0.036222761214909319	0.31239639425556093
751	-8.7467189353679364e-05	0	0.0090786590348077342	0.16250438437367437
752	-0.00012714532312955995	0	0.025428466287752062	0.20256934044686875
753	-0.00012615053602411664	0	0.017919682377649068	0.08181389593116796
754	0	0	0.02604608989564311	0.24642030948119201
755	-2.1267726049634116e-05	0	0.012875314606547122	0.063463359345521192
756	-0.00016995139875365106	0	0.023659580099306847	0.033683730324992583
757	-7.7772264557940401e-05	0	0.022712231118231486	0.28651832702472652
758	-0.00013933604194172889	0	0.022141267337966418	0.13992777454772609
759	-0.00012144514946629825	0	0.019142408069091517	0.072560240003632259
760	0	0	0.032177086135775732	0.39009785982675571
761	-4.670542401328803e-05	0	0.015045905479591873	0.13523142824947126
762	-3.5919977471982058e-05	0	0.012882220223678086	0.012665147482959608
763	0	0	0.027831685217845646	0.26055064970771696
764	-7.5492984782993272e-05	0	0.02394950229474354	0.20381826697794775
765	0	0	0.019078201037892144	0.24602760768743939
766	0	0	0.013097578969836618	0.32321906359611846
767	-0.00024786806142373941	0	0.025365355512301208	0.30279885559871494
768	-3.7600019718786458e-05	0	0.023179341355471495	0.29604312798433763
769	-3.0743883328632204e-05	0	0.017755354273675503	0.14777867246963231
770	-4.5197314171568916e-05	0	0.0086957322244298196	0.019223096350138181
771	-7.4094200345109493e-05	0	0.024524081935240319	0.17532742686830771
772	-5.407924477346393e-05	0	0.025144492163535325	0.3062814570468021
773	-0.00010177519353566367	0	0.020625841386430581	0.33044196541099469
774	-3.5002819462354176e-05	0	0.010511206445567897	0.086576981687710497
775	-8.1425301045146006e-05	0	0.028140743766131914	0.37239621767517644
776	0	0	0.017411204436730936	0.070550936732963046
777	-6.4713907755603597e-05	0	0.02053107115625789	0.16621030985876012
778	-8.8198279683876507e-05	0	0.018854459603374916	0.29602031332954565
779	0	0	-0.0029744708165360735	0.0017997915443433126
780	0	0	0.022396301280059858	0.37553553293883696
781	0	0	0.0080210380572856184	-0.031419533514001362
782	-5.1120136374155355e-05	0	0.030862880958003845	0.27769469395291901
783	-5.7295496495740618e-05	0	0.019655690199570218	0.24683952141023094
784	0	0	0.0048891463063386988	-0.043708241064027382
785	0	0	0.029759665361498912	0.38482135175153304
786	-0.0002577916335320396	0	0.035731831122752633	0.35134364944467655
787	0	0	0.0033125747925102532	0.11519554970087356
788	-2.0595057087097191e-05	0	0.019019422765120302	0.18485123882391791
789	0	0	0.0062773634776222527	-0.10402542666993667
790	-8.751591471733988e-07	0	0.019538972001361107	0.24832326947728944
791	-2.940592919322138e-05	0	0.021393891441028469	0.10613052879757609
792	0	0	0.017957828616971233	0.20776701272120701
793	0	0	0.010043863780028644	0.14209414049913832
794	-0.00010241400552358227	0	0.026664129048158992	0.30888799263167882
795	-5.1367509406624601e-05	0	0.017429222982627449	0.22708710355022604
796	0	0	0.0065626010201095012	0.025255309654803139
797	-1.98633101603507e-05	0	0.018650388252788412	0.2980811314754569
798	0	0	0.01701967617235654	0.27193403850212328
799	-5.2869801363841785e-05	0	0.021496514239131608	0.19203993977913808
800	-6.2131813390689511e-05	0	0.013779344087641639	0.030127362168959171
801	0	0	0.016240243215600594	0.20452160827028756
802	-5.4003885322601028e-05	0	0.015275095090368585	0.15341268785884893
803	-6.0091917177917956e-05	0	0.019301560246513989	0.27895988047896897
804	-3.5093716343592704e-05	0	0.023743463002626829	0.36376792363559229
805	0	0	0.0064045781337670419	0.1428284751230931
806	0	0	0.013762369537854554	0.10938003521683766
807	0	0	0.036605642949654835	0.39955788242348717
808	-0.00017974874051163159	0	0.033791138715305688	0.44701229330053727
809	-4.8638139688028659e-07	0	0.0054518618928212081	-0.070866167232718907
810	-8.2470817051760736e-05	0	0.019962831939607548	0.12531614644791317
811	0	0	0.018604494456292267	0.2057004882462245
812	-0.00014235663474704285	0	0.014819145009002114	0.10695536891770074
813	0	0	0.013065245529981687	0.20661258010076283
814	0	0	0.018528452724585691	0.17244534712352472
815	0	0	0.0086964256066732002	0.093231315548285287
816	0	0	0.0066195210553365138	0.11413696486126593
817	0	0	0.012273990293478323	0.18292611187683089
818	-6.4781625841170425e-07	0	0.022827059083962223	0.23144414992839266
819	-6.867623894283304e-05	0	0.031815139798737069	0.29206515100184421
820	-0.00010172731616234499	0	0.013474842389982117	0.01963924809476154
821	-7.9158166663051419e-05	0	0.019492104047440062	0.20648005752321916
822	-0.0002025370107071045	0	0.027613395393894534	0.36907332565519174
823	-2.9436849435598988e-05	0	0.027157498406377406	0.26684641447217206
824	-6.8910886932122001e-05	0	0.017054030656919475	-0.0079458627102509168
825	-0.00011992964682832064	0	0.019252590389705455	0.20215587115137187
826	0	0	0.0086901804271666966	0.062379594133534888
827	-7.9605970937940421e-05	0	0.016262936383913407	0.30225480409896288
828	-2.2355699712459098e-05	0	0.019508275556872855	0.033027442270191762
829	0	0	0.017878624999479301	0.2548517780252787
830	-6.4377782024727104e-07	0	0.020770573455573305	0.21456186342893702
831	-3.4135891860515023e-05	0	0.01565284770572627	0.18617944858369867
832	-1.5421593395026357e-05	0	0.0211318074156308	0.15234206292233149
833	0	0	0.018698869837025098	0.26191904045582282
834	-5.1193454295861417e-05	0	0.022583954268270014	0.30081062637243872
835	-0.00020809377466168288	0	0.023823147898134112	0.29623095605270489
836	0	0	0.017212691011837054	0.24355532288100154
837	-7.9664004837731725e-05	0	0.017809842853744727	0.073411700805908614
838	0	0	0.012595271522269968	0.21463240641383216
839	-6.565608056486871e-05	0	0.02036688286125975	0.20425103654506277
840	0	0	0.026899724299194194	0.36591194360689172
841	-2.5005740939360033e-05	0	0.023391115629489388	0.25278173653114999
842	-3.7210401132087288e-05	0	0.01593465529488157	0.19005931147867544
843	-9.4446802140402125e-05	0	0.014550466419109218	0.11696470586096772
844	-0.00011486964143616606	0	0.018469876617029191	0.038338061359610862
845	0	0	0.021567929723959368	0.46228073725371105
846	0	0	0.010099171967644139	0.28985489890745281
847	0	0	0.017945391812435024	0.15472628761664456
848	0	0	0.023684427343553822	0.2680186519938359
849	-3.220357796410722e-05	0	0.011407290946571016	0.066686975751545349
850	0	0	0.02248469235070491	0.15615482631835786
851	-0.00010139330413885261	0	0.030112059025219885	0.24842688555900749
852	-8.2492249419846561e-05	0	0.026574807016927559	0.28329901756457343
853	-2.5523578042022098e-05	0	0.015483782093853279	-0.032203634574985547
854	-0.00012034056327007159	0	0.019129901857913537	0.2167444217554936
855	-2.3242843660725711e-05	0	0.011833745329023034	0.16366348693006927
856	0	0	0.018836466087046741	0.35075947942495389
857	-4.4783334795733821e-05	0	0.022761215151969546	0.11562079790537134
858	-4.3373146991210201e-07	0	0.016832595154445455	0.17558328764466963
859	-0.00010700043098602063	0	0.016279693301413902	0.17831962385675659
860	-3.3332646524053544e-05	0	0.019614118717601402	0.23307047803029018
861	-4.7083394062863439e-05	0	0.015046266233598313	0.12885221360402843
862	-2.0028389229265198e-05	0	0.026226121823160871	0.3012110538618783
863	-6.1992094203003334e-05	0	0.01536856693133885	0.061023825439001853
864	-2.1724930328426151e-05	0	0.025185262749317039	0.094987841281025262
865	-1.5623710880924292e-05	0	0.01814193315532164	0.15032974840164659
866	0	0	0.011416168510469851	0.12780272509148358
867	-7.2175138589894436e-05	0	0.023998314287695006	-0.0053776628706086573
868	0	0	0.01974871880214512	0.17154842598361345
869	0	0	0.017596149515151187	0.20849203983690562
870	-6.0503371929532257e-05	0	0.021904504083479607	0.087327642906357306
871	-3.4207896150989515e-05	0	0.025196513776104507	0.31437616594539125
872	0	0	0.0081163926693071289	-0.016067081114813454
873	-0.00015256997097458925	0	0.013377483416673979	0.086401944390193539
874	-2.5831854688335155e-05	0	0.025634444513600928	0.1992855464646387
875	-0.00017798096075544723	0	0.0093423589179353374	0.076496117661327509
876	0	0	-0.0028891559329203816	-0.15696335213996174
877	-4.1383608281414516e-05	0	0.021952662601152868	0.17417696805788713
878	-5.0842556389646411e-05	0	0.02924177918046017	0.36607252591451073
879	0	0	0.027049738878086517	0.11157337379348312
880	-2.2311255141510557e-05	0	0.0097363077056632601	-0.25759986268443436
881	0	0	0.0054379564157058802	-0.11460825737939415
882	0	0	0.020779944022048392	0.20942909919265573
883	-7.1463491350615133e-05	0	0.024287058980063767	0.16826255885295918
884	-4.5527269689527031e-05	0	0.026644824952228741	0.33487391437712943
885	-3.9197270360225023e-05	0	0.028464537167084591	0.29530199714131927
886	-0.00015231504634064807	0	0.024462878263911657	0.25580277432204163
887	0	0	0.015655134212618844	0.19726978117182098
888	-8.5088558551826843e-07	0	0.028123297447043227	0.13804728418679671
889	-3.1989116735581245e-05	0	0.018626274039223473	0.20895609165159662
890	-0.00013581708364310274	0	0.021314056965410572	0.083989593527333262
891	-3.3427784958617315e-05	0	0.024590050253988187	0.059524405900509517
892	-7.663944837443259e-05	0	0.012109579299110291	0.16442939125654882
893	-2.2912748368789092e-05	0	0.022585879953849496	0.16664934908691559
894	0	0	0.021374366433615434	0.15363802702561524
895	-6.0492597731637288e-05	0	0.011205355472525519	0.0034428827120531911
896	-3.5855499595843775e-05	0	0.02715873917671115	0.37478219398150281
897	0	0	0.021536963612398791	0.34431212183766735
898	-0.00015452111651597655	0	0.016895195897692405	0.026288254151907314
899	-1.0292007340939602e-05	0	0.017890698700459413	0.22183134875792015
900	-3.5135447798889666e-05	0	0.023795553105074262	0.2069495241784706
901	0	0	0.013504395661211196	-0.028889641428721097
902	0	0	0.024432018963337382	0.41022622858512925
903	0	0	0.017040997730934392	0.23542729091950002
904	-7.4251960404114747e-05	0	0.020297678862227653	0.12139186590472013
905	-8.7294203181503829e-05	0	0.016809968491235956	0.1536404693444885
906	-6.1892092246862434e-05	0	0.025950339724352102	0.331008646347069
907	-8.8159264075582386e-05	0	0.034014846118244638	0.38299818380983441
908	0	0	0.0051828947868429315	-0.0010184658719032762
909	-0.00010120712270156318	0	0.018523650631970472	0.13222774764079823
910	-0.00014282608211653723	0	0.022295988571738912	0.10324247622220539
911	-3.6635727380451841e-05	0	0.025574377429491112	0.31315453393201409
912	0	0	0.010671289322042646	0.29144581677710141
913	-8.5483127601698733e-05	0	0.025647046290178499	0.19982806127777536
914	-5.1079611807675061e-05	0	0.023031826550218452	0.27243913621266386
915	0	0	0.015906211844480891	0.080657133327046424
916	-8.3499635653949691e-05	0	0.034280537081892062	0.29222147840178758
917	-2.6569764520761872e-05	0	0.026256577232277235	0.17184616758152238
918	-7.483629677647041e-05	0	0.016141536525688886	0.17114326147920331
919	0	0	0.011722477008662444	0.099805659832270355
920	-0.00019616472795370987	0	0.015730455858655401	0.20388345549316605
921	-2.4422491231823608e-05	0	0.01589684572650869	0.17495764973014988
922	-1.8373451313935529e-05	0	0.01690962212323481	0.209274542617541
923	0	0	0.020346362311857984	0.049920912452800746
924	-0.00012334934796285336	0	0.017632688828427116	0.033899719692602116
925	-7.3619259650103963e-05	0	0.016111917436585684	0.17966730626472213
926	-2.6762625830445418e-05	0	0.022406907622318614	0.071579513207325057
927	-3.2072380089542828e-05	0	0.022640556582732167	0.19337278389362528
928	-8.8664658088105647e-05	0	0.02027866199882947	0.20145113663602157
929	0	0	0.012593383392583844	0.13029071249947924
930	-3.3508999334741495e-07	0	0.021856510151365673	0.31332582857182228
931	0	0	0.016421480635625242	0.21718312330096348
932	-7.8594384859970173e-05	0	0.027892824908411475	0.28359529328761313
933	-0.00017408447805433713	0	0.021988903225034558	0.24432441701423438
934	0	0	0.021771144979095249	0.19982353636614372
935	0	0	0.010255216182016825	0.099022701754805612
936	-8.9055760829315206e-05	0	0.027104916891094753	0.32908113893154661
937	0	0	0.019303849283167935	0.28331297854851428
938	-0.00012992384764299035	0	0.018605235566170213	0.15842515365045334
939	-0.00017904585474052271	0	0.025641368142585629	0.28347281283949338
940	-5.4645767370864459e-05	0	0.01524827876191381	0.16862289484033571
941	0	0	0.022549176717207749	0.14302935939310199
942	-8.1351348377969865e-05	0	0.016988629679010332	0.0010181675173270733
943	-3.858746250577916e-05	0	0.024809915174369708	0.40805688066764711
944	-1.0283231916319301e-06	0	0.015185182853186601	0.092707817896318656
945	-2.1387386283430732e-05	0	0.022007397259139375	0.096321434139758397
946	-0.00016233830468833087	0	0.025433292292576536	0.34666022164089683
947	0	0	0.020837025913986222	0.26175846815965331
948	0	0	0.015504827518645547	0.11854010727991748
949	-0.00024621299149934497	0	0.030877373498456075	0.39109630705987725
950	-8.745324741050165e-05	0	0.031943786092730228	0.25144541690348637
951	0	0	0.0081639435600380835	0.19835349181310993
952	-0.0001274961249469464	0	0.013815857732389056	0.049930721641279194
953	-9.3848967353499238e-05	0	0.029831987321554721	0.11152023240171705
954	0	0	0.013040029095234367	0.1615154059241502
955	0	0	0.018253100001223301	0.18371990350374681
956	-4.8069551662444089e-05	0	0.024132284179724059	0.30529513225089877
957	-4.4500243439077325e-05	0	0.024606022116907347	0.12375398819165054
958	-9.2307551413972624e-05	0	0.022503286078923192	0.13157015071589209
959	-9.5272636708099159e-05	0	0.018336197315311845	0.051951448292919256
960	-0.00011296120715679204	0	0.023089506100743794	0.31190251806623187
961	0	0	0.018544959557902019	0.26532136797984651
962	-2.8956221379239368e-05	0	0.018576410940399992	0.19878920278795192
963	0	0	0.0095181192312837233	0.20264811257288112
964	-8.5495150019310187e-05	0	0.01212908873283396	0.19958684534059912
965	0	0	0.02783966315252806	0.4340223783270824
966	0	0	0.017224253112125734	0.28541616014333476
967	-2.1685604143351079e-05	0	0.02904976061476866	0.18893365256907607
968	-6.7954428400915362e-05	0	0.019912598890423173	0.15086848393858676
969	-5.3606284961654759e-05	0	0.030218541027697408	0.31701482976824819
970	-3.595020457106135e-05	0	0.030258303558083687	0.24555944449552394
971	0	0	0.018579608395837697	0.10079250203018245
972	-8.651866106681449e-05	0	0.019513998882810461	0.33962206684868157
973	-0.0001079757631557543	0	0.014416344975014169	0.12940149867719838
974	0	0	0.018574704642636775	0.26669616607620522
975	-0.00010255732879360102	0	0.026120066956146347	0.28036858320066599
976	0	0	0.013803707337007618	0.16778204627965881
977	-3.1612429284061384e-05	0	0.014432188475560454	0.17132494786612229
978	-2.2287524391695345e-05	0	0.026029095163624994	0.2938869368842677
979	0	0	0.012071500880240255	0.025961502271134539
980	-3.4152103584605961e-05	0	0.020311437490604461	0.31749992957263978
981	-3.1391867332603021e-05	0	0.040147908837641924	0.59917614840403
982	0	0	0.025470601445936929	0.18516075171125243
983	0	0	0.01936429418545544	0.16286047285439395
984	-8.6333045127273691e-05	0	0.032442225957837474	0.31615811729744947
985	-0.00011837357045674235	0	0.031260824435497964	0.39900447742876111
986	-5.2389179710804481e-05	0	0.0080071903448375396	0.17222021877485522
987	-5.8426159387547918e-05	0	0.020976649273921781	0.24280278552959081
988	-0.00011144684252709092	0	0.030250305645898735	0.28874100376057193
989	-4.1960725076606312e-05	0	0.02459389207626874	0.23329707858783588
990	0	0	0.01499302070694275	0.05677294498912773
991	0	0	0.021961973250817751	0.18949076265812898
992	-6.6635676998100241e-05	0	0.023903022537198677	0.20607501608009651
993	0	0	0.014899371158993008	0.10244742702356083
994	0	0	0.01686926521771338	0.098892053935945162
995	-9.9991718273950705e-05	0	0.02564558886807413	0.29368285384891368
996	-0.00017483344272220536	0	0.015647510696980817	0.07747714402102425
997	0	0	0.026381688661566573	0.30747522896594875
998	-3.9759639989761507e-05	0	0.015825836209038258	0.18507343298793094
999	0	0	0.0057649669827102342	0.17579187190603179
1000	0	0	0.017633166463397243	0.36237743046923143
1001	0	0	0.01438004162589874	0.1478765168456278
1002	-2.5673577737417297e-05	0	0.030902271207958527	0.23187751302948137
1003	-0.00010964267749494494	0	0.015495633815273252	0.069071808081997366
1004	0	0	0.025613494498348276	0.23009641983499396
1005	-7.6370708430834044e-05	0	0.018690024652352255	0.19817824878896056
1006	-2.9999949366182888e-05	0	0.0089442284656050149	-0.15085893548362067
1007	-5.5474039282624175e-05	0	0.043140169197466709	0.47604635867738399
1008	-8.7193591617867885e-05	0	0.025819106377479396	0.1392778974652733
1009	-0.00031427479727759168	0	0.021235636281993903	0.19114991372294049
1010	-1.6941228491507144e-05	0	0.019762623221290583	0.28448243061131018
1011	-5.3694979328239303e-05	0	0.030426331588247015	0.23309584328948935
1012	-8.2303775339381824e-05	0	0.0005401624291738905	-0.21333145320796584
1013	-3.5144776814233226e-05	0	0.025886397087923795	0.20070654072610647
1014	0	0	0.0067737683448789079	-0.1227348160353392
1015	0	0	0.020245717732559631	0.2519486427691498
1016	0	0	0.026069355195732252	0.26449493732508217
1017	0	0	0.010805301711974708	0.074911171781484404
1018	-3.7384967596371109e-05	0	0.012952739355408518	0.27277083177243583
1019	0	0	0.0052920370728554659	0.16930888120672638
1020	0	0	0.020522791431650724	0.30917127909112635
1021	-0.00016295100052600154	0	0.023512737180650473	0.25932687930456622
1022	-8.7209911474039896e-07	0	0.018419230548248861	0.056243657116563074
1023	-6.8251923287182542e-05	0	0.016293091762966921	0.17638724860345598
1024	-4.1288738449712926e-05	0	0.017937364087459405	0.19902595663432371
1025	-4.3482943264960824e-05	0	0.019244301903585226	0.27233981996477713
1026	-1.4124806499205e-06	0	0.014026543667894084	0.34215160633319147
1027	-6.4118310110550247e-05	0	0.021431032779127997	0.17747963893082802
1028	-2.596221565714374e-05	0	0.029410338568240137	0.34871194097484182
1029	0	0	0.015455578352549812	0.064744420866682167
1030	0	0	0.022162607508920077	0.10481990576344813
1031	-5.1604036465863202e-05	0	0.020956185139952795	0.11532946181530793
1032	-6.8902019627320452e-05	0	0.015083480898048392	0.20616285485143293
1033	-6.6792602090487432e-05	0	0.015723338779882308	0.25899476435408775
1034	0	0	0.019381679498735947	0.14786703895969744
1035	-0.00015338531717087878	0	0.030481354542517249	0.37417949651853305
1036	-0.00012368865239373306	0	0.023788865631504529	0.17565870399851341
1037	-6.654023838084944e-05	0	0.017272910437911508	0.19210811979490172
1038	-7.5516509943879265e-05	0	0.018253263405176901	0.24667722191837266
1039	-4.1907902475762927e-05	0	0.021263752675835086	0.30594214075635434
1040	0	0	0.028344823929423724	0.29622299061991753
1041	0	0	0.013817906684704862	-0.032717092110256599
1042	-3.1432116085833295e-05	0	0.019961669332480246	0.22927835275117264
1043	-0.00020395157483339422	0	0.034071800022118945	0.50762638263104365
1044	-2.3014426192130565e-05	0	0.01829896191798952	0.26902331797913459
1045	-3.5361766029065601e-05	0	0.013635904160099974	0.12792427431643097
1046	0	0	0.028130836262723124	0.26427507777443682
1047	-9.9506538521376695e-05	0	0.014880182385764402	0.14102674662122486
1048	0	0	0.02246280594787391	0.19320934938856377
1049	-5.7686766900116873e-05	0	0.028101100385613885	0.38921931236314133
1050	-7.0638398033373578e-05	0	0.014334035458046623	-0.034569951451948591
1051	-2.1471689276991723e-05	0	0.027951777784401877	0.31107444247322069
1052	0	0	0.012882584750467229	0.058559086221646808
1053	0	0	0.027675159064221723	0.39294979023253951
1054	-6.850738477390817e-05	0	0.03497726237056506	0.26344474653121813
1055	-0.00013083787042308948	0	0.0092644348653430578	-0.073777701391147255
1056	-5.3762997022249738e-05	0	0.031898396972227364	0.3605387149475911
1057	-5.3618413492068087e-05	0	0.021747216195631181	0.33820417363618593
1058	0	0	0.014513568143292781	0.1179686804626839
1059	0	0	0.026832756268822137	0.52759628760120425
1060	-0.00015663934143001211	0	0.023484394433279005	0.067638212134584097
1061	-0.00018579384283197442	0	0.031520491060865963	0.31843927998887511
1062	-2.184703996488402e-07	0	0.024951126957933265	0.40105014093118613
1063	-4.4228427616915812e-05	0	0.024146264757292889	0.26099862040427213
1064	-8.013944192664102e-05	0	0.0060269782336583779	-0.068897381633070104
1065	0	0	0.019414334502772721	0.23096133842271618
1066	0	0	0.01178633297124218	-0.089257388525681353
1067	0	0	0.012742877486656765	0.015605121517193139
1068	0	0	0.016257455284824397	0.028441162321812059
1069	0	0	0.018402233506874369	0.16552995116465255
1070	-5.3713816100470214e-05	0	0.029284698264027142	0.30012031106272652
1071	0	0	0.025061745503407722	0.21895953211570934
1072	0	0	0.016816570715701942	0.23787533243265319
1073	0	0	0.011750113529313383	0.17914473818683802
1074	-0.00011229269750011039	0	0.03171221138526862	0.32614724387532962
1075	-0.00011055034490769499	0	0.017432420908065474	0.1547428245118124
1076	-3.5317062096032473e-05	0	0.012490264350221502	-0.042984920592684703
1077	-0.00011062244702933488	0	0.031499353983861993	0.38497065221902982
1078	0	0	0.012412780251686625	0.084795226975906496
1079	-8.7358476886306716e-05	0	0.027375454320016424	0.16203471244727347
1080	-5.9121258158023603e-05	0	0.022172498490084049	0.38293748852285142
1081	0	0	0.01092339123840563	0.40855595117977933
1082	0	0	0.0072063140455968953	0.028441245645962305
1083	-3.2864857516801127e-05	0	0.023061187106405357	0.21044629745370463
1084	-8.9963039135626535e-05	0	0.022008502969995257	0.35624442350962915
1085	-2.3002024230750484e-05	0	0.029701958193794585	0.21106343895613136
1086	0	0	0.011396281195659486	0.092708495879913408
1087	0	0	0.010439842050763953	0.080236654527723966
1088	0	0	0.015686463466395965	0.073749505034600274
1089	-2.3942389553549549e-05	0	0.019799229641977674	-0.0094123071306249865
1090	0	0	0.011807911249068348	0.083854227366693221
1091	-6.7679785485830202e-05	0	0.013404390295245825	0.13660636277916449
1092	-6.0259506506682435e-05	0	0.021122652318447337	0.08871412502840767
1093	-0.00023339052181055032	0	0.020547886914221714	0.23128478811084011
1094	-3.6067115303450861e-05	0	0.021011474026967129	0.3349922298028104
1095	0	0	0.018153643501688285	0.23076627702911107
1096	0	0	0.024335394121032701	0.18369312886041694
1097	0	0	0.013254397371282454	0.10710934751779291
1098	0	0	0.012421253025754506	0.13031448549509611
1099	-3.7548911029972043e-05	0	0.013869595940043744	-0.16597883316990528
1100	-5.3803882877523354e-05	0	0.012395175077685557	0.19930428614035384
1101	0	0	0.018372670338551379	0.19786263500134058
1102	0	0	0.012268602685697943	0.21701140750133158
1103	-7.3904578692357559e-05	0	0.023183599780812931	0.10437852170742228
1104	-7.6196913648235437e-05	0	0.026638669815492018	0.22920665312046534
1105	-9.6380512212085323e-05	0	0.01503862484967218	-0.0002899235385414922
1106	0	0	0.027852483786161786	0.34108012518957204
1107	0	0	0.017771443655441498	0.13465257685208248
1108	-2.8936811047658438e-05	0	0.025172187033725119	0.18081376985717751
1109	0	0	0.017656502765866396	0.14155992940148948
1110	-6.3919014700794532e-05	0	0.015012853922794578	0.024666140647903009
1111	-0.00011480805956999296	0	0.030906056466278586	0.43987117105996376
1112	0	0	0.018005199351855568	0.30888925259324995
1113	0	0	0.030407923347720172	0.33116064074157092
1114	-0.00010033166054214393	0	0.026088742071777395	0.22630493566855389
1115	0	0	0.019973028390254242	0.17056654679195524
1116	-3.5617528187997796e-05	0	0.018640903140043096	0.37341972943303808
1117	-2.9925294407351365e-05	0	0.02633018807354371	0.31676920766251004
1118	-5.8095609494762669e-05	0	0.025848137443783326	0.25375183020830472
1119	-0.00012249300646098306	0	0.026219690301576733	0.32008326600606757
1120	-1.365015081189469e-05	0	0.017186910170208257	0.15620519151113182
1121	0	0	0.018808042654616292	0.0028505477037663041
1122	0	0	0.015576116018564023	0.12998601704471915
1123	-4.8683713880692815e-05	0	0.014803445620010607	-0.05866922490198441
1124	-4.3822193166043187e-05	0	0.026002654637571253	0.20840954897681599
1125	-4.7066814639462604e-05	0	0.018813895336186763	0.20088573382409808
1126	0	0	0.021285556422385079	0.34270907388969157
1127	0	0	0.018741737880742175	0.1016825075203432
1128	-4.6491373113055622e-05	0	0.02208206091055568	0.30705210078312567
1129	-3.5730167445308106e-05	0	0.021515217848378159	0.15759465340600842
1130	-1.6186960091696402e-05	0	0.014073854360877821	0.072524622220638213
1131	0	0	0.018713953397763185	0.3181451496533696
1132	0	0	0.020574401006134835	0.22940166814120197
1133	-5.5127337604909953e-05	0	0.027670526148991358	0.084831760724307453
1134	-0.00013006864478954939	0	0.030976178228964903	0.30035723442086004
1135	0	0	0.014827306909166204	0.059858413099385797
1136	-0.00017012105860385042	0	0.017873078354222253	0.2509744303802145
1137	0	0	0.017029688985445504	0.21991659689859397
1138	0	0	0.022090022445334721	0.12209408526075419
1139	-2.2843349142462332e-05	0	0.025004130270312251	0.22172410402897089
1140	0	0	0.027567910319427534	0.32206953063186677
1141	-3.0590982826872446e-07	0	0.020523950519636507	0.078915164853991457
1142	0	0	0.02562622598687142	0.30735221550105263
1143	0	0	0.015351590843934813	0.20244478989524534
1144	-0.00022786082229506177	0	0.036413547558851858	0.39169680605360324
1145	-6.1486268750171599e-05	0	0.024946627928306923	0.16534348020118542
1146	-0.00016112213296945178	0	0.02598229088308578	0.12912845209846097
1147	-6.8946412518117173e-05	0	0.013057115344893459	0.15460931934338729
1148	-1.668733418234425e-05	0	0.017619828346341446	0.065744926179840249
1149	0	0	0.024046369678104855	0.40140562523393897
1150	0	0	0.021320441741200027	0.35877033630668509
1151	-7.7074897435733258e-05	0	0.022382434290015941	0.11505059922777802
1152	0	0	0.019051076959769504	0.24546773992222892
1153	-6.0852854830917294e-05	0	0.01716562678579097	0.28716532440071202
1154	-5.5681621950376405e-05	0	0.013370373049057018	0.23844478236737049
1155	-0.00010559825326598161	0	0.035021077703125611	0.16532701917375006
1156	-9.353111139190351e-05	0	0.016421922717194833	0.11345201079873965
1157	-3.1968776377711004e-05	0	0.023630011642549111	0.2390245341560211
1158	0	0	0.0094461162614201729	0.023289477913467228
1159	0	0	0.018762867818187902	0.24954754435223636
1160	-6.4332391963989322e-05	0	0.027478093808788805	0.23872705268079386
1161	-2.9545528304669721e-05	0	0.015309744799063088	0.27411336087361482
1162	-5.9994608013824721e-05	0	0.018015618196722306	0.30298887850726619
1163	-1.2193295018780859e-06	0	0.018800951341890363	0.3128935068735067
1164	0	0	0.023615601784119155	0.13602646719966152
1165	-0.00012858009681370741	0	0.028247949803365435	0.31773041951297298
1166	0	0	0.0058830603717153094	-0.0051566299757168643
1167	-4.3972318546359191e-07	0	0.019380592610740481	0.31668132821532485
1168	-2.3911465391507347e-05	0	0.018615677608780058	0.1185393822728267
1169	-5.9003053847922483e-05	0	0.023880237086327787	0.22744263878839699
1170	-2.8745719344863695e-05	0	0.022881657400035633	0.30999946119918836
1171	0	0	0.019550932838397032	0.20936272494970157
1172	-4.1573372908493279e-05	0	0.015078223122513782	0.11724710495843937
1173	-8.2127300692802494e-05	0	0.02640491659139153	0.40607575284000957
1174	-3.0197754449173832e-05	0	0.023838356722085556	0.33354044883334522
1175	0	0	0.018383008130953806	0.42691649592618203
1176	0	0	0.012783640406458113	0.046321667089651346
1177	-9.2596774341707771e-05	0	0.020271117659470258	0.32634681113621072
1178	0	0	0.015866502896401447	0.07984969429955871
1179	-5.1810053858852843e-05	0	0.021547401530717335	0.013748407484732744
1180	0	0	0.026527738271109137	0.21924711717067261
1181	-0.00011432376833474534	0	0.026047095376532131	0.26146164228143853
1182	0	0	0.016502975695096112	0.15494405837052513
1183	-9.6547855923373446e-05	0	0.01936477285681153	0.0695229052928443
1184	0	0	0.021324729913855752	0.25457016474757965
1185	0	0	0.019159639220869322	0.20545512121073034
1186	-8.8471574092230393e-05	0	0.02037276481428818	0.21381402731636562
1187	0	0	0.021266081106874595	0.052102339163733566
1188	-1.6409923883126122e-05	0	0.024718246309800431	0.34003899439562579
1189	-8.0507308978644557e-05	0	0.025675116157015232	0.35303285940463902
1190	0	0	0.020673812389888611	0.29039922924821099
1191	-5.366056742825698e-05	0	0.01784204482685273	0.17289480173023339
1192	-0.00015821327794704465	0	0.024367954553557981	0.10033891763351339
1193	0	0	0.029173112164427022	0.34728632681375859
1194	-8.5804777273074118e-05	0	0.019182315324315406	0.29860864109501661
1195	-5.2030297498517616e-05	0	0.022565336021701098	0.23148167030846617
1196	-0.00028571398039358987	0	0.026007687432445199	0.071755944306482827
1197	-9.2483530521320073e-05	0	0.015316598717498759	-0.0076476198271913428
1198	0	0	0.013249749509189963	0.20402722474452334
1199	-8.5537042691613554e-05	0	0.013775562586833354	0.085404919598882023
1200	-2.3973599984083994e-05	0	0.018557880936998245	0.27239720731546768
1201	-6.8607473632820154e-05	0	0.022039873498268824	0.16241532234259565
1202	-1.7717371067230148e-05	0	0.018342631429677247	0.18634659339527598
1203	-0.00010258267936048005	0	0.030707331995086535	0.31080323786706499
1204	0	0	0.019567037514518416	0.23225913261670567
1205	0	0	0.020212818604125393	0.32142086277301429
1206	0	0	0.022085553050963824	0.34612541086121873
1207	0	0	0.0085571875415701333	-0.058201972508891128
1208	0	0	0.012716409279954901	0.065865694265158287
1209	0	0	0.023668234820712394	0.32834961064398854
1210	-3.856992350158017e-05	0	0.029418168945415414	0.23644599062205987
1211	0	0	0.018349389573633069	0.041686328589391988
1212	-0.00010620683443308133	0	0.025693221629565312	0.2151187844749344
1213	0	0	0.018751568142167944	0.25093654841345614
1214	-5.0682490695547197e-05	0	0.02004225891211588	0.24596736406681297
1215	0	0	0.009201390969900131	0.11139572865202847
1216	0	0	0.015713300835253501	0.19070104404131707
1217	-3.1023733167867554e-05	0	0.025789712461135355	0.28538356856747515
1218	-3.6513339309668383e-05	0	0.025337991157286875	0.11326883086743025
1219	-9.369186221513392e-05	0	0.028172214862440582	0.35717763420684689
1220	-5.9367603581855777e-05	0	0.025301951660808654	0.18101090190995464
1221	-3.8146230770852443e-05	0	0.016213163555531502	0.13976136322512062
1222	0	0	0.024632798771702012	0.037546214191859217
1223	0	0	0.017708637512111949	0.21670839901332778
1224	-4.2493902727652742e-05	0	0.018523124148494354	0.11980413360927936
1225	-0.00019215767467621879	0	0.027944723086071398	0.28407906906744562
1226	0	0	0.018926949952570375	0.099296862181561363
1227	-0.000172133651745085	0	0.017106683944511956	-0.26166014810231397
1228	-2.2106331784343957e-06	0	0.033088803443301694	0.33579702755439983
1229	0	0	0.030641266894633166	0.22207860929165477
1230	-4.4129470941089989e-05	0	0.026050280604411346	0.30275753088170149
1231	-3.3841035727774638e-05	0	0.023379059519809075	0.17021003034613941
1232	-3.5444651792798656e-05	0	0.0085498385535864481	-0.13216902930053581
1233	-1.618145508588964e-05	0	0.017405812238964938	0.36955965303522731
1234	-0.00010103886375364412	0	0.035261526865384904	0.27729899431191823
1235	-2.1000333435439169e-06	0	0.013748234996961668	0.12862653675481583
1236	-0.00011096310518567964	0	0.019959171197931787	0.21055730279253854
1237	0	0	0.0090288652037994847	0.13944413021446161
1238	0	0	0.017086723590471618	0.030833891556268145
1239	-3.0383543104589571e-05	0	0.019595913199128435	0.27107631352639588
1240	0	0	0.01526378786444722	0.15687650648742246
1241	-0.00015770189093249897	0	0.020564732910971037	0.19954599992026623
1242	-8.998229006729197e-05	0	0.017281989896582275	-0.15408597203588359
1243	-0.00015265319576584501	0	0.031597961348461615	0.23700024901856911
1244	-4.7511827863705444e-05	0	0.018359573133493665	0.25361773974667667
1245	-6.0974797366036834e-05	0	0.020397582031483886	0.1152151563113544
1246	0	0	0.023770868819293609	0.2145954402206102
1247	-8.8528531306469865e-05	0	0.023734639712403485	0.20867003518483532
1248	-4.5055118293946261e-05	0	0.017009929105666378	0.1399485768942495
1249	-6.0513802317019308e-05	0	0.035836175544171969	0.33411958392907409
1250	-2.3058674489767615e-05	0	0.013677714949810552	0.19276077985023449
1251	-5.0323037906041532e-05	0	0.025515229350307589	0.37319666269586083
1252	-7.2479343751225003e-05	0	0.01704600198825101	0.24747175739194716
1253	-3.3035566619502021e-05	0	0.029530922894664764	0.43997737756564465
1254	0	0	0.00663851000209201	-0.1522105845749038
1255	0	0	0.015243051559585056	0.078630399160762449
1256	-9.3796580716887237e-05	0	0.022885291781987956	0.12432725397502105
1257	0	0	0.021429990512545509	0.24496632931891096
1258	0	0	0.030475297158469146	0.30872961784205455
1259	-0.00021551889815213943	0	0.023814339305038526	0.19957055513884475
1260	-3.4226308179619025e-05	0	0.014008765643252017	0.19128273191858666
1261	0	0	0.019570651763232277	0.16888969648548907
1262	-0.00021688202579618897	0	0.028535649745484403	0.35648686675376096
1263	-7.8279112498086395e-05	0	0.030554739102560468	0.39538084149021058
1264	-7.2304323854593958e-05	0	0.027975513510584693	0.42764136617119242
1265	0	0	0.016602728800431548	0.27057936531855081
1266	-3.2387809234007969e-05	0	0.018157218002537896	0.007050622795061301
1267	-3.0909196651507373e-05	0	0.019954984038563991	0.15372517668050928
1268	-3.1098527885398133e-05	0	0.018745095539263842	0.065394446492176711
1269	0	0	0.016502865950427818	0.27135675705678769
1270	-0.00014722760870591046	0	0.031369926310260941	0.20853817586669954
1271	0	0	0.030582666184862418	0.34414579965585207
1272	-5.6196037085853853e-05	0	0.029117358616259286	0.3329618641956722
1273	0	0	0.017036052738113424	0.28198833389007433
1274	-6.7174997409991111e-05	0	0.027468562896442096	0.39524281617320367
1275	0	0	0.013066678148130334	0.26999776868418995
1276	-2.5314416996738421e-05	0	0.010657401846111556	-0.18607212369974643
1277	0	0	0.013974882407990025	0.33415289172033974
1278	-5.1941152402162907e-05	0	0.02296339810257237	0.32579120065830697
1279	-2.0995360500652982e-05	0	0.019168804793068414	0.28955998955900314
1280	0	0	0.027914317563984305	0.40837436461744092
1281	0	0	0.014119935604024256	0.17321186936913235
1282	-4.9140408494652289e-05	0	0.02038339605609412	0.10014475784771371
1283	-7.558513965903457e-05	0	0.025115411565639623	0.24913344937907311
1284	0	0	0.017793120404173544	0.053925345387313195
1285	0	0	0.021351297120131809	0.3019265843120959
1286	-3.8010510754732382e-05	0	0.026862681654074759	0.28302053542419986
1287	-4.1306719909539601e-07	0	0.017707694942550908	0.13643946987473862
1288	-8.3578542795242908e-05	0	0.019106042624796968	0.28825761082649437
1289	-1.7377452516259551e-05	0	0.017400954795892667	-0.082305792257598126
1290	-1.8318390308535993e-05	0	0.020720465495134587	0.17112551093334583
1291	-5.6731663383619016e-05	0	0.011552583137384744	0.16566922184706218
1292	0	0	0.019489997356720183	-0.0069424737416050371
1293	-0.00020136368595206623	0	0.017756397821941321	0.22539316373569881
1294	-0.0001259787297025916	0	0.018007962556862624	0.31749246230118261
1295	-8.2731190847432074e-05	0	0.018830815434892241	0.24006818919530759
1296	-3.4878424893650117e-05	0	0.017710894149312068	0.25223065544654266
1297	0	0	0.021442018169173002	0.20281897229568605
1298	-4.3241656701392682e-05	0	0.023693556061776325	-0.011677447375030247
1299	0	0	0.019354530418085637	0.31735268297264763
1300	-6.7050456809936154e-05	0	0.024749567976291752	0.29841172368022351
1301	0	0	0.021472190249242119	0.20915563711122717
1302	-6.8528456138294838e-05	0	0.026936215344636083	0.44320461777048487
1303	-2.4992928161698958e-05	0	0.024992020778992437	0.38819982060145819
1304	-5.5482202287071569e-05	0	0.02247028533983295	0.13965844559310209
1305	-5.3603173512239978e-05	0	0.019189576575095048	0.27043713641500294
1306	-0.00011616716706781549	0	0.011647567496180252	0.029857552003610021
1307	-0.00013983301797028668	0	0.020087028104863798	-0.014171270026322924
1308	0	0	0.031845267581080736	0.3905178175386318
1309	-0.00012995056099968094	0	0.027208090138979922	0.19538603951015182
1310	-7.2520007432241851e-05	0	0.025397634988597234	0.29283152546409891
1311	-0.00014623368665702964	0	0.02458986672278184	0.19009098461571897
1312	0	0	0.0079946836582185758	0.066801421419340465
1313	0	0	0.013087627569689874	0.015278435793779193
1314	-9.3829258814498437e-05	0	0.020910129395219523	0.046989368128524431
1315	-9.7924840630694848e-05	0	0.014378201563343188	0.001167837508146724
1316	-3.4798385565321113e-05	0	0.031463997396291868	0.27165085107478854
1317	-4.3850202163653319e-05	0	0.014149934499191705	0.17878056393940955
1318	-2.7507129772769146e-05	0	0.023613622041463452	0.31605812986135523
1319	-8.6495300154931784e-05	0	0.029823409486078055	0.32458822323220454
1320	0	0	0.0038061423072689947	0.23023365452505104
1321	0	0	0.016125322211827584	0.29511391147140653
1322	0	0	0.019390777585339525	0.19751595878028044
1323	-8.7324539217131794e-05	0	0.014803874610921841	0.013689274722759969
1324	-7.0910147273778307e-05	0	0.023652563235718002	0.32416449426014754
1325	0	0	0.0064082498832175542	0.11853399067723099
1326	-2.8197936812940361e-05	0	0.015915405905013544	0.13768553366640923
1327	-3.7678162037441124e-05	0	0.02330582211634365	0.24280803954314215
1328	-4.2294578913837365e-05	0	0.014975936984709098	0.10267107326454412
1329	-0.00013565569297982472	0	0.025216212241392377	0.21477875805809948
1330	-6.1663772676184831e-05	0	0.011637055265665813	0.02100692856684332
1331	0	0	0.019117584391158932	0.18320700036402196
1332	-7.9278004426963647e-05	0	0.032452012246237262	0.29255250255139931
1333	-0.00011612946530396573	0	0.011775854068025879	0.15804849643165428
1334	-6.405313457824024e-05	0	0.020187473864386997	0.1860509934097585
1335	-0.00033275746966014431	0	0.026236129045236839	0.12874039206626348
1336	0	0	0.025232335948060746	0.10265883305362222
1337	-6.8344619023374967e-05	0	0.028399838659627551	0.24404718272787501
1338	-0.00010040720023113959	0	0.018796718672373217	0.13470627035629187
1339	0	0	0.027325490181385657	0.23909503152912581
1340	0	0	0.010635062327696851	0.088539817727866316
1341	-9.2667209608859877e-05	0	0.020322376532959451	0.19973701321831122
1342	-3.7245223791770868e-05	0	0.027542703318658289	0.32670606442189465
1343	-8.9588455223982286e-05	0	0.01920097614419012	0.19616006364903099
1344	-3.9324287144765212e-05	0	0.022528627989762767	0.14737739473770309
1345	-4.6314010298731388e-05	0	0.022051334545633128	0.32503228425301117
1346	-0.00013718224265330258	0	0.017390527348776531	0.12531604985757619
1347	-0.00010129029971595038	0	0.016249699549757086	0.16327152140431705
1348	-0.00012510732731268182	0	0.019576625252916098	0.22862934426453743
1349	-8.2237596393758278e-05	0	0.023631306656575986	0.25349724200965229
1350	0	0	0.0094091006379143916	0.21186284220441637
1351	-4.6794613168354984e-05	0	0.018122830888340231	0.11131232661773489
1352	-0.00014689545510247483	0	0.021113059716735855	0.30212278266599574
1353	-1.6022577088720123e-05	0	0.012652551702051104	0.073193151337198489
1354	-0.00010487854622190651	0	0.019572300423354623	0.11231312844235866
1355	-0.00013685664482775972	0	0.020515425898343435	0.13089342060685216
1356	0	0	0.020269671644924186	0.26490456448894251
1357	-7.5973714739002723e-05	0	0.013310967076368843	0.054621062999987965
1358	0	0	0.00083277014399784635	-0.15509130963740378
1359	-9.0165850053691704e-05	0	0.022795549554196888	0.18855885743402587
1360	0	0	0.014275625433736099	0.11187393287603117
1361	0	0	0.013945902065945995	0.11829644702352249
1362	-0.00011297574463676186	0	0.016767368358837329	0.081013481884598643
1363	-1.6928909824637238e-05	0	0.027411715539875613	0.46385013359325322
1364	-2.3873190307760473e-05	0	0.025842802249157092	0.29500829721461075
1365	0	0	0.021492465042739876	0.030181622094848048
1366	-3.0036948914119456e-05	0	0.014865823233817622	0.14087341676773937
1367	0	0	0.0079493094112365187	0.21512416346406363
1368	-2.1903443161275238e-05	0	0.016848433646438558	0.045745635771628233
1369	-2.4820467160102665e-05	0	0.024233787357712484	0.27033497392656003
1370	-0.00022144416005826507	0	0.030502211956265669	0.29865210845465362
1371	0	0	0.013717443976606783	0.18050761567539916
1372	-0.00027441630615838433	0	0.024310009207464397	0.061280638775446448
1373	-8.2191211076559917e-05	0	0.020603014032903474	0.37095577860604256
1374	0	0	0.020724926939178843	0.28964332461573306
1375	-6.5972584200851836e-05	0	0.015194193549107884	0.13353387707485798
1376	-1.2530326454651685e-06	0	0.019807286215781934	0.16795602847321259
1377	-8.6407418094297533e-05	0	0.016851597924465823	0.20335246301677437
1378	-4.1494624994720121e-05	0	0.022940421824705702	0.15287068176113786
1379	0	0	0.027141697406813582	0.2320220546637502
1380	-0.00013651231228646311	0	0.01930652857166288	0.10349231948069817
1381	-5.2038335978266129e-05	0	0.011325957303555328	0.19597620720897879
1382	-0.00016376628063793363	0	0.030804162299017494	0.1416559990181617
1383	-0.00013253723923405957	0	0.028609157210116677	0.28502778173373772
1384	-0.00020106847034314089	0	0.023005568004345063	0.22460787305325666
1385	-4.4309349345900141e-05	0	0.034544210999297595	0.29349930571720179
1386	-0.00017150889528307899	0	0.028411508584242341	0.43046181818819057
1387	0	0	0.02665236231032922	0.15433658803855227
1388	0	0	0.0053382421890494688	0.029632321505874915
1389	-3.8004505407074343e-05	0	0.015197335384044866	0.12157503920913562
1390	0	0	0.020349812622315722	0.10740034951590816
1391	-6.0639650956789692e-05	0	0.017919553523142666	0.12280028911698826
1392	-0.00024037979120205833	0	0.017020631527790493	0.2134695481004667
1393	-1.8213147326001655e-05	0	0.01764273614764697	-0.056194354391889099
1394	-6.5973747040370956e-05	0	0.019431300455978538	0.15896048248106748
1395	-0.00013085497990583672	0	0.022950507271575802	0.19519106946818779
1396	-3.9984193818154433e-05	0	0.033325174272960445	0.25004771374516704
1397	-1.9941636689979612e-05	0	0.022324846834497553	0.15409975513702961
1398	-0.00018255012813568061	0	0.023336833406086804	0.062662714638117317
1399	-7.1325813900124937e-07	0	0.015669469438394264	0.22905526293439946
1400	-0.00025131588781075742	0	0.026617170479872793	0.19265283045213533
1401	-4.4935232328163763e-05	0	0.02009121715144975	0.21259771599443028
1402	-1.994521712239128e-05	0	0.018257894036571194	0.065523792042031681
1403	-6.4453331414315859e-05	0	0.02200131917541339	0.0073865435359841596
1404	-2.8912932691654846e-05	0	0.022863513900600724	0.2580788912495362
1405	-1.6237895083395793e-05	0	0.015286642008138767	-0.020018896827445287
1406	-6.3020858929074827e-05	0	0.021337395925018151	-0.10401548998199388
1407	-2.1849159149378573e-06	0	0.01380069043844514	-0.37114846207261232
1408	-2.1191139260245961e-05	0	0.01535420237116138	0.11107047782989295
1409	-0.00013012868576358638	0	0.017702524867925756	0.26765381961322443
1410	0	0	0.012149514792941565	0.25990255082302111
1411	-6.5237654864450101e-05	0	0.012819335668649234	0.14380771134469622
1412	0	0	0.012535066209222345	0.28848738931812407
1413	-0.000266036639127018	0	0.037261393415317264	0.38372693379575373
1414	0	0	0.017647113259366933	0.13793447346161453
1415	-2.0869851504845547e-06	0	0.016853856076532427	0.23258224527737364
1416	-2.0574147358168314e-05	0	0.011908189372959366	0.13978662352539781
1417	-0.0002325953673214365	0	0.022768473801121382	0.21347476068892809
1418	-5.238710307891026e-05	0	0.020465136884634322	0.16606756221140645
1419	0	0	0.0222415102458332	0.17425636310849718
1420	0	0	0.022762353457501279	0.2700033841634924
1421	0	0	0.021284751040526337	0.26925729592081277
1422	-6.0220710246811081e-05	0	0.01188872781069231	0.12837873646408196
1423	-5.2101804497733942e-05	0	0.03621851411096616	0.21765545236436487
1424	0	0	0.01692134984538754	0.12303063218489449
1425	0	0	0.017711640405848071	-0.11431693806516777
1426	-4.629786073251929e-05	0	0.025778754580720143	0.39848912243298601
1427	0	0	0.010446874305340068	0.12948189251512385
1428	-2.0577394510368217e-05	0	0.023352779983121758	0.21189272504077522
1429	-4.0632632039394603e-05	0	0.024880849102730886	0.20441478778853578
1430	0	0	0.027486436147817934	0.46603491856605067
1431	-3.6159757189224709e-05	0	0.022183125223466198	0.2625447222466607
1432	-5.9673252487618679e-05	0	0.011003815672452396	-0.032784795890524909
1433	-2.2962765191808511e-05	0	0.022483078521373882	0.28402185917145439
1434	0	0	0.017490376233600669	0.18708314633377202
1435	-5.3724334707350163e-05	0	0.013260724266630719	0.19662965327529913
1436	0	0	0.0096898825940983143	0.1903598056436894
1437	-4.816412231207212e-05	0	0.012962993497912823	0.1032168602812216
1438	-8.6002078999863896e-05	0	0.027377934227520682	0.21181713658593168
1439	-2.649725485237009e-05	0	0.019962772105298801	0.27855134716335517
1440	0	0	0.021808541700101776	0.15224725001453179
1441	-6.9637450339074541e-05	0	0.022778530358729159	0.27967389262080694
1442	-3.3503466530582227e-05	0	0.018428607132267356	0.10920103044000742
1443	-0.00011535500304210577	0	0.026059679714953356	0.24549476355688774
1444	-1.6276794722419608e-05	0	0.027846843745205484	0.21373622131192743
1445	-0.00028970218679471861	0	0.019599647558692781	0.076624369082968213
1446	-8.7750975448552815e-05	0	0.02184302275978859	0.10777126507450527
1447	0	0	0.010571259621390295	0.096151517841601475
1448	0	0	0.024018646924336674	0.37767129115596643
1449	-0.00013522498590989862	0	0.018128205239527732	0.18635314585513749
1450	-3.1303420792594408e-05	0	0.017055798826174938	0.31600845911430159
1451	-0.00011814958182726209	0	0.017056283150933806	0.090284897087762259
1452	0	0	0.019975190686294022	0.2869495663953755
1453	0	0	0.017288567494262087	0.18994413274563637
1454	0	0	0.024141831028282146	0.23650070766429909
1455	-3.396620772024295e-05	0	0.024478382824022798	0.34816837622743702
1456	-3.1390140319331739e-05	0	0.020138236307301254	-0.076534738381152143
1457	-0.00011013883959247739	0	0.037996355943517669	0.44765606128704605
1458	-2.9074896320629984e-05	0	0.025965577007620998	0.16699864293068231
1459	0	0	0.020636537511292172	0.26647580267125487
1460	-0.0001411624975247383	0	0.029343009210649938	0.20632984565167339
1461	0	0	0.0090547992727879924	0.12163399598969467
1462	0	0	0.028877285084747524	0.27504092310512296
1463	-6.5257453470835008e-05	0	0.02090749123144546	0.037827767578515303
1464	-6.3396422893374765e-05	0	0.027750198254393489	0.3730298194589316
1465	0	0	0.011165399502857647	0.26839115950048004
1466	-6.3002376803250606e-05	0	0.024581502905157392	0.37447532558251412
1467	-1.7422884257142779e-05	0	0.017278386793156318	0.063766679369271675
1468	-5.3011346988857119e-05	0	0.013613806154283875	0.069097841983772293
1469	0	0	0.0098125034101906872	0.15455666476663305
1470	-0.00024859337524762992	0	0.017965083653797072	0.25501909066810446
1471	-5.0631954839475136e-05	0	0.013436591435498319	0.10662480121846388
1472	-0.0002042307227603457	0	0.028773719457954379	0.29444905502390034
1473	-6.4810015100852383e-05	0	0.028079052128901837	0.21162260275585174
1474	-6.1235296822037549e-05	0	0.023517873644557916	0.19904591460449717
1475	0	0	0.018145315847617017	0.23908951491301775
1476	-3.5953261626409108e-05	0	0.023923322232422155	0.33310670856244523
1477	0	0	0.015723953420799457	0.27944303042704383
1478	0	0	0.016352207016589744	0.1957505957178928
1479	0	0	0.02624046973212666	0.3048794462507326
1480	0	0	0.021150127133738518	0.070853898281248648
1481	-5.3017150924267174e-05	0	0.010530409023607384	0.056734116757505129
1482	0	0	0.011445617145266285	0.15970152095366025
1483	0	0	0.018797719334253053	0.29885829850455387
1484	-6.3803335044571025e-05	0	0.022744004704611433	0.36613609012774329
1485	-4.6732651523051505e-05	0	0.020665747634863757	0.12218686587044054
1486	-0.00016026252996370616	0	0.025094089623187477	0.16774504046007876
1487	-0.00012926809912417459	0	0.013892496484750872	-0.032408731735950734
1488	0	0	0.0092451856826408357	-0.011828563721155977
1489	0	0	0.012448807853427061	0.26252485797980285
1490	-2.4666633391901005e-05	0	0.010421171469483709	0.10804112738534424
1491	-0.00014827536531766272	0	0.038598814620715523	0.41866201511937506
1492	0	0	0.032166379624863753	0.36054285107731643
1493	-0.00014845204291241422	0	0.025185714018329152	0.11905022251967967
1494	-9.2880755422464212e-05	0	0.018050118544876797	0.05551121356141988
1495	-4.6317178874014095e-05	0	0.019003977476288521	-0.058898360113192459
1496	0	0	0.0083177960351564859	0.05895103646870329
1497	-3.3888344558008486e-05	0	0.026781489374855437	0.29283754892937575
1498	0	0	0.015588268799987235	0.094890339545418298
1499	-0.00020127739017741786	0	0.020259902472894172	0.16767574304500371
1500	0	0	0.023697003907548871	0.2898102989290442
1501	0	0	0.015267190862511663	0.070567433861975684
1502	0	0	0.017848490953324296	0.12595115698744649
1503	0	0	0.015166502188173826	0.0027844210706626849
1504	-1.2557237199006809e-06	0	0.027557365555604414	0.31247192960317888
1505	-0.00021902126817805457	0	0.019804451601404229	0.24665200369017434
1506	-3.8189684996131625e-05	0	0.015448117581622133	0.15519378773336262
1507	0	0	0.034156813154072624	0.37081056454360573
1508	-1.9125028986255454e-05	0	0.016376505248415111	-0.0063938643497440219
1509	-8.8900619365239739e-05	0	0.0096075337745594493	0.071191515749490342
1510	-8.8657480961648602e-05	0	0.030333256043810441	0.21849721843763467
1511	-3.5662705329780887e-05	0	0.019683019615080805	0.11749152768754305
1512	0	0	0.016869751968430532	0.20768659935311068
1513	-5.5874295526930903e-05	0	0.018606254985485418	0.25204226705309446
1514	-0.0001628933168762392	0	0.010981819165075341	0.012931883466822124
1515	0	0	0.017510130671808101	0.17013479522694461
1516	0	0	0.015294858913935269	0.10158308271180631
1517	0	0	0.021222896817915518	0.31157886814531116
1518	0	0	0.0085044575623064063	0.13802590321412483
1519	-0.00025488340696770971	0	0.019440028172048544	0.25291012937483459
1520	-3.9447980375179045e-05	0	0.022895416478931584	0.24891723068266164
1521	-7.6126279948185438e-05	0	0.025562064809879069	0.28551774444107531
1522	-1.6850749175983948e-05	0	0.029077344830593425	0.39055120574151364
1523	-1.5052784534480557e-05	0	0.03231444176376095	0.31767796984212271
1524	-3.135289176569023e-05	0	0.022380528225055644	0.1909837907836594
1525	-7.1267408861458437e-05	0	0.019709317038722311	0.27570564641631268
1526	0	0	0.027277678269269877	0.26735114190066767
1527	-4.2459368432318231e-05	0	0.018638208792872014	0.26378055419998253
1528	-2.5539162420101789e-05	0	0.013706139536313203	-0.0055914239108614313
1529	-0.00013630484721616209	0	0.020935463999068312	-0.02097971816102976
1530	0	0	0.017081990861337468	0.1966959391334181
1531	-4.0209903028604056e-05	0	0.011674303623915458	-0.012025299554650148
1532	-0.00013611297991072412	0	0.024715871965332398	0.23105327389194308
1533	-0.00014080170520568424	0	0.019981326201584396	0.2667393089376352
1534	-1.7427282109250265e-05	0	0.030697989099648687	0.3247524606971891
1535	-2.2843212289452854e-05	0	0.018463991950685175	0.14615475799440231
1536	0	0	0.013320104443508354	0.11808900820682822
1537	-6.2361319111214891e-05	0	0.028157072641097437	0.40700359814601078
1538	0	0	0.023659945071665318	0.19351185175331292
1539	-0.00011472918984604674	0	0.01918643049609137	0.28341995647516499
1540	0	0	0.026242064116472213	0.25382442307625769
1541	-0.0001092167745583128	0	0.019405305261361694	0.027008066724967871
1542	-6.2687881884881952e-05	0	0.021967099009821016	-0.043674455012461602
1543	0	0	0.0063412171369791742	0.062594896786633436
1544	0	0	0.029447030606440223	0.33298695613760032
1545	-8.4691836761080502e-05	0	0.014331194301779242	0.072733672913541131
1546	-5.9216321617122647e-05	0	0.020136479242883466	0.16129164902143245
1547	-6.0348523761166727e-05	0	0.023042329703470529	0.17048827759781196
1548	0	0	0.01349480403049276	0.15943551254383392
1549	-8.4808818618312126e-05	0	0.016058829869630524	-0.11231726638204365
1550	-6.7516866169420323e-05	0	0.023918346517493722	0.35757367549580416
1551	0	0	0.009253911238837273	-0.083418396114898222
1552	-7.3579825168984542e-05	0	0.032014406109371271	0.36016206094969455
1553	-0.00015485691603139007	0	0.025869846717743662	0.29488261406864213
1554	-7.6556056691445826e-05	0	0.014034975706564515	0.042494681516260437
1555	0	0	0.0089544523935102451	0.10798849885239818
1556	-1.9016306280439377e-05	0	0.018619482982710305	-0.033884034431605342
1557	-8.0185424449430442e-05	0	0.031908347684135911	0.311551438621057
1558	0	0	0.012430521886867435	0.11127710647286024
1559	-0.00011058742624038831	0	0.013145059702498449	0.10955492669565285
1560	-0.00012965635735827651	0	0.030412553233364871	0.27335909408935555
1561	-6.5420557962647677e-05	0	0.030878960387300963	0.33169080463603384
1562	-0.00018636656415038088	0	0.02537134352795619	0.25238891258573637
1563	0	0	0.0081767710767315319	0.14725379095450936
1564	-0.00017211505009592231	0	0.023599505172870704	0.16147123418344811
1565	-3.1843608264792159e-05	0	0.0099177404254685193	0.12455161226175356
1566	0	0	0.01558855670513532	0.14281492804858839
1567	-3.544867066810342e-05	0	0.018412331560746398	0.21670937142963415
1568	-7.8363713492790588e-05	0	0.01507274036356852	0.10562773659609222
1569	0	0	0.0060689653479723106	0.017608601167765664
1570	-4.6039728259889003e-05	0	0.018279060384862766	0.044888219211623233
1571	-3.5622556545095164e-05	0	0.01827843537427638	0.41548644654355416
1572	0	0	0.010219930345715399	-0.14617947401553794
1573	-2.813947237602088e-05	0	0.0093233017497811287	0.14345204906555287
1574	-4.8858505608140315e-05	0	0.017515939582131469	0.13046705358173871
1575	0	0	0.014680163886046316	0.20918901958648606
1576	-0.00010542276366843905	0	0.030827177990540428	0.23546910484270275
1577	-0.00018416392921863923	0	0.017646357626658025	0.1171220949046011
1578	0	0	0.024296393441035812	0.234703412860572
1579	0	0	0.023228972207691843	0.30712041723044886
1580	0	0	0.021056760985014192	0.29966549418313898
1581	-0.00013160185554997593	0	0.019520158078380336	0.18485198030476638
1582	0	0	0.025320899360082649	0.19824709855687844
1583	-0.00011147952287983987	0	0.021801343701633495	0.22842499774153885
1584	-3.793529949898122e-05	0	0.022355628994288872	0.17676466158707957
1585	-1.8708404802914026e-05	0	0.026837732437012214	0.36580902153968775
1586	-0.00013794929479478689	0	0.020733655922595278	0.24827758321828317
1587	0	0	0.013099158662188835	0.14621981579983312
1588	-0.00010773193100257483	0	0.028830951920006988	0.25290740226014352
1589	-3.1125980212154401e-07	0	0.019952849060412444	0.11835002016074134
1590	-9.4013513696983303e-05	0	0.019876413878076361	0.053873193401117833
1591	-0.0001105179780783394	0	0.025842696535017955	0.16754954849691767
1592	-2.5243796996499147e-05	0	0.032376843091314347	0.48552171263261334
1593	0	0	0.023203913228717708	0.2061957687672146
1594	-3.7490851914717679e-05	0	0.013730359828905145	-0.018999927144546864
1595	-5.4290928461531165e-05	0	0.022038951792431666	0.10908341370712189
1596	0	0	0.023152731416374597	0.2759685293661191
1597	-0.00014448477845421248	0	0.022265943877611237	0.24178389454454238
1598	-0.00018701689424968361	0	0.017215255883583237	0.09927011856461658
1599	-2.3997921965723812e-05	0	0.025579746562194638	0.27121719346769912
1600	-3.0892742283405994e-05	0	0.0099972784097842517	0.096134834602376679
1601	-5.4788361515284435e-05	0	0.017545929644964233	0.28007254690468991
1602	-1.7551930718529009e-05	0	0.014094864505579088	0.044108333128398555
1603	0	0	0.013772259526634504	0.088835421602261683
1604	0	0	0.0091594899122154957	0.21438637938457053
1605	-1.4666031095483812e-06	0	0.010872721753524999	-0.12546627141817118
1606	0	0	0.02867790168376505	0.27862926280599953
1607	0	0	0.023828870708904944	0.16514455130044903
1608	0	0	0.027513031729519417	0.18803430474610366
1609	0	0	0.017685336834249256	0.14488176979354944
1610	0	0	0.027533313510975432	0.39563692738865719
1611	-1.8442398696943973e-05	0	0.024061125947704688	0.14366077270365549
1612	0	0	0.0075236025930090818	-0.069377064002184921
1613	-6.5602005984133355e-05	0	0.026838470123575753	0.24824149856345992
1614	-0.00018915408625916341	0	0.021165303237499235	0.18605152781824671
1615	0	0	0.015660501522297809	0.19119903740234506
1616	0	0	0.023804355857491175	0.44070163744829138
1617	-5.7713010631060825e-05	0	0.020738314427179674	0.20232896252842258
1618	0	0	0.011598070813252476	0.089314246779795325
1619	-4.7272768239370323e-05	0	0.0086959123134590279	-0.0053478872340306126
1620	0	0	0.0062733236840762877	0.18981582645415157
1621	0	0	0.018904583282647557	0.21302228643239546
1622	-8.4719783730424769e-05	0	0.029880108114957626	0.30751749146314949
1623	-7.9032774169651709e-05	0	0.024518625723766268	0.30223451524972644
1624	-2.9718392916899818e-05	0	0.01478429863832147	0.098231783798247846
1625	0	0	0.018379604996400036	0.24934353981319304
1626	-3.4832010872809517e-05	0	0.021617914089963854	0.18593274068174148
1627	0	0	0.020935801514082142	0.24276622763156536
1628	-9.0266520070936274e-05	0	0.024854229910442817	0.24225237000203109
1629	0	0	0.014977873064482259	0.071095202518916614
1630	-1.8131265186172029e-05	0	0.019899902044675739	0.20480243491950817
1631	-3.9074220035137387e-05	0	0.022996002389245474	0.21366051097080668
1632	0	0	0.015790240204985768	0.33708352704412359
1633	-5.8408430678119626e-05	0	0.020769972306306013	0.30578090749016945
1634	-8.7841556383994041e-05	0	0.015427597436928897	0.21228830437462456
1635	0	0	0.016502848153746842	0.23625363292764745
1636	-9.16064717044307e-05	0	0.015944534637053934	0.3539629736501349
1637	0	0	0.012567885264340981	0.10180422372118518
1638	0	0	0.017982134003625246	0.12735084635799074
1639	-5.7651975223732553e-05	0	0.027056791283850544	0.44146415123652877
1640	0	0	0.011500671189493697	0.10356825501182931
1641	0	0	0.0070203812316738693	0.10944737637773912
1642	-0.00014563956644800813	0	0.025905952594286113	0.34982114831819755
1643	0	0	0.015590925395459865	0.21327925325541414
1644	-1.916188200445923e-06	0	0.019864009000616557	0.22404520191001936
1645	0	0	0.025393873301125559	0.094145676322242619
1646	0	0	0.0099508545399544616	0.048261667321232805
1647	0	0	0.016828485334779791	0.19357615884914139
1648	0	0	0.022900930731762324	0.28373450758230095
1649	0	0	0.0068475962300092678	0.15875100441459827
1650	0	0	0.018067144278271864	0.05479775106395561
1651	0	0	0.01141113808200615	0.18676316703055806
1652	-2.5025523815189187e-05	0	0.017431209700457709	0.17341925076923842
1653	0	0	0.021404425895378509	0.28753639268104519
1654	-8.8704615553314439e-05	0	0.022618644251702198	0.18971106765614515
1655	-8.3388132413392271e-05	0	0.026106925852425709	0.28815919248676086
1656	0	0	0.017605850175801747	0.10871017121648004
1657	-9.9111410744320833e-05	0	0.026637361384027024	0.27122375218950012
1658	-1.7026720709700794e-05	0	0.013871643671596171	-0.0027252213174076556
1659	-2.2924322851342048e-05	0	0.019314234921333884	0.11248354375417217
1660	-0.00012381047446648473	0	0.024984494184267601	0.30289409768789782
1661	-1.715598314792066e-05	0	0.019481301615799959	0.23049178149845351
1662	0	0	0.016668261401985539	4.9939028725754649e-05
1663	0	0	0.022799779608609596	0.23190420835102041
1664	0	0	0.0095892214606236002	-0.0057450242985934196
1665	-0.00014169653587027818	0	0.025310421861997195	0.17553921775754378
1666	0	0	0.009447554656091723	0.28902729731696403
1667	0	0	0.015953604645536544	0.33295582797960421
1668	-8.6338528084117788e-05	0	0.01985190384625261	0.32128698143486611
1669	-0.00010556193230548127	0	0.027243563606465258	0.25276541512342304
1670	-3.6617228290358736e-05	0	0.027953839788335634	0.34694486999429203
1671	-7.6724388520993392e-05	0	0.021858596484329536	-0.2081764255403023
1672	0	0	0.0094382310109062308	0.18594138068676741
1673	-0.00017268692283673725	0	0.016346467652654888	0.27754527042605043
1674	0	0	0.022801001282725455	0.22392756392385352
1675	-1.7238932208252235e-05	0	0.026563842732134135	0.25628730075610245
1676	-0.00042337957452320276	0	0.021838759469158441	0.22669236840059076
1677	-8.3275783058212041e-05	0	0.024922469342942281	0.071407761564431405
1678	0	0	0.023959059331903801	0.15301159785972343
1679	-2.292796006179154e-05	0	0.013939989141744571	0.24877946682472479
1680	-6.2002846097919391e-07	0	0.030944767138656303	0.49412596066987352
1681	-0.00011233108993812801	0	0.023871211346045969	0.12470093398568864
1682	-7.898857708850682e-05	0	0.0085516953294805242	0.032726586424257922
1683	-6.1801412423967414e-05	0	0.018129124600109937	0.020596169970249517
1684	-9.4789059559841071e-07	0	0.025684256141759242	0.31728786961773048
1685	-8.7020802437742789e-05	0	0.012049062838989554	0.21810974656958951
1686	-9.5816027805167842e-05	0	0.020151314380685414	0.13658177247524578
1687	-0.00010370692210585619	0	0.029945052646455982	0.22957509755557051
1688	-0.0002149798457993679	0	0.017604237060433146	0.27712967161201996
1689	-5.2675640508137447e-05	0	0.018861575915392319	0.21785619224784497
1690	-5.2919466118550583e-05	0	0.018155157537865334	0.20330216256479602
1691	-0.00010640509935577191	0	0.020441823455574167	-0.047370143177787281
1692	0	0	0.0078471128027674704	0.23808560527477501
1693	0	0	0.012965286678615748	0.31908125827440947
1694	-0.00014961443723314759	0	0.019228515957940166	0.20060307106519409
1695	0	0	0.017152609349854901	0.23949048830054029
1696	0	0	0.022794308214389925	0.033983325908548266
1697	-0.0001543291088278831	0	0.018309244592635294	0.30074712740019621
1698	-4.9467074449005553e-05	0	0.025373391995017758	0.36508690758645018
1699	-0.00017071122176101904	0	0.029182428508039048	0.2638270468294498
1700	0	0	0.02095726887340376	0.16530371719662046
1701	-0.00013182697058176929	0	0.025647784637226299	0.26342087465183572
1702	0	0	0.010161917223558994	0.17262545231912765
1703	-9.6075636165410258e-05	0	0.022016685752929331	0.11859478272520869
1704	-0.00010988468099223936	0	0.023154043387292968	0.30762769396757866
1705	-6.9434916252464335e-05	0	0.024402452711881767	0.2020795918091256
1706	-6.9807564512916478e-05	0	0.01612955329231882	0.15109553534941389
1707	-0.00011436518013095976	0	0.020200130328585905	0.13233256497462129
1708	-2.723187069969546e-05	0	0.020477722935583989	0.1855774246968393
1709	-2.1340748199244475e-05	0	0.027131638030392407	0.4482824623245697
1710	0	0	0.016793787550094232	0.11086393927880489
1711	0	0	0.0080350578092010377	-0.024713353476695277
1712	-5.9125380092461818e-05	0	0.029461738927215951	0.29695199245399945
1713	-1.8391919464311181e-05	0	0.018064192841050368	0.12411082726440233
1714	-0.00010545414412438392	0	0.021507434379362509	0.26050257642790431
1715	-0.00023243562056770583	0	0.030298586688628969	0.40028505335747805
1716	-0.00027785342519785208	0	0.024309359118279011	0.070954569564210507
1717	-0.00020623378637724677	0	0.029300832100573139	0.34789664959087857
1718	-5.6972100056296157e-05	0	0.020603283885158523	0.034861749056819449
1719	-0.00023816127884153938	0	0.022571406911215144	0.067768783121605003
1720	-0.00010316331106221543	0	0.020458142392472869	0.12398044323763446
1721	-2.577146078930337e-07	0	0.029667025264243984	0.39266275105269577
1722	-0.00014458957183031141	0	0.02136943365369336	0.22392101614953677
1723	-3.2526194240140025e-05	0	0.0074612717721001505	-0.017560265740653547
1724	-0.00010902135309518446	0	0.020048005092963485	0.14287680717391898
1725	-6.4357992419583626e-05	0	0.028836897558865548	0.30225193952105406
1726	-6.1516829068336551e-05	0	0.024235514622711375	0.3319474765293432
1727	-2.7832956991374892e-05	0	0.030517825583042623	0.077058151007755302
1728	-6.7522531712388428e-05	0	0.013070541922064249	0.074636754197286548
1729	-2.7036391319057439e-05	0	0.016187368725898432	0.058518823362560202
1730	-0.00017593274455214857	0	0.027384716923940022	0.2333630944081623
1731	-5.6118907214147698e-05	0	0.01431241515000754	0.2360510018892874
1732	0	0	-0.0011640299986337838	-0.11530284041684262
1733	0	0	0.0088596598519989217	0.050107745842646698
1734	-1.1558683028378702e-06	0	0.011277571067719695	0.21977387982071789
1735	-0.00017923568136840595	0	0.036772712690773077	0.32910521972311535
1736	-0.00031126046366390382	0	0.025437450845844665	0.33562468010072033
1737	-0.00013365025569047061	0	0.021632879296412933	0.25260405848109535
1738	-2.2770259202054001e-07	0	0.0094410787049178241	0.040533086107514008
1739	-1.9379638289263036e-05	0	0.033933646315261884	0.1979340968791366
1740	0	0	0.011848477166108498	0.23603800067884123
1741	0	0	0.03038594841506425	0.26139329014429113
1742	-0.00015672289313135024	0	0.022380600510920966	0.30482832296402035
1743	0	0	0.026349801759506943	0.19943075518631873
1744	-6.056999887592007e-05	0	0.016644382098413967	0.11621314085637342
1745	0	0	0.0095151903969898609	0.29881898322348921
1746	-3.6557664436809299e-05	0	0.023289039253709745	0.025252948747451608
1747	-0.00014317616456707428	0	0.021799188869261292	0.35136783321353915
1748	-4.7901925928456325e-05	0	0.024297253791815288	0.22175977524553914
1749	-6.2315556235514885e-05	0	0.018395954098338146	0.35161690454921768
1750	-0.00010124191779237735	0	0.022826948640611293	0.081762139671852072
1751	-1.993131077241972e-05	0	0.031259635749040983	0.24615562172341096
1752	-0.00010961610249451414	0	0.025975789873176724	0.34154029555251419
1753	-3.9568981404231039e-05	0	0.020952145880746877	0.12845900680883335
1754	-0.00011859024561415854	0	0.025941077362265773	0.30810551680725506
1755	0	0	0.0060917446608616116	0.11363108389848034
1756	-0.00021665795515096731	0	0.028803353594112534	0.16535935467342258
1757	-3.0005384093156896e-05	0	0.013021698677404381	0.18546267553793205
1758	0	0	0.003254109226478852	0.18529537005265578
1759	0	0	0.011313839022903633	0.15353997149946852
1760	-4.6659640448454275e-05	0	0.035408485704599826	0.29609671443189234
1761	-2.3515940019502858e-05	0	0.023075947641107354	0.31662479336622001
1762	-9.9303102053871492e-05	0	0.023163857588097213	0.21659181003883582
1763	0	0	0.017014899419716945	0.10871167434863169
1764	-5.2128828674002925e-05	0	0.030239577541584461	0.17482501431766181
1765	-1.9803156337261374e-05	0	0.026947180668743308	0.48725429165035211
1766	-9.2492614804656764e-05	0	0.01647589129572619	0.19949922767291972
1767	-0.00010063747010916058	0	0.02207331758760555	0.20266869232917673
1768	-0.00018198107131947027	0	0.016526279169458948	0.15488562546040807
1769	-0.00011874511032405056	0	0.011551483768775937	-0.010883119962544712
1770	0	0	0.01360382300517048	0.15755589510113918
1771	-4.9969386971504545e-05	0	0.023499270967028484	0.35063801842211717
1772	-2.1436208095509946e-05	0	0.014795364529756546	0.076091331573175991
1773	-0.00011730171978120151	0	0.024985694681716498	0.13598032685222067
1774	0	0	0.017233582012580857	0.16592395074454541
1775	-0.00021366602192833816	0	0.02586139705773478	0.28207138774341034
1776	-5.1608858734991656e-05	0	0.0086825058046246274	0.018401142719762075
1777	-0.00013034509484863288	0	0.023074954671104313	0.10922096039936897
1778	-0.00023679946793885853	0	0.015885457738110884	0.15037362143681041
1779	-9.5654774768083595e-05	0	0.013469217455542476	0.02739822672386074
1780	-2.9155097198979572e-05	0	0.024154516418995971	0.15545133174859099
1781	0	0	0.010778637930749711	0.10651705740613124
1782	-2.6742862949430402e-05	0	0.016951079939042636	0.16932664555912252
1783	-4.7965394063415043e-05	0	0.017350845147937687	0.22783784303615323
1784	-6.0737634659518981e-05	0	0.014041870204898468	0.020537856844991438
1785	0	0	0.010110910241060015	0.19907759135406528
1786	-4.7593140513532697e-05	0	0.016516350511731271	0.062237170468103731
1787	-2.312649265037714e-05	0	0.02162469668580002	0.18618155125025934
1788	-0.00013973604376810999	0	0.020368779982238561	0.2023755471410002
1789	-7.7532207185282415e-05	0	0.023524736992026535	0.0055078674598848746
1790	-7.9951738624739477e-05	0	0.031371495600842486	0.30430929099852977
1791	-5.4188605294003264e-05	0	0.020285342773860696	0.16301635105496376
1792	-3.2750982389029293e-05	0	0.013605877710013311	0.26042090143633478
1793	-0.00010286927267470491	0	0.026143618943639528	0.23440149939632304
1794	0	0	0.025363709443988358	0.20206469947282235
1795	0	0	0.026459891306947293	0.34426212609674262
1796	-0.00010970271497727224	0	0.023455907871463056	0.32676249873674357
1797	-5.8527755540782597e-05	0	0.024032060085169112	0.35022251700527468
1798	0	0	0.02315135523888347	0.30929555225346339
1799	0	0	0.0039907422569644161	0.13673202066135798
1800	-4.9367257545823715e-05	0	0.0084666016781858172	0.085001500214758025
1801	-7.0486269849728828e-05	0	0.014714681600783874	0.18127125362363619
1802	-5.5861409640106666e-05	0	0.017497506409238528	0.13203572375784295
1803	-8.3634430992379771e-05	0	0.024143561746801667	0.32821248773909184
1804	-5.4360543902320922e-05	0	0.032335848958724447	0.1070504191549817
1805	-0.000154602300933665	0	0.0228429522411405	0.33250248824012341
1806	0	0	0.018882649449228048	0.32056054634670161
1807	-6.8918740578638446e-05	0	0.0093566278595538423	0.10862884619136275
1808	0	0	0.025710149592250087	0.21748668315261899
1809	-8.0826660766741834e-05	0	0.022499854457804221	0.083027847433546284
1810	-8.310109569314994e-05	0	0.018419744675948715	0.0084425720631400407
1811	-0.00012558836010005681	0	0.020079828033598975	0.049105905000097129
1812	-1.4842005284654292e-05	0	0.02426826323030767	0.35888247004831947
1813	-2.8621573025705559e-05	0	0.018057749440381174	0.21569206212745975
1814	-4.6302012594034993e-07	0	0.019691151450169964	0.27006192948007607
1815	-0.00018526224613234498	0	0.017672487788256679	-0.048051248821252127
1816	-0.0001113601294233879	0	0.02745968950974682	0.37565823590388925
1817	-9.5108652872927241e-05	0	0.023294258513488406	0.28019519524781522
1818	0	0	0.01651883462572459	0.14423946891492953
1819	-3.1580373409068049e-05	0	0.020347123049450237	0.29741867974388414
1820	-0.00011207214981229786	0	0.021991570050087887	0.16467625465631164
1821	-0.00011902037456564817	0	0.009098742328526083	0.078328877818170453
1822	-5.1182763769677676e-05	0	0.023857726460063438	0.28574614369034101
1823	-2.4964105101715762e-05	0	0.02463306722340549	0.24624501901154366
1824	-3.2734464623268565e-05	0	0.013475099737581006	0.16504675659086537
1825	-9.6219507710884614e-05	0	0.015225571340509166	-0.040147787903554048
1826	0	0	0.029841971920535493	0.44786578496403412
1827	0	0	0.0052592562257187166	0.14465739011380957
1828	0	0	0.01695500919691054	0.1596445151542126
1829	0	0	0.019354009415971214	0.20569978972986186
1830	-0.00012380867673252859	0	0.040685015471093551	0.31702116661748847
1831	-1.2236291355938179e-06	0	0.017579103936941523	0.22750142579955623
1832	-8.2724573062881168e-05	0	0.024841916544302782	0.12490349560764073
1833	-1.2305127068623634e-06	0	0.020740425652713994	0.41916237646863175
1834	-6.8438933404330049e-05	0	0.026643329408120125	0.3863786402184079
1835	0	0	0.013495308946823274	0.16956063295993079
1836	-8.0582479672153257e-05	0	0.028289958905473422	0.36642279956791113
1837	-4.0746470374491973e-05	0	0.010890605718776317	-0.10599808379096172
1838	0	0	0.010347822092583326	0.0096398564728435547
1839	0	0	0.019567570247013808	0.17177424820133363
1840	-9.6862817415449559e-05	0	0.019526685286321507	0.19692244334244857
1841	0	0	0.029254702953691557	0.29374244903753921
1842	-9.012067276842895e-05	0	0.022259830668825323	0.19009578691441947
1843	0	0	0.017674629928600843	0.36060147088736344
1844	-9.2927414507337769e-05	0	0.028343409055878253	0.23872457704539526
1845	-0.00013765902476795545	0	0.013999440489880232	0.11978482598559967
1846	0	0	0.012311521079238979	0.18280259097843038
1847	-5.3029045635399895e-05	0	0.012740316832285856	0.033821031849031111
1848	-8.28817473411736e-05	0	0.033091533339343435	0.32816892822723986
1849	-3.9680990003343464e-05	0	0.022871720861960699	0.37370650560679364
1850	-0.00011966529063406339	0	0.024192600131318447	0.22458730151706044
1851	0	0	0.023294890796910252	0.23351365454470452
1852	-0.00011464122568152212	0	0.023408355529444196	0.09717578250661052
1853	-6.5434423725030388e-05	0	0.011205536941703476	-0.0085188959764834933
1854	-0.00011560493388822202	0	0.013501985501294802	0.058287537476356913
1855	-0.00016150889278996884	0	0.021844818856167639	0.16935258770966791
1856	-1.5930039259720585e-05	0	0.018804982012421711	0.20195821251092441
1857	-3.6226001563033348e-05	0	0.018645577274713908	0.30651259366181127
1858	-5.6081799558166387e-05	0	0.016523478500661125	0.1276448642807218
1859	-5.0792453690612359e-05	0	0.030557941381587961	0.31672631038720539
1860	-1.5705788269110287e-05	0	0.027661809720675817	0.34791068803544728
1861	-5.6815671916615741e-05	0	0.011814871505691193	0.13460174931158217
1862	-6.8341064246013608e-05	0	0.019674035521056371	0.12214945853351708
1863	-4.1551288778923777e-05	0	0.024174874276131006	0.18312030018016007
1864	0	0	0.023182603656711355	0.35857416344599946
1865	0	0	0.021449042208377702	0.07246173425782107
1866	0	0	0.013325652698715773	-0.11241375537929796
1867	0	0	0.011206717656302536	0.18437418646060072
1868	-5.1401908137310717e-05	0	0.025143774216618276	0.20142981422723411
1869	-3.4006084829274477e-05	0	0.025573413044693277	0.29030591909880166
1870	0	0	0.015431958812245647	0.25239414625952056
1871	-0.00011055438544005369	0	0.018489415082038198	0.18670575385880489
1872	-0.00010488059504811797	0	0.025720432332077169	0.11138684028387087
1873	-8.160321098555357e-05	0	0.017147876227932332	0.098460475107497225
1874	-0.00014676923901703608	0	0.017858307213524147	0.10557927363838741
1875	0	0	0.012063039852346937	-0.03863434298530917
1876	0	0	0.01628162481234105	0.29698069658963017
1877	-6.1066247318031236e-05	0	0.010521136381060095	-0.066202580177634959
1878	-4.8677356715259858e-05	0	0.018768568705411222	0.35064251215090564
1879	0	0	0.00951978722175921	0.10544520902675428
1880	-9.7246344535878435e-05	0	0.015619261411828225	0.15992100328484518
1881	-5.4780315599317622e-05	0	0.011925352497501592	0.20092126916408706
1882	-3.2448721087141588e-05	0	0.024287259804918436	0.1562028211419669
1883	0	0	0.019199253379828939	0.021684565627754015
1884	-6.4321703029790453e-05	0	0.031649606850497218	0.29027147790705132
1885	0	0	0.010933758030996953	0.17523880697314245
1886	-2.9815508710406836e-05	0	0.022916791877786596	0.19922657416399361
1887	-6.8524698773042572e-05	0	0.026301318796897222	0.34651380608816668
1888	-9.1152483385759096e-07	0	0.016500722622359749	0.14270719851265765
1889	-0.00011597328559032339	0	0.018733250207760212	-0.078182548614683656
1890	-0.00011977033729411724	0	0.021500941187049406	0.15162262235483828
1891	0	0	0.02608302661602413	0.26253215911936956
1892	0	0	0.013661482652469673	0.12390078743744096
1893	-7.2344719039324484e-05	0	0.030862015115192376	0.21873723406641074
1894	0	0	0.0088850542235589837	0.12971792933427262
1895	0	0	0.0098982540865186659	0.050629375083576386
1896	-1.3491043246566247e-05	0	0.021251236554920092	0.16081931483956566
1897	-2.9918993855673758e-05	0	0.014886341234110107	0.19983340674394653
1898	-0.00020809722295070664	0	0.030966071265685645	0.42088350555000248
1899	-3.6952230616044132e-05	0	0.023294425783340879	0.26952369144857918
1900	-3.1635385925901646e-05	0	0.017883040412866889	0.072566217260283353
1901	-5.1805346877392691e-05	0	0.011240621278883875	0.038818951162620741
1902	-1.5632993094205627e-05	0	0.016927918850382272	0.13520548285808986
1903	-3.4259963740557178e-05	0	0.0173079746911876	0.11152004847754089
1904	-7.8674006935391944e-05	0	0.010339825069865832	-0.14053948627835475
1905	-7.7640966645453618e-05	0	0.028022924437164476	0.27607349931493658
1906	-2.7098359232546888e-05	0	0.020082641049210495	0.0046342420410747324
1907	-1.5273433327728237e-05	0	0.017157955939237447	0.21959591999378653
1908	-1.5218241401343535e-05	0	0.020034935097522823	0.32623724222591299
1909	-1.0130145704723149e-06	0	0.020375932183761908	0.13315149035276291
1910	0	0	0.017315136907500729	0.2708168552409847
1911	-1.3549703427750969e-05	0	0.012700328342275297	0.003856385909889981
1912	0	0	0.021703164084485117	0.35184686848085672
1913	-5.7455177499421416e-05	0	0.031530340610491994	0.30404375607936723
1914	-0.0001069220698042661	0	0.034271857645534261	0.41749270283762502
1915	-5.8139183902738976e-07	0	0.012572589505834234	0.18229713211279636
1916	-5.5608892573849603e-05	0	0.024546140806620823	0.27261486407303515
1917	0	0	0.0070845020439978422	0.15123660152925048
1918	0	0	0.029853517255722765	0.32387869347810999
1919	-6.061344196686136e-05	0	0.0238075309000268	0.1965607174630887
1920	0	0	0.024452718627801313	0.27973098504505062
1921	-5.3091441450048293e-05	0	0.028460835613444695	0.43017630309153604
1922	-0.00017880884882259807	0	0.02071904287163193	0.22679498760310021
1923	-0.00017644296755328637	0	0.016041166451420862	0.16541500813123983
1924	-4.5810595721113014e-05	0	0.019394631517121706	0.19285904443880333
1925	0	0	0.019510517584650174	0.35540740334759446
1926	0	0	0.019506296277046788	0.159002613979709
1927	0	0	0.011751246367300516	0.15257063267864415
1928	-2.1519684673931837e-05	0	0.016659977108826694	0.12165748332609223
1929	0	0	0.01157030814022585	0.19827654914608908
1930	-4.9596773013832474e-05	0	0.02641039204125261	0.33444832857904794
1931	-6.9438669775234713e-05	0	0.023659438990243011	0.17045810841537884
1932	0	0	0.0094723541238432938	0.10218012531572618
1933	0	0	0.0037969333187916621	0.096464548812895262
1934	-4.2488057109751895e-05	0	0.023363620017717687	0.37333717515106979
1935	-0.00024327303898754593	0	0.0186441311286916	-0.10231321760323989
1936	-6.4780233249692171e-05	0	0.013270144832745547	-0.044915239564360637
1937	0	0	0.013340884085820492	0.21188063030982307
1938	-5.9871322035004447e-05	0	0.021534811546687203	0.11585537736944325
1939	0	0	0.0058548665886715675	0.041863819283238395
1940	-2.9029781003786504e-05	0	0.020012246381290948	0.090011367303543061
1941	-1.8702895812999776e-05	0	0.022019822104521258	0.21745235160993132
1942	-0.00012563984583098818	0	0.02379993937984403	0.25865608684516472
1943	0	0	0.018480713789749737	0.16386398114320772
1944	-8.7195614054313969e-05	0	0.024417119827614804	0.1684202114657995
1945	0	0	0.024908890184727701	0.34769587995715412
1946	0	0	0.020541202241938217	0.40804902406391463
1947	-2.3275909412867613e-06	0	0.025175731692992264	0.32460899119387376
1948	-0.00010116086776110756	0	0.027971198102915918	0.083516360620449245
1949	0	0	0.0072405058276238665	0.18511909207687455
1950	-3.9666078251404667e-05	0	0.032996620695738513	0.46832429972360234
1951	0	0	0.018949820841768494	0.16190652101892267
1952	-8.2723039095311529e-05	0	0.026711061403815978	0.25042005301097703
1953	0	0	0.021020175912973119	0.28389221462770203
1954	-4.0957201300484416e-07	0	0.024688991273126133	0.33829399425851647
1955	0	0	0.0067573779466403774	0.0043935670816359854
1956	-0.00012614335150148425	0	0.025357801441826401	0.23435353741206733
1957	-4.8538442334999929e-05	0	0.016447844144499242	0.25702693130533472
1958	-4.3408270682110395e-07	0	0.023122844829655508	0.12722801101731626
1959	-0.0001077205525425784	0	0.019759667138132181	0.12722349491819532
1960	-2.4735566418204735e-05	0	0.017486914347020238	0.30516559754486872
1961	-3.503054583470222e-05	0	0.020927838663453598	0.21796300109112221
1962	0	0	0.021434787732584622	0.30491327276590396
1963	-0.0002135612980021323	0	0.026452009919464281	-0.11697467011580336
1964	-0.00010589284313068381	0	0.028696897511666784	0.085612931755088856
1965	-2.8409827074349358e-05	0	0.019031428509835149	0.14857019263648302
1966	0	0	0.0074736693125461856	0.25058399103522128
1967	-5.9784145043478844e-05	0	0.02555079680131565	0.33191288473262098
1968	0	0	0.0064500506299651206	-0.12129762126171713
1969	-9.6254439151999274e-05	0	0.018098094766620384	0.21088073836816984
1970	0	0	0.027691747329372483	0.3406094167267702
1971	0	0	0.010897242514798802	-0.0088621192289475795
1972	-1.9599144848614358e-05	0	0.019328368050688459	0.27071159700782843
1973	-6.1154329256812859e-05	0	0.016450558969085729	0.26076658082210674
1974	0	0	0.0011391823309391536	-0.18635328454933067
1975	0	0	0.014262182701344814	0.25491680601931627
1976	0	0	0.013996105043817191	0.16258564217580038
1977	0	0	0.017175020627608027	0.20927091848862797
1978	-4.7087804761924978e-05	0	0.01940477268829803	0.22758308744381894
1979	-0.00016433297083244259	0	0.029774043052476856	0.31885241754374727
1980	0	0	0.024273065515352431	0.25833873482362435
1981	0	0	0.033084926376232608	0.46277977057886377
1982	-2.3076129181509586e-05	0	0.011991102368039842	0.11339254211969514
1983	-0.00015607128795044889	0	0.028910614668127756	0.2438255900132435
1984	-4.055786932636307e-05	0	0.025301761313585979	0.34591574509286338
1985	0	0	0.018627581509140848	0.12606712799826472
1986	-1.1718733893328891e-06	0	0.030972602049601117	0.45335172878995394
1987	-4.08141046708832e-05	0	0.025924870557015266	0.42271472335144222
1988	-0.00016588675486632344	0	0.0086562053554755328	0.11536278451925633
1989	-1.5594820060776948e-05	0	0.018795639828488135	0.013449787695405039
1990	-0.00017586217569620088	0	0.03737526468149769	0.49839075094146201
1991	-2.2360355947659283e-05	0	0.011050414905703387	0.23920092693535175
1992	0	0	0.01488151651854891	0.18842407366159575
1993	0	0	0.019086918369635129	0.33087858725891567
1994	-0.00011290677140683158	0	0.018938029598139429	0.033443622653327398
1995	0	0	0.016222724500379943	0.17116799093992738
1996	0	0	0.010143013569195797	0.078150793434293722
1997	-5.7725635580135878e-05	0	0.019990864805931895	0.23452982459082525
1998	0	0	0.01471443601807872	0.16246986890247919
1999	-0.00020966788133450209	0	0.026017068263783936	0.2927527047655844
2000	0	0	0.015892802865614779	0.18347909422948777
2001	-8.971144037442369e-05	0	0.016693910075924655	0.27110735884494075
2002	-7.0621153000305364e-05	0	0.028723076926868631	0.4294375637330915
2003	0	0	0.015548668328743145	0.13710245750822855
2004	0	0	0.013408498122655533	0.053706720954768451
2005	-2.7402788050057135e-05	0	0.018194079429884616	0.2161861787104363
2006	-5.5726063155919772e-05	0	0.017352981113357643	-0.025810200053877186
2007	-9.1537813901931828e-05	0	0.025717610130956914	0.21830155791500605
2008	-2.9218294003052759e-05	0	0.032986902662930584	0.38856816815346901
2009	-2.1035392665602613e-05	0	0.021915624811254024	0.28519557598315537
2010	0	0	0.018114649075993368	0.30651664811826962
2011	-3.0723632876539231e-05	0	0.013647617099578221	0.31612910369614755
2012	-5.0665147443101907e-05	0	0.018170752333348077	0.20076328017377271
2013	-5.9997204741035761e-07	0	0.016091407731071129	0.2048931711431104
2014	-0.00012468358872866347	0	0.01646577579437937	0.1402701575811745
2015	0	0	0.016327764566048852	0.16589751125120306
2016	0	0	0.010119396604465975	0.25239586526147662
2017	-1.5657423147802384e-05	0	0.016268765686227978	0.10656485418786946
2018	-6.9950861846157503e-05	0	0.009595430703077671	0.1266040323037671
2019	0	0	0.028911805190506162	0.22473501801815363
2020	0	0	0.021603119657857883	0.21411724371310231
2021	-0.00013201560811355596	0	0.015114762245865304	0.17211918008734337
2022	-8.2239943229070461e-05	0	0.019065059850022787	0.083012873452176145
2023	-0.00018350654973905422	0	0.038324880108637452	0.4079979193042953
2024	-4.7481590466308397e-05	0	0.017943777774566381	0.24103960274462874
2025	0	0	0.014776335797449131	0.096976954363733547
2026	0	0	0.023307514143068569	0.42436149812849405
2027	-6.8021798083178758e-05	0	0.013119532729368799	0.17994345448935647
2028	-0.00015942929719138245	0	0.029261954795670765	0.27396680028183268
2029	-0.0001028316026225079	0	0.012571091060534959	-0.031234013612217483
2030	0	0	0.023493350646175647	0.011647452983034445
2031	0	0	0.019401803463697725	0.38505653628698189
2032	0	0	0.023410756423703119	0.29674407756689003
2033	0	0	0.010645203364673197	0.058276135752607906
2034	-0.0001213782925960083	0	0.028901527140958172	0.073565773270036217
2035	0	0	0.021321556857798053	0.26197239311950415
2036	0	0	0.02414629842620325	0.307238219352159
2037	0	0	0.019132961754746377	0.19123245706989722
2038	-8.3715046909277333e-05	0	0.014361136484729347	0.2381706606772748
2039	-1.8615745119365813e-05	0	0.015601175282133442	0.15307695779054104
2040	0	0	0.0091796553108086515	-0.049742529316069851
2041	-0.00014052356393352562	0	0.013166700484156867	0.12441886595554599
2042	-8.0497151200703554e-05	0	0.024602956593634852	0.25043061517955284
2043	-4.6183486024947706e-05	0	0.020335781296808589	0.080883602601746096
2044	-0.0001380137540091031	0	0.014291344345607828	-0.097674414702540416
2045	-0.00033238153395504508	0	0.025859264206560088	0.12807665345668326
2046	0	0	0.027105951754657086	0.35796573279564425
2047	-0.00014648080974002386	0	0.027920477956801765	0.22831797216848432
2048	0	0	0.022776518974001521	0.20093584570659023
2049	-0.00010732957206586735	0	0.021255832966456795	0.17980574447566727
2050	-2.5162587545812799e-07	0	0.01575379910211552	0.099631786667051914
2051	-7.8806291754557339e-05	0	0.020119072792400879	0.14793101853224216
2052	0	0	0.027279227501833581	0.40597995606621834
2053	-7.7046546435549648e-05	0	0.022596787360045115	0.20899426984790651
2054	-3.3386586591888089e-05	0	0.021349571393119236	0.26932841899731014
2055	0	0	0.016279343617262423	0.19537301338367494
2056	-9.7354389568221625e-05	0	0.019346113948531179	0.18575563780920393
2057	0	0	0.02852475300880053	0.37403207136707961
2058	-5.1102008590719891e-05	0	0.030007616871354826	0.20715354344196402
2059	-4.845749504378549e-07	0	0.015153937439531858	0.13534764637631655
2060	0	0	0.017133365116345767	0.23021977398545995
2061	-1.7628489424625916e-05	0	0.02681604253345269	0.33282176170528399
2062	0	0	0.010188579509827397	0.1256039029640646
2063	0	0	0.018481000706224802	-0.10250745480841857
2064	-0.00010364260942360981	0	0.025325424578475485	0.38583022060109917
2065	0	0	0.015264887259641346	0.31195862031104882
2066	-0.00013025319652651968	0	0.036396447651672457	0.2836560555065234
2067	-7.9145078339881716e-05	0	0.016762937241347319	0.092942765516979775
2068	-7.6644659489039096e-05	0	0.023198864960636934	0.10444190314859966
2069	-8.0199087245652606e-05	0	0.016177523078533183	0.2462343501851591
2070	0	0	0.012925082813606275	-0.026947229798933055
2071	-4.7638777073069628e-05	0	0.014688417526090824	0.09390499491767719
2072	0	0	0.0041039097001085963	0.0074148893206855138
2073	-5.4235372070676743e-05	0	0.022064960949606759	0.34850981629937
2074	-6.8221092203757388e-05	0	0.0066945959094406567	-0.096596834506535806
2075	0	0	0.010504857713741291	0.29958058533629589
2076	-9.782425081203972e-05	0	0.015933233751313849	0.22360539367370941
2077	-2.8359281893841627e-05	0	0.026768192659394435	0.39271810182424505
2078	0	0	0.020040609301832532	0.32909584886088139
2079	0	0	0.012049869797777493	0.056273453530431304
2080	0	0	0.024662947291518817	0.26644853568637522
2081	-1.6183359190774516e-05	0	0.021997677685021148	0.21975483535425627
2082	-4.8195151992752594e-05	0	0.01497249101501009	0.10240591965049775
2083	0	0	0.0089500458538796651	0.090907592869800727
2084	0	0	0.019147143626707105	0.21226242497667575
2085	-0.00010595026868101265	0	0.026156158153601294	0.28322883244384689
2086	-9.0747051154022035e-05	0	0.016997054052742287	0.20532686770069461
2087	-3.6332564658514422e-07	0	0.02810918000634291	0.29092381770357695
2088	0	0	0.029772228987185623	0.32830918831748684
2089	-4.9045123459351414e-05	0	0.030704831410557298	0.29294184184164568
2090	-0.00018124491012259104	0	0.020969439803872454	0.095645766855723499
2091	0	0	0.011086759574369099	0.15222967863933379
2092	-1.6739092062229012e-05	0	0.026103968001905377	0.30499011128038672
2093	0	0	0.013427717723121683	0.27141167678650879
2094	-3.5685961485693032e-05	0	0.023461948416045392	0.26352938678146537
2095	0	0	0.016431360773078444	0.18564496370882286
2096	0	0	0.0088199939628738067	-0.030866704050757234
2097	-1.9398610571880191e-05	0	0.021540719012264835	0.17876782642365088
2098	0	0	0.016666509031789473	0.16425373434444621
2099	-4.3267948317965432e-05	0	0.0098166311176008988	-0.051532761928961848
2100	0	0	0.018544721931154855	0.0049966096394799655
2101	-2.2989052189670289e-07	0	0.025626604464228257	0.1961134475915905
2102	-1.4251000999709883e-05	0	0.017007960460520395	0.026809826141878036
2103	0	0	0.022413322213042455	0.18950284563621711
2104	0	0	0.023218470705301857	0.21599426531116159
2105	-4.174820226218179e-05	0	0.018988716431257699	0.18139188088905409
2106	0	0	0.0098160680760219585	0.076755038724438507
2107	-3.8326551603196088e-05	0	0.020338701329268107	0.12224790925537925
2108	0	0	0.015209511260832026	0.078178157351180208
2109	0	0	0.012258103817652993	0.18625676371502903
2110	0	0	0.019740337090860101	0.21965941581852172
2111	-4.3584325844697736e-05	0	0.0044972256275778695	0.028058893220495141
2112	-0.00019736194883296365	0	0.024499934508546577	0.23298678517708044
2113	-0.00022679147295419643	0	0.022038608622566746	0.07063222492778716
2114	0	0	0.0084189069520560628	0.11631775374916602
2115	-0.00011346346558655795	0	0.008023619580041063	-0.14230350816422893
2116	-7.9792153693358792e-05	0	0.023662025410742707	0.28446337627528695
2117	0	0	0.029131266176081055	0.30543228769986391
2118	-0.0001593829319751383	0	0.02499975366819953	0.37746413267819812
2119	-8.096012713759704e-07	0	0.014100573388517237	-0.12616473999970174
2120	-1.496444663948715e-05	0	0.013644733524511957	0.058208112603141994
2121	-5.838047507524258e-05	0	0.022512595486904395	0.14108383458546311
2122	-5.2029969615419171e-05	0	0.017303181500809058	0.14926973358864262
2123	-2.2801818621537295e-05	0	0.02378634796484316	0.30931971007924675
2124	-6.5653686459615784e-05	0	0.014841088773219704	-0.016393322154060197
2125	0	0	0.011439372333501938	0.13306562865186863
2126	-7.6262712423474932e-05	0	0.025121465419685806	0.14169793110067483
2127	-6.9907947584743615e-05	0	0.016390004870012551	0.13870187822413693
2128	-4.2799214637845306e-05	0	0.016444746256752601	0.20246095843134621
2129	-0.00016574551641146407	0	0.026804288707215185	0.24494486356094231
2130	0	0	0.0095072239507863008	0.034696948300846464
2131	-3.2651758610785507e-05	0	0.020649709865341835	0.2615077047670975
2132	-0.00027864829530500066	0	0.02623771268829922	0.24298767132635493
2133	-0.00010153915596174401	0	0.02757072574986983	0.27786353584184759
2134	-0.00016895363743225645	0	0.030084163690764526	0.42192371938769169
2135	-5.4684680314176501e-05	0	0.021629759271919475	0.27262997231798131
2136	0	0	0.015208354670297292	0.084441911850544532
2137	0	0	0.018258568971173131	-0.0045731483250595947
2138	-0.00015278243807194115	0	0.033474543268557352	0.4373005829638229
2139	0	0	0.026107212794897007	0.31214268588679489
2140	0	0	0.01982262325495892	0.23151894699074962
2141	0	0	0.025762599638648066	0.29792521490062762
2142	-2.9296366361680758e-05	0	0.022342406107463207	0.34175333450365331
2143	-6.931847069729935e-05	0	0.025138640642141073	0.14404757438129517
2144	-3.634183432418281e-05	0	0.030622588086061199	0.45773487218495612
2145	-0.00013415027557399096	0	0.024512769595479544	0.30172614678502763
2146	-3.7981360823086119e-05	0	0.018759001544618847	0.24259614873888707
2147	0	0	0.023686364088776977	0.22933307291077315
2148	-2.9615381320596823e-05	0	0.023720039155812021	0.2673251473316185
2149	0	0	0.017792618942477797	0.21895335079045966
2150	-3.5926280257955746e-05	0	0.012875606066203884	0.065091887631510498
2151	-6.9481145019018029e-05	0	0.018085002599224485	0.23864707196288437
2152	-0.00010944948085436223	0	0.015339572486035591	0.25946914940245286
2153	0	0	0.025764292772434895	0.2927831822506316
2154	0	0	0.016584279420265531	0.17505827204580185
2155	-0.00010609256260630806	0	0.02189256055293818	0.15671590054467105
2156	-3.1675827776084241e-05	0	0.026588098491099367	0.18254860064165013
2157	0	0	0.015537383403501767	0.26247356496356228
2158	-1.4897309618178144e-06	0	0.021884826909338469	0.24678930115014247
2159	-0.00018167147712934705	0	0.034228504014356564	0.33874444839385087
2160	-2.6950662295349705e-05	0	0.021586953923122633	0.28430438652744894
2161	0	0	0.020115816205068859	0.32673534937179305
2162	0	0	0.0079891125140662093	0.28286192821912814
2163	0	0	0.024591242122118159	0.098871116565987641
2164	0	0	0.01745842337303918	0.12566443240102804
2165	-6.1944107801198417e-05	0	0.016865931598908881	0.19389996398360207
2166	-6.3184210802738611e-05	0	0.011542204779896831	0.05809216276788174
2167	-0.00014500819395768527	0	0.030779377325357127	0.34448301611662618
2168	-1.6640682828378272e-05	0	0.018169863226399165	0.22106896344571453
2169	0	0	0.014008625983647249	0.11588963869054938
2170	-4.2265600401114598e-05	0	0.025003704582650377	0.24831192449148148
2171	0	0	0.0081106451601755582	0.039121197565787205
2172	-0.00019090635797878175	0	0.022412835680028838	0.19547358895645414
2173	-1.9883517927965499e-05	0	0.025900997208952104	0.37348236572005972
2174	0	0	0.017772314252480752	0.24442318072312846
2175	-4.517481606223783e-05	0	0.028352727489833342	0.18251589117801412
2176	-3.0667864279088072e-05	0	0.022379872796068255	0.26468198818788047
2177	-0.00010748098325707168	0	0.032214117535185549	0.48778532118118723
2178	-2.0164977987618961e-05	0	0.01558086453081713	0.14321897599872377
2179	-6.5924116130094962e-05	0	0.0258306909551538	0.25817915943986447
2180	-5.6687713088332538e-05	0	0.031826372296936654	0.2997202436897492
2181	-1.0697196440606626e-05	0	0.0203132737074899	0.15863793881179575
2182	-6.6656702597919779e-05	0	0.013634309856938132	0.15494713692681855
2183	-8.4629477733505484e-05	0	0.023579905709048367	0.1491468244539241
2184	-7.9142619267072445e-05	0	0.022696897200059175	0.17307301966113084
2185	0	0	0.011751553621611621	-0.018891715524935952
2186	0	0	0.012469302128506114	0.37742517935361997
2187	-1.753382461308073e-05	0	0.020273365504851166	0.18872471113057071
2188	-3.4112619747933556e-05	0	0.016049651579439293	0.063741002537420613
2189	-0.00011352501761508483	0	0.018442701255267153	0.17935830509283046
2190	-0.00017470183440754795	0	0.032679839213317595	0.36839653193787408
2191	0	0	0.008579767761021078	0.08032574996571365
2192	0	0	0.011111794367742839	0.14647500096992427
2193	-3.0518961451148074e-05	0	0.024681568840559946	0.15575971399612074
2194	-6.0472321069332538e-05	0	0.0091218063187591958	0.098834692964722776
2195	0	0	0.019477042619877517	0.26859364810840247
2196	0	0	0.011402913838431583	0.18391460716437052
2197	-9.3839429985592698e-05	0	0.019842415298812512	0.035710839641877448
2198	-8.7233279182141743e-05	0	0.015831704336534903	-0.10553074670574339
2199	0	0	0.011572092626264907	0.36802463497865862
2200	-9.5570121009211367e-05	0	0.0098562695004953543	0.057461242494781663
2201	-0.00013699682832755134	0	0.023261340188909595	0.32453954688799713
2202	0	0	0.009072510821101859	0.13826285868461316
2203	0	0	0.0040368233217543594	0.10258838356740374
2204	-2.2584651976848004e-05	0	0.023451632149039611	0.27949438841820146
2205	0	0	0.021602015034132893	0.24562280730050129
2206	-8.9984146899396711e-05	0	0.029139581309378649	0.090489307080486553
2207	-4.2134206160493462e-05	0	0.020159404722846774	0.35325037855695446
2208	-5.4252585565386925e-05	0	0.028636498520504046	0.32122493146615572
2209	0	0	0.012583020017409598	0.096739466250780157
2210	-0.00024239387473531937	0	0.024930443457679564	0.27896914916614141
2211	0	0	0.018524640332221079	0.12643497487926755
2212	-3.1741428793513601e-05	0	0.025762301304821229	0.24675804251042893
2213	-5.0318254745046477e-05	0	0.02497412579495244	0.3070698901012241
2214	-3.8375888186187315e-05	0	0.011151962020648165	-0.04522726330431006
2215	-4.9382678373172119e-05	0	0.020948992612870844	0.25644786251964324
2216	-0.000173345695645738	0	0.029297852054556667	0.41473061893455193
2217	0	0	0.015601911907529581	0.21569539287230294
2218	-8.5044352469371148e-05	0	0.030848668538466018	0.42617277440848189
2219	-0.00010439527539964355	0	0.031514544283750737	0.42550326735734834
2220	0	0	0.0165650000286292	0.276707064249888
2221	-0.00014701275319377316	0	0.022359228382723501	0.23614215783917575
2222	-9.8011725072078002e-05	0	0.021978513523153782	0.29628932093577037
2223	-0.00021578998088679912	0	0.01695542680764673	0.12672756267388929
2224	-0.00016150563036840536	0	0.020765727319030074	0.056774406437935021
2225	-7.7252599765165184e-05	0	0.014629786656351585	0.23732608045340084
2226	-3.445679097429377e-05	0	0.01658489928320829	0.13216455991323023
2227	-1.3399672172137444e-05	0	0.024510233647860723	0.3894225379999493
2228	-8.8436748760212231e-05	0	0.020182792245346113	0.081883652123290532
2229	-7.7575589558132038e-05	0	0.0026399846582210338	-0.013211158747908796
2230	0	0	0.016853153573906213	0.28629064196731185
2231	-5.6291563441851491e-05	0	0.021175844187460154	0.14222068669098051
2232	0	0	0.024758080603826685	0.21622742830262584
2233	0	0	0.019701315445406823	0.28346863071923056
2234	-7.8083495271058517e-05	0	0.019422236526933923	0.1302773567003806
2235	0	0	0.02021356712359143	0.086801718599771427
2236	0	0	0.0044757140561069693	-0.049693955886895833
2237	-4.9474474590599507e-05	0	0.019193096680590833	0.27080318541967635
2238	-6.6078824420739982e-05	0	0.022594857495492747	0.32915281385183726
2239	-5.5131616935849559e-05	0	0.030746905155689879	0.24898644586583427
2240	-8.6868084991814648e-05	0	0.028932276602683521	0.19872401500401954
2241	-0.00019908433916125955	0	0.010936269207683747	0.13294374472021986
2242	-7.6711721182065595e-05	0	0.027881779828205767	0.20472357414128642
2243	0	0	0.014847387678871527	0.32262463961598914
2244	-2.0479071268136861e-05	0	0.027759658336761674	0.20447563566976873
2245	-2.5121133990149704e-05	0	0.015547691114482915	-0.084593402770001561
2246	0	0	0.020213684055045443	-0.02613696928121877
2247	-7.0176225115969879e-05	0	0.018471130206245974	0.34505419250557712
2248	-4.2123434637131309e-05	0	0.022041626103097491	0.22424710109483187
2249	0	0	0.016645451642009087	0.18939759776140755
2250	-9.7075179870786954e-05	0	0.031265112686846779	0.19689850196959086
2251	0	0	0.0083374399903868683	0.03269040492566503
2252	-6.3525885900050921e-05	0	0.01871467528361315	0.052696015114621186
2253	0	0	0.01886260878010617	0.3958762289427783
2254	-8.6014029969971878e-05	0	0.023322583007716956	0.39405919810458789
2255	-8.3488552578286917e-05	0	0.014756652579890469	0.32023365291267136
2256	-0.00020897565597051692	0	0.025300126037872905	0.32867152921865089
2257	-7.6367371318092345e-05	0	0.021219944223128361	0.15834973467231164
2258	-3.4528345661594127e-05	0	0.022548387842777788	0.25584874032556743
2259	-8.4866769431679595e-05	0	0.031817335689240778	0.3157405970775532
2260	0	0	0.02047627143611707	0.30786933354010504
2261	-0.00010945597400714435	0	0.018432509520873566	0.22909271535001569
2262	-4.8652258356474134e-05	0	0.013402651757413692	-0.035600430858047025
2263	-5.2648293405402338e-05	0	0.015241514211501514	0.087449058157867951
2264	-0.0001688949324794964	0	0.014581180114722512	0.060100904872099181
2265	-4.7196297708856916e-05	0	0.02145765998539954	0.065742989558338266
2266	-4.0977373596745578e-05	0	0.015010124549190724	0.29401297186671171
2267	-0.00019166537468957024	0	0.020731469552401953	0.2178406362169584
2268	-4.5692633736954538e-05	0	0.015494588945530491	-0.040277544211026507
2269	-5.674134308225609e-05	0	0.027955707032792487	0.04955391454304605
2270	-3.5980045315409104e-05	0	0.017556606279164756	0.24552495261669191
2271	-0.00013947268119368083	0	0.024956010437536071	0.24863836882240209
2272	0	0	0.013167277490738694	0.095808399918147436
2273	0	0	0.024998294385530494	0.24729357560463514
2274	0	0	0.015893270923425389	0.14547719227424211
2275	0	0	0.020020672926368645	0.30120242929098778
2276	0	0	0.01935631210018645	0.1955476354648456
2277	-5.1260052849810832e-05	0	0.034740751324764264	0.35466259868284833
2278	0	0	0.020235649489412873	0.26709696174332587
2279	0	0	0.0068423797830845122	0.10611762550940089
2280	0	0	0.022163706400991003	0.28613216232548438
2281	-0.00019129180216916064	0	0.029068891319472701	0.082013828996937793
2282	-0.0001199076498949514	0	0.02151871171385266	0.24670922375879883
2283	-8.3834356722345399e-05	0	0.023568580926292812	0.28049046684044115
2284	0	0	0.011562528041308201	0.23186825275104889
2285	-4.6568361789123269e-05	0	0.034723815869126318	0.32371255015333178
2286	-0.0001610432336589973	0	0.023460539138651575	0.24505812718893655
2287	-0.00014933473335703996	0	0.010068803944041835	-0.047625642488805693
2288	-6.1685583929194104e-05	0	0.015857770127269962	0.031982018116260634
2289	-0.00015264897740658868	0	0.025400446024356444	0.26860834460172167
2290	0	0	0.018261015745771169	0.19590871960963302
2291	-8.8708053518637972e-05	0	0.015536478902515105	0.055058624258399379
2292	-0.00011802891353690503	0	0.026300841474776248	0.28931596440136881
2293	-3.6065931651729775e-07	0	0.023862083770535492	0.23560366043176528
2294	0	0	0.017224934157242227	0.09521997912321882
2295	-7.1014126894380916e-05	0	0.028123216440359904	0.19823014251073739
2296	-0.00010145056300226441	0	0.021633188347933513	0.29735505800733025
2297	-5.8066771859616176e-05	0	0.025216359257983066	0.26282414638736912
2298	-4.9168715479491755e-05	0	0.030070653287816905	0.364277297935302
2299	-2.0717165428968398e-05	0	0.03954500189128108	0.32304863674391904
2300	-6.5452063376381093e-07	0	0.017895446030412984	0.14860534604951497
2301	-8.0061236032757946e-05	0	0.024129874334734083	0.14009947543875698
2302	-7.434650633477147e-05	0	0.023233101132714699	0.081368510090837037
2303	-9.1925915237683897e-05	0	0.030625363756151408	0.27697586607192837
2304	0	0	0.014606546854193467	0.17205445809452344
2305	-4.719450128208291e-05	0	0.024150462130729189	0.35466920834346788
2306	-5.8265503940763128e-05	0	0.020196854837101492	0.28652008265040962
2307	0	0	0.019084592007377159	0.24368129594348259
2308	-6.0755054377031879e-05	0	0.020236222100589597	0.15074306646349939
2309	0	0	0.014616140851749698	0.091402213198278945
2310	0	0	0.013002223844398735	0.15997423432486774
2311	0	0	0.0130486854116006	0.25024570149883163
2312	-2.0250948361849596e-05	0	0.029878084339395129	0.40007339693538846
2313	-4.5908465638883064e-05	0	0.021691579354186724	0.073518488260827505
2314	0	0	0.021603927299681323	0.29288754746047002
2315	0	0	0.013317148188207853	0.27964221520474009
2316	-1.1928727442833687e-05	0	0.020720665300173833	0.2024748236774255
2317	-6.9065545218366389e-05	0	0.019633781252425132	0.42231439808817378
2318	-1.8950274848450466e-05	0	0.020702492280135931	0.061197932804970975
2319	0	0	0.022773992900913163	0.17530931659562352
2320	0	0	0.013110288938509084	0.31864101824522878
2321	-0.00018208531665189488	0	0.020264756040630865	0.22951396524373688
2322	-6.3968358851151927e-05	0	0.020033661058965011	0.28704015724559306
2323	0	0	0.012650371975952382	0.25704363963561599
2324	0	0	0.018916696784114895	0.15355182516812765
2325	0	0	0.017379976484975086	0.10438687517712308
2326	-5.0636386298513747e-05	0	0.017517251330993123	0.0084654902330437258
2327	-2.0359732926944484e-05	0	0.024064661107343246	0.21758553766436656
2328	0	0	0.024260712399230864	0.32467496138050517
2329	-0.0001743704855861672	0	0.013437874130102598	0.13798813627603285
2330	-6.5278397926943343e-05	0	0.025250438850863234	0.41566902153784174
2331	0	0	0.027021939195175558	0.33030159752137023
2332	0	0	0.016822726371433765	0.28305922052789656
2333	-0.0001055881073414866	0	0.025852810158492123	0.11589063316707948
2334	0	0	0.023794519945053851	0.31084609491696358
2335	0	0	0.026587849305017862	0.14574192362649666
2336	0	0	0.010073948854997957	0.14211464046163155
2337	-4.4557303908687726e-05	0	0.018891309445896457	0.16572435866954591
2338	-5.632170089087118e-07	0	0.021883534026970693	0.069108581735782743
2339	-0.0001286906210441141	0	0.030292033298749133	0.22189374417221686
2340	-4.4046703044930966e-05	0	0.024253066557859713	0.27260493867899632
2341	-8.9016488765142349e-05	0	0.030016918030406781	0.20167143098260354
2342	-3.2598858860527492e-05	0	0.022362233096711478	0.19356558626640757
2343	-5.0429427556764049e-05	0	0.018278009794920731	0.33373702758036733
2344	-7.0558919517282884e-05	0	0.025742513829187536	0.36735021559307823
2345	0	0	0.008612390789357471	0.041005478865918453
2346	0	0	0.026367299986938909	0.22829809019458297
2347	0	0	0.020071671976546614	0.22833552420055375
2348	-6.3373613645134602e-05	0	0.019870531885539479	0.25134030828481241
2349	0	0	0.027185630092847923	0.3234190179162148
2350	-8.9241565667658176e-05	0	0.012325662762186145	0.025278614459187131
2351	0	0	0.013782965386545165	0.032388078635696996
2352	0	0	0.0075853288024967432	-0.015997654186035187
2353	0	0	0.0095366300985374516	0.11709719969318171
2354	-9.1218130447284776e-05	0	0.027972911617049335	0.31770443011537502
2355	0	0	0.0045330922799163035	-0.026412080768682594
2356	-5.0735745387830988e-05	0	0.018905991343122049	0.26630007009071899
2357	-1.6532664866081292e-05	0	0.028880457438176944	0.28809659130057758
2358	0	0	0.013405167031276888	0.13322999574079736
2359	-4.4991607906427755e-05	0	0.021789739087313124	0.23305125950347838
2360	-0.00010304646882335345	0	0.018769746165787665	0.10200719284478817
2361	-5.0348856715359827e-05	0	0.018230254880167003	0.123219630454695
2362	-2.8297471506794068e-05	0	0.025945154329178672	0.4012566611156429
2363	0	0	0.011513729065607844	0.12638034126474573
2364	-6.296731495385455e-05	0	0.024757462017675223	0.16500716447967415
2365	-5.6465769915514666e-05	0	0.030277407729638627	0.28053983744781968
2366	-4.5744388221058417e-05	0	0.0063843990446282748	-0.056201045315958452
2367	0	0	0.01229263297505806	0.18310610657421073
2368	-3.9577471433308031e-05	0	0.015025677647884473	-0.012819951393071082
2369	-7.845842146848026e-05	0	0.018330945224882877	0.33807412239850892
2370	-6.3673391810847857e-05	0	0.018123715590956005	0.23317557906794381
2371	0	0	0.017995243760976075	0.12142651335512515
2372	-0.00015392379562359504	0	0.020793265285047997	0.2096498587881313
2373	-7.6415758319220425e-05	0	0.01963850199367894	0.17715410479751306
2374	-5.5521465488689301e-05	0	0.020770766774890023	0.24425160351548797
2375	-5.463354147281496e-05	0	0.013141226409809706	0.049997699761730838
2376	-0.00011460735955228784	0	0.025889582598680135	0.38530392190269058
2377	-0.00017491980084285709	0	0.022399458027908589	0.062665044178357637
2378	-0.00010912637817815929	0	0.018044389539488049	0.21125861681956529
2379	-1.3330894650925851e-05	0	0.015907114863204449	0.06122013159515971
2380	-9.7780481884807152e-05	0	0.013748492729934119	0.167994931612339
2381	-7.9165109364659478e-05	0	0.03349317456693883	0.40735345060417477
2382	-0.00010280777436544875	0	0.026186579835808365	0.37985192144968616
2383	-9.4403311200336182e-05	0	0.02951778291642292	0.39899356503867145
2384	-7.1577676148673613e-05	0	0.026255344812952629	0.18502372919954407
2385	-4.9787892674618696e-05	0	0.018813426522328276	0.29589225998965152
2386	0	0	0.011485297887666631	0.14802934221602801
2387	-3.751334654434335e-05	0	0.02570461222417645	0.28157557474446426
2388	-5.28964029088308e-05	0	0.027621242249496837	0.37800008105966582
2389	-4.9609228109925856e-07	0	0.022751782336374884	0.035655408200704113
2390	-5.7329600947331197e-05	0	0.03553691312859579	0.3480959973401187
2391	0	0	0.011463489518888995	-0.19575039717487491
2392	-0.00015707836398384245	0	0.009627790576816786	0.039487380174344257
2393	-0.00014849802890679609	0	0.01198190334362687	0.015672324298210229
2394	-0.00017268052979044768	0	0.022516858695426158	0.19501161946078513
2395	-4.6056458124754672e-05	0	0.022905977750759688	0.27900625483531555
2396	-0.00010165378231015154	0	0.027169027545934109	0.17872313718751459
2397	-4.306638289263143e-05	0	0.02077652667553586	0.21990175295258352
2398	-5.3901713582368838e-05	0	0.02140940801850201	0.061388832777953442
2399	-4.0788561846805127e-05	0	0.02564815051278858	0.17836492515413557
2400	-9.6508519157362246e-05	0	0.035071286129902998	0.19069571067499541
2401	-9.0411412536300922e-05	0	0.026743410215825027	0.21960734958523095
2402	-0.00011268210792923505	0	0.026494589760649424	0.2871046611499834
2403	-4.4654509175956481e-05	0	0.023204165033493741	0.15213421531496377
2404	0	0	0.015819715098212086	0.039044078042347941
2405	-1.8765925077501856e-05	0	0.021829302768985932	0.35513078017523453
2406	0	0	0.010119703785774306	0.062804139310377899
2407	0	0	0.0007683136629204945	-0.061225766890767752
2408	-2.6737109819080507e-05	0	0.026672505924961488	0.081003443783003101
2409	-7.39238392858832e-05	0	0.020430949211079963	0.33658492192112577
2410	-1.5215733749390781e-05	0	0.026390052913630797	0.32191297109510947
2411	-0.0001303569049103226	0	0.016959884781285236	0.25623989614799819
2412	-4.8137259266772815e-05	0	0.024998934799593177	0.24561506034333697
2413	0	0	0.012318534580251209	0.13716318761851048
2414	-0.00014306604399794698	0	0.036879614612194127	0.28426089566916535
2415	0	0	0.021727484705511474	0.26714634604730642
2416	0	0	0.0097204772830165459	0.091273592795668795
2417	-7.4888540781178903e-05	0	0.025103098212783354	0.1681200677878964
2418	0	0	0.013651844066415817	0.15810759029451935
2419	0	0	0.014060603498385046	0.26907896371723039
2420	0	0	0.015469118058260494	0.25141206336445077
2421	0	0	0.0068162305898355896	0.10716952350389178
2422	-2.0578102360446771e-07	0	0.015555624147479491	-0.051695149898595374
2423	0	0	0.020916352756644441	0.19516051782106389
2424	-0.00011535212601342936	0	0.017178207369140643	0.14811435441075999
2425	-5.3335519267175283e-05	0	0.030956607949397051	0.23388553035350296
2426	0	0	0.0094380568227193963	-0.018800501398196036
2427	-9.3434351202575932e-05	0	0.017989980914471411	0.21325660735447363
2428	-2.6220178370611748e-05	0	0.019230177994762378	0.25939072108062339
2429	0	0	0.011001703258335835	0.13738982564635085
2430	-6.6613478850358068e-05	0	0.013349877142137808	0.22006296966234057
2431	0	0	0.017230571452123887	0.30267743757425769
2432	-0.00013482056973694034	0	0.015703759213544576	0.064295985160123068
2433	0	0	0.010792940264226942	0.22267818400610384
2434	-2.7178478876077606e-05	0	0.016872417735493167	0.12810364801666943
2435	-0.00012023078564944445	0	0.029704502717217956	0.11776223790966153
2436	-1.8125116448070022e-05	0	0.032413408024578094	0.35008604227751899
2437	-1.9566491402878138e-05	0	0.016395640246357951	0.10279812542182938
2438	-5.1151975596908095e-05	0	0.023127832893263853	0.08463182085724362
2439	-7.0356564927562265e-05	0	0.015757642460463548	-0.1243110960992059
2440	0	0	0.01724971161685477	0.2226500302704443
2441	-6.4668520766181234e-05	0	0.030576491517403402	0.34988303779935709
2442	-1.8685564080883621e-05	0	0.028171856417078943	0.33125516969582203
2443	-3.7076467259200552e-05	0	0.02726627345188478	0.28321168052067708
2444	-6.2617047629343056e-05	0	0.031218167273215247	0.35142362732113097
2445	-0.00014287077228319344	0	0.033060473863237842	0.32450286836739828
2446	-0.00010743819905935092	0	0.026661643469332641	0.28455717528675856
2447	-8.7576734346894725e-05	0	0.022527303871654383	0.25237954912785038
2448	0	0	0.02437114471088745	0.22043894366430844
2449	0	0	0.0093639821093962992	0.14533606543973845
2450	0	0	0.025609011246545625	-0.024545245300755268
2451	0	0	0.027283942729512102	0.40325327969987051
2452	-8.265347100160913e-05	0	0.045403665231034403	0.55972457985741941
2453	0	0	0.015262976938791865	0.06956938839646605
2454	0	0	0.010514154212130011	0.086826157667531392
2455	-0.00011847547732836139	0	0.025829494742822295	0.26621696547243323
2456	-0.00015982860791883269	0	0.024669924043292244	0.17581277082734167
2457	0	0	0.012251024101444848	0.2399887244765965
2458	-3.3416295172744584e-05	0	0.0076836183626830812	-0.072573996149003686
2459	0	0	0.020077948498986573	0.30667016787742007
2460	-1.9654125348989027e-05	0	0.025447322124502049	0.26179232689690207
2461	0	0	0.017474538309773475	0.078075894138024668
2462	-8.2339616150894914e-07	0	0.018558988615121747	0.30354029497785062
2463	-5.247839366586127e-05	0	0.017200114398147212	-0.073688841536516822
2464	-5.3334768588403358e-05	0	0.016149931860912216	0.20825049949214841
2465	0	0	0.015324279736572554	0.27201107529592145
2466	-3.9904051171196772e-05	0	0.025220428950799283	0.34756882748916013
2467	-9.9677097852768343e-05	0	0.017040044700468666	0.18127064563282444
2468	-3.2768340567651542e-05	0	0.016211969912553532	0.14030768740621277
2469	-1.9117761515058396e-05	0	0.024000575482943175	0.39662637230848541
2470	0	0	0.0095859349215983713	0.18673717878092286
2471	-7.437155400429884e-05	0	0.023145116331544341	0.23476677208016561
2472	0	0	0.014886797298171037	-0.0066438815914876184
2473	-3.2655491856742325e-05	0	0.017452663204518017	0.31156791473364515
2474	-8.43073249767956e-05	0	0.03131097772469963	0.22669315043081079
2475	0	0	0.017105209266945025	0.38112765694589257
2476	-8.2416763777853902e-05	0	0.024923357999238973	0.29256452092204599
2477	-7.2810662005015628e-05	0	0.017592533252002655	0.047398691150469539
2478	0	0	0.010628774306027022	-0.04199611049122217
2479	-7.776745953354536e-05	0	0.036195360237065009	0.38722108631976698
2480	-2.8393124562053896e-05	0	0.018966324111901935	0.25870490963479387
2481	-0.00010217361917333467	0	0.032529084406098141	0.43238578375952352
2482	0	0	0.014687517579465976	-0.052478300401726831
2483	-4.3507892521138514e-05	0	0.011043000835261118	0.10608649214130865
2484	-0.00014368479130164036	0	0.025945831120593087	0.36282726964628276
2485	-5.9808310683850954e-05	0	0.032257986007740054	0.36050504545002882
2486	0	0	0.012484525624598872	0.2071804818716021
2487	0	0	0.011461456593518724	0.13266923492847407
2488	0	0	0.0079739430411589797	0.17224746561334009
2489	0	0	0.030562117175544617	0.38484389547207182
2490	-3.172607971120289e-05	0	0.026828880140235	0.3016638367816793
2491	0	0	0.02084800044091439	0.46186095720226772
2492	-3.3798399307616302e-07	0	0.018155076541415988	0.28320244325166327
2493	-0.00010727548898277761	0	0.028527080225874267	0.38287836083862581
2494	-3.0802108890276571e-05	0	0.014094756220912403	-0.023275873157485173
2495	-5.4137691667038856e-05	0	0.018528108434858973	0.261732587151431
2496	-6.297439764112456e-05	0	0.013190478517027704	0.12475016508421648
2497	-8.638365333786813e-05	0	0.020830996794065752	0.18374751464355091
2498	-6.3634019277702963e-05	0	0.011731267864138986	0.15125278872877762
2499	-0.00014262852063473552	0	0.029978575158992639	0.34445499139614733
2500	0	0	0.01538842937950408	0.4093962996863082
2501	0	0	0.010811968672009287	0.14324610801157892
2502	0	0	0.0032471858707224716	-0.12891387297912105
2503	0	0	0.010773863340985037	-0.18831748274187274
2504	0	0	0.02033179029028916	0.27167733533600913
2505	0	0	0.02191438894861757	0.11061437745494192
2506	-5.5750413408800492e-05	0	0.025683350126616333	0.20993634816688136
2507	0	0	0.022215140366114737	0.19244523474769906
2508	-0.00011165642086517491	0	0.030036311060129606	0.32049059900612686
2509	-5.064863909038375e-05	0	0.023076926865487669	0.11436087462556151
2510	-0.00022903772381498432	0	0.033687193332938667	0.39130602474124282
2511	-0.00017470573986767547	0	0.029973938305250532	0.26452029603956212
2512	-6.4677672833346469e-05	0	0.030679645218729772	0.52167291103573299
2513	-8.2122193780342911e-05	0	0.018556836025922327	0.38737914324615974
2514	-3.098505218412928e-05	0	0.012152167965879531	0.21414863904027751
2515	0	0	0.0071807535942375409	-0.042468590442725981
2516	-0.00024572905621417229	0	0.021296049524278046	0.26302013452046036
2517	-1.8071035497535524e-05	0	0.02895369641827587	0.43423558551994879
2518	-2.2127867034604787e-05	0	0.0097676316173091002	0.28733709405202612
2519	-0.00017935141282497956	0	0.024541588772699581	0.25326474400361887
2520	-6.3130853211301741e-05	0	0.030179979715504502	0.16878919117836741
2521	-9.5417303163358727e-05	0	0.027978132454668091	0.24530793916410212
2522	-7.3002317052089921e-05	0	0.029405824728227066	0.41845408660121819
2523	-7.0947536242832457e-05	0	0.024582197278621591	0.26815015156986322
2524	0	0	0.015012283776742161	0.25975332678909624
2525	0	0	0.023404857254890311	0.30913163444649111
2526	-0.00012180088837530079	0	0.0091510146803371849	-0.14550916688503279
2527	-2.9943948707655822e-05	0	0.017781818315327151	0.089790411356945918
2528	-0.00011575577492685674	0	0.026315186205324775	0.18371657005562575
2529	-5.8134233785500645e-05	0	0.01828224744975266	0.1856168479968012
2530	-3.818043667841442e-05	0	0.014225162708102677	0.21981084649294616
2531	-0.00021833861209197281	0	0.01891930084311234	0.11511239984665464
2532	-2.1242903696844229e-05	0	0.018481943254948584	0.19143756988167612
2533	-5.5606542859909514e-05	0	0.020182151319542898	0.3450970443960194
2534	0	0	0.024833312173053419	0.44139337596575745
2535	-1.284330452215876e-05	0	0.024344599628857686	0.2990151634855811
2536	0	0	0.019807183652132809	0.025912260137158437
2537	-3.1711990750910025e-05	0	0.021035964383418506	0.09944780158548705
2538	-6.9286681206331971e-05	0	0.030287608103297781	0.32427512853639612
2539	0	0	0.021447266579868902	0.26050986491631828
2540	0	0	0.011500998551653666	0.086269345545182785
2541	0	0	0.012056732611118582	0.26295294199619379
2542	-0.00017195441610106665	0	0.030522602261085489	0.3284433253494724
2543	-3.3222670093402405e-05	0	0.015347106114332858	0.1206059043902491
2544	-4.7279762229979207e-05	0	0.0094029924915170621	-0.062950678124306519
2545	-0.0001359465657905956	0	0.016325316519207676	0.18064299544379314
2546	-5.5198900620512245e-05	0	0.017415745420400149	0.28228881948486106
2547	-0.00015056996161360025	0	0.035547524302655106	0.38226563783583206
2548	0	0	0.011348408536534871	0.12946287255114319
2549	-5.1237126493292041e-05	0	0.016297407990830407	0.31978691765723977
2550	-7.0244182913170586e-05	0	0.020309530469627017	0.28372429988618381
2551	0	0	0.014976880368032955	0.18997636362849721
2552	0	0	0.0037060538599603733	-0.099839087957265898
2553	-0.00017481171367978999	0	0.03103936554949286	0.31150552418568489
2554	-2.699232189579681e-05	0	0.03387693943419872	0.16533652918400682
2555	0	0	0.014360478483058242	0.14209049869504614
2556	-7.3879859647152374e-05	0	0.027095396682706809	0.38685461202466248
2557	-0.00018561720328137964	0	0.027451565649414377	0.38163237881656176
2558	-1.7270115517270536e-05	0	0.028101990075238371	0.17849172980919242
2559	0	0	0.012786945069069041	0.078479073602342089
2560	-1.7375948044839883e-05	0	0.034481354019066927	0.29948831785466834
2561	-0.00014642162370897548	0	0.02066481397903485	0.098485517388535768
2562	-2.5416868412730942e-07	0	0.017774598145839107	0.10272362320235517
2563	0	0	0.0034163632092035546	0.074026283245494234
2564	-6.4653473142056722e-05	0	0.019336280707537096	0.2270912992162703
2565	-2.0036926014893596e-05	0	0.013401695398422429	0.027445443670800835
2566	0	0	0.014335539342353324	0.16097347600893314
2567	-3.8809863039918069e-05	0	0.014254061738583124	0.0032716509704409065
2568	0	0	0.010440858380130039	0.17308529300522418
2569	-0.00046457518592487034	0	0.023095078697633976	0.32118162172914211
2570	0	0	0.024587782106706837	0.37098462105312452
2571	-8.8815156516730548e-05	0	0.032897608120123059	0.45361927014235376
2572	-5.2224138079975947e-05	0	0.015640073820624649	0.10947525501589124
2573	-0.00012117930385402431	0	0.033127953767679581	0.33180893301303782
2574	-3.2920772820982383e-05	0	0.01974011467091254	0.35939866199516479
2575	-4.6934209602456087e-05	0	0.022169464621897738	0.35240984612073445
2576	0	0	0.012349808375354879	0.064424753995994261
2577	-8.010844551478713e-05	0	0.01017886272192641	0.088627397847137954
2578	0	0	0.026292311089719946	0.2876831550173144
2579	-8.8380664008830265e-05	0	0.025712446976616354	0.28637213992524641
2580	0	0	0.013199951372571406	0.33611369676818637
2581	-6.6589311008324883e-05	0	0.024298366462298451	0.24557536788619211
2582	-1.505523805215292e-05	0	0.028625602694078389	0.16460693917719646
2583	-4.7273086417809472e-05	0	0.024557977058079883	0.27539783011142943
2584	-2.1240711023390312e-05	0	0.019102703875574875	0.14810495177973723
2585	-7.9056302695931779e-05	0	0.025494046935648152	0.099692524055132153
2586	0	0	0.015836591802549489	0.19196336478208414
2587	-6.6827086608872705e-05	0	0.028631987353466955	0.31998083458799031
2588	-5.1655327665994787e-05	0	0.027164171321738852	0.33991345979239418
2589	-0.00020718490535070466	0	0.029958619492685488	0.28497352718132596
2590	-5.8834650983685678e-05	0	0.0098300001155359994	0.10468856283078125
2591	-9.3445023457427998e-07	0	0.03488099334802168	0.29146261856007794
2592	-8.9357059818412354e-05	0	0.031028666750290351	0.2168542342794903
2593	-5.7198803606156591e-05	0	0.02140442253773598	0.27977955447651837
2594	-0.00012959150168208311	0	0.01677696679041573	0.043827091619698264
2595	0	0	0.0017593071810257572	0.0025838164277517282
2596	0	0	0.027017407831083851	0.25788243862098092
2597	-9.4994043212637264e-05	0	0.022892466399991585	0.23512323730165746
2598	-0.0001369239726879301	0	0.032858492242267626	0.29122558674462024
2599	0	0	0.014108469581882787	-0.14018163056386004
2600	-0.00017856487961290802	0	0.019097756379618389	0.29135538261171445
2601	0	0	0.030350749755669815	0.35078858793322476
2602	0	0	0.019383115788777914	0.25466517304852415
2603	0	0	0.011197299410248909	0.10204570092468228
2604	-4.3025433583976369e-05	0	0.035084463252564417	0.46099535056340651
2605	-7.4421127052581859e-07	0	0.017208364077252018	0.22672311880146853
2606	-4.7538984660039361e-05	0	0.020523999610378832	0.15092650884014192
2607	-2.825321482939347e-05	0	0.03468974161351477	0.31049244218744171
2608	-5.7220016513453986e-05	0	0.011117601029341831	0.15032856405358735
2609	-1.3938659814766163e-05	0	0.017614128166089215	0.30478597253540263
2610	0	0	0.019855426126777296	0.27364145439265875
2611	0	0	0.019199756393698912	0.43516016621687292
2612	-4.3152827964393345e-05	0	0.02317191361911523	0.29309334180600655
2613	-3.0434098674936295e-05	0	0.023453040666557113	0.32170231142337186
2614	-0.0001027855870615324	0	0.027606517353277314	0.23539727377645386
2615	0	0	0.013477248928998287	0.089987934492543414
2616	-4.0217030282047037e-05	0	0.019134934230161754	0.19904039946514468
2617	-6.7858117885416516e-05	0	0.021736213750796728	0.35169495045604415
2618	-7.4711798631821316e-05	0	0.028276571762176045	0.36700558124616106
2619	0	0	0.018783801646996313	0.17450944430323437
2620	-1.8059259690117458e-06	0	0.015728374440954516	0.13860259792924384
2621	0	0	0.013264917996227832	0.19413730328546075
2622	-7.0935378584735526e-05	0	0.01819897023930923	0.18436118251245295
2623	-6.1233212023320546e-05	0	0.020952917008947507	0.22744862458482168
2624	-0.00017005609665554088	0	0.027890499607994113	0.38987033813387001
2625	0	0	0.017347156055060729	0.25889548739813395
2626	0	0	0.026700093351368491	0.43711209431656339
2627	-8.7486803995645568e-05	0	0.012029890059722118	0.22031582384463183
2628	-3.4670913977707941e-05	0	0.025543899732393145	0.044706574844915699
2629	-5.7150425987395613e-05	0	0.013569239194166948	0.023101478526288789
2630	-9.7049607919383329e-05	0	0.011039248064910797	0.12025364654196002
2631	-9.074418340750679e-05	0	0.021485781682190109	0.24307771888100999
2632	-4.5592936035923623e-05	0	0.010289945462237358	0.077706315866925529
2633	-3.4854342529105911e-05	0	0.033155754935548135	0.33425058599809743
2634	-7.2594973660972123e-05	0	0.022247489585267767	0.1068864307315808
2635	0	0	0.013381662980767959	0.038215696171339263
2636	-7.2445829599088185e-05	0	0.011197150022968319	0.084716723722235113
2637	-0.00023430651456397833	0	0.032051481483586365	0.27574330944364467
2638	0	0	0.017338625191537203	0.16881938564698964
2639	-6.0841017753582305e-05	0	0.027301631635524258	0.29387896049143947
2640	0	0	0.0020744641931292802	-0.20693372637719271
2641	-4.2904615324618198e-05	0	0.013790100439883069	-0.031594649659923799
2642	-3.2859101427118452e-05	0	0.0043620723370235591	0.044828810329558565
2643	0	0	0.001999423983243659	0.063105735787655756
2644	0	0	0.01816830019007783	0.25093661304946613
2645	0	0	0.018621424670677629	0.16609418717724433
2646	0	0	0.016901976306908182	-0.033627585302213991
2647	0	0	0.011628688139082707	0.19735968471830806
2648	-5.917679175827528e-05	0	0.023854609531103761	0.23945836172273099
2649	-4.4642348322737614e-05	0	0.021385184578243666	0.2761757878828478
2650	-8.8871320699651646e-05	0	0.014470179866837235	-0.0017094279490244501
2651	-7.2044210888611021e-05	0	0.02851510714831813	0.20090826358494196
2652	0	0	0.019744949354671595	0.16379855056358519
2653	0	0	0.021603015133945754	0.36464412016415337
2654	0	0	0.010911483894842691	0.26753419153753411
2655	-2.2927701724462235e-05	0	0.01293962194522367	0.052630414941700662
2656	-4.1205512502107135e-05	0	0.025702028179022951	0.17718316319521404
2657	0	0	0.019461367991834028	0.16481760374673191
2658	0	0	0.017069526662638577	0.32026247281684628
2659	-1.4864274003656418e-06	0	0.023739221827438005	0.25664649706231352
2660	0	0	0.022977322076183269	0.21553826713906615
2661	-7.6123870791122711e-05	0	0.021950687611935145	0.19929000615480177
2662	0	0	0.01330248688243931	0.099809739695706307
2663	-8.6327060068175371e-05	0	0.035201559701357688	0.073204602515835604
2664	-0.0001155486610685763	0	0.023745532024071148	0.35898102518160524
2665	0	0	0.0085562406548701127	0.095913101265214282
2666	-7.4643652431172208e-05	0	0.030117606220768135	-0.096918197390767
2667	-0.00010480578526546047	0	0.022754625586256905	0.26092636701149502
2668	-1.5483807067201427e-05	0	0.02313495503182731	0.23836400526150286
2669	-3.4684283699437656e-05	0	0.023993328260088684	0.44897069955831448
2670	-6.775651541739425e-05	0	0.028665359648951387	0.2337574742592789
2671	-0.00013776361429829743	0	0.017185894221378905	0.1910667409611293
2672	-8.9371628554751889e-05	0	0.019487565901887952	0.12665569186753101
2673	-3.1930475779698429e-05	0	0.018630533224853439	-0.22663297398836244
2674	-3.9659441942607734e-05	0	0.020194512237095757	0.22398199888424819
2675	0	0	0.022370609515944891	0.06059660703893107
2676	0	0	0.021349753987411263	0.32818008906093804
2677	-8.828040775575863e-05	0	0.027556653892018324	0.37298846619337295
2678	-4.2250365756607568e-05	0	0.018553140303328147	0.14021034933834048
2679	-8.9531702266726359e-05	0	0.016160955462749899	0.13716536353880879
2680	-9.1941321556499031e-05	0	0.028688639803157806	0.34996329084549715
2681	-0.00017959784360195298	0	0.023062632410963443	0.19897598740719652
2682	0	0	0.015602349328586226	0.065435640463328282
2683	-5.3554348502304891e-05	0	0.028633995606118047	0.38629182596114814
2684	-9.1961337992474418e-05	0	0.023514421243783393	0.20389239581266172
2685	-0.00015526131697417289	0	0.018619128271228323	0.13197849551458302
2686	-7.7771589987862816e-05	0	0.024633721411124423	0.38849553846646073
2687	-4.5477448080311067e-05	0	0.024346783309916388	0.16226619563349545
2688	-0.00011848476769033556	0	0.029299525017855897	0.53441402277687611
2689	-5.4508712566403439e-05	0	0.022003453914027936	0.20676219791193867
2690	0	0	0.020070786766691821	0.19806583509848261
2691	-4.7425412331647546e-05	0	0.026977430948262326	0.32326495788168952
2692	-2.1243963834427505e-05	0	0.029779316187486925	0.35543879956561925
2693	-7.6677728310770021e-05	0	0.020017845927637078	0.22080238662749299
2694	-0.00013408295010353677	0	0.034779565125673671	0.45173918785015343
2695	0	0	0.013795062144663185	0.0068727143146081974
2696	-0.00019931916561964912	0	0.01643860976297332	0.16114575241967452
2697	0	0	0.029816208514041966	0.34026227150469279
2698	0	0	0.012019598364035178	0.010624522521698477
2699	0	0	0.0064582721447108528	-0.14241801267634735
2700	0	0	0.0081525800006710426	-0.047963190244628175
2701	0	0	0.018991218022926953	0.1583537101189447
2702	-9.305473040270851e-05	0	0.02750302478074252	0.3589520661898904
2703	0	0	0.018867674413310564	0.21191308855135257
2704	-0.00013394707903334745	0	0.014469914212402259	0.15954846393549335
2705	0	0	0.019920563244641566	0.25727879303283563
2706	0	0	0.02479041331052171	0.239085612085504
2707	0	0	0.022711790440516227	0.28383240657763664
2708	0	0	0.01651270808395789	0.34289224188294803
2709	-1.7587964832188607e-05	0	0.017281008624904438	0.1782092432869255
2710	-0.00013917416670342075	0	0.026833594628111069	0.41820321847901382
2711	0	0	0.013641571955565129	0.10890043107770637
2712	0	0	0.013750957029669381	0.19423231635050842
2713	-8.7183770698001656e-05	0	0.016203212181166018	0.32294224986075376
2714	0	0	0.010794091115872134	0.12072580501792421
2715	0	0	0.009452409868386788	0.12349502879447845
2716	-6.2502585211571265e-05	0	0.02255790055888143	0.39786167077073908
2717	-5.5981543187028084e-05	0	0.028634138963215105	0.13725230698600277
2718	0	0	0.0075136001339955964	-0.21218614563783772
2719	0	0	0.019948306820981455	0.38679701635144126
2720	0	0	0.0083501683637237558	0.175808751837851
2721	0	0	0.021727219814754981	0.18525990412650684
2722	0	0	0.0095467735105214668	0.061462702880201558
2723	0	0	0.0061034811659834518	0.27591849150826853
2724	-0.00010745725369133707	0	0.010822882652787271	0.16732076832642143
2725	-0.00015231295947359391	0	0.020003194564882726	0.25060570970894469
2726	-0.00018934932741880296	0	0.016889039116541472	0.17594884270601568
2727	0	0	0.018086674588103237	0.25889736237335348
2728	-8.0691397831594847e-05	0	0.02439103644415265	0.28385375550019254
2729	-2.7987678312568764e-05	0	0.018593484964006004	0.1956911263902322
2730	-0.00017045721116591971	0	0.031747382461305804	0.33380406287849723
2731	0	0	0.026851503440120779	0.25891618678863404
2732	-8.4470697909722062e-05	0	0.029993475714492811	0.33111880960007678
2733	0	0	0.036804554586813712	0.36562812355272351
2734	0	0	0.01596597207426969	0.13307566903709075
2735	-2.3412379203019417e-05	0	0.024492838203505861	0.093376785829179604
2736	0	0	0.020221002345313498	0.39310598718499301
2737	0	0	0.0066212243554112701	0.058091630153078277
2738	0	0	0.018431038648290793	0.16052438664396201
2739	0	0	0.010922003693319421	0.08987367907875983
2740	-2.9439941623726763e-05	0	0.017893992813177953	0.045298842995573019
2741	-6.48867024684252e-05	0	0.020900848106629892	0.17063131320763866
2742	-2.9943735155568695e-05	0	0.017535178150425632	0.24590472129684543
2743	0	0	0.015382215960205744	0.063410180745592487
2744	-6.4024786356131627e-05	0	0.026116970114834714	0.20580788745077755
2745	-2.0492632475277439e-05	0	0.021162643827743549	0.018367996047833245
2746	-0.0001124275211330017	0	0.016338283467868499	0.10167711398346195
2747	-4.3012955184990044e-05	0	0.024649328969498934	0.15918484805910393
2748	-7.2036300829625424e-05	0	0.03114077316641848	0.33990629691636332
2749	-2.7531567032390569e-05	0	0.02056591359545263	0.19053167520900591
2750	0	0	0.025104732207009595	0.19018497521154137
2751	-0.00010186907813153901	0	0.023891696180625258	0.24163111408462218
2752	-3.4881198900971187e-05	0	0.026671846566363983	0.23617748056396609
2753	-7.5735476943089575e-05	0	0.021111811876545754	0.36789661061505757
2754	-0.00017255592927514773	0	0.025592411283924931	0.33648745765250021
2755	-3.0949901667809418e-05	0	0.024885395820853053	0.27089848421008167
2756	0	0	0.026493217376806467	0.35127985490255337
2757	-2.949979172180428e-05	0	0.02080505879443531	0.29905881345201779
2758	0	0	0.022560402934118907	0.30625170407647256
2759	-6.1172121165986576e-05	0	0.013536157730747836	0.15596531123064489
2760	-9.0485211663221548e-05	0	0.019698559773678459	0.27315501578349766
2761	-0.00015321038505987649	0	0.025244240308076503	0.26925395507091948
2762	0	0	0.0080849141010181039	-0.14302316553749869
2763	-9.8553823113881053e-05	0	0.016600087035690447	0.15744450811546312
2764	0	0	0.011464916178989568	-0.07957454374089494
2765	-8.2957720172233127e-05	0	0.012622431696097409	0.094829486167208724
2766	0	0	0.0083772104351935057	0.072189444248275225
2767	-2.3122183880086579e-05	0	0.023556546889574887	0.33029108373678345
2768	-2.0953962658759596e-05	0	0.021256069194102598	0.15535540833097725
2769	-0.00011826223800413538	0	0.028828185998008831	0.23850417845363014
2770	0	0	0.008276531576754103	0.0065874323353652727
2771	-1.533366044453588e-05	0	0.019002712263099426	0.033152947531388477
2772	0	0	0.020709385741465112	0.36626292389513154
2773	-0.00010706922084055548	0	0.0095662959475558505	0.081222011356719359
2774	-6.0151370924743648e-07	0	0.013641220656355669	0.069769752943482755
2775	-3.7530842043681514e-05	0	0.029564402400423469	0.38820044254054598
2776	-6.6190134884341884e-05	0	0.018594039662023071	0.17465739670088151
2777	0	0	0.0069133825066532567	0.10468123387044299
2778	0	0	0.022460466921033755	0.17733105136200955
2779	-4.1395350594330971e-05	0	0.024075565853096132	-0.039317150508572776
2780	-1.5443692955946497e-05	0	0.022162365602019417	0.35785476783261261
2781	0	0	0.02141147321969844	0.1787834348849501
2782	-5.3864521160729153e-05	0	0.015052584097787144	0.20720341373181289
2783	-8.2537825702577722e-05	0	0.0095015634454761848	-0.035619443936320702
2784	0	0	0.016144582198275477	0.28824305600392935
2785	0	0	0.027965779675029324	0.32911281072774862
2786	0	0	0.016166596346967686	0.25427801566929836
2787	-4.1582459215078191e-05	0	0.024813580172459982	0.28706020749553696
2788	-7.6072206436128553e-05	0	0.022035545286553038	0.31318458434580765
2789	-0.0001946992184337193	0	0.021010092946216766	0.21921627857910297
2790	-7.6735214968953747e-05	0	0.02458938538382776	0.11679536189354063
2791	0	0	0.013925587531206049	0.25874706479392284
2792	0	0	0.021420693193134378	0.097892025461738572
2793	0	0	0.0028472113426213307	0.025887837777612575
2794	0	0	0.032036352615778009	0.21662013637396385
2795	0	0	0.03347288909309136	0.21225827745132581
2796	0	0	0.020028043477501922	-0.040886433560460497
2797	-2.7719870423320582e-05	0	0.017756884505185096	0.24782249970754605
2798	-0.00016531691602413579	0	0.030246139674792887	0.37929072821132725
2799	0	0	0.01534580253579034	0.14643683848110531
2800	-4.7757817789284564e-05	0	0.025350420690093533	0.35010571341876878
2801	-6.5049519078014262e-05	0	0.025797724975996694	0.13567821640435287
2802	0	0	0.014181649788186295	0.13325360932501401
2803	-0.00014423849209417859	0	0.019873725963883038	0.15103246794627964
2804	-0.00010328668688599496	0	0.02088938219333359	0.26746698125192364
2805	0	0	0.019311647470431688	0.20103477189931604
2806	-0.00013508353410375263	0	0.03189120371134984	0.33151866829158289
2807	-9.5078969421513722e-07	0	0.013072288759175699	0.12322618459397568
2808	0	0	0.026153045291594269	0.35692128590022831
2809	-7.3636138465732476e-05	0	0.022903953913816746	0.26518886813491671
2810	-8.1331724090630281e-05	0	0.025851343121548888	0.033856660612480376
2811	0	0	0.016961934961824816	0.17762722621631627
2812	-4.6995511847508496e-05	0	0.028741508358869051	0.33151796785383614
2813	-7.952005228142322e-05	0	0.030232241397378103	0.3353689742186452
2814	-4.1522141890182329e-05	0	0.032313799809420687	0.26167769714801892
2815	0	0	0.010030749081984109	0.073360829093118571
2816	0	0	0.020798239170044676	0.21240233432750374
2817	0	0	0.0169871681245564	0.17533418774000675
2818	0	0	0.018478498010722696	0.36541257537385358
2819	-3.3851280031510497e-05	0	0.031398249281142758	0.39710001092414648
2820	0	0	0.018281529733148186	0.25077857586630625
2821	-3.6191701677873445e-05	0	0.030400733648568812	0.26309034286862742
2822	-2.8819715848044104e-05	0	0.013475207903761865	0.28954315530861569
2823	-7.1084812826810456e-05	0	0.01056355022401002	0.16750376514424103
2824	-0.00011053560634372573	0	0.026924709601242252	0.31527228949752489
2825	-9.521743983406383e-05	0	0.013671748925238767	0.10030718672231495
2826	-0.00035130946472319011	0	0.022494132207812812	-0.0079710554799592541
2827	-0.00017404487098670874	0	0.024622308667846954	0.21885737550802484
2828	-8.0643574870742365e-05	0	0.018190041972069491	0.19218694363489358
2829	-1.1154048493094982e-05	0	0.02297545290162243	0.13653301791789577
2830	-9.323971987619806e-05	0	0.019512622119170635	0.23771072539972288
2831	-0.00017634634366691103	0	0.031750449955967729	0.29572714825302493
2832	0	0	0.014744179794840065	0.086845580707908626
2833	-0.00032059475389882298	0	0.037879694606591768	0.48252040663292545
2834	-5.3140604942486515e-05	0	0.020090295717345032	0.25777264527796973
2835	0	0	0.0055531625295503258	0.13466688830031379
2836	-0.00011788520815181336	0	0.020683585450051726	0.27838374392831222
2837	0	0	0.012665497071374493	0.17525173192999882
2838	-3.6949878385916793e-05	0	0.017799476600242413	0.29077986146639873
2839	-4.8149872627384349e-05	0	0.019367110800799826	0.21017101646114839
2840	0	0	0.0067181531072215833	0.12197883207678847
2841	-0.00013767847270755308	0	0.027525424210861578	0.41285542103201267
2842	0	0	0.025590381649560966	0.3851431537135982
2843	-8.4983016008871592e-05	0	0.028625816813366088	0.20174657431549675
2844	-3.0259812527366759e-05	0	0.023010579241185828	0.23278608875696533
2845	-0.00015094193728978911	0	0.035146528764602197	0.21652359767638285
2846	-0.00019249875138823146	0	0.026825435378887798	0.15684032576988308
2847	-3.5730138214085107e-05	0	0.020983256501384884	0.31583771123292254
2848	-2.592881329687713e-05	0	0.0088617143604365987	0.045803359288129293
2849	-8.3065958301248297e-05	0	0.017422622709809554	-0.0033290884380111187
2850	-8.3674545153666904e-05	0	0.022919019507681979	0.15251423158934113
2851	0	0	0.0049895248036665616	0.066638700802143
2852	0	0	0.0087860848839965318	0.034046168478151784
2853	0	0	0.0093225599552552302	0.071463881152265873
2854	-3.8035120868973313e-07	0	0.01799088748111417	0.38688867291578222
2855	0	0	0.028082863616842712	0.24934353981319304
2856	-3.3413292138595453e-05	0	0.019135450334401373	0.18035702780100352
2857	-2.3084696460140554e-05	0	0.017999384794768713	0.18629174501460916
2858	-9.9619742573842093e-05	0	0.028394303758429495	0.23374140763856968
2859	0	0	0.013808827186705896	0.33731292576641564
2860	0	0	0.014904751920472173	0.10358243648346672
2861	-6.9462291089100733e-05	0	0.027073534860844621	0.29832994064747609
2862	-5.4334553218693402e-05	0	0.023824767209985932	0.15318371209754716
2863	0	0	0.0057996769226402621	0.093850820144021602
2864	-5.5172793132218789e-05	0	0.025801692679971188	0.18935286436521209
2865	-0.0001695398004588955	0	0.03238109809465739	0.32680061251198422
2866	-8.3094615873752225e-05	0	0.019804512843061197	0.36370691059312882
2867	-2.8433128214888637e-05	0	0.013622318135797973	0.14706636959906408
2868	0	0	0.022444984562321364	0.23426784874224954
2869	0	0	0.012513529244943023	0.22712384029102339
2870	-2.5576869237614596e-05	0	0.01190229410828202	0.058893701970481618
2871	-4.0950877751427808e-05	0	0.028796479388118339	0.18780757646690938
2872	0	0	0.019169094302597275	0.18312135814621086
2873	0	0	0.01512245047220202	0.221337677141973
2874	-2.7767055154126475e-05	0	0.012717786014673377	0.12124270605916503
2875	0	0	0.012399503881640878	0.05601609027746457
2876	0	0	0.019647571437430449	0.30079929119922461
2877	-1.6961704436357915e-05	0	0.015813495560702554	-0.068372817684365941
2878	-4.125680606502091e-05	0	0.026215517923153086	0.28388497704996685
2879	-0.00016867804559422828	0	0.021790723806504937	0.30518746659963392
2880	0	0	0.015451438098635686	0.27840567029684793
2881	-0.00010127037232326441	0	0.022694728947697113	0.35838789917952163
2882	-7.1170298968675769e-05	0	0.030465541771593406	0.26783763073852379
2883	0	0	0.027115198786053625	0.34204776776718188
2884	0	0	0.0090824120509384095	0.10546426889779296
2885	-0.00015225373828563481	0	0.018680219726826871	0.15752053337905697
2886	-6.7673323795192089e-05	0	0.026561868901609231	0.25708908478080422
2887	-5.7275308693538474e-05	0	0.027413709342028313	0.30968307764915098
2888	0	0	0.030497611858538332	0.2408463250671769
2889	-9.3753634419463383e-05	0	0.027239840355187422	0.26994893869005426
2890	-5.6217125508725707e-05	0	0.022457492349913899	0.07984916722992097
2891	0	0	0.026262889335804653	0.27343110686748895
2892	0	0	0.011571987961078837	0.02156901863447027
2893	0	0	0.010399668407290497	0.07119208726357891
2894	-7.7650131574685815e-05	0	0.024568783749752156	0.35788601334935682
2895	0	0	0.026492005656836837	0.44043196250459005
2896	0	0	0.0068720230528349999	0.16760142178898244
2897	-3.9810101279774687e-05	0	0.037051732206149934	0.27133536882264064
2898	-0.00015522632435400753	0	0.021515272477356857	0.29439710266176722
2899	-6.8666719944188165e-05	0	0.033254668645132393	0.30729825877222289
2900	-5.9290544994167196e-05	0	0.016342943416893366	0.25602640032225055
2901	-5.2509363506086927e-05	0	0.02775475711212929	0.40747303533205714
2902	-3.4422765581809675e-05	0	0.024438972278776689	0.2300839259369814
2903	-0.00027361800712382144	0	0.020747457227354219	0.21358303870290593
2904	-4.1930699037351358e-07	0	0.032281912975325053	0.15624158726916387
2905	0	0	0.014661615693425145	0.11206056401054429
2906	0	0	0.033068390121280301	0.38110768637893888
2907	0	0	0.0011896208784984152	-0.16756287121815022
2908	-8.4684025117554024e-05	0	0.018649826713504944	0.12512744423642069
2909	-0.00010193696554394727	0	0.031177402698724356	0.30014673161585553
2910	-2.1479594997969587e-05	0	0.02473655638087013	-0.011351008600659063
2911	-1.8867289793822461e-05	0	0.016286743707587644	0.047462333066433902
2912	-2.8058841426398251e-05	0	0.019160404795699363	0.29411998172667198
2913	-3.2977341722478791e-05	0	0.018328208240268044	0.25204140873017117
2914	0	0	0.016861580890780319	0.28294035160676667
2915	0	0	0.012917994205908116	0.087323939445256488
2916	-2.9958767908416783e-05	0	0.014973113173290822	0.14755022399966944
2917	-0.00011799659591806843	0	0.0203944367967063	0.16799549950426051
2918	-0.00012467996380662315	0	0.029987970182086699	0.15473241170237079
2919	-0.00012597436507423841	0	0.019894236008137355	0.29098971989466466
2920	0	0	0.023067468593068349	0.38301661043299506
2921	-5.5523714328231667e-05	0	0.013522610218757425	0.088673684987716522
2922	-6.2232014917945605e-05	0	0.02918538533331367	0.42452357359308773
2923	0	0	0.0021531012581600256	-0.036065163325744484
2924	-8.15404985532453e-07	0	0.030564209139633591	0.25830787186436083
2925	-3.5667194720750973e-05	0	0.029559553313876507	0.35813267337421667
2926	-8.4902593716251748e-05	0	0.027589191873974139	0.32050773799476573
2927	-6.1125011299689722e-05	0	0.024140981113749304	0.20983113599110337
2928	-8.250034740916456e-05	0	0.025471202461527936	0.23554033462417695
2929	0	0	0.0061681511484568572	0.016972598821997021
2930	-0.00022652557387451422	0	0.016928157933768923	0.3623224475562572
2931	-3.3749777585101449e-05	0	0.034653009951693722	0.36449481044369725
2932	0	0	0.0053736077971787864	0.072119030875130011
2933	-4.2245523566059037e-05	0	0.021392704815445956	0.18176460450422896
2934	-3.1838355003688259e-05	0	0.018315193633154724	0.26704559491525004
2935	-6.7080079470321913e-05	0	0.034249295313780556	0.34645403402338659
2936	-7.6199595376852386e-05	0	0.038658868205165009	0.44189196761663407
2937	-5.0818763386112353e-05	0	0.018292761167677286	0.13018981333195481
2938	-5.1831073854274881e-05	0	0.030147879250772346	0.32029165972274065
2939	-0.00011621996764488718	0	0.026197811423211682	0.39355842954709991
2940	0	0	0.017223489700026028	0.35047968894032611
2941	0	0	0.010381663977413714	0.014337745787636458
2942	-4.6119276328432382e-05	0	0.021106160014879666	0.031892954930205331
2943	-4.6321710794039464e-05	0	0.018987873627028664	0.21156351859640052
2944	-8.0512671414784126e-05	0	0.010002764472934056	-0.027330150625212137
2945	0	0	0.010861098851927325	0.22337808478798943
2946	-5.5855302827084731e-05	0	0.018408159467338377	0.28518128794710673
2947	0	0	0.015047421722205787	0.096171137058167377
2948	-1.1766625904580108e-05	0	0.02090435774200964	-0.0066423396760866794
2949	-5.7958617024622681e-07	0	0.0093211828989371113	0.038578109128637898
2950	-1.9870149165646111e-05	0	0.013418866325600385	0.34575820725682282
2951	-0.00014148814271605081	0	0.014528236474287904	0.067481715798475034
2952	0	0	0.025413186830644131	0.27274784458776591
2953	-0.00011846882804803505	0	0.020592511295489661	0.075106318922224066
2954	0	0	0.013368759776888204	0.11687296674840988
2955	0	0	0.024301307582180541	0.25355977041204858
2956	-5.4456167849020742e-05	0	0.014954913969130571	0.07765773275405316
2957	-5.2007118944213947e-05	0	0.025610083004129324	0.17865076225606383
2958	0	0	0.020568424914455253	0.18949963412208942
2959	-1.7864475468476471e-06	0	0.035706348501381741	0.06017651438419587
2960	0	0	0.019451326202475548	0.18259786099900138
2961	0	0	0.024675670113181902	0.38504663424180452
2962	0	0	0.020568380354683904	0.052972356133256071
2963	-6.1876970882809859e-05	0	0.019278099663340837	-0.36168273377939675
2964	-0.00018240616324701197	0	0.031886712148874105	0.39934827807235534
2965	-0.00013449738970230108	0	0.019282296848265289	0.067528448958700624
2966	-6.4618145457229212e-05	0	0.025967263667798723	0.12110261404261387
2967	0	0	0.02124257771574211	0.29440445032924967
2968	-0.00011359841243335778	0	0.028873722024157156	0.19259177885500325
2969	0	0	0.014577708012779678	0.18614513320909601
2970	0	0	-0.0019941393031802286	-0.1297729319730489
2971	-0.00016830799290900588	0	0.022772165024980522	0.30382326911399193
2972	-1.118979049696267e-05	0	0.01344821382082724	0.070459270312191055
2973	0	0	0.0074113195039230946	0.20394424118537255
2974	0	0	0.027931048432271944	0.22531619511005657
2975	-0.00016391944829273198	0	0.020309719663576208	0.18314081758472278
2976	-8.127290213975624e-05	0	0.019593477004762903	0.29609493181460528
2977	-0.00010189498960210264	0	0.032498677725945113	0.33256158462169505
2978	-0.00010648534541652932	0	0.023888004477704079	0.36609135150449323
2979	-0.00010522165753311385	0	0.017941262105815783	0.092108091044744614
2980	-1.8883829167998244e-05	0	0.020841334653911296	0.14826657070632146
2981	-7.2360240663260633e-07	0	0.019500272769279854	0.10840365678930777
2982	-0.0001348194910845757	0	0.024335285169100582	0.2928009887058311
2983	-5.8310063869404519e-05	0	0.027980730364207607	0.36336902536727816
2984	-8.528432765353422e-05	0	0.011800440398217316	-0.016505423793291469
2985	-0.00011017654966254398	0	0.01906990396052528	0.17036678446161121
2986	0	0	0.0054225581060039826	0.17685351969403576
2987	0	0	0.017928935322613415	0.22992651880095449
2988	0	0	0.0072062586896806165	0.028860438583062455
2989	-7.2431799777278311e-05	0	0.017488041213596005	0.26140186737313159
2990	-0.00013163386475998072	0	0.018089605418120543	-0.11212493167276945
2991	0	0	0.012601335948004744	0.094901119955311447
2992	0	0	0.0082437086341668603	-0.029656281190893263
2993	0	0	0.0031203519850369925	-0.13694967454898346
2994	-7.2310729268282309e-05	0	0.021994628226660103	0.16211605549040814
2995	-3.7382714635106343e-05	0	0.010284380778233137	-0.18006066632408965
2996	0	0	0.016924448641491698	-0.10647158971369317
2997	0	0	0.01262872328860154	0.16530688338176325
2998	-5.5105147326856005e-05	0	0.022698530278595398	0.31968718670035517
2999	0	0	0.01335074994313	0.18257567166766367
3000	-0.00015544057381898789	0	0.018024080305779889	0.06791581790171515
3001	0	0	0.016264219042516348	0.2999699962531131
3002	-6.4783540869706166e-05	0	0.034643271893283256	0.36507699718800524
3003	0	0	0.018459262147001158	0.10051832723438976
3004	-1.3646351066987083e-06	0	0.023166960690685048	0.19079892121870468
3005	-3.3338356700379769e-05	0	0.018202439394450924	0.22569438559528798
3006	0	0	0.019386441255536672	0.32106350480332757
3007	-9.620020376339134e-05	0	0.021630456256777553	0.27342197710761662
3008	-7.8439590712792157e-05	0	0.020188970562614442	0.23944003487378601
3009	-0.00012158775642816533	0	0.017511912351090848	0.28565701648248548
3010	-4.2884058853998042e-05	0	0.022379746082834238	0.25180399277505588
3011	-2.5603554773723226e-05	0	0.017164886566000379	0.20773922512397897
3012	0	0	0.0097421549421013356	0.062354915947405123
3013	-7.5975751465506836e-05	0	0.0238505053608093	0.3334705829872181
3014	-8.6712461071161712e-05	0	0.029214349215923908	0.25739678570864871
3015	-1.1457956799909574e-06	0	0.026261934116230533	0.36139636214408821
3016	0	0	0.017559642477780128	0.19396998716160727
3017	0	0	0.013669257943311221	0.059346207983410705
3018	-2.0853438666251779e-05	0	0.025055807007553201	0.26856455723858563
3019	-6.6161287815952324e-05	0	0.029073053135053949	0.27585585109844174
3020	0	0	0.026625343581339646	0.094447300403629558
3021	-5.8913089361345423e-07	0	0.031054119171596652	0.31365075719213442
3022	-3.1970860061408811e-05	0	0.012898201908533797	-0.1452331327748157
3023	0	0	0.008244463470229807	0.098531994601010045
3024	0	0	0.011686107301105373	0.27425520452330343
3025	-5.6799820954572812e-05	0	0.025757997560521616	0.22736004732114531
3026	0	0	0.026844629615568022	0.18086296003809543
3027	0	0	0.014269250324732113	0.13136128569834618
3028	-0.00026650120320250716	0	0.026418757892968964	0.31786313032430896
3029	-8.9322473487762896e-05	0	0.017990669560383261	0.16574315776999482
3030	-0.00020423048885429007	0	0.01398118200335358	0.20732762301930391
3031	-4.6716493301618424e-05	0	0.017879510369033725	0.15885829389113151
3032	0	0	0.019281091631452058	0.11884275252257462
3033	-7.4428703642143154e-05	0	0.023869333642942348	0.23006105602975638
3034	0	0	0.026505751634694531	0.25505080126617991
3035	0	0	0.024895074016040058	0.25536168153668626
3036	0	0	0.017365859830203324	0.23064235888675771
3037	0	0	0.023519125896916251	0.25148866515747031
3038	0	0	0.017853289217297327	0.24306616259855646
3039	-0.00016288270673727733	0	0.01688456963326275	0.14575537382655207
3040	-8.7854891665478665e-05	0	0.024482722889984647	0.17928328757067585
3041	0	0	0.0051856009242182951	-0.080286598006952231
3042	-6.1578281421725833e-05	0	0.018065021551354078	0.090243328717875992
3043	0	0	0.019953413203702978	0.25288048903047983
3044	0	0	0.0092559061010122484	0.10255583948312932
3045	-2.4336463993712699e-05	0	0.027903333829029452	0.26145194806852351
3046	-3.0959883448944404e-05	0	0.018552223316321025	0.26274363475893103
3047	-0.00013762955398173294	0	0.019163880242602883	0.1836219597458762
3048	0	0	0.007524327142659595	-0.029644677167639456
3049	0	0	0.016051305686623878	0.092462456724615921
3050	-5.3643408720799313e-05	0	0.018142479380387183	0.22775827955564357
3051	0	0	0.023408531624520574	0.24763658671046521
3052	0	0	0.016353724521092371	0.15606842735847506
3053	-0.00019232963634550627	0	0.023954147867473963	0.3540833669853341
3054	0	0	0.019018892782160964	0.34275240242274485
3055	0	0	0.011538426808732063	0.26820656819449729
3056	0	0	0.0065512229669095843	0.23302565110304094
3057	-0.00019220659367188419	0	0.025396887648534143	0.24980347755647458
3058	0	0	0.016611293505785947	0.29997550774007065
3059	0	0	0.020458097702635122	0.27980094793772159
3060	-1.420525395207095e-06	0	0.020059340770253762	0.19785665456818058
3061	-7.5206245224718188e-05	0	0.013877996028011517	0.080805242710317665
3062	0	0	0.0043146803408507656	0.047134680974001864
3063	-3.2685364306256348e-05	0	0.013519625806211018	0.1630660826404966
3064	0	0	0.018489325510534404	0.27539331439093473
3065	0	0	0.031647474570722332	0.39654451848593841
3066	-2.9072594416335031e-05	0	0.011257806270592887	0.12127647871870076
3067	0	0	0.013473316357591034	0.24437479026519227
3068	-9.707329871276871e-05	0	0.014103217359386248	-0.00074225519681700848
3069	-6.4516478832976623e-05	0	0.017696895895477772	0.28529826649527112
3070	-0.00010158568818169345	0	0.023317847037340498	0.19442991407200272
3071	0	0	0.007386181528241614	0.062551441343587852
3072	-7.0952104334615079e-05	0	0.016102749739658969	0.22756844786736469
3073	-3.3994438159257181e-05	0	0.037043468315697228	0.26281668158214178
3074	-7.236154632502822e-05	0	0.019986046506893319	0.03936814750720373
3075	0	0	0.013586222835865561	0.17848277210610178
3076	-4.5136528327754941e-05	0	0.025293377588674216	-0.0076969280068530195
3077	-4.1476544405277817e-05	0	0.025339502417954102	0.43413110681820094
3078	-8.178046420923013e-05	0	0.026340522946513002	0.43616147064010297
3079	-0.00019026045082899123	0	0.023819798418069575	0.36869712607963157
3080	-0.0002213540086006993	0	0.021314398250301701	0.29694527810293786
3081	-4.193533413240913e-05	0	0.033368893066540464	0.38822390487765635
3082	-0.00016157597784155486	0	0.023909937148846792	0.096049621617123632
3083	-0.00012992284780593554	0	0.032156304367987817	0.18971699584249896
3084	-0.00017010529561294895	0	0.02659952299664	-0.01615202320695492
3085	0	0	0.027530218405999906	0.17648245369761881
3086	-3.152184359025423e-05	0	0.024754256592683106	0.092858883876500611
3087	-0.00013526139423971907	0	0.029285473450050975	0.24077544024985281
3088	-8.2890444166933147e-05	0	0.01177417992704626	0.17155291339272249
3089	-3.7727389901731635e-05	0	0.024758093953579252	0.42574116835593029
3090	0	0	0.014953118488036144	0.18465975918112074
3091	-3.492108686143913e-05	0	0.011412591595003343	0.18600978226518836
3092	0	0	0.014173727132177721	0.094579983641946086
3093	-8.0509546818405278e-05	0	0.025785423598148789	0.32528688619039819
3094	-4.433918136484971e-05	0	0.021305762924671054	0.31135421729288826
3095	0	0	0.017015620543542914	0.25096647385165899
3096	-6.9621876572145697e-05	0	0.0064998355337928023	0.11337520638187912
3097	0	0	0.02718136936587796	0.21710529571880968
3098	-2.9452219384940026e-05	0	0.013122756089848453	0.044599576355494573
3099	-6.3396164749696118e-05	0	0.011757926687700074	0.22213794587278932
3100	-8.3430925058025631e-07	0	0.020964173863917506	0.15731056362719914
3101	0	0	0.02311524377406516	0.29790909288976897
3102	0	0	0.020955684017390556	0.22905893822268011
3103	-5.8999078121502182e-05	0	0.02060749159719958	0.35110738086143384
3104	0	0	0.02272099088942614	0.27859187058477342
3105	-4.578145801618638e-05	0	0.011957457657566237	-0.014889119872353552
3106	0	0	0.012608074441382167	0.12819314290742975
3107	0	0	0.027936623654531062	0.22647700239239246
3108	-0.00017477845746842745	0	0.02516316349537474	0.23239731660377227
3109	0	0	0.018083258938539525	0.15772021259933822
3110	0	0	0.014707838069555237	0.15491380985333714
3111	-4.5690914354445943e-05	0	0.024728510979066146	0.25397875124959102
3112	-7.5108885309427276e-05	0	0.026134289199456946	0.23693298175286426
3113	-0.00019799219734625839	0	0.024969313185911751	0.18675519019001657
3114	0	0	0.016056428953562511	0.23188930649073886
3115	-4.222150129709612e-05	0	0.025887694725861367	0.20777520703804248
3116	-0.00013018806951541894	0	0.030637312820083324	0.36246810703512095
3117	-9.0735993514171057e-05	0	0.017409386791441189	0.13526558170216729
3118	-3.2897269940590504e-05	0	0.024398348093001881	0.22247572223298775
3119	-3.3979625816416006e-07	0	0.029752624689100608	0.076756895614407156
3120	-0.00017989375724250799	0	0.029047755390439169	0.17224172808410693
3121	0	0	0.012862043886374694	0.10263723233106689
3122	-3.74123155742867e-05	0	0.029931875541735171	0.28119169859130078
3123	0	0	0.021516798892969983	0.06276207131405169
3124	0	0	0.023141292315101668	0.31928465420947416
3125	-7.9210600127874176e-05	0	0.019971151481289008	0.28080294585034993
3126	0	0	0.0070039943362696228	-0.035197306567215814
3127	0	0	0.023712882564940453	0.23922525223065666
3128	-1.8768146560776967e-05	0	0.021371979076125241	0.17770450062875978
3129	-8.6192202288137837e-05	0	0.020103318426907227	0.076854533226049002
3130	0	0	0.011923597768070462	0.21373084466990941
3131	0	0	0.01554541125428072	0.24145289854041024
3132	0	0	0.0088642481564806253	0.087123320028728718
3133	-0.00010655005072637835	0	0.028405626868878486	0.32521386323164947
3134	-7.7490024326073997e-05	0	0.01936737092972729	0.24460441074562703
3135	-3.9049443470862143e-05	0	0.033493952381737274	0.34806365533741312
3136	-1.8271890556265103e-05	0	0.02718923491442508	0.42500863180886261
3137	-1.8815786041948001e-05	0	0.012268472851485209	0.071761619480492478
3138	-0.00010588943906353343	0	0.016468480510012852	0.21899180854624359
3139	-7.7900910792022554e-05	0	0.012644516048361365	-0.19506281446472334
3140	0	0	0.022507528054172825	0.23784393379781926
3141	-9.3749549520327774e-05	0	0.029372133781437177	0.36028812849224623
3142	-4.7285238240829529e-05	0	0.022880545856797822	0.28136715002444035
3143	-0.00015818759307489882	0	0.032685238161081494	0.31108312331932386
3144	-0.00010958156822172272	0	0.011683637516030932	0.34314608267105512
3145	0	0	0.021032406305570826	0.2642516380149843
3146	-1.9676860053408075e-05	0	0.028313876073881927	0.14593021480640619
3147	-2.3102328085189418e-05	0	0.025567528186273503	0.17420134730391854
3148	-4.2867808870444835e-05	0	0.025848885404192511	0.20470679422505106
3149	0	0	0.011274678610960936	0.1906995778353496
3150	-7.2471289764455829e-05	0	0.024359028995549099	0.15242692970728988
3151	0	0	0.0099446534568704524	0.14098090036071159
3152	-2.2255808851756599e-05	0	0.015508722259779836	0.083464094784884313
3153	0	0	0.01126694177574138	0.19607011967087534
3154	-3.154856765195668e-05	0	0.01306108352874282	0.2441241678503106
3155	0	0	0.022084111647349247	0.38942358071204347
3156	-5.5148527157156128e-07	0	0.025537193949497949	0.28529410829914531
3157	-5.0547993138302935e-05	0	0.027540147849367778	0.26844768355604232
3158	-0.00019762691601303838	0	0.022323752502969304	0.24515688901843208
3159	0	0	0.019203379256400817	0.15880468095923234
3160	-8.8592431422485079e-05	0	0.030279157603438057	0.32740489429199937
3161	0	0	0.018706845934111205	0.33113825939031238
3162	-1.9254144665564744e-05	0	0.016981421731716562	0.19136833529038005
3163	0	0	0.017559338728795823	0.23641266889259641
3164	0	0	0.0017635122564732292	-0.16237290477660718
3165	-5.8407838065205332e-05	0	0.021023812226772274	0.075205387732514756
3166	-4.6355810726195215e-05	0	0.020999937661061778	0.27038756575770451
3167	0	0	0.018344910532637267	0.25888780626637253
3168	-7.8568123622796418e-05	0	0.029727863085819012	-0.067756144771830867
3169	0	0	0.012662929777600865	0.03908301343246616
3170	-3.9885023597302506e-05	0	0.01777395983206537	0.13623806078717254
3171	-4.0915016780906922e-05	0	0.022499850598508717	0.17145482698280973
3172	-3.192779564236137e-05	0	0.01182700562037757	0.19386711186010233
3173	-3.5025093647905739e-05	0	0.016474036538531668	0.089646539198281333
3174	-1.493517649235887e-05	0	0.012255669728202018	-0.0044122685241347239
3175	-6.4980126228603163e-05	0	0.013664483482153492	0.24829850177492863
3176	-8.6948393695002185e-05	0	0.017145074219473196	0.08112367397042905
3177	-2.0032400827113549e-05	0	0.016414828533632006	0.058117195402401553
3178	0	0	0.031496944325793454	0.2797890957346898
3179	-7.5302607160382401e-05	0	0.024432201403101997	0.29757919789406434
3180	-4.3780124337403083e-05	0	0.019422629302528367	0.13233831615001812
3181	0	0	0.0077625723011321337	0.14385610210721983
3182	-3.1316026573852131e-05	0	0.024159242095571624	0.32403302960975167
3183	0	0	0.01407551142678339	0.019947772606506847
3184	0	0	0.017051995831961327	0.30425294212487636
3185	0	0	0.011789796197380584	0.10000669140292659
3186	-1.5891456429950602e-05	0	0.022159240886658459	0.24381734301192579
3187	0	0	0.01725826299426007	0.18061978141936322
3188	-2.1363083711917198e-05	0	0.019123865270130217	0.27296537947659555
3189	0	0	0.00039940759488612252	0.074669724586839042
3190	-0.00014863782914381062	0	0.021478494687849042	0.1472874275383666
3191	0	0	0.021623015149811776	0.28829830339609125
3192	-3.938030220248523e-05	0	0.015555521986874205	0.13199465319551806
3193	-1.683979825504167e-05	0	0.012578980980496552	0.057704906496951702
3194	-0.00010878827452822648	0	0.023602452334062312	0.2715306714654353
3195	-0.00022634026870397005	0	0.028002609911729572	0.26423173699630581
3196	-8.1137554615035029e-05	0	0.017043346929689097	-0.032170454331605348
3197	0	0	0.017823171685924261	0.10377798847110205
3198	-7.4159834003345584e-05	0	0.010243712340081011	0.11258543402181898
3199	0	0	0.018061643980884091	0.064429860266805597
3200	-7.9902225217631798e-05	0	0.01898034213852071	0.16783951328262139
3201	0	0	0.013433322105514466	0.16751744497344595
3202	-9.9643773472707359e-05	0	0.034156577098300694	0.29459731311312953
3203	-9.2283820366945163e-05	0	0.031387354454609183	0.43963917269479091
3204	-1.413438505635245e-05	0	0.010698023102567636	0.097697651636375768
3205	-0.00013669318493114702	0	0.019424072785102112	0.16081149630036234
3206	-2.4045833208852229e-05	0	0.02122866062762346	0.23635448033728035
3207	0	0	0.010253353787468675	0.21436845016339373
3208	0	0	0.0086909745610259694	0.074068114666255097
3209	0	0	0.010243992138055314	0.093808399890443317
3210	-5.7354057404818136e-05	0	0.026902450182091964	0.32254068387970708
3211	-1.7920830656859009e-05	0	0.01377568565086241	0.21287456367697005
3212	-6.3013190122707116e-05	0	0.027288962810144913	0.29852020958814413
3213	0	0	0.01548474849163092	-0.042141211533017371
3214	0	0	0.0062549260389595743	0.16763961871805111
3215	0	0	0.02021369244506873	0.10359611494939866
3216	0	0	0.015197139089564151	0.21498696506275056
3217	0	0	0.020088845873948734	0.21703280459597907
3218	-3.8163632810667149e-05	0	0.022257391573645292	0.31366333322776552
3219	0	0	0.013511995356313086	0.29155922135316414
3220	0	0	0.0077217501642510619	0.095136153273583768
3221	-0.00023623283239830318	0	0.042567751323339217	0.43871956676855695
3222	0	0	0.0088342857932437215	-0.32246933188127963
3223	-0.00010831983062314365	0	0.016643865938519287	0.1277630514968357
3224	0	0	0.016008147583328299	0.22647796927665725
3225	-7.2785303219735645e-05	0	0.028278171934230385	0.21790354498974485
3226	-4.245312426751635e-05	0	0.02394803989258585	0.096444811533234198
3227	-3.5063443821881088e-05	0	0.020409429957891523	0.097633839847291265
3228	-8.3982583071173791e-05	0	0.030198591486613423	0.30692704919832592
3229	0	0	0.021210920420616938	-0.01606025912308286
3230	0	0	0.019510666834950528	0.19050720482677935
3231	-6.5488802608748567e-05	0	0.020708842800574521	-0.0066846758015919553
3232	0	0	0.0099681326287087806	-0.15234495219540242
3233	-3.1838376821080594e-07	0	0.020536051856645324	0.22750990586514336
3234	-3.8823508744606491e-05	0	0.027174045008966818	0.33665832270570573
3235	0	0	0.0091855019296696143	0.063407137879212344
3236	0	0	0.017238871257310093	0.20122493015533666
3237	0	0	0.010606339189663879	0.098795214090510119
3238	-8.6238801380378313e-05	0	0.02390504468034042	0.019822394911291241
3239	-0.00010644731405705377	0	0.013952861870838804	0.23231523606583529
3240	-8.4408203881503052e-05	0	0.031540425916577089	0.21709686972051251
3241	-1.5938296860235069e-05	0	0.033711129353252087	0.39508031551330364
3242	-8.1796769942388275e-05	0	0.021441160564005697	0.16194361433922691
3243	-5.1559679986773464e-05	0	0.018784845986796764	0.15431453555761995
3244	-4.2352224201841483e-05	0	0.02289662961065176	0.15867811090002265
3245	-5.546725428258181e-05	0	0.02129579482088427	0.1648255013720801
3246	0	0	0.015211188740210334	0.27506749297757632
3247	0	0	0.010675218629218403	0.11374040451363861
3248	-5.7966414808485744e-05	0	0.019024525714544875	0.22654757028927813
3249	-5.0539583738051784e-05	0	0.01970417865460538	0.26718122640437947
3250	0	0	0.014087311632315119	0.15502325234616299
3251	0	0	0.030580314429439016	0.44546490390457871
3252	-0.00010023497622036471	0	0.026064935257419652	0.42599898873006292
3253	0	0	0.012140094339749743	0.16506265437327752
3254	-6.7835959712658767e-05	0	0.025273369719072125	0.31350201665868027
3255	-9.4070452101266416e-05	0	0.022079952954597339	0.24386177004728465
3256	0	0	0.010694192693489165	0.11646311032627836
3257	-7.1813293582978496e-05	0	0.030515509954105326	0.14688696369093501
3258	0	0	0.021071967351375488	0.30333751385437685
3259	0	0	0.028477923196193373	0.20428181092816505
3260	-4.3518510478812723e-05	0	0.014033815747737318	0.022446597900930398
3261	-8.3287839821383217e-05	0	0.027562242406464609	0.41097546895899056
3262	0	0	0.018430057803873624	0.25306208150518572
3263	0	0	0.014828496274788069	0.081347580612446443
3264	0	0	0.026373605280000895	0.36360157300262375
3265	0	0	0.017874802847292759	0.32741566881184048
3266	-2.1404467537777804e-05	0	0.01855285203527423	0.17671300789082253
3267	-8.1812828224636641e-05	0	0.022933441694341569	0.42640625687905287
3268	-6.0838864990309105e-07	0	0.021914569802381496	0.19189708326565924
3269	0	0	0.024334274556939369	0.10611479603078204
3270	0	0	0.019684120321774648	0.1685065868806232
3271	0	0	0.014199013317448394	0.0862419988262665
3272	0	0	0.013761054770844064	0.23958772749106688
3273	0	0	0.019113085025439635	0.25112288529801219
3274	-7.3540812251660087e-05	0	0.019053316289097504	0.094937878187606614
3275	0	0	0.0084652510282382295	0.1551624197469125
3276	-9.013655116214547e-05	0	0.027475368253192294	0.42456680620460691
3277	-0.00016157204875065777	0	0.024599182301033248	0.19249136837741249
3278	-9.8050540301325434e-05	0	0.018518312305170717	0.072871151156818983
3279	-9.563250121288891e-05	0	0.024043265688966222	0.40950265801461533
3280	-5.9338103714118294e-05	0	0.022497671202161555	0.34281938396408729
3281	-0.00011651986909298473	0	0.019355683085941405	0.17338793499468291
3282	-0.00010879805900185224	0	0.017215639436938879	0.23653856330418002
3283	0	0	0.023391247425343282	0.32013392487371206
3284	-5.2901214956563305e-05	0	0.024256607437618694	0.2927214928445121
3285	-0.00011924098304680331	0	0.026715653969561305	0.13217247939391166
3286	-0.00010436047791523295	0	0.022660855118923833	0.29232411113455414
3287	-0.00026502436777884328	0	0.024641204647323115	0.34511385094643665
3288	-5.9267437993032468e-05	0	0.021488455681706105	0.21923984959560325
3289	-9.5289098256101662e-05	0	0.0076140448154862952	0.056899072108851312
3290	-7.6162616593811186e-05	0	0.021160192161575886	0.39017512803171528
3291	0	0	0.025181432714003582	0.20660877746257014
3292	-4.3584004646435302e-07	0	0.015764182087503791	0.1677566394386491
3293	-7.0565306853542792e-05	0	0.024159952194876821	0.17203274877845864
3294	0	0	0.016860043368377355	-0.023524168393636986
3295	-9.5476940286359779e-05	0	0.010802066519520523	-0.055435656206632801
3296	-0.00012122227885175696	0	0.0196981386064164	0.11754728364612391
3297	-0.00013903434500300849	0	0.021022387206244792	0.19625106355808172
3298	-4.5045698992865481e-05	0	0.025736946154426121	0.18903441768889001
3299	-1.8949174579524496e-05	0	0.01553945931489464	0.2749236694794025
3300	-6.9398934195924464e-05	0	0.0068823361777083066	0.1258411251531549
3301	-3.6096484385855775e-05	0	0.018353184263605538	0.16846282403787188
3302	-5.4904646097303501e-05	0	0.014866744833593751	0.19352202171062707
3303	0	0	0.016092307322489639	0.36099997389169375
3304	0	0	0.022237072918044287	0.17763749015497907
3305	0	0	0.005722546246149823	0.13700776457520358
3306	0	0	0.023071259625108885	0.32768534476359362
3307	-7.2421485326298887e-05	0	0.022887341427027662	0.26278967950695625
3308	-0.00010120468369674284	0	0.021453473041685746	0.30187959609747905
3309	-2.1316049153285999e-05	0	0.02926398834577949	0.28855395349843904
3310	-8.8349545786986505e-05	0	0.031068874613116991	0.32147639184399612
3311	-7.8605209557675029e-05	0	0.014468581664719423	0.18298929822852011
3312	0	0	0.018190271809238739	0.26730468741429125
3313	0	0	0.0041873181984014626	0.069288353531740676
3314	0	0	0.01801537197078722	0.026596006229965809
3315	-0.00013443900962063494	0	0.015823823937783553	0.35457128678869221
3316	0	0	0.0084406823658172807	0.056193548206476762
3317	0	0	0.018713843001406272	0.20088544244722292
3318	-9.926723761410905e-05	0	0.022711524911700167	0.32704290754575588
3319	-0.00015695119722461959	0	0.039640190322977366	0.4774061189396992
3320	0	0	-2.6836677099839611e-05	-0.11691630679063418
3321	-0.00015717817826230163	0	0.027637707090836107	0.25899895597399181
3322	0	0	0.023271394311636467	0.29525201958719138
3323	-4.7760553827297381e-05	0	0.020030506609185674	0.054606390471536703
3324	0	0	0.016485859958787329	0.092256920622823674
3325	-3.2513163000386089e-05	0	0.028131461007904424	0.28119712692322685
3326	-0.00010701090307871364	0	0.028394302165358966	0.2284503878395058
3327	-4.6689209111119845e-05	0	0.01381986296971007	0.01372205832374764
3328	0	0	0.0082979492791318415	-0.15071621806288804
3329	0	0	0.023311764471898266	0.30580670548585209
3330	-0.00010837400313933321	0	0.018482465696235802	0.18853007090966128
3331	0	0	0.017590376898621845	0.095824282130732907
3332	-5.9830082565492935e-07	0	0.01208274926008053	-0.02047415133229933
3333	-4.3912133608936532e-05	0	0.022390460650387779	0.25168267814856993
3334	-4.528988943451884e-05	0	0.024925562834527817	0.38602807960215213
3335	0	0	0.016906712930351651	0.21227234310324361
3336	0	0	0.016850433041501182	0.2634481930339726
3337	-3.6531033574505047e-05	0	0.012923663822517912	0.22072617213211773
3338	-4.6019373064543065e-05	0	0.022842042765308011	0.19918825780364124
3339	-8.2012533343428504e-05	0	0.012942489781171745	0.21194573718031567
3340	-0.00017127921241218979	0	0.031856963325221345	0.23118147850439619
3341	-3.8969327253496334e-05	0	0.017440998017868664	0.24082689803810164
3342	-8.7622164465323002e-05	0	0.029263022069317902	0.27502339199862702
3343	-9.0819433881672573e-07	0	0.019326539722961392	0.26761876888851754
3344	-4.2890762114355942e-05	0	0.022421270068203502	0.19191918445698317
3345	-0.00016046361608827443	0	0.024714887615950872	0.4367496711643768
3346	-0.00013589724815757376	0	0.026869853465607958	0.19729671054086378
3347	-8.4406294436578652e-05	0	0.030508784045848902	0.42697617172795638
3348	-4.7814646889965395e-05	0	0.030169017891068638	0.27953527157258212
3349	-4.3808004898926443e-05	0	0.028130843241639624	0.31883408806066227
3350	0	0	0.010608596396611426	0.036369193980666029
3351	-0.00014297250019419395	0	0.026937826342826203	0.25162487835983482
3352	0	0	0.0090433921176879366	0.13810293741499982
3353	-0.00010095006231822801	0	0.026824093388191812	0.24655232035160052
3354	-2.7679467091296096e-05	0	0.013057662703015865	0.061632193901934793
3355	-7.9471218899335167e-05	0	0.028979703330918861	0.027966394155729442
3356	-0.00014829372820881481	0	0.014181843683493154	-0.070310681936966629
3357	0	0	0.017880545268970802	0.2777622909831256
3358	0	0	0.022111914790181906	0.23345930370081627
3359	0	0	0.025551859591569491	0.38469522210493684
3360	-9.3771567548314722e-05	0	0.01863234416194481	0.25117230280665004
3361	0	0	0.0052134536066104353	-0.16997758869149343
3362	-9.0765450095853237e-05	0	0.011461957816977425	0.11993074653174948
3363	-2.1836968560090542e-05	0	0.029750658586104851	0.20224211549957999
3364	-1.7434733263665959e-05	0	0.028208060340688169	0.17561712479632413
3365	0	0	0.011009362591473931	0.29405479498303305
3366	0	0	0.02325668269885595	0.014453512297140304
3367	0	0	0.011201275285527038	0.19296211984874495
3368	-9.7382341275215062e-05	0	0.025372377405695534	0.16160367594599928
3369	-2.9017736307934695e-05	0	0.029537807949271654	-0.17318781984942558
3370	-3.1911555790758997e-05	0	0.019486590126419991	0.31980412197676938
3371	-5.4053600829473412e-05	0	0.017501466636608724	0.29215822851559303
3372	0	0	0.020745752976269481	0.050167213234708852
3373	-2.0696984554696708e-05	0	0.022754546985891452	0.2426332728918911
3374	0	0	0.011824559860904504	0.14162960431466048
3375	0	0	0.015775474996133	0.27179772487219134
3376	-8.873276172102762e-05	0	0.034273630256212724	0.46203100119158885
3377	0	0	0.015711616732708066	0.042637335071358848
3378	-3.0697152805783666e-05	0	0.01738864157244676	0.21559477806490671
3379	-6.1753500570338465e-05	0	0.028329025201300921	0.33647740641607898
3380	0	0	0.022596157402192184	0.24984150500404878
3381	-0.0001482816131712028	0	0.02319275506725477	0.21057963587591053
3382	-7.5159898955123874e-07	0	0.0095798271983735892	0.14411017151518837
3383	-0.00015735819828008313	0	0.015736948228329117	0.11980852759168967
3384	-4.3244071549275451e-05	0	0.021702910525518648	0.18967249392395474
3385	0	0	0.01022203068050909	0.15085396102941134
3386	-0.00015347703545115775	0	0.022262313340820499	0.095814115863540189
3387	-0.00011001342650998058	0	0.022655124734578144	0.22379994050776036
3388	-2.8106053581877787e-05	0	0.020184709020274607	0.22273231786675013
3389	-0.00012618438181521418	0	0.026512994167019893	0.24540449705078027
3390	-7.1808003940440626e-05	0	0.015723464796087584	0.2488751705051096
3391	0	0	0.024775544036391973	0.23859273142838716
3392	-1.7866517651260461e-06	0	0.011544856514876137	0.092305613908734513
3393	-3.7135095567819577e-05	0	0.028650972130808083	0.21683860666286781
3394	-7.4861379183999153e-07	0	0.017932410946458373	0.25505554430638383
3395	-4.1773212518103621e-05	0	0.017766490741550442	0.15399854578007649
3396	-0.00013294801479334372	0	0.029111361076635499	0.32929684553370653
3397	-9.0292990735652001e-05	0	0.024995517885365977	0.25645596253188463
3398	-1.3153369479729226e-05	0	0.024879089828801916	0.32001925302820505
3399	-3.3549921243319904e-05	0	0.016017109664949021	0.11510554614627458
3400	-4.7358885315251789e-05	0	0.024313540916439422	0.38274654001496888
3401	-5.2136559269175266e-05	0	0.0039579788400308045	-0.12828378875908056
3402	-1.808889819796544e-05	0	0.016915969130712763	0.19797156656481266
3403	-5.7914888243543186e-05	0	0.024627787770738423	0.22609330921458323
3404	0	0	0.022603690937496108	0.32150957152166015
3405	-5.1993908679121017e-05	0	0.013790967946851437	0.20754574331810569
3406	0	0	0.023676265415046263	0.074814054783532771
3407	-0.00010892820393429425	0	0.034498998640489609	0.29318971010528477
3408	-2.3700948413912794e-05	0	0.023237484934004297	0.20946777648670184
3409	-1.2481611277886939e-05	0	0.017370264893044669	0.31664770175889656
3410	0	0	0.015103169911832822	0.31150030673979723
3411	-4.3428387783761568e-05	0	0.033805418879111496	0.33610832954546077
3412	-1.2569544968649149e-05	0	0.016677626637660641	0.15924483913936918
3413	0	0	0.023161412050733805	0.37737257687798503
3414	0	0	0.019949357514537944	0.4205634851912084
3415	0	0	0.014955503106036752	0.22472113475174443
3416	0	0	0.003961435522540341	0.031817183002797809
3417	-8.4967192566448574e-05	0	0.017631977447678145	0.25132041829385199
3418	-7.0781352837223643e-07	0	0.0087303444285212976	0.097480910189419956
3419	-8.7572633940144473e-05	0	0.032470241298065639	0.011506667982853014
3420	-6.9469454393078498e-05	0	0.035660032263788707	0.39302380643957963
3421	0	0	0.018976208749622723	0.19667272748956288
3422	-9.7575454648657359e-05	0	0.01704065398798351	0.16460148069535335
3423	0	0	0.020522132433191738	0.28640821607746586
3424	-4.9405876604907693e-05	0	0.017940682146982582	0.16830734727620739
3425	0	0	0.018421595504618755	0.23028183740716529
3426	0	0	0.019381755557288816	0.23204160234671617
3427	-8.9182624324474213e-05	0	0.013735123943929037	-0.045801590938089505
3428	0	0	0.029373988255827911	0.46797333642331507
3429	-6.0491085115726981e-05	0	0.019895132629719339	0.17823188073569679
3430	0	0	0.016168395945021743	0.24198150796915008
3431	-1.5517072732673665e-05	0	0.012971739034453667	0.12670043115380422
3432	-1.6750393084730141e-05	0	0.017330855982538373	0.18808546934323492
3433	0	0	0.019499445050459179	0.032428704616798656
3434	-7.6399834784735002e-05	0	0.02587236925191793	0.25509332052698225
3435	0	0	0.034023425572400137	0.37019732040963554
3436	-0.00010842066265879801	0	0.024703902700712044	0.4565705395126029
3437	-8.5413359564207039e-05	0	0.023992835095526324	0.21259427181224475
3438	0	0	0.017542851931452445	0.21368908061093964
3439	0	0	0.014018010403364404	0.11881272775254896
3440	0	0	0.0098827074037528915	0.035580975145096241
3441	-0.00013159317690225603	0	0.035359931562423626	0.52538224731805871
3442	-0.00014122908923748788	0	0.01985915034845024	0.39445714309598268
3443	0	0	0.024244602102367209	0.32579080846260916
3444	-4.544011564554529e-05	0	0.036120078376822608	0.35965168527819369
3445	0	0	0.021552053384850105	0.31607391414896735
3446	-9.5836436108409634e-05	0	0.024702488992984786	0.15359094566342613
3447	-6.0186368139902856e-05	0	0.014727251653081655	-0.16640587765118312
3448	-0.00012260527814120237	0	0.031765051670669633	0.16994460418709678
3449	-5.4451018078705007e-05	0	0.020047128714422064	0.071919698438091678
3450	0	0	0.019679528342350473	0.35046492452487532
3451	0	0	0.014128189769833318	0.090985896633363691
3452	0	0	0.019225504333837913	0.1275843255289579
3453	0	0	0.020046750697760372	0.39515102244739886
3454	-5.9373168503529247e-05	0	0.029010138485646229	0.43348048657669097
3455	0	0	0.0048315337096497294	0.11093251507436477
3456	-0.00034111417800696822	0	0.032889695972483632	0.14356309161109421
3457	-3.4097993655551885e-05	0	0.032818794997678521	0.36275943849826076
3458	-2.2236674262787749e-05	0	0.033270510193411353	0.27690946604885597
3459	-4.6733676598653685e-05	0	0.022013616948719464	0.15377824086409592
3460	-5.7042930723871786e-05	0	0.016730521639359355	0.14886480889576442
3461	0	0	0.0055594918089780258	0.073971994096123955
3462	0	0	0.013864001352883815	0.17308138362755215
3463	0	0	0.017955689815950443	0.28250705541222365
3464	-6.8331618950806522e-05	0	0.034898726328608631	0.28277649419157014
3465	0	0	0.0058985531725666979	-0.0075010500399818325
3466	-2.3475691513175079e-05	0	0.0089027040339560611	-0.087858988585307898
3467	-2.779913799332845e-05	0	0.020454226113663754	0.15055886595197104
3468	-2.6275747163823082e-05	0	0.025045057265175908	-0.10683798768011385
3469	-4.7296767224785929e-05	0	0.021594599959509832	0.25964504208736544
3470	-0.00014651173979551846	0	0.031611438259206634	0.36778878144465577
3471	0	0	0.017724957166603099	0.33928274690005161
3472	0	0	0.019692366459968351	0.29093925656815045
3473	-7.5027845057307201e-07	0	0.018809779111886853	0.10662666293741974
3474	-0.00013144630838373138	0	0.038524399266913679	0.32843515771087922
3475	-2.4038685631860846e-05	0	0.019590686047727089	0.33443851124792412
3476	-7.6100215641289323e-05	0	0.028265050409684633	0.31131183628283132
3477	-3.4364172905981814e-05	0	0.023274903035887307	0.39389386495334733
3478	-0.0001596950224310667	0	0.018029211159764996	-0.026342894772360282
3479	-4.6378267836583162e-05	0	0.039347868653933755	0.36680584047856485
3480	0	0	0.0075523926321869189	0.19019796933956964
3481	-2.5550493645837279e-05	0	0.016542676868183018	0.11652352278563385
3482	0	0	0.016809898977388323	0.25798089693550652
3483	-1.4571637661547898e-05	0	0.026173526752909643	0.32324848648988846
3484	-7.1387805988010205e-05	0	0.025644233438074215	0.075134217533558534
3485	0	0	0.011153157390526362	-0.089203372039812795
3486	0	0	0.0098699887840284772	0.23710506864376427
3487	-3.2415827235837692e-05	0	0.014696666065848227	0.20780618976980875
3488	-0.00016019785998843127	0	0.025100809254237237	0.14652370255122699
3489	0	0	0.021008668814699403	0.15088458119299825
3490	0	0	0.01584982681593191	0.26162337170540323
3491	-0.00012923583638811686	0	0.0095558595126620238	0.089383292227180514
3492	-9.5833161469466299e-05	0	0.037047103004669762	0.31228681693965193
3493	-7.0164020621499287e-05	0	0.024787251715565218	0.18752331974217121
3494	0	0	0.033302096581105133	0.24086823965859741
3495	-9.8954705141873767e-05	0	0.01957357477554026	0.085581621826871887
3496	-3.623814126181846e-05	0	0.018338731334974604	0.14448182281017302
3497	-0.00010555730055148982	0	0.02805469792685511	0.322504988423302
3498	0	0	0.012167951731947962	0.17723054829505924
3499	0	0	0.011818742938532259	0.20381090842934008
3500	-8.6281901475704356e-05	0	0.020354977263212264	0.26828152036875375
3501	-0.00011767196611283115	0	0.025088551019712045	0.32825103690567603
3502	-0.00013644388450641254	0	0.012978977372100884	0.099080655748157692
3503	0	0	0.027159593619128064	0.35771874269321269
3504	-3.9277309050211871e-05	0	0.018827467468466121	0.17258871680720458
3505	-6.9031267188696119e-05	0	0.025035481314932738	0.14789788684353139
3506	-0.0001872222682221758	0	0.025210387408517665	0.18392578393010289
3507	-0.00014324913508307336	0	0.028047529481747102	0.23558796434740992
3508	-5.3415655621780189e-05	0	0.020157841538057483	0.29873854891984031
3509	0	0	0.022350931189702685	0.35040765175889421
3510	0	0	0.013773577490397041	0.1512603228064468
3511	0	0	0.026684320938325977	0.20718384386593719
3512	0	0	0.017333974029441774	0.2522342911323584
3513	-7.9691140161641807e-05	0	0.01827507369080985	0.33524049983235871
3514	0	0	0.016651513111551657	0.30361842660585936
3515	-3.1223397330260025e-05	0	0.028400568463756392	0.29405529304982697
3516	-0.00016952488729707894	0	0.030959234112204265	0.30083894226993341
3517	0	0	0.02427908427668931	0.15157981155792838
3518	0	0	0.0090384224721387265	0.11441741921118379
3519	-5.6718949715284241e-05	0	0.028496948713585581	0.33782785301489276
3520	0	0	0.002983135390256725	0.19470131844341268
3521	-4.6404169918595753e-05	0	0.024108904020943522	0.24171332907715284
3522	-6.848653287465645e-05	0	0.02230032087019556	0.36693801296563061
3523	0	0	0.023303668525094724	0.22116373447797591
3524	-6.227110840321681e-05	0	0.032232882724195555	0.2467810425950745
3525	-2.3983980842340325e-05	0	0.019042804260957724	0.34695024872410529
3526	-1.3208570952699673e-05	0	0.021084765297649917	0.25219548741770315
3527	0	0	0.015631758824659944	0.12643352762836829
3528	-1.5100327780392941e-05	0	0.021276658318885183	0.10033792644385515
3529	0	0	0.025749179791804688	0.30904892716710924
3530	-0.00027922972181829706	0	0.020218191343627522	0.087962526999941809
3531	-8.0246947673545679e-05	0	0.019070026670203709	0.065036533171929603
3532	-0.00029833619165173795	0	0.018531275049333228	0.17948855578522777
3533	-7.813459708291281e-05	0	0.021810270066096642	0.1500057379549965
3534	0	0	0.011336849613269556	0.19627001973749203
3535	0	0	0.010326334464602174	0.067728968591194399
3536	-3.2321289800796293e-05	0	0.021848509176008769	0.32959472671626322
3537	-0.00022140579013537053	0	0.034432475865913817	0.29116267239821958
3538	0	0	0.015426335022379232	0.18406203107736202
3539	0	0	0.023371926892733718	0.1207646371232306
3540	-4.7536871853753879e-05	0	0.029884762847644797	0.32764948105246006
3541	0	0	0.018308923109064193	0.34299944812271999
3542	-4.4838402149283139e-05	0	0.020326659579597492	0.14255079972512733
3543	-6.9104889892973581e-05	0	0.021534853115338346	0.29451468860694185
3544	-0.00016709832363345778	0	0.015271431085836359	0.17097568613153494
3545	0	0	0.027386080797253298	0.25632103637380832
3546	0	0	0.015496436077838936	0.19300302859940649
3547	0	0	0.017294056894456594	-0.10945621978020847
3548	-6.7148741613987101e-05	0	0.02586308289938908	0.25847533476458429
3549	-6.0189539611288369e-07	0	0.020026756188116966	0.20713806862677772
3550	-7.3305482466140543e-05	0	0.024030093633261435	0.058175193501759127
3551	-4.8579393735764807e-05	0	0.020292506140618449	0.075127759544016362
3552	-3.8702553241676264e-07	0	0.0312101528864559	0.39170559890502654
3553	-5.7097298874594912e-05	0	0.0088440362291429681	0.11970228158634022
3554	-8.3828356875631502e-05	0	0.02738519847978025	0.30695259378460288
3555	0	0	0.019485769372646629	0.32741568975456581
3556	-6.3657125855232083e-05	0	0.019075146261282823	0.26382861448359018
3557	-2.8833034219200027e-05	0	0.012741660655633941	-0.0010229548272209898
3558	0	0	0.020557006172742573	0.087933606290334379
3559	0	0	0.0054423155911880738	0.17724571682200058
3560	0	0	0.014715830250585399	0.12504235821739643
3561	-5.4443276163701479e-05	0	0.019211210402949503	0.022417904145744683
3562	-5.1603156163249067e-05	0	0.031451153537806184	0.29590317806818284
3563	0	0	0.02384866479750351	0.045828939057803254
3564	-4.2809312784658494e-05	0	0.030886704882228701	0.23442037090432327
3565	-9.5486555119989053e-05	0	0.013488093214360184	0.19668317322735354
3566	-2.8821257889716236e-05	0	0.017094865804929173	0.35870345871464387
3567	-3.1427752600549083e-05	0	0.012845815978213762	-0.016385297560128975
3568	-5.2319854595178625e-05	0	0.0080810007835033278	0.061435069821112832
3569	0	0	0.0069516603528776057	0.22332934159529855
3570	-6.4325517188817955e-05	0	0.025200752841407759	0.25454549677894389
3571	-0.00030227549732436687	0	0.016381919208603303	0.1380597585905548
3572	-3.6312762493967421e-05	0	0.015720948778368042	0.090179484762629922
3573	0	0	0.034755763926404205	0.36253391533738594
3574	-5.3714791673525883e-05	0	0.023575917120222424	0.20642714107611587
3575	-5.0349432098684146e-05	0	0.015942171876596502	0.056192936940851271
3576	-1.6978534004608025e-05	0	0.035659064789506978	0.43086576063112131
3577	-0.00011759549960957405	0	0.028583736699527951	0.28454993004970508
3578	0	0	0.025728051778096096	0.021387395969398686
3579	-5.7462579009676108e-05	0	0.0204107388773055	0.047968651478753663
3580	-4.4208664898848229e-07	0	0.023192137041694778	0.34892914188791346
3581	-0.00015733482216490069	0	0.035581422374691994	0.3422159838197677
3582	-5.1233038551279365e-05	0	0.030736232594183881	0.30529136673931234
3583	0	0	0.013306903627970181	0.19824077739720342
3584	-2.5543678416461991e-05	0	0.020683555214292403	0.0270291120667129
3585	0	0	0.025521614617364557	0.36251618787367662
3586	-4.8865228942096554e-07	0	0.018125016653926743	0.21946289290792528
3587	0	0	0.015386621204749304	0.12777710951336868
3588	0	0	0.029160961219819193	0.096778692928735449
3589	-2.8221551449103546e-07	0	0.026310335765214698	0.2483618951414111
3590	-1.8761250780802153e-05	0	0.016865227143047536	0.20903487616716432
3591	-4.9846256279051369e-05	0	0.012238619534833243	0.14924558470500307
3592	-5.1878873119698409e-05	0	0.011008272161588298	0.22709543755257117
3593	-0.00010758953403690319	0	0.013494441292163515	-0.20981020234811484
3594	-4.4430040599624519e-05	0	0.020246686551582703	0.10175000439311288
3595	0	0	0.019105627652582571	0.2688339562971892
3596	-5.3764026521718743e-05	0	0.017026662113429396	0.28428108427714843
3597	-0.00021088524794130869	0	0.015479033627204273	-0.069121070894126585
3598	-7.4164772904278248e-05	0	0.018799139275175004	0.24687181672238961
3599	0	0	0.0082969125523612349	0.030961199879467261
3600	0	0	0.0165490642519668	0.13118289746122597
3601	0	0	0.01360963533794691	-0.11396201088074571
3602	-0.00012176932005040775	0	0.022159448155834628	0.22083075363797358
3603	-5.474901609996974e-05	0	0.030920653645460604	0.39918550164565852
3604	-5.9958927431896794e-05	0	0.010528652259896007	0.063492662530790889
3605	-9.4167136612149932e-05	0	0.02539519830959474	0.37980158497712113
3606	0	0	0.013690056558226613	0.13307629241278696
3607	-0.0001382847654562619	0	0.019876607735531411	0.21432861899441785
3608	-5.2189025021270874e-05	0	0.017208462399313229	0.24091662381768356
3609	-0.00010433578248074115	0	0.014773762539268764	0.32299771661216325
3610	-6.3299895069068862e-05	0	0.0080113657853610569	0.036286351954754083
3611	-1.2390718021310088e-06	0	0.019676582200516657	-0.1360928739998572
3612	-6.7611892522145831e-05	0	0.024450119005803215	0.30119352330113086
3613	-0.00010134852679842265	0	0.015521712242107527	0.16192606154900363
3614	-3.3156040919518627e-05	0	0.014517492395064715	0.34294013924846489
3615	-7.4375558342787415e-05	0	0.0086849846400548353	0.055993809446378329
3616	-8.6691652748721598e-05	0	0.018308250106019119	-0.15600218315833853
3617	-1.9792705049198613e-05	0	0.014339983167158838	0.020505490648942904
3618	-3.7848326870351669e-05	0	0.015018907077787825	0.013157013490133346
3619	-0.00012129901305105162	0	0.026711940212982666	0.29464828985340019
3620	-8.3005882795761374e-05	0	0.025303408158146294	0.41602482550594733
3621	0	0	0.0097241505994156881	0.0090684276352837323
3622	-1.4963007133955707e-05	0	0.019809473639444387	0.1454151393121578
3623	0	0	0.0095927745566073783	0.13248135363451946
3624	-9.9640728718403127e-05	0	0.019232466103791937	0.3090120081795692
3625	0	0	0.020386582040615959	0.27474702670047357
3626	0	0	0.015589367326086687	0.22371477949037494
3627	-4.9476241261570128e-05	0	0.018729315951497426	0.13711246497315815
3628	-5.5883267548129112e-05	0	0.033603337810265657	0.2594112756473414
3629	0	0	0.009295774799910294	0.09369931452115432
3630	0	0	0.023461342992194607	0.30538687777984463
3631	0	0	0.0047157749348028131	0.041012655666521403
3632	-3.4329925588372226e-05	0	0.028573048922359678	0.42209289638303166
3633	-1.9041270848013657e-05	0	0.02173130724759266	0.21427787975559878
3634	-0.00032244665965450446	0	0.030672198388644118	0.38998917856918575
3635	-6.8442931696915954e-05	0	0.012091952338655811	0.029739076124863172
3636	0	0	0.020576053352000339	0.071302154017634539
3637	0	0	0.019686714617367297	0.12706564114353644
3638	0	0	0.023346348559874955	0.13947285907928658
3639	0	0	0.016974880133721344	0.037961568513563623
3640	-0.00010518609502497833	0	0.02404687096272487	0.22451543322438833
3641	0	0	0.016738811438823168	0.21459053282195231
3642	-0.00012809301471140567	0	0.021588747249544727	0.19371689577480747
3643	0	0	0.024799627317759594	0.24581396206187506
3644	-4.5234985267006424e-05	0	0.018661612653045452	0.27487667147660122
3645	-1.7234057257137225e-05	0	0.019181598171311046	0.17416789379404746
3646	-7.8720062983106406e-05	0	0.031226556499992109	0.46418246229270677
3647	0	0	0.015605357839193233	0.10590062187384044
3648	-6.3096881791968593e-05	0	0.020336027465691874	0.22616639831641253
3649	-0.00015266482072733844	0	0.02076919094542631	0.27508019737539574
3650	-0.0001010963572999568	0	0.021357814439222009	0.18455339041930258
3651	-1.5343296962394561e-05	0	0.020553813419288601	0.17299161678667518
3652	-0.00015680691042367357	0	0.020671866007774757	0.25233704229222353
3653	0	0	0.010144694809990234	0.15647438286167356
3654	-2.5088045006316227e-05	0	0.018722634754691915	0.26494023958908897
3655	0	0	0.0094976330941528575	0.2015185896774902
3656	0	0	0.017207323791031362	0.38909007056340439
3657	-6.4706685838356042e-07	0	0.024513409211726109	0.49891574703945374
3658	-0.00014348717767548314	0	0.034864825297720628	0.32075335757238266
3659	-3.302952311070584e-05	0	0.033131342197159186	0.34865787125390957
3660	0	0	0.021976931391976599	-0.0015919479659391666
3661	0	0	0.028854623705081683	0.3852982229002101
3662	-3.6958279511223322e-07	0	0.019019480673428867	0.062837490722087413
3663	-6.8723846547852352e-05	0	0.018084774065304603	0.16565597091028833
3664	-5.2611624626808239e-05	0	0.01533426911526071	0.30692230350345695
3665	-1.7154245410361258e-05	0	0.03444469759367845	0.34679254274339283
3666	-1.5685097342271748e-05	0	0.021710532912288211	0.16392502149273819
3667	-8.4616008051396902e-05	0	0.017240403788028595	0.0283675135045812
3668	-7.0005084310836854e-05	0	0.013874590899347398	0.074301198797333629
3669	-7.5040377968110802e-05	0	0.018948383816308572	-0.14735311441127535
3670	-7.0412121501128849e-05	0	0.023066178094056707	0.25301584464448579
3671	-9.4438734934459975e-05	0	0.012999251081364304	-0.012270279272948418
3672	-3.4969218892572095e-05	0	0.018118575250504476	-0.10919684980325917
3673	-3.5490868229365316e-05	0	0.0090397484169528145	-0.0054435067581154904
3674	0	0	0.011770914012361846	0.10635221991868431
3675	-6.6082589152316459e-05	0	0.015214662510886958	0.3925518160580489
3676	0	0	0.015925663893973489	0.25984461085364846
3677	0	0	0.020403631878949453	0.20179881662670299
3678	-0.00010095080263509138	0	0.01548844241600012	0.0066081616326659764
3679	-0.00013985661587584408	0	0.027046154314764436	0.207342722498711
3680	-3.8708863085495925e-05	0	0.03026745135165531	0.29482374920514065
3681	-6.3332262669629763e-05	0	0.021177267704169382	0.21906852796009738
3682	-0.00017958387373914753	0	0.020280595048083726	0.30833408628629833
3683	0	0	0.013234712867218043	0.21444762326371092
3684	-0.00014011192782087956	0	0.031266307443985897	0.30970325518147446
3685	-3.4174770111863875e-05	0	0.018896459036851675	0.022669577098265059
3686	-2.4777927358737849e-05	0	0.031847108891308415	0.40696803958110472
3687	-9.3094659035908298e-05	0	0.0099586571235050717	0.12846133741679097
3688	-3.5563699125279456e-05	0	0.022637215371449852	0.30447418875517351
3689	-4.9905910840736253e-05	0	0.019098774966221137	0.24411587800148085
3690	-8.4600934511902537e-05	0	0.018456427850070047	0.31100200680570961
3691	0	0	0.015718227051628723	0.063084024575752989
3692	-8.3442073880446441e-07	0	0.016732015518041207	0.12127322829027196
3693	0	0	0.017505974800455633	0.34770284067022877
3694	0	0	0.016698245720216186	0.145134074453101
3695	-0.00022482822617987951	0	0.017020000440595533	0.14178711174181788
3696	-6.9329367410886356e-07	0	0.02124866800415114	-0.10063303647272401
3697	-0.00011152293872626062	0	0.040842643587836187	0.41140149716617824
3698	0	0	0.011888982102210793	0.19424661635286572
3699	-5.9577430820384469e-05	0	0.012342006691904231	0.19904718096089025
3700	-9.0957732043023262e-05	0	0.027058354784024168	0.29396582886197253
3701	0	0	0.024120356627740449	0.36713486380686255
3702	-0.00032622152496253332	0	0.024736204158743887	0.11128846815074769
3703	0	0	0.01462559778016633	0.25852421332566178
3704	-0.00011680054184020072	0	0.019924215804725601	0.19067010694470188
3705	-0.0001941628860997191	0	0.011920550553772807	0.082189763380888833
3706	-3.5098733965710503e-05	0	0.028265722471878953	0.3378379506645145
3707	-6.1795241907475212e-05	0	0.023257634668824755	0.23819238511557819
3708	-0.00010408347131932172	0	0.023183701242168189	0.20894606954381345
3709	0	0	0.027450455053200828	0.2634323813564971
3710	-6.0930974333500695e-05	0	0.017045851145589614	0.1538027700509885
3711	-4.1223873981782733e-05	0	0.015228102647801731	0.11478479944580702
3712	-0.00022052251030658666	0	0.032777151392004704	0.40782967016050337
3713	-8.8401869443144321e-05	0	0.017645857229852881	0.18380892447859673
3714	-5.2602029604920107e-05	0	0.018626302687681263	-0.027919425758829351
3715	0	0	0.014746638785188535	0.13897838231897625
3716	-0.00011345234453656316	0	0.023405781013786119	0.17172142460280726
3717	-1.7187449896632901e-05	0	0.03489265158141841	0.35291734746024855
3718	0	0	0.016541569051008346	0.29088559007693804
3719	-7.6232838449835641e-05	0	0.021524836593136212	0.23647504546264719
3720	-7.9042602647755314e-05	0	0.027095551274828138	0.1648017342318509
3721	-7.017068250410041e-05	0	0.020835844686086999	0.2279613989800347
3722	-1.5709938418748126e-05	0	0.021153237847674557	0.22790106168757407
3723	-0.00015497884996062416	0	0.036920824398525141	0.40089843689187765
3724	-2.0058292331848192e-05	0	0.0071996660510348278	0.12409204351233397
3725	0	0	0.019118058109748787	0.098085840533563659
3726	-2.6768451317982222e-05	0	0.03097893111023518	0.1793436331524485
3727	-7.5993146250141747e-05	0	0.017015688888981535	0.15461214610682505
3728	-0.000112230135726471	0	0.015155594458573368	-0.24147181289400033
3729	0	0	0.025798478665662705	0.35629282628093861
3730	0	0	0.016471504743795794	0.10821183256439985
3731	0	0	0.019418260178559268	0.30914940758029436
3732	-0.00018833925410794428	0	0.022059769048157502	0.10256864523464122
3733	-8.047922556134735e-05	0	0.011798698575911487	0.032280381308290161
3734	-6.6982691216554985e-05	0	0.022876377318598696	0.22403513568404643
3735	0	0	0.020305739886452352	0.36550747766620911
3736	-8.4204373715196507e-05	0	0.030272002355733713	0.34103051715992444
3737	-4.2704687449407475e-05	0	0.023790458718830648	0.25307564133732574
3738	0	0	0.012235383920119155	0.24368147332532089
3739	0	0	0.010474943230280484	0.24877522066582364
3740	0	0	0.019100779176802512	0.11673282402962
3741	0	0	0.0056571277897524861	0.069028234820752737
3742	0	0	0.022034869976496278	0.10787286250459897
3743	-6.1019915974630522e-05	0	0.017881827651705977	0.015892383065421421
3744	-2.8112608889191425e-05	0	0.019084881480235176	0.048707629732377314
3745	0	0	0.013321555602302099	0.10125096320010148
3746	-8.7746829557353023e-05	0	0.025399547127821925	-0.089004159141124667
3747	0	0	0.015643522812022637	0.29438628829571584
3748	0	0	0.01539305604376299	0.28712054188218927
3749	0	0	0.023826813102857301	0.33302285755618588
3750	-3.0596322598896994e-05	0	0.030689561526634341	0.15629122045869626
3751	-0.0001561048952339661	0	0.015331404787382683	0.048246300734541857
3752	-3.6116066152075413e-05	0	0.025579479882447315	0.23084253809808736
3753	-6.614526464068515e-05	0	0.0084602761116804349	-0.042824440362245988
3754	-7.3714753600390146e-05	0	0.021946293627232601	0.29193279264904454
3755	0	0	0.021296895721876069	0.34083694460003067
3756	0	0	0.010599467320556374	0.10623779275754575
3757	-0.00018508499828252535	0	0.027371807527106839	0.26332736493765663
3758	-6.6802041704494555e-05	0	0.034476377245665914	0.33015274751187701
3759	0	0	0.0230191031512215	0.1633593009761643
3760	-0.00016004513809507183	0	0.02749207330716209	0.30408903652550534
3761	-5.0838009041931367e-07	0	0.017330288563383877	0.17783923773970139
3762	0	0	0.014682736445848291	0.092739358000393485
3763	-1.989511816086753e-05	0	0.021990425824389922	0.33258802506957885
3764	0	0	0.027242201521553176	0.16872887087325728
3765	0	0	0.013261400633846617	0.16105153318229318
3766	0	0	0.014896692150722498	0.27586209780793075
3767	-0.00010410965727568611	0	0.015347857612902777	0.18322182840058884
3768	0	0	0.0096622594555651926	0.08466050953026634
3769	-4.1549534665480392e-05	0	0.021608764245799612	0.29212305733620064
3770	0	0	0.0063584433279173487	-0.12515241798527579
3771	0	0	0.01409312445158308	0.077437184459966973
3772	-9.1756949667709536e-05	0	0.023382682336532488	0.27793814246945026
3773	-0.00010686854101178978	0	0.011858699398420483	0.062866413146457953
3774	-7.4817539196037061e-05	0	0.024288084421160452	0.13525591956470717
3775	-8.3518854811170939e-05	0	0.020946342200032643	0.20941248101106122
3776	0	0	0.013198579645345109	0.19771369137511383
3777	-8.6205153418983388e-05	0	0.026844939127638322	0.26955900682538181
3778	-0.00011165367526395076	0	0.01889562251494031	-0.016163572341891901
3779	0	0	0.016612337687168133	0.37164631716595198
3780	-0.00018506140893050915	0	0.016953651254176159	0.075439540853309839
3781	-3.4256870398624573e-05	0	0.008410993451848963	-0.013959229754669733
3782	-6.4415571518905429e-05	0	0.020409199701505454	0.28045933433980791
3783	0	0	0.0229818167770801	0.17445388159604441
3784	-0.0002042954729476021	0	0.024569808741280903	0.095880493089358448
3785	-0.0002166776355482708	0	0.018731673466163432	-0.038900085142564225
3786	0	0	0.017893103249688756	0.35819410188033945
3787	-3.450412958551641e-05	0	0.03558396269046088	0.44692299331095564
3788	-5.7368797296142306e-05	0	0.023127408593010386	0.1431196233546356
3789	0	0	0.015316784575706935	0.13583160502558217
3790	-5.8449544830274648e-05	0	0.032968324646663008	0.32868136694243177
3791	-2.3038312002637839e-05	0	0.0067182720954354234	-0.0039718630063606767
3792	0	0	0.014806281761810054	0.096891273749184478
3793	-5.8272610615320297e-05	0	0.021825107292610346	-0.15115183209332961
3794	-4.7343645346309417e-07	0	0.01815147826898254	0.10602991928096421
3795	-1.8126991230771328e-05	0	0.031950198536690143	0.27559303494246662
3796	0	0	0.014693734984836207	0.34120200434797454
3797	-2.3064133057820734e-05	0	0.014794392223284483	0.066865350664997353
3798	0	0	0.0066566522319311703	-0.058795436517860344
3799	-7.5693329875670121e-07	0	0.019153209995480487	0.23730114574286015
3800	-4.6294412050271183e-05	0	0.020655622941776579	0.1046737620270701
3801	0	0	0.024546494226132122	0.45267078283415552
3802	-6.8660431450118237e-05	0	0.026641172477600804	0.27494093813001508
3803	0	0	0.023868572284643154	0.14497050499512193
3804	0	0	0.011609373587910903	0.051052196239277856
3805	0	0	0.024495901229552176	0.19550393190209314
3806	-5.0043356902029769e-05	0	0.017608182159607022	0.2021568943898609
3807	-2.9943224029244098e-05	0	0.011282259558065869	0.11834725450513464
3808	-9.0026270970244854e-05	0	0.015469009038807994	0.22355319674184698
3809	-5.1397943443992623e-05	0	0.015478631415471933	0.23102810715594946
3810	-5.3055558787429289e-07	0	0.010186520347926876	-0.13168909625306294
3811	-6.8232489957001369e-05	0	0.022990840739816533	0.20797138620903949
3812	-0.00010943511277551054	0	0.015679002721099008	0.024428059465891282
3813	-0.00014915753171576007	0	0.010053965533716767	-inf
3814	-0.00014737656349891325	0	0.025234573818636419	0.23924710335105587
3815	-1.8953862992426852e-05	0	0.012114669332204661	0.16396996838131611
3816	-2.1887405876014342e-05	0	0.021805916391326799	0.11649020988515704
3817	-3.8889569594457998e-05	0	0.017504842960160839	0.33976817368185408
3818	-4.7003289064789788e-05	0	0.020470882793346822	0.24921085277764474
3819	-7.6780872620896284e-05	0	0.016578422306194864	0.20950262730253319
3820	-5.2805120858406826e-05	0	0.022584632039148442	0.2931151076856871
3821	0	0	0.014346896379328063	0.29717951637219037
3822	-2.1581681634885717e-05	0	0.015377034277749608	0.19162430299301464
3823	-0.00011677812412202448	0	0.018249060563610867	0.20326655861364112
3824	-2.8949177468495791e-05	0	0.016634070376692657	0.16038470015312303
3825	-8.0104120545787522e-05	0	0.022672681454497259	0.11256136313630175
3826	-1.9863524640151285e-05	0	0.03281412147267472	0.31593631976700209
3827	0	0	0.016549664374203823	0.25716284019127322
3828	-5.2109129051869375e-05	0	0.025026219020125563	0.40269784112698365
3829	-2.7387426435521166e-05	0	0.017077283641634605	0.17043804946420313
3830	-7.9385906676338053e-05	0	0.020994450318328854	0.084877326071618783
3831	-0.00010064724219127074	0	0.033495096186304953	0.31570693213889855
3832	0	0	0.02436400257003226	0.24375655748648511
3833	0	0	0.016865838386825278	0.36008206680185834
3834	-6.6137905667856825e-05	0	0.017685433964938539	0.24253835496540171
3835	-8.4101642371531279e-05	0	0.01296331856439153	0.2637798583870356
3836	0	0	0.021445465638391878	0.1343902812992942
3837	0	0	0.0046881991266531833	-0.046122837194154651
3838	0	0	0.013359654228771552	0.18603397517417988
3839	0	0	0.020815668640651926	0.20387337824862675
3840	0	0	0.022689572310443201	0.34901331342805697
3841	0	0	0.019555206792180917	0.1708019730402533
3842	0	0	0.021869684943750564	0.17644845008188201
3843	0	0	0.013624060173012261	0.27753258885230742
3844	-5.9775994995503459e-05	0	0.015369336758408772	0.19267003264422072
3845	0	0	0.009786762473203578	0.30577888574550138
3846	-2.8006125709545417e-05	0	0.032802008840490893	0.30587362436658599
3847	0	0	0.0081026089822754284	0.066855455776671097
3848	0	0	0.018271659739568097	0.18335845561639502
3849	0	0	0.013113801086101001	0.093392658960653879
3850	0	0	0.02985768090579357	0.29632615428539244
3851	-4.1005086650741654e-05	0	0.02649548027825014	0.22091263982615356
3852	-4.1464162901805321e-05	0	0.012480264089446571	0.13810521464209854
3853	-0.00026747673133251657	0	0.016975641655729446	0.14841847134862371
3854	-9.6970143085611801e-05	0	0.024110426021320512	0.16557534814599978
3855	0	0	0.0063675828268032666	0.19004014769854821
3856	-9.2732352753288621e-05	0	0.025602639087413049	0.17539668423267213
3857	-9.7477984241350899e-05	0	0.024497333647905406	0.30433469417090292
3858	0	0	0.011981968781066795	0.12930717119250587
3859	-4.3653178260971702e-05	0	0.028243559991593691	0.25723803678261425
3860	-0.00012986117502858941	0	0.015285487720329231	0.15714496032030162
3861	-3.9513132793389524e-05	0	0.014483846756704869	0.1105112125190197
3862	-0.00013722959512437461	0	0.025598859049191104	0.15340180583168
3863	-0.00016574129815626892	0	0.018618437640727785	0.17175108718763729
3864	-4.3215307815480664e-05	0	0.021489592447724033	0.30901609658786822
3865	0	0	0.018318049004241478	0.063012776630164996
3866	0	0	0.020917078031845025	0.26197397673227907
3867	-2.981603158196955e-05	0	0.030925316560832215	0.32190677458083111
3868	-8.5803762472902448e-05	0	0.024659652340246606	0.31475403707017013
3869	-0.00011230069794716524	0	0.011522306962618984	0.099542360671710836
3870	-4.4800334294348156e-05	0	0.019613615269454935	0.098411496091105194
3871	0	0	0.019306361978199099	0.11090077520984924
3872	-6.0347491072640366e-05	0	0.023053647764128066	-0.03657024701674861
3873	0	0	0.013876395200217478	0.33918862035376923
3874	-6.1129640446994093e-05	0	0.020934733788360645	0.021579457254266909
3875	0	0	0.0089785487043466221	0.010866218127013794
3876	-3.0702880037164484e-05	0	0.029917727874114286	0.3912762416642267
3877	-1.4488015572661217e-05	0	0.01721236596173048	0.3266678861194775
3878	-4.0963973272362118e-05	0	0.032392444918421304	0.32715246637757378
3879	-0.0001271761928656523	0	0.027325846938047248	0.3102816142969948
3880	-0.00010440300463935847	0	0.016319266481197504	0.12957551413984311
3881	-3.6452337774112163e-05	0	0.017904342936235825	0.19408109737839727
3882	0	0	0.017037991896206396	0.24829340175070325
3883	-1.6574869848395845e-05	0	0.023777551959333447	0.17576713582926512
3884	0	0	0.01305700877739197	0.039739027800396357
3885	-6.3951727913424955e-05	0	0.026798415394280371	0.40545511387258626
3886	-0.00022229858410244274	0	0.028906770862273435	0.3036163641468973
3887	-0.00017008539467256445	0	0.030294560778917724	0.29073356550616003
3888	0	0	0.014982420758090267	0.15606715862347212
3889	-6.6767564944725244e-05	0	0.023461722854940199	0.3805407975618964
3890	-7.7189946075828514e-05	0	0.029551043433776104	0.35718048626202875
3891	-4.5873339891533416e-05	0	0.035778807798951838	0.45885222755655486
3892	-8.290554380879222e-05	0	0.02550952144359837	0.22576121360362461
3893	-1.7109493785255613e-05	0	0.019716767015326157	0.35651471078744046
3894	0	0	0.021594305875738636	0.29616281957022267
3895	-4.4252304872999251e-05	0	0.016464323331491899	0.36023595074770054
3896	0	0	0.015005510597891647	0.16462437393695911
3897	-9.5505390009176241e-05	0	0.024020693702758361	0.25903490223314468
3898	0	0	0.012327063070682423	0.15546557328798574
3899	-5.8865443517386316e-05	0	0.022837120952348612	0.34869469297000316
3900	0	0	0.010527772804622493	0.028940245634443262
3901	0	0	0.01734064966816163	0.18473217956474947
3902	0	0	0.013417684977925028	0.09614120589977572
3903	-4.5492538888386447e-05	0	0.013852363852362524	-0.072703036060012938
3904	-0.00010114440267038893	0	0.033371404036500581	0.32376852639583942
3905	-1.5659655562194617e-05	0	0.015590887174511245	0.10729099739074124
3906	-4.8344933607952222e-05	0	0.01700272643042948	0.16538305581742216
3907	0	0	0.016999396638087534	0.17394327589223862
3908	0	0	0.0095992888769500569	-0.0012646598144947063
3909	-0.00010493441736990072	0	0.022776102319040131	0.14404065011668998
3910	-4.898755466591076e-05	0	0.029452933031147911	0.26216466367382546
3911	-7.9595173442426057e-05	0	0.021155646104718148	0.18635257882590289
3912	0	0	0.025570379017691703	0.27076883090676396
3913	0	0	0.010830816917976363	0.028639355168765923
3914	0	0	0.014523067534935697	0.15871839954946534
3915	0	0	0.030032128327176711	0.32579382593806339
3916	-0.00019820634787720559	0	0.028115483033662052	0.15232393170989272
3917	-0.00010403068198623355	0	0.020271337537849196	0.23262518424530296
3918	0	0	0.028284142488376858	0.24471933453433475
3919	-7.9210854184719182e-05	0	0.026293530760929284	0.28188740964287184
3920	0	0	0.027420945670918583	0.30281017356705087
3921	-0.00014897481101744937	0	0.023741979152182999	0.31132851216458157
3922	-3.641858606288628e-05	0	0.025607229664766175	0.36747624084546066
3923	-5.2798347722135541e-05	0	0.015946916161993958	0.065345573514156013
3924	-0.00010079319479850967	0	0.026592623357874979	0.094805250923987394
3925	-0.00011276673990462394	0	0.031670901810592886	0.35625376281586474
3926	0	0	0.023871635894098089	0.14518988653000736
3927	0	0	0.023831672307269184	0.26343993532684806
3928	-5.4560435558748119e-05	0	0.020438938366038037	0.27074987017394953
3929	0	0	0.0047627756839461995	-0.16495764114941963
3930	-6.4489258204036831e-05	0	0.016312496574801227	0.1865406389926085
3931	-0.00010590750974640017	0	0.030256374571895596	0.27655210317884427
3932	-4.9912578340283174e-05	0	0.017712086052938274	0.23179251816597596
3933	-3.8352922372508756e-05	0	0.022152989431139917	0.26508902926051831
3934	-5.1010793806272045e-05	0	0.023567637800586579	0.24765959604008744
3935	0	0	0.010265434033388466	-0.059979345542141058
3936	-7.7381588603336884e-05	0	0.022898036429063396	0.42998808715252634
3937	-0.0001303006096404047	0	0.024611817264803236	0.24459447833741982
3938	-0.00012775484025026596	0	0.019204389573078063	0.15442891906430511
3939	0	0	0.014287798337806582	0.29615211789183016
3940	-1.3967674943671238e-05	0	0.010734453386311576	0.17385601224581032
3941	-3.6210645774098496e-05	0	0.028798851899437972	0.39920364450760065
3942	-0.00015260799851462282	0	0.018582737450660736	0.088684262992835411
3943	-5.8265066933299579e-05	0	0.018982942765394164	0.22982146105458828
3944	0	0	0.025193019484728896	0.25658591712545936
3945	0	0	0.022488283882716911	0.22204805144375728
3946	-3.569585808406717e-05	0	0.015152669386764553	0.17281698414721156
3947	-0.00017357593984612397	0	0.030289878022005993	0.18535083930637417
3948	-5.2260723852720627e-05	0	0.025817283711158656	0.31716452110284471
3949	0	0	0.021696056087087769	0.17548798192145612
3950	-0.0001273484645020223	0	0.017833014078906244	-0.086060810291016684
3951	-8.2848627042309003e-05	0	0.017177292222125124	0.25358594804620482
3952	-0.0001008294762434414	0	0.033509369359359893	0.48234864289557644
3953	-6.2287412313180582e-05	0	0.016751825741328205	0.18496075768175407
3954	0	0	0.017890636618080488	0.32823200452736984
3955	-0.00012071011265437636	0	0.018256458809804407	0.20686333477362595
3956	0	0	0.012252615259958461	-0.045438832300966688
3957	0	0	0.0084931607885787522	0.075482753381022227
3958	0	0	0.015387288111818012	0.077792284247823085
3959	0	0	0.015942157331292735	0.20607082919941105
3960	-0.00011318692534184049	0	0.026158395480691515	0.28171203591642779
3961	-4.3412573718876189e-05	0	0.0085338794674506314	-0.1222186437318
3962	0	0	0.014255636949707353	0.20447887614598539
3963	-8.0814718390020962e-05	0	0.018781805488125483	0.09955994386219201
3964	0	0	0.026090020702859339	0.52852232075453009
3965	0	0	-0.00097620128750305348	0.087063635416552404
3966	0	0	0.014243622716644953	0.25235057979453279
3967	-0.00011358980217721638	0	0.015602600719183915	0.17925619408844459
3968	-9.1557136366418596e-05	0	0.019415023047609978	-0.073965241388831093
3969	-6.9571582677840915e-05	0	0.016307444207270302	0.24367971590019205
3970	-2.310765949922744e-05	0	0.012313696389040906	0.087560782275201074
3971	-2.5296848008687921e-05	0	0.027014570785253055	0.44074687104830301
3972	-0.00015581107319853071	0	0.023396611832265234	0.33447663045842185
3973	0	0	0.008656529938972049	0.033308975982865509
3974	-1.2361737350807811e-06	0	0.019780637078492418	0.16345300635149657
3975	0	0	0.0041522935062521249	-0.095344203398652017
3976	-3.5691164998241653e-05	0	0.023112766296387026	0.093518108616292228
3977	0	0	0.0075476974435172263	0.048279007700093426
3978	-5.3768777711904474e-07	0	0.03268226217328378	0.29191587290194948
3979	-7.371424867502196e-05	0	0.023100489800277242	0.24408140163952635
3980	0	0	0.010220382814358792	0.23499975436347423
3981	-8.3763746585285853e-05	0	0.031371665558683343	0.33502739302315437
3982	-1.6545958475494561e-05	0	0.021913487249922207	0.1400415229540137
3983	0	0	0.011833171162707073	0.19882293813424093
3984	-3.3066603645665048e-05	0	0.021642057487289246	0.30149559834339185
3985	-0.00012391897669280784	0	0.012939086323203041	-0.086842315393163741
3986	-8.0614404552817323e-05	0	0.026430851487249284	0.24608190003088454
3987	-9.435141208182784e-05	0	0.029540404543338821	0.27937177968327337
3988	-7.68222215834613e-05	0	0.015740650940678731	0.27782274381360711
3989	-2.6392818478931936e-05	0	0.030587363517837619	0.1580834898403127
3990	-2.6003534943186412e-05	0	0.0066523045349199447	-0.11551495590996763
3991	-7.5638548673490075e-05	0	0.029388130539314501	0.13877937264223508
3992	-7.8243019335089142e-05	0	0.023648437049554459	0.23279621727253538
3993	-0.00023870125896850448	0	0.027515954231978862	0.35709181078113045
3994	-5.8639888867589862e-05	0	0.028243418015492638	0.36467692535740237
3995	-8.2901930162437848e-05	0	0.014028481723030953	0.070464725840073725
3996	0	0	0.0037286256183371364	0.078021123083601762
3997	0	0	0.01103070372659103	0.13995276518593061
3998	-5.4667622027565479e-05	0	0.017901510647337523	0.12809932403494989
3999	-5.4528967643230344e-05	0	0.014094596180362648	0.045999051236924125
4000	-1.8690378471741819e-06	0	0.019849694065752464	0.26453991300162583
4001	0	0	0.034577831208418827	0.33280330314982243
4002	0	0	0.022247690792070694	0.35555069177295129
4003	-8.214068774159422e-05	0	0.028475147643503042	0.37275599564218392
4004	0	0	0.01657703510953621	0.26817098582104831
4005	-5.6332968503047809e-05	0	0.01851335065720643	0.10873358152083248
4006	-8.3181116496106045e-05	0	0.029823280489903237	0.28872584518661903
4007	-6.3883868170055985e-05	0	0.022382178283055311	0.25479763998808558
4008	-4.3820622167717313e-05	0	0.013398572188041047	0.20227845335593475
4009	0	0	0.01307437154403612	0.12006363224662357
4010	-4.4990653928284055e-05	0	0.019846104877531807	0.023861411628509507
4011	-2.111737528998625e-05	0	0.014777051283579071	0.18672600674888323
4012	-7.7160928481612151e-05	0	0.025014868009415527	0.28267671856613935
4013	-4.7135522457436575e-05	0	0.018897295504160107	0.18067831715287533
4014	-0.00012615595501890841	0	0.015815045800800447	0.22153310512722393
4015	0	0	0.021903992035445918	0.22296109971677319
4016	0	0	0.014334362846818563	0.070297711712416222
4017	0	0	0.013650621815852134	0.080594643090637325
4018	-9.9743280356034974e-05	0	0.028725116899612303	0.33970350849755776
4019	-8.3552948283086009e-05	0	0.022888510125881462	0.18365140512968706
4020	-0.0001558388767223695	0	0.014509622929587167	0.14608098653871152
4021	-1.487363507113315e-06	0	0.020963559209569438	0.14761593653178079
4022	-0.00017221015667649996	0	0.022283084111284934	0.19513664144137557
4023	0	0	0.027497708306146763	0.17940304184180106
4024	-3.4283354315434168e-07	0	0.026213775567211127	0.20428889949767237
4025	-0.00011376651518037462	0	0.026112102056626046	0.2768903807286815
4026	-0.00010956262916467785	0	0.026308945059586874	0.27342146157318503
4027	-0.00019209438246289289	0	0.022631929809413424	0.12287340535675946
4028	0	0	0.015108490334191607	0.19417069358741296
4029	-0.00011603804125026873	0	0.02432588309925874	0.066045751007585737
4030	0	0	0.015518572860430771	0.13613526852807967
4031	-7.115459918898836e-05	0	0.0123736455339331	0.2018842940411095
4032	-3.315735204039716e-05	0	0.01891719750079502	0.19824517779995426
4033	0	0	0.011952907351220321	0.10464396477061197
4034	-8.074171956060639e-05	0	0.016909280579258557	0.15784681810249473
4035	-9.5332766003281003e-05	0	0.026571901496798545	0.30197630316535812
4036	-0.00017872994314983571	0	0.027011738984022059	0.25545724109717999
4037	-0.0001828103817084037	0	0.022307594439698358	0.15150219562423275
4038	0	0	0.016415967690434592	0.074937553527873985
4039	-1.6475940072918639e-05	0	0.018774371825027381	0.20641105963971329
4040	0	0	0.012502908396301086	0.21849836722580682
4041	-0.00019777968196003638	0	0.02844978291854432	0.28222876018802212
4042	-0.00011159346274903781	0	0.028338534912769074	0.33641308115415419
4043	-1.6872317497418354e-05	0	0.020989565522905006	0.19453225083185935
4044	-4.8839466069422467e-05	0	0.015911484164032545	0.1635147548640194
4045	0	0	0.016855924780380442	0.30864881617761214
4046	-4.2599120791869674e-05	0	0.017156900922589258	0.1238226109765614
4047	-4.798948269986725e-05	0	0.023228878996730085	0.32910004897042755
4048	-4.0114844886074422e-05	0	0.02921569932285072	0.30056211050072434
4049	-2.1919622933097573e-05	0	0.026088019400172961	0.20864952055780478
4050	-2.3161452734538068e-05	0	0.01647143054596454	0.17578734036786203
4051	0	0	0.022303924057927048	0.22897644767807185
4052	-5.3541311122559662e-05	0	0.024174541781985297	0.30751908173823789
4053	-0.00025157198227434007	0	0.029312309096102794	0.26343277981979002
4054	-0.0001878244340065449	0	0.020358576280037972	0.25071946329337064
4055	-4.9717594266190936e-05	0	0.013102532012845395	0.19065453358144818
4056	0	0	0.030433577404353696	0.38880414150780557
4057	-0.00011249357296611585	0	0.008925234303066942	-0.17284519797999071
4058	0	0	0.010442310691685216	0.1734275482236049
4059	-8.9847232204409708e-05	0	0.027667454774678846	0.3977793991464828
4060	0	0	0.019273301428127314	0.16934916798780486
4061	-6.7201087483614858e-05	0	0.019899230785509571	0.21474502376993426
4062	0	0	0.010385530268655371	0.20171163071806059
4063	-0.00010479664318445159	0	0.03045646692398938	0.20196329075011618
4064	-1.8100362811790393e-05	0	0.022449012788073756	0.22734969402770799
4065	-1.5562114047895647e-05	0	0.016887128239368266	-0.018367498065070487
4066	-3.5093557915044646e-05	0	0.022958454241286272	0.25486939685708954
4067	-4.9854767203250108e-05	0	0.015370758790322191	0.17320941581534785
4068	-0.00013697404954967352	0	0.020743703160607942	0.11479013032048913
4069	-5.8491016148820575e-05	0	0.019631711164234556	0.033207813499977361
4070	-3.7636529254830855e-05	0	0.011374108603260786	0.069999787396242671
4071	0	0	0.015970883853379008	0.19478865387980729
4072	-3.5641274699577118e-05	0	0.022640496830817401	0.2879502668571976
4073	-0.00014905573241180136	0	0.014501895411948193	0.07091910750896184
4074	0	0	0.012034072044943597	0.096417206199553351
4075	-7.0543004625678304e-05	0	0.014334927152925798	0.16133416774381465
4076	-0.00013628702871897879	0	0.027330601115495779	0.46895403372815059
4077	-0.00023690958651941818	0	0.027920441906473047	0.38438098850655295
4078	-0.00018235990376673229	0	0.025479594541998531	0.34989254675816028
4079	-6.5140286117215671e-05	0	0.015733532201684421	0.14319957130030303
4080	-0.00010932913948972778	0	0.026657121189150652	0.30953692405087357
4081	-0.00010658115144288605	0	0.028160310580724691	0.35995301616421854
4082	-4.2033367520505351e-05	0	0.03086940402775068	0.22703351132241267
4083	-2.3494500821280574e-05	0	0.01312459175356758	0.18885643360691717
4084	-3.179330163619043e-05	0	0.012136863014057905	0.016384656179291034
4085	0	0	0.024438230786772572	0.36634170451039727
4086	0	0	0.019889146494792818	0.24947910617271657
4087	-5.6871210525361038e-05	0	0.024788376352802947	0.30860625687083898
4088	0	0	0.0066943815744486546	0.046056293144135188
4089	-1.3105281272840496e-05	0	0.02553316453941774	0.32305152533346615
4090	-0.0001559982683797867	0	0.026318833149961508	0.2137865982232913
4091	-8.3846802431103426e-05	0	0.030974483307657376	0.10641874041168109
4092	-5.630630630637512e-07	0	0.018599680833211327	0.061249298456868009
4093	-2.3028292167237564e-05	0	0.017836760301235582	0.015653873083843851
4094	-0.00013405057151477106	0	0.013174742713956467	0.09408251771957156
4095	-2.2945217338865564e-05	0	0.016047337605708291	0.025265738287352922
4096	-0.00014422139588166628	0	0.025095049759555212	0.28074000547644579
4097	-0.00022521268348573152	0	0.028449646060075873	0.37307848151766893
4098	0	0	0.0099124480407319603	0.00032220940793144942
4099	-2.4408003205877994e-05	0	0.019752516886868181	0.21064342108400677
4100	-4.4194026581229064e-05	0	0.024781955120212966	0.24196630888369425
4101	-8.1366788494147138e-05	0	0.030311776513448373	0.29646353045410795
4102	0	0	0.01860099608423121	0.055236467496966223
4103	-7.080712443776615e-05	0	0.026789945033893443	0.16865506412670359
4104	0	0	0.027268484928964675	0.30975538552848847
4105	-3.4566272677705177e-05	0	0.017918238754844176	0.13890641266199205
4106	-3.4674680766905162e-05	0	0.013432315475701357	-0.024187905193570048
4107	-1.9999586115682087e-05	0	0.033980072643131416	0.35786129605339756
4108	-5.2278847850401042e-05	0	0.025868396012921846	0.19966240497046608
4109	-1.5229119716120287e-05	0	0.022644603880246413	0.19829438198858224
4110	-4.3633334242340613e-05	0	0.0076848103363627547	-0.12305444704545601
4111	-3.9019498475006965e-05	0	0.02593519860996759	0.28718873269472656
4112	-7.3950512193088352e-05	0	0.015944766625973623	0.31892873011597539
4113	-0.00010666325980389635	0	0.015457050813169957	0.28078761594421942
4114	-5.3639319869352996e-05	0	0.02717435481570819	0.30507736774953986
4115	0	0	0.02290133189550779	0.30515749334008518
4116	-0.00013057025168680125	0	0.019390008905526245	0.14103747473094963
4117	-0.00010892035175926185	0	0.028069554771046241	0.31854113575433607
4118	0	0	0.030252228012789633	0.329518249754016
4119	0	0	0.02887361801803006	0.19907046218590316
4120	-4.5976237350747741e-05	0	0.020378238766008531	0.22414704115117598
4121	0	0	0.029583041119024728	0.44233677394138526
4122	-6.1845529345416758e-05	0	0.01150701713277685	0.03519082936877703
4123	0	0	0.022179312662508791	0.12093651486107401
4124	0	0	0.011474836909360801	0.23061980485081229
4125	-8.0241966125860214e-05	0	0.019477215232127327	0.21253101535299673
4126	-3.3563106767398041e-05	0	0.021830812281091454	0.20880013971439854
4127	-8.4309759496059572e-05	0	0.028794420820386912	0.29401836025901879
4128	-6.8944831253681119e-05	0	0.02018273813996083	0.26100516442875443
4129	-9.1520851688059451e-05	0	0.017621195260884046	0.12462816065262849
4130	0	0	0.011140006609729544	0.2712348813659603
4131	-5.2517344060387662e-05	0	0.016975631229442029	0.14489414986271112
4132	0	0	0.01603357448138348	0.16997586166599432
4133	-2.8953784186974697e-05	0	0.0214408080999293	0.26022776455621371
4134	0	0	0.016196530892052467	0.23542323293492279
4135	-0.00010051325166492709	0	0.027170379774817753	0.26962434941095509
4136	-6.3579105787370246e-05	0	0.019569179779682821	0.13361723809834597
4137	-0.00015310496452008437	0	0.031164454944109098	0.21663899148107876
4138	-2.8542631874678427e-05	0	0.021153697237260183	0.20868016387951135
4139	-4.9460087290259525e-05	0	0.027240113288598711	0.30344371142930326
4140	0	0	0.0057233194391265564	0.010087612389638923
4141	0	0	0.010121379276439437	0.025710354146117619
4142	-4.6357201288760308e-07	0	0.014964440583359748	0.20286815126035496
4143	-0.00010342124157026733	0	0.018885216760218728	0.50272646901528473
4144	-9.8840979447173399e-05	0	0.015887110179781162	0.47263218427160858
4145	-4.9053983575386705e-05	0	0.016227740993864946	0.08817681602456634
4146	-5.9556839764496328e-05	0	0.017101631581293724	0.14388405884034872
4147	-4.2518848554123914e-05	0	0.028919554796036896	0.25164223438563049
4148	-4.2845674420599608e-05	0	0.019547685702187911	0.17417545866279793
4149	-9.5440350185266304e-05	0	0.014883375708257842	0.12285783487363326
4150	-3.0925545120563672e-05	0	0.018031883754860714	0.26774510961684866
4151	0	0	0.020926540420293686	0.1895993785972801
4152	-2.0207047736464644e-05	0	0.027563412660224849	0.42533895092845964
4153	-0.00017408160856970388	0	0.021910608473487102	0.24033108351934809
4154	0	0	0.019758177992201132	0.32945491676304395
4155	-0.00011921493466321709	0	0.018570388090409423	0.042432896406395568
4156	-2.4382511408499453e-05	0	0.011991834065071622	0.036097278853799562
4157	-0.00016950180962064799	0	0.022260069990387186	0.1915355401554398
4158	0	0	0.025512225007534823	0.20457665148660037
4159	-0.00047415147903935584	0	0.026592180934997801	0.19880161123724305
4160	-2.654913533340908e-05	0	0.0032271136157270368	-0.16989569733169257
4161	-0.00014799503598359465	0	0.032198485081354554	0.35662064645158631
4162	0	0	0.0081388134268066924	0.091467959192388607
4163	-5.6640206923680433e-05	0	0.016692147294699981	0.29089317114869623
4164	0	0	0.013699245996999418	0.14619934729719369
4165	-0.00020237700150110838	0	0.026557602599032927	0.24248410070385279
4166	-6.5147500576240308e-05	0	0.01640918093177279	0.15332039994770746
4167	0	0	0.015003940030473891	0.29666396819082408
4168	-1.4027044190983995e-05	0	0.019818320586817293	0.07672340270327016
4169	0	0	0.0066291251461926184	0.073207331109039431
4170	-8.1682781814390593e-05	0	0.018425626413140869	0.13488797030082617
4171	-1.6901844489436435e-05	0	0.025010121914774135	0.32895290183535381
4172	0	0	0.0083154843082479061	0.087978391474173787
4173	-9.1324733276765271e-05	0	0.024473025148559712	0.36056145704293208
4174	0	0	0.020585819228158424	0.27705897215736136
4175	-5.0475958170981272e-05	0	0.016979246938285501	0.26189345856355495
4176	-7.1166970666508572e-05	0	0.017745728343077048	0.21631445546049594
4177	-2.5606976016667726e-05	0	0.022968015849280689	0.15532156880142411
4178	-0.00014517349802625756	0	0.020190478341727998	0.22944678217836012
4179	0	0	0.025135717864459329	0.20803407702561616
4180	-0.00016927512968646364	0	0.022934293066119486	0.23838801490221537
4181	0	0	0.021065209943578848	0.18658883325658637
4182	-3.516665888652071e-05	0	0.017806830753256616	0.053291124534155632
4183	-0.00017154169010195064	0	0.025817495491419866	0.35659982701381437
4184	0	0	0.018870284502825518	0.16951205515349771
4185	0	0	0.013133896172908721	0.30307092012542175
4186	0	0	0.016324781222550981	0.20454378257441394
4187	0	0	0.020989067287706158	0.26271621602082507
4188	-6.8911297192353333e-05	0	0.020143273685143549	0.2433196812337409
4189	-0.00016170982407142653	0	0.030512949470200744	0.25725490556647868
4190	-2.3012421995810552e-05	0	0.023195824885692842	0.26952140614100706
4191	-2.4298000084238548e-05	0	0.016989331688999111	0.22903373731525942
4192	0	0	0.01978593196968215	0.075333610721034852
4193	-0.00022161095031091315	0	0.026057993235321496	0.32918317015059889
4194	-0.00010903935340350057	0	0.02816859856126543	0.17236457044522152
4195	-0.00025571363069415984	0	0.021396845604021341	0.19744442403795814
4196	-4.0340864784632613e-05	0	0.029201043879807514	0.25772189558088449
4197	-0.00010893740049962019	0	0.022656083361463929	0.36367836855965457
4198	-7.9117813899531872e-05	0	0.020342998269400413	0.20562444076773972
4199	0	0	0.015233587301469013	0.16888828447673312
4200	0	0	0.0081150566499755081	0.11603074973085617
4201	-4.5094830962666419e-05	0	0.018839319128012965	0.25562829816947852
4202	0	0	0.020361078585281793	0.26283868892253531
4203	-9.7936664443282193e-05	0	0.02063681367526397	0.10889610127192047
4204	0	0	0.013474906648848073	0.03397905540725156
4205	-2.8772014226685627e-07	0	0.025284928148388296	0.31527462212404445
4206	0	0	0.012808530391285983	0.029764107063957192
4207	0	0	0.021512607934052144	0.25488192768172108
4208	0	0	0.019885272411056695	0.14922009205331133
4209	-0.00011399888204285946	0	0.030595495384405251	0.15924765275187855
4210	-5.5892522405898153e-07	0	0.030292583585269671	0.29341388080781855
4211	0	0	0.016417165568542037	0.070113218003931374
4212	0	0	0.024610048478905806	0.35357924240221361
4213	-9.5982244463743699e-05	0	0.0224388785364272	0.2435845740329543
4214	-0.00014263644360294482	0	0.021930545350818679	0.18247198519153091
4215	-0.00010392902589677066	0	0.02163618626581236	0.25539886757557778
4216	-0.00011326906762209044	0	0.016598877480291978	0.1801093221076274
4217	-4.7085276609659664e-05	0	0.017073236070911942	0.22047647623933359
4218	-2.2424891567734971e-05	0	0.023207035161630092	0.24982721598604929
4219	-4.1019191667296395e-05	0	0.0227282073822857	0.012491921589119213
4220	-6.2941642349134691e-05	0	0.030763008553333904	0.20147887738142325
4221	-6.3209988916401731e-07	0	0.011801812405873524	0.090808879287309213
4222	-9.3528169993134508e-05	0	0.027275952134843118	0.098693349594708574
4223	-9.6207806625170367e-05	0	0.026114794673427099	0.15567368496506226
4224	-5.9262154179845482e-05	0	0.025935028893735113	0.19141956911054986
4225	0	0	0.009528989353138206	0.12983987315326573
4226	-8.5494963473831118e-05	0	0.019250865163887621	0.15442501678206016
4227	-0.0002050177975017109	0	0.030414341424351864	0.3864103377322422
4228	0	0	0.020460233711704755	0.13077670122709134
4229	0	0	0.017912005500165709	0.19396891546381609
4230	0	0	0.019509434113845845	0.25333223242739938
4231	0	0	0.0036944013110790318	0.013915441769088609
4232	-9.0443833556747011e-05	0	0.026139618493998412	0.21208101043203093
4233	-9.4766049784666956e-05	0	0.015091927134855226	0.23361449951329974
4234	0	0	0.01500716007416312	0.01975686056507242
4235	-3.8656845739859504e-05	0	0.022317639150187869	0.35929812872079125
4236	-3.2332050143482616e-05	0	0.031629624621559459	0.1712725646588534
4237	-2.8063804259109704e-05	0	0.017849098726452288	0.25075653610654131
4238	-7.5010152436139071e-05	0	0.026750971561760518	0.35726569722089196
4239	-3.1111794368959833e-05	0	0.024922940988601913	0.17578625870191367
4240	-6.1271428275916362e-05	0	0.014095840227929594	0.17322151978848083
4241	-0.00017084800316259917	0	0.028963510563458757	0.414539098694097
4242	0	0	0.0223137445451079	0.2560488692157098
4243	-6.4757499857098777e-05	0	0.030720065944506148	0.41300142960948366
4244	-3.8325692174900895e-05	0	0.039953450346479194	0.48927143893826941
4245	-2.6010171878448896e-05	0	0.017866639523991007	0.16206093394476781
4246	-9.7402055171108554e-05	0	0.018601527345754727	0.028996261766489406
4247	0	0	0.017768960182838058	0.341617398700788
4248	-0.00010428618061620875	0	0.024387915407658764	0.16250257458313491
4249	0	0	0.028817556521659564	0.520842355005802
4250	-2.0286146472903165e-05	0	0.021329883869066223	0.1428876284298124
4251	-0.00018302888036434429	0	0.028373463611345139	0.20750605022957069
4252	-2.0160712541833493e-05	0	0.017768419053067259	0.030871784929840367
4253	-0.00016714779397062062	0	0.024686283210165916	0.25695091009064541
4254	0	0	0.0045721481960963369	0.02824657392684286
4255	0	0	0.0040268825637722275	-0.18545531320253056
4256	-4.9278484334924765e-05	0	0.033825263068308332	0.2588881904867566
4257	-4.7559161998789176e-05	0	0.020495472284028475	0.23287509442516435
4258	-0.00019904748722393006	0	0.018756877464318346	0.020487325230982501
4259	-8.2996538720120355e-05	0	0.026195084838892425	0.35222836662347062
4260	0	0	0.026587753636798661	0.23052394982296823
4261	-4.9573663941915316e-05	0	0.025137509567376464	0.18042277929345929
4262	0	0	0.016012459843322779	0.31171516442255448
4263	-0.0001346737284013022	0	0.029599224245654802	0.22049648693961371
4264	-0.00036221847336578297	0	0.032369615892913803	0.25794853781893934
4265	-0.00011022861189265986	0	0.030933743160380001	0.28366623469954
4266	-4.5763204878923604e-07	0	0.01503510697314552	0.039759041322823964
4267	0	0	0.018042303383863124	0.27276410683186048
4268	0	0	0.0064705666652606882	-0.053686414781558375
4269	-4.8878005117775068e-05	0	0.02492107957942493	0.27146549866912861
4270	-9.9856776412160503e-05	0	0.012011659530273763	-0.088450996911003291
4271	0	0	0.027573743151389645	0.068290740788667384
4272	-7.050957792706925e-05	0	0.020686624353171389	0.14144922098788937
4273	-4.7984972249676126e-05	0	0.015325648834731221	0.20833337263302637
4274	0	0	0.015731213868166581	0.0055180621667908717
4275	-6.3275528126238711e-05	0	0.011018165465496232	0.15710132797998494
4276	-0.00013208389352654671	0	0.02328805096780772	0.074254004625741915
4277	-5.3130235188716959e-05	0	0.018180804530736547	0.072917699532623545
4278	-0.00011506622612607042	0	0.022515184138571495	0.21033521365150695
4279	-8.6524008031663162e-07	0	0.017275950923819217	0.079824355701393859
4280	-2.8908787785592028e-05	0	0.0085383689243418905	0.051768950188384746
4281	-6.3094339525726628e-05	0	0.021216947384493746	0.27697268125153035
4282	-9.6585153920050734e-05	0	0.027412054409970178	0.18800529173515865
4283	-4.1225506822328842e-05	0	0.026231538425455468	0.17613261911841113
4284	-1.7197888148540174e-05	0	0.027078719196670965	0.16757404599068632
4285	-5.7857395697813449e-05	0	0.0063481418001971185	-0.12039532333620655
4286	0	0	0.01947077306296164	0.22364696649391025
4287	-2.988577002313586e-05	0	0.0251120346772978	0.15358484614382881
4288	0	0	0.0061671060042661043	0.22319849049992918
4289	-7.196788938050869e-05	0	0.016634269675705863	0.027874997162883292
4290	-5.7149637186953982e-05	0	0.030381877790532474	0.27938134471352449
4291	-0.00013158891205724554	0	0.01628934422580209	0.12421078700365291
4292	0	0	0.026966114952366522	0.35677712166074077
4293	-4.2544355645340873e-05	0	0.023994457372158901	0.3873078635525507
4294	0	0	0.0086489591728675236	-0.024324822121342782
4295	-0.00016763242945865285	0	0.031412811216810513	0.15147481239010768
4296	-0.00016167520279022907	0	0.033259843384730911	0.33141429497367259
4297	-1.7092141571650733e-05	0	0.02684152692819174	0.28260393437016973
4298	0	0	0.015366075550579093	0.18303387742640498
4299	0	0	0.018535436316616947	0.2527636935127569
4300	-4.0307027116714966e-05	0	0.019650914225166329	0.26920051823549179
4301	-7.9053944044626953e-05	0	0.023727214683531443	0.32020016237347998
4302	-1.9184298010538336e-05	0	0.014355236590269826	0.0034360215930449079
4303	0	0	0.02354068876023168	0.31978145816747239
4304	-7.5724769709367704e-05	0	0.034973580132100397	0.40707016637729138
4305	-7.958561702956502e-05	0	0.027965706010215675	0.40752169502993701
4306	-7.2011484063688735e-05	0	0.015417664922297064	0.0035872446347352039
4307	-4.7679247413656703e-05	0	0.022909284009629688	0.12058497557744607
4308	-0.00012145438650972839	0	0.030656995751013105	0.33113221067462795
4309	-0.00019693845589276727	0	0.023498144923184489	0.22925335197120406
4310	-7.0603747922703969e-05	0	0.032816408182269427	0.2709420896922986
4311	0	0	0.0078884975161839545	-0.06187166221771695
4312	0	0	0.01485420437059295	0.030160045228724886
4313	0	0	0.019841264347738707	0.17409534220486267
4314	0	0	0.026803412955675149	0.28621511794468069
4315	-0.00016535948307909719	0	0.037084209991009497	0.43956803027568669
4316	0	0	0.024206965231787579	0.17054298879616553
4317	0	0	0.016838157844301822	0.20352726806670432
4318	0	0	0.013836042410923283	0.2219654393044507
4319	-2.8912064076608291e-05	0	0.024514763678192931	0.19649904347158581
4320	-0.00017334145645170885	0	0.01741700004966789	0.26887114311225135
4321	0	0	0.021647222151813656	0.175922127304247
4322	-0.00012336135299101936	0	0.020643302527561372	0.068097435142672316
4323	0	0	0.016299619524427562	0.20469078532461649
4324	-0.000109124406291089	0	0.034417136593970096	0.37508777232612706
4325	0	0	0.019384097327765006	0.40192084663086591
4326	-1.4459695508101112e-05	0	0.020815615597909062	0.27626034338604
4327	-1.1347747403467333e-06	0	0.015748728663254642	0.096610826419708334
4328	-3.040748437760643e-05	0	0.0076520251924806467	-0.043751342208495636
4329	-9.9389720889836439e-05	0	0.032981913928982212	0.38135079884689072
4330	-1.4907949121267805e-05	0	0.026377714889235616	0.26612265215618786
4331	0	0	0.021734979733915066	0.3103198071893008
4332	-0.00014274084090232786	0	0.028096294922693443	0.16943109146077268
4333	-6.0025198780899736e-07	0	0.023215944647159363	0.053126660032247773
4334	-4.1184721924558684e-05	0	0.014183305517299705	0.20413755844292009
4335	-0.00014015498267622717	0	0.024859503928062531	0.066558901552850019
4336	-6.2692375463416219e-05	0	0.0089518160198181485	-0.25078254410005679
4337	-3.3882473050317327e-05	0	0.030508995290693931	0.35201670662923934
4338	-5.6663434950804394e-05	0	0.018615535468056062	0.18830554700848676
4339	0	0	0.0054433605898324853	0.04276421391359371
4340	0	0	0.013799587347453682	0.22076398949288106
4341	-1.6708720211583429e-05	0	0.030952634783813437	0.39024255230996963
4342	0	0	0.0138632559582127	0.26009546730820304
4343	0	0	0.010107360824585515	0.17283945843159437
4344	-9.8838642528059625e-05	0	0.0068682732683916451	-0.19042815191745194
4345	0	0	0.012668679911113426	0.17762397098149169
4346	-8.2084215896516263e-05	0	0.034663650488688295	0.50376483131956884
4347	-8.3953846909945454e-05	0	0.01746563606390231	0.17474223080417925
4348	-2.9302487466864591e-05	0	0.010545613197408141	0.18007518367365466
4349	-0.00010065463941326125	0	0.021725965268864594	0.1033836972473392
4350	-3.9661367589197137e-05	0	0.024744414794385879	0.18213888823885976
4351	-0.00010710134981706254	0	0.038761082365852087	0.43833509607074161
4352	0	0	0.023117325283348592	0.21148038197005875
4353	0	0	0.018997464237063083	0.09224827843332456
4354	-0.00015786553239479362	0	0.018040482255166593	-0.086612001809465114
4355	-0.00014470825724900439	0	0.022881990356740978	0.22747309029619939
4356	0	0	0.013171967506876905	0.096270301968628624
4357	0	0	0.023098028031540017	0.33013694122296444
4358	0	0	0.023835975642197707	0.19714825947454934
4359	-6.3683251550938899e-05	0	0.022284528444267846	0.16814509774449099
4360	-0.00012551853917273649	0	0.021828992844376238	0.1737502699212751
4361	-0.00019366730641129926	0	0.026226646485375954	0.35571936367800322
4362	0	0	0.017466372469772593	0.19604061509508655
4363	-4.2909597348794736e-05	0	0.023811925337051235	0.2288134893257264
4364	0	0	0.016911923941935251	0.26676049381964906
4365	-4.2900623503694393e-05	0	0.025744744215441449	0.17499153484263547
4366	0	0	0.012439388151975345	0.068762071284850818
4367	-2.2484555910629033e-05	0	0.015446724135206211	0.28421591690196285
4368	0	0	0.021774879372817361	0.39058272746122052
4369	0	0	0.016482301033175752	0.095721151893958883
4370	-6.1311825568299835e-05	0	0.01838784844647412	0.17856345766534443
4371	0	0	0.011305704708877613	0.054233024712692146
4372	-1.9451962680605561e-05	0	0.020411894725023243	0.084727131094330138
4373	0	0	0.016733351968079943	0.08678244056226074
4374	-0.00013905129776123904	0	0.022530041939743516	0.27579252611852889
4375	-6.0996166736282384e-05	0	0.023205384616727852	0.2400140488089561
4376	-0.00012207200528481233	0	0.0265550564491761	-0.09795044779723934
4377	0	0	0.014768780618786009	0.1587929172549753
4378	-3.2117293758815447e-05	0	0.011190290344092791	0.068494476674240801
4379	-0.00016565658000442519	0	0.033926800478532672	0.25443530217776716
4380	0	0	0.014413522477647919	0.23085548445684551
4381	0	0	0.013251724060445558	0.21246579473661847
4382	0	0	0.01702012048601079	0.15756628250393084
4383	-2.9025361300100139e-05	0	0.026007514353352766	0.24452612652183556
4384	0	0	0.02148059987933695	0.1385486814424185
4385	0	0	0.020338782463328473	0.18913672208056168
4386	-6.2490517192143041e-05	0	0.026189054534462998	0.20887386619213735
4387	0	0	0.012452205945347	0.074343077013865416
4388	-3.5836278181544667e-05	0	0.027279658477541789	0.31597563007146806
4389	-4.3978094220836758e-05	0	0.017993627803453892	0.15399412623241701
4390	-4.097994630923307e-05	0	0.018944080931086581	0.22675969695497292
4391	-7.250850329018621e-05	0	0.017839766776265649	0.14049920162839119
4392	-1.5239424974899941e-05	0	0.025253964535725416	0.21175285100847324
4393	0	0	0.0079152183368889455	-0.057841043486570778
4394	0	0	0.015846446814624035	0.13134284647979463
4395	0	0	0.016760495414879485	0.094470985879667374
4396	-0.00010437465950379753	0	0.017387845196109444	0.2244585275624229
4397	0	0	0.028843634709559952	0.20294066254693374
4398	-3.803883852293022e-05	0	0.021352919339604443	0.17777819490169358
4399	0	0	0.021875520413494196	-0.12324018107304406
4400	-7.0674237999540643e-05	0	0.025074628579207982	0.29592029914555396
4401	-0.00011107524099070454	0	0.021156645326365638	0.066307756884499303
4402	0	0	0.015120683902357365	0.12665964192458967
4403	0	0	0.021173293937680176	0.38919949435065554
4404	-8.4918922700477631e-05	0	0.022361354455288425	0.27184996290188723
4405	-7.9349276179158104e-05	0	0.020167197300037406	0.17784582936510901
4406	-0.00012550564313919266	0	0.01994514731304289	0.18749858790495155
4407	0	0	0.011541013807315006	0.33255150999337663
4408	-0.00017822797576174664	0	0.031616795147700119	0.28646475127757992
4409	-1.9200332905094929e-05	0	0.017718312050901998	0.23678852237765052
4410	-0.0001269953040471783	0	0.026403435105967581	0.27305485297576243
4411	-4.8528944025577613e-05	0	0.024275759387492886	0.25695770759596159
4412	0	0	0.024191210233270297	0.2586424957701795
4413	-3.1322886350332312e-05	0	0.022511878534729968	0.27120119300907253
4414	-6.2531706303614595e-05	0	0.016422007674906033	0.24624928119627149
4415	-7.7028174313009673e-05	0	0.014354284543201076	0.18780270716386899
4416	0	0	0.015283583482673304	0.16122316067231851
4417	-2.5390618988291314e-05	0	0.03115504170203013	0.27611277236789844
4418	-8.2471943986328616e-05	0	0.020706722033812706	0.0070200649471637731
4419	-0.00010322942533827762	0	0.012330909437053516	-inf
4420	0	0	0.021553368716721952	0.33735105311681785
4421	-9.664038882185588e-05	0	0.014955790051798021	0.22737543720632022
4422	-5.7513469530812156e-05	0	0.017586658585323149	0.13197990765771958
4423	-3.8544787304972683e-05	0	0.018381067710084801	-0.060159584693880185
4424	0	0	0.015828381280168721	0.1184285035740765
4425	-6.1528309895292341e-05	0	0.020095447663835843	0.15975583673688853
4426	-5.4517731589004417e-05	0	0.017856528796033756	-0.0021672016763989886
4427	-3.5702297444370476e-05	0	0.019917287617889995	0.15483525586383168
4428	-1.7589360706427025e-05	0	0.016564929684837491	0.0049935105960838165
4429	-3.7975730963552004e-05	0	0.019307844154550818	0.18512017863233707
4430	-0.00010729762557409316	0	0.024396022039742799	0.23260107316754253
4431	0	0	0.015427790892368112	0.04253420369745662
4432	-7.1203672668029855e-05	0	0.011084896575482292	-0.2235902700847737
4433	-7.5905033982412437e-05	0	0.018562591763460885	0.2450407865698577
4434	-0.00012418090475550258	0	0.01716206814613707	0.019215559924754478
4435	-4.0604750753375773e-05	0	0.025315603086543854	0.31682927509431635
4436	-0.00011658305604496099	0	0.018633608247015689	0.23369500917857042
4437	-0.00011874439202227971	0	0.028986074785692362	0.35584911643499362
4438	-0.00030376603494128849	0	0.026381121462149649	0.30130817573151819
4439	-0.00015885962091814477	0	0.018152793058175219	0.22066065764160187
4440	-5.2491910953467167e-07	0	0.010010371381987293	-0.15322390544194464
4441	-1.5799380165382182e-06	0	0.020031603142823717	0.38573999336491005
4442	0	0	0.02792444403280455	0.13108342200043838
4443	-0.00011396257189734138	0	0.031286427300458219	0.51181231678872618
4444	-1.55387326427614e-06	0	0.02788517534804667	0.23106417372671045
4445	-2.2511839016425839e-05	0	0.01418285106941207	0.17385346393871584
4446	-1.7711436443690332e-06	0	0.028434009528944315	0.20123467196593281
4447	0	0	0.015152797122182451	-0.13011588451214337
4448	-4.9903306672538503e-07	0	0.020200485861064037	0.30072786382398609
4449	-0.00010513369531426897	0	0.038616766847760345	0.27675438506060041
4450	-6.696856167531795e-05	0	0.021208330651125089	0.34209504750837472
4451	-2.4619572585715677e-05	0	0.018804050007863012	0.13080732139006468
4452	0	0	0.00091623368487731558	-0.25690807042521185
4453	-6.6266648292911953e-05	0	0.029596032339106494	0.23489720791766017
4454	-4.6984490051793507e-05	0	0.027949927329232394	0.31957826051676974
4455	0	0	0.015606680891972627	0.17553666562033146
4456	0	0	0.016799084181775364	0.25425023401736041
4457	-0.00011462240851579098	0	0.030879264135939555	0.40756079584088767
4458	-4.1078658256316068e-05	0	0.021656840985839493	0.15990163931027096
4459	0	0	0.0069241303333961446	0.092215564607751169
4460	-9.9248800025730771e-05	0	0.028437238123539765	0.3222974108714638
4461	-4.5192201852012336e-05	0	0.018158826883354625	0.23245134961191188
4462	0	0	0.0227507173832995	0.18633525245111912
4463	-5.7294124751366969e-05	0	0.032449564995461672	0.36827305654206599
4464	0	0	0.018253662876431629	0.36259706744752263
4465	-0.00012296376855140402	0	0.011349312039264115	-0.047022416284212477
4466	-6.3053800627177464e-05	0	0.029795899488731282	0.35752269473631321
4467	0	0	0.025981611752895289	0.30321699340238312
4468	0	0	0.016119656452891339	0.27463716982295361
4469	0	0	0.020344865955161752	0.29963619375443157
4470	0	0	0.0045457247607818465	-0.19040199424271287
4471	-6.8249152820459849e-05	0	0.018023544428768835	0.029541648644681683
4472	-3.1537401380726805e-05	0	0.012344108331904583	0.20523249408904384
4473	-0.0001647729158215705	0	0.035342610618544365	0.26874917157478684
4474	-9.038324492558481e-05	0	0.027451340713202387	0.27618048604690343
4475	0	0	0.014560001690949592	0.19608582440462291
4476	-0.00010148366051434543	0	0.025391026054652009	0.28634421338870342
4477	0	0	0.021818245790729697	0.27823458171419962
4478	0	0	0.013752287161315607	0.22858197668062702
4479	0	0	0.017456767285028166	0.016071972645039893
4480	0	0	0.0057473564002857276	0.15423673268252616
4481	-1.8107938635381071e-05	0	0.035230915319941686	0.41617482926307287
4482	0	0	0.025377956822397334	0.11585875507852636
4483	0	0	0.020336447989811279	0.20357410493841499
4484	0	0	0.0095893219006281394	0.00086648968781204432
4485	-6.7098728995929052e-05	0	0.025932024218602124	0.093982659679491889
4486	-0.00014185962608964653	0	0.028515236478928195	0.28316360024259707
4487	0	0	0.021056626108450525	0.25624414612683355
4488	0	0	0.015692214118370646	0.045320815497731093
4489	0	0	0.0093120277528037504	0.094428973485856729
4490	0	0	0.019756299574486942	0.28309211930329664
4491	-8.9990895157443515e-05	0	0.022908524872867864	0.20405445684183313
4492	-5.8747927324637182e-05	0	0.023614115076579085	0.25280004067177375
4493	-6.7574442330631257e-05	0	0.018943225705851961	0.24299533920024138
4494	-7.9503877795689124e-05	0	0.015956612491871112	0.31644584956131694
4495	-0.00012962800398014229	0	0.031758009513765034	0.30291297431728265
4496	0	0	0.0078407699257590831	0.078058693889252184
4497	0	0	0.0056343011008021474	0.085488816636412293
4498	-5.2579304781208422e-05	0	0.031669443805517783	0.24236845269317833
4499	0	0	0.023837864106595393	0.00043309716601053205
4500	-3.5315936753443908e-05	0	0.030860560526769904	0.40054363814706501
4501	-5.7039578794665367e-05	0	0.016914568638073679	0.22024397189237405
4502	-0.00010762650811858011	0	0.026729181043235462	0.36257987140337178
4503	0	0	0.026381926541878088	0.18587684844850619
4504	-8.2835765682809368e-05	0	0.030058090890055355	0.43522817011665255
4505	-0.00011471229076377431	0	0.028128151749207707	0.15130681460238898
4506	-2.2406708612648928e-05	0	0.021899809521418862	0.18778633282577822
4507	-5.5570558443562848e-05	0	0.020518877760896621	0.16742171346736967
4508	-3.7369105684259549e-05	0	0.021322396811299178	0.18600547389885821
4509	0	0	0.01709637909471471	0.18070406974114986
4510	-8.477522597588327e-05	0	0.014713308704292504	0.097375826405325785
4511	0	0	0.0088384590796176665	0.10282053260045972
4512	-6.9434098297616045e-05	0	0.038663550227487159	0.29342370029668374
4513	-0.00013759802951251454	0	0.030123832404863236	0.18960470008144237
4514	-0.00010433625997069985	0	0.028501066767378857	0.24589899816398714
4515	0	0	0.011944200954696348	0.067058829309856433
4516	-3.9368299799508176e-05	0	0.017924982763448734	0.35376887001554336
4517	-8.6408653487413112e-05	0	0.027900026332555596	0.35245401572988433
4518	-0.00022917994081731453	0	0.031405787824741113	0.31295816167334711
4519	0	0	0.020035893894220048	0.23480214354373419
4520	0	0	0.011023869367684458	-0.13921703929733287
4521	0	0	0.01921520330023968	0.23468913181517692
4522	0	0	0.022370559845278807	0.18704331085643428
4523	-1.780049306421283e-05	0	0.028356840714129927	0.35555993398212216
4524	-0.00010296454290169566	0	0.027017851659884441	0.34480723705268057
4525	-9.6264341198915027e-05	0	0.029587121817923934	0.28837498150381213
4526	-0.00024324005625677158	0	0.025485986014623024	0.37635214441923781
4527	-0.00018291027601358701	0	0.018745895207287529	0.16056035651179779
4528	0	0	0.018527751887670647	0.33103339546729049
4529	-0.00013245094041802185	0	0.023522799934466161	0.36449974167034166
4530	-0.00019925327460330601	0	0.025032205528614366	0.06034579759795354
4531	-5.5590911902109184e-05	0	0.022964133252085198	0.11922209840598383
4532	-5.5173584585510586e-07	0	0.014054700300972186	0.11375373181327135
4533	-5.8311480235229138e-05	0	0.015209447681932466	0.27249124078995041
4534	0	0	0.0081659951578482333	-0.040891067281428745
4535	-6.241845305833271e-05	0	0.023728382342961186	0.25257572016767138
4536	-0.00022807540070034492	0	0.038000134485667934	0.30083047991778289
4537	0	0	0.010563365115339774	0.075653699797814764
4538	-4.9967032996911523e-05	0	0.016864540082207134	0.048202194362413839
4539	0	0	0.011107507846694287	0.04811597583502851
4540	-1.9399809854758753e-05	0	0.0077431080479882924	0.10306294617000429
4541	0	0	0.0075132744446432505	-0.1615468723324405
4542	-3.2532686371222749e-05	0	0.013036141905983793	0.013312498783048399
4543	-7.3287116413051079e-05	0	0.017343533263267243	0.28971107815094255
4544	-4.3836997389096191e-05	0	0.030693597853531242	0.14931663769997292
4545	0	0	0.013324040742303835	0.1660666328769265
4546	-0.00016775962278254842	0	0.019686526801281232	0.20257830240041091
4547	0	0	-0.001005765272853229	-0.010923615480645585
4548	-0.00028330760513659015	0	0.032574174272111567	0.2257047019850035
4549	0	0	0.012541521391507108	-0.075064370894547316
4550	0	0	0.022413000163593814	0.25648565898578618
4551	-3.5892408772442153e-05	0	0.015580678576557108	0.28384638626551528
4552	-6.619523758947255e-05	0	0.019309179474734518	0.19934217497957746
4553	-3.7308366711169551e-05	0	0.027995300130736867	0.27342132262876662
4554	-4.2562331987125443e-05	0	0.01574105239175759	0.13583113718230116
4555	-1.833342218197087e-05	0	0.018127667210358186	0.19535658101518621
4556	-2.7093401005126582e-05	0	0.025483504242428935	0.27164125692979224
4557	-0.00014448580372609099	0	0.023323709020244957	0.17687481181234971
4558	0	0	0.014873273099806975	0.16583491489891045
4559	0	0	0.025199533176645316	0.15649640609620813
4560	-0.00020088079280895788	0	0.021741279683945472	0.22380102030361951
4561	-3.8661262065131655e-05	0	0.021644548398352396	0.23887288245381111
4562	-4.3095467235532145e-05	0	0.023593200876095483	0.36771497606794956
4563	-4.0799033466015766e-05	0	0.028915652936737445	0.26634382450264404
4564	-3.1045910286758851e-05	0	0.022171055377298472	0.16402302515868022
4565	-0.00014495132836075952	0	0.022192458537367434	0.2355768187127128
4566	-3.6610656826696618e-07	0	0.028533445446831774	0.32725089462088885
4567	-0.0001091195883999585	0	0.017034876387280552	0.12755018173166607
4568	-0.00016256027160091446	0	0.030412959112716319	0.43675223582421019
4569	-3.7410255351361112e-05	0	0.018007590785390409	-0.069742102500958136
4570	-3.0814340857276969e-07	0	0.017604636309380872	0.2311292935892158
4571	-7.0830223781731533e-05	0	0.0245184077749214	0.27079510353532588
4572	-4.4104291584173835e-05	0	0.020693447542076641	0.18546362147509654
4573	0	0	0.016107344437154461	0.14619028856163357
4574	-3.8184943267299819e-05	0	0.016541478136565674	0.24605133583612271
4575	-7.5027841779620738e-05	0	0.0090893530981012906	0.0044371068990860015
4576	-1.3022783382055092e-06	0	0.018237064900573977	0.031908897199093143
4577	-6.3880832436225004e-05	0	0.023455649299728647	0.061087035926342716
4578	-3.5704226290211859e-05	0	0.020728356196440787	0.080405891655237899
4579	0	0	0.026023513781435449	0.36523726423748737
4580	-2.2207195893164665e-05	0	0.02901269999122057	0.27124270288707442
4581	-0.00013003265056992785	0	0.01495558341473035	0.15244637859976828
4582	-0.00018264496611789527	0	0.028000768743691496	0.25714506123963898
4583	-6.0713630826125799e-05	0	0.020059188620418979	0.19153270563906347
4584	-3.4459919825896579e-05	0	0.026072159087734924	0.18709924083390886
4585	-0.00011602384617877548	0	0.027754496322208798	0.27986078690389238
4586	-4.7968706593765065e-05	0	0.016949717735272072	0.085001157060136751
4587	0	0	0.011483424721264745	0.1394365541735306
4588	-0.00012480386466571792	0	0.02850905876446868	0.33074408662576021
4589	0	0	0.0048052205807344152	0.1401229833393724
4590	0	0	0.011737810890363571	0.14988496790424499
4591	-0.00012806941151639051	0	0.025263180501604775	0.16658199605485832
4592	0	0	0.025191875917181077	0.26719362057866325
4593	-1.598525522616967e-06	0	0.021523648982706475	0.25450912913893881
4594	0	0	0.0053955104819364023	0.10178367057099118
4595	0	0	0.033784713268573796	0.32625364968253689
4596	0	0	0.02958036273215723	0.30761944872517866
4597	-1.595563373483766e-05	0	0.022912397769015609	0.01492059687554354
4598	-3.9372357940181681e-05	0	0.027335240151119509	0.15537907960901626
4599	0	0	0.0097460715692563541	0.20666188358904622
4600	-0.00011391247021326212	0	0.02937080478152022	0.31024657241599202
4601	-7.382981355689156e-05	0	0.019727436494015194	0.092522375138480203
4602	-2.3904660380796861e-05	0	0.018904346430056788	-0.2641215962889405
4603	-4.8565827315982804e-05	0	0.023766259474163078	0.37675234170454719
4604	-7.0860491597718461e-05	0	0.029785936109276212	0.41257851840161619
4605	0	0	0.012262980158771272	0.078915638429608068
4606	-4.1903887364569406e-05	0	0.027365044002870553	0.31915908107100488
4607	-0.00010678024694263377	0	0.018594108230762969	0.25357430603523345
4608	-8.120664159316226e-05	0	0.011994567896632474	0.23542698588377203
4609	0	0	0.0165815004527523	0.288022735847279
4610	-0.00022110732861896354	0	0.022235381058780777	0.22435796612458603
4611	-3.8155971140618751e-05	0	0.02267153818053717	0.11042450246513318
4612	0	0	0.024512761945370044	0.25661322011484206
4613	0	0	0.010339346648214532	-0.033605337690759782
4614	-2.9651624624343897e-05	0	0.013045724480256293	0.24092666909620353
4615	-4.1542748913953045e-05	0	0.0058565792042868407	0.077392427673133812
4616	-9.7144799696718964e-05	0	0.013907590449386048	0.15728315504598678
4617	0	0	0.022884088488548875	0.19604997415865172
4618	-8.1339250763701192e-07	0	0.01683784078644282	0.2953579176342252
4619	-4.9468625574333737e-05	0	0.015909268641821642	0.045964629959509604
4620	-1.6017673983875769e-05	0	0.020030669830451025	0.027782353823104899
4621	-2.5832825334420882e-05	0	0.01273145883049286	-0.077997979857638414
4622	-1.6055835809714036e-05	0	0.032242681739333187	0.53385871988070266
4623	-0.00016234058239792404	0	0.021966567775665458	0.23922386898562481
4624	0	0	0.010284092787986022	0.20278590272518637
4625	0	0	0.021140483568448117	0.22206618821099763
4626	0	0	0.017025008027859438	-0.19565935041230806
4627	0	0	0.012069185032553309	0.16745009865762173
4628	0	0	0.016900945937391075	0.2026024846060587
4629	0	0	0.0038964142664597882	-0.1310535455030081
4630	-7.4810927389828977e-05	0	0.036049569210695298	0.31492918717899343
4631	0	0	0.015868908173413403	0.15407801228183085
4632	0	0	0.027331292273451289	0.41282944702908325
4633	-2.1904487613289003e-05	0	0.025146751432443382	0.27133964365520746
4634	0	0	0.024517497968161377	0.124967046441313
4635	0	0	0.0065342466611544581	0.030299321000369979
4636	-8.9135207127016838e-05	0	0.023065197227905131	0.12816878403386492
4637	0	0	0.01735203954057031	0.0075727748151778514
4638	0	0	0.013073831650948853	0.17456366098522252
4639	0	0	0.012046254042194074	0.14696197289899876
4640	-6.2200478740220827e-05	0	0.01480413995975477	0.24009865758943794
4641	0	0	0.017778128553900107	0.074839324170722213
4642	-8.1887120875706604e-05	0	0.021256883392725738	0.40723053055735664
4643	-4.8416721618022016e-05	0	0.011567452384799818	0.1402603937293801
4644	0	0	0.016547545563987475	0.12139790023995926
4645	-0.00017928222255740313	0	0.036035883352199947	0.34966473042406154
4646	0	0	0.026494700217455758	0.26945833002448283
4647	0	0	0.010433229320723372	-0.011097428655380825
4648	-1.6520818006149353e-05	0	0.015522834327402821	0.1957920608577266
4649	-4.3413011185683414e-05	0	0.014769896921456239	0.22202454494833965
4650	-7.8402422489082252e-05	0	0.027380141340034359	0.35493968694151834
4651	-3.3047567021460279e-05	0	0.014234277726648726	0.16393257560303512
4652	0	0	0.018376302112587159	0.16113672961240982
4653	0	0	0.0094935454075443012	0.021663194166780152
4654	0	0	0.016154730696482055	0.031200579052562023
4655	0	0	0.021001951469973613	0.42773889593695974
4656	-8.3110970261324188e-05	0	0.028810071415475712	0.31394548434844521
4657	-3.6440199090492786e-05	0	0.020234956265447464	0.27470919365954483
4658	-0.00013135299597563099	0	0.023431951262216935	0.36822558511523629
4659	-0.00010750697468531745	0	0.030917635256895733	0.33739964338480866
4660	0	0	0.019348962013131042	0.18966828744625891
4661	-8.0787091900585975e-05	0	0.020005029644988476	0.068423751812385997
4662	-7.2264614352401943e-05	0	0.02372898256576007	0.2202834882302942
4663	-0.00011092985903140561	0	0.020122562745433257	0.21849537042724892
4664	0	0	0.016762724940420644	0.22374400134121716
4665	-4.7058899415591825e-05	0	0.0072285618358701731	0.064331202478268387
4666	-0.00010445066252466884	0	0.016229619372485397	0.13041974233738846
4667	0	0	0.010308610944114652	0.045853678473298513
4668	0	0	0.015203505629007592	0.11189056825020342
4669	-5.2639763221973281e-05	0	0.023504958125717498	0.2998571313311133
4670	-6.6679698441979291e-05	0	0.018552377087251309	0.15701201216079369
4671	-8.4094300492160151e-05	0	0.020331334818790913	0.37680517975174194
4672	0	0	0.016151195650201358	0.12472285165873484
4673	0	0	0.017499236406216409	0.3277812668289406
4674	0	0	0.016161014247673723	0.076697642296172402
4675	0	0	0.0094071429422656755	0.16048326707167826
4676	-7.5367747837346016e-05	0	0.023827558769991548	0.27851475514015128
4677	0	0	0.016211848870001117	0.22263067948914136
4678	0	0	0.019173568715679854	0.26116011435340819
4679	-0.00011656510583706869	0	0.029128086440196259	0.31524956482118316
4680	-0.00016479507749563859	0	0.020978488496227382	0.20866956549269083
4681	-2.7850682501157077e-05	0	0.013684137022754431	0.18187941307414035
4682	-5.1629956094167985e-05	0	0.022590949647834611	0.30324036930337395
4683	-8.8708518018210119e-05	0	0.022767662063201233	0.16765743451860141
4684	0	0	0.011502741848712897	0.28918169873052618
4685	-7.4284786419354099e-07	0	0.020248419929050437	0.20495622810818168
4686	-0.00011380292056365482	0	0.034558600430298889	0.2231792365889636
4687	0	0	0.0066043477396834612	0.094526779712007028
4688	0	0	0.028597111628512896	0.23395916783822682
4689	-4.9038524159444873e-05	0	0.019564131091890567	0.042291830176221873
4690	-4.0297301709663055e-05	0	0.011177067203876557	0.22359315680372607
4691	0	0	0.022494938574479074	0.19487133562802833
4692	-0.00018117547820654945	0	0.02558199050814618	0.23303821092108054
4693	-0.00010429560627997492	0	0.022607569496891432	0.30030978076057396
4694	0	0	0.018248823799360454	0.31334625725589788
4695	-0.0001246744456471216	0	0.026829212267716784	0.24879335619588913
4696	0	0	0.021485821822375704	0.311189775704098
4697	-6.8141075752159439e-05	0	0.038764493086965807	0.28624798939575724
4698	-4.1182467173961347e-05	0	0.021599031184300978	0.23674446329470222
4699	0	0	0.0092251679854752112	0.094811791834753745
4700	0	0	0.012560991171183237	0.15627389444581927
4701	-1.0103097718539012e-06	0	0.025744753632159979	0.15787352678960392
4702	-0.00012050515660115279	0	0.028453569073802181	0.37440080007709775
4703	0	0	0.0019640936851088699	-0.024578467938450699
4704	0	0	0.021726504989973319	0.11802058203268632
4705	-9.4733558005166693e-05	0	0.029743496821685016	0.12106953054087218
4706	-4.9157286393203271e-05	0	0.0210541578198262	0.26858160977657614
4707	-8.471814757875229e-05	0	0.021524413894573054	0.22030767848368066
4708	-4.5631409721597074e-05	0	0.021309175470133491	0.27876716067372365
4709	0	0	0.012197920105306608	0.20299633872327477
4710	0	0	0.013291844968096369	0.037140452990686378
4711	-7.8013613503208346e-05	0	0.016530074994294933	0.24149771857168809
4712	0	0	0.024558951838103943	0.085177457963385939
4713	0	0	0.0053666828861955816	0.10727344660313827
4714	-3.8483148242246526e-05	0	0.023008312115622383	0.17802931217527912
4715	-0.00012491910155538745	0	0.020352469046896325	0.29881739634926585
4716	-3.8054381809604629e-05	0	0.018530402576892185	0.35099344149886963
4717	-1.8609378111689166e-05	0	0.024683317929300598	0.28764130731118243
4718	-3.9387339614793679e-05	0	0.018451599861464416	0.22926272289058605
4719	-0.00011400114869283828	0	0.028354835839504454	0.22487437217650327
4720	-0.00020096511675201935	0	0.02320423159263996	0.14371489433229509
4721	0	0	0.022233490974860191	0.38826667594577069
4722	0	0	0.017850778544764974	0.17981158607283951
4723	-4.8022339611641931e-05	0	0.027981132775033762	0.17606510210024159
4724	-0.0001119157845949792	0	0.01881950263380186	0.090622905572297269
4725	-4.6489768846053048e-05	0	0.02096820687879887	0.13480659585098315
4726	0	0	0.019553735595809245	-0.098728824121274719
4727	-9.8521725858047307e-05	0	0.023788476324904984	0.14209696933226115
4728	-0.00015554358436634664	0	0.026902626874953935	0.3239303227807529
4729	0	0	0.029791349046466853	0.33493898276780737
4730	-0.00012426854212481132	0	0.019045780944498856	0.29966764103609617
4731	-0.00014186459421942633	0	0.022600865026902419	0.018364617567076802
4732	0	0	0.028937699299299308	0.31503486369210076
4733	-6.2384702834139552e-05	0	0.021739582966550517	0.22372135812421085
4734	-4.573846560323447e-05	0	0.029590293225888527	0.29345505325637677
4735	0	0	0.010243307493933398	0.054473328400028255
4736	-1.7487300110424762e-05	0	0.019709816609571638	0.27610431640682981
4737	0	0	0.0077884395577599462	0.0014107345857595406
4738	0	0	0.031004402958980187	0.29356657919600238
4739	-0.00016527276789554679	0	0.037222986304650249	0.30855122722415429
4740	0	0	0.018401514621633912	0.10914517181563484
4741	0	0	0.0041916260116637294	0.031754490981132401
4742	-7.2412841544733378e-05	0	0.027348719331337791	0.35922235679338366
4743	-7.5162551564023075e-05	0	0.025817231457585875	0.18409936680811309
4744	-0.00019665920323478636	0	0.019646340758888336	0.043398363351818167
4745	0	0	0.019901711011146964	-0.013873898106756877
4746	-7.4106264528395199e-05	0	0.022157838024278592	0.23304421850786369
4747	-1.453690710858102e-05	0	0.021255248363932853	0.075657732964143992
4748	0	0	0.030972355487769193	0.26132266397369996
4749	-2.3948246143645768e-05	0	0.022978759585943524	-0.064039874475055741
4750	-6.2810147774650105e-05	0	0.02474292097345587	0.32957975970792108
4751	0	0	0.020151506330225381	0.1584326508858486
4752	-3.5529764702535437e-05	0	0.025515003543712167	0.36985286463238815
4753	-0.00013784764138449201	0	0.018625164699030007	0.30026698216620462
4754	-2.4290993370792992e-05	0	0.014551094766042494	-0.025837959103777119
4755	-5.8090163837609679e-05	0	0.022791679255114199	0.37428557439248528
4756	0	0	0.013084050649474727	0.14191270954241189
4757	0	0	0.015311381052180833	0.21420260072007419
4758	0	0	0.030586071990810045	0.4273931067494055
4759	-4.206325730479188e-05	0	0.01404197796423785	0.29473696198963445
4760	0	0	0.02053496838872414	0.25202262094643108
4761	-0.00013759295554027773	0	0.031048408838840684	0.4589191477760215
4762	-8.6341210904783412e-07	0	0.026765843979145266	0.1945782292688997
4763	0	0	0.012763839058424504	-0.096593533852504937
4764	0	0	0.016141426556598382	0.22006046193989878
4765	0	0	0.027441088270758546	0.29962872716247829
4766	-1.6859226716167686e-05	0	0.013347659483920879	0.10357101714032917
4767	0	0	0.012767392489104287	0.25188716471612788
4768	0	0	0.022906969534574707	0.30694786505081806
4769	0	0	0.020542633746519316	0.36735574992497039
4770	0	0	0.018326003013006346	0.28210111115796765
4771	-3.118929788993863e-05	0	0.024967046923908966	0.21449715294410873
4772	0	0	0.015798150974478956	0.048845967182448033
4773	-7.3539796085159154e-05	0	0.028553213896860542	0.1423061505382674
4774	-0.00012913373264487605	0	0.027153087933059282	0.37086935404687288
4775	-0.0001011318268814676	0	0.0198288938280505	0.25879700860739246
4776	0	0	0.024997607679265021	0.30745003001012589
4777	0	0	0.015056542909508341	0.20423160630356962
4778	-0.00017742262527242202	0	0.026951121555066515	0.44811246775760738
4779	-0.00015229223332469677	0	0.020718970329755754	0.30617920143902805
4780	-4.3793019237448053e-05	0	0.022339912552772529	0.2610241985678094
4781	-8.0083382033979686e-05	0	0.030933592102052172	0.18968660874853951
4782	0	0	0.0070929964794417735	0.10424975851203988
4783	0	0	0.030562748479396579	0.36401222155602236
4784	-0.0001124331299388881	0	0.026904757058494887	0.036672881719914244
4785	-2.6031364113826562e-05	0	0.015331493287223316	-0.16805739556940474
4786	0	0	0.026566397031039034	0.44159341437364014
4787	0	0	0.02189371472138716	0.24566522507395358
4788	0	0	0.017780969971992903	0.1377982947483809
4789	-0.00018959493862727995	0	0.022344688582648875	0.2710940092170212
4790	0	0	0.014288755619852003	-0.03063369031344685
4791	-2.2338740078359231e-05	0	0.024492398543708556	0.16535645040566424
4792	-5.478034977443036e-05	0	0.024011709732301548	0.28837304245504025
4793	-0.00011800483014630103	0	0.0064966847253164874	0.066629750634005017
4794	-2.8212321067777603e-05	0	0.012742496505095586	0.083759626498012357
4795	-4.9795778019845469e-05	0	0.019998323603997416	0.21312496511064022
4796	-5.4638577114429766e-05	0	0.033447843175476943	0.3236416407393643
4797	-8.1280681907064392e-05	0	0.011486186067475096	0.15639123674155281
4798	-0.00013987792076475269	0	0.02214000037515091	0.2118483722895626
4799	-0.00010760918997762547	0	0.017614380232959807	0.052058511553573286
4800	0	0	0.017108630881785571	0.41453370176490389
4801	0	0	0.015186813459221229	0.050418386533306846
4802	0	0	0.030297838114734098	0.25769612538314368
4803	-0.00017094128979637248	0	0.024389155414769704	0.27736066293777245
4804	-1.5851564428415178e-05	0	0.02833645734638569	0.13781247447339956
4805	0	0	0.014304536677739493	0.21698464199652628
4806	0	0	0.022092813569112642	0.37907283902507305
4807	0	0	0.0088304907407228631	0.052578507854835164
4808	-4.8050791805437368e-05	0	0.017104530589657479	0.35065155289987815
4809	0	0	0.0081681400139132689	0.11853112840272451
4810	0	0	0.016525693083372508	0.11707052216394032
4811	0	0	0.017537242523169898	0.14338195381446367
4812	-0.00014843668022980759	0	0.02905794348011493	0.26804417014960857
4813	0	0	0.017074154232916645	0.38732447133283843
4814	0	0	0.021813463850459274	0.073023410800985539
4815	0	0	0.015441820366916598	0.09856558079620692
4816	-7.4233580049837269e-05	0	0.009960209825295779	0.2579739302239995
4817	-2.7396355958048126e-05	0	0.012180174847933609	0.14474188473113403
4818	-0.0001398168093111163	0	0.021700100756158885	0.1542700119956292
4819	0	0	0.0099949839595993538	0.0065635291006969857
4820	-6.5841444644465502e-05	0	0.027576166213608522	0.25871489177382223
4821	-4.7046020186786165e-05	0	0.018932511719394404	0.17873194134266779
4822	-8.1220126681991189e-05	0	0.025553667435160538	0.35201116880892747
4823	-7.5701808593786613e-05	0	0.025671505976257891	0.29486768433113986
4824	0	0	0.016676653558366086	0.32799876729570077
4825	-9.6246643667122206e-05	0	0.023139324850737043	-0.0074704020989946
4826	-2.3970332698647345e-05	0	0.024994209971182631	0.23939044146915225
4827	-2.9353206585097656e-05	0	0.022622056793304042	0.14887899745205435
4828	0	0	0.015309187224512133	0.07965166065193971
4829	-3.7785570004594812e-05	0	0.023441420221003231	-0.041724546870615067
4830	-3.8779638792652003e-05	0	0.019328099238374679	0.1634030375364581
4831	-9.742854353034236e-05	0	0.018395456327133738	0.15168535506568032
4832	-6.5498405324998515e-05	0	0.014625307835719133	0.2509937198222465
4833	0	0	0.015548079350802001	0.13640745000504312
4834	-0.00020775143247604987	0	0.030606950038840407	0.25107579496194415
4835	-0.00011097215034358565	0	0.030238996367831887	0.32715674041196802
4836	-4.5735960849963012e-05	0	0.016834016209591952	0.1780658779365967
4837	0	0	0.0073886289588016964	-0.018973295468508112
4838	0	0	0.024967202069405708	0.25704368771900604
4839	-9.1199058298829799e-05	0	0.018253805187056209	0.039423739906858067
4840	0	0	0.0043066938031695121	0.0031852301100517844
4841	-1.5557982248820546e-05	0	0.021980363366422097	0.20855830074976883
4842	0	0	0.019606776155279688	0.10841010202497989
4843	-5.7136109880434602e-05	0	0.018672999574882724	0.25257748818805659
4844	0	0	0.017638599521107346	0.30333932476253994
4845	-0.00011890594595516668	0	0.020832492855816426	0.13644425635438298
4846	-5.9527279118981591e-05	0	0.02218426581708615	0.24900401170794995
4847	-1.454743678699355e-05	0	0.011081830886348908	0.27330944812864405
4848	0	0	0.019114426751566192	0.18671417473415614
4849	0	0	0.0050577299955839707	0.03999929157058283
4850	0	0	0.0081995763517567037	0.11907595078861406
4851	-9.4611016916312798e-05	0	0.011703346828336162	0.17326546701607975
4852	-0.00010835460416890874	0	0.023996948190155631	0.23664683207611031
4853	-4.6369277943036916e-05	0	0.016803868681374165	0.25883023334381877
4854	-3.9255284994571538e-05	0	0.027589080524715613	0.33551894728946674
4855	0	0	0.028810079164533747	0.391720269928575
4856	-5.2592841852450165e-05	0	0.016954324818697478	0.27185542458494227
4857	-1.7162469960035896e-05	0	0.0081188468763169312	0.0229374789202469
4858	-5.5937999496341598e-05	0	0.034121472880756495	0.46776284834107085
4859	0	0	0.025924019122717468	0.2347885263107162
4860	0	0	0.020308932809632363	0.26610123617188741
4861	0	0	0.023372728881004608	0.2526420328409042
4862	-4.4306141894623342e-05	0	0.022061052409259894	0.21504039587175366
4863	-2.2095223084325766e-05	0	0.019825808898156091	0.16809546795521385
4864	-3.9031454918497796e-05	0	0.022255202805919035	0.14490287369150759
4865	0	0	0.018291095322657398	0.15970993102799849
4866	-6.7594294524220283e-05	0	0.025026395892699938	0.35364021687096453
4867	0	0	0.020762371404098041	0.32880848119731881
4868	-2.7013120640606568e-05	0	0.021341748402859784	0.18132257611605981
4869	0	0	0.01503481952789879	-0.11122861969129003
4870	-4.7322442579694754e-05	0	0.024033486957892359	0.31786124742259536
4871	-5.5264536295643316e-05	0	0.015179854877265858	0.13895431521987489
4872	-4.7305195701341507e-05	0	0.032060027184764681	0.30570020804405362
4873	0	0	0.027992717311323988	0.20364777353971508
4874	-0.00016017462107548451	0	0.02512718462884652	0.081636758897195516
4875	-4.801540684065686e-05	0	0.020825131186605235	0.19248575867759465
4876	-0.00013674943287118603	0	0.024623699917809692	0.27256931502397508
4877	0	0	0.0089903312163946789	0.12194366065834325
4878	0	0	0.02609161626869002	0.071359567785247283
4879	-7.9955028837275235e-05	0	0.017154046184718726	0.37340211680618468
4880	-3.8245880003823227e-05	0	0.019493413940997125	0.23288190281991578
4881	-1.4006435617291978e-05	0	0.03001504434196391	0.35949844197993158
4882	-4.2775275815554183e-05	0	0.0034426814240168272	0.050040297599147888
4883	-0.00016444170515961254	0	0.030007080226177187	0.37260151185510137
4884	0	0	0.0077226926071247651	-0.060067530341934461
4885	-7.0306014344162509e-05	0	0.013527417360818209	0.051982074182068107
4886	-6.0994512543210977e-05	0	0.026566192884892481	0.48953823335410418
4887	-6.2640404431002492e-05	0	0.026646601817348858	0.27147581398803916
4888	-3.959599177229545e-05	0	0.024013203405638939	0.24831569520813587
4889	-4.4131314843720568e-05	0	0.016088376018914302	0.17999868470292896
4890	0	0	0.021209326931077018	0.37635213954724273
4891	-4.8421806843701452e-05	0	0.026286494968312445	0.48100761498435196
4892	-0.00010658146753983466	0	0.024103822232285979	0.17434952101122164
4893	-3.8962953996812819e-05	0	0.017480650489032828	0.070850362134056807
4894	-5.2947078137810519e-05	0	0.015508347239589729	0.057152442652936272
4895	-0.00021238406644694119	0	0.024617195664920235	0.27620172912760521
4896	0	0	0.022711268124691993	0.36013983280736478
4897	0	0	0.0051863937799879328	0.13016126801408401
4898	-0.00017951988054261127	0	0.030687052353664479	0.38780163168655657
4899	0	0	0.018272304823331025	0.22835142823899121
4900	-3.9331019893973364e-05	0	0.027004736385091061	0.28604150964196362
4901	-7.3077155627712667e-05	0	0.017292420162615556	-0.010664314984813728
4902	-4.5176588540324361e-05	0	0.027437045848182084	0.34721645957954567
4903	-0.00011631708191286727	0	0.022076621822686222	0.17475761982715285
4904	-0.0001011155781969475	0	0.015474531344781639	0.059108887406368951
4905	0	0	0.0095899611422639135	-0.17894325476490397
4906	-1.9476785400990292e-05	0	0.014234754343157968	-0.044091028154971616
4907	0	0	0.013847990736016735	0.21543074072571758
4908	-3.0449485913669472e-05	0	0.0099844847973002138	-0.011757852617068847
4909	0	0	0.01324558751673221	0.25658677075406022
4910	0	0	0.020461773872680663	0.21916205977643827
4911	0	0	0.026546817673081001	0.18784727114267777
4912	-2.6639892550095468e-05	0	0.026170997220433801	0.30338691053633593
4913	0	0	0.024431119815787081	0.31231851444427672
4914	-2.5343802164812247e-05	0	0.033902701492204236	0.42224791204141071
4915	-0.00028767859859550328	0	0.027159075564933598	0.32059101508022297
4916	-8.2729542129278413e-05	0	0.023468225583741491	0.2239092864502191
4917	-9.018727836138663e-05	0	0.018510829607463791	0.15876799351539134
4918	-6.8880029574197588e-05	0	0.018883732285817079	-0.094425914590670026
4919	-4.5302324394524976e-05	0	0.023305348498157141	0.3242004170829268
4920	-3.7175862315991238e-05	0	0.02879420963770616	0.31934813678166707
4921	-0.00013439339576796773	0	0.023450468587700481	0.35302560545897488
4922	-0.00016545467102652145	0	0.024186213300175671	0.29761150783458151
4923	0	0	0.013070549434661249	0.24679167350703857
4924	-4.5497196144100861e-05	0	0.021391271562170362	0.087740198117231494
4925	-0.00013014158119916129	0	0.024462774176564124	0.030138152631426007
4926	-6.7746716749544913e-05	0	0.030245834646191967	0.23222376102760264
4927	-5.4186043129794691e-05	0	0.028646054322963264	0.086919742765876551
4928	-2.694715616690102e-05	0	0.02214335892917503	0.24437365236875438
4929	0	0	0.011893004862812345	0.3085616996760564
4930	0	0	0.019413783603348219	0.14475581667360068
4931	-9.9013033613981612e-07	0	0.012908548141775769	0.28716693638852131
4932	0	0	0.018777955714078018	0.2226404826532081
4933	0	0	0.027604595463811353	0.24075124888024457
4934	0	0	0.015297407391839591	0.11991965823542125
4935	0	0	0.024446483405642764	0.19642487776204298
4936	-0.00011186426378240188	0	0.023849183701733896	0.17192393687480867
4937	0	0	0.020808887723935778	0.25423009441231176
4938	-1.7753101601242215e-05	0	0.016780085399966758	0.22946766078568923
4939	-4.6175115486574159e-05	0	0.021874688590130979	0.32691451444157649
4940	-1.3872868940478789e-05	0	0.02581899064005367	0.26990431197272818
4941	0	0	0.0096224779387960487	0.071835005670504409
4942	-4.3025702557597523e-05	0	0.023231862886046228	0.16530812542878101
4943	-0.00010485441782392968	0	0.024028309754397143	0.15381389996320391
4944	0	0	0.009412135092971197	0.28689847188083067
4945	0	0	0.0096875420849036643	0.0019340616749620287
4946	-8.2668625113924141e-05	0	0.023847738724073003	0.21833795929286773
4947	-0.0001444406385442437	0	0.019704134229284083	-0.02219450712980952
4948	-0.00014363308809752783	0	0.016914115258509534	0.068649120644640765
4949	-4.9255949710647061e-05	0	0.018525150436220005	0.18206263594616368
4950	-0.00027068317299758227	0	0.023985775148354462	0.18488257159788096
4951	-0.00012466411340949501	0	0.024936054991411695	0.27167096967287774
4952	-0.00012162296521268102	0	0.014987063188971608	0.20578863212001508
4953	-7.7951141976073665e-05	0	0.03016827113456726	0.3765657309550251
4954	-1.6214902967975898e-05	0	0.01486485665721402	0.19317912056541003
4955	0	0	0.0045042181769482216	-0.25120126370586854
4956	-0.0001035601215483073	0	0.035978098225631736	0.37580087971450488
4957	-1.4986687572915436e-05	0	0.026822371078910744	0.31025709231254101
4958	-3.1304858353786713e-05	0	0.014805054793328731	0.1476160126998769
4959	-4.1394547693307526e-05	0	0.025635645365098624	0.29845325421741487
4960	-6.9435952713725607e-05	0	0.012196518504251483	-0.076854586367163802
4961	-6.7231431241698838e-05	0	0.023883911023313061	0.093021265864798405
4962	-6.2422099856401786e-05	0	0.018777972468799399	0.0051982870987528516
4963	-8.5251116536438906e-05	0	0.020096338161532473	-0.029930074266725337
4964	-2.1274120647596372e-05	0	0.014251050258010925	0.15989390555884836
4965	-7.0360220290571765e-05	0	0.029367369483449833	0.3347458891575662
4966	-9.0053748728385891e-05	0	0.019083877675747062	0.22502784379092655
4967	0	0	0.016464142536637548	0.25262227183397917
4968	0	0	0.01687823199488183	0.16888283499704571
4969	0	0	0.0028697092613766684	-0.14973824286288465
4970	0	0	0.019780883521590298	0.29491191526786009
4971	-5.363416063608462e-07	0	0.017023995466429073	0.13421697372476588
4972	-6.5798620955748174e-05	0	0.026134734288798599	0.32483654490777553
4973	-0.00012900008553588528	0	0.028216506792007483	0.25473575743184235
4974	-6.9324754480104561e-05	0	0.02866464747362537	0.32609058069056884
4975	0	0	0.025804911032070704	0.19720553795381016
4976	0	0	0.017131457247231096	0.37755968239892057
4977	0	0	0.018076121890506027	0.15576087583996659
4978	0	0	0.026635447760836529	0.31014436015146163
4979	-3.27456524852443e-05	0	0.017019772322476645	0.27154604563102752
4980	-8.6687876880481291e-05	0	0.020883876966759571	0.1165911265130261
4981	0	0	0.014923514089884293	0.21155142399064525
4982	0	0	0.022507314475381339	0.35185226036712003
4983	-1.8354155306410379e-05	0	0.014292656793349276	0.096656784655454464
4984	0	0	0.015523813005532716	0.18419785053114182
4985	-4.9900263935032108e-05	0	0.016382145305538484	0.15634862030655589
4986	0	0	0.017491210042566145	0.36279582804446797
4987	0	0	0.029787986965891956	0.15567144115034867
4988	-9.6715732383112488e-05	0	0.025917570676092259	0.29901534050258149
4989	-0.00010397142298510521	0	0.02967240001783078	0.3492926432723254
4990	0	0	0.016024259634683284	0.0061567932869602601
4991	-0.00014232227638334981	0	0.018566906552964994	0.085732940076090919
4992	-4.0852095609847372e-05	0	0.026824900144767249	0.25971943214378673
4993	-2.0365673288325058e-05	0	0.02401143840157622	0.2870060976575618
4994	-3.3598377657440001e-05	0	0.023034134810076275	0.26852323147758156
4995	-7.7571065703635478e-05	0	0.028426467187587214	0.34828440793941151
4996	0	0	0.014978404330541591	0.10582550054969486
4997	-0.00036487677786014027	0	0.03645593879768138	0.18796606745081335
4998	0	0	0.021108024404303673	0.037989241085593782
4999	0	0	0.013854027448988634	0.27943147909182536
5000	0	0	0.019421066873314081	0.45839219070867038
5001	0	0	0.025147276499377157	0.25773040668638575
5002	-2.552165073972379e-05	0	0.020134242678041113	0.22074373935981209
5003	0	0	0.015312598011927617	0.31133567279543384
5004	-8.3503697577669284e-05	0	0.025412517031160264	0.33017525225923955
5005	-4.9081040958409705e-05	0	0.018716816417688791	0.15118263118766045
5006	-9.6169560963998974e-05	0	0.0058110210870805003	-0.0061415313237333513
5007	0	0	0.010811906572808404	0.24029757121825807
5008	0	0	0.023794463807422304	0.1802022241559221
5009	-5.0063835085767394e-05	0	0.014033237059345611	0.15450534306482216
5010	0	0	0.01921713216807152	0.1880354116061127
5011	-3.9919879099203916e-05	0	0.023900498608108063	0.18043324086448345
5012	-0.00010395742370147842	0	0.016845349649793569	0.056065163675964078
5013	-9.9472277341600138e-05	0	0.021250046359555901	0.27687960243570475
5014	-4.615663422647964e-05	0	0.025488000428984182	0.33459043314868941
5015	0	0	0.030983407309369142	0.47170916875040553
5016	-0.00014382453996122647	0	0.024828395368220398	0.18276292040410858
5017	-7.1337643757413138e-05	0	0.008337594763904688	0.16245706946504151
5018	-2.1577798310479235e-05	0	0.02150655120147597	0.14676840751616468
5019	-0.00010913481863319418	0	0.022016807175079041	0.24409803203893093
5020	-0.00017732722526029866	0	0.013414789800000566	0.068613528976532528
5021	0	0	0.01069859805627448	0.052634053264377534
5022	0	0	0.021970701716770496	0.022883578732746202
5023	-5.8364270557398343e-05	0	0.024979806651288999	0.4396699086395518
5024	-0.00013954208832055447	0	0.029367081186051063	0.32340509428955444
5025	-5.8657330950717681e-05	0	0.03027286875784399	0.15156795582820551
5026	-0.00014800510013608935	0	0.031856763067905525	0.39733489058640259
5027	0	0	0.03457674322466598	0.38468252536816105
5028	-4.0028735146438452e-05	0	0.015151336844173632	0.28359973746694112
5029	-0.00011361045610158715	0	0.026835767101509922	0.24639797962080445
5030	-0.00011989446734010367	0	0.025760315424580703	0.10304647661768962
5031	0	0	0.015630426634578504	0.17842837521582072
5032	0	0	0.019602963879606961	0.1810893329909338
5033	-0.00018837330687770381	0	0.031885282312633087	0.13826873635830975
5034	-3.4910707620161573e-05	0	0.030849944427136143	0.27018710251267908
5035	0	0	0.028027265422217985	0.30558734201154181
5036	0	0	0.014008849564156194	0.16489199835906426
5037	-1.6244866967390913e-05	0	0.015734889329220448	0.25062135192843771
5038	0	0	0.0092553627373071629	0.04771857163154912
5039	-0.00015021602321412252	0	0.014605998892151081	-0.037401136904745558
5040	0	0	0.0060258247010794019	0.17814877482367292
5041	-2.3757148311503994e-05	0	0.021056740139979754	0.27356073734483016
5042	-2.5669466333771983e-05	0	0.023273918147994239	0.46527430088764377
5043	-7.0645038390826362e-07	0	0.02667336716731835	0.30804488350260184
5044	-2.435186331289918e-05	0	0.018978502412069161	0.033525135312424736
5045	-8.0592630749404262e-05	0	0.030535522804962134	0.31724091342000804
5046	0	0	0.021982362750064939	0.13388502106149089
5047	-4.4340569538831033e-05	0	0.012677512500573704	0.044024886801720897
5048	-3.5842433525035132e-05	0	0.013628789927624618	0.10822609366609606
5049	0	0	0.018988970883078229	0.1665540848441763
5050	-4.3936942662747833e-07	0	0.027047343202639872	0.18323515662477458
5051	0	0	0.011229800815689309	0.12567486237678072
5052	-0.00010124575930099411	0	0.027899595938415532	0.039068266407399861
5053	-0.00017900383201281954	0	0.039000795587652737	0.42224060108716266
5054	-0.00012345246818721846	0	0.021006312640702216	0.25084453236033816
5055	-9.2389981442514429e-05	0	0.029849996653015187	0.29110514830331607
5056	-2.2063781782832859e-05	0	0.027995779086540152	0.06076478132639844
5057	0	0	0.012967689337719518	0.20463898800568212
5058	-6.1577558601461077e-05	0	0.024492680823111221	0.18979889185901869
5059	-0.0002002231985299585	0	0.032911948779898101	0.25188601315350273
5060	0	0	0.020209467985085237	0.22381847500668312
5061	-7.7935417324503925e-05	0	0.029281358609883477	0.43426295927764358
5062	-3.6590639104866482e-05	0	0.023579556505261029	0.10434096636222016
5063	-1.8273002287499952e-05	0	0.020788090106095461	0.21714916961562478
5064	-4.9534059339317873e-05	0	0.018365931428937603	0.18744806941333478
5065	0	0	0.025371185043320404	0.24926356872243094
5066	0	0	0.016001617848182999	0.2551067126634245
5067	0	0	0.026647682159713616	0.34303800723471334
5068	-0.00010481930288139263	0	0.018746575478857431	0.18501627870466292
5069	-0.00017464731446396043	0	0.028122007774014433	0.29302649225822569
5070	-3.5580677790658656e-05	0	0.025718368855072931	0.20367380245337002
5071	0	0	0.020349119063727779	0.19058683074263322
5072	-0.00013222866205765959	0	0.018162537172128838	0.11808628784730094
5073	0	0	0.0085575980308728542	0.083408635293945627
5074	-7.3264208581816365e-05	0	0.018659118731884711	0.097633423421939952
5075	-8.6402739485097468e-05	0	0.01905338381874342	0.22938429712662251
5076	0	0	0.015839647217678835	0.06261701823339863
5077	-2.9864237771037862e-05	0	0.033353677360731346	0.30579408784339812
5078	-4.9878497785799111e-05	0	0.015296771547701187	0.15654390526805068
5079	0	0	0.013727401434009006	-0.067497769039118805
5080	-6.9379518021642212e-05	0	0.013875055942465585	-0.13087193071359801
5081	-7.6438227248915028e-05	0	0.019335605478584698	0.11811720680553739
5082	-5.0707468483895958e-05	0	0.027514947020395274	0.22521287110359639
5083	-0.00014722429224322821	0	0.027380508546234521	0.05921712081076045
5084	-2.2657558033317705e-05	0	0.027712524353339062	0.37185766958810218
5085	0	0	0.015085428291428357	0.099730395465296218
5086	-8.043415418954592e-05	0	0.021617603258044519	0.3152886412117431
5087	-6.9032807468816243e-05	0	0.031927566468045385	0.19551843399613161
5088	-2.638411681349373e-05	0	0.022059110501063049	0.047420859609593413
5089	0	0	0.026668154853920871	0.28447460883900827
5090	-1.7296588454812634e-05	0	0.016855513423697857	0.21083903555509206
5091	-0.00011854558139448023	0	0.017821697186108782	0.17852504461171495
5092	-0.00014418215010897906	0	0.031369188600834555	0.25607555002234972
5093	-5.2678879744638696e-05	0	0.036970932881497345	0.31702208540282739
5094	-4.1164221367656628e-05	0	0.019750129841126212	0.29332345970606055
5095	-0.00013283707919303778	0	0.023844247427489026	0.25290678688503648
5096	0	0	0.018721459223496731	0.22579368173660175
5097	-2.9966375240370047e-05	0	0.024470543890021731	0.31759784484877474
5098	0	0	0.022292772048434526	0.20540631840406914
5099	0	0	0.016608743676816244	0.1641355651714933
5100	-3.7432562428874053e-05	0	0.032810956553672818	0.33687269984817725
5101	-6.2316730054778896e-05	0	0.028563798890214674	0.18132126642154439
5102	-0.00013845943296514896	0	0.030166686434579704	0.36043532334309258
5103	-2.7622775656216401e-05	0	0.026449621603595895	0.21089001008141003
5104	-4.1733441775576585e-05	0	0.016106482102264872	0.30590770933436762
5105	0	0	0.020338024496297243	0.15919354856279963
5106	-0.0001051195424350726	0	0.024127325139916216	0.27749736677962378
5107	-3.284090045366783e-05	0	0.016730790882574197	0.21662963934996021
5108	-4.9517899760104232e-05	0	0.033751018135548601	0.29042303898709698
5109	-5.4139978643208407e-05	0	0.019852188913578782	0.16852002657174139
5110	0	0	0.021963599335979148	0.28664832719837902
5111	0	0	0.02400658607095487	0.092551909294104381
5112	-6.0805106295613863e-05	0	0.012048704213604846	0.083105311026901024
5113	0	0	0.015481384520307701	0.17077812776413315
5114	-0.00011041324257289875	0	0.019481245308787691	0.23727094957083525
5115	-5.4789021740470067e-05	0	0.017883365857389959	0.18290954886467553
5116	0	0	0.020015270172062179	0.058037040533979845
5117	0	0	0.020035990587618964	0.46296194318177103
5118	-3.8719636719375392e-05	0	0.028777580833589788	0.23327149406081854
5119	-0.0001168287427196768	0	0.029951507126113785	0.30322919738875848
5120	-3.2734757094832202e-05	0	0.018016123809033634	0.11522315245224166
5121	-1.3466060192945939e-05	0	0.033297948715400559	0.16607315786696225
5122	-9.7769696074884166e-05	0	0.01547359649463668	0.21466595850362458
5123	0	0	0.017855974088753609	0.28649774595670285
5124	-4.565282760546352e-05	0	0.027635539259559423	0.28429893429061609
5125	-0.00015509958095066278	0	0.023743351916509763	0.28802992208101597
5126	0	0	0.027360940720059373	0.2821252636948921
5127	0	0	0.021188367388032626	0.2988533539301228
5128	-4.2869336463341454e-05	0	0.021115009941068325	0.26418467261159911
5129	-0.00011610514890548762	0	0.025057429084282455	0.25198130451546541
5130	-9.8546680908939693e-05	0	0.035077618442257062	0.3328287551436061
5131	0	0	0.01967689209029989	0.28627250012499006
5132	0	0	0.02888752385508675	0.4365562242762408
5133	-0.00016888820903600553	0	0.023102319865713386	0.13021562341271808
5134	-2.5017043591168965e-05	0	0.019498177554331891	0.18543724576863546
5135	-0.00020418299405618455	0	0.01960902685136532	0.076851424853545375
5136	0	0	0.025955561745184187	0.11545664434752982
5137	0	0	0.0061846416163253036	0.040457799534229247
5138	0	0	0.027818125088336955	0.38631813280022109
5139	0	0	0.014223137879998715	-0.16996721165671594
5140	-9.8927697436135284e-07	0	0.012642326341257235	0.015302224581993684
5141	0	0	0.0057272925177698194	0.23130378311185851
5142	-4.6609015545628905e-05	0	0.022522019530910681	0.22985572770977977
5143	0	0	0.008579659636116713	0.22517239230044508
5144	-2.2153004242564388e-05	0	0.0070504734206175649	0.018492654909800156
5145	-4.8829247678666696e-05	0	0.021435758598201102	0.26749335653687889
5146	-5.4773694551318862e-05	0	0.017124957192825405	0.21978467536474797
5147	0	0	0.01629366314026396	0.29978420939205219
5148	0	0	0.010854582254941691	0.08497889192517423
5149	-5.9488706509119861e-05	0	0.017908533518964778	0.051212688423896625
5150	0	0	0.013392414187452318	0.10077974329400038
5151	-6.7240118842443183e-05	0	0.037455458811417805	0.41059602479551971
5152	0	0	0.015597979995245179	0.14638047354142167
5153	-0.00018134538479993578	0	0.029843519746846243	0.31023358975249121
5154	-7.054411582920195e-05	0	0.024412248316483174	0.19981012119280547
5155	0	0	0.014869037420226609	0.23498069788401593
5156	0	0	0.034068389046342087	0.46426148302822617
5157	-6.3191376149340786e-05	0	0.016311534598470068	0.10292831374022818
5158	-2.4192492321645221e-05	0	0.023500631119587882	0.19374047094144017
5159	0	0	0.021353903653596833	0.12227401607582315
5160	0	0	0.012817789380748915	0.18458379145227305
5161	-0.00011002065502936364	0	0.030485836441359514	0.422540518158114
5162	0	0	0.024973294563692856	0.28996443863515664
5163	0	0	0.015161353225856225	0.1873816131907596
5164	-0.00010408645464954903	0	0.034278288848394858	0.36556956480175612
5165	-0.00017528319181709385	0	0.024529697553451885	-0.03627804002780765
5166	0	0	0.012202198456234711	0.24173447645039259
5167	-7.6311496250147659e-05	0	0.011659277133924067	0.13983343562235589
5168	-3.492598416147685e-05	0	0.021732481905998656	0.18630018245134472
5169	-0.00011081881023570218	0	0.02611069116246505	0.31825580718490354
5170	-4.208089426288586e-05	0	0.024269797622600273	0.3304533079646883
5171	0	0	0.011256419520308383	0.12624628445559255
5172	0	0	0.0084305994690658768	0.1248144185136129
5173	-5.0627512814305223e-05	0	0.029571065419455912	0.31334780508166071
5174	-5.0612702499366888e-05	0	0.0075496419563245458	-0.028695561787432357
5175	-9.681951780653453e-05	0	0.020687975352825006	0.30213285342888374
5176	-6.6624027289241554e-07	0	0.019701594544957127	0.16729532435112399
5177	-4.148640386764102e-05	0	0.01811785508633602	0.27853042526968719
5178	-0.00010267811600707666	0	0.02342923438070834	0.17032494926660871
5179	0	0	0.028584174040470749	0.12514630758533643
5180	0	0	0.020983205320840984	0.42345957644133286
5181	-5.839428743992237e-07	0	0.015829389029814386	0.26713526352395095
5182	0	0	0.031575215153184941	0.21966371558802927
5183	-5.8190174911548763e-05	0	0.021045484510552669	0.22235592087815456
5184	-4.0442485143971088e-05	0	0.016678721527750032	-0.01091858251873595
5185	0	0	0.01978840612865633	0.1266459466760213
5186	-0.00015392366861875784	0	0.026989401753895546	0.11016259123323535
5187	-7.0199585268615469e-05	0	0.013498806516954093	0.11897215653113613
5188	-7.1016333951301466e-05	0	0.027319128664721266	0.42073520152341259
5189	-3.6281759882900168e-05	0	0.02805763211567016	0.15190267403220087
5190	-3.6358649903844852e-05	0	0.022431878663035344	0.22145010658339709
5191	-3.066142696243057e-05	0	0.018041095766338788	0.31546984975913145
5192	-7.5581903290022906e-05	0	0.02649500260230021	0.33023663692130473
5193	-2.8426279404195064e-05	0	0.019824532776091985	0.10818492657903674
5194	0	0	0.0058744388212322004	0.018228161775604955
5195	-5.268988898426419e-05	0	0.023277259609744971	0.11611062850628295
5196	0	0	0.012688003207692356	0.13290214971720718
5197	0	0	0.013059373250974416	0.23069996926445749
5198	-7.6678662174006762e-05	0	0.01390751805808437	0.19479402294564618
5199	0	0	0.018385031237445799	0.066403736088207307
5200	-4.0462234705684887e-05	0	0.018848182332714607	0.25148753949580283
5201	0	0	0.023959595467915335	0.40878938313729013
5202	-3.0847789890392499e-05	0	0.017780469904047424	0.044931015308675083
5203	-1.6104162045033066e-05	0	0.032281632821908421	0.25035729571105891
5204	-0.00014849023364667813	0	0.014467130033893258	-0.16737477029259931
5205	-6.7508433290591752e-05	0	0.022050792005815147	0.17955566087985275
5206	-3.1299848800514507e-05	0	0.029270365373774469	0.13542441746664902
5207	-7.533826042537273e-05	0	0.025746325621483268	0.32264233817073479
5208	0	0	0.010982691779041254	0.25969059117840176
5209	-1.9367641344525399e-05	0	0.019573961678196989	0.16258166014959138
5210	-1.4614194349799047e-05	0	0.01682085661956877	0.17373922225208191
5211	-2.4358598951140786e-05	0	0.0233206565504619	0.23798667172766663
5212	-3.70592025731975e-05	0	0.018718020532518871	0.23903823271015945
5213	-0.0001014882077589041	0	0.026305939729930831	0.16892758632354005
5214	-3.9829930992829612e-07	0	0.025404061650492304	0.21632948623396611
5215	0	0	0.012418814697977712	0.074607603138909795
5216	-3.5000001310397934e-05	0	0.025706187158523214	0.37691403163527043
5217	-6.8721353847822633e-05	0	0.02187177754175975	0.2350290233183025
5218	-4.7847002978809729e-05	0	0.023065905093922996	0.13380863115751002
5219	-5.8348550131176458e-05	0	0.02090461487311145	0.15338630255660543
5220	-4.3396346556490159e-05	0	0.021823943657873473	0.21112577857677056
5221	-0.00011592410908679573	0	0.020509318886916632	0.059500239020305455
5222	0	0	0.021467370975572005	0.31083932841103112
5223	-1.9384556878843107e-05	0	0.040355348225081258	0.39032821628655356
5224	-2.0131901197839587e-05	0	0.013325306196913642	0.12627033428721215
5225	-4.2360142571629125e-05	0	0.0059260411210415257	-0.1845639153180863
5226	-4.581090632039264e-05	0	0.026868722040366989	0.25629533001930105
5227	-8.7660397267552701e-05	0	0.012923387914896264	0.22043217703760223
5228	-0.00016411283319431313	0	0.027365509461871794	0.2270760025720647
5229	-9.7563407173301139e-05	0	0.01890146861829042	0.30531339763159615
5230	0	0	0.015456408909849145	0.09060203845919626
5231	-0.00014632575729490728	0	0.011449576330749578	0.11980750719715476
5232	0	0	0.011256985846353925	0.031150167661178729
5233	0	0	0.010984226405888333	0.033294895190847537
5234	0	0	0.019113224036625444	0.15693894988194365
5235	0	0	0.013862001459901369	0.11516519031951204
5236	0	0	0.020807642026330925	0.20480032727126157
5237	-7.0277208107369368e-05	0	0.023475380266676879	0.25537171339026715
5238	0	0	0.028030911074909293	0.28549618024909751
5239	-0.00020166219208110902	0	0.024649370356335694	0.18960459194722765
5240	-5.24215336512035e-05	0	0.011267837111584647	0.10485628622961896
5241	0	0	0.01060426885361496	0.22132900662589344
5242	-6.6714600640799262e-05	0	0.018049365297990141	0.18141508133146664
5243	0	0	0.021509335867772556	0.32982935608597141
5244	-5.631767509881036e-05	0	0.024611625862218506	0.35953875691597809
5245	0	0	0.0073465513310357082	0.16931885236337887
5246	0	0	0.020108298523896243	0.1961830278105535
5247	0	0	0.010721754183166357	0.17488987414420265
5248	-0.0001051792132924334	0	0.02331374034107609	0.11837891945350439
5249	0	0	0.014347734122763333	0.26770502521691308
5250	0	0	0.033215082989164049	0.31171661644269405
5251	0	0	0.014768059863749572	0.18664467671851279
5252	-4.5847804580362306e-05	0	0.027921286563015447	0.29655735041310977
5253	-4.216432316008767e-05	0	0.018704455363900391	0.38558593760382925
5254	-4.8945758593871293e-05	0	0.037882893726901221	0.47875765959537658
5255	-0.00012670940611067549	0	0.029087346824924209	0.25687887432730194
5256	0	0	0.023510929458045407	0.31989842613145936
5257	-7.059892126025091e-05	0	0.027411275773203913	0.31405704978668442
5258	-9.370295745547708e-07	0	0.025061166309466164	0.19140791618429143
5259	-7.0740863910723209e-05	0	0.01944395076277312	0.21033545989177491
5260	0	0	0.022077952709718948	0.36392706008568321
5261	-0.00020135502372259362	0	0.029600274202735321	0.36186056295519925
5262	-3.2127701665191077e-05	0	0.025645373527032871	0.32880813594631741
5263	0	0	0.019546928013607454	0.25491827430807784
5264	-5.7841620300647101e-05	0	0.014670099031091014	0.070990837125556011
5265	0	0	0.014909297678381506	0.20585336786880587
5266	0	0	0.0098213018725282625	0.10278433515944627
5267	0	0	0.028897555137398646	0.49540606421815364
5268	-5.6211769249042701e-05	0	0.023832282068716563	0.24115787142109618
5269	0	0	0.024879928300814817	0.21585702505283333
5270	-6.2275553285640051e-05	0	0.023293107360906555	0.36457354829909461
5271	-6.1740811665139669e-05	0	0.025312047383091885	0.22504018281308999
5272	0	0	0.033508817385146425	0.31373183816448441
5273	-1.7998831550308791e-05	0	0.0082726199537368848	0.09201282837772852
5274	-4.061742335493279e-05	0	0.020505179467816589	0.32570503413355079
5275	-0.00015855460376220653	0	0.011315897152508728	-0.014563828393758683
5276	-5.5465191459824759e-05	0	0.029261386517256932	0.34799843126696606
5277	0	0	0.015772294235665035	0.090974043826232087
5278	-2.8265432018176327e-05	0	0.021421890608276185	0.32678350817474067
5279	-9.1942281992940522e-05	0	0.016222165702767528	0.32280999651813053
5280	-3.3141464773017713e-05	0	0.022777550598336919	0.25870967903492381
5281	-4.329234847221253e-05	0	0.021087737354478768	0.23053243702244056
5282	0	0	0.022245408226515061	0.21397612365842628
5283	-3.1955682012904663e-05	0	0.021181775670196173	0.16245688948656581
5284	0	0	0.012095386051181291	0.31030346216688826
5285	0	0	0.022125688429979924	0.08447441275582937
5286	-6.9391687985886902e-05	0	0.019307017819880069	0.018442071475301781
5287	0	0	0.021118042423808707	0.28614768630343546
5288	-0.0001046078983651444	0	0.026008838030021769	0.29773545227354503
5289	0	0	0.0090897299072182393	0.15834070260092997
5290	-0.0001395306882929881	0	0.029577513075950145	0.27074624348681564
5291	0	0	0.018414184757342113	0.38274302321237669
5292	-2.4171886812091035e-05	0	0.018895765681735382	0.35363008339727625
5293	0	0	0.013413129150356593	0.21076000517358021
5294	-0.00014125810122539163	0	0.028434744567845394	0.22586660012653362
5295	0	0	0.017276008475159772	-0.064256757941586223
5296	-0.00013240826841885988	0	0.019235104093296977	0.00047624558719008283
5297	-0.00020113574334384987	0	0.029693514104191743	0.25780975865478656
5298	0	0	0.018292033398335291	0.29856232386314385
5299	0	0	0.015414951108667922	0.28947998598249919
5300	-0.00035082715495172165	0	0.019315077277923601	0.15673159143430349
5301	0	0	0.00091559461928337473	-0.11580228376791188
5302	-2.0635189995932278e-05	0	0.020931287885272303	0.33062330283323227
5303	-3.8433660069431272e-05	0	0.018499093104236596	0.20408553381294298
5304	-5.8263196123894964e-05	0	0.017739691374846656	0.19577955723239573
5305	0	0	0.01317120133184135	0.11716666024649694
5306	0	0	0.028088991770489364	0.30210160331101837
5307	-1.6753651610035281e-05	0	0.014276125201277565	0.030331555322385923
5308	-2.0408846775321619e-05	0	0.023633854050922297	0.11340076697204493
5309	-6.2170249804743835e-05	0	0.015848047200113204	0.21077071269094047
5310	0	0	0.0058263184481148868	0.11319016237865967
5311	0	0	0.018668973201001582	0.089664006365388516
5312	-0.00011310478478948616	0	0.025163643801535962	0.26639898160888215
5313	-0.00016877483729389465	0	0.024554967736265709	0.16843022653705989
5314	-2.7532560981102794e-05	0	0.022870467613033074	0.14547687723516689
5315	-0.00016659547169962653	0	0.029181054314379461	0.3443088885831736
5316	-7.9070042484763456e-05	0	0.019056183579678695	0.17216408757798632
5317	0	0	0.020753036736899509	0.20013715085731096
5318	-6.0296599437847929e-07	0	0.020485963071930843	0.24791287291536954
5319	-5.4227265424489077e-05	0	0.02484789710537599	0.24168672637930966
5320	-7.7411912666797139e-05	0	0.024115646914571805	0.37721683078184692
5321	-2.5123552722022824e-05	0	0.016100297114858497	0.18140677207251898
5322	0	0	0.014347145069616683	0.20135252700764608
5323	-5.2242679300934512e-05	0	0.023288696487308025	0.31291007537376353
5324	-1.0702607572410372e-06	0	0.032133529221476463	0.38149844273762329
5325	-2.709816914597263e-05	0	0.020641124819792547	0.36498640470580179
5326	-2.3955770007516587e-05	0	0.041127991471283598	0.37910091547929181
5327	-5.9828433504477416e-05	0	0.0061631421886522344	0.055837245793619802
5328	0	0	0.019485623568070196	0.1309318673244633
5329	-3.3961454577458027e-07	0	0.013119525410168578	0.10638515916121531
5330	0	0	0.012570225589044724	0.12759907841796081
5331	-2.0089872225459438e-05	0	0.024176922581204727	0.14212046861731534
5332	-8.2043549948684899e-05	0	0.018921952912857993	0.1257418168090354
5333	-2.0419920741421295e-06	0	0.024281123355349477	0.19682018401405482
5334	-7.7498147013632668e-07	0	0.014477492590704976	0.10076377036597672
5335	-0.00012357788854842623	0	0.033603737130183713	0.42061185143582619
5336	-5.0366189871414725e-05	0	0.024248372630440513	0.20922072584796844
5337	-1.3645767358988481e-05	0	0.0161478683055	0.15256261451841419
5338	0	0	0.01777508579723535	0.14811677222034544
5339	-1.5316942098519971e-05	0	0.021248319395304825	0.30230336783350431
5340	-4.498065480285085e-05	0	0.019958362177106143	0.21994325264168654
5341	-7.1100788989225672e-05	0	0.014412976547211988	0.13557714379312541
5342	-0.00010921677532143015	0	0.025121122476371788	0.25318797305444829
5343	-2.2773807823484037e-05	0	0.025522668671319824	0.076131130774478709
5344	-7.008611131579246e-05	0	0.014974923745495448	0.079365273741500791
5345	-0.00013650482639618322	0	0.029885157039277299	0.22745531496748397
5346	-6.1160988462649613e-07	0	0.020863750366252629	0.31806357419756431
5347	-5.7879344122546694e-05	0	0.017697507473980634	0.1850973515639398
5348	-2.3493975958510659e-05	0	0.018845444656294646	0.035383117868424026
5349	-0.00014135576308101915	0	0.019361585080934982	0.1976257110986675
5350	-6.762094006369512e-05	0	0.032121542628337184	0.36937847562834919
5351	0	0	0.014431494838904376	0.18821276329046199
5352	-3.7127078353904608e-05	0	0.017202116677007967	0.27383418999444353
5353	-2.0816001444887157e-05	0	0.022258903287825555	0.21982632320339607
5354	-1.7980606504602868e-05	0	0.016751767674852102	0.14694091882724133
5355	0	0	0.02207180372620093	0.17331501403675592
5356	-0.0001097834613961457	0	0.023153130464521707	0.31771987244602418
5357	-9.6177915106965273e-05	0	0.034259306863206121	0.34992621177509636
5358	0	0	0.0059489932138629877	-0.0078087109057588724
5359	-9.2139582373712561e-05	0	0.023259502903354511	0.27743596865238745
5360	-6.1256060571546203e-05	0	0.0087962070776767716	0.26747707560355438
5361	-0.00022977675460927882	0	0.017203596487491705	0.14870772521927017
5362	0	0	0.02813766683160453	0.12709535247337259
5363	-1.8879155512271927e-05	0	0.021843922511471103	0.18227013601652664
5364	-0.0001312599668881642	0	0.021163362303415791	0.3538703601371655
5365	-6.5001599730329929e-05	0	0.015594342222284313	0.13473045858368965
5366	-5.9402973343081201e-05	0	0.019244425772747903	0.21727714708814672
5367	-1.6228289433303789e-05	0	0.0093582190137935922	0.11657154822398397
5368	-6.734055669307959e-05	0	0.028509364018026812	0.1852335583958479
5369	-5.003205623595741e-05	0	0.015053733991554533	0.075181204814218625
5370	0	0	0.016837518489737694	0.22147789953814961
5371	0	0	0.021594391779162673	0.23023731361946664
5372	-1.2762057490456336e-06	0	0.032276586272886709	0.31875387091363844
5373	0	0	0.018281085759660736	0.23720283701646849
5374	0	0	0.01982573558340698	0.27916122429849716
5375	0	0	0.020482038633784221	0.33074628288586999
5376	0	0	0.028380917275443923	0.31822183772946644
5377	0	0	0.031967895246350013	0.2949133727145129
5378	0	0	0.024731791212819425	0.18473625833349641
5379	-9.1662001650694153e-05	0	0.029653474940346258	0.42144857085815807
5380	-0.00010144905533565062	0	0.026893764943425075	0.071509290931003444
5381	-0.00014969661953877499	0	0.022443875305515046	0.30164385918872177
5382	-7.5415740921086496e-05	0	0.016915184092196341	0.21633390332425434
5383	-0.00010368292287544767	0	0.019352729219562364	0.29198912751499406
5384	-9.2131168825271284e-05	0	0.032484002638031126	0.39975863675538631
5385	-8.8986709085880905e-05	0	0.025553443022065536	0.40909160125518451
5386	0	0	0.026998420581672806	0.081213495042836051
5387	-0.00015655727103709992	0	0.027529966294487507	0.38026527002261956
5388	-0.00010670134678909259	0	0.019111633740891233	0.28221334221117328
5389	-2.6021962942435195e-05	0	0.01112623540024899	-0.061329641647620579
5390	-4.5100871627640207e-05	0	0.036784095210350212	0.44824382226997911
5391	0	0	0.018106155717571064	0.31941363933988431
5392	-1.023738235658711e-06	0	0.032218754004531121	0.43160997437324589
5393	-3.4303413864039678e-05	0	0.020325033802623238	-0.017063323851719492
5394	0	0	0.015670066040006658	0.13601861303758986
5395	-7.0283206179411193e-07	0	0.014649933978717656	0.23681515063630521
5396	-0.00016918472076296042	0	0.020599247135557542	0.20874263558738368
5397	0	0	0.013362764327708249	0.19995592240255591
5398	-8.4419834551474618e-05	0	0.027048814134806733	0.2116176916504946
5399	-8.2704447611264825e-05	0	0.016727495554784096	0.25388358942939659
5400	-1.9687457571443412e-05	0	0.035553926221337094	0.34955453792160568
5401	-5.4111742725532211e-05	0	0.016450001431957472	0.18071954947301924
5402	-6.1147856162546704e-05	0	0.02385874650927515	0.22572085782441126
5403	-0.00012766057281623499	0	0.031649916908574813	0.35144794826314846
5404	0	0	0.013307367665105731	0.15355345676608465
5405	-1.7157703382469913e-05	0	0.021618863358857827	0.20095745087522551
5406	-0.00010570282148886779	0	0.023148973545794871	0.39465424110418668
5407	-8.8708780207397148e-05	0	0.031622549628427352	0.32074190297899702
5408	0	0	0.01894985658961849	0.023456214063182698
5409	-0.00012891032413242244	0	0.023904314298646166	0.23466246813046093
5410	0	0	0.017371952747276952	0.24400278010370174
5411	0	0	0.020895502231274093	0.12561140392910713
5412	-5.6842116735711377e-05	0	0.010910104857893769	0.040501226064386796
5413	0	0	0.01056387847743338	0.19545786681830629
5414	0	0	0.016665248960083118	0.3139273042736298
5415	-1.8397280898246883e-05	0	0.028966443514850303	0.25759472617702434
5416	-7.720746891093922e-05	0	0.024647718821387873	0.27184426175287912
5417	-7.5780139255066106e-05	0	0.013874152614349594	0.10206650335622158
5418	-0.00011345618027548965	0	0.029259172714460775	0.21389336310989884
5419	-4.0207546390197413e-05	0	0.016713469859583659	0.20350750969212114
5420	0	0	0.021661615510852741	0.26332814786310976
5421	-0.00012905041186933586	0	0.027801209900628333	0.37937855126819164
5422	0	0	0.021686036942276374	0.21254488941681768
5423	-5.325636089514862e-07	0	0.0056942857162497664	-0.15597108693788111
5424	-7.002123574739727e-05	0	0.029070773685837891	0.40910535788667757
5425	0	0	0.018432167157805438	0.27874750463102804
5426	-0.00023963102558712256	0	0.023390042223611209	0.17245134622769626
5427	-5.4566026275326694e-05	0	0.011607284818218192	0.14719298304908654
5428	-0.00013013861900469935	0	0.03707486913271666	0.35824726880996161
5429	-0.00017342315110006613	0	0.018545461459673347	0.12489884609521837
5430	0	0	0.021354885101914987	0.22643301261773149
5431	-5.8859554929663324e-05	0	0.014421207614085741	0.27658453741039091
5432	-0.00014412394634959191	0	0.024164970619426747	0.092394335124513741
5433	0	0	0.01536266078245388	0.26081792535246462
5434	-0.00015052737352294065	0	0.021947722813634156	0.15408327566130903
5435	0	0	0.015916896254640621	0.28194358613066473
5436	-6.8819776044221065e-05	0	0.018288401217553586	0.30884003320884934
5437	0	0	0.017930516462036961	0.21094247383118145
5438	-0.00021685368117427273	0	0.023791855192933122	0.22183176483266354
5439	-3.2887956141497424e-05	0	0.018682294009283354	0.12942045059362367
5440	0	0	0.019802553982518845	0.3121798787005523
5441	-3.2286865151137656e-05	0	0.023573978788554942	0.18522567727664657
5442	-5.6206263264557686e-05	0	0.022600308284954729	0.20608087303444833
5443	-0.00020653278932789565	0	0.011108325271583872	-0.060275439596433313
5444	-6.708495752009713e-05	0	0.027022545281965675	0.19653226441123919
5445	0	0	0.018905575831921144	0.19223348653758954
5446	-3.7583143173153254e-05	0	0.021288608313191487	0.39592817769999911
5447	0	0	0.023115046687385107	0.22526450000050607
5448	-0.00012773954388003438	0	0.025420911130604483	0.25579540226229469
5449	0	0	0.011340150934970105	0.2577223346529029
5450	-4.4020107450115641e-05	0	0.029833420493810651	0.1676084647121408
5451	-8.2208851649434592e-05	0	0.033226425328759149	0.19650210457860409
5452	0	0	0.028340386069858003	0.25330186641429597
5453	-6.6445219444652423e-05	0	0.020592488123431729	0.066610631002934434
5454	-6.8968331950192141e-05	0	0.029188232478668447	0.31685876446247663
5455	-3.6426195884853294e-05	0	0.016661599914442472	0.27216107709879001
5456	0	0	0.021943505141671434	0.099049207353573643
5457	-6.0440398584130081e-05	0	0.029608492038022637	0.22027181151725633
5458	-3.9121786401180578e-05	0	0.0063036318499492677	-0.033072068680121289
5459	-0.0001081237281868902	0	0.026510866063071403	0.15351767539019529
5460	-2.4172001866584746e-05	0	0.027324598981591397	0.27767866486149539
5461	-9.819152556191923e-05	0	0.018818466262734507	-0.03423689397751125
5462	0	0	0.012211935972916883	0.24222833966786045
5463	-1.7545183640765848e-05	0	0.018836636343236426	0.2247941221186352
5464	-0.00015224214059190723	0	0.024736407920422872	0.10199965915838918
5465	-8.3110984357981366e-05	0	0.014374299588931216	0.022946648092743251
5466	0	0	0.0047378566044101959	0.11368234911221867
5467	-0.000109243417951016	0	0.023545824348881066	0.0881067193094838
5468	0	0	0.015410818336403429	0.14357379267070808
5469	-1.6235206148906833e-05	0	0.02402017742407684	0.25487614072840692
5470	0	0	0.013549396466603459	0.20221228203535321
5471	0	0	0.012438664395360765	0.25069922497787661
5472	-6.9405262884586485e-05	0	0.022930168938253913	0.34775684540764279
5473	-4.9442765568147307e-05	0	0.028575039930342449	0.31920106597278819
5474	-0.00011203641052193736	0	0.031234657559701361	0.43730911365086983
5475	-7.1372034842337451e-05	0	0.014948502383012246	0.16425105612930319
5476	-0.00034059994944667658	0	0.028891218004950127	0.1033564988202083
5477	-0.00010649552613819779	0	0.026415340115394193	0.31139442445948262
5478	-3.4754701782108154e-05	0	0.027423585993670046	0.37023671814800235
5479	0	0	0.020097155814656324	0.3724902999629422
5480	0	0	0.010869071068850693	-0.029691021789019601
5481	0	0	0.014954954526665062	0.12707707645270469
5482	-1.9127217555858777e-05	0	0.016188503094342381	0.17368514808860547
5483	0	0	0.018319658246430785	0.11150086512435427
5484	-4.5920218888745312e-05	0	0.019171217494454169	0.21912441526250145
5485	-2.0797230098801301e-05	0	0.017999855741532626	0.11933977331386694
5486	-0.00010953159927785117	0	0.016936372549376431	0.19667842220963566
5487	0	0	0.015905314337388905	-0.062312487459631957
5488	-5.5203540141840482e-05	0	0.013789747251428803	0.12153922222527551
5489	0	0	0.0022163948786221633	0.12390292096718269
5490	0	0	0.017822007549668721	0.19749809623400141
5491	0	0	0.012513192300500279	0.15145155865267812
5492	0	0	0.013505807377807769	0.14450486806977231
5493	-1.9905358269012295e-06	0	0.022034597037200794	0.2532216275122785
5494	-0.00010098709299057318	0	0.024821541989668228	0.32501766300325069
5495	-0.00010342822171516831	0	0.013943908847634847	0.057119994598907084
5496	0	0	0.025998507115321302	0.24225748573052455
5497	0	0	0.012534345744436893	0.2704820363609195
5498	0	0	0.030864065805399632	0.43838120110449436
5499	-5.3920752458025412e-05	0	0.023346362224371923	0.13060954654559492
5500	-3.0425216517482313e-05	0	0.024792396587635195	0.25709635758439991
5501	0	0	0.018501755972632719	0.066658100741199225
5502	-0.00023061804431037669	0	0.023166110711194499	0.35957686205606748
5503	-9.3531461130291757e-05	0	0.02422179539096924	0.17555509652398318
5504	0	0	0.016349477580835055	0.10266441547916849
5505	0	0	0.0085751883293429011	0.11691269252743348
5506	0	0	0.0092456870527428126	-0.035924541262449552
5507	-1.6804038976153678e-05	0	0.023730252470553374	0.27371855804974637
5508	-0.00010644510000463736	0	0.018305982265801789	0.1691838749143722
5509	-1.1490567857819211e-06	0	0.02820728299831738	0.28941031349656865
5510	0	0	0.020701743004966588	0.31117489390240211
5511	0	0	0.022990520927115444	0.13295843283387046
5512	0	0	0.018851193268694371	0.24743392470819398
5513	0	0	0.029559029462425567	0.33255387353146254
5514	-0.00033778160205692189	0	0.025634431311263466	0.15058881910660787
5515	-0.00013585599151724471	0	0.012512915950966838	-0.064398210150675636
5516	-5.9336682129984557e-07	0	0.015722850416592684	0.14861589917955284
5517	-7.2561329394704721e-05	0	0.026116510013071657	0.39056738026125815
5518	-5.7800556700415837e-05	0	0.021879385797619211	0.29030195217215093
5519	0	0	0.0095832803535284387	0.041679227803226838
5520	-4.3773939628999339e-05	0	0.033440874690347171	0.30948050430292945
5521	-7.8153284716131472e-05	0	0.023040486771518053	0.25656825922861176
5522	-0.00013174388466094533	0	0.030883864091262859	0.42319113854920093
5523	0	0	0.013325529448799242	0.34576333616445659
5524	-1.8193379047604095e-05	0	0.01316809286492333	0.28005566991520853
5525	-2.0365904150976276e-05	0	0.019046806296473935	0.37972486181833687
5526	-0.00022613997893108917	0	0.017171077671316599	0.027685113514743943
5527	0	0	0.019521708602931682	0.26158025301119736
5528	0	0	0.0038153884750808274	0.067007582278182681
5529	0	0	0.013417361981156579	-0.023391052915397594
5530	-7.2695646807680042e-05	0	0.01032980631439317	0.066836029574930428
5531	0	0	0.019170564135423007	0.27699517114605499
5532	-4.1224294171338104e-05	0	0.011127976641344708	-0.23897083543084255
5533	0	0	0.020465717818624388	0.16474030666025077
5534	0	0	0.02912332187768717	0.21553709954581718
5535	-3.4951788446457853e-05	0	0.014453785730150747	0.2158131673387301
5536	0	0	0.011062369059471435	0.22519050471618601
5537	-6.9045970424841396e-05	0	0.02493443123458567	0.38020645611339959
5538	0	0	0.0087803005655782088	0.04728548783301921
5539	0	0	0.015392962376153344	0.15772977646183919
5540	-6.7095560823265954e-05	0	0.019628580262325029	0.10660836586074909
5541	-1.7518074461453371e-05	0	0.027724400716467968	0.38374795448443999
5542	-4.1117300118137522e-05	0	0.013343227162453808	0.12071186320858192
5543	0	0	0.023527469154743508	0.38158174880898565
5544	0	0	0.0095569966661618547	0.14437989019857395
5545	0	0	0.0051818164116186286	0.10877644246530538
5546	0	0	0.022000519813279575	0.28652874555697816
5547	0	0	0.010499149860602294	0.2248517465948329
5548	-2.7224195452552057e-05	0	0.026074163153479345	0.26423966062543758
5549	0	0	0.013090187543538329	0.24912316857626493
5550	-8.4644508782000252e-05	0	0.024136538988213937	0.095457212277940864
5551	-1.3886354007819346e-05	0	0.012803777265290001	0.035021199363002443
5552	-8.6264272707664569e-05	0	0.013682145734013681	0.21898857726196247
5553	0	0	0.0098120347142146395	0.10639810871733217
5554	0	0	0.03374674088007304	0.37091907956370063
5555	-0.00011955328597330616	0	0.023424373366193244	0.45240216143392642
5556	-8.9829618937148356e-05	0	0.031194193181264478	0.29137852232755801
5557	-0.00014961975074262446	0	0.02533910668191176	0.20181078923716936
5558	0	0	0.013623275782787003	0.34565894135220132
5559	0	0	0.0083368713967525241	0.091767893880146556
5560	-7.907684256291958e-07	0	0.026397740717522489	0.36384518876683042
5561	0	0	0.0041732103066184686	0.083770869045436028
5562	0	0	0.018371658800676583	0.22953161069181499
5563	-6.4180239788225177e-05	0	0.027253039900098586	0.25438317849479009
5564	-3.5271045027757132e-05	0	0.019651004184889291	0.39198220313574356
5565	-8.3602534480725632e-05	0	0.032064962489902211	0.30667334342990005
5566	-3.6958282412258293e-05	0	0.017604486335406951	0.27974721626055393
5567	0	0	0.003308614043091046	-0.022915580941487101
5568	0	0	0.013928581807596027	0.1363079733313694
5569	-0.00010056914946264261	0	0.034878130204739004	0.36440965668076103
5570	0	0	0.019860363839717444	0.21465473054766848
5571	-7.0657814699515151e-05	0	0.023073395217239522	0.054967585726206303
5572	-4.892694740343262e-05	0	0.033705263872284716	0.31747737749985161
5573	0	0	0.005977970286717987	-0.22340481003376889
5574	-1.5973326215246165e-05	0	0.022811048646180058	0.32950113696240779
5575	0	0	0.0088967063443257353	-0.11020240486784023
5576	0	0	0.024893411510812601	0.24054589972070906
5577	-9.4011347647121599e-05	0	0.017298004286634208	0.15766928649021283
5578	0	0	0.026649566450151228	0.4197288755955027
5579	-0.00013067372921903296	0	0.016749589009488884	0.025524833759073644
5580	0	0	0.0042015630604799094	0.0093309481518595062
5581	-5.2742872188304982e-05	0	0.020531082613357361	0.19347530063339916
5582	-5.2666755558500314e-05	0	0.012193768764922688	0.056234185931997381
5583	0	0	0.02546203038797127	-0.16243767675114501
5584	0	0	0.0086664925966203569	0.1036320936521814
5585	0	0	0.0066242552662932165	-0.078418638424256087
5586	-5.3755779730696449e-05	0	0.020044789864332835	0.14654636448544961
5587	-9.74364856592913e-05	0	0.015564834380410789	0.24493679484439576
5588	0	0	0.01472141331522285	0.1045400084502754
5589	0	0	0.018478145638970538	0.098081621237702782
5590	-7.978740441831611e-05	0	0.011611027566245139	0.23242697109477267
5591	-3.0778654825924788e-07	0	0.018163361114887276	-0.10766982604159163
5592	-0.00013763793879025544	0	0.030589190642543208	0.16426820818559335
5593	-0.00016504364465531608	0	0.02505025870347723	0.31022825601742926
5594	-0.00016979194590894809	0	0.020881331980101954	-0.025661926973938633
5595	-0.00011772352193125945	0	0.021309418221431946	0.14701710244768801
5596	0	0	0.018456864416653285	-0.33644608759541123
5597	0	0	0.011412869334486212	0.22738865277426398
5598	-6.662603287698188e-05	0	0.015906495590661412	0.2183546912703806
5599	0	0	0.022979328739956718	0.23374319619395073
5600	-3.650441464765897e-05	0	0.029482626262298549	0.39898651745141867
5601	0	0	0.019467736172366804	0.33920566508198713
5602	0	0	0.028758441075314549	0.20653267069063933
5603	-1.9408710239543493e-05	0	0.018490424259438566	0.33003931643865936
5604	-1.8581161820468982e-05	0	0.012186624244724938	0.1304272470627828
5605	0	0	0.033780817830609683	0.39185350689516696
5606	0	0	0.018798317983584407	0.13903978999838232
5607	-5.6556314453515275e-05	0	0.022062851337832354	0.33489867432472636
5608	0	0	0.018857469577297246	0.23906869552557625
5609	-0.00013475235331398273	0	0.023801604699045218	0.20320175202657992
5610	-0.00013608389762011507	0	0.021560781865197307	0.24478035822405841
5611	-0.00011423075223649936	0	0.019509435068028737	0.2554785799588159
5612	0	0	0.013222730292706302	0.40356681393711613
5613	-6.4345095374462866e-05	0	0.015670352886429748	0.16576886051914197
5614	-5.2082584027945966e-05	0	0.027049630887789063	0.29137530136447121
5615	0	0	0.013672645423770727	-0.007255846930124754
5616	0	0	0.023030635874710055	0.25113356829023115
5617	0	0	0.026465871440371679	0.23994706216432693
5618	-0.00017530226994299513	0	0.032067361275375267	0.42273614651570374
5619	0	0	0.012005070583755712	0.36521631911233887
5620	0	0	0.014004486313826997	0.096452181150978561
5621	0	0	0.015023903433727653	0.27067016268647909
5622	-0.00010983906585106396	0	0.018807465709747673	0.37165740198338321
5623	-8.0845781951421897e-05	0	0.027846900135419163	0.18955068518943377
5624	-4.0321276568772159e-05	0	0.020999504510846607	-0.021697799619870665
5625	-3.7924352465529275e-05	0	0.03041064222535721	0.23581388243327059
5626	-4.59025674100666e-05	0	0.02546505197542881	0.23280485149553476
5627	0	0	0.016006804483899108	0.11673869070666969
5628	0	0	0.015364976466513604	0.20628385719472858
5629	0	0	0.013939989535704267	0.056672817623464898
5630	-0.00012248431388595105	0	0.027693932387051857	0.31027029814396834
5631	-1.0317817883909176e-06	0	0.012731280627437749	0.050197049809593539
5632	0	0	0.010347596863763247	0.14377423764965655
5633	-8.0022257805162364e-05	0	0.020247430316168307	0.365567391099761
5634	0	0	0.014172688510879231	0.22134152880211916
5635	-7.1785709469157635e-05	0	0.023245371809841705	0.10067049420251958
5636	-5.1932287314343517e-05	0	0.016609805203133619	0.23091314938810142
5637	-8.4663812223512161e-05	0	0.033088655772582944	0.38086348992088309
5638	-3.2955383863730867e-05	0	0.01483907697074215	0.31299066003225556
5639	0	0	0.028693584712058511	0.31366384000683756
5640	-0.00011372415903249667	0	0.012287416861684008	0.12443888060479665
5641	-5.1457933604059924e-05	0	0.012565823243958571	0.23617452641009243
5642	-2.9814473077272031e-05	0	0.019024086729994109	0.12975232514287829
5643	-0.00015820637342679468	0	0.017802432678447132	0.18534515141914784
5644	-5.5876175391478269e-05	0	0.028151277878598634	0.35460145201314336
5645	-0.00015913370388643267	0	0.012154713013079008	0.0088448415096526005
5646	-5.12735297771405e-05	0	0.01871417396582447	0.18041565767400219
5647	0	0	0.021060797042595357	0.11555432204608632
5648	-2.9596873424223015e-05	0	0.022439031613499725	0.19113230044826776
5649	-2.2450506514004598e-05	0	0.023097675632864502	0.20519135988571816
5650	-6.7348940598810353e-05	0	0.026153518730214553	0.2103445969221866
5651	-4.8054477598796772e-05	0	0.017282328135260986	0.034956322835518715
5652	-3.0108407911105806e-05	0	0.02108411960905893	0.31083389402907702
5653	-8.313754976296272e-05	0	0.029285840690468322	0.41703334295646421
5654	0	0	0.012029121113169819	0.17014514659346042
5655	-7.23957737573e-05	0	0.02037854524716038	0.28507159473329191
5656	-4.7843345031828295e-07	0	0.014741091735130312	-0.080207513260962468
5657	-7.7857717254170564e-05	0	0.019014376873916175	0.40570170714355552
5658	0	0	0.029260605767468705	0.39573982812185993
5659	0	0	0.017022045023604587	0.20724882158674607
5660	-0.00016409108460262444	0	0.026027498071854217	0.12041131045486238
5661	0	0	0.016124142991045705	0.17645733922678103
5662	-3.1389761675776338e-05	0	0.020063676172263911	0.0071859554171394228
5663	-9.1514679682186406e-05	0	0.030520089390620821	0.36732796358939873
5664	-2.927013487287744e-05	0	0.0271423421901393	0.066172720649571429
5665	-4.1201213851649321e-05	0	0.022687516037861961	0.30030670104278201
5666	-1.7450953906106293e-05	0	0.026089020304808398	0.077311441974927633
5667	0	0	0.0052980363332904177	0.20419505173550481
5668	0	0	0.0061390931335520453	-0.11909560210495507
5669	-3.5181512346571521e-05	0	0.029599817246679337	0.25783383181153485
5670	-1.087680032091365e-06	0	0.0073226959933729574	0.089674358723745823
5671	0	0	0.0094673863034584714	-0.068078568218518209
5672	-0.0001871325476193314	0	0.027099852366317852	0.22731747558660809
5673	-2.4580478183117149e-05	0	0.020098830888389433	0.2562535302337981
5674	0	0	0.026527315332053915	0.41699212849334993
5675	0	0	0.025719310289967511	0.35941953382169045
5676	-7.0711264145811853e-05	0	0.014614773757419125	0.31640902317424902
5677	0	0	0.014604269213506655	0.10592081584331026
5678	0	0	0.014785817066000222	0.055241719336244999
5679	-6.6172621857713004e-05	0	0.010935312286418452	0.23273965752886533
5680	0	0	0.013134366639142784	-0.18327510565576771
5681	0	0	0.020007766771892987	0.26846802418087989
5682	-6.636857008427422e-05	0	0.013051201114488233	0.075457179568571286
5683	-5.9430849809999353e-05	0	0.020567320431396037	0.2238117351059429
5684	0	0	0.012445748948389426	0.1599702381790622
5685	-6.6872977098825223e-05	0	0.012188958307732731	0.023304516072803576
5686	-8.0265229575898769e-05	0	0.022971236461589391	0.31070787946929596
5687	-3.5638408789895326e-05	0	0.023525185323925259	0.15265830528549013
5688	0	0	0.012558206609853687	0.24137557205077548
5689	-0.00010463173651626967	0	0.020207329882260129	0.30499608042670479
5690	-0.0001980591379142277	0	0.022485130850225448	0.023520438662738653
5691	0	0	0.0079723872076884507	-0.0097049776690401272
5692	0	0	0.014379300070732282	0.058429357114273842
5693	0	0	0.017565013462143942	0.36998283500996643
5694	0	0	0.012269467895645165	0.031055616085815217
5695	-0.000102092087411354	0	0.027594379349923915	0.29596670246005713
5696	-6.247968840258355e-05	0	0.024495400844850867	0.22297806193860326
5697	-7.3687175646786057e-05	0	0.02004550263494723	0.15673928393117592
5698	-3.0486858380035507e-05	0	0.029344091333123802	0.423921171556224
5699	-0.00010919699360633638	0	0.022344086979695955	0.20353113211449006
5700	0	0	0.019173138491248277	0.12355748415815808
5701	-0.00012878015338104175	0	0.017116233844613877	0.19102524576573668
5702	-4.0480585511426526e-07	0	0.017159608391416208	-0.019970737714427599
5703	0	0	0.019888780151985308	0.37215046814300118
5704	-7.2070144392286098e-05	0	0.018766258116923028	0.19323114700291083
5705	-4.9439947990415069e-05	0	0.015673656069389749	0.242688844186386
5706	-7.4373507182445836e-05	0	0.034953882093017544	0.31057735222600569
5707	0	0	0.012757424158201483	0.15821696676857494
5708	-0.0001657494044953467	0	0.022284786753711178	0.32788705414926606
5709	-4.4108549455557088e-05	0	0.019235534265291069	0.19938538308792059
5710	-2.7504706298425717e-05	0	0.035765378182113998	0.3285665147767528
5711	0	0	0.01980551593280571	0.18804995591938831
5712	-8.8962704816886176e-05	0	0.02063031441720771	0.1725267088150233
5713	-4.4483974105197222e-05	0	0.021602415476573843	0.075563040031119022
5714	0	0	0.016154236908834281	0.29596754279357568
5715	-9.4882326086132005e-05	0	0.019569247958229355	0.24647927078765938
5716	-7.6725069380775832e-05	0	0.023633994254425472	0.25087698162572136
5717	-5.3865735310520966e-07	0	0.012191501820344491	0.18509409990950801
5718	-9.2374567085792841e-05	0	0.017663203955327764	-0.030712323495040834
5719	0	0	0.0021437236043373776	0.10206514974486787
5720	0	0	0.0087793459961506663	0.19626066716904123
5721	0	0	0.018480603140277638	0.12893349083634559
5722	0	0	0.017367251102214269	0.32436112531673456
5723	-1.5740327171454017e-05	0	0.02274044500733129	0.18340827579161817
5724	0	0	0.022139834271640936	0.26413833485294103
5725	-6.554027426335374e-05	0	0.024408040543443445	0.2892449036037037
5726	0	0	0.012717737213664187	0.02669599428440993
5727	-4.9258446195854511e-05	0	0.023388724646106938	0.25445724709575374
5728	-3.2611003135946116e-05	0	0.03156909491509826	0.36463284696873449
5729	-3.3222788489545298e-05	0	0.03348676926225419	0.28938939636803906
5730	-5.5144152023239855e-05	0	0.022240341445840313	0.28564631211668312
5731	0	0	0.019820580062567865	0.27029426211607316
5732	-5.6624125602378059e-05	0	0.030838662404991574	0.27388951889334157
5733	-2.9916526562451251e-05	0	0.023304793330443618	0.40354959453489919
5734	-2.5790253899810046e-05	0	0.022456914448065732	0.30899987925937239
5735	0	0	0.0040447448036413838	0.20652086703042127
5736	-1.4374152916524219e-05	0	0.018509565513105394	0.23240806788534329
5737	-5.3473084529165325e-05	0	0.014598186051664885	0.087922044785188391
5738	0	0	0.015251894425629103	0.33224415698806448
5739	0	0	0.012828240153605532	-0.030315643607737752
5740	0	0	0.013096172221586131	0.03982547712827679
5741	0	0	0.0094651082565903513	0.059859798800811194
5742	-9.9298190794849805e-05	0	0.017941061540041128	0.19277155686995018
5743	-8.7198722430092962e-05	0	0.0182379708253626	0.28066920397676653
5744	0	0	0.01894615033813573	-0.025278303241882148
5745	0	0	0.0098607047580414105	0.22138684113105209
5746	-0.0001332568071236384	0	0.026194621338189415	0.2446680349163099
5747	-7.8290841334044409e-05	0	0.021035450399123804	0.25153379666595932
5748	0	0	0.032907174145183932	0.15549318100053827
5749	0	0	0.021851124993856129	0.31867162680143546
5750	-9.9392804456460701e-05	0	0.01874737028201694	0.12746768780455903
5751	-0.00011217012803884097	0	0.024306863698951273	0.44114252808248972
5752	-0.00015752420824142744	0	0.022044660377541839	0.26618814991187845
5753	-7.4140024526153642e-05	0	0.023574145152536342	0.29305712435152975
5754	0	0	0.018230855007881706	0.16302997049597776
5755	-0.00016723855066836936	0	0.01905701413119492	-0.090624841255248265
5756	-4.418267397259812e-05	0	0.028223299611382778	0.3107134549536551
5757	-1.8931611399808367e-05	0	0.01753965538058825	0.21454594844388505
5758	0	0	0.010528725347908569	0.31003769995515473
5759	-4.0872166989353034e-05	0	0.018722805898763996	0.10336987939594033
5760	-7.04360888837019e-05	0	0.016606947055247786	0.26519140109478523
5761	-4.6984411619505065e-05	0	0.028891360311845814	0.34298125199850665
5762	0	0	0.015856566861264774	-0.099824668866383331
5763	0	0	0.02074130546913153	0.21531042991016686
5764	-0.00013260870286420644	0	0.027902618344655496	0.25397534888066109
5765	-0.00014831315304298376	0	0.025720920098628641	0.30210974216048403
5766	-4.1256416208890203e-07	0	0.010188238748426346	0.042106678919906868
5767	-4.2635257246326218e-05	0	0.018777078259248139	-0.031216430421736246
5768	-3.694568340287807e-05	0	0.032059539455257177	0.22937808978678262
5769	-5.9148532690267429e-05	0	0.019122460789509028	0.17159058552520345
5770	-7.7767767234565582e-05	0	0.028007117564642258	0.27129049672929983
5771	-2.9966910368650623e-05	0	0.026069001010611791	0.32254412425634815
5772	-7.5791207869108096e-05	0	0.015302433054585549	0.103715730680309
5773	0	0	0.021197460385243262	0.31770626750098047
5774	0	0	0.019617455103320754	0.14723964401121861
5775	-1.7864434910605519e-05	0	0.022727981973354509	0.37335681865256609
5776	0	0	0.0039449154139878425	0.18696129275844459
5777	0	0	0.0077293580901296316	-0.11723635796315693
5778	-4.0003860021670114e-05	0	0.025363104807436559	0.34440001831640432
5779	-6.3402241748194976e-05	0	0.039828907683204212	0.37723480836098544
5780	-8.4246373912649777e-05	0	0.013344048091887209	0.21191704699314587
5781	0	0	0.020393858273563027	0.15963635580171703
5782	-6.5815521111423076e-05	0	0.016084833324236443	0.31460105407512678
5783	0	0	0.018679279942386294	0.24834387757819359
5784	-0.00010341448261315667	0	0.02172202766546194	0.28007865709987834
5785	-3.57684849349893e-05	0	0.01235751023932169	-0.011088903595122135
5786	0	0	0.014214855163036657	0.090008614699949918
5787	-3.2234705813311006e-05	0	0.0094777486335504511	0.0158208790470604
5788	0	0	0.016420517085066918	0.051460495740077383
5789	0	0	0.0079839012308987219	0.087968652473805919
5790	0	0	0.023423419552396969	0.27037399201065127
5791	-6.8255972526193315e-05	0	0.017444181688955857	0.021096954043739558
5792	-0.00012025911623027852	0	0.016468639388929514	-0.0054961774590121752
5793	-3.2145097262731294e-05	0	0.027532533453601227	0.27043512724356278
5794	-0.00013113138878715903	0	0.028657985876390391	0.25896118591785877
5795	-0.00011071182579158178	0	0.029920377912836048	0.32095557867405794
5796	0	0	0.023578047956354077	0.16448138163975395
5797	0	0	0.010505818850566295	-0.0080303496274281468
5798	-0.00013800126518402899	0	0.026776887358346602	0.34648064987373017
5799	-0.00013944222671080086	0	0.018455761941253077	0.2221835381050527
5800	-5.7363381672570488e-05	0	0.026255733664375402	0.36015245733662099
5801	-0.00012162787143584763	0	0.021258386667133693	0.27992709366901691
5802	0	0	0.021583371550365903	0.30229390999595629
5803	0	0	0.023188048221214251	0.36259492314757491
5804	0	0	0.016708846237314799	0.04723740906544547
5805	-2.8142035308145739e-05	0	0.023658331304003737	0.21041767570601877
5806	0	0	0.02436794953798694	0.2637909050331636
5807	0	0	0.01358698243816862	0.10999310642065219
5808	0	0	0.028308478550761674	0.39093898823903078
5809	0	0	0.011543677364602486	0.33220641935777007
5810	0	0	0.0084455087892522963	0.21681698966436694
5811	-5.5461671078887999e-05	0	0.020916068695416991	0.23828385550800632
5812	-3.2774234501770082e-05	0	0.021581769665092981	0.35555985781197263
5813	-2.0938781399737482e-05	0	0.014333549949477317	0.1100742057207855
5814	-0.00012795177457657346	0	0.020398038530907152	0.23264461581674176
5815	0	0	0.015707380245790992	0.1194482375223076
5816	-7.2567957774405384e-05	0	0.016016251715816547	0.14588853409425123
5817	-7.9158257123340675e-05	0	0.024175723454140062	0.41516601417962001
5818	0	0	0.025638195345064375	0.21470478052068226
5819	0	0	0.024262595745037224	0.21586671496287782
5820	-0.00014698360900849972	0	0.02584048899927207	0.15682471012258972
5821	-3.0615400702310726e-05	0	0.022763645516934102	0.40977191623108533
5822	-8.9886572839825704e-05	0	0.020263529822503224	0.26500737059744817
5823	0	0	0.021202945198153279	0.34385975986572748
5824	-2.3153377696538691e-05	0	0.01329219534937264	0.011069228327936009
5825	-0.00010318790612823814	0	0.017242530670339335	0.057532763730025673
5826	0	0	0.01871274436484132	0.14874341049402409
5827	-9.7701467939576009e-05	0	0.027186203213127525	0.21318792408308546
5828	-9.301409985060794e-05	0	0.022312001750831249	0.21933088421545527
5829	-1.6929135389348594e-05	0	0.019175735200731663	0.23172146020757359
5830	0	0	0.016991609679959396	0.2293150200376306
5831	-0.00017717537211476008	0	0.0256626270087832	0.20412285220438414
5832	-8.1239603819810435e-05	0	0.021338782629194419	0.31894582381250081
5833	0	0	0.018692843036227227	0.18915990549149522
5834	0	0	0.025464257159073845	0.38278845503860676
5835	-0.0001020461828687369	0	0.019243657366110559	0.030368375315527375
5836	-6.1636009426252467e-05	0	0.020748463996055684	0.26781130817692689
5837	-0.00012384072781167487	0	0.021817147382071949	0.20964031000467123
5838	-0.0001169238777780468	0	0.028988721890872926	0.47399553662290461
5839	0	0	0.014764207642225528	0.19066855406181615
5840	-0.00010456525033849528	0	0.024560046541176501	0.25651939279689512
5841	-6.3723661862258305e-05	0	0.034194135955502095	0.39884424370211852
5842	-6.2159732399647003e-07	0	0.023510081474866398	0.20967845989243067
5843	0	0	0.0046818842783441835	0.20490626337577877
5844	-7.1081178599585742e-05	0	0.036098025212181098	0.27222908516589472
5845	-0.00015279812842852736	0	0.022017033079431043	0.284340493159213
5846	-2.0075827659904456e-05	0	0.0098475854602721093	0.16837914270413956
5847	-1.7692700248772564e-05	0	0.017948846205918759	0.14929278691810827
5848	-6.504764420625086e-05	0	0.0232959058132454	0.11928569733679013
5849	-1.8280029560152623e-05	0	0.019671085820058009	0.17574002869935695
5850	0	0	0.021445643746205969	0.40639646519103978
5851	-4.5235651867081564e-05	0	0.020030033928255725	0.34652868705546486
5852	-3.3612462575069445e-05	0	0.021439202329257064	0.3034599665608374
5853	-4.056039111011156e-05	0	0.022994826349719395	0.15280558157831697
5854	0	0	0.018399020206980664	0.10597088344309875
5855	0	0	0.0086776470398287793	0.062671602377395871
5856	0	0	0.012735134922364093	0.17194067065742655
5857	0	0	0.016240883955543923	0.21097849697115381
5858	0	0	0.017038655112485923	0.13140773542119655
5859	0	0	0.01105194798065336	-0.010172837364772747
5860	-4.7559006964603688e-05	0	0.025542504307453695	0.265899758581294
5861	0	0	0.019373319421486974	0.30357981214908414
5862	-3.4222036683012604e-05	0	0.03079017969485608	0.46808431766454339
5863	0	0	0.017166334763135803	0.27420880382265644
5864	-1.574709405075536e-05	0	0.034001106689767885	0.42801008539933499
5865	-1.7515234321496821e-05	0	0.020296871671043291	0.27932748892916981
5866	0	0	0.014092633892365434	0.20981780798218613
5867	-0.00021807838371792342	0	0.025517716155079223	0.16812774659205157
5868	-0.00012893956400378826	0	0.032085989627523528	0.22547228930386903
5869	-5.0443686044870928e-05	0	0.02337430196335951	0.29370439873737519
5870	-5.8903129254345157e-05	0	0.0145085270992493	0.26252257375692961
5871	-5.2851653929741892e-05	0	0.025239391580561092	0.4056219804933171
5872	-0.00023333818514587601	0	0.024604780232757782	0.30236770580712813
5873	0	0	0.016183168821960907	0.26387382007260568
5874	-6.1154557877096669e-05	0	0.014274558871664103	0.11227897369473772
5875	-0.00022611876730578849	0	0.029617683573748766	0.3251697790533935
5876	-9.5037243351431269e-05	0	0.011425243440093564	0.10464193659314243
5877	-0.00020169507317802649	0	0.029162228814014857	0.30310304189011428
5878	-4.4588030162123762e-05	0	0.023664611461771658	0.38400651873112168
5879	-7.9127538925899407e-05	0	0.022034802875592726	0.26887791422202334
5880	0	0	0.011367214336213632	0.022573251402250305
5881	-0.000121588527837857	0	0.017929318985402471	0.13212162339606881
5882	-1.775859681300007e-05	0	0.018898594936228443	0.23027923015424129
5883	-6.2039167521216185e-05	0	0.029687576362198192	0.20860045264928714
5884	-0.00012409678199342132	0	0.028395032277944675	0.15856160247736079
5885	0	0	0.019977820767632399	0.28060815374459908
5886	-5.9684958838412958e-05	0	0.017100774450635618	0.29562795618251564
5887	0	0	0.025478930403743261	0.21791666022727138
5888	-7.5217087863560511e-05	0	0.014820211925817029	0.073312185884326378
5889	0	0	0.022375896815567821	0.18143043823087326
5890	0	0	0.0069453614615220347	0.27072671577606844
5891	0	0	0.0084366569695927922	0.089526190782030488
5892	-5.832593326119129e-05	0	0.017099681423116905	0.19847941590825963
5893	-4.1919937336970523e-05	0	0.018312698629473673	0.34926910676488621
5894	-3.6331312398008017e-05	0	0.0093546909629530113	0.14725112210241523
5895	-6.014078166577119e-05	0	0.020867034503817647	0.2477606338355848
5896	-0.00011067318381229319	0	0.02264959832188464	0.26823882673121069
5897	-5.694165341472712e-05	0	0.026215880531307308	0.4420713159454257
5898	-9.2038632192734118e-05	0	0.013640447064659398	-0.078985961238556418
5899	-6.6966318463196334e-05	0	0.019952836658400641	0.11878695130281183
5900	-5.3154784702796888e-05	0	0.02487794601868662	0.2836983360003682
5901	-5.1816734024268118e-05	0	0.032566600641901582	0.22624711257221869
5902	-5.6089014834773131e-05	0	0.0031118006269781561	-0.10835705295259186
5903	0	0	0.01262388303015006	0.11510401089854545
5904	0	0	0.025278476054804277	0.21149893954047605
5905	-0.00012478096761467939	0	0.016099688396037676	-0.045938990633935396
5906	-7.857860640617387e-05	0	0.015253587858018761	0.12406817461226952
5907	-4.3019130499999393e-05	0	0.026045872734702935	0.22263221135775307
5908	0	0	0.011790677656200102	0.018786314016796951
5909	-6.5128755058396765e-05	0	0.028646106131702986	0.17993662175285224
5910	-9.3544379536930622e-05	0	0.02450015355900801	0.15957100588649747
5911	0	0	0.019440020247798121	0.23319936431443455
5912	-8.9596907211131333e-05	0	0.020159853537077208	0.1233287170612147
5913	-5.9842537606735748e-05	0	0.016780410496799077	0.24022627808462088
5914	-5.5026199502275497e-05	0	0.021292110656463234	-0.05570693916224926
5915	-0.00016418356106513986	0	0.024806633978523042	0.32200841898311661
5916	-0.00011799121973696258	0	0.022797924364457156	0.18838138578318767
5917	-8.8468815072639814e-05	0	0.013360615597962358	0.036941399940381411
5918	-0.00021357175830751806	0	0.020742562520563512	0.16790709464533257
5919	-5.5839202899565786e-05	0	0.021527761602933203	0.10426201632291772
5920	-4.9671188135380626e-05	0	0.02158314348032226	0.14475894885517332
5921	-4.2714579810421148e-07	0	0.024533227785932508	0.19477275124740823
5922	-2.8144408527680519e-05	0	0.011066741650477274	0.02072973065413113
5923	0	0	0.011345395796759625	0.25371252176595166
5924	-0.00010001799042779203	0	0.021453501929071379	0.10655594030001563
5925	0	0	0.028866031494683409	0.25148650348738011
5926	-0.0001649816686374872	0	0.019725397226492299	0.17224480205415912
5927	-5.2361183313964779e-05	0	0.022308906233266774	0.30694231297905716
5928	-0.00013981962121801806	0	0.017969398404792111	0.23721928672898301
5929	-0.00018272024626071471	0	0.012568323820803787	0.21205360557261402
5930	-3.1632598691044844e-05	0	0.016128756492758987	0.16409884709589589
5931	-3.8985998891960528e-07	0	0.028468963419243532	0.28420300414315969
5932	-3.0776183306963079e-05	0	0.012822271365776553	-0.0010760619341935202
5933	-8.3153759203441482e-05	0	0.026100934399712762	0.34598754406334142
5934	-9.0380343649021361e-05	0	0.022985161832388298	0.079596089916442056
5935	-8.0687838234067005e-05	0	0.025239178158697983	0.093460995053520041
5936	-0.00013992859585096885	0	0.023775240646825513	0.34205589744719306
5937	-4.6273940102548036e-05	0	0.026334099211919666	0.11312239463093576
5938	0	0	0.010195500660240114	0.094537651483018473
5939	0	0	0.0061731546422214619	0.0033768668206939161
5940	-5.4500415997016385e-05	0	0.03029779220611236	0.19789473924771117
5941	-6.4857600498119389e-05	0	0.0080991103878003071	0.060087729648152163
5942	-0.00015441151366378801	0	0.033474564219802952	0.33813492155793173
5943	-0.00012314061790686949	0	0.028753284779002221	0.23806274351030038
5944	0	0	0.015443582540963971	0.25956058222953748
5945	-3.1779049110042254e-05	0	0.024705646070523352	0.40054372065921601
5946	0	0	0.014267065937426857	0.15422297993098319
5947	-1.6802274956789764e-05	0	0.024369833232996411	0.19444178134503401
5948	-5.0073713128817587e-05	0	0.02725426100624969	0.36469296272874385
5949	-4.4502716841332558e-05	0	0.028925702623658421	0.23282906267196082
5950	-0.00016627444052301764	0	0.028410146220838439	0.26335503991528408
5951	0	0	0.015405707210071737	0.06071448396955563
5952	-4.8543071833415111e-05	0	0.021923752478073537	0.050118779421904111
5953	-9.4924745593516493e-05	0	0.018529142975033878	0.16866322679197601
5954	0	0	0.015526023822681242	0.20407013165165924
5955	-0.00012463130487738727	0	0.028895319468443915	0.41609581594726885
5956	-0.00013585136746237513	0	0.024417827209903591	0.32391019026766399
5957	-8.4496033241043827e-05	0	0.014468549595768493	0.12045311917702042
5958	0	0	0.012815725478695328	0.12300107299939123
5959	-6.7227511562073512e-07	0	0.010527670676371292	0.11263919048754452
5960	0	0	0.0154421840935977	0.25599807491735943
5961	-0.00011356126711892789	0	0.020740432125505078	0.3528963815631157
5962	-1.6634439558838032e-05	0	0.012048759043789345	0.12163879359557099
5963	-8.7373000799695344e-05	0	0.0060042273938544447	-0.079155390339940027
5964	0	0	0.014639655897249184	0.35239392211020726
5965	-0.00016465500395710931	0	0.019629768571137633	0.18160251808598585
5966	0	0	0.0250677087288666	0.10762454417076731
5967	0	0	0.013588092374286567	0.14255172682619716
5968	0	0	0.023884304363586319	0.32335449407151773
5969	0	0	0.015938209110188565	0.027762134022079842
5970	0	0	0.033469378728973785	0.29545130878342152
5971	-6.9017448341507359e-05	0	0.04068448562969959	0.39164761822994032
5972	-0.00010092205056417835	0	0.026350249923039581	0.22708806322040828
5973	0	0	0.021394877171989159	0.23662487460454834
5974	-0.00016241386071101925	0	0.02709267444550293	0.33882261199132302
5975	-1.5012948514203651e-05	0	0.017220392424226828	0.16771826540639476
5976	-5.3332322838683945e-05	0	0.017782839525073452	0.32146199167099587
5977	-9.3063805185494844e-05	0	0.025712433565541908	0.22179705321929738
5978	0	0	0.0060564172596872549	0.0039965902491746474
5979	-6.5770593821001813e-05	0	0.017309568286827427	0.27627682837681294
5980	-8.7322580628090843e-05	0	0.025918743396568421	0.3369394008213642
5981	-1.7606348369714197e-05	0	0.032802308883428832	0.3084028457151391
5982	-0.00014636284350428297	0	0.020141188774699011	0.1137916705854896
5983	-0.00018282866768656313	0	0.024176262240026787	0.27252438328406964
5984	0	0	0.0074463791573309039	-0.11935756261012806
5985	-1.7077186874886462e-05	0	0.017215653003035094	0.1972069811852751
5986	0	0	0.01008766436040485	0.25729676901697413
5987	-1.3993211811141881e-05	0	0.018999444505116897	0.017786162382352123
5988	-6.2424601942401289e-05	0	0.010668178680159502	0.078095707605993797
5989	-0.0001061789626929155	0	0.022428675665536007	0.40441560413413447
5990	-0.00010408036263899189	0	0.016866078999514214	0.26913750045805312
5991	-0.00017229056886133577	0	0.02202792427580311	0.28434709607983588
5992	-2.6357205978877474e-07	0	0.018176355360449408	0.12680579581992504
5993	0	0	0.013788439890772225	0.31837522922763506
5994	0	0	0.0037035697780175765	0.011417319323313153
5995	0	0	0.010268774279195259	0.022949938892489995
5996	-7.8042776388753671e-05	0	0.010848741012837041	0.10959942463557473
5997	-3.3384835128580369e-05	0	0.013030696123722466	0.24158638995405446
5998	0	0	0.0097504730415161646	0.16505356081628994
5999	0	0	0.0074293907991261092	-0.0022166812895754924
6000	0	0	0.01024547827998161	0.023997475339438367
6001	-0.00012763044030955628	0	0.02826737398600563	0.30981893848730913
6002	-5.6146353832381425e-05	0	0.019840288582160727	0.27504616916885749
6003	-1.4012099430776859e-05	0	0.018339425265536315	0.2217466977420845
6004	0	0	0.012696973725056368	0.16860961209114889
6005	0	0	0.012774752069219162	0.17890057938402643
6006	-5.6841914977434625e-05	0	0.023274269098909964	0.052623320182660381
6007	-5.5960881666611287e-05	0	0.017281920622999526	0.15418209482644465
6008	-5.1124917452655128e-05	0	0.015715884522589759	0.17042938500885932
6009	-0.00012798561366582638	0	0.014706269566900821	0.14891083848042261
6010	-9.8981640550133138e-05	0	0.016720362477684155	0.021775796908216304
6011	0	0	0.016746332497410598	0.24202186009155877
6012	-8.7404413819769378e-05	0	0.019911004413098492	0.22107451761726526
6013	0	0	0.012244602517217091	0.11021690105184245
6014	0	0	0.016537804241964146	0.11977252907018332
6015	0	0	0.01765227653212777	0.079389716861366588
6016	-0.00012881769028413038	0	0.018010775829259563	0.12568793437401463
6017	0	0	0.013420149856869687	-0.21447457571023221
6018	-9.7143842681213235e-05	0	0.023792646226403202	0.232745820396875
6019	-2.5561574148663669e-05	0	0.024445648161744996	0.32009653357225148
6020	0	0	0.011987446098038899	0.1047497813761145
6021	-3.191763672831249e-05	0	0.029417024748804747	0.33777830487142912
6022	-4.7654246017980742e-05	0	0.032763282186310957	0.29590811514228754
6023	0	0	0.018105748575653384	0.2016704490277515
6024	-0.00010555328439414979	0	0.025019429092889799	0.35274755665080693
6025	-5.079617198873454e-05	0	0.0099923256229997644	-0.0036554843621780407
6026	-4.9809045473253598e-05	0	0.027759536713988009	0.27665486213637969
6027	-3.8221407068772528e-05	0	0.0327739919621933	0.19472323382457266
6028	0	0	0.017999019985145727	0.11399244955199898
6029	-9.1373772501374129e-05	0	0.022704755282922647	0.24230487881797921
6030	-7.6452162069545751e-05	0	0.028522047572072294	0.2962098264334016
6031	0	0	0.011177647550033972	0.16426376891568123
6032	-2.7559862139997503e-05	0	0.012440243518922095	0.045672352997850253
6033	-6.1891735958097274e-05	0	0.024145841664677758	0.16803958138967715
6034	-7.4296153767605672e-05	0	0.029312090692801572	0.29241921490723449
6035	-9.6543611734267734e-05	0	0.019955321398626442	0.051636198112674406
6036	0	0	0.017336523420665127	0.12671652396741767
6037	-3.9070174080457762e-05	0	0.0194624947736435	0.34772283531255688
6038	0	0	0.0095073069001115167	0.15048865361465019
6039	-5.0622639312569719e-05	0	0.032308246255411066	0.28523514895576002
6040	0	0	0.028984217062405043	0.36069658163862778
6041	-9.1927611966979847e-05	0	0.0090908978565917564	0.098475258542924202
6042	-7.5829220453921267e-05	0	0.027452719787016366	0.31010580773606544
6043	-7.1658618683972947e-05	0	0.02161674001750492	0.23143093026404479
6044	-5.2035325427224331e-05	0	0.017787876988951477	0.33934133303987518
6045	0	0	0.029627662334270232	0.29506488366236561
6046	-5.2035348703333148e-05	0	0.014317799736405895	0.16083048846142076
6047	-0.00011332928505849993	0	0.020970886863655246	0.12972231578222243
6048	0	0	0.0073438560355271378	0.08607483553801866
6049	0	0	0.024607828009322978	0.27993036844942415
6050	-0.00012591951370352628	0	0.028806652531542375	0.15320221115812388
6051	-2.158649243285682e-05	0	0.013579761094634501	0.038061319862550014
6052	0	0	0.012941875895084939	0.10502713657188933
6053	-5.3341516417326765e-05	0	0.013528727956449202	0.15130776888765327
6054	0	0	0.012124385905976828	-0.11064910818551592
6055	-4.5375562560284745e-05	0	0.013532106722739374	0.11807046044755506
6056	-8.7777430228114239e-05	0	0.022593136600800666	0.25905549878964107
6057	-5.4376457974059103e-05	0	0.012277829106311028	0.18541694307543258
6058	0	0	0.022291330839211289	0.21891488812563811
6059	0	0	0.016977543293902771	0.32476259757629283
6060	0	0	0.012984813553732525	0.076674104224817421
6061	0	0	0.009797836421679848	0.030603034223105653
6062	-0.00019132280445898763	0	0.026544276230137366	0.37971314820525554
6063	0	0	0.023861843659342422	0.17190353473188602
6064	0	0	0.01865503562532227	0.0019644735224481958
6065	0	0	0.028983584308867306	0.4830938911948407
6066	0	0	0.016356329887508913	0.19943579791836219
6067	-2.5730132781720538e-05	0	0.014637548352152866	0.26768033233460503
6068	0	0	0.01832069341628342	0.21592353733968439
6069	0	0	0.032739941569512668	0.41230460823549808
6070	-1.8974192288745417e-05	0	0.007141756496933313	-0.028601194905645944
6071	-3.3832974361511224e-05	0	0.024603810138649665	0.097352960761469917
6072	-8.0360324794048749e-05	0	0.026394201198875818	0.4048783061556529
6073	0	0	0.020628861829583619	0.20662390709096279
6074	-5.3417869535393735e-05	0	0.025168165421133259	0.24574213336176931
6075	-8.0586432679707889e-05	0	0.022760727233982394	0.22371649538329308
6076	-6.2221405985357636e-05	0	0.017137023870984432	0.08052451040030606
6077	-0.00012677669665343562	0	0.025085395413112721	0.086531098377894106
6078	-6.3223207800722218e-07	0	0.014698976352921032	0.022023774665775254
6079	-8.4575644689310897e-05	0	0.019824293924589641	0.2558539074148552
6080	0	0	0.014108555934133288	0.31048118542607567
6081	0	0	0.016082463332011132	0.34578243845056023
6082	0	0	0.018414583557046775	0.12607324059953018
6083	0	0	0.022305162478911861	0.25357446680963586
6084	0	0	0.017005744688567033	0.095378556248778792
6085	-8.736570305190039e-05	0	0.028542330252651786	0.35908479757648576
6086	0	0	0.0089083266990487488	0.011127913574135739
6087	-5.4583573418337528e-05	0	0.010514574922644715	-0.00080005055446442095
6088	0	0	0.012290344362379479	-0.088480803529466315
6089	-6.0231042166003504e-05	0	0.013006811534918667	-0.011700177361067409
6090	0	0	0.022608076159051815	0.37343297873116482
6091	0	0	0.021222476881426023	0.079078105509713587
6092	0	0	0.020845734610860672	0.22431978892857588
6093	-7.8651928381578973e-05	0	0.026178380874198947	0.35218361147182603
6094	-2.6075312857065656e-05	0	0.020233924328189112	0.20476304925710204
6095	-0.00010135894554220149	0	0.031145402846251669	0.29724489617204081
6096	-1.6501251983896958e-05	0	0.02046534964481839	0.19646038836480631
6097	-6.4161945626936562e-05	0	0.013441612067227413	0.19457291438871022
6098	-9.2196161694968473e-05	0	0.02748342480991529	0.27833479791137866
6099	-5.5056621133242614e-05	0	0.023274956869264	0.20793324472582456
6100	-0.0001020676943990384	0	0.011724531314632844	-0.0018392787874202412
6101	-2.2314439211640334e-05	0	0.013486309882700281	-0.10122172677757042
6102	-7.9834208513190894e-05	0	0.036686548593082693	0.30101161780732272
6103	0	0	0.010359273509746253	0.10579895143076638
6104	0	0	0.016012551782867201	0.038954766096380294
6105	-9.1426707057817855e-05	0	0.019859458352015743	0.17025084772636603
6106	-3.9923847993766912e-05	0	0.020706685765708853	0.15467413790945841
6107	-7.6972966779609298e-05	0	0.02520956358844386	0.21398961722260931
6108	0	0	0.0033967385126566331	0.022917833901398666
6109	-7.3619802525193287e-05	0	0.030188047678858958	0.31201529657927518
6110	-8.3661690750636009e-05	0	0.0135274411225936	0.24638488578406506
6111	-4.6754097963114251e-05	0	0.02192477069745586	0.23820165562124593
6112	-0.00014404601262624773	0	0.030771271357712199	0.28349239932252401
6113	-2.0883310301200721e-06	0	0.025858025213239665	0.34098714843930372
6114	-3.9461564011378238e-05	0	0.022961552367350212	0.20154521512406057
6115	-3.9301775676936489e-05	0	0.019695687392138332	0.12289071212676841
6116	-6.7725087937176018e-07	0	0.021291200183425431	0.23730402963724564
6117	-0.00010287872534209819	0	0.028080508093793376	0.34020857080168332
6118	-0.00019902773713591503	0	0.02718744243839661	0.27543111085707767
6119	-2.0062823074867843e-05	0	0.016547578097081968	0.17886194697131211
6120	0	0	0.0087138286441715597	0.25132328954425437
6121	-9.054819392024793e-05	0	0.02322820759808859	0.31241599644268775
6122	-5.7101574809600987e-05	0	0.013673810268460238	0.23234434498504183
6123	0	0	0.028606675040891871	0.20156964841820496
6124	-0.00013197210005367333	0	0.031836069170625626	0.21102623014240018
6125	-0.00010628048153979441	0	0.030433366772738168	0.47029023295116001
6126	0	0	0.015064692091483315	0.060738087952071397
6127	0	0	0.019329546045144176	0.13680727256769903
6128	-0.00012204018865806799	0	0.019636839987347152	0.20904786166546208
6129	-6.2998348927018053e-05	0	0.030112385028414335	0.42177634396094366
6130	0	0	0.019501048657274485	0.14591332273396745
6131	-7.6567663983412307e-05	0	0.028382086260508595	0.30150534684042507
6132	0	0	0.015276256634784529	0.24598826926177289
6133	-5.890201931935679e-05	0	0.021034850193657952	0.20761453409287575
6134	-0.00016705443792127683	0	0.026590252422190919	0.31004438958547093
6135	-0.00018862457375773967	0	0.034341394210795614	0.38377621353467894
6136	-6.5318747431647445e-05	0	0.014272461161624922	0.11844097312058958
6137	0	0	0.015278604385357645	0.1498233610982391
6138	-2.8714359355963558e-05	0	0.01727840924610078	0.22322684589037589
6139	-1.2204100200252644e-06	0	0.016235037319421615	-0.04315891270647406
6140	-1.2954608901277754e-05	0	0.0088747902502044531	0.2233073361905033
6141	-0.00014286671372576998	0	0.02278849037813575	0.21802601189590379
6142	-5.2094192045853971e-05	0	0.012832125516930396	0.12168840045699152
6143	-9.8552114147371081e-05	0	0.028639445722618284	0.30437379971786788
6144	-0.00011544386938043271	0	0.030001754637063859	0.2285072318696777
6145	-3.3017126368634075e-05	0	0.030121540805554493	0.37094853846221798
6146	-3.2907675670873494e-05	0	0.025428581149589801	0.24304078018958308
6147	-9.234705097458385e-05	0	0.024713838314883149	0.084390606521321937
6148	-2.6506446713286946e-05	0	0.015378458088845071	0.073452522842632859
6149	-1.661181626447794e-05	0	0.012940151170628472	0.22494412329131416
6150	0	0	0.018450708459973174	0.10971186331090081
6151	-3.5141983890885073e-05	0	0.015031825205343047	0.19219891745388165
6152	-3.6208341916421638e-07	0	0.010906519063350861	0.16137461247722029
6153	0	0	0.018105969564167178	0.16101836481895729
6154	-4.1767716349466746e-05	0	0.024245118362496276	0.26454994084750705
6155	0	0	0.013876119067563957	0.26575028116817273
6156	0	0	0.01126906280951801	0.12962009178288986
6157	-8.0770422730014338e-05	0	0.022302514396424469	0.35525062783074346
6158	-3.8909131457276477e-05	0	0.015696924698048488	0.35061194501778015
6159	-0.00010945156147265656	0	0.017222552129486816	0.18112368650503347
6160	-4.5243513026810291e-05	0	0.021272361711781533	0.064032826103598256
6161	-0.00027980315307712668	0	0.016957967219202126	0.12816850047372491
6162	-9.4890375854905787e-05	0	0.020034479897906667	0.023867248251187672
6163	-5.2435671593442644e-05	0	0.023467652594554918	0.30314743901558089
6164	0	0	0.018087944965350926	0.174728493507745
6165	-1.7986820819820838e-05	0	0.013453709955793838	0.090389244507786848
6166	0	0	0.027960066540703599	0.23804437923188898
6167	-8.8075253428243623e-07	0	0.015737453067513833	0.085842040712122744
6168	-1.7003012571964458e-05	0	0.01772890980297908	0.22209458687084965
6169	-4.7164294215973346e-05	0	0.017890454435757534	0.18039355363800799
6170	-0.00013441965034945435	0	0.025518071052875024	0.26762581622902815
6171	-3.1043867866037411e-05	0	0.020761572872517533	-0.039263671558995836
6172	-1.6615554538210174e-05	0	0.028714798396513218	0.32259195825817005
6173	0	0	0.00020569180113181039	-0.010173468835901501
6174	-3.7874483960198546e-07	0	0.018078510966346974	0.110244501360974
6175	-0.0001064311027247855	0	0.017976848836716429	0.081177349161279111
6176	-5.4350919598294967e-05	0	0.021943870548146022	0.14186075682293783
6177	-0.00014144900688757843	0	0.031356007033157454	0.34685695206507566
6178	-1.9209355534638427e-05	0	0.012035904277831227	-0.033904154659699051
6179	-0.00010560783989986833	0	0.027795038310803412	0.2858275255608641
6180	-9.4140677446341581e-05	0	0.014962440110137986	0.083419516861796467
6181	0	0	0.02511201384983399	0.079740970177069256
6182	0	0	0.0060651615221851054	0.16030582735117763
6183	-1.8197325716795554e-05	0	0.015974527939721445	0.21858050179180108
6184	-5.1565992758934032e-05	0	0.021937058598901382	0.24661758007098392
6185	-3.359709822896573e-05	0	0.029721322797870757	0.37008912754527346
6186	0	0	0.020573744908328993	0.28341616022917748
6187	-8.0448374963032479e-05	0	0.019502509823736643	0.02794172783608288
6188	-4.9482172362541596e-05	0	0.012023788024808666	0.2384802496673884
6189	-7.5533840874703048e-05	0	0.020852336750026606	0.26281927198963762
6190	0	0	0.021356668319571885	0.34612908290278355
6191	0	0	0.013524781539966182	-0.0019087843866658516
6192	0	0	0.025299506860721976	0.20597803126140532
6193	-6.1382473469617777e-05	0	0.01276781400017037	0.19786921428536594
6194	-5.7004865652854342e-07	0	0.021874915054531575	0.25622944031083794
6195	0	0	0.015689993768197456	0.18443924940833345
6196	-7.7184243495453937e-07	0	0.022963360342673801	0.12546129157728506
6197	0	0	0.015658620376802126	0.26716586461067721
6198	-0.00019695607879043341	0	0.024102324418425324	0.21105539503632822
6199	-8.0206939416371798e-05	0	0.022656012193731014	0.21107643040696183
6200	-6.9495726985885348e-05	0	0.021375963961013187	0.29556705585111648
6201	-4.0284631800346912e-05	0	0.026259309397141172	0.31735748990070056
6202	-1.8567307081268637e-05	0	0.013509213386839886	0.23140186253893108
6203	-6.7573347624211302e-05	0	0.030983602845593965	0.23609210938723418
6204	0	0	0.02051507017529472	0.26121556063491452
6205	-8.1220949732058173e-05	0	0.030162758562060188	0.35837709876709772
6206	-5.0179949927481315e-05	0	0.031839779936785308	0.26243453527163485
6207	-2.6470228741315439e-05	0	0.01456976305000982	0.1836751182457356
6208	-0.00011989335330737095	0	0.024945620390876302	0.1517035929522941
6209	0	0	0.015206872738660508	0.2954998266999237
6210	-6.3649188924985722e-07	0	0.035844037663483423	0.38415678829129096
6211	0	0	0.020026993087456549	0.14943134223733315
6212	0	0	0.026227451130634349	0.18811017966006188
6213	-6.1487272826998843e-05	0	0.017366302693740943	0.18397448385198281
6214	-7.5906882278681254e-05	0	0.02620526408370577	0.10477672627166154
6215	-6.0543706884105822e-05	0	0.025032739355699142	0.17392197688276281
6216	-0.00013018020834750231	0	0.026928398230975897	0.37008377365907685
6217	0	0	0.017445498184806816	0.23880201946234578
6218	-2.3912310143686667e-05	0	0.014684447409525358	0.14687981410830811
6219	0	0	0.02068617781429171	0.48273320217520588
6220	0	0	0.028942496544855291	0.31048593261739388
6221	-2.0396853959459006e-05	0	0.015744739636545848	0.095726388432023829
6222	-0.0001145040509147377	0	0.019381318886040524	0.2027818169650816
6223	0	0	0.022292428189438662	0.068494030139850073
6224	0	0	0.019413042910007876	0.24465581763084998
6225	0	0	0.038680669261846608	0.37633800572309617
6226	-7.1409888918982917e-05	0	0.016299037124043882	0.016532897337993586
6227	-7.2094721041970895e-07	0	0.029681549766988814	0.42828712172093031
6228	-0.00012436529379268867	0	0.023619578951998094	0.19339282767213173
6229	-0.00018419318044398113	0	0.01376937057796512	0.054107094945603507
6230	0	0	0.011128387173039716	0.37365277875005948
6231	-0.00014373996018525735	0	0.017105931797634651	0.066363812161424021
6232	-4.4301309103009222e-05	0	0.017634572609767477	-0.13042268074939661
6233	-8.4602911984560381e-05	0	0.025433975498936556	0.29427543347655327
6234	-6.611156316703726e-05	0	0.020798631866847821	0.10595141013349267
6235	-4.7538081622439111e-05	0	0.024668931236053189	0.34480033669386112
6236	0	0	0.017929600432397868	0.23866915331728245
6237	-6.9163059770155352e-05	0	0.029689791999252813	0.36542443365162242
6238	-4.5776296381250248e-07	0	0.012870898944725522	0.12772843706083994
6239	-9.4805293746796917e-05	0	0.025118354924366315	0.31336664881703863
6240	0	0	0.018798405937855443	0.066893065238797497
6241	-3.9269359792618028e-05	0	0.013340063918479051	0.088761697973114312
6242	-6.3943782184355813e-05	0	0.013940730848502994	0.1249083345955186
6243	-7.799732085468358e-05	0	0.021065168398368687	0.071995176109162146
6244	-8.6578561727018724e-05	0	0.019369165041944327	0.11513667366882308
6245	0	0	0.010434685650736788	0.15079199893732334
6246	-8.2161159300092596e-05	0	0.021146149765355816	0.12582352117558759
6247	0	0	0.0080305927646563725	-0.098152718071884609
6248	0	0	0.010841582273011172	0.017063380315715738
6249	0	0	0.0065075795136556262	0.087468870214772523
6250	-7.6029777544189828e-05	0	0.031925736327879185	0.37933672860440198
6251	0	0	0.010697930854361867	0.093342215171122761
6252	0	0	0.015070478860709235	0.20568296193577193
6253	0	0	0.014409267512516546	0.23154825556873102
6254	-3.5229783312168415e-05	0	0.012317432025194752	0.11597645894019762
6255	0	0	0.012360473955659276	0.021738095767238987
6256	-0.00011826221182598129	0	0.022726817318355942	0.19972996916731911
6257	0	0	0.021169403267692524	0.044255498433948139
6258	0	0	0.03062635642552014	0.26875718675761467
6259	-0.00018948178195684617	0	0.032816405077386292	0.39767744060089877
6260	-4.3555670801442847e-05	0	0.023374975051518941	0.11254243057737856
6261	0	0	0.01118398277612433	0.27681282209659186
6262	-7.5386575096064723e-05	0	0.025026201831085872	0.31646925319050712
6263	-2.6627263393580459e-05	0	0.023292903220327101	0.072349060859164732
6264	0	0	0.011531751070961821	0.10157350066432494
6265	-3.6540364810383473e-05	0	0.031414665758112012	0.25282759241145575
6266	-0.00011296784215027445	0	0.025958017369781049	0.28767789565328999
6267	-2.6021599811953954e-05	0	0.022269332694008402	0.23666031408410104
6268	-3.914347125593132e-05	0	0.029393937019766791	0.395171695786037
6269	-9.5990742878887536e-05	0	0.032036420363652042	0.25672869447425206
6270	0	0	0.020748617308199345	0.10463247901027344
6271	-7.4757213323622956e-05	0	0.011816489855858824	0.19908638341756194
6272	0	0	0.0099547494573974851	0.33208440881821144
6273	-8.9389406283818526e-05	0	0.017783633457404462	0.13449287361020223
6274	0	0	0.026270077151464864	0.22360379918269541
6275	0	0	0.015594848997827895	0.1566088560252657
6276	-5.0598415269265121e-05	0	0.021120654672702657	0.17489879257935717
6277	0	0	0.012220074376463358	0.28361514260576354
6278	0	0	0.019753764788452765	0.17685752667872637
6279	0	0	0.015393659253911063	0.13227726768106457
6280	0	0	0.014247024402503411	0.25559340287329102
6281	-4.9078499130511546e-05	0	0.026598531717497022	0.29514992957534025
6282	0	0	0.012151705842831062	0.28292032571083292
6283	0	0	0.027026878696955116	0.29209723927121944
6284	-0.00012748811447506613	0	0.026231753066080367	0.12919165955149739
6285	0	0	0.023454901148266528	0.27256831119553265
6286	-3.952461060496293e-05	0	0.025865690272139818	0.23528163433885338
6287	-2.4130093064422821e-05	0	0.02330014850275957	0.20874265478271439
6288	0	0	0.022737415450782485	-0.041690174791450055
6289	0	0	0.016597683237691195	0.28078259931625016
6290	-4.8270865128657857e-05	0	0.018236004828494162	0.27154975360865186
6291	0	0	0.026235196750908941	0.39461169980968458
6292	-4.3940925720281629e-05	0	0.023554935178855412	0.26326225065263542
6293	-6.820210307354469e-05	0	0.020247799353122396	0.35813389952345503
6294	0	0	0.034867516034595016	0.29430730346542855
6295	-5.3105664045466347e-05	0	0.018966943017222071	0.29692734667536874
6296	-0.00013045457034919773	0	0.015854982082918741	0.21559843362647751
6297	0	0	0.016921939428189935	0.048711627885865562
6298	-3.8051625239665657e-05	0	0.017242391483869659	0.17265212582514416
6299	0	0	0.029708705790760535	0.36721878555098142
6300	-1.8789903578120271e-05	0	0.01209556035296879	0.093854739581649207
6301	-7.5231927721697287e-05	0	0.02123919864493139	0.051415612690572134
6302	-8.0705871846470378e-05	0	0.022283284087799608	0.16064441212439942
6303	-2.9570499019826447e-05	0	0.019277720871785507	0.034945772694269503
6304	0	0	0.018170456904740537	0.15615428561243444
6305	0	0	0.011674819138564867	0.12111938844924253
6306	0	0	0.019619467166324314	0.25222396523252677
6307	-3.9846193692349987e-07	0	0.026779595959253444	0.19471685193942762
6308	-3.2747726922410794e-07	0	0.026777912179294872	0.10290829673532742
6309	0	0	0.028050598095171679	0.25601341624215046
6310	0	0	0.0025212350581692356	0.1243302658292523
6311	-0.00017544234572539619	0	0.01800042773855003	0.21583815108095972
6312	-5.4965610501206405e-05	0	0.017593732805673643	0.15161054776959615
6313	-8.5124913778672487e-05	0	0.025569387590970299	0.39278058465120952
6314	-9.9009267219102301e-05	0	0.031987288103981507	0.28065027547636012
6315	0	0	0.0079643842896843266	0.087442091400716959
6316	-8.9252961222965893e-05	0	0.017351093589359927	0.17385068864995198
6317	0	0	0.026185904311952241	0.36562944634466221
6318	-1.8468595280080047e-05	0	0.01475288277178104	0.016809092949014823
6319	-5.027030668353083e-05	0	0.013059910150698717	0.19821124659463479
6320	-0.00013839026107561047	0	0.02377158737797002	0.042977686608561647
6321	-2.9788968781163662e-05	0	0.016119590383066096	0.018599667342751112
6322	-5.3418211530131819e-05	0	0.015151252335634543	0.25614409129328186
6323	0	0	0.013389713231500563	0.080212915477770402
6324	-1.905492021103683e-05	0	0.019383696760229947	0.32853985499718102
6325	0	0	0.014612745881018283	0.19860252874184736
6326	-0.0001161799403649938	0	0.030306164075844792	0.28256687163363609
6327	-2.658196892076914e-05	0	0.029834233019582101	0.26768471798935312
6328	-7.0936345365399392e-05	0	0.015686280762770663	0.051111153874527214
6329	-6.2433471644901537e-05	0	0.029149504623874868	0.37080041785959683
6330	0	0	0.0028240394260020452	0.001635374570949391
6331	-2.3186976163636074e-05	0	0.015915065397633411	0.22020295024378397
6332	-5.8335495358829981e-05	0	0.014256146971334382	-0.14853952117425978
6333	0	0	0.014820677041053675	0.21921927299803215
6334	-7.5911612063006559e-05	0	0.027749611651051186	0.31961304862033685
6335	0	0	0.012799190255115122	-0.063394872893953624
6336	-8.0048676045241235e-05	0	0.025483790653060744	0.31025460800644117
6337	-7.4631012377629477e-05	0	0.016698580554625829	0.032001682891973006
6338	-0.00023542211548250314	0	0.034997856462350672	0.29859048430432467
6339	-0.00019723499444818104	0	0.024004163378218396	0.24488935976594575
6340	-0.00016302647596359854	0	0.028948967427764184	0.12177774150027618
6341	-8.6839422324191948e-05	0	0.028545235760045057	0.4136116315775144
6342	-6.7894864354953183e-05	0	0.027288005608293319	0.3126305082398233
6343	-4.6738513361560542e-05	0	0.013510957763379197	0.14497848098703001
6344	-6.4734283068695891e-05	0	0.019295797538880697	-0.12286958081016361
6345	-0.00016548423570102999	0	0.021405083002026704	0.13591606306531606
6346	-0.00013279860648497953	0	0.02389080643903262	0.23742138159502243
6347	-0.0001210734157951282	0	0.01153166392406825	0.12277993856723009
6348	-0.00011358662735087565	0	0.031083051535954143	0.45950097031976311
6349	0	0	0.015467392624156626	0.27555098522048421
6350	0	0	0.018342838886039416	0.21597779382104507
6351	-3.6604105852428016e-05	0	0.011495754539433392	-0.042320109285763963
6352	-5.4462594595039439e-05	0	0.020223312525441451	0.24660775512952765
6353	0	0	0.016288106732245497	0.20315432251774004
6354	0	0	0.011551889828152636	-0.00092565024597447416
6355	0	0	0.016637009991333041	0.1521738904838387
6356	-2.9893761750637848e-05	0	0.013045618314058677	0.132926551457593
6357	0	0	0.016687440798971769	0.13881364591908238
6358	0	0	0.016482264779423564	0.25711539996951815
6359	-7.1940364397043985e-05	0	0.034494774858158501	0.44542820210001582
6360	-3.5423743753032479e-05	0	0.020785345063015711	0.22792578166248614
6361	-1.9357143795084575e-05	0	0.013924295960253181	0.040505505884585451
6362	0	0	0.020366686522857332	0.1405313074455902
6363	-0.00020803656509886802	0	0.032016299937450268	0.17828669973763109
6364	0	0	0.017914618668090028	0.15664985946323301
6365	0	0	0.017071393879835185	0.31651800277750364
6366	-6.0588350248153014e-05	0	0.017309816375174859	0.359459651660058
6367	-4.1972055279285161e-05	0	0.015926143141698275	0.10447038320646822
6368	-0.00016699760774804839	0	0.018364047509694406	0.20094686856251101
6369	-4.3361431955074581e-05	0	0.019362304282362026	0.45133676272572121
6370	0	0	0.028115416335232856	0.28858896805938006
6371	0	0	0.012253168514882956	0.0026503322985891296
6372	0	0	0.026538756662010988	0.42110324638400859
6373	-5.5025579559708773e-05	0	0.027767422269381403	0.27040550222373089
6374	-0.00011792073979643435	0	0.020502235613543102	0.060787462863557927
6375	-4.0098786087922059e-05	0	0.0091841290596986255	0.12308881735413443
6376	-1.5120957487846365e-05	0	0.010644159594696995	0.15921774984609227
6377	-9.9040859187071723e-05	0	0.024066663630471146	0.20444401174638838
6378	0	0	0.013570693281504542	0.18436414111421787
6379	0	0	0.019716915858000311	0.14294864362646487
6380	-2.1825675369838148e-05	0	0.011345229825982097	-0.027495400166359086
6381	-5.5237567042160093e-05	0	0.022817306341225523	0.22923528313317304
6382	-0.00013807363887886616	0	0.035953335748531101	0.22089356666000715
6383	-7.2035221884297893e-05	0	0.017437046465100147	0.21024189903652593
6384	-3.5130031469915443e-05	0	0.0082143964026409021	-0.20551252318297628
6385	0	0	0.031472088237237142	0.45664112884939678
6386	-6.0892469586881769e-05	0	0.023924253415160572	0.16145799498832178
6387	-0.00015049260090290728	0	0.01757860859683855	0.017844946749684475
6388	-6.2742322655484623e-05	0	0.015523936099320452	0.12505668498338315
6389	-2.7988470018869281e-05	0	0.0097639936477220777	0.1375080816168695
6390	-6.982381523429893e-05	0	0.026607427061313093	0.32968185576512593
6391	-5.5292845397025833e-05	0	0.027915791594933032	0.12652071632672382
6392	0	0	0.02326264259223253	0.39502636944825209
6393	-4.9130987200307617e-05	0	0.021536323892813437	0.1699361299255111
6394	0	0	0.012436487127069948	0.064611666627949454
6395	0	0	0.02419364768798837	0.13088586832639026
6396	-0.00014860286076791296	0	0.025210701858464756	0.1793399731754505
6397	-0.00017486711616312433	0	0.02678431584392138	0.23666635485246773
6398	0	0	0.0062057491453074796	-0.10201557794742229
6399	-4.3579083483785698e-05	0	0.024000984308108316	0.19154395278453293
6400	-0.00021495186073808292	0	0.022018738663719974	0.33768940914408835
6401	-7.9446502125934959e-05	0	0.01472182318242345	0.16471475105334069
6402	-7.6935735374467071e-05	0	0.022048623138035676	0.11937593338762253
6403	-4.6577293524380228e-05	0	0.023512419298358015	0.19725523185477159
6404	-7.4030455958662422e-05	0	0.023972912246885959	0.22977652871000923
6405	-0.00014487307109620207	0	0.028455019207855602	0.23390453012920598
6406	0	0	0.015945261599634268	0.1353033275664231
6407	-3.6142206630424001e-05	0	0.032872632819177933	0.20785157525526349
6408	-7.709140598243514e-05	0	0.013736712474378918	0.25176062687549106
6409	0	0	0.0076492986117955297	0.20846297594033567
6410	-4.6888114019205673e-07	0	0.017815645159352973	0.15744129365646692
6411	0	0	0.016543498361210541	0.069155125856805236
6412	0	0	0.026028278828737362	0.27415236725307113
6413	0	0	0.017401299678489638	0.12521535188669008
6414	-3.4451279464406402e-05	0	0.016252945526390887	0.22676578576632939
6415	-7.3283795430695292e-05	0	0.024362005165212097	0.25770144047707244
6416	0	0	0.0056685282302158524	0.13528740109424267
6417	-1.8832802447887874e-05	0	0.018296012990745243	0.011517470394920858
6418	-6.5263666443138307e-05	0	0.021522906475501053	0.36518666362576147
6419	-7.4968835307009926e-05	0	0.023363387241637092	0.31453029655876408
6420	-2.7485934745868913e-05	0	0.0067974765449094199	-0.17691836789241955
6421	-1.5809428953028615e-05	0	0.012219785394335667	0.094179205462894225
6422	0	0	0.012231819567692042	0.24140076765547339
6423	0	0	0.018197920216479254	0.15473924412210829
6424	0	0	0.01379597362598973	0.34672059526988419
6425	0	0	0.0067443203705102681	0.01817281567557107
6426	0	0	0.019064029884720661	0.20397342514769595
6427	0	0	0.01511931767312275	0.15717037964787645
6428	0	0	0.015468699308141914	0.27282406917516694
6429	0	0	0.02144706843401023	0.34572658420355107
6430	-6.3322832124446118e-05	0	0.0093795824982986723	0.26499485734844264
6431	-7.2424560474176886e-05	0	0.012066312631965549	-0.0037824312156060106
6432	-3.8766309192450608e-05	0	0.022714470234556396	0.13570740463572054
6433	-2.4514822775084655e-05	0	0.015731537277954889	0.20699448903498135
6434	-0.00012061689390690245	0	0.0065398533482760365	-0.00082779172934767105
6435	0	0	0.021564465082894141	0.31334118963920454
6436	0	0	0.019342575372632058	0.31403152661798506
6437	-3.1639632893781802e-05	0	0.018638055979922248	0.35183911830739878
6438	0	0	0.016333180295001675	0.30570819970602658
6439	-1.8280841536183479e-05	0	0.010720925731070155	0.091488265588783091
6440	-8.5260147602794767e-05	0	0.026542006021089491	0.26743861233360045
6441	-0.00010421012891949633	0	0.034640636218499561	0.33597530801228964
6442	0	0	0.025905084996916117	0.063050617937553163
6443	0	0	0.012844283076478447	-0.078164042273572515
6444	-0.00015435523868176371	0	0.02331050560300944	0.068608492043218769
6445	-0.00015154653486027514	0	0.019060633500104382	0.18151925791965301
6446	-0.00027444889505504608	0	0.025477839109372614	0.23334142520169152
6447	-7.4699134601396988e-05	0	0.013247525889741641	0.28361466789255968
6448	-0.00012123042751604473	0	0.02239038182153099	0.15361842365124903
6449	-0.00012405368082645251	0	0.024835395986321607	0.11605987601805849
6450	0	0	0.023252466544150849	0.35988427107040744
6451	-0.00011611507100857399	0	0.018061131639907711	0.14193259572046674
6452	0	0	0.016209434316022855	0.21481254488508728
6453	0	0	0.0078549792560483438	0.34851686869031306
6454	-0.0001132606134792713	0	0.024245607929916993	0.2517348691404262
6455	-8.0600659522600535e-05	0	0.033986610613325779	0.24372469373220129
6456	-1.7743266958836211e-05	0	0.021477611191453323	0.32434580501027205
6457	-2.5630657777236942e-05	0	0.021774199523526237	0.13281356998401431
6458	0	0	0.0092751120288573127	0.29054817472893779
6459	0	0	0.012540732260413346	0.26057883161957784
6460	0	0	0.017147633760438482	0.1861420388871893
6461	-0.00020733899068217098	0	0.013353596469600279	0.082099880791784777
6462	-7.7370602417808915e-05	0	0.020284021089112887	0.016812131305056828
6463	-9.2585420183449729e-05	0	0.038100628359189571	0.37575764904762404
6464	-6.3835719671534458e-05	0	0.018496457442896689	0.31191667971223341
6465	0	0	0.0054012227971140248	-0.0034120508637674129
6466	-3.9723500502653054e-05	0	0.018183424976744897	-0.023188726258223113
6467	0	0	0.022187421125946492	0.38523697820144009
6468	0	0	0.025891888874780444	0.26262941238097942
6469	-0.00014101573203781359	0	0.035276462518978466	0.38934433341163643
6470	-4.1170400934364973e-05	0	0.013884152328752151	0.22394145490562228
6471	-0.00015971998213408777	0	0.039301317631984842	0.59384364694288139
6472	-2.7676302975554456e-05	0	0.018854134502125308	0.31318386217502237
6473	0	0	0.020408432151948125	0.12419188363529488
6474	-7.1726636848340458e-05	0	0.016452805865899426	0.17824344788935323
6475	0	0	0.017200568539378566	0.17815694576717322
6476	-6.9638161615284686e-05	0	0.012933058780946144	0.15782147463282509
6477	-0.00013351813783512301	0	0.027997367017528564	0.24509286836567673
6478	-0.00020589070225559002	0	0.02634735010187015	0.15193935166593789
6479	-5.2386471309467944e-05	0	0.033500137666384773	0.18255382222373046
6480	-2.3723881434423168e-05	0	0.022481349370404146	0.0098604590572376246
6481	-3.9884072138973715e-05	0	0.02477364458439579	0.30417465828607332
6482	-1.8200424971528961e-05	0	0.016782710300636001	-0.026445193185148107
6483	-0.00011556575636677558	0	0.023471273275064857	0.27663761590016406
6484	-1.8706971481924352e-05	0	0.017930269591126455	0.015876063545440584
6485	-6.8101095317740779e-05	0	0.01298796440438546	0.17970023647036107
6486	-0.00016816922312127281	0	0.018961307685853798	0.19034375061032266
6487	-5.5835563702522076e-05	0	0.027560312821265677	0.22940112268138133
6488	-2.339240085309502e-05	0	0.016284196504606115	0.13594670938770517
6489	-0.00018547160426740094	0	0.02726582760688261	0.2110756028680493
6490	-2.1363103527943795e-05	0	0.025935631048795815	0.28304579511091005
6491	0	0	0.024832471063002202	0.3249333847532106
6492	-7.7261822482865836e-05	0	0.018490329381882373	0.3335466947895479
6493	-0.00018157956337147007	0	0.023390246042607723	0.26470265435821844
6494	-0.00016307945159506343	0	0.01096461097600083	0.17890057938402645
6495	-6.1489796945463079e-05	0	0.029267086292223021	0.22816704195489215
6496	0	0	0.022113443441538407	0.22741491390078111
6497	-1.8031163711934584e-05	0	0.018110493023172764	0.18853451956617664
6498	-5.8098688759822273e-05	0	0.024492451375285419	0.33323327583777052
6499	-4.5373943952192739e-05	0	0.013896498587091443	0.21073484094843903
6500	0	0	0.015617434962763386	0.13911067616632389
6501	0	0	0.022368210462023697	0.19600684318277939
6502	-0.0001470099966247862	0	0.023992244670763822	0.1725397783000816
6503	0	0	0.0074562557943485515	0.15856176284439225
6504	-2.7047785101544374e-05	0	0.010879013042840996	0.247701483276526
6505	0	0	0.017694173536824793	0.24367904698021486
6506	0	0	0.019265380407120666	0.021656431683986364
6507	-6.4235754802471906e-05	0	0.016625466922660839	0.04141569870657031
6508	0	0	0.012126936958427989	0.018026582115372336
6509	-5.7322940510140532e-07	0	0.023220271837829716	0.095295063835887928
6510	-0.00017050524226578935	0	0.028492584009566536	0.20573804979833019
6511	-0.00015293376257248249	0	0.020094117539262674	0.15132141113466613
6512	-0.00011677988741963796	0	0.027766229975533574	0.29006366959725188
6513	0	0	0.017909169801928585	0.0026894089289491775
6514	0	0	0.029251717391859462	0.17094827353914796
6515	-0.00014500800142626668	0	0.031235279583477004	0.24286716067107869
6516	-5.9400016660487999e-05	0	0.029828941088612927	0.28908681505653167
6517	0	0	0.011342307300245167	0.10473996164991924
6518	-3.2108451583173767e-05	0	0.030700079801261031	0.3775802234844452
6519	-0.00011787654154252759	0	0.018782081089474281	0.31912054146765845
6520	-4.3609320737636458e-05	0	0.018457486621130965	0.25461374228478073
6521	-0.00015981344265917908	0	0.028290479429761504	0.44098613496516165
6522	0	0	0.014771121508665833	0.15767555673332675
6523	-0.00015207276076938946	0	0.039138252155151293	0.51243024504995272
6524	0	0	0.021621277923007283	0.18937857712311762
6525	-1.9162901359137675e-05	0	0.023649111077630874	0.40247267350686428
6526	-5.3435919211958224e-05	0	0.028817843047845904	0.41971682403789679
6527	-0.00019718026694735268	0	0.020154881387744246	0.057027348624811333
6528	-1.9389239183420503e-05	0	0.012627298136519374	0.04405615604915377
6529	-0.00016443671290289897	0	0.020461414305075115	0.15536158226606095
6530	-5.038196405904305e-05	0	0.025978906064441597	0.083345120176828519
6531	-4.8607923358340299e-05	0	0.021784927584087812	0.2040553802007358
6532	-0.00011233668740621705	0	0.018952531086553641	0.34057440579406262
6533	-0.00025515540599551354	0	0.022313586108161296	0.28307520401390901
6534	-4.0571662813143619e-05	0	0.027219722276337056	0.27388069869003451
6535	0	0	0.025912678930333298	0.28033647025638314
6536	-3.2910338051200803e-05	0	0.011108722373106913	0.22796863631814751
6537	-3.5162543995614912e-05	0	0.021488382223424442	0.15828179697049233
6538	-2.2726132338379833e-05	0	0.022020315481008232	0.20113527074504983
6539	0	0	0.0081555081158699583	-0.048620460590207248
6540	-7.9405422380335327e-05	0	0.01099543287908065	0.091200626445713209
6541	0	0	0.014421500986650456	0.095500698965041153
6542	0	0	0.018598629581252468	0.28141987817606984
6543	-0.00028666587623842608	0	0.021647461352216298	-0.10497608875600115
6544	-1.7374456514657189e-05	0	0.019153429288496549	0.17255796495512743
6545	-8.2856458460114918e-05	0	0.011142205366334515	0.090850853312763241
6546	0	0	0.019283774891068757	0.25425942195919921
6547	-6.0734777094245687e-05	0	0.033366642998248749	0.35436151570034113
6548	-4.4834758904666036e-05	0	0.023156067445002041	0.24015677748629116
6549	-7.2496324629495179e-05	0	0.0085297733858234522	0.20723581166350441
6550	0	0	0.018479182619191674	0.26576725837628112
6551	-0.00011841262672282471	0	0.020488601298465629	0.29662163416185011
6552	-5.5204875694953029e-05	0	0.029014890830052674	0.28624088211208371
6553	-4.2574482149004833e-05	0	0.015833927967742696	0.25601465855336969
6554	-1.4777798711956836e-05	0	0.022111568065131055	0.17409650010183911
6555	0	0	0.026684083502201993	0.30228459112217443
6556	-9.3043064333392383e-05	0	0.019954256990776013	0.091733382542739828
6557	0	0	0.021874935532907078	0.062541209211719864
6558	0	0	0.020177212758805456	0.019644915758475479
6559	-0.0001383354765311262	0	0.016991513268001683	0.056967624064009924
6560	0	0	0.0071231423628418389	-0.13182443289454476
6561	-4.445116175807451e-05	0	0.019482320569466579	0.15945827454942105
6562	-3.3919582848945809e-05	0	0.01415710735944061	0.010119496777650568
6563	0	0	0.001525979987177875	0.019402716354008927
6564	0	0	0.011439912351244969	0.20681792019784404
6565	-3.3104530033711833e-05	0	0.029499918779247049	0.36134338126744392
6566	0	0	0.021565674234040957	0.12641845995385509
6567	0	0	0.022438925953328727	0.31015344638634523
6568	-0.0001102028437378999	0	0.028004018585183484	0.31033442820818652
6569	-1.8819141965487062e-05	0	0.014651630287191497	0.084161215736330994
6570	0	0	0.013583478340220745	0.24582569375446078
6571	-8.0005861533372086e-05	0	0.02908591286428892	0.25405501702305944
6572	0	0	0.024497373801449236	0.1710468569287949
6573	-5.7134151512783228e-05	0	0.020019820896394921	0.14620442659777436
6574	-8.7466785885839673e-05	0	0.019960670174186176	0.1513731220366418
6575	0	0	0.017794613581412898	0.18818548039467858
6576	0	0	0.038620150823334878	0.4155504237485797
6577	-2.7565150370645329e-05	0	0.030724836438674609	0.35864270544032761
6578	-4.5845875376943071e-05	0	0.018351194190538773	0.20378946322903535
6579	-1.7853480934576506e-05	0	0.019083756867152385	0.33116922443678704
6580	0	0	0.024763098692344786	0.25275436868299389
6581	0	0	0.014019479197336867	0.20488062764861184
6582	-7.0663995695291473e-05	0	0.023291496945078923	0.32502124811836497
6583	-2.2794412215293437e-05	0	0.033081759135013732	0.23668787725342871
6584	-6.15478011334325e-05	0	0.017942511745871831	0.029156285455950271
6585	0	0	0.009917137375991739	0.14782142579442664
6586	-2.4928583495659185e-05	0	0.011087037450440563	0.025216600140141553
6587	-0.0001071641000577217	0	0.013800330774970707	0.15461610364651107
6588	-2.2325796594319103e-05	0	0.0207797275246865	0.2709513756248802
6589	0	0	0.011096085092345675	-0.078965698486542932
6590	0	0	0.016131936773150314	0.25298821448431463
6591	-0.00010568344005166818	0	0.026340996690826818	0.3215480130093738
6592	-3.3857936767578421e-07	0	0.013429547545119011	0.10026360351623546
6593	-3.2511219561986994e-05	0	0.032594001822721548	0.28017673650329894
6594	-0.00012890187063789306	0	0.022714373184114449	0.12145803237865564
6595	0	0	0.0076013868734813557	0.052537100248736965
6596	-0.00013856822669035539	0	0.025171799675067642	0.33646051512979391
6597	-7.8756878546726311e-05	0	0.017185509999032039	-0.033578538794205422
6598	0	0	0.012145592422060786	-0.057291306971089993
6599	-5.1947904075944075e-05	0	0.022143609174918817	0.044377252858338344
6600	0	0	0.026263591424181009	0.4090387776114075
6601	0	0	0.010289488529976396	0.09966786395868879
6602	-3.2268436175220125e-05	0	0.023659047511179525	0.34691551277723115
6603	0	0	0.012760561630604692	0.18749409576790013
6604	0	0	0.0047906608097752325	0.18033817558663984
6605	0	0	0.021027648657550729	0.011071210291040811
6606	-6.1406420995113731e-05	0	0.01305096286162688	0.19514650397211519
6607	-0.00020184691273525957	0	0.028021079221373778	0.28735608673664365
6608	0	0	0.024071409115798904	0.12652451274876869
6609	-0.00012194394913281892	0	0.030961041224284818	0.32027637471388137
6610	-5.0601950667833462e-05	0	0.020477347650387553	0.16491180013161078
6611	0	0	0.022538950745456136	0.17471630385414502
6612	-6.3065728812095045e-05	0	0.018721980852487548	0.18495430777988414
6613	-0.00017261221529294991	0	0.023036122556589246	0.28208043055027593
6614	-7.1828969031761941e-05	0	0.02510910677333943	0.23487194784610749
6615	-2.5298345222440899e-05	0	0.02479252694243848	0.25460233934004356
6616	-3.5514979486250821e-05	0	0.022440138211609395	0.3501334803435755
6617	-7.787583891176175e-05	0	0.026219464472168341	0.29391065106482078
6618	0	0	0.019184015130217155	0.15935017991807737
6619	-2.6727009283455948e-05	0	0.021439869214731531	0.10928398209291383
6620	0	0	-0.0018998723823239055	-0.1188767934206254
6621	-5.1280645157275595e-05	0	0.025400368339027701	0.28431553112227848
6622	-3.5813823571445583e-05	0	0.01332763571039788	0.13072045356565493
6623	-0.00011974347870720714	0	0.026318866665343964	0.24204301050352264
6624	-2.465932033576257e-05	0	0.010456706640382387	-0.070263890477887767
6625	0	0	0.0069407003742972097	0.11819669134008889
6626	0	0	0.0073154649600071899	0.012476288379859568
6627	0	0	0.013731428409770785	0.28714716285100428
6628	0	0	0.014191954138418048	0.28378864043202934
6629	-0.00015779388786695548	0	0.020540485343746244	0.29760832849131813
6630	-3.4320056400499732e-05	0	0.015163727848994901	0.060342033281788457
6631	0	0	0.017784517811744088	0.2071709850402427
6632	0	0	0.017685139505093601	0.14971334449978632
6633	-6.1029840901360989e-05	0	0.01038571334243232	0.081024818302301488
6634	-8.3660269950591728e-05	0	0.021620702989381145	0.17506293502960332
6635	-0.00010381387053628454	0	0.031887958562683352	0.23481863685484453
6636	0	0	0.021482341062328245	0.30742298505515658
6637	-5.1543866404057945e-05	0	0.024953223910961841	0.27743325377976114
6638	-2.8524593553486133e-05	0	0.022600752893892056	0.31118399295879728
6639	0	0	0.023944534032295565	0.20708546147423634
6640	0	0	0.013529984379993264	0.20947834938539364
6641	-0.00013341918055723712	0	0.0080334329995993652	0.10127324135255582
6642	0	0	0.0215927119411643	0.27371416617840405
6643	-6.0406591391021228e-05	0	0.022333317629350716	0.23152204929647677
6644	-6.8448116453823099e-05	0	0.015046040276166874	0.029357911646751965
6645	-8.1021662092484187e-05	0	0.026747497539971288	0.31815130978784745
6646	0	0	0.025530848176801041	0.12408610144711225
6647	-1.6015704341565407e-06	0	0.020936811560283135	0.41556757798906013
6648	0	0	0.0086949037267370806	-0.044779764316271738
6649	-0.00012009398064911358	0	0.020446207463362898	0.10728514309730294
6650	-9.5290525146068955e-05	0	0.023543122193921476	0.24022135708288594
6651	-7.9897174561549539e-05	0	0.026962639829235323	0.17790965483324786
6652	-3.2941207374698192e-05	0	0.021396421587120608	0.27702467334073905
6653	0	0	0.0085249691255157127	0.26949578890636866
6654	-9.1736638476408452e-05	0	0.021044318711133804	0.2314545846422007
6655	0	0	0.011169250736553204	0.061361969901887824
6656	-0.00018452196499457729	0	0.030571585421279791	0.34754395205959254
6657	-8.1294218005839575e-05	0	0.029844322505194493	0.27111440671404125
6658	-0.00010957311291994176	0	0.023121328321338223	0.13739949171235369
6659	-6.5274860668096402e-05	0	0.01928297515663489	0.15057833633226925
6660	-1.9245220776920037e-05	0	0.021149089553652748	0.29078797382078203
6661	-5.2727512642625207e-05	0	0.017995533550666305	0.12208995658255828
6662	0	0	0.0074601697236332505	-0.060570307261538704
6663	0	0	0.0070091277792540402	0.075016923369299243
6664	-8.3012003848520472e-05	0	0.020999769769424699	0.33461774578652326
6665	-5.0151140540882766e-05	0	0.016847366634128367	0.10756547859697045
6666	0	0	0.02664431974547856	0.36308733035040019
6667	0	0	0.0078230968028440429	0.1111627003971368
6668	0	0	0.027738146119935119	0.47515263617642001
6669	0	0	0.020498146531954732	0.21032474928906111
6670	0	0	0.017930189950553052	0.1795469111632296
6671	-5.6235466923609809e-05	0	0.023435690274568013	0.12460630843516185
6672	-0.00011189894549075985	0	0.012678019719427808	-0.033153050895647504
6673	0	0	0.0063303552797190962	0.065041696594246162
6674	-6.7549923929663408e-05	0	0.012889726544599476	0.13670129581426713
6675	-6.5508901590910501e-05	0	0.017380956868279927	0.20221034921825157
6676	-1.727052680696728e-05	0	0.018372684298930679	0.19098259192512862
6677	-8.0023837044995711e-05	0	0.015788529673374165	0.18143675102593698
6678	-6.4477748830577e-05	0	0.016369942624983088	0.18493179630893422
6679	-2.1901942208807367e-05	0	0.021606624113001089	0.079695135627601957
6680	-3.0807536359983566e-05	0	0.015380146093967701	0.060083785512545805
6681	0	0	0.026173963526957066	0.30153677847407717
6682	0	0	0.023963695045013216	0.29333674941135601
6683	-9.0871951231275e-05	0	0.020010623062970682	0.19995041822188278
6684	0	0	0.012882045925685631	0.16707088187444702
6685	0	0	0.016908648402260196	0.22215213894207717
6686	-6.2398233466665062e-05	0	0.0067318773991237616	0.15140248830386685
6687	0	0	0.00770010792335771	-0.13120766176313511
6688	0	0	0.016570487804536248	0.15171632675780744
6689	0	0	0.024760353355760236	0.17176227327915913
6690	0	0	0.012998910413016679	0.20330836371671399
6691	-6.1195952972570295e-05	0	0.020768709383329712	0.30515308734199698
6692	-5.9267652683309133e-05	0	0.027262906667696429	0.28407888490107147
6693	-3.2810995273763191e-05	0	0.011695913103745504	0.13768685112066822
6694	-6.4986798329197404e-05	0	0.033622740175972145	0.2355092834292413
6695	0	0	0.020785241460322158	0.21140134629265819
6696	0	0	0.012518257579197136	0.18395597696230032
6697	0	0	0.020199413745154601	0.2825704970671693
6698	-7.5757114573749009e-07	0	0.023361403769542675	0.25381286745042858
6699	-3.4273168262949352e-05	0	0.028387552037797775	0.28877193799650752
6700	-3.1259397867405837e-05	0	0.020420886646703124	0.27292489884877408
6701	-8.9163728496449715e-05	0	0.021758272922758466	0.19513642561286998
6702	-6.8897023868469404e-05	0	0.01952231446758431	0.15052350557764621
6703	-8.7702535431605216e-05	0	0.027102646603802495	0.30430804173023296
6704	-1.6474057819654275e-05	0	0.025724428773045167	0.32385638212939044
6705	0	0	0.018337588824319188	0.15623156434202751
6706	-0.00012830992552786968	0	0.023227670747618001	0.21285497279977289
6707	-5.0017632001492229e-05	0	0.015590928001196014	0.22436804859515841
6708	0	0	0.00085539297697829748	0.029283015257070867
6709	-4.8873828839335332e-05	0	0.024824117834750619	0.40491267164868594
6710	0	0	0.011858503741366785	0.12446330694008927
6711	-0.00018781685126828264	0	0.02285899685584445	0.069458933533261366
6712	-3.5426595179494091e-05	0	0.0092151723430308058	0.1095891029777936
6713	-0.00014754619181815974	0	0.021070540420912845	0.2678937011790114
6714	-1.8389294419002276e-05	0	0.016443332512424764	0.23766264025926223
6715	0	0	0.022100030489183593	0.4031627666038034
6716	-7.3619909378985771e-05	0	0.018987051822427312	0.24574099700136123
6717	-3.5587045734863931e-05	0	0.020121690462546509	0.049492759719143117
6718	-7.3400932985889794e-05	0	0.02423061571418187	0.37308345824705363
6719	-0.00020990201061026059	0	0.021130329510138997	0.081298160444360376
6720	0	0	0.019403402620359188	0.32676673460543187
6721	-1.5922067780743675e-05	0	0.021752801586812261	0.28849955887576828
6722	0	0	0.019173297755711437	0.052473613679258867
6723	0	0	0.013855097475537434	0.17219046328444743
6724	0	0	0.010021791734894356	0.077596500382733677
6725	-4.0432108975863023e-07	0	0.021235828377849993	0.24999349257961923
6726	-9.8503831063884162e-05	0	0.024459861181384594	0.23669836422816876
6727	0	0	0.0070164568116307339	0.076685328822249738
6728	0	0	0.015183256734872757	0.042929088278689236
6729	0	0	0.030664641693534167	0.31832237436546829
6730	-8.7343901233244425e-05	0	0.016597582871208136	0.20397631185872175
6731	0	0	0.01419785827930178	0.41712810547713702
6732	0	0	0.0094171182691322013	0.094447090248403628
6733	0	0	0.020221466328903589	0.35106791029006434
6734	-7.8223532837637388e-05	0	0.015543850504128464	-0.058202464694824263
6735	0	0	0.009618044398794148	0.0092092589050249366
6736	-7.7932421680415589e-07	0	0.017371864797148244	0.011889591442994507
6737	0	0	0.021529688096424682	0.096280152327055099
6738	-5.6735895816584227e-05	0	0.021714322538260659	0.313497856016277
6739	-2.4409731981867022e-05	0	0.029173059037163253	0.36501820465694523
6740	-7.6007858775170584e-05	0	0.024650260497773947	0.27178961329039908
6741	-2.1796387822387021e-05	0	0.017168288838437001	0.13773829758622921
6742	-4.8367527129855593e-05	0	0.020103273047294	0.14808723901908352
6743	0	0	0.02002567741386066	0.27726914467713099
6744	-0.00018329726625527232	0	0.023766366269447663	0.30287024625036391
6745	0	0	0.022833844615531139	0.25858373281261166
6746	0	0	0.0096193662253109234	0.027099129711007103
6747	-6.4421130963837619e-05	0	0.018087949581167294	0.24783916824883684
6748	0	0	0.010194502927542778	0.18235318635839265
6749	-8.9953342231086092e-05	0	0.024024112991630524	0.2674820253832616
6750	-0.00015056018639081071	0	0.0087999896107372223	0.020988787154521998
6751	0	0	0.0036703833487645083	-0.05775069965401862
6752	-4.651600305786152e-05	0	0.020587880217115679	0.32449004126301756
6753	0	0	0.017603503308232869	0.23570497422607031
6754	-2.2378818100876609e-05	0	0.015922406971179005	0.16566585496862332
6755	0	0	0.013110355754042619	0.3137463403393182
6756	0	0	0.012186263096897913	0.075323289896950321
6757	0	0	0.016367100131637485	0.34220639380839712
6758	-1.6864673880984116e-05	0	0.014032819559616296	0.022953897052188466
6759	-9.255037777915476e-05	0	0.0096210053893089446	0.1420153296850884
6760	-0.00018102342637732471	0	0.024803978399570201	0.17049806606040813
6761	0	0	0.013432148032341551	0.23125583399173971
6762	-2.6187245050146579e-05	0	0.020571565431661224	0.15759574114138422
6763	-0.00021389398234316069	0	0.017373486322867077	0.15634573503984242
6764	-4.1886684367598018e-05	0	0.036808553552818597	0.30624274370371951
6765	-0.00011078811412899847	0	0.025612977018872746	0.18942789934795765
6766	0	0	0.020826087003169853	0.28534809295150287
6767	0	0	0.034291333834435833	0.50630863988563823
6768	0	0	0.012243094798160442	0.15229964345011948
6769	0	0	0.019064500188127654	0.37786109126087197
6770	-0.00011029264799257699	0	0.01849279638391951	0.17069494922784245
6771	-4.2536143815447013e-05	0	0.013806727328554088	0.17977490565091186
6772	-2.6315908526691746e-05	0	0.016517782334764385	0.13387959871822344
6773	-4.6398206240894078e-05	0	0.020130664061451257	0.10733115146499331
6774	-0.00010814620909604944	0	0.027409852588368783	-0.057770029727123196
6775	-3.4945260583174598e-05	0	0.023192492362802443	0.2998439567604137
6776	0	0	0.0037756353597664409	-0.059025854617366189
6777	0	0	0.011765580162006331	0.058506077435889668
6778	-6.9320484112397882e-05	0	0.025368401522957728	0.19888485452387569
6779	-9.05936268551677e-05	0	0.017978787283785533	0.21632355226347819
6780	-2.688034723599131e-05	0	0.02125374814553942	0.32366906897413561
6781	-3.1906651286894847e-05	0	0.017876535278529674	0.10511099525720677
6782	-6.7408934973611773e-05	0	0.015472050840159981	0.070721997620622437
6783	-9.6487208041751144e-05	0	0.033262735181832925	0.27339634871295182
6784	0	0	0.017285313427757236	0.2375001236679129
6785	0	0	0.012635366517341992	0.25076529417530774
6786	-1.4426079351975707e-05	0	0.010577822697570285	-0.14482538443022186
6787	0	0	0.021971816807091166	0.16719220049164737
6788	0	0	0.027400547252950623	0.33087798816863423
6789	-7.7534496317893664e-05	0	0.032419589753777969	0.27880239417672437
6790	0	0	0.0083431360070990619	6.5847915329203527e-05
6791	0	0	0.011881692201736224	0.019373843600493507
6792	-5.7805197796853555e-05	0	0.013168663180658974	0.1644224917491996
6793	0	0	0.016959436702659182	0.14826045907741911
6794	-3.8708618566407618e-05	0	0.011335573776367461	0.18036726148292681
6795	-0.00014106316486841574	0	0.030353824816116474	0.23597315407862088
6796	-7.9079972189477486e-07	0	0.00887237913441212	0.0236162462745622
6797	-0.00017927200928359864	0	0.02525164883146979	0.3175412401453484
6798	0	0	0.026009177384293796	0.28503325460605394
6799	0	0	0.013071225530116701	0.27046852132455179
6800	-0.00021669844004356119	0	0.033294550276483509	0.32357588795481868
6801	-2.8296414563822037e-05	0	0.015239222433413011	0.19018218650415158
6802	-7.0832840892665058e-05	0	0.02039422758606365	0.24659545650383241
6803	-0.00012940091067890626	0	0.027906131661044536	0.39749633946009144
6804	-4.4336025529345677e-05	0	0.016101826717923109	0.18703544669742023
6805	0	0	0.010211984373165523	0.13456766622968486
6806	0	0	0.016935673958932283	0.25424652347664173
6807	0	0	0.013954425883671925	0.16199413534432572
6808	-3.6073601882491423e-05	0	0.013190886037210813	0.27547893495295783
6809	-6.5117710439294152e-05	0	0.017317239118926814	0.042094626097662714
6810	-0.00011829063979434395	0	0.019513039126920532	0.23433729534270178
6811	-0.00016349918356702852	0	0.025143899830565829	0.28326689680775213
6812	-0.00018622135769601756	0	0.027175101630330011	0.025911435150878837
6813	0	0	0.021671625798202407	0.33360985894832007
6814	-0.00033163254791950816	0	0.02183967165776118	0.17371188062628623
6815	-2.1691482343916269e-05	0	0.029836791238959399	0.34904694621082721
6816	0	0	0.026096837815868735	0.26816853637244542
6817	-0.00013801502895397221	0	0.02951726807925014	-inf
6818	0	0	0.015406469934259866	0.22687201545798411
6819	0	0	0.022900132198197858	0.072691229150060502
6820	-0.00010228293489697449	0	0.010849786359068145	0.12162742764770784
6821	0	0	0.022667957866895912	0.25688237435792738
6822	-5.6810618173441797e-05	0	0.021451254716841985	0.10045587995436127
6823	0	0	0.01652777043391912	0.26971219160574905
6824	0	0	0.027628262838870099	-inf
6825	-7.4762108265741262e-05	0	0.014245455249477535	0.10793148244791814
6826	-3.8462681367296134e-05	0	0.0272569498566608	0.18831906257916514
6827	0	0	0.0040197908065432164	0.053208549257121263
6828	-2.5946682920913178e-05	0	0.016786508246226982	0.25746215504117004
6829	0	0	0.022715539452830162	0.34116712140533556
6830	0	0	0.016623002035420796	0.11581264499715871
6831	0	0	0.021609167389280318	0.19367423561793934
6832	0	0	0.023478494249223804	0.30226872175876573
6833	0	0	0.019714427591255017	0.20312279852252546
6834	-0.0001414307503681822	0	0.019055204108898185	-0.20754899930111814
6835	-6.1149267375304467e-05	0	0.014603541066799119	-0.05661423071164965
6836	0	0	0.019858142898123717	0.37113350156856545
6837	-0.00015580358330218312	0	0.027091384431637711	0.31107755202708187
6838	-2.7967117388527642e-05	0	0.026175857221295239	0.29390925889731329
6839	-5.266914838948922e-05	0	0.021018817445526201	0.17598975706950226
6840	-7.5226851425064242e-05	0	0.022198869959332609	0.21264285145539108
6841	-1.8406016771188584e-05	0	0.014313201813893608	0.21063758446132858
6842	-7.1588039503428516e-05	0	0.028727854925494938	0.14207406173583784
6843	-8.849100791891718e-05	0	0.018823843921925043	0.15404147098392215
6844	-4.3642124445997242e-05	0	0.010647415939325134	0.078644877255280896
6845	-1.6070490961889172e-05	0	0.018990904535556345	0.108800022075042
6846	-4.2308669051505098e-05	0	0.025003996619806422	0.27944430763254974
6847	-0.00011095394422804273	0	0.027554576646877511	0.34069246383979379
6848	0	0	0.023016819565258032	0.19980275923460164
6849	0	0	0.025977619183273508	0.072699662914994273
6850	-2.9038950663157203e-05	0	0.024567626302639825	0.18886545622570566
6851	-4.531794503770392e-07	0	0.022507867060938876	0.20465241756815269
6852	0	0	0.028118062541960125	0.26665211126946364
6853	0	0	0.012060371093301322	0.29057138144734679
6854	-3.2877755430932297e-05	0	0.014762739807006767	0.14432365568251951
6855	-2.9756252554002936e-05	0	0.014983774002808606	0.075099645175455934
6856	-5.2329568445846905e-05	0	0.01698110613940448	0.13211914451744264
6857	-1.5457270414220846e-05	0	0.019165594543322499	0.15561406995270011
6858	-1.90949285388764e-05	0	0.019120374172657963	0.11457425094757445
6859	-2.3654031830322443e-05	0	0.011920318208030675	0.27882281012423843
6860	-4.8420782323843613e-05	0	0.016766221141056255	-0.027027427139165793
6861	0	0	0.012032177336350832	0.14081875024905247
6862	-4.6092747704140626e-05	0	0.012822313878583656	0.17855787882039575
6863	-8.7525086862522139e-05	0	0.016934918978795486	0.36967616920514085
6864	0	0	0.026499730984406722	0.33489582586929345
6865	-8.0840602391596408e-05	0	0.013140575415029679	0.097908590179535182
6866	-8.1259918837661707e-05	0	0.030684720282774969	0.36489643720971043
6867	-9.4430210835186321e-05	0	0.0064904506294328037	0.098888186168197806
6868	0	0	0.00836661781294629	0.1726292444711352
6869	-2.7338558877770812e-05	0	0.027151186626419556	0.23535743724598945
6870	0	0	0.013361511585779206	0.16919741925690379
6871	-7.3564447034732422e-05	0	0.020985507663393504	-0.054872269546076644
6872	-0.00011186335091186162	0	0.02330874444369661	0.22739102527944771
6873	0	0	0.015009876131087429	0.061181742300170927
6874	0	0	0.012785409890812286	0.14108828429324899
6875	-7.1802124393116622e-07	0	0.017748342902076237	0.1036425684400016
6876	-0.00023596387748984761	0	0.01972135088275595	0.21428970585020152
6877	0	0	0.027125387097099128	0.27427979294216054
6878	-0.00014023119844906452	0	0.018814547150108642	0.22004309276464734
6879	0	0	0.019256385482573767	0.36623422596673338
6880	-0.00010848405384648874	0	0.023428524494403281	-0.029272852748787059
6881	-3.3416047879875065e-07	0	0.019999741289641486	0.17133748918466288
6882	-5.0127182343839839e-05	0	0.021880100821433542	0.21450033547767222
6883	-6.809594560220345e-05	0	0.019397951668436348	0.26991488238639993
6884	-2.0261654377340398e-05	0	0.018330535485940706	-0.0075263340052743157
6885	-6.7676712850411885e-05	0	0.023266530128785705	0.092160011212248372
6886	0	0	0.011289066750143576	0.054850508348912454
6887	0	0	0.014629920948552528	0.16179401246766439
6888	-0.00016160358536932706	0	0.019347128833770575	0.11731191988550638
6889	-0.00013840135641863817	0	0.036601123732420068	0.3851251073402982
6890	-6.8431987245004547e-05	0	0.022709106902299912	0.15172260041918023
6891	-7.0232697261213287e-05	0	0.019813905971680777	0.31965879260584884
6892	0	0	0.022404863474605768	0.23789699819853452
6893	0	0	0.0093055487650769743	0.1131392820465118
6894	0	0	0.015430073057417091	0.2336876850704574
6895	-0.00015224960667399313	0	0.02035304515948276	0.13981366667186454
6896	-3.2664876350063654e-05	0	0.026768996653772293	0.39041145224369272
6897	-9.7641951374088934e-05	0	0.015589776843295409	0.14256657573852113
6898	-5.198296279583792e-05	0	0.032990005187554482	0.31876255710388191
6899	-9.093476884493579e-05	0	0.013918093132541023	0.2276869565710562
6900	-3.5929534807072062e-05	0	0.023210748273439323	0.12142909936249777
6901	-0.00010264135715906119	0	0.025563021008521709	0.33262548545333126
6902	-3.2056299691018976e-05	0	0.017982134272068503	0.28615265934958295
6903	-0.00018769188727651431	0	0.02937423191759711	0.24356518071848088
6904	0	0	0.012913702462221736	0.20062241065257869
6905	-0.00017210450870815686	0	0.012881881407043067	-0.063370489950312234
6906	-3.0751040085985613e-07	0	0.016860984878347966	0.31989694698501298
6907	-3.4117885414378099e-05	0	0.011366893346566209	-0.13546476807769592
6908	0	0	0.018158538379482204	0.22951125848428794
6909	-7.2107923941899801e-05	0	0.017154069279222039	0.21605442179739601
6910	-8.11577378839412e-05	0	0.011026942425590252	-0.027192750715181312
6911	0	0	0.0048067056768817864	-0.1156502581112453
6912	0	0	0.016918082374685405	0.1810585807713368
6913	0	0	0.019384159945635575	0.1655259587135868
6914	0	0	0.0074712815463700427	0.019581055940468318
6915	-7.7235861493074592e-05	0	0.012773978095866664	0.052630414941700579
6916	-0.00015750576462483234	0	0.03703388872962364	0.36823526372250825
6917	-0.00014184090820649198	0	0.029205999078209401	0.20028869471212613
6918	0	0	0.01705969616247997	0.0083811592492214291
6919	-5.8472074175452969e-05	0	0.022359519683611474	0.34678041486709282
6920	-2.6788889691731212e-05	0	0.01805736361560794	0.059918517709341881
6921	-5.3730320713418769e-05	0	0.010924593300171519	0.041445532706120808
6922	-7.0001198884817045e-05	0	0.015835580835470427	0.02739257978207001
6923	0	0	0.025451056257154336	0.22578675883732729
6924	0	0	0.004558271243089768	0.1179069049706177
6925	-9.9083445054204414e-05	0	0.017443197672596243	0.015900651329158456
6926	-3.7766703483299578e-05	0	0.025597482405208743	0.1856227663121936
6927	-6.4389709451934113e-05	0	0.017050327194325171	0.23638929614150245
6928	-3.769597306436667e-05	0	0.017640811767516744	0.22269734379933856
6929	-0.00010937174098771819	0	0.028189532248110372	0.341960040486123
6930	0	0	0.017683964894091415	0.2775644113891208
6931	-7.1601330481901876e-05	0	0.024962148928032953	0.29670034481079266
6932	-7.8563309947862758e-05	0	0.013974537139027276	-0.010504698772030519
6933	-6.8191309271348194e-05	0	0.03403394602172681	0.31429088280391582
6934	0	0	0.021668483980612201	0.33949700215663137
6935	-8.2877395346858671e-05	0	0.015397097500072596	0.30125872740745063
6936	-0.00010631938743430603	0	0.026015218523395344	0.12304518104140498
6937	0	0	0.025140834561361326	0.31025080157424484
6938	0	0	0.0076733454578814895	-0.05062831549423126
6939	-4.7546772702850017e-05	0	0.032086241287259523	0.1977488259071104
6940	-0.00011345652325288613	0	0.021491351901705612	0.18007723992310548
6941	0	0	0.0091591394653847795	0.19539094968118906
6942	0	0	0.013120539585414823	0.087990400324124349
6943	0	0	0.0093891050026076728	-0.010689924337605416
6944	-0.00011741368114242534	0	0.025333221547630846	0.20744139523896599
6945	-3.5198292511184895e-05	0	0.032614654337570229	0.34834197996350558
6946	0	0	0.013146018518595731	0.33717019507909007
6947	0	0	0.0173696071740728	0.14024075809669684
6948	0	0	0.014486441607751241	0.15881978097869104
6949	-2.3513612415998474e-05	0	0.0062203753147378107	0.052700113356199063
6950	-3.1397052957093942e-05	0	0.01667614867845351	0.35026159738432283
6951	0	0	0.017541245360900713	0.23261116619659566
6952	-0.00027292501220984591	0	0.027434026907472948	0.25814280668953865
6953	-2.5635406482871215e-05	0	0.027851215426220995	0.15168413177837761
6954	-0.00010005159547388787	0	0.022534517336243259	0.35367883701118452
6955	0	0	0.0085339149984640338	-0.14274294621840516
6956	0	0	0.0060711751370300295	-0.052474311112497653
6957	-3.2056734545937712e-05	0	0.032833374979720761	0.33379226758104685
6958	0	0	0.040846819036952323	0.46228012063312746
6959	-1.7620748939795039e-05	0	0.028614123247003763	0.35131746892015475
6960	0	0	0.0074345579335145127	0.066120994726088442
6961	-5.2018744086113063e-07	0	0.025319837365130216	0.26476648085450855
6962	0	0	0.019016242846271018	0.28159551974651426
6963	0	0	0.024480242668161015	0.36860328012807647
6964	0	0	0.013997054522832952	0.24668982968575687
6965	0	0	0.026974005467925187	0.24937660237908457
6966	0	0	0.025495273477512272	0.26180048941493161
6967	-8.3597132730411913e-05	0	0.018145787577203393	0.13056917466855661
6968	-2.5276460361844945e-05	0	0.039236435615327872	0.43814217926310511
6969	0	0	0.024733903878097954	0.12307188271732852
6970	0	0	0.016896712905255875	0.41669586242879991
6971	-0.00013227735599505297	0	0.016942653222269753	0.13171456351303557
6972	0	0	0.021838387246647471	0.31731408687488238
6973	-3.6602451188955107e-05	0	0.0175962842885212	0.19943566788492678
6974	-3.6703166881407731e-05	0	0.023719255921890975	0.31945335229493049
6975	-4.0422510590998326e-07	0	0.008515385462543601	0.16125664088547104
6976	-4.1238793466336079e-05	0	0.0058515025877676399	-0.055801257773308244
6977	-2.6871187201682467e-05	0	0.024435313174533495	0.27700490153674895
6978	0	0	0.013141555402027905	0.35104777269448229
6979	-4.0445473064026906e-05	0	0.019556708677587572	0.24649504230413485
6980	0	0	0.020662323318113556	0.065158333517637376
6981	-9.8597263219468714e-05	0	0.021496656295777676	0.14656012546578273
6982	-2.9736749988973355e-05	0	0.02284450670412606	0.20699836963026716
6983	0	0	0.018410026587111081	0.32606273556741155
6984	0	0	0.001685805586544975	-0.042631590331457372
6985	0	0	0.034138141266923203	0.25606693492015609
6986	-7.2976805060870345e-05	0	0.025911998789955926	0.31702371981382271
6987	0	0	0.024380883255627643	0.28267016095054098
6988	-4.2425709772431206e-05	0	0.017062142260746094	0.25620920799818581
6989	-3.0114585825619101e-05	0	0.027174273079380029	0.43384710701645413
6990	0	0	0.014277188371815097	0.14821449376847459
6991	-8.6806923228116564e-05	0	0.012231638220467638	0.12254758933175207
6992	0	0	0.014742919886934543	0.090774565237731281
6993	-0.00019659034553289322	0	0.023100726449853958	0.25563071626553369
6994	0	0	0.026508322676202394	0.23652931596790797
6995	0	0	0.026057348925896902	0.36718168410159968
6996	0	0	0.020926904355270785	0.33752377537226674
6997	0	0	0.012806916579442326	0.15293524130922409
6998	0	0	0.011827128894787754	0.18196524866613456
6999	-1.1136456773863656e-06	0	0.011823713371623093	0.064235236726328609
7000	0	0	0.011553312479128964	-0.11501595271238607
7001	-0.00012560306471959271	0	0.024900927779571147	0.41510539813437958
7002	-0.00019628490168985824	0	0.021120051532188634	0.25454878633848976
7003	-3.1204856448469044e-05	0	0.014612366159562452	0.072406232182051181
7004	-8.0066866629435737e-05	0	0.02489174314147723	0.32802514349476203
7005	-3.1305693888666888e-05	0	0.025260041041897885	0.11021721395232582
7006	0	0	0.016230479139698169	0.092234006664025911
7007	0	0	0.0095777785919656851	0.1005007096989657
7008	0	0	0.010975358673719047	0.15685904060609906
7009	-6.9227507905841862e-05	0	0.019511536795725197	0.27939254313906142
7010	0	0	0.0098389152353820317	0.021691895370543196
7011	-0.00014241636799409708	0	0.023078126115954514	0.43031825410017543
7012	-7.2981318221937433e-05	0	0.031168253044006722	0.29355045054009993
7013	-4.0282507650535315e-05	0	0.020316808244187769	0.040267132634169374
7014	-0.00015855397272426797	0	0.020233579771076472	0.21253258130040945
7015	-7.8429708486033029e-05	0	0.030315969947601364	0.42463267190444343
7016	-0.00015931964802630427	0	0.026907535284428786	0.19197275195325997
7017	-3.083876539878294e-05	0	0.015735260126543568	0.14138423771639705
7018	-4.1822355008269696e-05	0	0.02046997900816757	0.18548501996394456
7019	0	0	0.026831533177660526	0.15870675239541943
7020	-3.232770009635455e-05	0	0.016090810218813246	0.13067902417064459
7021	0	0	0.011453567630041253	0.0042847721570544615
7022	-5.3268466974576431e-05	0	0.018097285641846993	0.23238251421159548
7023	-4.101536404788053e-07	0	0.018110812600562042	0.099145199006732118
7024	0	0	0.021401615213773144	0.22491364123494159
7025	-0.00012406973046002467	0	0.022684492594217252	0.22928755428783093
7026	-0.00014163089128849116	0	0.033256211390821452	0.46524663455120796
7027	0	0	0.0086656213755985333	0.21376501432485853
7028	-0.0001062528624639958	0	0.010659398153816686	0.16074749872658051
7029	-6.0298032304637038e-05	0	0.019520923075623815	0.17042791250666395
7030	-2.8408286639231007e-05	0	0.021916737514078358	0.31253885708769091
7031	0	0	0.012368375512953163	0.051955608935322625
7032	0	0	0.01685078194437737	0.23423866731722884
7033	-3.8875436742780155e-05	0	0.018948477129790968	0.11508607114748515
7034	-2.1545297159192291e-05	0	0.024742089411323376	0.14249423063975514
7035	-2.9110854312230927e-05	0	0.015960862048874931	0.12685747748573289
7036	0	0	0.025364295994662018	0.34402030543970535
7037	-0.00036831828643797969	0	0.02530495999453556	0.046912840908851339
7038	0	0	0.0094304607607020065	-0.011929001497766434
7039	0	0	0.011338624011676063	0.054001679360849431
7040	0	0	0.014188316569740549	0.15717416702427817
7041	-9.9009534552318981e-05	0	0.013164008113902901	0.21061283850160381
7042	-0.00010489762851430551	0	0.0093692434514842712	-0.18609950994373242
7043	-0.00011706873779123162	0	0.014803866734068655	0.11410997868906465
7044	0	0	0.014880477874258105	0.12506343334963224
7045	-0.00015314951927852816	0	0.032068178000873832	0.34146310600496493
7046	-0.00011005362628109805	0	0.022832711999909383	0.16278772864966295
7047	0	0	0.021413542845232596	0.21137392228208096
7048	-8.8373636066410577e-05	0	0.012569398530260862	-0.013433287067334399
7049	0	0	0.013927169412243218	-0.12740854872483268
7050	-3.0329248729199509e-05	0	0.018781510160240759	0.057315494532556785
7051	-5.2662050881574499e-05	0	0.023094857829496041	0.19467670740133464
7052	0	0	0.0097858461515354829	-0.015817396968748589
7053	0	0	0.020983974782383688	0.10411730187411972
7054	-0.0001075490785038824	0	0.022593121652996952	0.14731422457724155
7055	-1.4088830659136908e-05	0	0.011793072740989206	0.1509208788883013
7056	0	0	0.019783853899432245	0.34272446502009374
7057	-0.00011739407457400097	0	0.021830977730629982	0.30394783155493987
7058	0	0	0.022197447403881354	0.26158039882029743
7059	-6.1317386304271526e-05	0	0.020350015814859485	0.32558498427031535
7060	-0.00014091128161122234	0	0.025696104111813924	0.20892038303349675
7061	0	0	0.025966274901006881	0.34938973178608307
7062	-4.82679971602229e-05	0	0.019072468508294173	0.21336209157615724
7063	-8.8389566240365533e-05	0	0.022310632569968986	0.26810324948408992
7064	-0.0002153757742687501	0	0.026913081459081889	0.23260158604350739
7065	0	0	0.03169379225949083	0.40804540409923779
7066	-2.1680736167350999e-05	0	0.020715068471256266	0.1836272367346605
7067	-0.00010888385332378791	0	0.029010229302057454	0.28474244698211143
7068	-7.4260857105626352e-05	0	0.021705970835962148	-0.058696126832033513
7069	-3.62191247364696e-05	0	0.01169410068435806	0.15264412713342818
7070	-2.6837947869656765e-05	0	0.0079763289778809667	-0.15877789672624171
7071	0	0	0.015662411323363299	0.38453498864816887
7072	0	0	0.010860876685514925	0.035473412198541984
7073	0	0	0.0090147933593623195	0.094687722592445803
7074	-8.1713611683387205e-05	0	0.019766116946487042	0.20109418400507381
7075	-9.7364298356439338e-05	0	0.017569347408254044	0.33882379589283185
7076	-1.9534131769360918e-05	0	0.0241567594103771	0.21459139125004317
7077	-5.8640311415714133e-05	0	0.012252721116957455	0.005011380033669288
7078	0	0	0.020220336553752546	0.27962349216134069
7079	-8.342824461400333e-05	0	0.010760938680115068	0.16144998107455466
7080	0	0	0.0094772239508563033	-0.054418877413450126
7081	-5.3993480271485873e-05	0	0.029240464612319977	0.24505486643805918
7082	-0.00016774278946449505	0	0.034520170200807276	0.3406339222844581
7083	-9.2558733393904855e-05	0	0.020410766132439521	0.23101343399610313
7084	-4.6193385715276311e-05	0	0.011145507130828004	0.28616574859389415
7085	-4.5115110321988786e-05	0	0.019569126981754403	0.013576822277733514
7086	-0.00023175929891183222	0	0.02280219259841024	0.21785682135100165
7087	0	0	0.029467692821245627	0.35912894426809566
7088	-0.00016297838878182036	0	0.025608695810571645	0.22619612149585117
7089	0	0	0.0091071014940332842	0.091315180333497281
7090	-5.0865968715790853e-05	0	0.0170774687515091	0.032267607981892876
7091	-5.5686204271127027e-05	0	0.021943008965585428	0.075861356854966241
7092	0	0	0.027570696524143613	0.27813557808954537
7093	-3.1378586688779464e-05	0	0.015245566883661323	-0.046575733720534106
7094	0	0	0.015708733197705105	0.12879275207849145
7095	-0.00011783018704228932	0	0.01971968293343343	0.31579402766388365
7096	-4.3399937067178927e-05	0	0.014405100467316689	0.26392846482311083
7097	-4.3758143152394788e-05	0	0.014872234409137503	-0.064497906469998201
7098	-8.8512745099755816e-05	0	0.02036979615832574	0.26794547784021949
7099	-9.0424710198200311e-05	0	0.025938182665922037	0.17921780491142708
7100	-2.8422318681620152e-05	0	0.020368007362071269	0.017368532789949487
7101	-6.7303840386007124e-05	0	0.015554592978041773	-0.2330204059873886
7102	0	0	0.015346140186949958	0.31598627787567135
7103	-0.00015297201167938646	0	0.02408498863523529	0.23764865736419449
7104	0	0	0.010963068025553167	0.18227873314214466
7105	0	0	0.014416416958568452	0.30475446133197925
7106	-2.4243891016939577e-05	0	0.021769808296064584	0.074429630303464167
7107	-3.7905263943366353e-05	0	0.028104340721179188	0.4140028318163641
7108	0	0	0.015123993337145661	0.23410204321660061
7109	0	0	0.019849714332420658	0.19958694418293299
7110	-4.16727547380924e-05	0	0.02291812693511101	0.2099693883312875
7111	-0.00010060960423323717	0	0.020300481589149301	0.24304311035597648
7112	-0.00025090571240558022	0	0.032299447481983025	0.3107139582267493
7113	0	0	0.027225213186041597	0.38170520852001133
7114	-7.5784641681228557e-05	0	0.018924912725008687	0.020696103359406578
7115	0	0	0.016365946734252367	-0.0059895284981961285
7116	-9.1414643094189787e-05	0	0.023803190077630213	0.1191457169064388
7117	-0.00011220761654671119	0	0.024455223544573683	0.12339117600851475
7118	-2.2609552527907972e-05	0	0.016302563837095854	0.064703567021171929
7119	0	0	0.0121652631611875	0.1014275282150751
7120	0	0	0.0032154993552491128	0.070114645392666389
7121	0	0	0.020670551492260939	-0.2434673782985961
7122	-4.5815020119821527e-05	0	0.020242419351859949	0.27908875640356956
7123	-7.9253049045924231e-05	0	0.014453747347082737	-0.04270606495102678
7124	-6.3584700436175592e-05	0	0.022685893740457715	0.29741247131007309
7125	-3.4124451979350431e-05	0	0.017348765992329353	0.25602772361625326
7126	-3.7727152024558117e-05	0	0.023376254540074554	0.32309926636354525
7127	-2.1174429491627177e-05	0	0.028886430213308428	0.33175267662275187
7128	0	0	0.012139883508087392	0.14747029293072716
7129	-2.7102893185337872e-05	0	0.01489371367105142	0.027995991111258868
7130	-5.2685485310660638e-05	0	0.01623001391887189	0.27992848110933916
7131	-8.7006931692723555e-07	0	0.013663168846493715	0.17745844121005847
7132	0	0	0.0078506969346704338	-0.10572222701893357
7133	-5.8982256276640668e-05	0	0.016300972763730354	0.14498687093760479
7134	-0.00024753468961322969	0	0.026246294706384808	0.13039965153368249
7135	-1.5052937390508392e-05	0	0.020732330588549099	0.098123569958927917
7136	-4.9700880707695406e-05	0	0.010031119342601081	0.087372773531691303
7137	-3.8063409156025017e-05	0	0.018215966079872206	-0.019289067547566718
7138	-1.988546827916271e-05	0	0.039762855441543982	0.55112238304661165
7139	0	0	0.025549955319307944	0.2113625520325299
7140	0	0	0.019312169117740557	0.076532016716814782
7141	0	0	0.014072865827351936	0.2134241570211691
7142	-0.00027365647241733295	0	0.031859079753965139	0.4480498630776239
7143	-8.1099323207017848e-05	0	0.012858314710645118	0.095747055144746906
7144	0	0	0.037456443160798505	0.34742459420891258
7145	-0.00012402313628665507	0	0.024299392327570217	0.39783013059043226
7146	-0.00021116641466650821	0	0.026578717000962683	0.2516388716985149
7147	0	0	0.021630920720332868	0.22079553985422562
7148	0	0	0.024554635410382365	0.20598773847729737
7149	-7.873455649242134e-05	0	0.019904310206907413	0.007780288825012349
7150	-4.7771360967735486e-05	0	0.012520796408703386	0.13371544471501767
7151	-8.3223785315911231e-05	0	0.025332262060906718	0.25304812107948982
7152	0	0	0.016239436337844575	0.30894029996300887
7153	-7.9727305513255242e-05	0	0.0155345856384916	0.11999496659196569
7154	0	0	0.0075738712000482907	0.15917460476991235
7155	0	0	0.003469914571948693	0.060151030803926676
7156	-8.7484425978384678e-05	0	0.025383491596343066	0.17238140297831114
7157	0	0	0.018395800825645008	0.11656815571432215
7158	0	0	0.031057081904765815	0.30199535136975092
7159	-0.00012539104066696671	0	0.027628115710123729	0.18398967488781964
7160	-1.5607341440926349e-05	0	0.019752339754274588	0.29784388566399639
7161	0	0	0.016469399874765325	0.22356666702304429
7162	-8.4054695463969825e-05	0	0.020151689381774199	0.24760719406422632
7163	0	0	0.025333562718108438	0.21555782439229146
7164	-9.1685757440801432e-05	0	0.024905237240471174	0.32628881761902961
7165	0	0	0.024180835981751189	0.22823595499428709
7166	-9.5747933478446129e-05	0	0.027657575636015286	0.2573839450293724
7167	-0.00011351486532775179	0	0.02969965462748082	0.41028871902886532
7168	0	0	0.020251199271957277	0.25557298986893173
7169	0	0	0.025171788040613808	0.29786940055064026
7170	-0.0001438154515687018	0	0.03350877102655081	0.45000942298474111
7171	-0.0001043097013162908	0	0.025998810094480539	0.065103871796221929
7172	0	0	0.017903464590237096	-0.32236137378908958
7173	0	0	0.0030786672600064042	0.15338266615991084
7174	-4.9105122506262755e-05	0	0.024976895903027027	0.24699798790963312
7175	0	0	0.020004176724220217	0.23336309440816239
7176	0	0	0.014328164037332187	0.099172377651653806
7177	-6.2795648267144349e-05	0	0.029138043935089009	0.024372349711706359
7178	-4.4810459549299296e-05	0	0.026881525194520074	0.43171648010044555
7179	0	0	0.025930792839778716	0.32755357174445054
7180	-8.5367055462842731e-05	0	0.016969157537916637	0.28202817308294159
7181	0	0	0.019122627546560769	0.26669778451807147
7182	0	0	0.0072836812226260124	-0.028771091143437521
7183	0	0	0.014643121286741556	0.17434542559279306
7184	0	0	0.029633578675368661	0.41530237423932803
7185	0	0	0.027859780611627794	0.11648602766056182
7186	0	0	0.0069634889175733987	0.043386631307804971
7187	0	0	0.011711325808863226	0.28906215512858446
7188	-0.00027391294086257509	0	0.026254489029171001	0.13350802413974544
7189	0	0	0.014207912537501328	0.00058287979761056377
7190	-0.00016016825759405107	0	0.027775869493511497	0.273604421704847
7191	-0.00012098308062059581	0	0.018861597935609785	0.18256666308535324
7192	-4.2530975332027986e-05	0	0.039586018200134604	0.39263380948115789
7193	-2.0973064234786067e-05	0	0.020719530450523573	0.30024042541778362
7194	0	0	0.012787712733341094	0.1412313507919033
7195	-7.7170190955572204e-05	0	0.028741563747735517	0.2354515288307395
7196	-0.00013678918331740396	0	0.028259570415314305	0.1626994883567757
7197	-0.00014163511498201941	0	0.032924049936508382	0.42202964049179953
7198	-6.2269259929431667e-05	0	0.026992070556576275	0.38501088258045635
7199	-1.8086863467398073e-05	0	0.007754212638116223	0.043030497630839444
7200	0	0	0.006316444147836481	0.0029123335766573335
7201	0	0	0.014965818209217607	0.20423310946432177
7202	-2.6793853916839971e-05	0	0.020871120123288789	0.25279085894482367
7203	0	0	0.016146266960017332	0.32104920542953413
7204	-0.00020356233601233066	0	0.026667560116729237	0.33242111966684185
7205	-3.1999030953644422e-05	0	0.013736880479757723	0.14554965744239776
7206	-5.6904860999923426e-05	0	0.017321396187444306	0.093820071463735985
7207	-2.3821608142621244e-05	0	0.025571881759364035	0.45079330243432902
7208	0	0	0.012853271127400165	0.18567121670441303
7209	-1.4990560456201729e-05	0	0.018195449093992462	0.15161368831995112
7210	-0.00014165877091225078	0	0.011433877817976067	0.12238219281832811
7211	-0.00021433897200326957	0	0.035676199278852509	0.21291766972977069
7212	-5.6795064345038779e-05	0	0.027436269597409794	0.24045287931519713
7213	-2.0540732027135577e-05	0	0.01904120615549525	0.22001565549550506
7214	0	0	0.017740353097461796	0.2058843075541362
7215	0	0	0.026390886650675349	0.28779510128008617
7216	0	0	0.027336199006869687	0.33185097999397734
7217	-7.213154485286033e-05	0	0.02297382829668675	0.042950387306408766
7218	-9.9233414424931834e-05	0	0.013465596329769495	0.10825951551059738
7219	-6.7903091979237826e-07	0	0.017505073058255917	0.262030810160648
7220	0	0	0.028594750560314363	0.26884689984112331
7221	0	0	0.007493258096919672	0.0051547070402242932
7222	-1.9214459375546665e-05	0	0.025791275701576633	0.28093610750220233
7223	-6.7120462554703939e-05	0	0.016599897890023183	0.20918016370982526
7224	-6.5626190781564725e-05	0	0.01384633422428371	-0.25141768835243472
7225	-9.3430054939680482e-05	0	0.014322377127785604	0.20072505396344603
7226	0	0	0.011485917887023311	0.10982717134254631
7227	-2.8641561446596241e-05	0	0.010502094960976135	-0.10943481355050866
7228	-7.6043877012210714e-05	0	0.034547425820306947	0.37007620916960893
7229	0	0	0.018916468325039237	0.17156365685361621
7230	0	0	0.023156341700345508	0.28909675474230145
7231	-2.5834591501117109e-05	0	0.024435154996945371	0.29049744159271218
7232	-0.00012985526168060035	0	0.019138703083251711	-0.16820924333281828
7233	-0.00026180889810278332	0	0.012267603813733041	-inf
7234	0	0	0.027225399534813989	0.2016812041563921
7235	0	0	0.021047158651278226	0.034146478477354594
7236	-6.3950742819007811e-05	0	0.025722992355673425	0.20400987161704509
7237	0	0	0.02123131054543758	0.2321404052435676
7238	-0.00013916943764922808	0	0.02752701023704358	0.45433472492438326
7239	0	0	0.017814591273932499	0.33564771747695477
7240	0	0	0.028635842810770029	0.2045898235932147
7241	-7.9765492083572193e-05	0	0.019053817905784112	0.25602037678914674
7242	-4.4365288417913541e-05	0	0.011521661474596902	-0.025297833538269955
7243	0	0	0.020236476007564445	0.096046784512291983
7244	-8.7670060315536697e-05	0	0.026811091418748413	0.31849143802802848
7245	0	0	0.023516474037676198	0.16168058423381484
7246	0	0	0.01761437096051344	0.3220287552390243
7247	-3.4359922943022478e-05	0	0.025732817549625919	0.3274913322695549
7248	-2.2823506547409166e-05	0	0.026351384440959608	0.20533768999966551
7249	-7.5041439242867774e-05	0	0.011284752809051862	-0.076665218694426829
7250	0	0	0.018981436722303215	0.23408544375529142
7251	-0.0001172662333874197	0	0.021205590172057254	0.059265963638251852
7252	-5.7969525364631735e-05	0	0.016765336009115783	0.061238562993467568
7253	-0.00011099724011464085	0	0.023347328040214992	0.27277977490317984
7254	0	0	0.0092184429124309401	0.070335076685234824
7255	-0.00010087962277509633	0	0.03156088598590652	0.37581159508387368
7256	-9.6539594346256583e-05	0	0.021005379356847716	0.10607037742755918
7257	-0.00018133775304957634	0	0.02967532318741669	0.37179364378430091
7258	-3.5993340756917955e-05	0	0.018952502012799386	0.25317852124161316
7259	0	0	0.015087843550126901	-0.0087730755326104366
7260	0	0	0.012484385084499025	0.049015480820574685
7261	-6.2893025967958316e-05	0	0.032462147277714959	0.39830150888919158
7262	0	0	0.012775055901328058	0.27815873715072498
7263	-8.5552150074019723e-05	0	0.01690795699866636	0.14190888034560664
7264	-0.00015219932870171594	0	0.032024493010967534	0.18830929825967385
7265	-2.758707123082793e-05	0	0.020580118177635363	0.13128960223494007
7266	0	0	0.015743398926500052	0.14043927727686872
7267	-4.7132963322787935e-05	0	0.028551803015866462	0.38084064114990762
7268	0	0	0.026144761198095133	0.12878263177317675
7269	-9.9382234657680038e-05	0	0.021407140001267012	0.040606529393450518
7270	-5.6534421723331005e-05	0	0.016319488859256347	0.05890354143804092
7271	-0.000142043349033405	0	0.01614798202693012	0.062163173705177655
7272	-0.00013097015139240664	0	0.020685571958098534	0.34692637278869859
7273	-4.696192849449332e-05	0	0.019823750487861898	0.23900155995983202
7274	0	0	0.0086656868380107777	0.2163470170412097
7275	-5.9644681649412276e-05	0	0.0068169013399972554	-0.020252526156987093
7276	-9.1344065710596833e-05	0	0.03529209197373305	0.30610018649100607
7277	-1.8368703881260773e-05	0	0.025655565473505115	0.30182641000785126
7278	-4.1019620598042873e-05	0	0.02144683479824392	0.29244986940895462
7279	-0.00013163516393504548	0	0.020689083246816807	0.2558987946969043
7280	-3.3060493525649545e-05	0	0.015817052592372073	0.077359934456991547
7281	-1.6814121791430824e-05	0	0.032567097500215497	0.24257945976841594
7282	-0.00011899789762364055	0	0.027115469773651469	0.29369846870868732
7283	0	0	0.013760162649576999	-0.0100290871699866
7284	-3.1753951334467792e-05	0	0.0172778745154086	0.19654004170142741
7285	0	0	0.021910065456817448	0.27001544769617886
7286	-5.0366953224456615e-05	0	0.022535981138766335	0.29155044472387759
7287	0	0	0.022666634406954191	0.34287948756975578
7288	0	0	0.015515665079785579	0.19684484725917567
7289	-5.0724735397639219e-05	0	0.019947756369889325	0.246058784434875
7290	0	0	0.023229287201295662	0.3418909543038936
7291	-8.6167363445027739e-05	0	0.022413026381698186	0.042526456549095301
7292	-3.3024826609923116e-05	0	0.020020236929190173	0.12969847233667225
7293	0	0	0.022811518130190049	0.20441853163667548
7294	-7.1700383334760698e-07	0	0.020078631568211051	0.22589067883813696
7295	0	0	0.01311896212362366	0.075802091219959983
7296	-3.6490732850408272e-05	0	0.017526892213316211	-0.057681726052580339
7297	0	0	0.01724281997183038	0.050327909730763586
7298	-0.00014215622670717408	0	0.030617740958665506	0.31519257410030532
7299	0	0	0.010901632187253197	0.12586553356939817
7300	0	0	0.010056665617729232	0.28060430348016258
7301	0	0	0.028516669014117819	0.19875847319418369
7302	-1.789972788316385e-05	0	0.025217199420035162	0.37939965456721592
7303	0	0	0.025691042606534258	0.29720323434972606
7304	0	0	0.024713983162959752	0.40558632495878
7305	-0.00015763342480715759	0	0.02898578693270043	0.34196590869426874
7306	-6.5186796728405888e-05	0	0.0089432413316190111	0.070017749349135197
7307	-3.8042931926346449e-05	0	0.020906790541758428	0.25553440761545942
7308	0	0	0.018703070191962611	0.23077097014609924
7309	-3.1208781529562525e-05	0	0.019613554805971295	0.19358128771601396
7310	-7.6831219912654178e-05	0	0.027510136587007832	0.33113466249823864
7311	-3.1640784823855347e-05	0	0.029052026597554043	0.4934640616756914
7312	-0.00017906998383656613	0	0.016545922265535341	0.13470567873815859
7313	-8.5090404584892146e-05	0	0.021460946294148395	0.29364575509897117
7314	-5.9727544687593334e-05	0	0.020906421778478766	0.19931061594719801
7315	-5.6928261825003879e-05	0	0.021194337941264942	0.1959596014301582
7316	-3.2232238877494268e-05	0	0.018612381355166588	-0.048664576151693818
7317	-0.00012690620993807133	0	0.024949770505911576	0.12956317863993519
7318	0	0	0.0058956490868139009	0.232757381902021
7319	-9.7396967730889456e-05	0	0.032244332663364642	0.37007432920728406
7320	-7.4018303693423879e-05	0	0.023289005582433225	0.070704273193393424
7321	-0.00019804067931189495	0	0.025076625033209354	0.2575490207582587
7322	-0.00010681333460798026	0	0.007025985431095799	0.023099807764246139
7323	-8.1463340319165578e-05	0	0.038543095239208701	0.35374520865041276
7324	0	0	0.014796895542374252	0.28035852124688604
7325	0	0	0.0095038987363871424	0.17682167799946605
7326	-0.00013222939522494203	0	0.033495155623305725	0.34985928924750509
7327	-0.00016749209574831725	0	0.034593717684213786	0.38189690756291228
7328	0	0	0.013272434499814601	0.1899684628100724
7329	0	0	0.033076451972664241	0.32723950010960051
7330	-9.7581586192185815e-05	0	0.025434636352738106	0.31192705344052774
7331	0	0	0.011703301685389874	0.020568452110817835
7332	-0.00010544648947750091	0	0.034262792353011745	0.1940064666842464
7333	-5.2379816337483344e-05	0	0.02627948387703961	0.30716897757883321
7334	-2.3223319171999934e-05	0	0.019811043503895651	0.1270342202199321
7335	-6.0268798842688651e-07	0	0.0081721935048079761	0.088538546372252933
7336	-3.7298619479958495e-05	0	0.016200770176211472	0.17479118652807307
7337	-0.00016776473551296522	0	0.014567988227701742	0.20726475253043258
7338	-5.8232780551539799e-05	0	0.015338648063577483	0.21970363508996771
7339	-7.6794906735666582e-05	0	0.02030196105005028	0.25281312883256035
7340	0	0	0.01064725838808402	-0.15669576650776745
7341	-0.00010122730549782521	0	0.015463575295279841	0.080182119539121077
7342	0	0	0.019369911040430652	0.34619449635919136
7343	0	0	0.010216950260301057	-0.073038243020216054
7344	0	0	0.030482488800782297	0.42416958500579616
7345	-9.6056563623503341e-05	0	0.020501054994370046	0.14614482580656163
7346	-0.00015979838791787548	0	0.015369851166267379	0.087714741723348116
7347	0	0	0.024368062881243342	0.28192960764399216
7348	-6.9644937278845465e-05	0	0.024968040198966764	0.18070406974114989
7349	-5.0542376563050827e-05	0	0.010061425547654082	0.18631054190290866
7350	-4.1479466906413354e-05	0	0.020380488101437437	0.062379438835181114
7351	-6.6332929936124824e-05	0	0.020372384734030691	0.30194127509460833
7352	-9.719293300300969e-05	0	0.035400870455188513	0.27564313840705063
7353	-0.00014364197875401662	0	0.025549825147842153	0.46624780945772548
7354	-0.00010583442678440136	0	0.024394495683769685	0.3919095757994947
7355	-5.1750067817907253e-05	0	0.037046581194097823	0.4652265813142959
7356	-0.00013250870354895029	0	0.01453631842675945	0.097280810122703246
7357	0	0	0.015407431469363186	0.31859483728068705
7358	0	0	0.011564122253961039	-0.031914881266712526
7359	-5.2429156811584225e-07	0	0.0088791379263063984	-0.023934625419106348
7360	0	0	0.012094721752598977	0.094145235186804038
7361	-4.6833939219081967e-05	0	0.026133115195034241	0.22694444432987596
7362	-7.2349182628217434e-05	0	0.027554157983925531	0.081150555528477983
7363	-6.9411997458582178e-05	0	0.014331010105516063	0.17092213344670051
7364	-0.00012779944718478985	0	0.020447418970282513	0.20289214013669307
7365	-3.0746926862695867e-05	0	0.025651542615003492	0.27223084031344202
7366	-7.5137198321811877e-05	0	0.021431071199957248	0.27744880853878973
7367	0	0	0.0044647159227187237	-0.028659576610132707
7368	-2.6415093801290811e-05	0	0.028625601826645163	0.18186490487134366
7369	-0.00030064405258768966	0	0.022281466831941012	0.39841147670060295
7370	0	0	0.011653249144342997	0.13865048985167894
7371	0	0	0.021658720130096679	0.072800255758321983
7372	0	0	0.021370011744093483	0.16026748628775972
7373	-2.5902506312447392e-05	0	0.031164833915987566	0.24279038524045138
7374	-3.4343447786050474e-05	0	0.023023669207517732	0.25412394187494725
7375	0	0	0.017745282639241501	0.17257250779743033
7376	0	0	0.017368874399232105	0.24791889490766619
7377	-4.2638655580173881e-05	0	0.015278155135336525	0.18384412300623684
7378	-2.8954775161471603e-05	0	0.035971760436633374	0.28041649907646587
7379	-0.00011928172668170811	0	0.011565130536516288	0.26854896472270651
7380	-0.00014071763609997955	0	0.024590454236101188	0.24054113260884197
7381	-7.1903451753813075e-05	0	0.023302983181356936	0.27351525281259048
7382	0	0	0.014558795916280251	-0.027617161870342345
7383	-3.2944829064429638e-05	0	0.030073375633757747	0.35328161916319756
7384	-4.9892503511261842e-05	0	0.012208263817613679	0.19249157553523305
7385	-5.9474817586102627e-05	0	0.017642317106709764	0.16530688155052542
7386	0	0	0.0070063522997499041	0.026137664884527418
7387	-4.3857219689386051e-05	0	0.019450748000251088	0.15329309225358451
7388	-1.6565466790544048e-05	0	0.018835114404359091	0.051442126786152065
7389	-0.00014853722804240578	0	0.027606852810417592	0.32044514036261129
7390	-0.00024458279005920016	0	0.030894049064616857	0.42180474842750054
7391	-4.4561078956406594e-05	0	0.015230381829358347	0.061622002404810708
7392	0	0	0.0091246449165175072	0.12365105143868774
7393	-7.6354125568539596e-05	0	0.022984454765116367	0.21762172311749167
7394	-5.9990995755904164e-05	0	0.028973629571690772	0.38165457133669645
7395	-3.1357111307700468e-05	0	0.021770122177611741	0.23876110246982102
7396	0	0	0.01397930406931075	0.02014824195571091
7397	-0.0001236327402387355	0	0.034884190178197771	0.38147010478755988
7398	-9.9115730549903519e-05	0	0.023722937675799985	0.21970020711954047
7399	-4.7494723601060326e-05	0	0.029255027044662131	0.31148693075693512
7400	-5.4419835987001841e-05	0	0.035893710217545949	0.37350948713473148
7401	0	0	0.0059019592601635305	0.070400023197671219
7402	0	0	0.019560815205570931	0.157426662621132
7403	-5.2293191839872244e-05	0	0.015946079932562914	0.24948938300514109
7404	-0.00012004641808013861	0	0.029718575993971687	0.4522045870288956
7405	-8.5656739121564579e-05	0	0.020332176057781263	0.20593901486176414
7406	-3.0389502260425026e-05	0	0.025704310806262582	0.32481453707059404
7407	0	0	0.026664718828924277	0.30832456931748864
7408	0	0	0.011400909873654405	0.17629704270986521
7409	-5.8722190808144226e-05	0	0.029236588627062982	0.47533019215420225
7410	-7.1625796506136213e-05	0	0.031870708133263828	0.3903218340340901
7411	-0.00018599327205897075	0	0.033040864335364219	0.38866923480127136
7412	0	0	0.01621383006346018	0.16930386799669189
7413	-0.00012346106656271894	0	0.027389275717650964	0.310222573257465
7414	-0.00014518683995777272	0	0.024800122911573578	0.23642486817942512
7415	-6.4660767325469543e-05	0	0.0281262866809469	0.44073831947028735
7416	-2.9929429936803587e-05	0	0.020963403277011752	0.28895570820206185
7417	0	0	0.01676523351469613	0.31699466361094952
7418	-4.5727503846243466e-05	0	0.020096486010109969	0.2465692471437031
7419	-1.549657285325745e-05	0	0.013456282967715168	0.12503063685066623
7420	-0.00011332452770226319	0	0.023082561112523294	0.15043073752545574
7421	0	0	0.019714187403285937	0.15041613033129458
7422	-7.4039247883758713e-05	0	0.024888066351960385	0.089290176099496091
7423	0	0	0.015949508712923204	0.18834853028302004
7424	0	0	0.01359651245498034	0.17416753728812631
7425	0	0	0.016919410987420551	0.19170441448430342
7426	-9.2680479325651938e-05	0	0.021688380655895966	0.24918634251785821
7427	-4.4005589543627542e-05	0	0.021528246296782634	0.31081451733953824
7428	-5.6603297360269254e-05	0	0.011367580074368075	0.067187091527181927
7429	0	0	0.022457038912098527	0.1719086423171774
7430	0	0	0.011423114899830857	0.16097980258664113
7431	-6.6982701903756109e-05	0	0.027625161317731572	0.23374712131224137
7432	-5.6960272438288939e-05	0	0.018898009374594557	0.34937616223537865
7433	-0.00013609386249161526	0	0.022531992482281403	0.11713545575921391
7434	0	0	0.026829878886854185	0.29116207847804876
7435	0	0	0.01948673852945932	0.05840702595581506
7436	-4.3128449208074124e-05	0	0.015099984732534216	-0.015002354825591858
7437	-1.7700830188210891e-05	0	0.014329053507413389	0.27039991345981479
7438	-4.6072192484580834e-05	0	0.016017085794237947	0.24159158644252782
7439	-0.0001183982980109105	0	0.026722908703976912	0.27476725723957229
7440	-1.584271391810721e-05	0	0.022593703262743296	0.18639630864583334
7441	-8.0200820695847108e-05	0	0.014851248760103861	0.18221555905000755
7442	0	0	0.027808173421340444	0.31247448979840059
7443	-9.9745994532257629e-05	0	0.015155204293909947	0.084893695923557416
7444	-1.6592743678833789e-05	0	0.019709327363654109	0.21405389587344784
7445	0	0	0.015673783471395829	0.063785186413983591
7446	-5.9770177530787948e-05	0	0.01771297396846927	0.3430250696147058
7447	-2.4789392612040161e-05	0	0.011466568454891333	0.096707221835562573
7448	-0.00018578926030261012	0	0.025871554125591934	0.29569999652976497
7449	0	0	0.015133234026303229	0.11015632281045704
7450	-7.3363651789393192e-05	0	0.016647006004818769	0.28652401801711613
7451	0	0	0.0040568456000792258	-0.095777391576103127
7452	-6.2307917116255496e-05	0	0.020021921914581194	0.22685221688287593
7453	-1.7288480424343389e-05	0	0.013827958142314365	0.086551759085684216
7454	-0.00010274503071658892	0	0.022304501746970511	0.021250908962489833
7455	0	0	0.01331804807882433	0.41110177166547712
7456	0	0	0.014564182579113863	0.20029393007111423
7457	-0.00015100953532250216	0	0.021487681432923254	0.10991745639410819
7458	-6.0478834137167595e-05	0	0.01678168952874565	0.28390658952148551
7459	0	0	0.027812407613804123	0.36745463636638287
7460	-6.4746648256502887e-05	0	0.030786081014829759	0.2897688314601975
7461	-2.835444767003703e-05	0	0.014333216988369504	0.096179727241372442
7462	-0.00014194887040948622	0	0.02743011622653142	0.2282297843969027
7463	-0.00012281263323957181	0	0.025679215457768245	0.23547591201128298
7464	0	0	0.022241884595900836	0.3120834415052523
7465	0	0	0.032838354527583546	0.27272874865813013
7466	-5.1551600199717382e-05	0	0.01510638207071878	0.17165642056126454
7467	-3.1444551101411643e-05	0	0.02087840333857376	0.2679657354492081
7468	-0.00010578453532436027	0	0.026703532411402942	0.2022989707908765
7469	0	0	0.021304848304636984	0.050529602534262162
7470	-6.3621572850763861e-05	0	0.01820823289970764	0.26302832438305257
7471	-9.5121675740822415e-05	0	0.023179272660002533	0.33776201714534038
7472	-2.9685304840632031e-05	0	0.0092770331362738469	0.09157153814043581
7473	0	0	0.018262641545660308	0.15842083567995419
7474	-1.3895098466609745e-05	0	0.015138399586945437	0.20487747207821166
7475	0	0	0.017762385402453805	0.28681673309975797
7476	-4.5677485626033354e-05	0	0.010040166137269472	0.22165357944837397
7477	-5.0932306181239453e-05	0	0.030439363259154518	0.31990030299197486
7478	0	0	0.0073593648867975566	0.013744414964468887
7479	0	0	0.016901572595036923	0.21278876071938796
7480	-5.4565170026998899e-05	0	0.020314444760439223	0.24647277338175808
7481	-3.8696710070607046e-05	0	0.031056279723673075	0.40702726811464923
7482	-1.444342838561874e-05	0	0.010920016151228788	0.058111188330102002
7483	-1.5935164620095586e-05	0	0.014080808831097257	-0.09991797267042471
7484	0	0	0.02142908275734668	0.072745769188737125
7485	-9.4823483322697968e-05	0	0.020021376694961499	0.3433310709466878
7486	-8.3572242145824041e-05	0	0.018282936212329567	0.077836212090737919
7487	-1.6422215489142467e-06	0	0.03346063492521488	0.36079737052359201
7488	-0.00014673943332547956	0	0.01949481452576006	-0.11138976026255512
7489	-3.7773008760325079e-05	0	0.015510134356878747	-0.17204148092546853
7490	-0.00011476555629406637	0	0.022463236152376265	0.21052742711173583
7491	-4.4466718907515411e-05	0	0.012794767792087275	0.032858809546073571
7492	0	0	0.015102602922472735	0.20600029689231225
7493	0	0	0.012769888272053415	0.32422928540803114
7494	-5.30476319323403e-05	0	0.02133235220219943	0.25245569317673267
7495	0	0	0.012187042116397293	0.20738924989069507
7496	0	0	0.0072208655197219945	0.073981910431077214
7497	-4.2593322654521648e-05	0	0.018836325133462502	0.32413005525903693
7498	-0.00018046180474023398	0	0.024771964381070356	0.33885292074494167
7499	-4.6829670857229109e-07	0	0.027759091277595026	0.35341572881330291
7500	0	0	0.017025251511277015	0.22446179928545495
7501	0	0	0.017787334384014433	0.22853448593418851
7502	-5.7220527180312788e-05	0	0.018657253544614668	0.20858982509836038
7503	-9.1678420195126509e-05	0	0.027917710070203838	0.17338362625862774
7504	-1.886964860655649e-05	0	0.030583182063769421	0.20986844793236537
7505	0	0	0.018927452879261224	0.11767416358076969
7506	0	0	0.021663427765321173	0.23404639677217504
7507	-8.8862224605987255e-05	0	0.021082002705825772	0.12636917293513422
7508	-3.9461952368996525e-05	0	0.025766872721861199	0.16417454294944558
7509	0	0	0.01987596495150349	0.36334028683422176
7510	0	0	0.017375914434556303	0.16783687344768958
7511	-2.803322170164546e-05	0	0.022651196622153168	0.30192439859226938
7512	-3.6971631940158069e-05	0	0.023608433144540135	0.14389168135940969
7513	0	0	0.0093237990975604916	0.20812469810519776
7514	-4.677877501740868e-05	0	0.010580826628630935	-0.028540536446011226
7515	-8.3264091722390352e-05	0	0.035864027377046567	0.33263068803091367
7516	-2.3451890069309254e-05	0	0.023341654643365923	0.17774230009668512
7517	-8.9072143438184701e-05	0	0.021677843411239409	0.27539803718559425
7518	0	0	0.015536794712903082	0.071053936356453684
7519	0	0	0.018706689442147765	0.071650558605285894
7520	0	0	0.018096531544908586	0.33685794411288045
7521	-5.8829427361761778e-05	0	0.021890444577245774	0.29503758430581745
7522	0	0	0.029489078721859064	0.50793624169659868
7523	-4.7669033962371984e-05	0	0.024799366529097634	0.37893038438985582
7524	0	0	0.028701295055029646	0.26493932609184045
7525	0	0	0.0014899426564502576	0.07069693855027917
7526	-6.2322152396787617e-05	0	0.017622929852040614	0.30588713370198889
7527	-6.8472726093671277e-05	0	0.012364078847708071	0.24510194693131834
7528	-1.9997033186089363e-05	0	0.010111170791383494	-0.14167127730609685
7529	-4.4842854544208109e-05	0	0.015595748742258076	0.16609001145006247
7530	-0.0001539345694003047	0	0.021626876678968794	0.30919379367841893
7531	0	0	0.02759877689313963	0.14004482996261122
7532	-0.00017107915110375904	0	0.037428888474044728	0.36396794509943253
7533	0	0	0.022811148525002763	-0.1192013540800307
7534	-1.3890262675175791e-06	0	0.028593521374333696	0.32047921952901082
7535	0	0	0.014933482504140432	0.095155758392009654
7536	-0.00012044603822943811	0	0.023437717089712925	0.2748639565142651
7537	-2.8539697577434353e-07	0	0.022646881134467094	0.16005680049199206
7538	0	0	0.013008363242125334	-0.077079690608610849
7539	-0.00024916327282535622	0	0.012097843309477958	0.046973834269365099
7540	-0.00013475635765911598	0	0.020351085244557206	0.26425338838625179
7541	0	0	0.017516666075339287	0.31060289122185442
7542	0	0	0.016980404292911408	0.11958963279176268
7543	0	0	0.0094923220841838934	-0.015956086413344384
7544	0	0	0.02594349654685545	0.26808262488213752
7545	0	0	0.015105418862493711	0.10887999596372437
7546	-5.9454912586637264e-05	0	0.020777810322910574	0.25622487154520412
7547	-7.0330435846371891e-05	0	0.028738369423804044	0.30460941257200397
7548	0	0	0.025069278352158598	0.32490672052339115
7549	0	0	0.0056482179014403413	-0.060943153936283176
7550	-4.8943732639000759e-05	0	0.023861034632961992	0.29604748104782275
7551	0	0	0.0073495141225125736	-0.050832398065417374
7552	0	0	0.028390255219900455	0.13426660062547144
7553	-2.3793767811286502e-05	0	0.013489286974020201	0.12985319422981539
7554	-0.0001360647618437405	0	0.02696562837363279	0.31858016864311239
7555	-9.6700317952835846e-05	0	0.032637249431384095	0.29686693806073017
7556	-0.00012733628554892351	0	0.02752597410535158	0.29653772119149963
7557	-0.00018007270946980846	0	0.020749074329691784	0.21548109754532402
7558	-8.5982073598295242e-05	0	0.017647145862985734	0.090619188911549894
7559	-8.7719115128431777e-05	0	0.028678744428916582	0.49815107405144304
7560	0	0	0.018541156031513337	0.14276070109712113
7561	-0.00010307272084373875	0	0.02170163443098538	0.17922071262777933
7562	0	0	0.012084608619193032	0.094404087621754604
7563	-5.5079573730620893e-05	0	0.014572554210121829	0.21849333325911627
7564	-3.8431726711807279e-05	0	0.025834587713778234	0.23892437026111954
7565	0	0	0.036231694923178397	0.40837735941081615
7566	-0.00010744869367010079	0	0.034005139670312282	0.35284488615520571
7567	0	0	0.0096451382843066452	0.089374225711106453
7568	0	0	0.018277631350357693	0.24495495219789981
7569	0	0	0.016682268910947894	0.23797225125688448
7570	0	0	0.0012451810994703384	-0.39139568932198959
7571	-3.4907145038504118e-05	0	0.025570802241185443	0.14617665494112025
7572	0	0	0.016106043528077783	0.19707332163590749
7573	-8.992549279546736e-05	0	0.025322344127149499	0.29337151703819325
7574	0	0	0.014358062076655274	0.19238400664034588
7575	-1.7624015868322741e-05	0	0.016913889542386751	0.25487297165879091
7576	-4.8485979175627578e-05	0	0.025558134338920228	0.24702780604428462
7577	0	0	0.011982632453701935	0.18850558847786841
7578	0	0	0.029165260521865483	0.32297603344033077
7579	0	0	0.015946601156304446	0.30296330056707493
7580	-0.00011297834914088534	0	0.028609535625187178	0.41462513701569181
7581	-7.7802804602244977e-05	0	0.029457694911273868	0.25005173408424786
7582	-0.00017491698743967165	0	0.017242839381676207	0.11140388696672024
7583	-0.00010612786320963463	0	0.016012215205629246	0.048606761489936721
7584	-7.5167109080087608e-05	0	0.014357502471590733	0.036707610326436851
7585	0	0	-0.0012673523098198746	-0.079756860237484323
7586	-1.3387237140316533e-05	0	0.007362405052687709	-0.1365963052358854
7587	0	0	0.0038705710798381089	-0.0089553576010428168
7588	-2.4584446446362928e-05	0	0.0217170799393143	0.086778602116857964
7589	-4.4835454091135543e-05	0	0.013715564476843193	0.031754455961267122
7590	-3.2473696114881936e-05	0	0.038106831620583148	0.240671791536125
7591	-1.8087732559768364e-05	0	0.032050220878667393	0.13424027938387542
7592	0	0	0.022455898653957005	0.14683146348208548
7593	-6.7167375665905246e-05	0	0.048062611653767573	0.51922461154409905
7594	-0.00013871388313295153	0	0.026710243032120252	0.30130401203812984
7595	0	0	0.01784409304866582	0.20145166298834458
7596	0	0	0.013910145889988798	0.14860463582645528
7597	-1.1634604657861925e-06	0	0.0228798147773084	0.23106912642979585
7598	-8.4480913355927664e-05	0	0.016895117812771473	0.19289998896568555
7599	-1.4433514509376576e-05	0	0.029187820388667352	0.27940634817258336
7600	-2.5896894772919898e-05	0	0.014704501867168391	0.28723191470698023
7601	-0.00023779336697138942	0	0.028148037346714234	0.18471800687115331
7602	-0.00013061289110110618	0	0.030207966245945468	0.41944672096973168
7603	-1.9871395892645526e-05	0	0.017719258325335299	0.25614804748221076
7604	-3.9548761492708139e-05	0	0.020151783092058777	0.27025741147541127
7605	-0.00013258079986794847	0	0.011778607358002634	0.042359302804902632
7606	-5.9382506934058107e-05	0	0.010854015441772474	0.079204301256106335
7607	-0.00014500262576616906	0	0.018055502636525785	0.26959834594415677
7608	-4.9387130246558716e-05	0	0.026210773746335438	0.36381099095688441
7609	-9.927750768661259e-05	0	0.027082122085574357	0.29868922194152259
7610	0	0	0.0022078695012288816	0.036757045487482078
7611	-5.3518998339391331e-05	0	0.023116590745228274	0.16877782724557186
7612	-0.00023815944335559279	0	0.010821633664339669	0.081277047479700756
7613	-0.00012458829278514939	0	0.026730988530233368	0.27368176108537368
7614	0	0	0.018180315601957805	0.17038540887903303
7615	-9.2292747503647241e-05	0	0.02310379363970284	0.29124038730704843
7616	0	0	0.021173520771251092	0.24650875226279431
7617	0	0	0.026625724840163824	0.41608846749366074
7618	0	0	0.027626867695896389	0.22807530514069424
7619	-0.00019625268100461612	0	0.013092200568283804	0.27995609133909644
7620	-6.3537605772734368e-05	0	0.02636266216304356	0.096312648081446933
7621	-1.6394698189348132e-05	0	0.012197160175810417	0.016559116854553958
7622	-0.00012185927578209077	0	0.016431868991419813	0.056861887220888932
7623	-1.8369202101770066e-05	0	0.016906313334683003	0.2135809264098886
7624	0	0	0.018177062682042881	0.17896367527113596
7625	-3.7690706531051668e-05	0	0.024159664550267253	0.21865862543810191
7626	-0.00010256466142602449	0	0.027278180316416805	0.19747242320327851
7627	0	0	0.010362299643044581	0.13493007010019126
7628	0	0	0.016049677948780441	0.20337352630623315
7629	0	0	0.0099056909371652048	0.1656042931606535
7630	-2.8937834859449341e-05	0	0.027740536282584927	0.12799070032379053
7631	-0.00016051390838875968	0	0.025715470411175206	0.283043289237558
7632	0	0	0.0090226099897595998	0.16709560282360558
7633	-0.00018616821437253406	0	0.027470094540059432	0.22333498598381443
7634	-0.00010964815614879498	0	0.015987482152873912	0.1838957867266765
7635	-5.2454501865017991e-05	0	0.008203309703634587	0.18865676480751176
7636	-0.0002161440390320457	0	0.024953906514648513	0.29982109761512665
7637	0	0	0.014782979954805892	0.1349204770001497
7638	-4.9935525662708757e-05	0	0.030409786421813099	0.29980702019150285
7639	0	0	0.015045045497536293	0.28616884831049272
7640	-0.00012639308205344423	0	0.02833407695773139	0.3150616785034317
7641	-0.00016108322191840107	0	0.017306375200501163	0.23701211335760403
7642	0	0	0.0099248936721443495	0.046030886770877966
7643	0	0	0.0033143729398212862	0.0077679666632527681
7644	-0.00011581969946536375	0	0.019789354363372102	0.15818367724112647
7645	0	0	0.017015424124693486	0.079867779765009764
7646	-3.192549071069917e-05	0	0.0089791609814450606	-0.029591278383830778
7647	-4.8283670397319958e-05	0	0.018659272106523562	0.16239679174159824
7648	0	0	0.015511803374072866	0.1918501856374813
7649	0	0	0.032890495460282311	0.30520355954857969
7650	0	0	0.022574709173977948	0.23850413596417086
7651	0	0	0.029197235017626177	0.36127227237374437
7652	-7.0852303250346077e-05	0	0.016879194961053105	0.20874287942306519
7653	0	0	0.015763974315979985	0.21901124258426305
7654	-3.8476358700506583e-05	0	0.013598259245462912	0.15358179460171839
7655	0	0	0.018228421685729513	0.13587321993925416
7656	0	0	0.016795192105300973	0.26207791021118532
7657	-0.00013382932501312394	0	0.032393665692720952	0.39200636732508026
7658	-0.00017716187962906748	0	0.030078613830369361	0.5131721722380489
7659	0	0	0.020734158107434501	0.2553128997450777
7660	0	0	0.02512302298765598	0.25685310342824391
7661	0	0	0.011505551431517255	0.15923789438316277
7662	-8.3507879468147639e-05	0	0.022680156276566991	0.32084253186132761
7663	-0.00010373510364716231	0	0.030666323888686141	0.28665857824491459
7664	-5.0330898075229283e-05	0	0.010105428246283601	-0.0037635330512215625
7665	-4.9588790501794991e-05	0	0.017573893668770095	0.11531401138168777
7666	0	0	0.012902809096184176	0.14743466252488155
7667	-0.00016654751543481171	0	0.025773742300773051	0.23984601021394023
7668	0	0	0.02087580772303731	0.25103518983267598
7669	0	0	0.0032273735637911556	-0.061487180844713704
7670	-3.1461953380812477e-05	0	0.016287895613673855	0.089130960793289277
7671	-8.4696540716200361e-05	0	0.022515662001841286	0.34634654615802896
7672	0	0	0.0096851691131647957	0.048644600527382079
7673	0	0	0.017245451405484093	0.22337774777151398
7674	0	0	0.0072023804147332508	0.20014667220249077
7675	0	0	0.014359722654421064	0.1163026289106999
7676	-1.8615771660190906e-05	0	0.01569859948152566	0.19561880531365111
7677	-0.00025121662571343242	0	0.031563244962500778	0.2472091368427885
7678	0	0	0.0090232246448687346	0.21562216918567662
7679	0	0	0.0059299992072699174	-0.16410275529607735
7680	0	0	0.007396273723223018	0.14162401692806395
7681	0	0	0.020525855117274713	0.2407507946104781
7682	-4.5171652100950419e-05	0	0.015262867053381904	0.19102147200282329
7683	0	0	0.031367027120566424	0.31425722929394484
7684	0	0	0.031780460103523402	0.46142984073135357
7685	-5.5354883760039276e-05	0	0.025878485245492161	0.26065990475998385
7686	-2.0154884178641419e-05	0	0.018144472959704526	0.27175401464348059
7687	-2.1816400623581034e-05	0	0.020845995728866158	0.22860633466921504
7688	-8.3778973932024936e-05	0	0.023915303852676706	0.21350036749201787
7689	0	0	0.024590766742933291	0.24882569997872528
7690	-1.7693180221256543e-05	0	0.025264484027617551	0.15320295283400609
7691	0	0	0.011746460436109173	0.12594688025524289
7692	0	0	0.026520601919226089	0.081624779764191732
7693	-8.1846306398403177e-07	0	0.023230074259028934	0.2981075947765508
7694	0	0	0.018242278059084689	0.039138336554426119
7695	-5.4601227381084747e-05	0	0.015244467654310864	0.12306894853112504
7696	-0.00010905185571912224	0	0.018320842879158829	0.15104889458477438
7697	0	0	0.014953675316431898	0.17263464190909866
7698	0	0	0.021224489057963997	0.22947367675624405
7699	-0.00018525160807231211	0	0.033418129169787689	0.26401272683553378
7700	-3.1789352130728862e-05	0	0.021302522925166264	0.2348396551249409
7701	0	0	0.0071653363968445542	0.097422415155022965
7702	0	0	0.028365900443179003	0.28828939375285828
7703	-0.00014049809362288724	0	0.021679324176214213	0.1568432258038856
7704	0	0	0.0039988264757647553	0.037832617722134199
7705	0	0	0.014183284064456255	0.11109283761986991
7706	0	0	0.020942821914016259	0.4599470081214882
7707	0	0	0.020680108163009518	0.23321228174498118
7708	-3.2666718584223323e-05	0	0.009342325365666251	0.068759125317481434
7709	-4.3989474258282482e-05	0	0.019141679691135213	0.1467658662927426
7710	0	0	0.0064745146938840733	0.10466484145861939
7711	0	0	0.015152738882795638	-0.022629491173637929
7712	-0.0001060648465722347	0	0.026700438027390326	0.30577922100529059
7713	-8.1404575847798816e-05	0	0.023090952423612296	0.095244514257192672
7714	-0.0001406332208165162	0	0.032231594187866704	0.18928556525887866
7715	0	0	0.026462032682954086	0.28174305405385086
7716	0	0	0.0076148457011122493	0.069875452967012336
7717	-2.3129813380234898e-05	0	0.014023358417471776	0.16387818142683908
7718	-5.2830310480622698e-05	0	0.014931379608132409	0.064107179464571756
7719	-2.2887083078421133e-05	0	0.015855106312318939	0.010963475584711935
7720	-2.781238684058107e-05	0	0.029045896339777572	0.15063153153370404
7721	0	0	0.012964556845204023	0.07476114633826389
7722	0	0	0.018042054871900449	0.41622313390457871
7723	0	0	0.013072967506287957	0.13883371166396757
7724	-5.3562785498784127e-05	0	0.021950174902337714	0.29687635268780754
7725	0	0	0.0088025573208617251	0.2421187327646741
7726	-6.341969934747782e-05	0	0.023554409278688029	0.27804601919470751
7727	-0.00010481668553333768	0	0.028030266738767119	0.33751481827003893
7728	0	0	0.028174993565270978	0.21709572795228871
7729	0	0	0.02335488390853175	0.21431331630092956
7730	0	0	0.0061375857970557886	-0.042079445009981661
7731	-2.3842075145369402e-05	0	0.016447394526790303	0.13922418318263088
7732	0	0	0.02143555809348998	0.032681959603409305
7733	0	0	0.0099710567277632774	-0.015530946103831314
7734	0	0	0.01934889890459331	0.14769600703764071
7735	-0.00011754597307915838	0	0.022410020221103992	0.25324613117707162
7736	0	0	0.008074132569909017	0.026907776037900771
7737	-4.534384649956258e-05	0	0.022772442407792241	0.23793670007772252
7738	-0.00010551679394782409	0	0.023196998854510289	0.29913519249423759
7739	-2.7695230952218265e-05	0	0.014315959289137837	0.20061392580045387
7740	-8.9891265074493182e-05	0	0.026111325446156231	0.29913718734434225
7741	0	0	0.010192832511098255	0.026393875288800061
7742	-7.9565191797836837e-05	0	0.021169092587322632	0.31817463657387257
7743	-3.8740471197890038e-05	0	0.02888246670604161	0.3646230205638844
7744	0	0	0.016436997996355625	0.21568979521318915
7745	0	0	0.028257169078825296	0.32668887912293443
7746	0	0	0.0074084464885281085	0.12841919694132983
7747	0	0	0.0078475248141167773	-0.055677085954587348
7748	-0.00015993552480347839	0	0.027261209778794981	0.33858292691838432
7749	-8.0926914400281097e-05	0	0.021365113012771796	0.11078655722304456
7750	-6.987564196056506e-05	0	0.019402179294579668	0.2775101373998981
7751	0	0	0.027798251323939881	0.3018263724524326
7752	0	0	0.030875010984082595	0.30769011137889685
7753	-0.00014502215215458913	0	0.025397490944642588	0.26005569142554075
7754	0	0	0.0073838000616602119	0.084792165072071338
7755	-0.00019724262348692068	0	0.026007148177194454	0.48517328735795529
7756	-8.9212390662368746e-05	0	0.017255210163913268	0.070110787074564779
7757	-2.9463686746161734e-05	0	0.025517626191127497	0.29635479855607405
7758	-1.8850777272111374e-05	0	0.026631378822528508	0.29013159284463591
7759	-4.3737801286636291e-05	0	0.016124818581911043	0.22235931975101386
7760	-0.00016932659979604914	0	0.02502329712121425	0.16593297294557699
7761	0	0	0.01182384015653544	0.048355364250592711
7762	-0.0001318996624831148	0	0.027842805929085567	0.28100730663904427
7763	-0.00012248395167915315	0	0.03181749278731142	0.34861348520837476
7764	0	0	0.015118163965166544	0.26950368996550866
7765	0	0	0.010227201818257977	0.041580196282894964
7766	0	0	0.018725960691235811	0.32712826033405407
7767	0	0	0.022975740063523299	0.17828609008283292
7768	-0.00017768502454203471	0	0.016517774331389963	0.14647307701954376
7769	0	0	0.019311376081019647	0.30878150099695489
7770	-6.927405084776739e-05	0	0.030357604286896191	0.41944697896047362
7771	0	0	0.024584116119265566	0.16599470303439173
7772	-5.4415009078656593e-07	0	0.017418767190785771	0.048043019472123721
7773	-9.8193118663553186e-05	0	0.018867823149951529	0.16556884392132595
7774	-3.0234662152722747e-05	0	0.014033188355561116	0.17123551060791647
7775	0	0	0.012296689914953146	0.32270977150514718
7776	-7.7566953809798947e-05	0	0.024056016372901789	0.21716491656655296
7777	-7.6342560190911787e-05	0	0.027124003990628986	0.17584283660881522
7778	-0.00018612522566483492	0	0.021087867846781759	0.24172888736195311
7779	0	0	0.016943214782594602	0.11367770623342724
7780	-5.5212988001190896e-05	0	0.033665885874886697	0.25579519619544616
7781	0	0	0.019448640904583227	0.13702189620393326
7782	-1.4916929464819928e-05	0	0.02733302858167257	0.42916551692436444
7783	-9.3734399120098957e-05	0	0.013644595249122777	-0.069486831371078417
7784	0	0	0.0081985639019139626	0.137952094059339
7785	0	0	0.021386173858988233	0.3271058705856395
7786	0	0	0.019354010338991472	-0.023013437818492098
7787	0	0	0.027398993072084144	0.33964610476053919
7788	0	0	0.021628321524735258	0.19047656523794138
7789	0	0	0.012205536412361492	-0.060018696255499694
7790	0	0	0.011706305879969039	0.14089607804526716
7791	0	0	0.023237171003403993	0.21005638326678605
7792	-5.0182848414837003e-05	0	0.028641663273445361	0.2485056524462094
7793	-0.00019894449303369809	0	0.01459216718136969	0.14070656751949939
7794	-8.6215355694202472e-05	0	0.02456970250203877	0.30347040188122376
7795	0	0	0.006091253986720618	-0.12879138727383477
7796	-0.0001232452687471186	0	0.036507270775084047	0.4002035995792263
7797	-6.1309064944664588e-05	0	0.032431773418343253	0.41657633346000333
7798	0	0	0.017673779728076572	0.15546543821482778
7799	-2.721232563903664e-05	0	0.016943696617541675	0.2092838564980089
7800	-0.00016276351469883267	0	0.02447607944749268	0.13101716546411732
7801	-0.00020117795070685452	0	0.028036268296848983	0.17664137891054105
7802	-4.7127621094694702e-05	0	0.020581188841234686	0.09174669977372886
7803	-6.8322110564122962e-05	0	0.026439190586548457	0.19209871462426192
7804	-1.5723637040793158e-05	0	0.024297117365787747	0.19663416513756349
7805	-9.7101184240477872e-05	0	0.035584608212845044	0.46483929914201483
7806	-7.2502496308385345e-05	0	0.028544624709444993	0.34066296538163243
7807	0	0	0.0076974663305390406	0.1401091310746376
7808	0	0	0.017572952421812119	0.27104714609531094
7809	-9.4410188895382991e-05	0	0.016105182380278565	0.21420609481069347
7810	-5.0078478096332588e-05	0	0.024734524070695037	0.43875639850875431
7811	0	0	0.018161139764225519	0.25667471102698336
7812	-8.5684055888196606e-05	0	0.012051214949124667	-0.19358991171400156
7813	0	0	0.021417003114929969	0.17228996731436103
7814	-1.5038649691934136e-06	0	0.01724618104586105	0.046539290582217938
7815	-2.8198973757725952e-05	0	0.023490960380424232	0.35498129112042376
7816	-4.034246220803728e-05	0	0.022730878108520671	0.35044588258013326
7817	-0.00014253099653535882	0	0.020320504485908431	0.17679474035386289
7818	0	0	0.010277163802147379	0.23183738234690057
7819	0	0	0.020632981512734811	0.2632563837045741
7820	-1.2044188693383084e-06	0	0.023991116243810034	0.19346309088400865
7821	-6.7974510229751322e-05	0	0.027335067346488263	0.18735498622012811
7822	-8.6435849878846452e-05	0	0.010494866160342439	0.13179112427074721
7823	-0.00013848991534353705	0	0.019507047715845341	0.028094549670704183
7824	-2.3507566262714884e-05	0	0.020550380482754309	0.20455886496768233
7825	0	0	0.024596862092688361	0.086430318105807757
7826	0	0	0.012521495952300569	0.29618556937127527
7827	-1.281411083133288e-05	0	0.025483198920893669	0.28617313189087346
7828	-3.4208183620099142e-05	0	0.021620586415368299	0.12816359108030823
7829	-7.1084624379869069e-05	0	0.025948036703404252	0.35505006751025436
7830	-2.9850514067880641e-05	0	0.014486088381701612	0.22859964874904257
7831	-4.4818277329383703e-07	0	0.027480494571999515	0.31530225137357454
7832	-1.8678196027815951e-05	0	0.014427115728590054	0.15303043605580258
7833	-0.00015813044876246131	0	0.022276239202885857	0.16310401610219422
7834	0	0	0.0062380461608382374	-0.088242626356494644
7835	0	0	0.016480698681689672	0.28663511061644242
7836	-8.4687238335778844e-05	0	0.027070870512840108	0.33276876307783354
7837	-2.1820989868109875e-05	0	0.013089797247562989	0.085492944902745865
7838	0	0	0.011403714159174105	-0.039747761529949792
7839	-0.00014777473038401489	0	0.025889540294609038	0.19644700506715679
7840	-2.7004893967585987e-05	0	0.023276180333969859	0.11420782395775145
7841	-5.0169481281941987e-05	0	0.033443872788294866	0.3622743160870176
7842	0	0	0.0087076575124988599	0.060789961598573347
7843	-4.1154066883519745e-05	0	0.013024467546928492	0.18311489931808042
7844	0	0	0.020407935544141831	0.22070729518721413
7845	-2.155533834796164e-05	0	0.015251428367365844	0.20625465377774937
7846	-5.3390264613428773e-05	0	0.013050087014362079	0.19171131775500388
7847	-5.8538924519052624e-05	0	0.017209182085354231	0.10452045456772616
7848	-7.1872826167829194e-07	0	0.030258048563460406	0.36425818355132517
7849	0	0	0.023027148784479316	0.22586337079948718
7850	-6.1835159138601274e-07	0	0.018813746798007732	0.25528767305837197
7851	-4.3261985150205849e-05	0	0.013713710151601138	0.32128127743074875
7852	-5.0415286346999766e-05	0	0.023813039201002147	0.2876729694069905
7853	-2.5886051581175406e-05	0	0.015630029494471693	0.081997933558794672
7854	-6.1532330798930166e-05	0	0.024861734260092062	0.40314123245354666
7855	-7.3537917855731602e-05	0	0.011747185624822007	0.20225214157033794
7856	-0.00014422293242625229	0	0.017467389241051692	0.24979756607617115
7857	-0.00012789220114844957	0	0.023072965095739209	0.29229493340564316
7858	-3.6830307098301153e-05	0	0.013390183201761574	0.25763861818559392
7859	0	0	0.012269176590653904	0.24434937905116896
7860	-9.5643164056874455e-05	0	0.023453092978828829	0.23985712645859772
7861	-0.00017040486925900267	0	0.029684412549123584	0.32081732632019444
7862	0	0	0.01567050491154948	0.19127238588021314
7863	0	0	0.0072620324123819687	0.17710328682691204
7864	-0.00011160873677512062	0	0.02080149746558816	0.077778270495584029
7865	-0.00011393634160889455	0	0.018135438601074826	0.22570518950745794
7866	-0.00018036686131870928	0	0.019192387899596333	0.19368951082962457
7867	-0.00030115201048620533	0	0.024645653745874404	0.25418459352883271
7868	-9.2105200977338206e-05	0	0.021176829035058735	0.28939813995872632
7869	-8.6291354222978184e-05	0	0.028475758821578413	0.12081122352341329
7870	-0.00014256920280422136	0	0.012272243723496602	0.06143051255962044
7871	-1.4112397700610791e-05	0	0.0190480766766025	0.25971763296887046
7872	-2.8284601385508702e-05	0	0.015899587185316054	0.13321760648918793
7873	-0.00016828024968419119	0	0.019516427123809365	0.088296401121400858
7874	-0.00017885082002849496	0	0.023811354961079702	0.28525499177439079
7875	-4.5221107026305332e-05	0	0.0092560971613197315	0.018862102937281123
7876	0	0	0.0075539020423040591	0.097648986118266015
7877	0	0	0.022770263968599665	0.15832971158685527
7878	0	0	0.023171241533771942	0.29762161127020376
7879	0	0	0.021807148083495365	0.31238916407979833
7880	-4.3472296600371996e-05	0	0.034575304641231749	0.20965979590352085
7881	-1.8751458389620888e-05	0	0.017355088390525537	0.34647233644000558
7882	0	0	0.016054956042159087	0.28246042224030254
7883	-0.0001919509385829049	0	0.021400666651339779	0.2498898979550451
7884	0	0	0.023921430252592149	0.31006817422025423
7885	0	0	0.0099647170128902736	0.10993105722337544
7886	-3.8183286854620579e-05	0	0.010956602228550072	0.10985218658594967
7887	-0.00012260540262626907	0	0.031411837146471007	0.18345680960316685
7888	-8.8504130950223245e-05	0	0.028344317217349757	0.1827834106288409
7889	-3.693437453381465e-05	0	0.017901377299271479	0.25812606541032296
7890	0	0	0.013267356642055649	0.12221004064500703
7891	-9.5003368238949504e-05	0	0.020536010670562384	0.24829298050104506
7892	0	0	0.030559471993841847	0.17359370451465245
7893	-3.0187614002302744e-05	0	0.020129147679925914	0.17324227781254237
7894	0	0	0.02024467398085476	0.13865482567755572
7895	-0.00010220443544248781	0	0.023725376430877406	0.30736610570861328
7896	-1.6321020434956202e-05	0	0.024274022471129662	0.25347062270057685
7897	0	0	0.031860619802971647	0.44972041904805043
7898	0	0	0.018295534640999797	0.2447429934404175
7899	-5.7338317258337493e-05	0	0.020274363680617719	0.38786988098500003
7900	0	0	0.014975847451447661	0.17478571490656539
7901	-7.2786200490176928e-05	0	0.024726818860665582	0.27200964830239843
7902	-4.6703033468475932e-05	0	0.016401053177755035	0.22077329045162361
7903	-0.00012671652023501511	0	0.021271198709368666	0.12353589792131829
7904	-0.00015682222576882677	0	0.019851475408413206	0.055778239210228064
7905	-9.0061354661702395e-05	0	0.034694424331408992	0.4668804892470324
7906	-4.9400501390298171e-05	0	0.01981684429294342	0.2457223660778256
7907	0	0	0.01837095964990082	0.15968076268064457
7908	-4.4103668980938206e-05	0	0.022533639559755798	0.19937624851299277
7909	-3.0457596944960531e-05	0	0.022759309984576655	0.28570629214145327
7910	0	0	0.028729602879834858	0.13413363154630092
7911	-4.2640946315869455e-05	0	0.021158543044182292	0.32743016190344487
7912	-0.00012006973703433399	0	0.02178859053592154	0.25613551774117427
7913	0	0	0.015929570837289367	0.27105246843970121
7914	-2.2875677558042984e-05	0	0.02733450033969308	0.35507308508138519
7915	-0.00013815734302970449	0	0.034501387759178853	0.39486578759992885
7916	-0.00026046890237511053	0	0.021996026223368405	0.25745386953175819
7917	-0.0001089234611132861	0	0.02582434162798352	0.21394820619461535
7918	-0.00019750275204318267	0	0.03429194555478754	0.27585383929722146
7919	0	0	0.018059559908679728	0.28513675770092345
7920	0	0	0.02077386668816477	0.37131122671436523
7921	-2.510837022545731e-05	0	0.029345812629521316	0.41429370788960584
7922	-2.9286161891611818e-05	0	0.017338224446063338	0.26459146594277755
7923	0	0	0.010819443154664418	0.23892900303214382
7924	-0.00014436208102215354	0	0.019760673712740682	0.23037156063748432
7925	-2.5546197951115124e-05	0	0.022214125464771188	0.30114465265846235
7926	0	0	0.014934955907660452	0.17435668711755301
7927	-6.5714828446850063e-05	0	0.014059827708298275	0.1471095125872677
7928	-8.7342037842630388e-05	0	0.0092323411358240792	-0.03852216482021259
7929	-5.6189299398751166e-05	0	0.022246568688286651	0.17457516585416905
7930	-6.1525355582267574e-05	0	0.036142946450840041	0.3968454120468714
7931	0	0	0.01499001862296912	0.19030841214798747
7932	0	0	0.014253863016688937	0.15181603646114819
7933	-7.7027373304083818e-05	0	0.025423868925382776	0.29827341448386457
7934	-0.00013197525228820784	0	0.0073181204839567523	0.033571204458164722
7935	-2.6871981253739908e-05	0	0.019949062933429788	0.26956821461355418
7936	0	0	0.020408242560600143	0.18289960929084773
7937	-8.904288289239837e-05	0	0.016519234343741057	0.16751284710409867
7938	-7.3846660339560441e-05	0	0.020109861262580443	0.3064450585281156
7939	-6.5339151733118101e-05	0	0.022529012580312917	0.23012360534496237
7940	0	0	0.01836318421460012	0.057390314020566845
7941	-0.00016913999942065329	0	0.022991090406218433	0.32643751846253599
7942	-0.00012285738698303295	0	0.010726576529584687	0.11397904404911255
7943	0	0	0.019692363304371553	0.061183890078026312
7944	0	0	0.019761954365117983	0.20158574083202202
7945	-7.2934582868089409e-05	0	0.024517356209463003	0.2945895139559721
7946	-0.00015622613351328195	0	0.035335889076400347	0.34426238839605616
7947	-0.00014611790772832146	0	0.018286177021353173	0.26315020954898721
7948	-0.00026086856563090066	0	0.025513299073058555	0.40466302811493654
7949	-7.0365521409876397e-05	0	0.0054816442567080514	-0.073303813156317288
7950	-5.7621531258644779e-05	0	0.018624296519766381	0.24467394166902387
7951	-7.6048783154628036e-05	0	0.033862319857944335	0.35841332145984295
7952	0	0	0.0063767520111156079	0.26059450553903407
7953	0	0	0.021756863781201126	0.27134601287758919
7954	0	0	0.0057051007338134339	0.087110430062966704
7955	-4.3791488519345779e-05	0	0.020321211373869393	0.27313456357800292
7956	-2.0712956351415236e-05	0	0.024180967327397721	0.32857607040224812
7957	0	0	0.0089064394556677608	0.044995146422753221
7958	-0.00010522616991913147	0	0.028560409182072345	0.23763335134284821
7959	0	0	0.0015566843913587757	-0.045352297695103905
7960	-3.9511748867857023e-05	0	0.020194068653285616	0.074955219496953038
7961	0	0	0.017821871836737339	0.16488553459109534
7962	-7.6199600400617129e-05	0	0.021698498830742416	0.27608167153500762
7963	0	0	0.017376773700353672	0.23062300339982103
7964	0	0	0.024713161757678369	0.38656423690271902
7965	0	0	0.011018671219081053	0.17431446763717803
7966	-5.1369841650644729e-05	0	0.017923097572042929	0.17791682432779599
7967	-2.2123121382583433e-05	0	0.02281845458886016	0.20694729741612727
7968	-3.846371128315984e-05	0	0.02030643675306084	0.23690139928554371
7969	-5.6093565376003074e-05	0	0.029328023084004652	0.38852890083533714
7970	-3.4702412318454723e-05	0	0.014277061973867236	0.030597871949224958
7971	0	0	0.014004888841728532	0.14616958801897287
7972	0	0	0.01309253473285768	0.118621979823057
7973	-6.3580061120876993e-05	0	0.021693521948194398	0.4239266945736519
7974	-5.4198784644110541e-05	0	0.0058874241347871784	0.10013809830156113
7975	-3.0019282786625244e-05	0	0.013751554415606831	0.088055729604977512
7976	-0.00020713777545429689	0	0.028694675884959796	0.28371924828269468
7977	0	0	0.024721265772334432	0.15516706985884393
7978	-8.2647407901098596e-05	0	0.016110733009865055	0.052471422481946681
7979	0	0	0.010959309842013853	0.020866055460976668
7980	0	0	0.013767750054217242	0.17905434607288642
7981	-8.0036984174830517e-05	0	0.021172028959227158	0.23235976216160553
7982	0	0	0.020347768439999653	0.33033778020267246
7983	0	0	0.013436799535744809	0.22148646420986737
7984	-0.00017535101178000611	0	0.020319175102652114	0.17274886104578352
7985	-7.1273568121610337e-05	0	0.018428981499093337	0.27745447233681908
7986	-6.410733930518886e-05	0	0.027423007628455877	0.2852801973155239
7987	0	0	0.020218607570396892	0.29063074413783035
7988	-4.3997854783478509e-05	0	0.024874187641512804	0.23691276706390188
7989	0	0	0.01186829242281435	0.35063981503639752
7990	0	0	0.014285018666713348	0.23299397254836235
7991	0	0	0.010773194068360295	0.023024771132307876
7992	0	0	0.015434347319321228	0.082287516576352374
7993	-1.8723678578919099e-05	0	0.03043577534733901	0.39761062945917075
7994	0	0	0.019219967123865513	0.15433009006390302
7995	0	0	0.014245724603631863	0.20813467924669346
7996	-4.7313280403243897e-05	0	0.026042068284646214	0.39930869899212623
7997	-0.000101601489186387	0	0.030944842290655954	0.36848460020629931
7998	0	0	0.021401212214208092	0.11504249054114024
7999	-5.3039781946068176e-05	0	0.0087326131812433035	0.1644705729135858
8000	-3.9011182269521602e-05	0	0.020969913647485659	0.027758039184742771
8001	0	0	0.027551683731412424	0.34529313556466701
8002	0	0	0.020988608970498444	0.29588151546142993
8003	-1.2491851830664925e-06	0	0.01988870878893087	0.06049711587131764
8004	-4.7376134302817838e-05	0	0.020697552595065814	0.24147698696345335
8005	-1.6893392949574039e-05	0	0.029003603229096054	0.30324058003486865
8006	-3.0279966665852642e-05	0	0.016126741964651078	0.22238879436605502
8007	0	0	0.013322307091317664	0.23531083486226848
8008	0	0	0.029977909790087621	0.34144296246759642
8009	-3.2244825938870789e-05	0	0.016218692314296623	0.27686549967943713
8010	-2.1890144097347351e-05	0	0.021292109668573027	0.10661992715048745
8011	-1.8399595813567427e-06	0	0.023321314478589466	0.22210035513170251
8012	-6.0973154706439602e-05	0	0.018671581241692006	0.17570173540903139
8013	-4.4142430919097421e-05	0	0.033011508692775124	0.33722446790474581
8014	0	0	0.0082368608946474658	0.068295095930010263
8015	-1.568699475851809e-05	0	0.019200610409363821	0.18155258393578019
8016	-6.010776196919143e-05	0	0.022881354803478436	0.29456120565490712
8017	-0.00017824451696114019	0	0.035522893942106656	0.39631341999190783
8018	-6.217012959494061e-05	0	0.018424064595238165	0.17972231393123653
8019	0	0	0.014532305038229412	0.30449461102678743
8020	0	0	0.0070152553802356995	-0.022465636994683978
8021	0	0	0.026277570795222204	0.27738160980197196
8022	-2.6691181643284655e-05	0	0.012734371833963597	0.045639334439320618
8023	0	0	0.017949144833445573	0.25705208112113775
8024	-8.9362103518064733e-07	0	0.022286969430456327	0.41303056184561393
8025	0	0	0.019330348055249424	0.25016550852817626
8026	-0.00010093851800355158	0	0.022929262401552859	0.16186796736070352
8027	0	0	0.0087218257655537947	0.086700494764767461
8028	-7.0946766396406957e-05	0	0.019624595615352812	0.34423075867345809
8029	0	0	0.0067215238737206775	0.10064799146635442
8030	0	0	0.0063550023023803831	0.13067711703364879
8031	-0.0001095701306171315	0	0.025919590921977098	0.16181416482929237
8032	0	0	0.018751502159803292	0.21324129159334587
8033	-4.2657929581491062e-05	0	0.022862206242474113	0.40649293550150833
8034	-1.4836297407977428e-06	0	0.015960857688140477	-0.018198711412127568
8035	-3.5340000912920114e-05	0	0.023359937396728852	0.30557748884853148
8036	-0.00017771767909106063	0	0.03719283774494675	0.40219288766517292
8037	-2.0388587636505084e-05	0	0.021211772828301327	0.25456989432547106
8038	0	0	0.01419531735090363	0.090146667225524862
8039	-7.3540659159543331e-07	0	0.017499171840591528	0.19376071801982314
8040	0	0	0.016818821331094268	0.20335769925727601
8041	-3.0081348490978986e-05	0	0.010962811000054404	-0.019077853929432592
8042	-6.4929815083802916e-05	0	0.027416000708049459	0.45670651707283733
8043	-6.4220549518068099e-05	0	0.0092558424136616572	0.13195418802486128
8044	-4.2482394831572233e-05	0	0.016621847031722918	0.12691524899149439
8045	-4.9359148093314209e-05	0	0.022564687916921729	0.2654488816502254
8046	0	0	0.024846004148479515	0.27838423190155381
8047	-0.00014076050263108763	0	0.01810717363723361	0.22832668254563079
8048	0	0	0.019279016771455111	0.10195184138893183
8049	-6.3840879234500214e-05	0	0.020827181213806657	0.2856687999286151
8050	0	0	0.021304194020731644	0.41229251487474955
8051	-0.00010496994767958401	0	0.029404794841783082	0.178710634843321
8052	-1.1153279048214948e-06	0	0.021356296752899802	0.10171157109766693
8053	0	0	0.022737423179762711	0.092906122097077562
8054	0	0	0.018049474590600231	0.13502868094085732
8055	-0.00014372435385194836	0	0.026144160791711279	0.30073128655249592
8056	-1.8095871979906251e-05	0	0.032510670785162822	0.39403636668833392
8057	0	0	0.026884244866227515	0.23507706949480456
8058	-3.441854348028017e-05	0	0.021629503713067065	0.18645679149927735
8059	0	0	0.017562269238636467	0.22132119991330765
8060	0	0	0.013278348571339041	-0.11501684257382065
8061	-6.8746514669038028e-05	0	0.021333876677441351	0.21202459179639024
8062	-6.8263947620222925e-05	0	0.024328237697145726	0.29716710546240954
8063	-3.6084626161114741e-05	0	0.028257833229447298	0.40774617352823783
8064	-0.00024714359383527508	0	0.021181917248827887	0.285366536535749
8065	0	0	0.028808397212997751	0.32150615904736024
8066	-0.00019831899194794889	0	0.025085709765186804	0.26710607155122995
8067	-2.620875444503956e-05	0	0.015980887662159483	0.13327936108802535
8068	0	0	0.021603633363541916	0.1877084664040807
8069	0	0	0.014154572363101758	0.180044474671542
8070	-3.6546642742046888e-05	0	0.027849467500079793	0.50259123096204483
8071	0	0	0.0068043204188117847	0.12391681905833225
8072	-5.4020454975683974e-05	0	0.021687760961797833	0.38331572934591512
8073	-3.4759107334952907e-05	0	0.020939862570637853	0.13388294203843601
8074	-6.1145134569540188e-05	0	0.024667582925739333	0.40901827966575094
8075	-4.4576330165591036e-05	0	0.024284264843184172	0.29399782918358203
8076	-2.3770858193794543e-05	0	0.012904864610477195	0.096796842861083171
8077	-3.3114850896309719e-05	0	0.023301095878811288	0.22945765198480322
8078	-2.0472149046435462e-05	0	0.020572771538664388	0.12198802149726248
8079	-7.4736264369892891e-05	0	0.010234356536165182	0.072744115643118404
8080	-3.4558371043563743e-05	0	0.0097145434194158362	0.13764782528871439
8081	-7.7918556132025585e-05	0	0.010114542673943161	0.055128115482993546
8082	0	0	0.010243693412676239	-0.024581674369296539
8083	0	0	0.018147240758333731	0.26630179006956328
8084	0	0	0.017489310771394265	0.22825438161744777
8085	0	0	0.015736959573040107	0.10516978678247553
8086	0	0	0.014563184192491455	0.34697459837770539
8087	-4.3045205911887427e-05	0	0.015207976759030056	0.027666436743472689
8088	0	0	0.014592075903585775	0.19335710966772451
8089	-5.5994535679532165e-05	0	0.026600035837703075	0.090614010985050286
8090	0	0	0.020770094289483707	0.21290659500304937
8091	0	0	0.017139832941177754	0.17646598525034843
8092	-6.7854197595018653e-05	0	0.014523279733552084	0.15621215652281012
8093	-0.00017146312719767409	0	0.026405386154812603	0.34373738618203192
8094	-3.9268533053088416e-05	0	0.018434957927031585	0.38919957410995792
8095	-4.6546102556266347e-05	0	0.01117908027832118	0.12315722087734664
8096	0	0	0.034603537461903401	0.35771430916917735
8097	-8.1057993770855544e-05	0	0.022702237428503448	0.23717599424569577
8098	0	0	0.019254016556109428	0.13673972514806682
8099	0	0	0.033635406344863575	0.42012219322356276
8100	-6.4813560372484205e-05	0	0.027461310567476992	0.32757205021271452
8101	-0.00019189733922086172	0	0.021683477495170425	0.089507978048870313
8102	0	0	0.0094472327599085908	0.13805006156462646
8103	0	0	0.014886223346581148	0.40253534287013348
8104	-7.372823263166462e-05	0	0.023550443020343283	0.30156143202066327
8105	0	0	0.034179726319514117	0.23333528099576634
8106	-2.3712472716197474e-05	0	0.027888108201703409	0.14889072658575961
8107	0	0	0.022238714930159539	0.21852067376534762
8108	0	0	0.026844078315984076	0.31097607662911636
8109	0	0	0.012481159520121316	0.038746009611762763
8110	0	0	0.017129328062290689	0.18505287564013162
8111	-0.00012186535269294585	0	0.020246550194314525	0.17286542210168221
8112	0	0	0.004579587152658421	-0.044130361534188048
8113	0	0	0.026015298053042347	0.10106817356282474
8114	-5.7395099133267237e-05	0	0.027631576793124522	0.3969724421782368
8115	-2.7668688940557516e-05	0	0.024378254557752169	0.11729843975316498
8116	0	0	0.019984887878095201	0.25150564517796442
8117	-3.0968860810220987e-07	0	0.016429752468200901	0.19202193098609094
8118	-0.0001227686334422995	0	0.02691709286981548	0.21191128908053397
8119	-6.7842543331364524e-05	0	0.016811340382735275	0.10605768133781505
8120	0	0	0.012804200071052031	0.22422002836848973
8121	-4.0092520004386679e-05	0	0.0086283535600253231	-0.22680516754501384
8122	-4.2324236998952937e-05	0	0.022648352757542851	0.21150666995706374
8123	-9.2996759986091476e-05	0	0.014962720678052299	-0.14288141577082075
8124	-7.1527415780275885e-05	0	0.015568759397017993	0.29470626396261584
8125	-3.6721092256841723e-05	0	0.030290639954189853	0.37114128230734761
8126	-7.7173267931862638e-05	0	0.022344289610194516	0.15376694356045334
8127	-0.00010598145005721871	0	0.033809520190359661	0.28278942737912377
8128	0	0	0.013098334852877338	0.1505813027935215
8129	0	0	0.012771270416465632	0.11207199874817438
8130	-6.6727630603979909e-05	0	0.028006371902149885	0.2982025207730441
8131	0	0	0.023912980239506131	0.35448113156098626
8132	-6.2461310929951e-05	0	0.023926299587957202	0.2190848060959571
8133	-1.9037513514780226e-05	0	0.02670030897179252	0.37616897692024565
8134	-2.819720753757804e-05	0	0.022938488078083036	0.33741763802684216
8135	0	0	0.022571702638743314	0.35208930373852831
8136	0	0	0.0139618091987294	0.0061861849364490459
8137	-9.1316350174719399e-05	0	0.023151303599072706	0.22538011393111496
8138	-9.0891241063711942e-05	0	0.020495116299912967	0.065324162852794923
8139	-0.00013724783443943566	0	0.024709417125730056	0.17934852127912965
8140	0	0	0.018535748929575827	0.12327796169766225
8141	-7.776639229935545e-05	0	0.016391181629143776	0.17203934447800601
8142	0	0	0.023333306308183147	0.18925575381619811
8143	-0.0001042318630965322	0	0.022254549956220424	0.26696363720402788
8144	-1.2983671847466294e-05	0	0.014978182658927147	0.1921296891456668
8145	0	0	0.018849695529301644	0.18269576320038
8146	-4.6367243955192092e-05	0	0.010428693260863806	0.12877749675621211
8147	-0.00010107259467985185	0	0.014670823624184339	0.17602111732912715
8148	-6.1287587248654013e-05	0	0.028288130658548238	0.32259858885998194
8149	-5.5768928994101574e-05	0	0.024876313714391148	0.21203863575283294
8150	0	0	0.014380027747697541	-0.015723204471988106
8151	0	0	0.016537540671575153	0.18921627186088194
8152	-6.9488919671134572e-05	0	0.01972754326000668	0.18952234839476817
8153	-8.0437884710760072e-05	0	0.015690543580277126	0.10015921762576237
8154	-6.506265996227833e-05	0	0.019938284572294334	0.32202270320173049
8155	-4.7402635821935932e-05	0	0.02429440538294881	0.34945604299279642
8156	0	0	0.020850989348272862	0.20354044585057399
8157	-5.3289150923435666e-05	0	0.020928776596879407	0.26817995239994724
8158	-4.1675217389947064e-05	0	0.015466429413091176	0.095741607861585878
8159	-7.9308027997093691e-05	0	0.021372806315787883	0.19935730448082256
8160	0	0	0.01122013326808001	0.12954167141127165
8161	-0.00019299244550621263	0	0.036360591736844687	0.45357626300704085
8162	-4.9034114842605449e-05	0	0.022102459912798578	0.2555550745897085
8163	0	0	0.0096554756199697059	0.37725912232282977
8164	-0.00011351609247377548	0	0.023994755195653229	0.26153343292683878
8165	-0.00016675825727866523	0	0.01416477950863226	0.119978012966661
8166	-0.00015014438444950761	0	0.023261271778119305	0.17966695547716707
8167	0	0	0.020035832423771379	0.048394133984275903
8168	0	0	0.015069775007454506	0.075457817847556119
8169	0	0	0.0026116695623303403	-0.073319891382585045
8170	-0.00023237395183495213	0	0.030518431950704972	0.26269504383021941
8171	-9.3917271955701315e-05	0	0.026378547732580228	0.42379718871566069
8172	0	0	0.018898811218601951	0.29600725196366312
8173	0	0	0.019401262436533957	0.31429894731244501
8174	0	0	0.026183210126366263	0.34292311753307975
8175	-4.604954386833171e-05	0	0.023212089787685179	0.2691943054411019
8176	0	0	0.01487984438572575	0.23618546255393938
8177	0	0	3.7382186450427013e-05	0.049574084969302004
8178	-0.00011201332066339554	0	0.0282349938533627	0.29470774954205775
8179	-9.5141689944672198e-05	0	0.0098878303003688689	-0.099642478341098698
8180	-7.3667892868956028e-05	0	0.01735893782841514	-0.07213382668211428
8181	-6.4371002922430917e-05	0	0.019893590120873276	0.32387370795553605
8182	0	0	0.0080673886041183699	0.14027476915964582
8183	0	0	0.0089016467848843928	0.27259206754350651
8184	-6.6134890858415846e-05	0	0.01244545242913315	0.25343231748384276
8185	-3.0632000962660386e-05	0	0.011633158272749749	0.25867778598225832
8186	-1.0966436996329153e-06	0	0.021013142782191137	0.33257873501177759
8187	-2.5039391259046306e-05	0	0.01615889150185058	0.16057944568043625
8188	-1.7739035082026122e-05	0	0.0083898682678954888	-0.0057174913703825119
8189	-2.6870998953903991e-05	0	0.014857129271055028	0.20381219502827061
8190	-8.3414301627221516e-05	0	0.023132335989056351	0.23322575560324849
8191	-5.161611919698439e-05	0	0.028139220218664291	0.28918831320541133
8192	-0.00018445613141619411	0	0.027592304470617224	0.42155870899751446
8193	-8.3250223005221227e-05	0	0.020140494597350313	0.18307088864772317
8194	0	0	0.015419536522536147	0.2001496501430084
8195	0	0	0.012470012807071249	0.15013847320379464
8196	-7.8192497868539987e-05	0	0.016892895760403096	0.12686133610740233
8197	0	0	0.014466359625704662	0.17139708830626613
8198	-2.343990474653057e-05	0	0.016706305424251392	0.034484093379701056
8199	-0.00010663678580347113	0	0.021841149190246722	0.23457286596824992
8200	0	0	0.0044891410246246048	0.19371722593078497
8201	0	0	0.0089269504304001907	0.029050045610281704
8202	-0.00016082093833511002	0	0.026267864865341651	0.31228264334521749
8203	0	0	0.021231615091205323	0.2719217741048976
8204	0	0	0.013759164000106447	0.022386087994889951
8205	0	0	0.0054079790447708609	0.070256781463962886
8206	-8.20063813524674e-05	0	0.027604866750684142	0.3360298585357504
8207	0	0	0.014594736392458183	0.15846340318405036
8208	-8.5364790450070949e-05	0	0.029028888059839199	0.15678177935932372
8209	0	0	0.0077237376316309503	-0.05549948746188036
8210	-4.91021321593621e-05	0	0.032520855685513571	0.48262467619314525
8211	0	0	0.021293767816837169	0.15143815629114066
8212	-2.4787103307988278e-05	0	0.02027864501969287	0.23426158725068746
8213	-3.5221139381497182e-05	0	0.018135282214470295	0.12925356503968616
8214	-6.1602640808644521e-05	0	0.012145140198308896	0.20437842090825736
8215	-6.2437194428971443e-05	0	0.021675981858892839	0.25253913857635146
8216	-2.073011956331139e-05	0	0.027427130393168575	0.19313649077927225
8217	-7.391023116616324e-05	0	0.021083447183407909	0.094492355298094216
8218	-6.2767726901707952e-05	0	0.019789201037857623	0.17688678463456917
8219	-4.3971653318264359e-05	0	0.0162536452301777	0.15890289353138373
8220	0	0	0.0097942390941372914	0.26153879066514857
8221	-0.00010169123401976566	0	0.019378936037005984	0.32611287666156691
8222	0	0	0.016618825080352416	0.15163084256969853
8223	0	0	0.029181593723232917	0.16014537465403622
8224	0	0	0.020397309268321763	0.37677022995034704
8225	-4.252753504340734e-05	0	0.024206388626463505	0.28094633741959801
8226	-2.1189139588156934e-05	0	0.016108020610501532	0.21269263434480959
8227	0	0	0.023935331258586334	0.37484680754592159
8228	-0.00010272953107489935	0	0.017339448052691053	0.14135201563968178
8229	-4.7354171493196875e-05	0	0.016047850631356751	0.22600018402979272
8230	-3.7979285094674739e-05	0	0.016184337929872526	0.20582097658199111
8231	0	0	0.011144697960277394	0.21851167565944732
8232	0	0	0.013272410670566517	0.10494627721638412
8233	-4.2889943910040532e-05	0	0.024858844924472438	0.26349808470064207
8234	-4.6261862596763681e-05	0	0.022783444227911353	0.4315871465444171
8235	0	0	0.0099478718118429562	0.033421291265677035
8236	-9.190810502655023e-05	0	0.023505794787279294	0.20747610988810505
8237	-0.0001353314611410472	0	0.018952909735983146	0.19392745381729035
8238	0	0	0.01797397379048123	0.089802199642129502
8239	-3.1165274050998228e-05	0	0.016963278808445108	0.18125632459730892
8240	-9.6165720437979549e-05	0	0.015818424468652118	0.083090596007241543
8241	-2.7983728403624397e-05	0	0.029336870974433337	0.41801814179202823
8242	0	0	0.012493318570090031	-0.059560262070506874
8243	-0.00014370889761349814	0	0.032329004342004142	0.30759379564063882
8244	-6.1929893838741368e-05	0	0.023780502206558442	0.10120549128683345
8245	-3.429543141627578e-05	0	0.012017535161258221	0.10287225571965966
8246	0	0	0.0064328105687342981	0.17213600941871762
8247	0	0	0.0046432302279227232	0.19806073507425728
8248	-3.6464231742272536e-05	0	0.025556937734073127	0.22793096942310612
8249	-0.00015687159289324293	0	0.021406135501845509	0.32545424969576597
8250	-0.00018077996146861341	0	0.022387367467496911	0.19428473486276596
8251	0	0	0.0057078222765763655	0.22705227522038413
8252	-2.9603674925915423e-05	0	0.025815441142694174	0.20651857762968689
8253	0	0	0.013355831545247545	0.20260007266098992
8254	-2.6905197898802191e-05	0	0.030757886654187473	0.14900380225335702
8255	-0.0001866721964516982	0	0.013370084658791697	0.12364046059034677
8256	-5.1876960419744435e-05	0	0.015356984532707164	0.12397713493959575
8257	-5.9719774834099404e-05	0	0.015966375838717219	0.10725024167171963
8258	-2.4205747696859348e-05	0	0.018443361458232263	0.21953984027714091
8259	-4.7691701791557906e-05	0	0.0065629924013360149	-0.021124149692199966
8260	0	0	0.016545846750945038	0.15915612975265922
8261	-0.00015639403367841975	0	0.014148926763491781	-0.080654840377683154
8262	0	0	0.018010044830239946	0.34793233001450274
8263	-0.00031879048134977048	0	0.033808397465034466	0.42587682725853532
8264	-6.2367442529170922e-05	0	0.019953210126961614	0.25129310576112557
8265	-4.7579893635041338e-05	0	0.015903674637372377	0.29003152150476835
8266	-0.00012905828316965297	0	0.023306488131135374	0.15808793409196925
8267	-7.0692882340669949e-05	0	0.036599664615861421	0.32605097811505879
8268	-6.768511415293221e-05	0	0.025967746623739352	0.14170161029464551
8269	-7.5340288368547228e-05	0	0.031435147782415879	0.24962570667359368
8270	-6.4594957462557614e-05	0	0.016302430726096169	-0.023341634496718566
8271	0	0	0.020469190752833391	0.29506170575707913
8272	-6.6865810891841851e-05	0	0.033865054770543704	0.37056815399635362
8273	-4.6567565468219609e-05	0	0.020383286677267083	0.3878779947087439
8274	-6.4859223724708651e-05	0	0.014048117257174877	-0.067911560650183209
8275	-8.0524812411941758e-07	0	0.014749489768100071	0.12982105749627668
8276	-3.8036574810834665e-05	0	0.018090017180631308	0.052319161373100845
8277	0	0	0.018601110848455383	0.29029642459019217
8278	0	0	0.014884837340493983	0.28987582990463012
8279	-3.4100265782993632e-05	0	0.013589697291451227	0.24973362824338916
8280	0	0	0.012250354860135657	0.075121630673962159
8281	-0.00011688582290100835	0	0.028255846629538152	0.16450007000364855
8282	-8.9155851297828545e-05	0	0.023965149011366683	0.18794161123962358
8283	-0.00011938011030676043	0	0.02098797173865613	0.27779577214407042
8284	0	0	0.014830294259350629	0.15398178545416244
8285	-8.0505693021243327e-05	0	0.021598763478419429	0.23747766252817515
8286	-4.8464945418341679e-05	0	0.013126904947901991	0.24292924597648202
8287	0	0	0.019872545292714375	0.32006030252953011
8288	-5.7783285631884953e-07	0	0.023086028589930717	0.12527226817129022
8289	0	0	0.034059566302300802	0.55110327458932207
8290	-6.8443185879180085e-05	0	0.031100469533696089	0.17196124951181657
8291	-0.00024847502795812828	0	0.019555990469073387	0.11773465435283197
8292	-2.0704985332833938e-05	0	0.024945935368639253	0.26273837290793745
8293	0	0	0.010276823371115684	0.19066893217346231
8294	0	0	0.0098783477728332427	0.25932447600875469
8295	-7.4461760336286259e-05	0	0.024335984252847824	0.25123959044237237
8296	-0.00016327960299422072	0	0.023921888004642268	0.18759102511146808
8297	0	0	0.0044583797958784891	-0.12678640586173917
8298	-0.00011299543821341462	0	0.030888320982722123	0.18160149716326851
8299	-0.00017756821339411365	0	0.028409885913130518	0.38454287486503447
8300	-0.00018955274171692793	0	0.029167860486192576	0.33098127503582309
8301	-1.5883945661121503e-05	0	0.011116881006207386	-0.0034812691614428378
8302	-7.2250585026317762e-05	0	0.031975592280647488	0.40970874001515278
8303	-5.3274240600448275e-05	0	0.021760933859296411	0.25524498382192962
8304	0	0	0.011204268797384365	-0.018679202257961887
8305	-9.7984606476086977e-05	0	0.024330491087463803	0.32735250808552563
8306	-7.2053183328024686e-05	0	0.024050494954558934	0.18783993726758008
8307	-3.3172353667132445e-05	0	0.026237831689381437	0.19717328645440527
8308	0	0	0.011907199557749279	0.20207397485230411
8309	-5.8677205642965188e-05	0	0.016778728077135631	-0.0010749084455114245
8310	0	0	0.014836882102150215	0.20473325266527792
8311	0	0	0.0098700672827357235	0.1671768083734459
8312	-0.0001623497420522063	0	0.029679222249616267	0.23179586241738265
8313	-0.00018392909514191035	0	0.02540854964573851	0.27692634880679806
8314	0	0	0.025177668805663755	0.27430413241214668
8315	-8.7086517451667736e-05	0	0.030420388690575062	0.29875806332432275
8316	0	0	0.018626162253014871	0.26831879420286786
8317	-6.0143521485367391e-05	0	0.037389857890836806	0.37987102696391839
8318	0	0	0.01478791634521521	-0.13457630480086788
8319	-5.4093852742492787e-05	0	0.03053479378519617	0.28957795630657401
8320	-0.00013050698760796453	0	0.016382440996877939	0.31353268480436169
8321	-8.6808941777299917e-05	0	0.017439058471491423	0.20980770060775189
8322	-6.3972119717956025e-05	0	0.016928591382815539	0.082331999610688406
8323	0	0	0.022963450936636754	0.21507970617621966
8324	-3.4832655233674184e-05	0	0.019256352139474305	0.20701485357282431
8325	-9.6840928014602096e-05	0	0.019561111254130226	0.11327618964811992
8326	-3.2551926319090986e-05	0	0.011372224164608638	0.14807603418455634
8327	-4.1298497794062247e-05	0	0.014412881134676305	0.25309829105939874
8328	-0.00016424186756272552	0	0.02976575737269465	0.27337404974769608
8329	-3.4379250322336133e-05	0	0.012086290920758266	0.056789846671572698
8330	-5.3776203584723903e-05	0	0.01630356733237812	0.24878356427812859
8331	0	0	0.023016941274412103	0.21180555371890616
8332	0	0	0.017302254705846308	0.17506675292898874
8333	0	0	0.017994152044331895	0.099311153693319804
8334	-2.7877852281166239e-05	0	0.018475084761584645	0.1651155254064624
8335	-2.4070466160791559e-05	0	0.031141386825264676	0.34106928378730555
8336	0	0	0.011407268126102817	0.2623099532513179
8337	-0.00015445392658552937	0	0.024584458375308496	0.2630788376224874
8338	-3.6995869267208989e-05	0	0.015082672692970738	0.31653484433417145
8339	-1.7264354519819225e-05	0	0.020996672991550967	0.078823096327180986
8340	0	0	0.019895692718076251	0.34215852424594234
8341	0	0	0.017931939542092611	0.039030190647365071
8342	-6.8223413360024582e-05	0	0.02723243224341141	0.31350574338465753
8343	0	0	0.015305970330800001	0.23587419327308684
8344	-6.747641133043048e-05	0	0.009829278353195494	0.23377040122833717
8345	-1.3661946379472933e-05	0	0.019980425802116859	0.22191260595295498
8346	0	0	0.0074639531929735744	-0.1753258480735754
8347	0	0	0.0091282858729746005	0.16585587097690499
8348	-2.7573475339365273e-05	0	0.026863598465093109	0.35452623674184347
8349	0	0	0.0075734537124055538	0.14805521175254296
8350	-5.3964865140582187e-05	0	0.026634447571462837	0.25450678742421823
8351	0	0	0.018243588300946731	0.21032622814693913
8352	-7.000639212767501e-05	0	0.02266492589664628	0.15362135530632573
8353	-0.00010925623203788536	0	0.029783819161725834	0.38397057095855708
8354	-2.8574672061837392e-05	0	0.021781476502261466	0.19655515232312509
8355	-5.6183590739289355e-05	0	0.023166168697015588	0.28211915937931104
8356	-0.00010881561055433586	0	0.015142880789404997	0.094821608166165569
8357	-8.2407957629421208e-05	0	0.012315165193662417	0.19429092107682155
8358	-7.8523029772864519e-05	0	0.021520118988168864	0.26430552188998818
8359	-6.2324711111591549e-05	0	0.013304610138366682	0.11487575439142476
8360	-7.2233369751373289e-05	0	0.023199978030926438	0.34891795588123331
8361	-0.0001058653522033437	0	0.029487868689390413	0.34258009269341122
8362	-0.00014023416355811723	0	0.025476146144678434	0.29282638504298136
8363	-6.0988749808121855e-05	0	0.024284434927430383	0.075040375237809737
8364	0	0	0.022300369344157061	0.35300780727191261
8365	-6.7055073979843669e-05	0	0.013682171938121554	0.18671346430445712
8366	-9.4885740262767857e-05	0	0.025015745077297757	0.25966386044630635
8367	-7.8264976083769483e-05	0	0.021870170706048405	0.075902588314135391
8368	-0.00022993925259498504	0	0.026723095842173111	0.35152969385917665
8369	-0.00010993756676352384	0	0.026986817328670032	0.34015045755621293
8370	-4.5796040424966875e-05	0	0.009284298896038462	0.013708855962310289
8371	-0.00014606920313035011	0	0.034307224053288454	0.29939188522123644
8372	-2.8613591524195849e-05	0	0.014828607578267056	0.15941968340561355
8373	0	0	0.023329649354077293	0.26530970123490355
8374	-5.8400540021175119e-05	0	0.025889727131907424	0.31696906096881239
8375	0	0	0.019892249780088429	-0.010402999991341255
8376	-6.538193418273997e-05	0	0.028080877305886098	0.22321994269992779
8377	-1.7569285445673267e-05	0	0.017666158412661732	0.26486702366476073
8378	0	0	0.01880622099298828	0.27841917951271294
8379	-0.00012748912023171076	0	0.019214975439183303	0.32680561072255043
8380	-0.00013426135740252643	0	0.021706738090383176	0.24467757035644161
8381	-2.0827499556294594e-05	0	0.020124649604023721	-0.11445408439326307
8382	0	0	0.009365794055150662	0.083458942942793685
8383	0	0	0.0048277939764701655	0.096139650013024158
8384	0	0	0.029057071512404775	0.48543779181276997
8385	-2.5548460070790035e-05	0	0.020995521477210136	0.077501994533776292
8386	-1.6886606364957534e-05	0	0.027488000116154203	0.22522850437736758
8387	0	0	0.015724186048067343	0.17507567136459162
8388	-0.00010422114793630366	0	0.022772236026561993	0.10179839419359533
8389	-3.3374023909654715e-05	0	0.0231193181092164	0.16451514526941446
8390	-2.0518163690952383e-05	0	0.020634894508422204	0.091198055305476713
8391	0	0	0.013894979951254613	0.24068355167848665
8392	-0.00010511028435330471	0	0.027112595726670297	0.23258711204925131
8393	-8.9596806638950202e-05	0	0.025780170958369108	0.11633280302629152
8394	-6.8164409989962532e-05	0	0.024770692176148079	0.22761981029903625
8395	-0.00024909461288013802	0	0.012196488953121407	-0.10541050241061725
8396	-4.3921323143969457e-05	0	0.01546382573311858	0.060116644252109754
8397	0	0	0.013493167553287383	0.20745278937993908
8398	-9.7611399753061438e-07	0	0.020758287235002237	0.29552782129454064
8399	-1.8307791221303105e-05	0	0.024410481929140332	0.22850537848191657
8400	-0.00011463965658525254	0	0.0094285203116185271	0.0054467479285353667
8401	-5.0874110270021644e-05	0	0.025293550933760289	0.15293962746707776
8402	0	0	0.025330111096899664	0.21653781804295996
8403	-7.9240236003780273e-05	0	0.029123750102920166	0.2655305286594053
8404	-5.6268691034694342e-05	0	0.022209609382041976	0.28694505695468381
8405	0	0	0.0059385142593792878	0.20294294257257167
8406	-0.00011710956757766123	0	0.01431306628907934	0.025737993524488939
8407	0	0	0.018423395714065507	0.22760152033568876
8408	0	0	0.017237258127239426	0.31187501187893096
8409	-5.4610822537412565e-05	0	0.01299730304277362	0.036578624317495291
8410	0	0	0.015899446947944981	0.29886196738002613
8411	-2.2800154654928351e-05	0	0.028905339286977767	0.17664296966531923
8412	-8.6861779378988316e-05	0	0.013181312973294701	0.29088841733666959
8413	-6.2070368462269207e-05	0	0.028003356702791464	0.33281291308717392
8414	-7.019122428808533e-05	0	0.025140460078306014	0.14630493474543699
8415	-0.00012071729589530623	0	0.016603561657184955	0.16462350258420994
8416	-9.1605117991594429e-05	0	0.023296405855719213	0.2531875220018624
8417	0	0	0.01233291648684548	-0.0034964424704439501
8418	-7.8521013779209167e-05	0	0.027476270199669722	0.28452650426781489
8419	0	0	0.011253132692178477	0.10974815844147294
8420	-5.5024240378737098e-05	0	0.01923699939899861	0.20644005371270646
8421	0	0	0.011817366484542083	0.16149712125049215
8422	-0.00022646200900819645	0	0.012265869248090264	0.09905462386180712
8423	-6.5887130203245986e-05	0	0.018412562545248097	0.21542265624229623
8424	-0.00018973524402040866	0	0.016548905210783338	-0.0095880830960309634
8425	0	0	0.011276410891601332	0.15578803112217807
8426	-6.6753921820333908e-05	0	0.019388092299725733	0.14125665283507705
8427	-0.00019377222346631529	0	0.017728575631891744	0.26443118400073173
8428	-1.4309079498520117e-05	0	0.014530299510730418	0.22632702113302033
8429	-0.00010574472398541256	0	0.019783346694227343	0.19130162221628166
8430	-2.8751793265657798e-05	0	0.017097666403678304	0.24536914803986676
8431	-6.3565237079521439e-05	0	0.020208389363351349	0.27432971395917627
8432	0	0	0.027771006823632927	0.32133446863517895
8433	-4.3779867687204763e-05	0	0.030229731498968192	0.20161867188019431
8434	-0.00013009155472173405	0	0.025810916158355734	0.23782490467146547
8435	-8.7243573546769151e-05	0	0.014983395401860927	0.20657730159041049
8436	0	0	0.026780530158265047	0.28510321485473428
8437	-6.6597889781827563e-05	0	0.023190478545482694	0.19299634079637157
8438	0	0	0.019357478712260227	0.23078347181819173
8439	0	0	0.017147758555741112	0.13194310667794823
8440	-4.0736423178883155e-05	0	0.024736231088475193	0.26605148287330216
8441	0	0	0.016564042842397281	0.031518786872694549
8442	0	0	0.03112546893098499	0.21586612607721137
8443	0	0	0.022118793749385253	0.21329636992706788
8444	0	0	0.0067135158518149664	0.11688560894398239
8445	-4.368186420815601e-05	0	0.024931421471207513	0.27003186563176579
8446	-5.6077626604944532e-05	0	0.034019215381893383	0.39506271503415807
8447	-8.5910843379755081e-05	0	0.030926448687951823	0.25750568421549219
8448	0	0	0.014661696700900404	0.12561083662352573
8449	-4.2796054580579444e-05	0	0.0096337359255079854	0.077309044651130615
8450	-4.4292098272680211e-05	0	0.01582507664099032	0.28124641249464499
8451	-9.1525635629965968e-05	0	0.027195432158122479	0.060066638001067874
8452	0	0	0.027706541280863105	0.25963953184451094
8453	-9.8342350915225915e-05	0	0.022914413249897257	0.17845987175426709
8454	-4.7936526437625246e-05	0	0.026089217967572676	0.17253345693811264
8455	-1.2456035564167856e-05	0	0.019978785551280739	0.080490410384878489
8456	-0.00010596067851847412	0	0.015159995095644857	0.2017069567446666
8457	-0.00013573679901798252	0	0.025051584101558444	0.16335961137030508
8458	-3.5042729230036485e-05	0	0.021505609350564586	0.24717409401847043
8459	-7.5031098644073874e-05	0	0.033838047469421248	0.31683600505467346
8460	-0.00015151962074612114	0	0.026928436843268851	0.2432255116638849
8461	-3.0551473068168852e-05	0	0.022222274031134422	0.0055804858970924295
8462	0	0	0.021992130719057239	0.27069461272520634
8463	-0.00013366353322233625	0	0.023114526032199264	0.20211133169327292
8464	-0.00013919502613168321	0	0.016683698445196023	0.090918423800817022
8465	-1.1105755868490164e-06	0	0.025216770570056786	0.12684286838864162
8466	-0.00037822499228292448	0	0.027686519939372524	0.38828774257580917
8467	0	0	0.017731331573102766	0.17675969032848099
8468	-4.606470627549486e-05	0	0.012993049603541177	0.031968578747481456
8469	0	0	0.015546107327462338	0.27273157857286384
8470	0	0	0.018713520030326319	0.10908198244482725
8471	0	0	0.028967701960221925	0.35929448466312419
8472	0	0	0.018940697777432163	0.19372649999327959
8473	0	0	0.017921552012702957	0.28136667917222458
8474	-4.1759160270038456e-05	0	0.015983340565235003	0.089806003830026807
8475	-0.00011443624214196312	0	0.026598937507833802	0.33245478611996049
8476	-5.5473869819333553e-05	0	0.030320685881763537	0.096360473400246088
8477	-8.3462447726662109e-05	0	0.01571540117546804	0.10817788884462294
8478	-3.2551825999677098e-05	0	0.01637856339519083	-0.044780948603153389
8479	-4.0814148046819378e-05	0	0.0298770149527821	0.49155879281743847
8480	0	0	0.022874055413489379	0.13387924981221291
8481	-8.8237404206203965e-05	0	0.027446277061185288	0.33292884661333294
8482	0	0	0.015970225935854242	0.18267754398849792
8483	-0.00021727979577940149	0	0.033963170685969699	0.35879289682744564
8484	-2.4695980017863661e-05	0	0.018083485331554402	0.16357867458839528
8485	0	0	0.012194882301848814	0.21921102428969549
8486	-4.0745772365502478e-05	0	0.02031475224946977	0.051954771248005349
8487	0	0	0.015273218804000474	0.14901187119919335
8488	-0.00016252606380020017	0	0.013824027210826258	0.17381228195422546
8489	0	0	0.021724897910895359	0.15051050919433015
8490	0	0	0.0061550933531513167	0.075167167451030192
8491	-2.6058732312578271e-05	0	0.025820990339374426	0.4230988693923935
8492	-6.6806322419660222e-05	0	0.028810542910209031	0.24981022704592984
8493	-9.8733012077489851e-05	0	0.018627050529250542	0.30865911953040176
8494	0	0	0.0005398397968992191	0.0067551652192849362
8495	0	0	0.017247274672075395	0.14381726079759663
8496	-3.0095203266033988e-05	0	0.010758914408249481	-0.098740790734427514
8497	-6.2283377338229198e-05	0	0.0081591341924750309	0.00090428615395499179
8498	-2.9652851881700747e-05	0	0.021835339614665449	0.29839063632955681
8499	-0.00014042500341676089	0	0.035178139409317424	0.32201351744433754
8500	-0.00014405072750283687	0	0.028536370086811935	0.29977538213084998
8501	-1.7610826501485154e-05	0	0.012376395572530018	0.024910497232605033
8502	-0.00014609318474430034	0	0.022190346671623461	0.27569737015668311
8503	-0.00015778140634790938	0	0.033272398099161007	0.38812471568612877
8504	0	0	0.025540941561420644	0.30724973351493423
8505	0	0	0.015170768349119143	0.14772896047018377
8506	-7.2233853342001944e-05	0	0.017845750952119897	0.074862513920878643
8507	-6.3368311998812657e-05	0	0.015665015922435972	0.22161422865481928
8508	-4.0503625327120707e-05	0	0.033177333444598611	0.27570488125091908
8509	-0.00019660597260649226	0	0.027444636005924845	0.3406813611153533
8510	0	0	0.013896111895236101	0.14048254009901978
8511	0	0	0.020863373642312236	0.15968846777529694
8512	-8.6460268034721516e-05	0	0.0237615979017709	0.22352067028649908
8513	-6.0837292210469404e-05	0	0.016083101056512072	0.23542925825194488
8514	-9.8251639879493038e-05	0	0.025097104264548115	0.3494754846746177
8515	-5.5923831502907584e-05	0	0.021309179366583393	0.18881197310377079
8516	-0.00014976406306211332	0	0.035265287690363203	0.33122223722899174
8517	0	0	0.009772074751067639	-0.0066824464578550177
8518	0	0	0.022402635039131157	0.2937584361913495
8519	-1.6655444638985494e-05	0	0.023903281539078221	0.15999236283189924
8520	0	0	0.007644458387152114	0.24425562885564189
8521	0	0	0.028255091998260828	0.22237415120505338
8522	0	0	0.0071504588915104247	-0.14638959840940938
8523	-5.3420815594151792e-05	0	0.024579600931912759	0.1517919806284222
8524	-5.9117235535072196e-05	0	0.024526010002207992	0.2218462762548791
8525	-3.2310362952842064e-05	0	0.014257618447694265	0.19359209721288329
8526	0	0	0.017001681161300741	0.23289743137305066
8527	0	0	0.010223892116505035	0.13945643882952699
8528	0	0	0.019923782701925127	0.10791202685834352
8529	0	0	0.014656658781575604	-0.036980517042499536
8530	-7.3160534018457124e-05	0	0.01566056264236192	0.060911044513708643
8531	-0.00012453388733338344	0	0.023059840741505598	0.060140812281499
8532	-1.9106748929975659e-05	0	0.026130031655607573	0.27217086467530499
8533	0	0	0.017190777151928217	0.24217143959439852
8534	-4.6267154232293437e-05	0	0.022450623058099094	0.22749935681264039
8535	0	0	0.01353277554233522	-0.037381764024142713
8536	-9.1158168018262711e-05	0	0.019283883310284463	0.022057875589065135
8537	-0.00010277221211560383	0	0.02111975685018206	0.21343556863142835
8538	-0.00019371529626476536	0	0.023781086144878113	0.16423695265208504
8539	0	0	0.010607578102505006	0.044499834326330853
8540	0	0	0.01110910515455015	0.13488085465498817
8541	0	0	0.011408910596947364	0.091804579019398119
8542	-0.00014018721981242377	0	0.023791334350433402	0.24009179700522781
8543	-0.00020694948636885147	0	0.024257595008875324	0.17908718526429532
8544	-5.1358301576420742e-05	0	0.033883177618613536	0.25242152255485695
8545	-6.1985733111058483e-05	0	0.028063830394628193	0.38466841954689734
8546	0	0	0.025268111325568943	0.10070917221340012
8547	-0.00012341777686754042	0	0.024290477312365208	0.32504173702248129
8548	0	0	0.0093026329240946341	0.029239691853716897
8549	0	0	0.0085749259929604003	0.11199305806317543
8550	-6.4628307807301774e-05	0	0.016318209143122962	0.081645052767142429
8551	-0.00010858947568309629	0	0.0196278091564853	0.14682512740477471
8552	-9.595492940449035e-05	0	0.026370754720353617	0.28318130645043904
8553	0	0	0.019145489573780962	0.38972879048457454
8554	-3.5532505590740726e-05	0	0.01379839259167109	0.060227136267375969
8555	-3.1102447836189873e-05	0	0.015542781642839426	0.32113366455912401
8556	0	0	0.034292842432476829	0.46620998151986592
8557	0	0	0.017855894568732024	0.17821243031094905
8558	-0.00017482555319294212	0	0.026691383968760092	0.25899070923145395
8559	0	0	0.013419770599044317	0.15851704429409932
8560	-3.4070490226983943e-05	0	0.021695847183128985	0.37580458963362984
8561	0	0	0.012742977373692742	0.067062449313657596
8562	-9.7282167309037387e-05	0	0.023448949184188626	0.29117293469459404
8563	-5.6037108834172678e-05	0	0.012534172834083989	0.0644278104365483
8564	0	0	0.017268884830523364	0.093644824017230704
8565	-0.00020269375325924211	0	0.029735259737897334	0.22700675049381053
8566	-2.6952755797648996e-05	0	0.021485286344134259	0.17526667954369424
8567	-0.00013559161327884596	0	0.022005927041302213	0.17327187370309574
8568	0	0	0.029438704723550702	0.37064392133142721
8569	-0.00016331971941733748	0	0.024127253873564139	0.12324231739270516
8570	0	0	0.0011448829906983149	0.0088384037058920391
8571	-3.5258858788189684e-07	0	0.021202353592825685	0.17115821012440308
8572	0	0	0.030382102102396474	0.29830712518990271
8573	-0.00012333304902695797	0	0.02548091300535606	0.49406075281604406
8574	0	0	0.015209545109993705	0.26121382211690125
8575	-0.00010079096093950634	0	0.025994363488272425	0.39914724325074635
8576	-4.9737955209422371e-05	0	0.016816783059031244	0.18644804766287973
8577	-0.00010752649161029638	0	0.025288652322594706	0.19846653697902594
8578	-8.7722651387883707e-05	0	0.01704331044800534	0.066904748244486403
8579	0	0	0.0078792081824085401	0.28764596739409337
8580	-0.00012693697407950842	0	0.029706342739720244	0.32433088369974705
8581	0	0	0.015148703966290039	0.12482016456981729
8582	-0.00022238200433723765	0	0.030372287564469459	0.17608732522699561
8583	-6.4339036612040543e-05	0	0.02065996265988735	0.24272212830375031
8584	-4.7641916065388476e-05	0	0.032822176847953861	0.40409788576764505
8585	-9.1775709996683158e-05	0	0.035297685367832635	0.43896464478535863
8586	-2.2930599095999371e-05	0	0.020692152276224372	0.31349213428370587
8587	0	0	0.015533990919550988	0.0089914679626206355
8588	-4.4569732639621049e-05	0	0.019694020607806447	0.25413790489408256
8589	0	0	0.0093652648597733236	-0.030409662192328067
8590	-0.00018489559766530217	0	0.023258547889293314	0.075341624177272665
8591	-6.5605771721272138e-05	0	0.014257725085774256	0.16051907799118609
8592	0	0	0.028684286285312111	0.22862029033682357
8593	0	0	0.028779651814688001	0.35429648039475581
8594	-6.477774523491186e-05	0	0.032828854149269705	0.29870597484561268
8595	-8.8962259872105151e-05	0	0.025881151484620068	0.12342653812856705
8596	0	0	0.018156634702492243	-0.040066059324789793
8597	0	0	0.019171544818391676	0.12203713196911958
8598	0	0	0.0302227825556458	0.35508587348874976
8599	-8.9163428021526994e-05	0	0.020418463808141156	0.11718168597806926
8600	-1.898357376565185e-05	0	0.020765767581189767	0.28079138159712141
8601	0	0	0.019644193597419396	0.14801924922116458
8602	-5.7746693860005746e-05	0	0.026105290064485448	0.17714422276365022
8603	0	0	0.012366386356629986	0.29197640607768999
8604	-0.00013276351472145121	0	0.01350254014170536	-0.068187168462475606
8605	0	0	0.024133192614243376	0.27400895753529075
8606	-0.0001196286539673408	0	0.01460986125722236	-0.084505358714129342
8607	0	0	0.016918224069255312	0.17698649593433952
8608	-6.402027652543108e-05	0	0.028208292483915366	0.2938199390069075
8609	-0.0001129197354011735	0	0.027162668913308048	0.10809224185166466
8610	-5.3655782549566489e-05	0	0.02093307239010871	0.067120328078293684
8611	-4.8465192912588997e-05	0	0.026194643195723854	0.20456046984937598
8612	0	0	0.011713758404667018	0.16153846803806476
8613	-0.00011520537913877194	0	0.034887774715479922	0.28810787519445719
8614	-8.6538201238806073e-05	0	0.027709072615541792	0.27905580352985232
8615	-5.9739294500954498e-05	0	0.016081116496138703	0.12923539611179122
8616	-9.1291444574917452e-05	0	0.0202872270953539	0.18461145600194373
8617	-0.00016407786438996097	0	0.015644358397260211	0.1993636987701036
8618	0	0	0.0090166641320791555	0.086973409803345419
8619	-2.0430253073977501e-05	0	0.021884175010428376	0.058077506867643972
8620	0	0	0.025917894858915526	0.3188386943363607
8621	-5.3320073081031262e-05	0	0.011455869447944553	0.14146686950832779
8622	-9.679770953391898e-05	0	0.014961347426357732	0.16442761453999255
8623	0	0	0.022581059701316176	0.27561836878644863
8624	-8.0200690393306134e-05	0	0.019206093999521903	0.31270962174200145
8625	-8.6341527561484279e-07	0	0.029870171666609657	0.36946885388306938
8626	-0.00010565401576120848	0	0.0075635084755859006	0.095563294031808993
8627	0	0	0.012420204951847386	0.055273110824937979
8628	0	0	0.004407450079377517	-0.19085769505649589
8629	-2.2838601632552134e-05	0	0.028025840737342898	0.13352067662297365
8630	0	0	0.010354657887461722	0.16724959318511229
8631	-0.00010374925738941276	0	0.013946140566084638	0.17571456217575776
8632	-9.0382755596862818e-05	0	0.013160354424038376	0.10782996127218905
8633	-0.00015193171269344829	0	0.023279206561070961	0.25758159943565123
8634	-2.0915188809250697e-05	0	0.016668205278823189	0.11695472174366942
8635	-7.0672624046144719e-05	0	0.014115638637225623	0.11087746531851361
8636	-0.00010751460721203921	0	0.016930551248589377	0.17449564758389086
8637	0	0	0.0085105831390660559	0.17809086167882646
8638	0	0	0.01883914447147321	0.30217041565067704
8639	-0.00010715711427016771	0	0.023454877253402111	0.22510093800577646
8640	0	0	0.0092454377606966901	0.20150206713157964
8641	-4.813756039045991e-05	0	0.016811372431392819	0.19819229888883147
8642	-6.807550028261056e-05	0	0.016287424914187436	0.09364339575343765
8643	-8.4368562555123256e-05	0	0.024815908909765493	0.24686176560957551
8644	0	0	0.021891545797123477	0.2441946188068469
8645	-5.1602897743324719e-05	0	0.024269254984987641	0.26004215739104808
8646	-7.3361574980984609e-05	0	0.030416674170425272	0.23550744748571456
8647	0	0	0.026806555938713651	0.1880022986070265
8648	-0.00010238005148755503	0	0.028911418613495155	0.44936190554114408
8649	0	0	0.014587164262769573	0.30103601817805703
8650	-4.6851369104566887e-05	0	0.020567807359486011	0.12694774388612134
8651	0	0	0.011660555533107677	-0.049671807965586033
8652	-1.8186725276880811e-05	0	0.021701633778937152	0.23452766361822577
8653	-4.5206236221068118e-05	0	0.020370898147830174	0.17919567857481997
8654	-0.00013365355867955286	0	0.017744281630911955	0.18366105653530043
8655	-2.8405642595513703e-05	0	0.017163381288799115	0.35606999394573496
8656	0	0	0.0082927334182588373	0.038178227884817936
8657	0	0	0.028319188557791846	0.4131970422508669
8658	-0.00014858090014035485	0	0.023727730885871604	0.24220016200143712
8659	-1.5958292581996769e-05	0	0.012903809262954178	0.10423829172813995
8660	-2.799321960803569e-05	0	0.02328542176031392	0.29069829825704885
8661	-5.0936377396848528e-05	0	0.025983434920442021	0.28761577205970362
8662	-6.8274837614679118e-05	0	0.011832181087895854	0.12919518694275853
8663	-0.00010870941460068839	0	0.032249520874654027	0.39459440353395026
8664	-2.2678900321315698e-05	0	0.013510428932424212	0.080316438968802764
8665	-8.1740293703275174e-05	0	0.02009513725510376	0.19462671506060308
8666	0	0	0.011434543538654288	0.03957741466711321
8667	-9.9327211549826708e-05	0	0.013600624390657335	0.21571770679853497
8668	-0.00013104449744072433	0	0.021320722792207165	0.18274434857745459
8669	0	0	0.023034319578053648	0.32061201657638094
8670	-6.3827562146950839e-05	0	0.020948869146860692	0.18315542905276413
8671	0	0	0.014033138061557548	0.29938401008157484
8672	0	0	0.0042170918602612824	0.23763555167179748
8673	-3.0463672553171506e-05	0	0.02031041002824064	0.45272270101455536
8674	0	0	0.015425817604418435	0.15401679135639862
8675	0	0	0.012494379699784286	0.15859186617901844
8676	-2.0121813304629921e-05	0	0.01512894769449449	0.095612947227304179
8677	-3.8891393875356563e-05	0	0.025281563957946441	0.27182179789742644
8678	0	0	0.015868538796512767	0.24478552169793674
8679	-3.8657665660168926e-05	0	0.025057706416754734	0.36724723783973762
8680	-9.2941507821525665e-05	0	0.013161877877807445	0.13752674005628879
8681	0	0	0.024288365041625681	0.21707160461980682
8682	-7.0582897728577182e-05	0	0.028851909358191756	0.28395290806656215
8683	-0.00010547943726922915	0	0.027880977503029536	0.2159981904846732
8684	0	0	0.015413731783524485	0.10068744956209227
8685	-4.3799875998895568e-07	0	0.015852944691242921	0.10151222336041095
8686	-1.7902538652503351e-05	0	0.024837402095898995	0.23056434552304755
8687	-0.00012180633997452284	0	0.021571684750043889	0.29162478104444239
8688	0	0	0.020410897285647336	0.13866528881573056
8689	-4.0573940576443811e-05	0	0.030796752251568138	0.28067245392640772
8690	0	0	0.015355403099728054	0.27337011786672705
8691	0	0	0.008163372394196889	0.13349577964827694
8692	0	0	0.012936036639955132	-0.07024055812947419
8693	-2.6418763767016574e-05	0	0.014501425560343357	0.097013080454519424
8694	0	0	0.016361798373127533	0.27507897717745933
8695	-0.00014754973356853607	0	0.026847921181313329	0.075304532704279017
8696	-5.8011010246949987e-05	0	0.020977371350862174	0.259979575804347
8697	-3.4179657792715587e-05	0	0.013860418855277118	0.071136447910780831
8698	-7.5715980908291905e-05	0	0.019522560008468894	0.043842743918317148
8699	0	0	0.025466236378973484	0.30013299401870358
8700	0	0	0.014112837481194653	0.12882342175610095
8701	-0.00022684483300040859	0	0.011759352004999371	0.028041276558167329
8702	-8.7076186713752618e-05	0	0.011722257247912685	0.23964365358213863
8703	-5.4349769838749061e-05	0	0.018656826771130418	-0.0050946161346361162
8704	-2.1291347238056034e-05	0	0.014515427746596237	0.023712561626280125
8705	-5.7691728125863764e-07	0	0.019933089777153058	0.26980160428638861
8706	-8.401907678791676e-05	0	0.01709844191457802	0.33294477815176371
8707	-8.8688451998325529e-05	0	0.01191332750284517	-0.011588636150980366
8708	-6.006899066474669e-05	0	0.014736610783785681	0.22544362894799713
8709	-4.4092516909804982e-05	0	0.022709845154439624	0.19248818112520705
8710	-8.3327394508031505e-05	0	0.0094803821799343321	0.15385181646339624
8711	0	0	0.030682822752489382	0.33966704078687548
8712	0	0	0.023019751391685665	0.20816478934026472
8713	-0.00022317720389744555	0	0.024022235705108412	0.25611678133955518
8714	-0.00014533988037712664	0	0.013951446069921696	0.053591489725746858
8715	-0.00012870609452942384	0	0.025809370011872605	0.31328431855351091
8716	-1.3455134373685507e-05	0	0.033826571316800322	0.30605357679382383
8717	0	0	0.013675577275346179	0.23695207368572416
8718	0	0	0.015478674760512328	0.28470880545878574
8719	-3.6102019765249517e-05	0	0.020760780127170104	0.2494723385588368
8720	-4.6590752381381331e-05	0	0.022371065022664817	0.17720914883308869
8721	0	0	0.0085062484325030777	-0.046614391661223706
8722	0	0	0.015323839350342688	0.21882277107486253
8723	-7.9444608135226252e-05	0	0.021822234497643485	0.35468570250866627
8724	-9.9936457896460101e-05	0	0.031048095986433384	0.17322942238315314
8725	-0.00019236833935415697	0	0.018578313454221743	0.14748785338003664
8726	-7.2622043792985863e-05	0	0.03483710130071703	0.36685038006431964
8727	-0.00011394581468681663	0	0.023425509044032251	0.032449219622024537
8728	-0.00012129046115015863	0	0.026361714126465596	0.36062179653326465
8729	-8.090691854488741e-05	0	0.018325798109300434	0.12727259452865874
8730	0	0	0.022624425685594713	0.30502663731501306
8731	-6.2187040527705845e-05	0	0.020990058107253642	0.1427223251105075
8732	-0.00011047949652084887	0	0.025701015688964369	0.24491742446350656
8733	0	0	0.0039922140524410177	0.052226496684270665
8734	-0.00010607925441374343	0	0.027189071191394	0.2635745853436337
8735	-7.0242027485173381e-05	0	0.010205799337655192	0.037498407795043626
8736	-4.6043510493481986e-05	0	0.023239448140204705	0.23365754920099241
8737	-6.8552339041860752e-05	0	0.024396342947860836	0.26013484070563625
8738	0	0	0.023762681395019573	0.42448611768899136
8739	-3.6631833827144303e-05	0	0.013210958805670608	0.29245917255226372
8740	-0.00010006305425154794	0	0.024397236218854448	0.32525959965098583
8741	-5.4125201428412152e-05	0	0.018778060992139693	0.14309761996070416
8742	-4.4832630035762656e-05	0	0.02120733473719294	0.39284083588635521
8743	-1.6762338617259954e-05	0	0.02118400580001863	0.12248193072010002
8744	-4.2174132100097903e-05	0	0.024393097890218055	0.19903628226863671
8745	-6.1433245556991034e-05	0	0.025054595363210995	0.25483904153050341
8746	-1.2547758424019672e-06	0	0.0047875478732699872	-0.13830117236109518
8747	-7.0942914724164699e-05	0	0.01294448430654227	0.25866901809915499
8748	-0.00014077170770433468	0	0.031350243561033109	0.21952171236025389
8749	0	0	0.014432674803383208	0.14533393562813185
8750	0	0	0.012094643528873145	0.12193235438832009
8751	-8.0393466909017825e-05	0	0.029972090274628039	0.36284080103372518
8752	-9.9871557622321913e-05	0	0.02417167322341407	0.22982803235591293
8753	0	0	0.019031732719377671	0.39586721571260686
8754	0	0	0.005447495550322012	-0.026658448919542905
8755	0	0	0.014859405958103099	0.28033671978111468
8756	-0.00018828348140021434	0	0.018712348780874008	0.10127425468332207
8757	0	0	0.026226938164022089	0.39154859983866397
8758	-3.3117929562442863e-05	0	0.02894295949479353	0.23371663658125783
8759	-8.9526703954845299e-05	0	0.013573399618654017	0.18987155722093557
8760	-5.9037832187669446e-05	0	0.014038055784576186	0.27797887823022194
8761	-7.2829068170049416e-05	0	0.039936928516436952	0.35169504001471125
8762	-7.6827860391362473e-05	0	0.024784619442873367	0.22644145310261515
8763	0	0	0.0076254390601451557	-0.083430577666378722
8764	-1.7237023169192067e-05	0	0.023179075358161612	0.23379375577090503
8765	0	0	0.02269539684236593	0.20600389944049952
8766	-6.4291381470890641e-05	0	0.012968936112056887	0.21242156235079962
8767	-2.0167931736420065e-05	0	0.016342840395361297	0.18561646479928895
8768	-0.00012358461526447705	0	0.023953370269983058	0.22805970441629073
8769	-5.0142622579074647e-07	0	0.018206002143570332	0.13470868176370693
8770	0	0	0.0075468048308382774	0.10384246850661834
8771	-0.00023638968894456046	0	0.03294132940097616	0.26311499618144757
8772	-0.00018550762648283369	0	0.030511227852410359	0.22949915616576533
8773	0	0	0.023275117379466172	0.26921947646942579
8774	-0.00010556296674828214	0	0.012681470956049077	0.1688773679627896
8775	-0.00012536961341323981	0	0.017092004909396167	0.28017834281613846
8776	-8.5088096340796285e-05	0	0.023775789288572789	0.15673938888788724
8777	0	0	0.02951260470024971	0.30912137626551889
8778	-4.9506354710121549e-05	0	0.015467631586110257	0.024507086083317319
8779	0	0	0.0175583067070968	0.37376535120161036
8780	-3.7805347685337939e-05	0	0.026226251042461145	0.21395683457866671
8781	0	0	0.024003508655005064	0.24254956811618222
8782	0	0	0.01857874455501517	0.2403302023954213
8783	-6.3041716239137235e-05	0	0.018788442854528825	0.36803539992527023
8784	0	0	0.027761289546338063	0.14042112252938141
8785	0	0	0.010794994901978144	0.1691827379774177
8786	-2.2968434945963568e-05	0	0.027982789921372146	0.38123922206273292
8787	-3.1459451300197562e-05	0	0.01894588344743392	0.13119628241369255
8788	-1.664666270669579e-05	0	0.0068958034043611919	0.074458261766871092
8789	-0.00011222496507410917	0	0.018188963918479108	0.12246143463345197
8790	-9.6286189525390803e-05	0	0.025217797731615799	0.24553001778297529
8791	0	0	0.023307657050144811	0.29528111579559635
8792	0	0	0.013893524649970132	0.26662286288721393
8793	-0.00012184410369391884	0	0.034623188220883193	0.34122435521017941
8794	-3.2060590739718672e-05	0	0.02540615207767314	0.2967692288823246
8795	-3.1768793809683335e-05	0	0.012406806594904656	-0.16003367071994662
8796	0	0	0.013383183549634279	0.072967612533287776
8797	0	0	0.016008925353477706	0.19291411425628435
8798	-0.00010892588499417655	0	0.017001417623596408	0.21364632525596408
8799	-0.00011601964039358869	0	0.03175537918515068	0.43217409744902452
8800	0	0	0.026377698258470784	0.21730518725573261
8801	-5.6598363033710795e-05	0	0.024804061414787162	0.32969432923301961
8802	-5.1163184783042936e-05	0	0.02012122789822	0.20144384176960814
8803	0	0	0.014320507785699965	0.13786066663431093
8804	0	0	0.020035559929861224	0.23125541691355678
8805	0	0	0.017515595668752954	0.13051758447400771
8806	-9.8467390874851235e-05	0	0.021752098813201306	0.23879236870666723
8807	0	0	0.020820272967168717	0.15261096795145154
8808	-5.7874221807546758e-05	0	0.010456030013917017	-0.17728574382416884
8809	-1.8879945791017149e-05	0	0.021443973351486935	0.14274041158094916
8810	0	0	0.024636356621148953	0.30021164008507628
8811	-7.4607876574511733e-05	0	0.02132011721771112	0.36448814947277342
8812	0	0	0.019293428356055069	0.30532817046540472
8813	-6.4246440596044113e-05	0	0.022205103524594035	0.28905836956471248
8814	0	0	0.022140082403364944	0.28514389195686352
8815	0	0	0.01412393897569501	0.23877134745988834
8816	0	0	0.016007781841735822	0.079731429012801364
8817	-3.5855291390568536e-05	0	0.018670021127703475	0.14567098767997183
8818	-1.2721927699965717e-06	0	0.010203550664764161	0.14450920940452203
8819	0	0	0.015723143783801404	0.13313785415242607
8820	-8.9987503457678031e-05	0	0.024413737634770206	0.015317615146267482
8821	-8.2473615719103058e-05	0	0.026444374746116217	0.2071233726916919
8822	0	0	0.013731302693452883	0.085017046915223091
8823	-6.2048446141982352e-05	0	0.02673133490491806	0.17707512581108117
8824	-8.6153098656249755e-05	0	0.027328134595611196	0.32939820219638183
8825	-4.716278798665985e-05	0	0.024446472331359086	0.25668647647785925
8826	-0.0001791578007820982	0	0.014823098113365249	0.11596888208478036
8827	-0.00011882947900828112	0	0.021138698970718253	0.19994297652119347
8828	0	0	0.0079623183270746325	0.060571493809914279
8829	-7.7964190685897441e-07	0	0.01537316038420028	0.25657998968099338
8830	-8.9418895494003389e-05	0	0.01815674904431943	0.11674647891481564
8831	-0.00017682488498378668	0	0.029722949333705416	0.29671625807984098
8832	0	0	0.0043943611631746373	0.13132827598349803
8833	-0.00015153569365406461	0	0.027819076867369737	0.29185452582325244
8834	-1.9647834606772995e-05	0	0.025431553043057074	0.26825478616795084
8835	-1.7855320732129699e-05	0	0.021011346536139206	0.35466657674720736
8836	-2.3561425964691017e-05	0	0.012734781048233621	0.051797202051461058
8837	-0.00013240023753673669	0	0.024630217352779437	0.29106253245849556
8838	-0.00011537869034322634	0	0.03346012559014562	0.22865213579210306
8839	-0.00010398375498911483	0	0.023822154312228977	0.27233061954595322
8840	-3.2119167918498451e-05	0	0.020855819114279729	0.10647807179097483
8841	0	0	0.018577981221118627	0.23647507877561535
8842	-0.00011681457548133322	0	0.009972241901787221	0.10786126106618643
8843	-0.00023039248228866327	0	0.033536877602782102	0.28237544669284415
8844	-0.00011688938887712275	0	0.028361388813902488	0.28451706514725145
8845	-2.7645954090915746e-05	0	0.020365274158820397	0.20335883360649243
8846	-4.5305918426746805e-05	0	0.028805510702714275	0.15643413262432221
8847	-5.6412064319150132e-05	0	0.030054946756861777	0.4854506406434943
8848	-0.00022069518461958481	0	0.020178571988627148	0.2871846596026929
8849	-0.00014998522395174297	0	0.02017776544118214	0.26875256166386152
8850	0	0	0.014550917477260181	0.17093082890984404
8851	-9.9984477921843956e-05	0	0.019007472908544393	0.15458785535640243
8852	0	0	0.026114966485793912	0.38353380867416359
8853	-6.2317044949977693e-05	0	0.02216781179925284	0.12472713871545216
8854	0	0	0.012027323264416929	0.19547463165736714
8855	-8.0631932617930563e-05	0	0.018598295484298887	0.19847941590825957
8856	-0.00010187333202166249	0	0.021316890530114256	0.17081337586101872
8857	0	0	0.014294778710445825	0.15613095181371228
8858	-9.6407564852196701e-05	0	0.028525075883041717	0.23036756259652424
8859	-6.3817831709639394e-05	0	0.017805345322839401	0.31411764640351653
8860	0	0	0.015969199636631438	-0.017216661172250021
8861	-3.291520067655873e-05	0	0.025609681019265924	0.18000475188205656
8862	-8.5067874805244687e-05	0	0.021608955295699134	0.2456158450247857
8863	-0.00011634829580024486	0	0.020698647576701305	0.36058305819746778
8864	-4.7244766127829685e-05	0	0.021678255602333722	0.092356970649170214
8865	0	0	0.011732818597856642	0.21661545194824811
8866	-0.00031114862488738069	0	0.031443012183545796	0.30643245335628222
8867	0	0	0.013596085432732779	0.26889824446896959
8868	0	0	0.019125914925176919	0.15850660029127553
8869	-8.9607284898457484e-05	0	0.020877273384312028	0.2226072978887208
8870	0	0	0.0057295020488277171	0.031622873063184273
8871	-5.7457237206676172e-05	0	0.02038516994124473	0.25388631128769779
8872	0	0	0.017576090382497557	0.22462591143202118
8873	0	0	0.014869860240284577	0.13786165681028989
8874	-3.0320136192801829e-05	0	0.019302875914863599	0.065090421003563256
8875	-7.7795107586259288e-05	0	0.016854940314279882	0.22221095215775719
8876	0	0	0.017520331633021826	0.13446493307260399
8877	-6.5758568854157318e-05	0	0.018104743086399842	-0.11470373862088286
8878	-7.6143858891231092e-05	0	0.018352123683661306	0.2721526658232421
8879	-5.3328794338836083e-07	0	0.031106787839420058	0.11177102079909833
8880	0	0	0.015335685650462848	0.13477914563675625
8881	-0.00014336593450099965	0	0.02860245459778734	0.38656837170609998
8882	-6.0726486167772545e-05	0	0.018790676328215912	0.27432265361552199
8883	-9.7241979502382672e-05	0	0.01540449959794756	0.21658021294846685
8884	0	0	0.021592999878719508	0.27146734427275987
8885	-0.00013848761873995751	0	0.015547100589800009	0.06880347650759322
8886	-5.2936467283637433e-05	0	0.026914978125498052	0.045043706492096679
8887	-9.3169211557375678e-05	0	0.01176989400463869	0.19922253028463666
8888	-6.2862759421508652e-05	0	0.027192801228767986	0.1492080978915106
8889	-5.2377497273059512e-05	0	0.015440875382587736	0.19579322017384607
8890	-0.00010152439364835564	0	0.020234846371420655	0.059576946220745421
8891	-0.00012382844149645965	0	0.012066849824809985	0.051357381944731217
8892	0	0	0.0059471324052762396	0.042749810539432651
8893	-0.00020283922464160443	0	0.023749622999417054	0.20220429991401997
8894	-5.8502198450050005e-07	0	0.022452830588100926	0.24403799160615644
8895	-9.5666093890561804e-05	0	0.019316415657189633	0.2359588522257651
8896	-4.0331579358454662e-07	0	0.02175253878062108	0.2411941386771348
8897	0	0	0.017853231320876753	0.21562391476401249
8898	-3.3803529633164021e-05	0	0.015771977543380406	0.1753510841395709
8899	-7.9447356483086648e-05	0	0.023147992335900015	0.43126707322802887
8900	-2.7446867561436995e-05	0	0.017436409082200087	0.22814455714555634
8901	-1.4322627870733129e-05	0	0.022160670288430502	0.27000946358260836
8902	0	0	0.014910920836573952	0.21445023116765422
8903	-1.7612096885422089e-05	0	0.011825899565073189	0.14040154965557153
8904	-3.9663584567556365e-05	0	0.012150622868816532	0.055631499488508554
8905	-0.00016079160239444447	0	0.013526776935448844	0.047904096372342289
8906	-0.00010216794143753095	0	0.02103069824035356	0.24454293981973607
8907	0	0	0.015340024282671583	0.0239910676502108
8908	-4.4526690948176739e-05	0	0.016839123265098215	0.18879742430789853
8909	-5.8717227161189653e-05	0	0.025275925625264751	0.16699965426447277
8910	-2.9807677080728735e-05	0	0.014406215688735489	0.13601203800256448
8911	0	0	0.015821971336549896	0.25831726038955105
8912	0	0	0.017752078373227297	0.29500678877678671
8913	0	0	0.026218553112065179	0.22407829304822222
8914	-7.1232541241178501e-05	0	0.030443943191909406	0.37162719722755533
8915	-4.0560651313320542e-05	0	0.023593041049590955	-0.10490332634152236
8916	-4.4258970890648228e-05	0	0.02953742758636747	0.31914918333278613
8917	-2.434970778064094e-05	0	0.011831714068333745	0.10560339933793565
8918	0	0	0.020043221219732604	0.25293369027837531
8919	-6.8899299279071013e-05	0	0.027051737194447111	0.32721449670146396
8920	0	0	0.014252288634518329	0.39231820568006776
8921	0	0	0.026021814925757843	0.26662807976979142
8922	-1.7431780841681288e-05	0	0.027412283921803136	0.37033115887454715
8923	-5.6206308797768219e-07	0	0.038224597756812112	0.49493366632085678
8924	-7.5958631785594252e-05	0	0.022208946862857331	0.23095279451772299
8925	0	0	0.020360709544972523	0.29986183011986095
8926	-6.6791598141258127e-05	0	0.027533982875647928	0.27599674017480236
8927	-2.9072196011969977e-05	0	0.017820521852734646	-0.096254327379493576
8928	0	0	0.0070735651512993354	0.10161131126896668
8929	-4.1886180497408e-05	0	0.019146010504949466	-0.040568892155386893
8930	0	0	0.024589933856943635	0.2334459348145026
8931	-4.196589314202637e-05	0	0.027680407796964467	0.11430223272344564
8932	-9.7301040549879761e-05	0	0.016445352616069941	0.17230980444264657
8933	-2.5049828741924295e-05	0	0.019768415089929582	0.12893295120903919
8934	-0.00018659462886928268	0	0.030482592686050015	0.2713115856537317
8935	-9.5634266174943197e-05	0	0.015669764992494818	-0.039485120734963838
8936	-4.4962366461664963e-05	0	0.02574295349038138	0.33651273481142469
8937	-9.9741511678802525e-05	0	0.020261591362934844	0.3196013118940032
8938	-3.7261307362213e-05	0	0.024592450328775543	0.090896014708701525
8939	-3.3171972690221321e-05	0	0.024837259486065855	0.25735935874004834
8940	-7.9091636075018237e-05	0	0.012825424930090205	0.014310490390348452
8941	0	0	0.01246673496702214	0.29253681584841945
8942	-6.7379881912077444e-05	0	0.013546356819397809	-0.083258534023392256
8943	0	0	0.011165519139398861	0.25635295526075647
8944	-8.5667881342677003e-07	0	0.027033903730333653	0.37201673466908503
8945	0	0	0.015639357318004105	0.19495715428458479
8946	-8.928515812214321e-05	0	0.033825786342344698	0.37179628842988544
8947	0	0	0.022449978830222289	0.23256400623712553
8948	0	0	0.024075117062154261	0.32611595942092159
8949	0	0	0.014086841093794331	0.078382727296959526
8950	-0.00010054655689120673	0	0.027498392954370444	0.25782206554317921
8951	0	0	0.011931700580382351	0.06552537344350233
8952	0	0	0.0068504295378886554	0.010361609346570081
8953	0	0	0.026600066382601938	0.44334455432759656
8954	-2.5137698237337469e-05	0	0.026061928466958408	0.28737788945982928
8955	0	0	0.014121310366308232	0.1867880025238782
8956	-3.1236291522951379e-05	0	0.029383656757471444	0.21781739495154237
8957	-0.00012822683849169624	0	0.025821675538093492	0.18067785002340381
8958	-7.17458637592927e-05	0	0.027390743157300734	0.27675601012018997
8959	-3.1388484739824918e-05	0	0.024835397188298178	0.13747344382797466
8960	-2.6380885139926091e-05	0	0.031474524117343153	0.42708571979169507
8961	-4.9025342153119491e-07	0	0.019288840959344515	0.12526477833708671
8962	0	0	0.014872567755765006	0.27883148572003719
8963	0	0	0.010115919513499067	0.1674922428060685
8964	-3.9146923273852832e-05	0	0.026520893474262473	0.30963828970413709
8965	-4.4738815354350427e-05	0	0.020171406834085231	0.19173292974918779
8966	-3.3086938961401911e-05	0	0.018044580662385623	0.13855078491237777
8967	0	0	0.02415613575507488	0.32953182505085954
8968	-2.3703743375363961e-05	0	0.017723858808170699	0.019513794075734871
8969	-0.00010391798448685097	0	0.025719834385819131	0.24285636923006981
8970	-0.00018911724057118495	0	0.020531910146647091	0.12580172214315202
8971	0	0	0.011111309073152484	0.0065448394000443503
8972	-3.4696941518874699e-05	0	0.0098360736763396187	0.10472957261294817
8973	-8.6723727304743872e-05	0	0.02211794353893656	0.25210152558329668
8974	0	0	0.025230703854437264	0.20771286939408579
8975	-0.00015006549358730913	0	0.02361634659919189	0.17192497159022641
8976	-5.5380434161311778e-07	0	0.017532710043583886	0.33003724368904908
8977	-6.0379828775433683e-05	0	0.013026665029282663	0.1192919776372126
8978	-8.5385459711334602e-05	0	0.022680911318580597	0.30770883827286089
8979	0	0	0.013549409085095171	0.2373100917268133
8980	0	0	0.022055800127382719	0.0033665284143640367
8981	0	0	0.017320427518511497	0.26970853503537073
8982	-1.6556379526183608e-05	0	0.024793321005537827	0.22328398146361481
8983	0	0	0.021347494077029454	0.29008933656708358
8984	-6.5610649890185385e-05	0	0.025813794610005332	0.25985109946570778
8985	-0.00027802156740353576	0	0.026657718351692939	0.26648865488345896
8986	0	0	0.021185564024960198	0.44172898391148419
8987	0	0	0.02660372700511781	0.33609688194616943
8988	-2.8178730839539813e-05	0	0.012915863574937108	-0.0074757423174221351
8989	-5.3630059679626861e-05	0	0.023973570439703412	0.26106541374303316
8990	-4.8792467770508718e-05	0	0.026656001233699385	0.45759105235270237
8991	0	0	0.0072180709216950606	0.13839421551369752
8992	0	0	0.020694026636395312	0.17628126600413063
8993	-0.00015614587727288964	0	0.030480881742667464	0.070881987461575965
8994	0	0	0.016892156752437083	0.15027108150561128
8995	-4.7869171838971213e-05	0	0.014567764758086457	0.23341925276644138
8996	-3.5091243101895155e-05	0	0.033760633875319211	0.29339007563484221
8997	-7.9170734666789144e-05	0	0.013322088428156378	0.076604281647338499
8998	-1.5074772625256472e-05	0	0.023448180729581623	0.12273326221327388
8999	-6.0824016463650876e-05	0	0.030268646977951452	0.282937644797011
9000	-8.7569210677207465e-07	0	0.018077212849488777	0.10762809467650285
9001	-0.00014058381353929673	0	0.020120540538947192	0.23550234431159239
9002	0	0	0.030355133927194532	0.2398581119437008
9003	-2.7087443268519749e-05	0	0.022058171175510604	0.15027481457211533
9004	-7.4685685244463285e-05	0	0.019103232004288477	0.087253550566380789
9005	0	0	0.00041009780144690423	0.014921407794909042
9006	-0.00014566619776595902	0	0.027424465602549679	0.37233417916562972
9007	0	0	0.016268292953247231	0.11800386107801872
9008	0	0	0.011507525318516523	0.032068608469157558
9009	-8.0387868442571844e-05	0	0.020199618625060096	0.29159704590279406
9010	0	0	0.018277090724967388	0.30437685925948965
9011	0	0	0.0076508475586844118	0.12883760489788884
9012	0	0	0.0038741339503270437	-0.028358085811752705
9013	0	0	0.0074242061427505553	0.10539498651285353
9014	-6.2393382036002304e-05	0	0.019596141314156018	0.17533068776713145
9015	-8.7729767839950232e-05	0	0.023823216913227974	0.43237179528409186
9016	-3.6280430473756289e-05	0	0.011009882644910684	0.21448344281090845
9017	0	0	0.016159666777933381	0.27416046534266375
9018	0	0	0.024240293949712666	0.25555235428462514
9019	0	0	0.015754436864884917	0.18102256472721301
9020	-5.0662194987405315e-05	0	0.042802403564380101	0.38214136375970681
9021	0	0	0.009325924258904425	0.037782162804491544
9022	0	0	0.011765112811740979	-0.077417970576988418
9023	0	0	0.011200772776840423	0.21072049826382164
9024	0	0	0.016534700912677724	0.32980213751078458
9025	-7.1793394750446776e-05	0	0.017434414814928106	-0.28125842800672241
9026	0	0	0.022541167571150506	0.30590453188010802
9027	-0.00012920930639777616	0	0.019755571290603995	0.26684570024758569
9028	-9.2055433393145589e-05	0	0.022882772469522063	0.28775590024150288
9029	0	0	0.017112262583358483	0.34170400560948427
9030	-2.7619081090879404e-05	0	0.019749894156708685	0.16945953318585474
9031	0	0	0.015116322232282686	0.28656162667760599
9032	0	0	0.032996672295505416	0.30116684337182736
9033	0	0	0.0092985638016254649	0.042402755953993683
9034	0	0	0.01962795898402931	0.28319710362537692
9035	-9.6938096432747095e-05	0	0.017622343378544243	0.20641871511185106
9036	-0.00011717054071972987	0	0.032983466750481839	0.37398299176368344
9037	-7.3020317901079107e-05	0	0.024200455452752435	0.1369191209958065
9038	-6.4003089549347081e-05	0	0.027890919819329341	0.22272721923111088
9039	-7.9886828600056475e-05	0	0.018620967607020401	0.21184220725149303
9040	-4.9688332079939057e-05	0	0.016062377708688534	0.20146750257850443
9041	-6.7537194620714838e-07	0	0.025214934268494825	0.22134455805218237
9042	0	0	0.0098998227092111889	0.13646096768524696
9043	-0.00022420758526057739	0	0.032326374555905625	0.37072198588443223
9044	0	0	0.02054838152187782	0.10172632847692883
9045	-0.00018633007438065841	0	0.034421006340821896	0.34973130009816278
9046	0	0	0.024475720895553329	0.2154147870523086
9047	-0.00015284155170411929	0	0.019703306021489585	0.096839202214441908
9048	0	0	0.0070197725845402015	-0.00018537291450214654
9049	-2.0630509101127182e-05	0	0.013660460782953529	0.38018783469455986
9050	0	0	0.023022052619622375	0.095585046297878951
9051	0	0	0.0080506546270547145	0.078592356658719179
9052	-8.7682074529871198e-05	0	0.020745599601672569	0.15874069334757279
9053	-0.00015732107397141426	0	0.0090441975142808891	-0.045721690869969786
9054	0	0	0.018169498794021206	0.28893522217586454
9055	0	0	0.024863195464605754	0.15196200950569061
9056	-1.9676277156083222e-05	0	0.020967506475455221	-0.10211569132972828
9057	-5.3254603024008307e-05	0	0.031712734811654791	0.2787187327203004
9058	-6.3897224545361733e-07	0	0.020657186968493224	0.17596377656920797
9059	0	0	0.028484804041891087	0.142679451461135
9060	-4.1184180246800481e-05	0	0.027807783522432451	0.48223132817102632
9061	-4.2624613858249785e-05	0	0.022405450364298231	0.12516869097537137
9062	-0.0001117403655532423	0	0.01850923639217187	0.022074831896642343
9063	0	0	0.02341682704526472	0.1815760115091834
9064	0	0	0.018344554091821223	0.24894189935291916
9065	-9.2050107099400652e-05	0	0.030639199778295333	0.17758467559963784
9066	-7.8042151407414773e-05	0	0.010942648517924222	0.27177423610250939
9067	0	0	0.017521248874399147	0.31585614911181287
9068	-2.4023563213720901e-05	0	0.011333362716512441	0.050764219352538442
9069	-3.150633407036363e-05	0	0.01308783159694008	0.092854646983548353
9070	-0.00022375021261457627	0	0.016383711316163015	0.12583376325618745
9071	-0.00013293438377777743	0	0.033174692836593613	0.39133039653591145
9072	-9.093027800342601e-05	0	0.019973974898135634	0.18640091516067245
9073	-3.2732692825543366e-05	0	0.012930072072872442	0.129878369969218
9074	-8.5389074360553432e-05	0	0.023464353368042805	0.15706796774316353
9075	0	0	0.013865833106534043	0.2478198691893107
9076	-8.9269598775409967e-05	0	0.016990752758606488	0.15029210936300522
9077	0	0	0.011997613786993355	0.080076103622184161
9078	-1.7857034524770831e-05	0	0.014437055582522651	-0.14235011192671676
9079	-3.5825582441195715e-07	0	0.015275177223519195	0.092650245455018279
9080	-8.4749903276673535e-05	0	0.024245797556353661	0.27533727604675601
9081	-7.8752733645887091e-05	0	0.026099236832842258	0.25566229801041712
9082	0	0	0.0081286664540924144	0.053995764452908657
9083	-2.4641944765335656e-05	0	0.013073124366015265	0.056256090553366736
9084	-3.1398646625713234e-05	0	0.024786325530499514	0.29556197607680057
9085	0	0	0.023085254026990847	0.072251965123038178
9086	-0.00031975700090692281	0	0.022540840810679232	0.20593129098081658
9087	0	0	0.0087627175515832042	0.22653161027373209
9088	-4.7301594381427005e-05	0	0.016148919840137336	0.32107980418496262
9089	-0.00011388051370124219	0	0.010519589841196667	-0.081638942535806142
9090	-5.4994141084724336e-05	0	0.022399540251359432	-0.01723820812114555
9091	-6.4573997277717066e-05	0	0.021072310209817386	0.28510466463921658
9092	0	0	0.018177993422060775	0.18185992037456095
9093	-2.0072111765223609e-05	0	0.016149333338787739	0.11749654885078864
9094	-3.0753531414240419e-07	0	0.014462953586000925	0.16119301837081421
9095	-0.00018757103014921395	0	0.02413637562018673	0.30708703293429784
9096	0	0	0.018667536494998062	0.17564550787020125
9097	0	0	0.018836203435587048	0.27427466789864863
9098	0	0	0.018744022466462517	0.23547591201128296
9099	-4.7759385612583526e-05	0	0.014181310767667047	0.0084906343499486329
9100	-7.5192970357612629e-05	0	0.012296129874488812	-0.10434906615521655
9101	0	0	0.01570245845583167	0.0075746128129236534
9102	-8.6713701653201586e-05	0	0.022024680608610424	0.16729556394590392
9103	-8.2198826974338998e-05	0	0.028604070976982077	0.17764475488966425
9104	-7.4982728701805665e-05	0	0.026131774288947328	0.17406818385198802
9105	0	0	0.02350592689016814	0.22069788649273536
9106	0	0	0.007259384060786472	0.04188657544504569
9107	-9.5930938129562543e-05	0	0.022033685915363754	0.22474773239714629
9108	-1.963101818043267e-05	0	0.042350229863646165	0.41973955165710597
9109	0	0	0.012048039353911475	-0.0071474267911378455
9110	-8.5954361685497413e-05	0	0.0132089851591805	0.15197102768947052
9111	0	0	0.015754500166973918	0.18379565022642039
9112	0	0	0.005741672870118222	0.06899613228101148
9113	-0.00019348318009247413	0	0.016637876300202303	0.24033249300244358
9114	-1.5763711104488375e-05	0	0.018718389746239666	0.12227414546523405
9115	-5.6177898188441985e-05	0	0.024462792132460272	0.26387710527928787
9116	0	0	0.021690873586226407	0.22518856320018052
9117	0	0	0.022705755698033632	0.25640361822645119
9118	-0.00016913790842978949	0	0.01582248059391457	-0.052987346244816845
9119	-9.2617343262701993e-05	0	0.024729390657281355	0.17293290391286761
9120	0	0	0.0053497961068154441	0.08865831872972417
9121	-6.8569683482755378e-05	0	0.016140032364384677	0.26902681129720335
9122	-0.00010159716948401342	0	0.022569224773762393	0.21588116423654782
9123	-4.0163750152866218e-05	0	0.035836279089089748	0.4622495007145398
9124	-0.00011270167976733247	0	0.02504312878620173	0.2244322350497466
9125	-7.6015830675224552e-05	0	0.024482980753756073	0.25008322641809827
9126	-8.0303300907219599e-05	0	0.040412242531044536	0.49418736562615218
9127	-7.6430013786338294e-05	0	0.028126110890715827	0.26485498385818823
9128	-0.00010826131568106301	0	0.017838702818526234	0.27451058118655502
9129	0	0	0.028217446823849392	0.39936634208113375
9130	0	0	0.013264554385540731	-0.015824368003610773
9131	-0.00012145896585505356	0	0.028843194210641743	0.25172720463024839
9132	0	0	0.015235722097946384	0.11851595294488367
9133	-7.7387500718253952e-05	0	0.025311973413372324	0.13355527205817661
9134	-0.00012748497855387674	0	0.028560602212767995	0.37064065319561906
9135	-5.627569269748833e-05	0	0.033970779935194866	0.34466760696526666
9136	-8.7763040705962641e-05	0	0.023395169205876688	0.17518947323282211
9137	-4.2420657178704471e-05	0	0.013236900949925292	0.023505111357536294
9138	-9.8080409940401458e-05	0	0.020064907048802049	0.20198999114598468
9139	-9.6017843366952296e-05	0	0.014776482386724184	0.10088814761993352
9140	0	0	0.010430155390521945	0.18215738691597702
9141	0	0	0.015646963152778713	0.087988171418292002
9142	-3.6714527091435969e-05	0	0.020520297933971747	0.16873573200506253
9143	0	0	0.020160833649400956	0.086867733092668459
9144	-7.2475022222251437e-05	0	0.026046976590205086	0.29930037217194427
9145	-0.00017344898164199928	0	0.019770798709933549	0.24286346021751481
9146	0	0	0.029965034830632141	0.27824827846807426
9147	0	0	0.0081658601680495053	0.12106863942617682
9148	-3.1508489640438841e-05	0	0.018384782817421598	0.054077413462431737
9149	-0.00013077310254404063	0	0.01722243640225269	0.05238056554718399
9150	-0.00020765516862770729	0	0.026354234707230351	0.4021344617632705
9151	-3.1273610092996675e-05	0	0.028605099116483245	0.22187292505048811
9152	-5.7605394337278958e-05	0	0.015439118476119859	0.13088990761371419
9153	-0.00017317881560866	0	0.029927550452490671	0.42784458682693477
9154	0	0	0.019878901866035258	0.21101980662548905
9155	-9.0879453340253488e-05	0	0.019033312360467507	0.2374831970377847
9156	0	0	0.014038678074458582	0.26611287977174347
9157	-0.00010374273671542588	0	0.021540983067120885	0.23491496589433089
9158	-0.00012307749064019435	0	0.012411507724778614	0.094270113242057779
9159	-7.430734355959312e-05	0	0.01623737675397063	0.27782559105838645
9160	0	0	0.010986857645663603	0.113013190176109
9161	0	0	0.004222690866832959	0.044755927053830052
9162	-5.6876784951992446e-05	0	0.020540019179241302	0.28026820599108387
9163	0	0	0.0069600733255131501	0.00044652680683754387
9164	-0.00013082675227430452	0	0.010951332530897034	0.018799249229264198
9165	0	0	0.025023382497416684	-0.012350809640008602
9166	0	0	0.014540910420651426	-0.13374210454207289
9167	-1.7826490232103477e-06	0	0.014344041036311516	0.094982631940895512
9168	-3.0710234981456977e-05	0	0.010516725676653241	-0.42542277876602663
9169	-1.3001105037230287e-05	0	0.029359564086641587	0.2520242693486735
9170	-7.8365158604748461e-05	0	0.0090741564722827232	-0.077941732430103022
9171	-0.00027916825794719881	0	0.023866442002991241	0.37885634178245975
9172	0	0	0.025588381537317174	0.20128622575931798
9173	0	0	0.015641584776467845	0.11905778638583638
9174	-6.3787015334071379e-05	0	0.01858886075347279	0.15101326026319165
9175	-0.00025291741439014971	0	0.015220405915435945	0.12240448211255565
9176	0	0	0.0080558028917969114	0.11436442847579646
9177	0	0	0.031387386961999872	0.2469784062801951
9178	0	0	0.012632812667973536	0.066242875940938334
9179	0	0	0.01354078777915838	-0.030137335857297408
9180	0	0	0.017281179335434771	0.27892870751069221
9181	-9.8298703613788896e-05	0	0.017479127091413131	-0.084750865190560881
9182	-0.00010180409375258326	0	0.028238515718300793	0.21766269177835609
9183	-2.989228518492093e-05	0	0.024905249047795848	0.28290531352050613
9184	0	0	0.023092984496581006	0.16673241799712629
9185	-6.129639116954633e-05	0	0.029108033866941763	0.27802441409765011
9186	0	0	0.010228336353935708	0.0049409376576564131
9187	-0.00014071985607940762	0	0.031787260244274182	0.301287917537993
9188	0	0	0.012767528692291811	0.15157743089893114
9189	-0.00010545640974143344	0	0.028421399846941038	0.3370380501045257
9190	-4.2192860637613183e-05	0	0.024931927258376001	0.27683440234458423
9191	-6.4574209928836002e-05	0	0.013751436455822465	0.097721938388344948
9192	0	0	0.015957689985992986	0.11377703576117044
9193	0	0	0.0069667005421355736	-0.025079109056372784
9194	-8.9572607935145546e-05	0	0.021118136886735216	0.37517137147475177
9195	-4.1968444678414095e-05	0	0.026581732452607466	0.22411196417581397
9196	-1.5767193817961545e-05	0	0.007858651147434231	0.11283972064773411
9197	-0.00017202118934410703	0	0.030449173680663411	0.44779890452359661
9198	-5.185696634266712e-05	0	0.022129126619978297	0.22134905437965968
9199	-4.532293996722392e-05	0	0.012321852980175888	0.01209930906156741
9200	-4.4997553170783576e-05	0	0.017286114460079181	0.078723094024778825
9201	0	0	0.023719270743384278	0.21318137291357622
9202	0	0	0.014346182474069097	0.12721963488284033
9203	0	0	0.017401453280650736	0.26251048769033625
9204	-6.0259918143662492e-05	0	0.028876716971638849	0.39496692742428335
9205	0	0	0.015071119029779648	0.2578303483202149
9206	-0.00020658343949255808	0	0.019720693451633776	0.12140438206653854
9207	-4.3517798599268519e-05	0	0.029861006548260748	0.18407948798103063
9208	-5.3871808523781041e-05	0	0.025791443886603149	0.18211302448372796
9209	-8.6829655975473313e-05	0	0.024020996402997551	0.14846169799682912
9210	0	0	0.021360738667567953	0.36944193725420782
9211	-1.5793600868257984e-05	0	0.023500768775152787	0.30367754698696287
9212	-9.7192970034770676e-05	0	0.015999031983689085	0.18994564005434175
9213	-0.000188474131263644	0	0.025455287239259623	0.20014390182944006
9214	-4.6485390662215352e-05	0	0.033042300772001182	0.4062697600896496
9215	0	0	0.012458372847992141	0.2015429364021955
9216	-4.962476526786941e-05	0	0.012650465960864476	0.06683019858016534
9217	-4.7399809711301533e-05	0	0.028184891315985682	0.11579596895020594
9218	-4.9450740864945275e-05	0	0.014482962739734765	0.23100177158297672
9219	0	0	0.016550627062559435	0.36517018360389664
9220	-8.3889039073570262e-05	0	0.033744005279002676	0.36600286729214188
9221	0	0	0.020868279055006093	0.16034562323942239
9222	-5.9465688235132988e-05	0	0.013615985392604172	0.15631773920970199
9223	-2.2469101877786722e-05	0	0.016417500363011213	0.13609780115809444
9224	-0.00024333781805018216	0	0.028747979458685659	0.32708952891521881
9225	-7.0668538565499267e-05	0	0.020102611298569127	0.35729765472804687
9226	-3.373658474581376e-07	0	0.025104940682753429	0.27956206414798812
9227	0	0	0.014716019242425587	0.13038870034951011
9228	-0.00011206829877112301	0	0.019919484180511475	-0.01145145054104546
9229	0	0	0.012972036865739809	0.17547793320869981
9230	-2.199977205188386e-05	0	0.01984950062406635	0.21280534713611057
9231	0	0	0.015419143855084427	0.15422584323421834
9232	-5.8275049741024484e-05	0	0.02512527091955542	0.30344598747740098
9233	-3.6653086323190644e-05	0	0.017523093305904739	0.20215153471073982
9234	-4.1739423570535947e-05	0	0.026199142786479113	0.27049866056103722
9235	-9.6266693763213953e-05	0	0.028118969024853436	0.14185929461824581
9236	0	0	0.025939652549794488	0.36147066006772216
9237	-7.1647925838186349e-05	0	0.019707120212279151	0.1324272219990133
9238	-2.0338421757681856e-05	0	0.028951673247218652	0.3686222434672749
9239	-5.7873260670943116e-05	0	0.022579596862331155	0.18582225605885311
9240	0	0	0.026405121418471279	0.36803297950009584
9241	0	0	0.017380676103197094	0.17443334006936212
9242	0	0	0.013462687027203426	0.32455171191103521
9243	0	0	0.020329748925620353	0.12025015281756239
9244	-3.6977184188163868e-05	0	0.023154836122626379	0.26438242043812443
9245	0	0	0.01468251150524511	0.22867626634516078
9246	-5.285216472737386e-05	0	0.011642724875217675	0.18601329800064337
9247	-3.764228707647532e-05	0	0.0097061475668118458	0.08538144378890769
9248	-2.1726791737197716e-05	0	0.0247588511661039	0.29900034822527555
9249	-6.5370685268578704e-05	0	0.022114335622840063	0.14446873124288034
9250	-1.2138212855672403e-06	0	0.025351750259543553	0.33183463779278072
9251	0	0	0.016390708122443039	0.0536174619790468
9252	-6.5692385383764323e-05	0	0.023153291824577045	0.237859533130616
9253	-8.084417193164328e-05	0	0.016542452216764102	0.19906678784292153
9254	0	0	0.02428585519656919	0.2777261770919176
9255	-2.8310539741671636e-05	0	0.022436659602196221	0.32045970923731648
9256	-0.0001189971551598501	0	0.023712180180951573	0.25114402982944117
9257	0	0	0.013239831267298954	0.065222623022715115
9258	0	0	0.01865058230621696	0.26355031314388266
9259	-5.2770015080300105e-05	0	0.024794212567888572	0.18152711088154586
9260	-0.0001162937229675698	0	0.034983158752751389	0.47452129074421939
9261	-1.4149505668131778e-05	0	0.034722461187187255	0.38836108469221264
9262	-7.8036670314429732e-05	0	0.020173030057737032	0.24114295441200301
9263	0	0	0.016907534666435135	0.13355536050578259
9264	-0.00015986839426791467	0	0.026019304758153623	0.26662099974784265
9265	-7.902114594866006e-05	0	0.019741673334440418	0.17097861749337881
9266	0	0	0.021532527822060797	0.005106902443619654
9267	-7.980635471196984e-05	0	0.011413027329071235	0.25302120379909188
9268	-0.00017753297821918035	0	0.031807644989789927	0.16755068673683154
9269	-0.00034387035156495382	0	0.022367045765790093	-0.089887394510841906
9270	-5.7760053109606749e-05	0	0.022788254069017883	0.17285312712043138
9271	-5.0717736220429187e-05	0	0.014099540149906581	0.23927343925213393
9272	0	0	0.030274407594956664	0.28015362043693892
9273	-7.4277164037467319e-05	0	0.021893277924369951	0.26741376839914616
9274	-4.2739956452270132e-05	0	0.016052563646400037	0.17669244002458898
9275	0	0	0.014093783660391591	0.10467638054197528
9276	-4.1479418569950741e-05	0	0.02422463349989732	0.258982863164195
9277	0	0	0.018952059458923799	0.18885696305184624
9278	-4.928945308038668e-05	0	0.024954053476948634	0.30007872649656991
9279	-2.895724179676762e-05	0	0.025485036598122547	0.18166451244499557
9280	-6.7454084178975024e-05	0	0.018984239103920449	0.15333276985041971
9281	0	0	0.024099195194961578	0.30850250724409112
9282	-0.00012788776771532895	0	0.026897387521224302	0.26580172811379404
9283	0	0	0.01295706313874403	0.16177620833981612
9284	-5.9208537034655115e-05	0	0.028909837287968133	0.35747259881153676
9285	-9.9643791912756854e-05	0	0.020004156697825227	0.13794525924531248
9286	-0.0002306103586331043	0	0.025821420584307676	0.22647441976443933
9287	0	0	0.0085753904446673884	0.020123681186861652
9288	0	0	0.013997640974395872	0.16835916495179476
9289	-0.00016562809174117677	0	0.025563554153105163	0.40485024849604717
9290	-0.00014052667383641083	0	0.02467957817087936	0.28918898933349735
9291	0	0	0.0079862573539019738	0.0350348862359822
9292	0	0	0.024840957768018233	0.18777777013466593
9293	-0.00013290533125707716	0	0.03294957825393334	0.39023303410700488
9294	-2.7634824106986811e-05	0	0.025956964861822397	0.18365683417404455
9295	-6.1017565316034973e-05	0	0.022786643937498921	0.24514500815313278
9296	0	0	0.019707560296785227	0.32884401390295531
9297	-2.0092979948244106e-05	0	0.029557435899585482	0.17141176509349948
9298	-4.2769139073112195e-05	0	0.021665838282972121	0.239617491185878
9299	-1.7115596969224933e-05	0	0.029853399232482158	0.3418050556638853
9300	-0.00012165709868883212	0	0.022656479695284018	0.11304202214464273
9301	0	0	0.022886517065232027	0.33800774094589237
9302	-7.3713584426404749e-05	0	0.025016216871883722	0.33259082181514943
9303	-0.00018630755461424009	0	0.028808957296881332	0.26431696802217541
9304	-1.3812702573634538e-05	0	0.019443019434735614	0.25339164928022051
9305	0	0	0.021856346932884445	0.31163514567236306
9306	-5.6283136224027917e-05	0	0.025040514391457748	0.33186902616638297
9307	-0.0002145788242510993	0	0.022505793957746521	0.21386470943230548
9308	0	0	0.020392047305569157	0.058303033391381189
9309	-2.2723758010223528e-05	0	0.020420461712131553	0.32765630457296624
9310	-0.00010603033764806646	0	0.023723197392892175	0.15116008422654414
9311	-0.00018179103448884849	0	0.026328491449679591	0.19081066873162564
9312	0	0	0.0054964156270598755	0.12994398852706002
9313	-9.8210928090503019e-05	0	0.018701401970760919	0.090155142206458178
9314	-3.4307155705498579e-05	0	0.010068761873350032	0.20017485252426032
9315	0	0	0.027660641288852584	0.26563586712370857
9316	0	0	0.013879021070583969	-0.040088311593628335
9317	-0.00020781354662360862	0	0.023275150305978654	0.40278060519950232
9318	0	0	0.025699229818089264	0.21626238220572741
9319	-0.00017591142035537909	0	0.021120666765617916	0.24991504373367851
9320	0	0	0.018186211200609721	0.26001221290682042
9321	-8.2042876912841181e-05	0	0.023282563544246532	0.22836915128974403
9322	-4.1373267666411359e-05	0	0.019665079125489805	0.34217742474320972
9323	-4.6359061062073435e-05	0	0.020445515528556366	0.16499976130571847
9324	-9.3110739569729481e-05	0	0.024076650509685146	0.20954676213537712
9325	0	0	0.016216853469638477	0.27924109946111975
9326	0	0	0.018378877060404232	0.095598739313248624
9327	0	0	0.018040574330330836	0.19414596998819753
9328	-4.2701182550924921e-05	0	0.026017973800640276	0.24280014323768645
9329	-5.506739533606697e-05	0	0.024103675627070317	0.16552221271891124
9330	-3.873202628135175e-05	0	0.020566277533408357	0.039205660926324895
9331	-9.0665291221789238e-05	0	0.018702412569306225	-0.026871157003733149
9332	0	0	0.0078541537238442823	0.086357919342894746
9333	-2.4187113318308029e-05	0	0.01732069862943101	0.2381422092857978
9334	-0.00010886811415826703	0	0.022375271630572971	0.0433992268899943
9335	-2.5914024856127373e-05	0	0.010415277926433656	0.14285167774719315
9336	0	0	0.021518339748078128	0.39993750805123912
9337	-2.8195361069874304e-05	0	0.031101472955327752	0.30170447565461145
9338	-6.8256934988070167e-05	0	0.017647299108813439	0.18915256303736369
9339	-5.557531292886275e-05	0	0.011903882415495176	0.073729942381907429
9340	-0.00010327627097518332	0	0.026080170954348302	0.29926218562792956
9341	-3.9823978024597359e-05	0	0.018840277937361739	0.29012295076620886
9342	-3.0025827169222197e-05	0	0.018827542171551213	0.044535919291582078
9343	-5.7631474148645e-05	0	0.015267661909828428	0.11312359002221575
9344	-6.5842668018417652e-05	0	0.030341249294162254	0.1838029774394993
9345	0	0	0.013702751697502003	0.20471714605589481
9346	0	0	0.016799031220556392	0.28372844393412366
9347	0	0	0.025033086102369616	0.41356236442613825
9348	-9.1169742673352647e-05	0	0.020027392279060731	0.2163909075758102
9349	0	0	0.031449420689037312	0.39750430930145542
9350	0	0	0.019442409657106495	0.10066766266703842
9351	-3.5901034802304777e-05	0	0.025972039611390281	0.21898350454598781
9352	-5.6031843041165488e-05	0	0.029471939741023391	0.26192741132136582
9353	-2.0791970669409299e-05	0	0.028733885421651249	0.42657036393480963
9354	-0.00010994722419496727	0	0.02351845807815358	0.20350231220270015
9355	0	0	0.002904900509865574	0.14176187747859198
9356	0	0	0.021581506495320035	0.049812026042424115
9357	-7.383383940095522e-05	0	0.020160660086145855	0.32491590516375324
9358	-5.4018294183993955e-05	0	0.01672070431316974	0.045336478985422292
9359	-0.00013611883114153511	0	0.021009083969460121	0.064270547890666135
9360	0	0	0.0090918421957366744	0.12805256897156994
9361	0	0	0.022720096669588838	0.39489075306742738
9362	-7.5555387658132744e-05	0	0.031654695543811201	0.34377673689539057
9363	-7.1552322820600528e-05	0	0.025244620453551109	0.33472114716003343
9364	-0.00010369326695591207	0	0.013782391583950901	0.10054275886619397
9365	-7.8027498296767689e-05	0	0.02335853750035383	0.20488278719668923
9366	-1.9590873705549462e-05	0	0.022712816200865921	0.065907024835116235
9367	0	0	0.010872277386936541	0.16513995656186214
9368	0	0	0.023241386126128825	0.1611304297488956
9369	0	0	0.0071819637015828912	0.11102018768121069
9370	-1.4283483219851289e-05	0	0.024731259103098542	0.344639447181391
9371	0	0	0.010258434455760215	-0.13186788638371347
9372	0	0	0.011877282024455704	0.015625959773487436
9373	-0.00029316687877208313	0	0.019976802853629301	-0.0023304194321382421
9374	0	0	0.0068552931605370491	0.097697736495068244
9375	0	0	0.0157467206915539	0.30742815788094713
9376	-0.00010393323487579708	0	0.019654580738315251	0.28916152015007224
9377	-2.3043191437144284e-05	0	0.017143875365292029	0.23907873356054105
9378	0	0	0.019469882181801443	0.070030924145754098
9379	-6.6647821699683529e-05	0	0.026203522430369108	0.0751188179798776
9380	-0.00010953326134817698	0	0.02730822912863573	0.42634919491471546
9381	-4.1260948842611335e-05	0	0.015283913707548533	0.15286485077234752
9382	-0.00010502548285990787	0	0.017495625999960122	0.26044069791939639
9383	-8.8069216375458173e-05	0	0.032915382803352086	0.35830901918456476
9384	0	0	0.0088795225084127155	0.18359549625434993
9385	-4.8191400278541073e-05	0	0.012532479866570103	-0.095207807686163742
9386	0	0	0.022226667058349879	0.29290673916966636
9387	-4.5355111069464439e-05	0	0.017143176341668634	0.1695086957568453
9388	-7.2794227112710225e-05	0	0.014495472249066579	0.17325261947110265
9389	-9.7156998087183366e-05	0	0.022760653836271589	0.082464110613029204
9390	-5.4032807560736029e-05	0	0.020833608498318171	0.11803059247540015
9391	-4.3938023830886183e-05	0	0.014350350513572247	0.25045080964869892
9392	0	0	0.023946637114472362	0.30979742995261922
9393	0	0	0.017639138790286581	0.23705984855281237
9394	0	0	0.021364433401552984	0.28752915966585951
9395	-0.0001426020683253537	0	0.036593689791381785	0.36612364492310578
9396	-0.00010401922393625807	0	0.031138664147159784	0.33174525042859015
9397	-3.5959468959845253e-05	0	0.022682287881155269	0.22524213958935158
9398	-4.6562593485144356e-05	0	0.023706651354520741	0.027645013335958212
9399	0	0	0.019041409422967601	0.25077966952857855
9400	-5.1444591572324951e-05	0	0.018825985261322998	0.23253721573976013
9401	0	0	0.0039028726800103193	0.16674333562705548
9402	-4.9612619744698884e-05	0	0.023240874561390696	0.2545836194115112
9403	0	0	0.016895201021392619	0.13845959371858926
9404	-2.62655346687235e-05	0	0.029139129954717791	0.21972422162457578
9405	-0.00012965216188167705	0	0.026717995469878148	0.29291800486722452
9406	-1.6475554864231466e-05	0	0.012558265886642286	0.1225951513986695
9407	-9.0260750447951346e-05	0	0.026732721696307426	0.31932684207410922
9408	-0.00011782248511065795	0	0.019412655027617447	0.1523282266320557
9409	0	0	0.016665604295306471	0.23656211150274326
9410	0	0	0.0073589139020521083	0.2018457455066848
9411	0	0	0.011805459989325607	0.29582849897667474
9412	-7.8210473091200323e-07	0	0.023788792728264181	0.12469127473484609
9413	0	0	0.030043475863601087	0.23213999946394939
9414	-5.2600802184005201e-05	0	0.022450581910840643	0.24294512985423142
9415	0	0	0.0049676184407182467	0.22799621079753613
9416	0	0	0.012174748860092746	0.19416813437989533
9417	0	0	0.014978459954488599	0.19355056661568676
9418	0	0	0.011699706299701945	0.024022934808767847
9419	-4.1879596762028902e-05	0	0.025736824450797224	0.35327991137340181
9420	-9.2173188822697319e-05	0	0.015345582899018263	0.10665385185314938
9421	-2.0466912430383565e-05	0	0.027041466288592421	0.22487442711919203
9422	-6.314385912858933e-05	0	0.015185218615036019	0.038463413994528219
9423	0	0	0.026082158745574079	0.28545971759737826
9424	-4.6377389222881925e-05	0	0.021002581220475845	0.19630066411790148
9425	0	0	0.013068072733935138	0.092992195024573801
9426	-4.7145708067064532e-05	0	0.014470349763897971	0.14362811313011153
9427	-7.499241089501951e-05	0	0.027749137782241428	0.27421026171284046
9428	0	0	0.024781566286760617	0.31131324214148359
9429	0	0	0.023472997365479014	0.34019918069730248
9430	-6.7197987686712366e-05	0	0.027099403726852551	0.40050998947990574
9431	-0.00016811299986850271	0	0.024811378834106605	0.28025411241295639
9432	0	0	0.012110305064535309	0.089361406766507417
9433	-8.5501635843643342e-07	0	0.02467153110516674	0.16224611235926326
9434	-3.4267227508349984e-05	0	0.0068165399628714761	-0.21534274731703446
9435	-0.00010976569688624372	0	0.02799710410702606	0.30514926511382889
9436	0	0	0.009921249703859325	0.1659630221823542
9437	0	0	0.011216722285789868	0.15015091477051118
9438	-1.9088334044736754e-05	0	0.010895139581359381	0.13195803275663023
9439	-6.8011396516354239e-05	0	0.037970887276813643	0.41448964120025861
9440	-9.582307115026944e-05	0	0.031935271646788409	0.17523962652603536
9441	-0.00011490472459587675	0	0.01772276275714367	0.21903423146682974
9442	-0.00010129256375392415	0	0.014488608847923846	0.030185801261613587
9443	-6.337888690866045e-07	0	0.018663171679626146	0.14448212368794527
9444	-5.4544259291200434e-05	0	0.014238439257389265	0.26012464967982651
9445	-8.7025298277282337e-05	0	0.020682396492794859	0.20487613268909161
9446	0	0	0.020383836394814805	0.26008501542954332
9447	-2.7203823696092531e-05	0	0.02154969959374433	0.29124870277477655
9448	0	0	0.018806119694411389	0.20104388840826046
9449	0	0	0.0097973048195736552	0.18851667476581571
9450	-1.6566329809519776e-05	0	0.030520468874825003	0.31703777143615708
9451	0	0	0.0084168836136909592	-0.032208522726246115
9452	0	0	0.027210184769791212	0.24921252031797297
9453	-4.4457355593297e-05	0	0.018685454198623309	0.19095879341733821
9454	0	0	0.022349757067230892	0.23928068584526169
9455	-0.00011871932915159533	0	0.023274662485076248	0.33077789610940089
9456	0	0	0.014605406783585481	0.23938008733659927
9457	-8.7238235476544412e-05	0	0.030516114870600942	0.32100301857221814
9458	0	0	0.023110706633143512	0.24272024405075934
9459	-8.2508623991334179e-05	0	0.016705939404602084	0.064405003206160077
9460	0	0	0.030259525267532516	0.41688638643490494
9461	0	0	0.015350615704537838	0.17183120463634655
9462	-5.569297537377782e-05	0	0.022832768364099126	0.12779821633209107
9463	0	0	0.018530788305231749	0.28752651884014885
9464	0	0	0.015665075644960461	0.18046474430261264
9465	0	0	0.0018147081652009234	0.0940197146647863
9466	0	0	0.017983510384767889	0.20170930879504403
9467	-8.5142455373971027e-05	0	0.026150631294898564	0.20111135772334504
9468	-0.00010424627467366942	0	0.019850438690259702	0.22236199454150554
9469	-0.00020549141687283278	0	0.019130365125571671	0.22940445104512402
9470	-0.00010017753697887377	0	0.019607653040690363	0.15582465161753362
9471	-0.00012702047283081886	0	0.018927485573325201	0.087151456349247827
9472	0	0	0.025417782653403821	0.28005975701562069
9473	-1.4687427207615845e-06	0	0.022440360049405857	0.26265477825999389
9474	-9.2456069718732656e-05	0	0.018604792710180985	0.18419565274101973
9475	0	0	0.025601249256489156	0.31754086261344139
9476	-4.6868146034989568e-05	0	0.023079173435721682	0.22245968808243494
9477	-2.8118862205492313e-05	0	0.022411170492597682	0.049438345900604974
9478	-2.6702618530455301e-05	0	0.021563865356422053	0.17974669524082462
9479	-5.3035552950303488e-05	0	0.017504146189176527	0.25073790696998821
9480	-4.0711549131317028e-05	0	0.019383140416427441	-0.048279168564028876
9481	-5.6758739737416966e-05	0	0.0071604072815380365	-0.22076914169064471
9482	0	0	0.022905739511611588	0.12558554388792714
9483	-4.3676530396191682e-05	0	0.016247648781866467	0.31293244113666602
9484	-0.00013287771647656487	0	0.026865831423260746	0.35364126164538029
9485	-1.5093373791852382e-05	0	0.01331394460153992	0.046860604628038274
9486	-3.0630506583256832e-05	0	0.025621590726044152	0.1730197703338055
9487	-5.0892347948638945e-07	0	0.02145741613251009	0.0027179562138705702
9488	-7.2557132154477117e-05	0	0.027557284310392855	0.30387611676610937
9489	0	0	0.0087062494923177362	0.099064760819346315
9490	-4.6754827425843357e-05	0	0.019408890915470756	0.19402670930146032
9491	0	0	0.023900668590967879	0.37789477032958374
9492	0	0	0.021239041180166059	0.35281419280858473
9493	0	0	0.020198023150348392	0.32855426733414761
9494	-6.4201678793990299e-05	0	0.013379752715119094	0.14969880826568313
9495	-7.675882577868332e-05	0	0.016174908551210745	-0.041335260182739635
9496	0	0	0.014068041143688519	0.22996075401139215
9497	-3.4563095011014289e-05	0	0.022717560401331292	0.21252323494928843
9498	0	0	0.018427921852492014	0.27994062567060757
9499	0	0	0.013668411182628454	0.23087877294936682
9500	0	0	0.024361720479618976	0.21138022077266005
9501	-1.6494971289071624e-05	0	0.018006552791595631	0.17003516114241629
9502	-3.0483507649942122e-05	0	0.0084097482333311355	-0.18961693758116971
9503	-0.00012435543645779036	0	0.022111159915720338	0.17326458997688357
9504	-5.6207188847068326e-05	0	0.016596085255161867	0.055222243173026132
9505	0	0	0.024295397442063868	0.21526627575616994
9506	-8.3692629745130145e-05	0	0.027579500475920411	0.27010683482821107
9507	-0.0001378326015425424	0	0.023265134550649644	0.2647570080548981
9508	0	0	0.0050407265841985625	0.069111724328044841
9509	0	0	0.014455939787645982	0.07264796445964454
9510	-2.7364447332201003e-05	0	0.033164124840282097	0.37117331213636912
9511	-9.3125828857487663e-05	0	0.022488616933609325	0.23347032417405816
9512	-9.1588616853308102e-05	0	0.00505901609229574	-0.31990051456211094
9513	-1.7279126635610931e-05	0	0.014400367293649963	0.039143821340999599
9514	-0.00022393898499865618	0	0.024932556137102109	0.28096570911091318
9515	0	0	0.016176519046115105	0.21716203709569809
9516	0	0	0.026382448986966407	0.38695245814000617
9517	0	0	0.018432447876220941	0.093191664508660427
9518	-5.8492822732336694e-05	0	0.012009479311379165	0.1443030939736637
9519	-0.00020342972979350282	0	0.028521627474676892	0.41584703412626156
9520	0	0	0.015003400898875616	0.18657744660628101
9521	0	0	0.020615699791660048	0.28210920836314018
9522	-7.3077554179107326e-05	0	0.013994144584114432	0.16202940020137985
9523	0	0	0.015255267509325099	0.38240644175389793
9524	-5.9766244811298996e-05	0	0.018517099590625152	0.32250756944281883
9525	-1.2154983762502348e-06	0	0.021836656876907397	0.21806216051797361
9526	-8.3195352502701825e-05	0	0.019107746027495948	0.33965142327295161
9527	-3.4823799851446681e-05	0	0.0089782799301937975	-0.0077559575115019371
9528	-0.00019005270723583268	0	0.033762565100443946	0.31690362958886531
9529	0	0	0.0079837770174926541	0.12102970576973307
9530	-0.00014965865316831918	0	0.026470370280151301	0.20116715944528293
9531	-4.8042943255927059e-05	0	0.017167796630178048	0.21765268295456569
9532	-0.0001472702864058817	0	0.021667985163755801	0.22634979179320974
9533	-0.00012506436940689926	0	0.020368184653027532	0.20679882977029002
9534	-0.00016104357276267579	0	0.021699836590063106	0.049523932468547152
9535	0	0	0.012354850522578505	0.11516083715265704
9536	0	0	0.02454479790735372	0.12135665633150754
9537	0	0	0.0069471334780806613	-0.13114466887271475
9538	-3.8020812388461778e-05	0	0.018734253667472181	0.19490863390910682
9539	0	0	0.01982915831394353	0.076155056595624673
9540	-3.388982964849241e-05	0	0.023792786549592292	0.24818609601621461
9541	-5.4137992364750033e-05	0	0.019541336819426092	0.29998934703441599
9542	-4.8458644936927311e-05	0	0.027261898338222436	0.31373721673780297
9543	-0.00011695664735754674	0	0.022144180255988629	0.13922759285754993
9544	0	0	0.012922423532299613	0.074033243333652923
9545	-1.395028759216821e-05	0	0.012550377451291469	0.14080798763498475
9546	-0.0001561640375660256	0	0.032409048154835342	0.33948378044069016
9547	0	0	0.0096504896907980732	0.21521119600391372
9548	-2.2268838267652803e-05	0	0.01393901412857132	0.082649059085425275
9549	-0.00018079820517630241	0	0.02908619118027863	0.26514315712248787
9550	-4.7784010402951438e-05	0	0.015766283529271424	0.19825048033147158
9551	-2.3413928254384377e-05	0	0.024386202580447304	0.21819564815309067
9552	-8.8774049150297521e-05	0	0.021333865224524087	0.25930651800798576
9553	0	0	0.0083809356497804022	0.036891145724666216
9554	-0.00014552333074955293	0	0.023127391284755057	0.24036656746138058
9555	-0.00013174324445602847	0	0.027029660165298074	0.35502773489944173
9556	-7.433724664869801e-05	0	0.027974192616231786	0.18796770909031782
9557	0	0	0.015173414611831203	0.10677642419558349
9558	0	0	0.013505151185232692	0.26068497665951912
9559	-6.3671734915482508e-05	0	0.030880175116784602	0.35177176569057156
9560	0	0	0.018910462124743451	0.10281558549479838
9561	0	0	0.019213600017492512	0.17742577927741496
9562	-9.3770500924172942e-05	0	0.029108038690854449	0.27155766153250893
9563	0	0	0.025615423320476123	0.25117865377706122
9564	0	0	0.024363996732640423	0.16400966535884157
9565	-8.4303019008302726e-05	0	0.022766179905083919	0.3468207341373758
9566	0	0	0.0076551312205736712	-0.0062599262305720769
9567	-3.3446632796979568e-05	0	0.018180691120461348	0.1652342548249939
9568	0	0	0.023889071873571616	0.51627177517907585
9569	-6.6552241967268727e-05	0	0.020652590999354757	-0.013968543205615358
9570	0	0	0.023298883968020566	0.29155848082587887
9571	-6.4816125919564541e-05	0	0.020373037005778867	0.35254994830591835
9572	0	0	0.014433789291285814	0.15208075959419334
9573	0	0	0.009330291288080262	0.041118364280195038
9574	-0.00010003602224109009	0	0.032821371886397763	0.32271012723501069
9575	-3.0856719184030326e-05	0	0.02051855227035515	0.2727028124395981
9576	-7.4763797423516015e-05	0	0.023566671509184418	0.3375502717133676
9577	-6.6564436306726366e-05	0	0.015112728395115899	0.14472197532513117
9578	0	0	0.010583004362135055	0.19875098597510021
9579	-0.00014095196559201216	0	0.013211808084080564	0.18933761712034861
9580	0	0	0.0047813588206241375	0.0092250477344971663
9581	0	0	0.030325374141180028	0.28604893625043648
9582	0	0	0.019384657669537383	0.23176366210945734
9583	0	0	0.032204055106484171	0.30462923872837566
9584	-0.00015402666900756756	0	0.024092056476364278	0.31351359185557059
9585	-8.6782444604666109e-05	0	0.029372223958154899	0.25745253082370662
9586	0	0	0.029330092998553235	0.45533078305294145
9587	0	0	0.019296045288876448	0.23935000814421231
9588	-4.6104271604091585e-05	0	0.022465215757926118	0.059122441707705656
9589	-8.1998527690924089e-05	0	0.016436715341454973	0.15141337763750379
9590	-0.00012542942341744746	0	0.030918577311796879	0.21128436182651508
9591	0	0	0.017414521912575705	0.36649851226087149
9592	-6.2499229066698131e-05	0	0.014909136698235747	0.084956623201837847
9593	0	0	0.011426195221797589	0.13884752972831593
9594	-1.8288504453806142e-05	0	0.026542413234438521	0.37264353023103808
9595	-1.6639448825228608e-05	0	0.021076521903106805	0.10001223002249131
9596	-3.2361480843401402e-05	0	0.023911790861194236	0.060157457516479586
9597	0	0	0.0099153237343010368	0.090405367510848517
9598	0	0	0.037222952967736457	0.35775156319774581
9599	-3.3057682940218489e-05	0	0.037194799881952352	0.4578864413221363
9600	-0.00015539053522162227	0	0.034361922062737381	0.42561982020630501
9601	-4.8565667632360922e-05	0	0.018891016924700944	0.18754572919511311
9602	-3.2931416390918897e-05	0	0.030375814134102407	0.25553682630139052
9603	0	0	0.0085769205589322443	0.10894491760648632
9604	-4.6402666082562269e-05	0	0.03205488820549017	0.24360053050727487
9605	-0.00018111357396574657	0	0.026195261765351696	0.18676626425877788
9606	-3.8960140979665828e-05	0	0.025808460008882227	0.20137730836075463
9607	-9.504409767653321e-05	0	0.022674699043303787	0.23822598674591902
9608	-7.6999594962090526e-05	0	0.021692918941080743	0.25722144084721227
9609	0	0	0.031893616430927474	0.31118634053930333
9610	-0.00012338053173733266	0	0.017018374897640055	0.12168223638961506
9611	-1.6346000745892652e-05	0	0.014528585376509631	0.112961651570052
9612	-0.00010142160569050485	0	0.024605170902847411	0.19632743967186081
9613	-3.1018870628368722e-05	0	0.018705118740781467	0.23052823896432054
9614	0	0	0.017450845360798103	0.1332206473910596
9615	0	0	0.012934954441838	-0.0026574662253554455
9616	-3.4690314599011841e-05	0	0.022438806329475019	0.057678776256628893
9617	0	0	0.015630924756240377	0.11789215022342066
9618	0	0	-0.00015737330280410911	-0.092922189635349622
9619	-2.8376885662106944e-05	0	0.027236666483495341	-0.01286142935456375
9620	0	0	0.014790961588494267	0.30959735803160476
9621	-2.8133597989515869e-05	0	0.016874614479737766	0.11749375853766393
9622	0	0	0.0037484131066076649	0.09034331767466712
9623	-0.00010321616152014768	0	0.020545178099010256	0.30184242295208374
9624	-9.9153459957035386e-07	0	0.018719446474045612	0.36943558721389086
9625	0	0	0.021670035013846886	0.11844400141376221
9626	-2.8319767105666749e-05	0	0.014396967448939179	0.025260268508160544
9627	0	0	0.016010255395523816	0.19744335788862016
9628	0	0	0.020205140500753685	0.38257542349581586
9629	-5.4361026914934166e-05	0	0.022715384849147258	0.24530195488592255
9630	0	0	0.012990834413835101	0.11492577091204277
9631	-4.541801893651054e-05	0	0.032188652743977968	0.29981344819139072
9632	-4.6983921394605498e-05	0	0.010596976258471422	0.030639745166523808
9633	-0.00013592096692811029	0	0.027203161277705529	0.20190519236085303
9634	0	0	0.015137906840303949	0.081154281002454337
9635	0	0	0.020921384520642704	0.34757255668316051
9636	-2.1081319263605015e-05	0	0.011773642386681276	0.096620264308556844
9637	-5.5445819016958219e-05	0	0.026654421004448363	0.20381437508982114
9638	0	0	0.0096354908730171274	0.11758735176205479
9639	0	0	0.016920458641988836	0.17816980035591312
9640	-6.7296758939838777e-05	0	0.021383160921359907	0.28574783616778265
9641	-3.9436789122548888e-05	0	0.021599184622806387	0.10993191336093804
9642	-5.0458214872584065e-05	0	0.024972476777183387	0.32165867940458998
9643	0	0	0.008038727190509274	0.1160686648619291
9644	-6.937054223513095e-05	0	0.025319663116262346	0.10429598763632489
9645	-8.0727834851251906e-05	0	0.012717948102259718	0.10658844464031547
9646	0	0	0.013516422009003465	0.085719727340371588
9647	-3.2398393644234028e-05	0	0.026414566508046012	0.26622740421431812
9648	0	0	0.015226868709200165	0.26604094000218348
9649	-6.6101372180515922e-05	0	0.029649100211329639	0.26066316563144676
9650	-3.2520430801225023e-05	0	0.034341865667237584	0.51669445886010867
9651	0	0	0.016640501829339828	0.29146164383705714
9652	-0.00011297861171799539	0	0.02086827813062336	0.053113744197918422
9653	-0.00013028818391419005	0	0.027325474874160018	0.16832165526602402
9654	-3.9405313467827385e-05	0	0.013847889386451692	0.24978340724863601
9655	0	0	0.018105562860088492	0.18057536567853782
9656	-1.5750233540057224e-05	0	0.014395587584630892	-0.038249412052127826
9657	-5.0814984785774173e-05	0	0.026270587055782023	0.25706921828693763
9658	0	0	0.017804999700598866	0.11571162582676502
9659	-6.3724859483821342e-05	0	0.023578278226814974	0.15490932565900103
9660	0	0	-0.00061233496969066714	-0.010309037825998835
9661	-0.00020283831936909191	0	0.025194125332451155	0.38701581735959978
9662	-9.9689244754991299e-05	0	0.023854004558175997	0.17456378092208191
9663	-2.6541606242413972e-05	0	0.02343873790447076	0.24839742796765457
9664	0	0	0.017345143275379511	0.33331347812920714
9665	0	0	0.025075684427776336	0.3093219675302461
9666	-3.8521791615109271e-05	0	0.020781229767953997	0.17374884603918025
9667	-0.00014186850013110652	0	0.023731134208415584	0.059510535116102117
9668	-3.1479328060579626e-05	0	0.019113465675329254	0.34048766461693514
9669	0	0	0.0077579341686229153	0.26439850379788143
9670	0	0	0.019076334520533263	0.20767754937460287
9671	-6.6036471678415648e-05	0	0.019320755262237806	0.1473525125758938
9672	0	0	0.014359642660633989	0.12479277020416073
9673	0	0	0.0020763012723107486	-0.026436121144507396
9674	0	0	0.013593944048815459	0.24366276602942466
9675	-0.00012529540727039269	0	0.020680527195350677	0.20198225370024797
9676	-4.3136066008611637e-05	0	0.008795208877335519	-0.037791069723253426
9677	-7.1068514351929624e-05	0	0.017498417459086972	0.21181029518330763
9678	-5.7419351427745459e-05	0	0.010939159286258568	0.041072187345368771
9679	-9.7710295864514296e-05	0	0.019928797179696582	0.09061572153522679
9680	-3.1353762438601772e-05	0	0.018484235130960151	-0.030232516709451755
9681	0	0	0.025819223083719922	0.28485712163085081
9682	-0.00012806445898944641	0	0.022432046882706187	0.10496795901360209
9683	0	0	0.01882501198648269	0.4569231293559054
9684	-3.595173484428893e-05	0	0.016288750769471255	-0.099390284117018682
9685	-0.0002001278535788964	0	0.025125861528352174	0.29510008303676016
9686	-9.25018354855145e-05	0	0.017066991560806204	0.056007501915879596
9687	0	0	0.015420283875441518	0.2291702696226196
9688	0	0	0.017945504190374828	0.27286780897997798
9689	0	0	0.014443140608755336	0.22200549837945643
9690	0	0	0.022803974471940235	0.31432488779566004
9691	-1.814528789812475e-05	0	0.028156024187356292	0.2164653383073219
9692	0	0	0.0043762076437925904	-0.097500181036376338
9693	0	0	0.0061488321760687966	-0.012596748333111651
9694	-0.00015218237077588848	0	0.027587963565030071	0.13086037172010373
9695	0	0	0.015997590243173709	0.095955052639895719
9696	-1.7154701272203975e-05	0	0.012148077888315132	0.20994882438978285
9697	-4.8867042444122874e-05	0	0.016351938285118887	0.26898092961240494
9698	-9.9014397484975541e-05	0	0.023561024245889916	0.27113065819753507
9699	-0.00013862013881881519	0	0.01887959972376875	0.24231325354313685
9700	-9.3166176182402077e-05	0	0.023113385975367318	0.29404285845903633
9701	-7.6843217335481612e-05	0	0.022713944690253087	0.35480950285995289
9702	-6.3059263340997656e-05	0	0.016359891545263856	0.15025947603489981
9703	-9.9344480184121459e-05	0	0.014117843395192722	0.0079910076519067678
9704	-4.4417133131352539e-05	0	0.016132142562234376	0.18014418732615187
9705	0	0	0.011692320466981331	0.069289735426683333
9706	-0.00017028626538969637	0	0.023474845577249756	0.075411525325281406
9707	-9.8741691266357451e-05	0	0.016852050198504082	0.23442176667172557
9708	-9.2038226924268102e-05	0	0.022845853901026399	0.13012972557211114
9709	-7.9138349982521561e-05	0	0.018702129210740139	0.22444793137339855
9710	-3.7829421099772056e-05	0	0.019324333739533971	0.11537880230452988
9711	-4.5631741654034164e-05	0	0.028015295305045616	0.20255397277354364
9712	-7.6649454280608428e-05	0	0.016158686917152401	0.21378986871414299
9713	0	0	0.011769876372933991	0.068752718716399944
9714	-1.496192027922727e-05	0	0.014872310015002232	0.072087018171727385
9715	-7.4445069558570773e-05	0	0.028820505953813837	0.22561040898341828
9716	-3.3986503139571411e-07	0	0.013777796339393713	-0.014546044582693766
9717	-8.397068058758062e-05	0	0.020321629026460272	0.079970467615387092
9718	-6.3021639909416341e-05	0	0.027680126434248879	0.25676627451511513
9719	-3.1791564048219699e-05	0	0.0203840151266662	-0.0074641802822961404
9720	0	0	0.010804004082484966	0.07055119010850594
9721	-5.6263158450714504e-05	0	0.017312820673116937	-0.075891541464009518
9722	-0.00015124569346052218	0	0.026506723899824346	0.28679570247472197
9723	-5.7418227827349398e-05	0	0.022103676561912297	0.037768977674319033
9724	-4.1429120452879387e-05	0	0.026102947312761554	0.24940572405274364
9725	-1.2628686255455879e-06	0	0.016468768639034032	0.079215498360952152
9726	0	0	0.026095860666679356	0.34961658564248044
9727	-3.6492161624634976e-05	0	0.031746724661920425	0.42471519984506667
9728	0	0	0.011730672170388987	0.061620710739714236
9729	-1.5636535887741941e-05	0	0.021756056561091773	0.3241455484320841
9730	-7.2879153118399204e-05	0	0.03076336731960555	0.31273518994538241
9731	-4.4962451164209935e-05	0	0.023055734377618077	0.1812069363774278
9732	0	0	0.026030446165166705	0.18448146042134339
9733	-2.4862429757332992e-05	0	0.031401644464650151	0.29156473218177464
9734	0	0	0.015142476492770705	-0.074204348602286113
9735	0	0	0.020329232834251074	0.26588131014600613
9736	0	0	0.037379065740709386	0.48178060092163977
9737	0	0	0.018512850246706753	0.17870099499614664
9738	-4.3371301708250433e-05	0	0.022529062096934536	0.30023898878534971
9739	-6.2111958738420009e-05	0	0.01051349110285924	-0.047190575240052483
9740	0	0	0.010703221279474475	0.12823317622877994
9741	-5.8149055921935534e-05	0	0.017567835007820127	0.083316839338528237
9742	-8.0377666992087477e-05	0	0.013352920753969674	0.13001753821989959
9743	-3.9829069141295026e-05	0	0.021080634205342008	0.33304513335847508
9744	0	0	0.01716556228707632	0.082564383004729625
9745	-8.7376098131980445e-05	0	0.011649661669250888	0.11418985769226339
9746	0	0	0.022923030474714199	0.3051384642323321
9747	-3.4563376063800889e-05	0	0.027573452573783908	0.21021653541695065
9748	0	0	0.014261278330628077	0.26768931121179801
9749	0	0	0.010019009510882072	0.28873504523417265
9750	0	0	0.010749015006975901	0.10433940073092511
9751	0	0	0.0068253533861289354	-0.042672154451357837
9752	0	0	0.015429434039327967	0.26186679906063681
9753	0	0	0.019413819268817623	0.11420292461875359
9754	-7.3663957941100253e-05	0	0.021114295949835167	0.3539173755117403
9755	-0.00012825595183255377	0	0.01382715695266635	-0.096539704860516912
9756	-0.0001364036929661444	0	0.024521639836803284	0.1046698869217155
9757	-3.4927557313857437e-05	0	0.015994630709247181	0.057261317459386132
9758	-5.1736856312462054e-05	0	0.0059430608853056292	-0.027884498165721409
9759	-5.218744083190785e-05	0	0.029231450368581748	0.30805722609943198
9760	0	0	0.021159547987717114	0.28708525392553619
9761	-0.00016982947041372377	0	0.029064086539439628	0.36669762027370584
9762	0	0	0.019023347531095795	0.22317287206735231
9763	0	0	0.010781797996504883	-0.0012191856100567055
9764	-6.8883115134077413e-05	0	0.018969506592637318	0.20315203519224795
9765	-0.00012647214499207914	0	0.02762862773423257	0.18126774019795824
9766	0	0	0.017968271424004201	0.089026315937576345
9767	0	0	0.0082990539990343056	0.19152808810001237
9768	0	0	0.013848120147964863	0.10340093496854119
9769	-5.7789489643911285e-05	0	0.019474554558399797	0.28506953051340855
9770	-4.8365339781392125e-05	0	0.028125705969725578	0.21974408719263719
9771	0	0	0.0039563831941194644	-0.12543758346255268
9772	-3.4995399133375127e-05	0	0.025398745911184333	0.24368717327069805
9773	0	0	0.022927791233792075	0.17896505854527675
9774	-3.5920825688406931e-05	0	0.034242708424871468	0.27201873592864023
9775	-1.5776027718999997e-05	0	0.028370763206675358	0.34194584714614312
9776	-0.00010196753856648866	0	0.036346618479268539	0.25888442666230815
9777	-9.8192935364144196e-05	0	0.032033285400431558	0.29949453123484038
9778	0	0	0.017758822764647523	0.15136098936376949
9779	0	0	0.024783546733469324	0.32970865125212706
9780	0	0	0.0082430607024928017	0.1639211696115756
9781	0	0	0.013569492407894368	0.27940345378703951
9782	0	0	0.016531988124151763	0.13974922131693268
9783	-0.00017287138527999902	0	0.027051115103841249	0.25748842530074756
9784	-0.0001603851721769245	0	0.033281013042087394	0.43096135496234389
9785	0	0	0.01642731756786487	0.23692437419418527
9786	-2.4651986603341225e-05	0	0.018136902770224575	0.17276327507338754
9787	0	0	0.01796745446369747	0.18388291870945545
9788	-1.5355180445070227e-05	0	0.027922763553594611	0.27939869626834546
9789	-8.0987957423267473e-05	0	0.024640737977967835	0.36757307388742921
9790	0	0	0.022070636947569517	0.19196247120489357
9791	-6.6050255079502801e-05	0	0.020879295789508635	0.28521111053401133
9792	0	0	0.013012726110531947	0.071651248316445398
9793	-8.179304682306987e-05	0	0.024909973818766099	0.26907245004969232
9794	0	0	0.013471362191708894	0.15220122293961208
9795	-8.2392769932720938e-05	0	0.022102621274717335	0.27276827173149354
9796	-8.4777592442356056e-05	0	0.022063406845950373	0.1042606202980251
9797	0	0	0.01978163457025817	0.31174878359224895
9798	0	0	0.022572190999233879	0.20817663566627792
9799	-3.0957425622191173e-05	0	0.019395246516761031	0.11194394488954913
9800	-0.00016253206963108834	0	0.014526709635722895	0.17437293105038626
9801	0	0	0.010338459159992769	0.048521863367233929
9802	0	0	0.01867369964690755	0.14256584639021763
9803	-5.345657576928953e-05	0	0.027621634157036022	0.1687753415690654
9804	0	0	0.0036470706626250903	0.040591728831022328
9805	-0.00013610252936692712	0	0.031944599267046091	0.5430794247530526
9806	-7.2052428189520184e-05	0	0.0094004532522258735	0.19413444028479596
9807	0	0	0.024847244959955987	0.27815271850647477
9808	-4.6402586625821088e-05	0	0.0083828648005746381	0.10240320390118858
9809	-1.9327561648102565e-05	0	0.011971436724466166	-0.10156705323822117
9810	-8.3370571035529256e-05	0	0.012910798748118037	-0.059875968016972148
9811	-7.7504512878795445e-05	0	0.021120528538625075	0.40135763287027382
9812	-8.5284998992762867e-05	0	0.024382802146647044	0.20151944839570804
9813	-9.7900926307797903e-05	0	0.019626392468341459	0.18349416951313061
9814	-9.6831767804747565e-05	0	0.020329703650117294	0.19872957228859009
9815	-8.2344872916229056e-05	0	0.01800809753883973	0.13256738988096223
9816	0	0	0.016362303303244598	0.22800927171603663
9817	0	0	0.0094127485732407538	0.17073887056542697
9818	0	0	0.012925587676836669	0.013963681492104812
9819	0	0	0.031367153629479214	0.29897106938981177
9820	-9.9599153664031714e-05	0	0.025593393296795587	0.20537674738712494
9821	0	0	0.014185433850898977	0.070410954800969192
9822	-1.2619853362078049e-05	0	0.010202615494279102	0.16433824114605461
9823	0	0	0.024103436402216804	0.39098813607634553
9824	-7.468914915398917e-05	0	0.02040637514278347	0.2222008331908682
9825	-0.00011273203488128269	0	0.021565738575555528	0.27850878581027422
9826	-4.4048333777940707e-05	0	0.035928378462255273	0.39153250997677669
9827	0	0	0.018298979574712288	0.019612442635342842
9828	0	0	0.022858592604330583	0.32676277128385339
9829	0	0	0.0038479367233945072	0.056129762525821303
9830	-2.2637188581334234e-05	0	0.016762181878573187	0.13358668988400674
9831	0	0	0.016208794200010933	-0.12160918523519786
9832	-5.0594202459047774e-05	0	0.036236253781268365	0.25872962344991307
9833	0	0	0.0081330786377174728	0.096418878492695509
9834	-5.6326793107713824e-05	0	0.021479778684863258	0.21172459059222848
9835	-6.1308411091781645e-05	0	0.025304504920220839	0.2508064371971912
9836	0	0	0.010262628547068839	0.1216599265720503
9837	-3.1704433569784696e-05	0	0.023958465648001755	0.096574749831931331
9838	0	0	0.0087294349286563596	0.1553547757638935
9839	0	0	0.024719443540622422	0.27994785013166834
9840	0	0	0.016677062371087129	0.21630402760511239
9841	0	0	0.022519261016764297	0.40685960382684305
9842	-6.2550809206157745e-05	0	0.019471216090023398	0.067587699133839746
9843	0	0	0.017935772545527241	0.24087868005735955
9844	-6.0014034774624747e-05	0	0.018689210543565427	0.046547314063283274
9845	0	0	0.018205791091311537	0.44622830674303843
9846	-0.00010106296214555943	0	0.030625602176652313	0.40733192862889106
9847	0	0	0.032369382267941456	0.15850719753112111
9848	-0.00020615637212959559	0	0.023903370807543664	0.13467851609094464
9849	-1.96871377541874e-06	0	0.034116800339588242	0.19936473119187542
9850	-4.3763383125333678e-05	0	0.020089176302453823	0.28036934766022659
9851	0	0	0.014686295867197229	0.17568901122780867
9852	0	0	0.02425148212462511	0.32109871297171361
9853	0	0	0.0067008750072382658	-0.079809136590558105
9854	-0.00012152880792533071	0	0.015863524138899687	0.36465126565781203
9855	-3.7956615623091493e-05	0	0.010372731832634489	-0.053886117053104712
9856	-8.360095570190684e-05	0	0.024799169191888758	0.33511081325376935
9857	0	0	0.027441772220101419	0.33882728174137178
9858	0	0	0.027136116193269832	0.34348753947494537
9859	0	0	0.007823412248834186	0.010299891197654001
9860	-5.6159450243092879e-05	0	0.021662096254262311	0.16786257904066515
9861	-0.00012915670599294993	0	0.016996910503700849	0.24790969676893501
9862	0	0	0.0085604731030536896	0.047052428046353942
9863	-5.5974251431553654e-05	0	0.012074546120285676	0.21234861146703582
9864	0	0	0.019093482230929056	0.24821400927359044
9865	-4.5272869598766974e-05	0	0.025408903707819785	0.27860744930729547
9866	-9.9899355366689363e-05	0	0.025098029624133857	0.28181005427642719
9867	-3.396294658077337e-05	0	0.01871883265822042	0.14446089162910522
9868	-5.2658988861575831e-05	0	0.026613108281943677	0.36933675546757405
9869	-0.00014294489602189597	0	0.03442621318208075	0.43313997802484766
9870	-0.00021004299104010471	0	0.019551863292385695	0.20722539979365839
9871	-2.8049716590955454e-05	0	0.017925949759254635	0.32665709989826242
9872	-8.7411855958563489e-05	0	0.020874022484009106	0.047410751489470604
9873	0	0	0.011668781928819186	0.33518393074698666
9874	-4.0598308821054863e-05	0	0.02703145522556593	0.34418183318826956
9875	0	0	0.01924878497361026	0.24936935077142458
9876	-3.9005056799390478e-05	0	0.020646023294493249	0.34993727946282538
9877	-0.0001570157311761855	0	0.0094900359997265177	0.05459953317871731
9878	-3.0380225687043351e-05	0	0.036425240919641548	0.18041707942782398
9879	-2.3192612864025853e-05	0	0.008479913039490106	0.061418288749980864
9880	0	0	0.011603551758315969	0.092195666994913841
9881	-0.00012384878118257837	0	0.02279032200555562	0.21059169033510386
9882	-8.8623795705811132e-05	0	0.029273654843148627	0.40704142409536492
9883	-0.0001016426919525415	0	0.01544764171796165	0.16578598301553418
9884	-2.5910387214544971e-05	0	0.018251751549179619	0.32362409960464206
9885	0	0	0.016383137724071066	0.21061748997512925
9886	-5.5704762354735757e-05	0	0.023242812921626454	0.12914951863680552
9887	-5.6620935497841976e-05	0	0.017559106753530736	0.1171013290142543
9888	0	0	0.022786911524547558	0.28168345564153224
9889	-6.3098018263979533e-05	0	0.02724815348512712	0.21695831123955606
9890	-7.0390613238707761e-05	0	0.018582327603801383	0.19900524428261437
9891	-3.9413210655625529e-05	0	0.0058256818053702922	0.15909607802644493
9892	0	0	0.011498424431480081	-0.077051057930850028
9893	0	0	0.0042247250062783844	-0.28424279725264168
9894	0	0	0.0084752754450299929	0.29644652415835082
9895	0	0	0.015898345979033213	0.22394960726346866
9896	0	0	0.027365719028599543	0.46699073726306162
9897	-2.0950696349997244e-05	0	0.014495835488699052	0.070951649193795083
9898	-4.8720534210694447e-05	0	0.015498093163157955	0.065589360294880397
9899	-5.8360092183640241e-05	0	0.02927166944561168	0.28143913861585285
9900	-4.2983446986799569e-05	0	0.025505211518137359	0.38677619578390832
9901	0	0	0.033318341219577198	0.27427069458481501
9902	-8.9753242273196696e-05	0	0.026098276067076549	0.18458953701457667
9903	-2.0378364794698677e-05	0	0.015642568573840703	0.0095967517692132076
9904	0	0	0.017706414398335507	0.38049345006793223
9905	-8.7032675291609513e-05	0	0.02028734681509041	0.22535665062525306
9906	0	0	0.012075531020144395	0.072455508206991523
9907	-0.00033071138621533768	0	0.030972881321926708	0.23832553071508916
9908	-4.283284814882715e-05	0	0.024490311652282652	0.09083060844183001
9909	-0.00013761050084571403	0	0.038093738489842446	0.43730759837295408
9910	0	0	0.011261335356054152	0.24450548935806937
9911	0	0	0.01561399987538678	0.18052073407404934
9912	-0.00014038005771549732	0	0.016020476219644014	0.031729680888636168
9913	-3.0802305932894904e-05	0	0.019520813761814561	0.078471681252195835
9914	-6.3513776988444179e-05	0	0.020967640671522989	0.28723302178191329
9915	-4.3301771817177984e-05	0	0.021564512968618204	0.26168939564136695
9916	-5.5627934853980097e-05	0	0.022828696656159723	0.14218006453464072
9917	-4.4729760678152706e-07	0	0.016738262147920922	-0.070170452999497618
9918	0	0	0.017504550592642117	0.0072483570849504464
9919	-3.2789338049477036e-05	0	0.009012131751589594	0.12761282618409012
9920	0	0	0.016663300237014518	0.14705701830780299
9921	-1.4623770709448757e-05	0	0.015444666501007906	0.13880181807180805
9922	-1.4675108137013337e-05	0	0.029022100778712867	0.4788326401680898
9923	-9.8385271247403147e-05	0	0.020574666672710122	0.20341122796719543
9924	0	0	0.0095913397604242088	0.23233609027031332
9925	0	0	0.0082907679538936803	0.073047756374426398
9926	-7.2699178889118474e-05	0	0.020802197186742241	0.21065905478110106
9927	-0.00016514715862068764	0	0.025934494897557774	0.029827210378955693
9928	0	0	0.014776811149989142	-0.020801256963062925
9929	-2.0602312056697269e-05	0	0.018553626980881872	-0.064060069015401483
9930	-1.8180577794868481e-05	0	0.022320989382103102	0.22100936519443132
9931	0	0	0.017693372631766	0.28861153622654967
9932	0	0	0.018959307865608961	-0.019360028137937996
9933	-8.21730959253475e-05	0	0.026429411269873172	0.4974753771620592
9934	0	0	0.021252076081722721	0.32751880451320237
9935	0	0	0.0079363962799536281	-0.23530525820629483
9936	-3.2584912995192725e-05	0	0.013998613462542119	0.13800912788973102
9937	-4.2773141236374103e-05	0	0.01272366375911407	0.10624240694238814
9938	-9.1795024762439398e-05	0	0.01570255856751477	0.1470907839250431
9939	-6.6744801368334711e-05	0	0.028834735127058874	0.44392870498294357
9940	-1.9730518659766271e-05	0	0.020375158229234223	0.078754162250949264
9941	-3.6872168800361481e-05	0	0.016917472400323878	0.24664647860670116
9942	0	0	0.019103553816792955	0.18554546190044754
9943	-6.0265766378275741e-05	0	0.016619759156252426	0.13507331554487795
9944	-9.9977659160432883e-05	0	0.026452883401336679	0.28353983663104676
9945	0	0	0.01874826869227882	0.19919549190553359
9946	-5.3067671821099835e-05	0	0.022345303102088692	-0.041963393585836797
9947	-0.00021650764098072873	0	0.029742173407203715	0.23637271312696559
9948	-1.4970338401065764e-05	0	0.016361563603163563	0.15510977172178628
9949	0	0	0.014964539508920006	0.043328879802819041
9950	0	0	0.023072425681186001	0.28294564082920215
9951	0	0	0.013580261687992215	0.023838245964307933
9952	0	0	0.02443879816694431	0.32288326586502292
9953	-2.6895046790992304e-05	0	0.019339617653607758	0.24822532638584827
9954	-1.9852231788008989e-05	0	0.032379893505914151	0.36685429446470808
9955	-0.00019945119369192132	0	0.02994907445191889	0.34873322754608971
9956	-3.3453734172539386e-05	0	0.017353006316012349	0.099529764081885769
9957	-0.00010903661248563013	0	0.028285923645099333	0.51525071481040419
9958	-4.9119839878436487e-05	0	0.026409209481677697	0.49630110674791983
9959	0	0	0.019653847294541046	0.21378986871414299
9960	-4.4455550409422393e-05	0	0.0066744392779881923	-0.015327864544728625
9961	-8.2639163383990683e-05	0	0.015298263095603271	0.11728052462599141
9962	0	0	0.0077705017771519695	0.18040635294932428
9963	0	0	0.019913613852311544	0.23961816205941311
9964	0	0	0.020118903435293121	0.21238973529987684
9965	0	0	0.011940758177129076	0.025666599360263404
9966	-2.5485627532806366e-05	0	0.039202880285982025	0.41734666507854412
9967	-0.00012130173505029984	0	0.023962067448864213	0.33664156366472298
9968	-3.7244961106536192e-05	0	0.02934225641920777	0.41189682552042761
9969	-0.00011519823619753899	0	0.014135544278687856	0.16672213776278377
9970	-1.6905336973660477e-05	0	0.024207504983949656	0.14273408311153193
9971	-8.0975858927406769e-05	0	0.024360909914346383	0.33850034069175372
9972	0	0	0.016848885678449062	0.12142006895622851
9973	-5.1774703231538542e-05	0	0.032516304614789021	0.35357717632831304
9974	-5.4221857060082757e-05	0	0.019908988167248575	0.18861971198169497
9975	-5.4490074950980238e-05	0	0.022545251399280507	0.28005509051442884
9976	-0.00015410787581671693	0	0.023340218464979308	0.33205587192044878
9977	-3.0237083371675854e-05	0	0.026603358767995799	0.29712613592305165
9978	-7.2066773067008816e-05	0	0.020487860910986415	0.13190301058615292
9979	0	0	0.015324799345283403	0.3493789275179609
9980	0	0	0.0112168899029858	0.24079793314636491
9981	-3.3033164117124427e-07	0	0.019342582257647727	0.22910304695087341
9982	-0.00010997646081716273	0	0.02728065114377911	0.36276069684783363
9983	-6.6706775909675114e-05	0	0.020387342868831003	0.26392021116667497
9984	0	0	0.012777576283670437	0.19878796443236435
9985	-8.3728942952399074e-05	0	0.018674461923690423	0.12165698734004822
9986	0	0	0.010924233884254633	0.28794555447140768
9987	-9.7982099565979699e-05	0	0.030541056275311739	0.31932293970603831
9988	0	0	0.021350856178559491	0.18688956709957111
9989	-0.00018844463226257434	0	0.02794360768320877	0.29965081974520574
9990	-0.00021997260738109147	0	0.031267352622629821	0.20814937846835946
9991	0	0	0.014126957859829111	0.045985444817646853
9992	0	0	0.008611624844824339	0.25229082706235773
9993	-4.0343955041266533e-05	0	0.02104626408225229	0.16402244845824293
9994	-2.4987910730397966e-05	0	0.022372460553160799	0.24332756722118348
9995	0	0	0.011231882821096851	0.09273091608524163
9996	0	0	0.011046575583915618	0.21531188954998043
9997	0	0	0.011458252170089672	0.097847199616715175
9998	0	0	0.018555268635723106	0.18099434786009153
9999	0	0	0.016140421989718372	0.33278504438581591
10000	-3.560885080319265e-05	0	0.020368363173983911	0.33022443697379111
