artifact_path	size_bytes	sha256
c1_h19_chr21_chr22_fast_topk__pair01__baseline__0/correctness.json	65	a278541fd198bfff0e1fbca1ef8e939bbc1f5b5432d8a6289fe649582d1a7f5e
c1_h19_chr21_chr22_fast_topk__pair01__baseline__0/environment.json	25046	cb9c7a5de304e1917c691a1d46b2b55f0832066bc03d9342238fe084024e6df3
c1_h19_chr21_chr22_fast_topk__pair01__baseline__0/execution.json	1091	f20f8703c1f8b22031fa3f27de039ab6eb9c9063aac8e7c1183fe30c42505424
c1_h19_chr21_chr22_fast_topk__pair01__baseline__0/gpu-memory.csv	1065516	2bb290cea870e366e9d549bc1ff5b4ea0acad49a5dafea1dc5df38176bd07d31
c1_h19_chr21_chr22_fast_topk__pair01__baseline__0/inputs/query.fa	2860	18b082f717a1e6b5f076272916e14ab549142acf7443d692bc3928bdff0d0cbb
c1_h19_chr21_chr22_fast_topk__pair01__baseline__0/output/logs/shard_0000_chr21.stderr.log	99004	106a5636c9c735f2ef854607cd2aff15453f095799a064f4b114e93081c40ded
c1_h19_chr21_chr22_fast_topk__pair01__baseline__0/output/logs/shard_0000_chr21.stdout.log	85	b46e0ed1799d15bdba13d1d244f0a06b6885fdf26a6a4d6271dd7767154b8c23
c1_h19_chr21_chr22_fast_topk__pair01__baseline__0/output/logs/shard_0001_chr22.stderr.log	99004	106a5636c9c735f2ef854607cd2aff15453f095799a064f4b114e93081c40ded
c1_h19_chr21_chr22_fast_topk__pair01__baseline__0/output/logs/shard_0001_chr22.stdout.log	85	74732a30ee944c4d912d44cbb4c88087131b0a3de95df13edf49a4116b4c7ca3
c1_h19_chr21_chr22_fast_topk__pair01__baseline__0/output/report.json	112964	abaac9d5c8ce76a1cc06a4ba296d437b940e1f6d88200d42672e7b94daa366e5
c1_h19_chr21_chr22_fast_topk__pair01__baseline__0/output/shard_outputs/shard_0000_chr21/chr21-H19_0_2812-shard_0000_chr21-TFOsorted.lite	22938266	c97402e73859a09f50fd0353e664fe1d2a1d42e0c7b497df08eef2e65083ea0c
c1_h19_chr21_chr22_fast_topk__pair01__baseline__0/output/shard_outputs/shard_0001_chr22/chr22-H19_0_2812-shard_0001_chr22-TFOsorted.lite	32019276	b61c12a0b72b24b504dd64ae0c403141c781c4e3f69c5ad159cc7959bb09dad1
c1_h19_chr21_chr22_fast_topk__pair01__baseline__0/output/shard_plan.json	1489	fe124d4594782cab110cfac48ce5228ebf4ce5dd996919dc31ebe86bb3c2eb4a
c1_h19_chr21_chr22_fast_topk__pair01__baseline__0/output/shards/shard_0000_chr21.fa	47293865	9d4f98d47db5404fd1e881123e636fe841e302214af03c9514a0b7892431d571
c1_h19_chr21_chr22_fast_topk__pair01__baseline__0/output/shards/shard_0001_chr22.fa	51453706	fdcae3058910b126a32dd10ef9effca2bef20572a8500eda9c8aa07b61879c61
c1_h19_chr21_chr22_fast_topk__pair01__baseline__0/output/topk-TFOsorted.lite	1373	f14dc248af1ee92fee5e90592de3ad59ef474ce9c105c9208608208dcf1ece6d
c1_h19_chr21_chr22_fast_topk__pair01__baseline__0/output/topk_rows.tsv	1581	b15a96c628cdf3df41515b17132288e59128611fba406eaa5168fa5e246b5405
c1_h19_chr21_chr22_fast_topk__pair01__baseline__0/output/topk_summary.tsv	1581	b15a96c628cdf3df41515b17132288e59128611fba406eaa5168fa5e246b5405
c1_h19_chr21_chr22_fast_topk__pair01__baseline__0/run-complete.json	471	cff96ecb6be21fedfc4dd83843f9554b0a19ee56510cbcd61a6247bb65dc8e20
c1_h19_chr21_chr22_fast_topk__pair01__baseline__0/run-config.json	1846	8f4cd6f88a05ef429e1fc081bd23a88ac62b7a70f5acdbf247840f8dfbce595e
c1_h19_chr21_chr22_fast_topk__pair01__baseline__0/stderr.log	0	e3b0c44298fc1c149afbf4c8996fb92427ae41e4649b934ca495991b7852b855
c1_h19_chr21_chr22_fast_topk__pair01__baseline__0/stdout.log	112964	abaac9d5c8ce76a1cc06a4ba296d437b940e1f6d88200d42672e7b94daa366e5
c1_h19_chr21_chr22_fast_topk__pair01__baseline__0/summary.json	1257	4ab9fd1859953a1287a13a28c9d0897239fd4059b7665dfbe058121a6ccc0c16
c1_h19_chr21_chr22_fast_topk__pair01__baseline__0/time.txt	1555	067501f6725f52c58317becfbd18a84b7b750a5eb8bcfc8fc9ffb01b5bf4c47e
c1_h19_chr21_chr22_fast_topk__pair01__candidate__0/correctness.json	65	a278541fd198bfff0e1fbca1ef8e939bbc1f5b5432d8a6289fe649582d1a7f5e
c1_h19_chr21_chr22_fast_topk__pair01__candidate__0/environment.json	25046	2f74e6139ca0231932031c2a026d197cd859df6cf7a0db40c2a1a5b73266b2db
c1_h19_chr21_chr22_fast_topk__pair01__candidate__0/execution.json	1140	0e38b635f4d5a5282d3fa759bf1ea3ea795358220a51d175dd05fab779694e75
c1_h19_chr21_chr22_fast_topk__pair01__candidate__0/gpu-memory.csv	29187	dfb1e8c2ed434ba1c119cbee0a09aed2123b30a8c6fd0b7c841ab0911d75deff
c1_h19_chr21_chr22_fast_topk__pair01__candidate__0/inputs/query.fa	2860	18b082f717a1e6b5f076272916e14ab549142acf7443d692bc3928bdff0d0cbb
c1_h19_chr21_chr22_fast_topk__pair01__candidate__0/output/logs/shard_0000_chr21.stderr.log	112138	6eee554f7a3f73b8b5342eb3be527a43dcbcb819722b0c769a021e8c21552b67
c1_h19_chr21_chr22_fast_topk__pair01__candidate__0/output/logs/shard_0000_chr21.stdout.log	85	c810eff8f4001e6397a239bade0c0598aacb738199b91e11263cea7baec8dcbc
c1_h19_chr21_chr22_fast_topk__pair01__candidate__0/output/logs/shard_0001_chr22.stderr.log	112141	7ab3c70a54917d631b5f2d99d9791aa46eac470711c30de7f720b091db46a57a
c1_h19_chr21_chr22_fast_topk__pair01__candidate__0/output/logs/shard_0001_chr22.stdout.log	85	e57f1b22327126fd529dfefcdc1c7c49b14b04c01da36b936f80d72c151538fc
c1_h19_chr21_chr22_fast_topk__pair01__candidate__0/output/report.json	127813	bc55b1b0d9d9e59665842866901415ff0d106345ffe4f50bb8118600b0c187b7
c1_h19_chr21_chr22_fast_topk__pair01__candidate__0/output/shard_outputs/shard_0000_chr21/chr21-H19_0_2812-shard_0000_chr21-TFOsorted.lite	1291	bae2d7c089b277c433d4d14b21e168f5fa395901dd49e74f9e44d4adc4c39a33
c1_h19_chr21_chr22_fast_topk__pair01__candidate__0/output/shard_outputs/shard_0000_chr21/chr21-H19_0_2812-shard_0000_chr21-TFOsorted.lite.topk_rank.tsv	1461	789611148031acfd565a17e54a0b59ec424e1b64a652e666e2f5433c903caa7d
c1_h19_chr21_chr22_fast_topk__pair01__candidate__0/output/shard_outputs/shard_0001_chr22/chr22-H19_0_2812-shard_0001_chr22-TFOsorted.lite	1297	1da0e4e4a9490f5bbb5e8c8b129f8d0ed18a18c55d650519972ac11b81e1577f
c1_h19_chr21_chr22_fast_topk__pair01__candidate__0/output/shard_outputs/shard_0001_chr22/chr22-H19_0_2812-shard_0001_chr22-TFOsorted.lite.topk_rank.tsv	1468	2f093f995ca27e367882d339ef797fc8b4c23d0705167fba7da48532426d8f4d
c1_h19_chr21_chr22_fast_topk__pair01__candidate__0/output/shard_plan.json	1491	a6e57f7db2612199731ae4f5233c9c30d5cfd301fb5a176e6b35386665f0ef40
c1_h19_chr21_chr22_fast_topk__pair01__candidate__0/output/shards/shard_0000_chr21.fa	47293865	9d4f98d47db5404fd1e881123e636fe841e302214af03c9514a0b7892431d571
c1_h19_chr21_chr22_fast_topk__pair01__candidate__0/output/shards/shard_0001_chr22.fa	51453706	fdcae3058910b126a32dd10ef9effca2bef20572a8500eda9c8aa07b61879c61
c1_h19_chr21_chr22_fast_topk__pair01__candidate__0/output/topk-TFOsorted.lite	1373	f14dc248af1ee92fee5e90592de3ad59ef474ce9c105c9208608208dcf1ece6d
c1_h19_chr21_chr22_fast_topk__pair01__candidate__0/output/topk_rows.tsv	1604	d7621f999ac93b0563c45044b87fe730cce52531e764b05fdd579ca9dcc7d96a
c1_h19_chr21_chr22_fast_topk__pair01__candidate__0/output/topk_summary.tsv	1604	d7621f999ac93b0563c45044b87fe730cce52531e764b05fdd579ca9dcc7d96a
c1_h19_chr21_chr22_fast_topk__pair01__candidate__0/run-complete.json	472	c9f67ef3b56155bfe9df49458be933b0ef1dde14d61fe1b9d7b5a1a8b080c475
c1_h19_chr21_chr22_fast_topk__pair01__candidate__0/run-config.json	1849	9fdf8934a77ad5f2230dbaa0a28ea9204c965e7772ca162ada22e786fa025bc5
c1_h19_chr21_chr22_fast_topk__pair01__candidate__0/stderr.log	0	e3b0c44298fc1c149afbf4c8996fb92427ae41e4649b934ca495991b7852b855
c1_h19_chr21_chr22_fast_topk__pair01__candidate__0/stdout.log	127813	bc55b1b0d9d9e59665842866901415ff0d106345ffe4f50bb8118600b0c187b7
c1_h19_chr21_chr22_fast_topk__pair01__candidate__0/summary.json	1267	cc1d629790454358a6a6be8e74981f9b965ac56bc7a48fa77efb43b2cedd0858
c1_h19_chr21_chr22_fast_topk__pair01__candidate__0/time.txt	1593	65b778ddabbdcd1a72953c49e7b79339ac9e9c2163c896d8b9ff18d07b6373dc
c1_h19_chr21_chr22_fast_topk__pair02__baseline__0/correctness.json	65	a278541fd198bfff0e1fbca1ef8e939bbc1f5b5432d8a6289fe649582d1a7f5e
c1_h19_chr21_chr22_fast_topk__pair02__baseline__0/environment.json	25045	ad4d81cf7010f48bd7c2df2d931397df4b71c80adc5ec161dd7e23fd6c323a79
c1_h19_chr21_chr22_fast_topk__pair02__baseline__0/execution.json	1092	bc494ae12f6d5219a0a4c828e1bb3ae80d29610bfd82ddd70b54d20500691b65
c1_h19_chr21_chr22_fast_topk__pair02__baseline__0/gpu-memory.csv	1069038	4729f7362cb43e9acf07e5f70d8e7131e35f4e8ee91c34e3a275b0c34dd0caa7
c1_h19_chr21_chr22_fast_topk__pair02__baseline__0/inputs/query.fa	2860	18b082f717a1e6b5f076272916e14ab549142acf7443d692bc3928bdff0d0cbb
c1_h19_chr21_chr22_fast_topk__pair02__baseline__0/output/logs/shard_0000_chr21.stderr.log	99004	106a5636c9c735f2ef854607cd2aff15453f095799a064f4b114e93081c40ded
c1_h19_chr21_chr22_fast_topk__pair02__baseline__0/output/logs/shard_0000_chr21.stdout.log	85	9e50c4cd24ddca1d3d14b099c909a39559c17ac3294b54e367104f15d4c2edf7
c1_h19_chr21_chr22_fast_topk__pair02__baseline__0/output/logs/shard_0001_chr22.stderr.log	99004	106a5636c9c735f2ef854607cd2aff15453f095799a064f4b114e93081c40ded
c1_h19_chr21_chr22_fast_topk__pair02__baseline__0/output/logs/shard_0001_chr22.stdout.log	84	e7dcc3fc5a797bf0d85ef58f02711d09cad0c0ac4b544922de45ec6d4bbc193a
c1_h19_chr21_chr22_fast_topk__pair02__baseline__0/output/report.json	112962	ba703298f4eac0c9beca99bfccd02ea5b173f23023c3cd46e1c66ad050e65e25
c1_h19_chr21_chr22_fast_topk__pair02__baseline__0/output/shard_outputs/shard_0000_chr21/chr21-H19_0_2812-shard_0000_chr21-TFOsorted.lite	22938266	c97402e73859a09f50fd0353e664fe1d2a1d42e0c7b497df08eef2e65083ea0c
c1_h19_chr21_chr22_fast_topk__pair02__baseline__0/output/shard_outputs/shard_0001_chr22/chr22-H19_0_2812-shard_0001_chr22-TFOsorted.lite	32019276	b61c12a0b72b24b504dd64ae0c403141c781c4e3f69c5ad159cc7959bb09dad1
c1_h19_chr21_chr22_fast_topk__pair02__baseline__0/output/shard_plan.json	1489	42b6e9fbcbf2afd6a6361b1aa42ef0c1cafa9221d9bdcc2982679e24fad595c2
c1_h19_chr21_chr22_fast_topk__pair02__baseline__0/output/shards/shard_0000_chr21.fa	47293865	9d4f98d47db5404fd1e881123e636fe841e302214af03c9514a0b7892431d571
c1_h19_chr21_chr22_fast_topk__pair02__baseline__0/output/shards/shard_0001_chr22.fa	51453706	fdcae3058910b126a32dd10ef9effca2bef20572a8500eda9c8aa07b61879c61
c1_h19_chr21_chr22_fast_topk__pair02__baseline__0/output/topk-TFOsorted.lite	1373	f14dc248af1ee92fee5e90592de3ad59ef474ce9c105c9208608208dcf1ece6d
c1_h19_chr21_chr22_fast_topk__pair02__baseline__0/output/topk_rows.tsv	1581	b15a96c628cdf3df41515b17132288e59128611fba406eaa5168fa5e246b5405
c1_h19_chr21_chr22_fast_topk__pair02__baseline__0/output/topk_summary.tsv	1581	b15a96c628cdf3df41515b17132288e59128611fba406eaa5168fa5e246b5405
c1_h19_chr21_chr22_fast_topk__pair02__baseline__0/run-complete.json	471	4398b1d135041439ae9e2d32c40de7bcd689f42a661c76f02b20082c3e1fd4da
c1_h19_chr21_chr22_fast_topk__pair02__baseline__0/run-config.json	1846	8d924c53bb472f6d3eefa9f7c240556ba1643c876f3c8d38639306b1ed0b1426
c1_h19_chr21_chr22_fast_topk__pair02__baseline__0/stderr.log	0	e3b0c44298fc1c149afbf4c8996fb92427ae41e4649b934ca495991b7852b855
c1_h19_chr21_chr22_fast_topk__pair02__baseline__0/stdout.log	112962	ba703298f4eac0c9beca99bfccd02ea5b173f23023c3cd46e1c66ad050e65e25
c1_h19_chr21_chr22_fast_topk__pair02__baseline__0/summary.json	1258	e64f4b6ac8eaee2dcaa0ba680be677eefe34d5f112fcaba777188e945cb32041
c1_h19_chr21_chr22_fast_topk__pair02__baseline__0/time.txt	1554	5f5138c97448c02e85768cfa81aa7a36f719b8305d911a0ed19faed6247889bc
c1_h19_chr21_chr22_fast_topk__pair02__candidate__0/correctness.json	65	a278541fd198bfff0e1fbca1ef8e939bbc1f5b5432d8a6289fe649582d1a7f5e
c1_h19_chr21_chr22_fast_topk__pair02__candidate__0/environment.json	25045	d7ff7e6eab6f1bed42dbf2d0f4d8f3e814189c9e433d57348275954ecd1946a3
c1_h19_chr21_chr22_fast_topk__pair02__candidate__0/execution.json	1139	b65535f255a1b6f1dc32cac5358251cce021ac968a93e57526fe19f4e39ac2e7
c1_h19_chr21_chr22_fast_topk__pair02__candidate__0/gpu-memory.csv	29475	285b3dd8f4b4a291aa3c39d494d4d2707375f4153b869f7d6dab3aa8df4d6ae2
c1_h19_chr21_chr22_fast_topk__pair02__candidate__0/inputs/query.fa	2860	18b082f717a1e6b5f076272916e14ab549142acf7443d692bc3928bdff0d0cbb
c1_h19_chr21_chr22_fast_topk__pair02__candidate__0/output/logs/shard_0000_chr21.stderr.log	112139	a0b2616e7d13c818ee2ea27f7fea6f57209c30129a1061133ffeec814871c431
c1_h19_chr21_chr22_fast_topk__pair02__candidate__0/output/logs/shard_0000_chr21.stdout.log	85	09e352f2dbddc860a0888a0d35c01e91bb9d126be2169a89b5caac6847090a31
c1_h19_chr21_chr22_fast_topk__pair02__candidate__0/output/logs/shard_0001_chr22.stderr.log	112141	571241a9d75ed83c1d538890c8e85545686581617835ce652e4641a1df880d77
c1_h19_chr21_chr22_fast_topk__pair02__candidate__0/output/logs/shard_0001_chr22.stdout.log	85	7a9d8ac95812808614604041170afdad20b12d1859d20b9696bb5b0b255220b4
c1_h19_chr21_chr22_fast_topk__pair02__candidate__0/output/report.json	127731	8a7dc7e6a9bb9d32e22579ab41e188faeed2f320f1c61dc5b3cfc60e1e7ca44d
c1_h19_chr21_chr22_fast_topk__pair02__candidate__0/output/shard_outputs/shard_0000_chr21/chr21-H19_0_2812-shard_0000_chr21-TFOsorted.lite	1291	bae2d7c089b277c433d4d14b21e168f5fa395901dd49e74f9e44d4adc4c39a33
c1_h19_chr21_chr22_fast_topk__pair02__candidate__0/output/shard_outputs/shard_0000_chr21/chr21-H19_0_2812-shard_0000_chr21-TFOsorted.lite.topk_rank.tsv	1461	789611148031acfd565a17e54a0b59ec424e1b64a652e666e2f5433c903caa7d
c1_h19_chr21_chr22_fast_topk__pair02__candidate__0/output/shard_outputs/shard_0001_chr22/chr22-H19_0_2812-shard_0001_chr22-TFOsorted.lite	1297	1da0e4e4a9490f5bbb5e8c8b129f8d0ed18a18c55d650519972ac11b81e1577f
c1_h19_chr21_chr22_fast_topk__pair02__candidate__0/output/shard_outputs/shard_0001_chr22/chr22-H19_0_2812-shard_0001_chr22-TFOsorted.lite.topk_rank.tsv	1468	2f093f995ca27e367882d339ef797fc8b4c23d0705167fba7da48532426d8f4d
c1_h19_chr21_chr22_fast_topk__pair02__candidate__0/output/shard_plan.json	1491	763c26f14472a58114ecea609568223061a9d9bafb08aacc831c1d0dffcaa28e
c1_h19_chr21_chr22_fast_topk__pair02__candidate__0/output/shards/shard_0000_chr21.fa	47293865	9d4f98d47db5404fd1e881123e636fe841e302214af03c9514a0b7892431d571
c1_h19_chr21_chr22_fast_topk__pair02__candidate__0/output/shards/shard_0001_chr22.fa	51453706	fdcae3058910b126a32dd10ef9effca2bef20572a8500eda9c8aa07b61879c61
c1_h19_chr21_chr22_fast_topk__pair02__candidate__0/output/topk-TFOsorted.lite	1373	f14dc248af1ee92fee5e90592de3ad59ef474ce9c105c9208608208dcf1ece6d
c1_h19_chr21_chr22_fast_topk__pair02__candidate__0/output/topk_rows.tsv	1604	d7621f999ac93b0563c45044b87fe730cce52531e764b05fdd579ca9dcc7d96a
c1_h19_chr21_chr22_fast_topk__pair02__candidate__0/output/topk_summary.tsv	1604	d7621f999ac93b0563c45044b87fe730cce52531e764b05fdd579ca9dcc7d96a
c1_h19_chr21_chr22_fast_topk__pair02__candidate__0/run-complete.json	472	01b39618176803495809ef285c530d41163fdd33beb3b51c259d52060819e85f
c1_h19_chr21_chr22_fast_topk__pair02__candidate__0/run-config.json	1849	39f5808de4243254903fa945b23a7817e7d8e676be58d1bd55938b87e146e5c6
c1_h19_chr21_chr22_fast_topk__pair02__candidate__0/stderr.log	0	e3b0c44298fc1c149afbf4c8996fb92427ae41e4649b934ca495991b7852b855
c1_h19_chr21_chr22_fast_topk__pair02__candidate__0/stdout.log	127731	8a7dc7e6a9bb9d32e22579ab41e188faeed2f320f1c61dc5b3cfc60e1e7ca44d
c1_h19_chr21_chr22_fast_topk__pair02__candidate__0/summary.json	1266	a15af4a5e6273f7e0d72c0e5fd2aaf1236c8817d99e1b8bb5ea080700d72d91e
c1_h19_chr21_chr22_fast_topk__pair02__candidate__0/time.txt	1593	840268687727b2e87c5d5111bd563ff9a0afebafa9ae06605caccb0e001b5ddb
c1_h19_chr21_chr22_fast_topk__pair03__baseline__0/correctness.json	65	a278541fd198bfff0e1fbca1ef8e939bbc1f5b5432d8a6289fe649582d1a7f5e
c1_h19_chr21_chr22_fast_topk__pair03__baseline__0/environment.json	25046	0c672613c2f33b8acf5e9751479aee7f179d5b55246c095a0fb1c20e11da0c76
c1_h19_chr21_chr22_fast_topk__pair03__baseline__0/execution.json	1092	74bc38646e0d96f909efba19392231ffd1f701379d9751f1b7a4d45e0c5b6478
c1_h19_chr21_chr22_fast_topk__pair03__baseline__0/gpu-memory.csv	1061266	b5606ad3d466e161b0aa1cae264437121384dff8b4c98cc48181eb0941c9f96d
c1_h19_chr21_chr22_fast_topk__pair03__baseline__0/inputs/query.fa	2860	18b082f717a1e6b5f076272916e14ab549142acf7443d692bc3928bdff0d0cbb
c1_h19_chr21_chr22_fast_topk__pair03__baseline__0/output/logs/shard_0000_chr21.stderr.log	99004	106a5636c9c735f2ef854607cd2aff15453f095799a064f4b114e93081c40ded
c1_h19_chr21_chr22_fast_topk__pair03__baseline__0/output/logs/shard_0000_chr21.stdout.log	85	5e0b768255a096974bd59ac643b56518ff63a09776df5828fee54e9f46a9293f
c1_h19_chr21_chr22_fast_topk__pair03__baseline__0/output/logs/shard_0001_chr22.stderr.log	99004	106a5636c9c735f2ef854607cd2aff15453f095799a064f4b114e93081c40ded
c1_h19_chr21_chr22_fast_topk__pair03__baseline__0/output/logs/shard_0001_chr22.stdout.log	85	96e0f29250d4cface94ecdbdb45ad74af79c4a95378ae862ab1f51991673b171
c1_h19_chr21_chr22_fast_topk__pair03__baseline__0/output/report.json	112965	de28e447e26bfdcb5114b7811ccfeb1e68f5fd18d5e40124a2239e316d7dfd51
c1_h19_chr21_chr22_fast_topk__pair03__baseline__0/output/shard_outputs/shard_0000_chr21/chr21-H19_0_2812-shard_0000_chr21-TFOsorted.lite	22938266	c97402e73859a09f50fd0353e664fe1d2a1d42e0c7b497df08eef2e65083ea0c
c1_h19_chr21_chr22_fast_topk__pair03__baseline__0/output/shard_outputs/shard_0001_chr22/chr22-H19_0_2812-shard_0001_chr22-TFOsorted.lite	32019276	b61c12a0b72b24b504dd64ae0c403141c781c4e3f69c5ad159cc7959bb09dad1
c1_h19_chr21_chr22_fast_topk__pair03__baseline__0/output/shard_plan.json	1489	ef5b4445f6ad659e00816d2573b5c44edc611015224bdd3e4c81f7074b8fd914
c1_h19_chr21_chr22_fast_topk__pair03__baseline__0/output/shards/shard_0000_chr21.fa	47293865	9d4f98d47db5404fd1e881123e636fe841e302214af03c9514a0b7892431d571
c1_h19_chr21_chr22_fast_topk__pair03__baseline__0/output/shards/shard_0001_chr22.fa	51453706	fdcae3058910b126a32dd10ef9effca2bef20572a8500eda9c8aa07b61879c61
c1_h19_chr21_chr22_fast_topk__pair03__baseline__0/output/topk-TFOsorted.lite	1373	f14dc248af1ee92fee5e90592de3ad59ef474ce9c105c9208608208dcf1ece6d
c1_h19_chr21_chr22_fast_topk__pair03__baseline__0/output/topk_rows.tsv	1581	b15a96c628cdf3df41515b17132288e59128611fba406eaa5168fa5e246b5405
c1_h19_chr21_chr22_fast_topk__pair03__baseline__0/output/topk_summary.tsv	1581	b15a96c628cdf3df41515b17132288e59128611fba406eaa5168fa5e246b5405
c1_h19_chr21_chr22_fast_topk__pair03__baseline__0/run-complete.json	471	ec42e3cf5f17c021e499e238809a742f8df97acad48fc0b9834290e8229b6445
c1_h19_chr21_chr22_fast_topk__pair03__baseline__0/run-config.json	1846	27e43ba451dd8b590f93179327a3b1a830f912936f9717a657f3c4f298abc097
c1_h19_chr21_chr22_fast_topk__pair03__baseline__0/stderr.log	0	e3b0c44298fc1c149afbf4c8996fb92427ae41e4649b934ca495991b7852b855
c1_h19_chr21_chr22_fast_topk__pair03__baseline__0/stdout.log	112965	de28e447e26bfdcb5114b7811ccfeb1e68f5fd18d5e40124a2239e316d7dfd51
c1_h19_chr21_chr22_fast_topk__pair03__baseline__0/summary.json	1257	ff635ddc32ebcfae91e5770e9d99c251d0b5b64efe5cdf7ce8f3a35613ee294a
c1_h19_chr21_chr22_fast_topk__pair03__baseline__0/time.txt	1555	111feae372a9721f55982efd11ffde56fd4075a6e9e8fea3cd328e4c1367d68b
c1_h19_chr21_chr22_fast_topk__pair03__candidate__0/correctness.json	65	a278541fd198bfff0e1fbca1ef8e939bbc1f5b5432d8a6289fe649582d1a7f5e
c1_h19_chr21_chr22_fast_topk__pair03__candidate__0/environment.json	25047	a6bb0434fa7877e7951f8e104580a29deda4dc6d4c9652c7df1f02de3b833d2d
c1_h19_chr21_chr22_fast_topk__pair03__candidate__0/execution.json	1139	94590035cbcb2361ac2317942b590cdc478fc9e8d54f55dd5652049962e62493
c1_h19_chr21_chr22_fast_topk__pair03__candidate__0/gpu-memory.csv	29324	ce8bd48a68a284f17d0f021fdc965d4526d9effa3b159392089c4a3ed8584dc5
c1_h19_chr21_chr22_fast_topk__pair03__candidate__0/inputs/query.fa	2860	18b082f717a1e6b5f076272916e14ab549142acf7443d692bc3928bdff0d0cbb
c1_h19_chr21_chr22_fast_topk__pair03__candidate__0/output/logs/shard_0000_chr21.stderr.log	112141	0b7e4875d22053bb9f2b10fa53a85c0f3e3ef0deed272fda21ee045ec036b21f
c1_h19_chr21_chr22_fast_topk__pair03__candidate__0/output/logs/shard_0000_chr21.stdout.log	85	6eae790e0248a05bb9741dba2f4c4459152cc55cb4262d3ab1e7b381a53234d4
c1_h19_chr21_chr22_fast_topk__pair03__candidate__0/output/logs/shard_0001_chr22.stderr.log	112143	aaeb461524fa719ecb1187e40d40a3c3c8ca479d99fb894af25673451ccd3724
c1_h19_chr21_chr22_fast_topk__pair03__candidate__0/output/logs/shard_0001_chr22.stdout.log	85	31063c68505d9bbb10ea6498a0b0762f69969c55192187c3e29c81c23786289b
c1_h19_chr21_chr22_fast_topk__pair03__candidate__0/output/report.json	127767	6acc8ba0ddc184e85fd4d8ff6bea4cef6e362f07b9b2d87118c1093876326d87
c1_h19_chr21_chr22_fast_topk__pair03__candidate__0/output/shard_outputs/shard_0000_chr21/chr21-H19_0_2812-shard_0000_chr21-TFOsorted.lite	1291	bae2d7c089b277c433d4d14b21e168f5fa395901dd49e74f9e44d4adc4c39a33
c1_h19_chr21_chr22_fast_topk__pair03__candidate__0/output/shard_outputs/shard_0000_chr21/chr21-H19_0_2812-shard_0000_chr21-TFOsorted.lite.topk_rank.tsv	1461	789611148031acfd565a17e54a0b59ec424e1b64a652e666e2f5433c903caa7d
c1_h19_chr21_chr22_fast_topk__pair03__candidate__0/output/shard_outputs/shard_0001_chr22/chr22-H19_0_2812-shard_0001_chr22-TFOsorted.lite	1297	1da0e4e4a9490f5bbb5e8c8b129f8d0ed18a18c55d650519972ac11b81e1577f
c1_h19_chr21_chr22_fast_topk__pair03__candidate__0/output/shard_outputs/shard_0001_chr22/chr22-H19_0_2812-shard_0001_chr22-TFOsorted.lite.topk_rank.tsv	1468	2f093f995ca27e367882d339ef797fc8b4c23d0705167fba7da48532426d8f4d
c1_h19_chr21_chr22_fast_topk__pair03__candidate__0/output/shard_plan.json	1491	fef280d54eb8d51086ca6b626e12958658f9f0a3a3984943f862315e917c04ae
c1_h19_chr21_chr22_fast_topk__pair03__candidate__0/output/shards/shard_0000_chr21.fa	47293865	9d4f98d47db5404fd1e881123e636fe841e302214af03c9514a0b7892431d571
c1_h19_chr21_chr22_fast_topk__pair03__candidate__0/output/shards/shard_0001_chr22.fa	51453706	fdcae3058910b126a32dd10ef9effca2bef20572a8500eda9c8aa07b61879c61
c1_h19_chr21_chr22_fast_topk__pair03__candidate__0/output/topk-TFOsorted.lite	1373	f14dc248af1ee92fee5e90592de3ad59ef474ce9c105c9208608208dcf1ece6d
c1_h19_chr21_chr22_fast_topk__pair03__candidate__0/output/topk_rows.tsv	1604	d7621f999ac93b0563c45044b87fe730cce52531e764b05fdd579ca9dcc7d96a
c1_h19_chr21_chr22_fast_topk__pair03__candidate__0/output/topk_summary.tsv	1604	d7621f999ac93b0563c45044b87fe730cce52531e764b05fdd579ca9dcc7d96a
c1_h19_chr21_chr22_fast_topk__pair03__candidate__0/run-complete.json	472	32111e2179de12397fc8d77ef970d6dfb1f5a79e45860a33b1d19dddbc81ab11
c1_h19_chr21_chr22_fast_topk__pair03__candidate__0/run-config.json	1849	da08647a96065269551f4c4a0f1577379947e8f6e3b07425731630585d8c0194
c1_h19_chr21_chr22_fast_topk__pair03__candidate__0/stderr.log	0	e3b0c44298fc1c149afbf4c8996fb92427ae41e4649b934ca495991b7852b855
c1_h19_chr21_chr22_fast_topk__pair03__candidate__0/stdout.log	127767	6acc8ba0ddc184e85fd4d8ff6bea4cef6e362f07b9b2d87118c1093876326d87
c1_h19_chr21_chr22_fast_topk__pair03__candidate__0/summary.json	1266	a32a397e3721f9b3451cd2715bcbfee4ace5af422b3a61fa388a833d485d4187
c1_h19_chr21_chr22_fast_topk__pair03__candidate__0/time.txt	1593	8aa18d2affaa62d6b0968b2d46178075eb187faccc25e420e9c620427fe38224
c1_h19_chr21_chr22_fast_topk__pair04__baseline__0/correctness.json	65	a278541fd198bfff0e1fbca1ef8e939bbc1f5b5432d8a6289fe649582d1a7f5e
c1_h19_chr21_chr22_fast_topk__pair04__baseline__0/environment.json	25045	9557e14904bbd4c0f108fb29646aa13139470ffa033b7dc8a6f2dba4971c31b8
c1_h19_chr21_chr22_fast_topk__pair04__baseline__0/execution.json	1092	f76451023a6f7130430e2ece033299a14265829362387f0b6305142be1457ef3
c1_h19_chr21_chr22_fast_topk__pair04__baseline__0/gpu-memory.csv	1065788	219f6250fe891c807648081c4678bd07d73a2b6f0dedb718c512b598079662f6
c1_h19_chr21_chr22_fast_topk__pair04__baseline__0/inputs/query.fa	2860	18b082f717a1e6b5f076272916e14ab549142acf7443d692bc3928bdff0d0cbb
c1_h19_chr21_chr22_fast_topk__pair04__baseline__0/output/logs/shard_0000_chr21.stderr.log	99004	106a5636c9c735f2ef854607cd2aff15453f095799a064f4b114e93081c40ded
c1_h19_chr21_chr22_fast_topk__pair04__baseline__0/output/logs/shard_0000_chr21.stdout.log	85	96c76f1d370812a6af5011072320782d165e10b7e23a07cefc58ae23b3bd1f6b
c1_h19_chr21_chr22_fast_topk__pair04__baseline__0/output/logs/shard_0001_chr22.stderr.log	99004	106a5636c9c735f2ef854607cd2aff15453f095799a064f4b114e93081c40ded
c1_h19_chr21_chr22_fast_topk__pair04__baseline__0/output/logs/shard_0001_chr22.stdout.log	85	3ba83bb954d08232e2060e195c2c52f4a0d103ccfeee2a79ac873c992a9f41de
c1_h19_chr21_chr22_fast_topk__pair04__baseline__0/output/report.json	112959	f430a8b607a403918439325736c8c27994a3ea9e6765f6d90b1c42af432b5904
c1_h19_chr21_chr22_fast_topk__pair04__baseline__0/output/shard_outputs/shard_0000_chr21/chr21-H19_0_2812-shard_0000_chr21-TFOsorted.lite	22938266	c97402e73859a09f50fd0353e664fe1d2a1d42e0c7b497df08eef2e65083ea0c
c1_h19_chr21_chr22_fast_topk__pair04__baseline__0/output/shard_outputs/shard_0001_chr22/chr22-H19_0_2812-shard_0001_chr22-TFOsorted.lite	32019276	b61c12a0b72b24b504dd64ae0c403141c781c4e3f69c5ad159cc7959bb09dad1
c1_h19_chr21_chr22_fast_topk__pair04__baseline__0/output/shard_plan.json	1489	b854ce21e73202f14b9291234476628b17f3c47ec55d818247d70ee25cfee447
c1_h19_chr21_chr22_fast_topk__pair04__baseline__0/output/shards/shard_0000_chr21.fa	47293865	9d4f98d47db5404fd1e881123e636fe841e302214af03c9514a0b7892431d571
c1_h19_chr21_chr22_fast_topk__pair04__baseline__0/output/shards/shard_0001_chr22.fa	51453706	fdcae3058910b126a32dd10ef9effca2bef20572a8500eda9c8aa07b61879c61
c1_h19_chr21_chr22_fast_topk__pair04__baseline__0/output/topk-TFOsorted.lite	1373	f14dc248af1ee92fee5e90592de3ad59ef474ce9c105c9208608208dcf1ece6d
c1_h19_chr21_chr22_fast_topk__pair04__baseline__0/output/topk_rows.tsv	1581	b15a96c628cdf3df41515b17132288e59128611fba406eaa5168fa5e246b5405
c1_h19_chr21_chr22_fast_topk__pair04__baseline__0/output/topk_summary.tsv	1581	b15a96c628cdf3df41515b17132288e59128611fba406eaa5168fa5e246b5405
c1_h19_chr21_chr22_fast_topk__pair04__baseline__0/run-complete.json	471	c7c9a60b583cb2490ef254103b97ae0f8aa247f2b1646b10b1a5eae818a8127e
c1_h19_chr21_chr22_fast_topk__pair04__baseline__0/run-config.json	1846	8970748037793448797d8c2e1f8ac9a90f6134338e070e0efb46a5952470cc66
c1_h19_chr21_chr22_fast_topk__pair04__baseline__0/stderr.log	0	e3b0c44298fc1c149afbf4c8996fb92427ae41e4649b934ca495991b7852b855
c1_h19_chr21_chr22_fast_topk__pair04__baseline__0/stdout.log	112959	f430a8b607a403918439325736c8c27994a3ea9e6765f6d90b1c42af432b5904
c1_h19_chr21_chr22_fast_topk__pair04__baseline__0/summary.json	1258	cbf67881ec831c8a204ef223da3dbd5cfd9cd6f57c1f64da4412471bc183f81d
c1_h19_chr21_chr22_fast_topk__pair04__baseline__0/time.txt	1554	d768ffa051efa8b11437f6c2eeccdd55278b2df44404cf4be164087fcee494db
c1_h19_chr21_chr22_fast_topk__pair04__candidate__0/correctness.json	65	a278541fd198bfff0e1fbca1ef8e939bbc1f5b5432d8a6289fe649582d1a7f5e
c1_h19_chr21_chr22_fast_topk__pair04__candidate__0/environment.json	25045	ffa5d145c5b9b25fda343d4ded6c9f61a2d3cc894edfbba49085d2f05ddff096
c1_h19_chr21_chr22_fast_topk__pair04__candidate__0/execution.json	1140	d802944251b2beced3c9ecb1fbc79f8dcc75634fd282c2fac05806dd71e5062c
c1_h19_chr21_chr22_fast_topk__pair04__candidate__0/gpu-memory.csv	29478	4b9afe1388e810eebbddc3967abe8cea2464a04846b5cf0c11f084e45795af06
c1_h19_chr21_chr22_fast_topk__pair04__candidate__0/inputs/query.fa	2860	18b082f717a1e6b5f076272916e14ab549142acf7443d692bc3928bdff0d0cbb
c1_h19_chr21_chr22_fast_topk__pair04__candidate__0/output/logs/shard_0000_chr21.stderr.log	112145	548d15aa7bff4733f850864b75393ee99988d706611b32be79ab87f2942701a8
c1_h19_chr21_chr22_fast_topk__pair04__candidate__0/output/logs/shard_0000_chr21.stdout.log	84	729fd80dffb7af71189208115f86879e2e7efafbc799121ca4bcdd634a53985f
c1_h19_chr21_chr22_fast_topk__pair04__candidate__0/output/logs/shard_0001_chr22.stderr.log	112144	8f257b771c019483070f3fe3d4e5aa682981a60b855eaf5725559173ff95446f
c1_h19_chr21_chr22_fast_topk__pair04__candidate__0/output/logs/shard_0001_chr22.stdout.log	85	b4ab6627f6b8915e64b19bbadd50b4c3fa0bccbac52fab1907f02e88a58e82c2
c1_h19_chr21_chr22_fast_topk__pair04__candidate__0/output/report.json	127776	43636c9616cd4ec0d2f1be20d23016540703c317839ccdae4b496d17507d8884
c1_h19_chr21_chr22_fast_topk__pair04__candidate__0/output/shard_outputs/shard_0000_chr21/chr21-H19_0_2812-shard_0000_chr21-TFOsorted.lite	1291	bae2d7c089b277c433d4d14b21e168f5fa395901dd49e74f9e44d4adc4c39a33
c1_h19_chr21_chr22_fast_topk__pair04__candidate__0/output/shard_outputs/shard_0000_chr21/chr21-H19_0_2812-shard_0000_chr21-TFOsorted.lite.topk_rank.tsv	1461	789611148031acfd565a17e54a0b59ec424e1b64a652e666e2f5433c903caa7d
c1_h19_chr21_chr22_fast_topk__pair04__candidate__0/output/shard_outputs/shard_0001_chr22/chr22-H19_0_2812-shard_0001_chr22-TFOsorted.lite	1297	1da0e4e4a9490f5bbb5e8c8b129f8d0ed18a18c55d650519972ac11b81e1577f
c1_h19_chr21_chr22_fast_topk__pair04__candidate__0/output/shard_outputs/shard_0001_chr22/chr22-H19_0_2812-shard_0001_chr22-TFOsorted.lite.topk_rank.tsv	1468	2f093f995ca27e367882d339ef797fc8b4c23d0705167fba7da48532426d8f4d
c1_h19_chr21_chr22_fast_topk__pair04__candidate__0/output/shard_plan.json	1491	2e2861ba14806203c4a224419f4861552359ddca447bf6edc8b5c507f07def30
c1_h19_chr21_chr22_fast_topk__pair04__candidate__0/output/shards/shard_0000_chr21.fa	47293865	9d4f98d47db5404fd1e881123e636fe841e302214af03c9514a0b7892431d571
c1_h19_chr21_chr22_fast_topk__pair04__candidate__0/output/shards/shard_0001_chr22.fa	51453706	fdcae3058910b126a32dd10ef9effca2bef20572a8500eda9c8aa07b61879c61
c1_h19_chr21_chr22_fast_topk__pair04__candidate__0/output/topk-TFOsorted.lite	1373	f14dc248af1ee92fee5e90592de3ad59ef474ce9c105c9208608208dcf1ece6d
c1_h19_chr21_chr22_fast_topk__pair04__candidate__0/output/topk_rows.tsv	1604	d7621f999ac93b0563c45044b87fe730cce52531e764b05fdd579ca9dcc7d96a
c1_h19_chr21_chr22_fast_topk__pair04__candidate__0/output/topk_summary.tsv	1604	d7621f999ac93b0563c45044b87fe730cce52531e764b05fdd579ca9dcc7d96a
c1_h19_chr21_chr22_fast_topk__pair04__candidate__0/run-complete.json	472	3113b1f062448190eb55c4b445ddb36047a8c0d258d5fb891c72842bd0bcf397
c1_h19_chr21_chr22_fast_topk__pair04__candidate__0/run-config.json	1849	322f8b2a4380497084d0dc78c4b9036fbc7da5193f46fce4d4430f4901ee4126
c1_h19_chr21_chr22_fast_topk__pair04__candidate__0/stderr.log	0	e3b0c44298fc1c149afbf4c8996fb92427ae41e4649b934ca495991b7852b855
c1_h19_chr21_chr22_fast_topk__pair04__candidate__0/stdout.log	127776	43636c9616cd4ec0d2f1be20d23016540703c317839ccdae4b496d17507d8884
c1_h19_chr21_chr22_fast_topk__pair04__candidate__0/summary.json	1267	bed9580a323c6977b03063977cdae02c5e3ffb84ef2af62e5a196bf6765b6071
c1_h19_chr21_chr22_fast_topk__pair04__candidate__0/time.txt	1593	a9476c2b4ff646bd8987cd04341f6078462d8d523aeec4b42687a3d79416cb0d
c1_h19_chr21_chr22_fast_topk__pair05__baseline__0/correctness.json	65	a278541fd198bfff0e1fbca1ef8e939bbc1f5b5432d8a6289fe649582d1a7f5e
c1_h19_chr21_chr22_fast_topk__pair05__baseline__0/environment.json	25046	4e321c8fd1e7daec28c42cbff38ddb99e793a9d258cbbe0cb077838b91751390
c1_h19_chr21_chr22_fast_topk__pair05__baseline__0/execution.json	1093	efb1753b7a1f4d7612009131e66bb0c2b2d9fb10eae8a658452f417f571da7b0
c1_h19_chr21_chr22_fast_topk__pair05__baseline__0/gpu-memory.csv	1069715	1b2235633d01efbac632d10832bf6e849b39e562a2c0cdeca3fbe1472546cd84
c1_h19_chr21_chr22_fast_topk__pair05__baseline__0/inputs/query.fa	2860	18b082f717a1e6b5f076272916e14ab549142acf7443d692bc3928bdff0d0cbb
c1_h19_chr21_chr22_fast_topk__pair05__baseline__0/output/logs/shard_0000_chr21.stderr.log	99004	106a5636c9c735f2ef854607cd2aff15453f095799a064f4b114e93081c40ded
c1_h19_chr21_chr22_fast_topk__pair05__baseline__0/output/logs/shard_0000_chr21.stdout.log	85	d1ca5b940398380edd54e998ccd1367e468682a231fed4a0e89bc3b9ff607494
c1_h19_chr21_chr22_fast_topk__pair05__baseline__0/output/logs/shard_0001_chr22.stderr.log	99004	106a5636c9c735f2ef854607cd2aff15453f095799a064f4b114e93081c40ded
c1_h19_chr21_chr22_fast_topk__pair05__baseline__0/output/logs/shard_0001_chr22.stdout.log	85	8da3181d09341d38b9cbc5dc07b57cb5ff40afcca3c868cef4a87a0af8e24cd4
c1_h19_chr21_chr22_fast_topk__pair05__baseline__0/output/report.json	112964	855420e65255e8269c2f1d42a2d9de814626ef0dcd84bbf0fec933d7d6af02be
c1_h19_chr21_chr22_fast_topk__pair05__baseline__0/output/shard_outputs/shard_0000_chr21/chr21-H19_0_2812-shard_0000_chr21-TFOsorted.lite	22938266	c97402e73859a09f50fd0353e664fe1d2a1d42e0c7b497df08eef2e65083ea0c
c1_h19_chr21_chr22_fast_topk__pair05__baseline__0/output/shard_outputs/shard_0001_chr22/chr22-H19_0_2812-shard_0001_chr22-TFOsorted.lite	32019276	b61c12a0b72b24b504dd64ae0c403141c781c4e3f69c5ad159cc7959bb09dad1
c1_h19_chr21_chr22_fast_topk__pair05__baseline__0/output/shard_plan.json	1489	7064dc69a1107e299dea4d8437662eac617cca77dc2ac698d771c69b7fc9fd1f
c1_h19_chr21_chr22_fast_topk__pair05__baseline__0/output/shards/shard_0000_chr21.fa	47293865	9d4f98d47db5404fd1e881123e636fe841e302214af03c9514a0b7892431d571
c1_h19_chr21_chr22_fast_topk__pair05__baseline__0/output/shards/shard_0001_chr22.fa	51453706	fdcae3058910b126a32dd10ef9effca2bef20572a8500eda9c8aa07b61879c61
c1_h19_chr21_chr22_fast_topk__pair05__baseline__0/output/topk-TFOsorted.lite	1373	f14dc248af1ee92fee5e90592de3ad59ef474ce9c105c9208608208dcf1ece6d
c1_h19_chr21_chr22_fast_topk__pair05__baseline__0/output/topk_rows.tsv	1581	b15a96c628cdf3df41515b17132288e59128611fba406eaa5168fa5e246b5405
c1_h19_chr21_chr22_fast_topk__pair05__baseline__0/output/topk_summary.tsv	1581	b15a96c628cdf3df41515b17132288e59128611fba406eaa5168fa5e246b5405
c1_h19_chr21_chr22_fast_topk__pair05__baseline__0/run-complete.json	471	c3f3bce37291e18290474bf38a07eaba656669936d468bedacce266e0f95ce80
c1_h19_chr21_chr22_fast_topk__pair05__baseline__0/run-config.json	1846	36bb4c76db66f51e452beaaa7bd72c74281b968413ab78ca68a27f6c1301bab3
c1_h19_chr21_chr22_fast_topk__pair05__baseline__0/stderr.log	0	e3b0c44298fc1c149afbf4c8996fb92427ae41e4649b934ca495991b7852b855
c1_h19_chr21_chr22_fast_topk__pair05__baseline__0/stdout.log	112964	855420e65255e8269c2f1d42a2d9de814626ef0dcd84bbf0fec933d7d6af02be
c1_h19_chr21_chr22_fast_topk__pair05__baseline__0/summary.json	1259	5ac86e2c158419380d1a5bb371bfe454e98a29ecbba3e0cf9b7fbe260a65bab0
c1_h19_chr21_chr22_fast_topk__pair05__baseline__0/time.txt	1554	c50bfb958c1ec5cbc83ef6adaec15d4d31c46d70305c9ad480d60642a0f429bd
c1_h19_chr21_chr22_fast_topk__pair05__candidate__0/correctness.json	65	a278541fd198bfff0e1fbca1ef8e939bbc1f5b5432d8a6289fe649582d1a7f5e
c1_h19_chr21_chr22_fast_topk__pair05__candidate__0/environment.json	25047	8e537154cadbea83cb37d047abe37a3a93ea608c39527dddc4f8856abd4fe6ae
c1_h19_chr21_chr22_fast_topk__pair05__candidate__0/execution.json	1140	8a45886288fff21de6e76d16deb6ae03b05917440bf68e70b9c863f950d1a1ed
c1_h19_chr21_chr22_fast_topk__pair05__candidate__0/gpu-memory.csv	29337	98c36426f5246e66109a5946b669bfbcaa696819e449c8e87c948145b3c702ed
c1_h19_chr21_chr22_fast_topk__pair05__candidate__0/inputs/query.fa	2860	18b082f717a1e6b5f076272916e14ab549142acf7443d692bc3928bdff0d0cbb
c1_h19_chr21_chr22_fast_topk__pair05__candidate__0/output/logs/shard_0000_chr21.stderr.log	112140	de6829df776069d127ccad13b312a49173be2702ceebed7c2950831c72e2913e
c1_h19_chr21_chr22_fast_topk__pair05__candidate__0/output/logs/shard_0000_chr21.stdout.log	85	c0c365a10c65ba6bee32a53608f6622585f5b09a754788308ded667443c99033
c1_h19_chr21_chr22_fast_topk__pair05__candidate__0/output/logs/shard_0001_chr22.stderr.log	112144	9397e493e3a0638702b423aaddefb5a5b42a5ed003398693920d2e9f9199bbb9
c1_h19_chr21_chr22_fast_topk__pair05__candidate__0/output/logs/shard_0001_chr22.stdout.log	85	9e5d6878e6874192771e28142aed9ae88729034c1e6e9bfa3b1d5a7e27b78642
c1_h19_chr21_chr22_fast_topk__pair05__candidate__0/output/report.json	127772	107847f6b29766b2763662707710f9cca6d58d69cb7e625a974f72fc52d01d53
c1_h19_chr21_chr22_fast_topk__pair05__candidate__0/output/shard_outputs/shard_0000_chr21/chr21-H19_0_2812-shard_0000_chr21-TFOsorted.lite	1291	bae2d7c089b277c433d4d14b21e168f5fa395901dd49e74f9e44d4adc4c39a33
c1_h19_chr21_chr22_fast_topk__pair05__candidate__0/output/shard_outputs/shard_0000_chr21/chr21-H19_0_2812-shard_0000_chr21-TFOsorted.lite.topk_rank.tsv	1461	789611148031acfd565a17e54a0b59ec424e1b64a652e666e2f5433c903caa7d
c1_h19_chr21_chr22_fast_topk__pair05__candidate__0/output/shard_outputs/shard_0001_chr22/chr22-H19_0_2812-shard_0001_chr22-TFOsorted.lite	1297	1da0e4e4a9490f5bbb5e8c8b129f8d0ed18a18c55d650519972ac11b81e1577f
c1_h19_chr21_chr22_fast_topk__pair05__candidate__0/output/shard_outputs/shard_0001_chr22/chr22-H19_0_2812-shard_0001_chr22-TFOsorted.lite.topk_rank.tsv	1468	2f093f995ca27e367882d339ef797fc8b4c23d0705167fba7da48532426d8f4d
c1_h19_chr21_chr22_fast_topk__pair05__candidate__0/output/shard_plan.json	1491	8d3823b157a44af07ace033fb998b4a1adf3f236569cf6cb8f2877e0106088fb
c1_h19_chr21_chr22_fast_topk__pair05__candidate__0/output/shards/shard_0000_chr21.fa	47293865	9d4f98d47db5404fd1e881123e636fe841e302214af03c9514a0b7892431d571
c1_h19_chr21_chr22_fast_topk__pair05__candidate__0/output/shards/shard_0001_chr22.fa	51453706	fdcae3058910b126a32dd10ef9effca2bef20572a8500eda9c8aa07b61879c61
c1_h19_chr21_chr22_fast_topk__pair05__candidate__0/output/topk-TFOsorted.lite	1373	f14dc248af1ee92fee5e90592de3ad59ef474ce9c105c9208608208dcf1ece6d
c1_h19_chr21_chr22_fast_topk__pair05__candidate__0/output/topk_rows.tsv	1604	d7621f999ac93b0563c45044b87fe730cce52531e764b05fdd579ca9dcc7d96a
c1_h19_chr21_chr22_fast_topk__pair05__candidate__0/output/topk_summary.tsv	1604	d7621f999ac93b0563c45044b87fe730cce52531e764b05fdd579ca9dcc7d96a
c1_h19_chr21_chr22_fast_topk__pair05__candidate__0/run-complete.json	472	f167374784fa4017507600666806966ff20fbaf98ba2b0727fd66fc71a81b7a4
c1_h19_chr21_chr22_fast_topk__pair05__candidate__0/run-config.json	1849	295292317840ef5ffba9f83abd5cf83a913101b57c8a89db3ec08a4c43d9bbce
c1_h19_chr21_chr22_fast_topk__pair05__candidate__0/stderr.log	0	e3b0c44298fc1c149afbf4c8996fb92427ae41e4649b934ca495991b7852b855
c1_h19_chr21_chr22_fast_topk__pair05__candidate__0/stdout.log	127772	107847f6b29766b2763662707710f9cca6d58d69cb7e625a974f72fc52d01d53
c1_h19_chr21_chr22_fast_topk__pair05__candidate__0/summary.json	1267	dbbe78be5d39fbbe316677ea05503294e2f399f48bd925794008a3ce17ca7269
c1_h19_chr21_chr22_fast_topk__pair05__candidate__0/time.txt	1593	9e22d0e271c3279912c18f6c5e8945fdcd20695887dd2939ed8ab2c6f892745d
c1_h19_chr21_chr22_fast_topk__warmup__baseline__0/correctness.json	65	a278541fd198bfff0e1fbca1ef8e939bbc1f5b5432d8a6289fe649582d1a7f5e
c1_h19_chr21_chr22_fast_topk__warmup__baseline__0/environment.json	25045	23279861c48d20e9a5f88fb81c1f1c2ed5995906338c5cb4207845adf173c01a
c1_h19_chr21_chr22_fast_topk__warmup__baseline__0/execution.json	1091	7785b5c943abc96eee07fdae98d2ea0f47f189f6697cba921263774acc94c7f5
c1_h19_chr21_chr22_fast_topk__warmup__baseline__0/gpu-memory.csv	1063031	9c4e4c2532356f574fe8d4a43b678e82b5be5bb557a5debb3b019f78318fc06e
c1_h19_chr21_chr22_fast_topk__warmup__baseline__0/inputs/query.fa	2860	18b082f717a1e6b5f076272916e14ab549142acf7443d692bc3928bdff0d0cbb
c1_h19_chr21_chr22_fast_topk__warmup__baseline__0/output/logs/shard_0000_chr21.stderr.log	99004	106a5636c9c735f2ef854607cd2aff15453f095799a064f4b114e93081c40ded
c1_h19_chr21_chr22_fast_topk__warmup__baseline__0/output/logs/shard_0000_chr21.stdout.log	85	62fd52c27b36f8a6c234313f0f9dc3aed313bf116ec9c641cc5f5edc126b337d
c1_h19_chr21_chr22_fast_topk__warmup__baseline__0/output/logs/shard_0001_chr22.stderr.log	99004	106a5636c9c735f2ef854607cd2aff15453f095799a064f4b114e93081c40ded
c1_h19_chr21_chr22_fast_topk__warmup__baseline__0/output/logs/shard_0001_chr22.stdout.log	85	90902d4b4cce6937c38dcc245398204f148c20029dc5e7b1dcd63839de7dab86
c1_h19_chr21_chr22_fast_topk__warmup__baseline__0/output/report.json	112961	b95779d8493722f10940025edd657c91fd9486075a5e6692afc1ea650f51f901
c1_h19_chr21_chr22_fast_topk__warmup__baseline__0/output/shard_outputs/shard_0000_chr21/chr21-H19_0_2812-shard_0000_chr21-TFOsorted.lite	22938266	c97402e73859a09f50fd0353e664fe1d2a1d42e0c7b497df08eef2e65083ea0c
c1_h19_chr21_chr22_fast_topk__warmup__baseline__0/output/shard_outputs/shard_0001_chr22/chr22-H19_0_2812-shard_0001_chr22-TFOsorted.lite	32019276	b61c12a0b72b24b504dd64ae0c403141c781c4e3f69c5ad159cc7959bb09dad1
c1_h19_chr21_chr22_fast_topk__warmup__baseline__0/output/shard_plan.json	1489	3c350ee3290d5ed0b2d520e7b2b8d6879db3505fb5af5d60fcee70fa7b0e01fc
c1_h19_chr21_chr22_fast_topk__warmup__baseline__0/output/shards/shard_0000_chr21.fa	47293865	9d4f98d47db5404fd1e881123e636fe841e302214af03c9514a0b7892431d571
c1_h19_chr21_chr22_fast_topk__warmup__baseline__0/output/shards/shard_0001_chr22.fa	51453706	fdcae3058910b126a32dd10ef9effca2bef20572a8500eda9c8aa07b61879c61
c1_h19_chr21_chr22_fast_topk__warmup__baseline__0/output/topk-TFOsorted.lite	1373	f14dc248af1ee92fee5e90592de3ad59ef474ce9c105c9208608208dcf1ece6d
c1_h19_chr21_chr22_fast_topk__warmup__baseline__0/output/topk_rows.tsv	1581	b15a96c628cdf3df41515b17132288e59128611fba406eaa5168fa5e246b5405
c1_h19_chr21_chr22_fast_topk__warmup__baseline__0/output/topk_summary.tsv	1581	b15a96c628cdf3df41515b17132288e59128611fba406eaa5168fa5e246b5405
c1_h19_chr21_chr22_fast_topk__warmup__baseline__0/run-complete.json	471	62b45674cd9a5f3fd399f5943d137809d3b784ac2db9be602d87830dbf24201d
c1_h19_chr21_chr22_fast_topk__warmup__baseline__0/run-config.json	1845	a7ea39723b24e56a386f5f3b1305336a01a3c8a1bac60d01757ee406c9a63ee3
c1_h19_chr21_chr22_fast_topk__warmup__baseline__0/stderr.log	0	e3b0c44298fc1c149afbf4c8996fb92427ae41e4649b934ca495991b7852b855
c1_h19_chr21_chr22_fast_topk__warmup__baseline__0/stdout.log	112961	b95779d8493722f10940025edd657c91fd9486075a5e6692afc1ea650f51f901
c1_h19_chr21_chr22_fast_topk__warmup__baseline__0/summary.json	1257	37631254d54b5b729f7a270e20baf68a22c2123393694989840b64f6e599b344
c1_h19_chr21_chr22_fast_topk__warmup__baseline__0/time.txt	1554	40d06210739643735646e612f54a91a57322011256952b4c79f9bc617e39154c
c1_h19_chr21_chr22_fast_topk__warmup__candidate__0/correctness.json	65	a278541fd198bfff0e1fbca1ef8e939bbc1f5b5432d8a6289fe649582d1a7f5e
c1_h19_chr21_chr22_fast_topk__warmup__candidate__0/environment.json	25045	ae6dc27068fb900dd385128f55546135f570886f78538393a37126a077697939
c1_h19_chr21_chr22_fast_topk__warmup__candidate__0/execution.json	1140	a87b5e173c866487831d8d316c746f34c3f921a006a610e41b037f4a058f8084
c1_h19_chr21_chr22_fast_topk__warmup__candidate__0/gpu-memory.csv	29326	95c48ea6b8cab104b1a910945fcfe2828d03ae83db2c3a631c01487d2b3d326b
c1_h19_chr21_chr22_fast_topk__warmup__candidate__0/inputs/query.fa	2860	18b082f717a1e6b5f076272916e14ab549142acf7443d692bc3928bdff0d0cbb
c1_h19_chr21_chr22_fast_topk__warmup__candidate__0/output/logs/shard_0000_chr21.stderr.log	112142	c6a52c363965c521b99b08d4779a2966c362450eacc4a36a8673ad06c8217dea
c1_h19_chr21_chr22_fast_topk__warmup__candidate__0/output/logs/shard_0000_chr21.stdout.log	85	adba77fc48bbb673349c5d583902a4d1d2d459eea8f27c8ec589ea9a897a0356
c1_h19_chr21_chr22_fast_topk__warmup__candidate__0/output/logs/shard_0001_chr22.stderr.log	112141	18b8eefe7e909df19ae6c9cbf79c571df5d52144312fcf54a370cae41b5db5b4
c1_h19_chr21_chr22_fast_topk__warmup__candidate__0/output/logs/shard_0001_chr22.stdout.log	85	3692c886c6c57ea9f274bd5462aa858ae188ec81b031771919c44ded4b190fff
c1_h19_chr21_chr22_fast_topk__warmup__candidate__0/output/report.json	127744	c6dc4860fceed607217d2a7bfcadc00bcbc8933064216abe587e228856a85171
c1_h19_chr21_chr22_fast_topk__warmup__candidate__0/output/shard_outputs/shard_0000_chr21/chr21-H19_0_2812-shard_0000_chr21-TFOsorted.lite	1291	bae2d7c089b277c433d4d14b21e168f5fa395901dd49e74f9e44d4adc4c39a33
c1_h19_chr21_chr22_fast_topk__warmup__candidate__0/output/shard_outputs/shard_0000_chr21/chr21-H19_0_2812-shard_0000_chr21-TFOsorted.lite.topk_rank.tsv	1461	789611148031acfd565a17e54a0b59ec424e1b64a652e666e2f5433c903caa7d
c1_h19_chr21_chr22_fast_topk__warmup__candidate__0/output/shard_outputs/shard_0001_chr22/chr22-H19_0_2812-shard_0001_chr22-TFOsorted.lite	1297	1da0e4e4a9490f5bbb5e8c8b129f8d0ed18a18c55d650519972ac11b81e1577f
c1_h19_chr21_chr22_fast_topk__warmup__candidate__0/output/shard_outputs/shard_0001_chr22/chr22-H19_0_2812-shard_0001_chr22-TFOsorted.lite.topk_rank.tsv	1468	2f093f995ca27e367882d339ef797fc8b4c23d0705167fba7da48532426d8f4d
c1_h19_chr21_chr22_fast_topk__warmup__candidate__0/output/shard_plan.json	1491	c0c8bb7585b6a25cf2cf2162699b3c1a04f4f26f5d9b1a7016757ef8da9d596b
c1_h19_chr21_chr22_fast_topk__warmup__candidate__0/output/shards/shard_0000_chr21.fa	47293865	9d4f98d47db5404fd1e881123e636fe841e302214af03c9514a0b7892431d571
c1_h19_chr21_chr22_fast_topk__warmup__candidate__0/output/shards/shard_0001_chr22.fa	51453706	fdcae3058910b126a32dd10ef9effca2bef20572a8500eda9c8aa07b61879c61
c1_h19_chr21_chr22_fast_topk__warmup__candidate__0/output/topk-TFOsorted.lite	1373	f14dc248af1ee92fee5e90592de3ad59ef474ce9c105c9208608208dcf1ece6d
c1_h19_chr21_chr22_fast_topk__warmup__candidate__0/output/topk_rows.tsv	1604	d7621f999ac93b0563c45044b87fe730cce52531e764b05fdd579ca9dcc7d96a
c1_h19_chr21_chr22_fast_topk__warmup__candidate__0/output/topk_summary.tsv	1604	d7621f999ac93b0563c45044b87fe730cce52531e764b05fdd579ca9dcc7d96a
c1_h19_chr21_chr22_fast_topk__warmup__candidate__0/run-complete.json	472	bf2b9117573a084646a9f4d4592aff9de0b9f7ce3a72f7f610f1f047bb202372
c1_h19_chr21_chr22_fast_topk__warmup__candidate__0/run-config.json	1848	96cbdc21edeccd27aa4eea1696dc5b4911016fdcb4f77c15aa94cd6cbe00bc3e
c1_h19_chr21_chr22_fast_topk__warmup__candidate__0/stderr.log	0	e3b0c44298fc1c149afbf4c8996fb92427ae41e4649b934ca495991b7852b855
c1_h19_chr21_chr22_fast_topk__warmup__candidate__0/stdout.log	127744	c6dc4860fceed607217d2a7bfcadc00bcbc8933064216abe587e228856a85171
c1_h19_chr21_chr22_fast_topk__warmup__candidate__0/summary.json	1267	c8dc93cba4fc8e3555768b2e3aba1171d2d4c6aad6e04dbd51a6dcaff1cf107b
c1_h19_chr21_chr22_fast_topk__warmup__candidate__0/time.txt	1593	25b92652a248aa4d24a91408615103fdef33d72ca9858ca3691ae217de6d4b41
c4_h19_chr21_two_slot__pair01__baseline__0/correctness.json	65	a278541fd198bfff0e1fbca1ef8e939bbc1f5b5432d8a6289fe649582d1a7f5e
c4_h19_chr21_two_slot__pair01__baseline__0/environment.json	25044	44c7a5005f8fb0b6821d87ff2885b2599b999c548c82cf7117c99b5752b514b6
c4_h19_chr21_two_slot__pair01__baseline__0/execution.json	1074	7642cd7e67f1732ebad8f4f0cd2da381d6ce44e4566fa56d4815a4d748aaf0a4
c4_h19_chr21_two_slot__pair01__baseline__0/gpu-memory.csv	28916	9f5dd50db7faf2626cf86aa649e4ce56d883100bf936384732b418e816b6918a
c4_h19_chr21_two_slot__pair01__baseline__0/inputs/query.fa	2860	18b082f717a1e6b5f076272916e14ab549142acf7443d692bc3928bdff0d0cbb
c4_h19_chr21_two_slot__pair01__baseline__0/output/chr21-H19_0_2812-chr21-TFOsorted.lite	22956440	5ba79d3d66c107ba656c45d96c693b94184ad22a32d0cb6c4bbc26c250f270e5
c4_h19_chr21_two_slot__pair01__baseline__0/run-complete.json	464	e29e57571a043e05c55c1977bbf4bae90230fb743f85083209b85cf09d832942
c4_h19_chr21_two_slot__pair01__baseline__0/run-config.json	1721	076797804dbeb5c556c3b89e5c0571bf3baf2a06b864e39798b0347755d005a4
c4_h19_chr21_two_slot__pair01__baseline__0/stderr.log	118251	8512875c588ccc864321c01ac68fc1b90ecc9e9f6dac64ff09b4d743a3630fa4
c4_h19_chr21_two_slot__pair01__baseline__0/stdout.log	85	81a4a24e153ca052c4bb776e5d541dc91d55d7227d918a83e5ae6bfe5c7dbef5
c4_h19_chr21_two_slot__pair01__baseline__0/summary.json	133428	a8e90303bef753f1740c17819fc0424a5b4534b973dbeea36092956907389b62
c4_h19_chr21_two_slot__pair01__baseline__0/time.txt	1553	27ae5b2c74d94b72b1e62f6b82731db4365d20c2dac8e1282d28ab69e4bf2d77
c4_h19_chr21_two_slot__pair01__candidate__0/correctness.json	65	a278541fd198bfff0e1fbca1ef8e939bbc1f5b5432d8a6289fe649582d1a7f5e
c4_h19_chr21_two_slot__pair01__candidate__0/environment.json	25044	cba6df3232c74f65b067af594c25b6d5de957e25001cfe3eb2ad8277cf8b84bb
c4_h19_chr21_two_slot__pair01__candidate__0/execution.json	1073	f07b82072ad2c195e65170f3e80a1216e78442e4857f237dd0368d2e60acae37
c4_h19_chr21_two_slot__pair01__candidate__0/gpu-memory.csv	25173	e7f43cbe6f45b1ba40c5d1c4247c7bfc437ca71fdbdfcc9375f7cfe4ef6b6e27
c4_h19_chr21_two_slot__pair01__candidate__0/inputs/query.fa	2860	18b082f717a1e6b5f076272916e14ab549142acf7443d692bc3928bdff0d0cbb
c4_h19_chr21_two_slot__pair01__candidate__0/output/chr21-H19_0_2812-chr21-TFOsorted.lite	22956440	5ba79d3d66c107ba656c45d96c693b94184ad22a32d0cb6c4bbc26c250f270e5
c4_h19_chr21_two_slot__pair01__candidate__0/run-complete.json	465	d1840dcacab81111b29a1265c6e8be46526fa52884c32538a9ee96b02c5617fd
c4_h19_chr21_two_slot__pair01__candidate__0/run-config.json	1724	8cd72f77e9ad0d5571d48424a09ddfa472eeafd5a8e61c1c72c51242124a7608
c4_h19_chr21_two_slot__pair01__candidate__0/stderr.log	123243	7af08968c390a85bd38b68e08c897d8305be0c498d59987856467fad2e383eab
c4_h19_chr21_two_slot__pair01__candidate__0/stdout.log	85	b20bf726fa9bbb5c9d66a8235833878a9215a8a51a04c1074231d4f309f56ab0
c4_h19_chr21_two_slot__pair01__candidate__0/summary.json	139124	8671646b4833ce8c2e705a1c12fa09a7a6e36688953d2e56f51a0991ba828785
c4_h19_chr21_two_slot__pair01__candidate__0/time.txt	1552	0f9c0c1d6dd3877c2e49584c9eed5620472d64c8c3dbf59f4a5e20b53ed9e953
c4_h19_chr21_two_slot__pair02__baseline__0/correctness.json	65	a278541fd198bfff0e1fbca1ef8e939bbc1f5b5432d8a6289fe649582d1a7f5e
c4_h19_chr21_two_slot__pair02__baseline__0/environment.json	25043	5c32025d3fa5eca1edbc2ecb9c4159a1df3220d79816e6120a6bdf06e2708c56
c4_h19_chr21_two_slot__pair02__baseline__0/execution.json	1075	3c17bc62841f9eddef238a87907b4a8d9cefe6e528debf1fd624114502c6926f
c4_h19_chr21_two_slot__pair02__baseline__0/gpu-memory.csv	28914	51d23ac56bce1e18de5b0d2d579caceb3f41fdb63e99f419f6802cf109a4f561
c4_h19_chr21_two_slot__pair02__baseline__0/inputs/query.fa	2860	18b082f717a1e6b5f076272916e14ab549142acf7443d692bc3928bdff0d0cbb
c4_h19_chr21_two_slot__pair02__baseline__0/output/chr21-H19_0_2812-chr21-TFOsorted.lite	22956440	5ba79d3d66c107ba656c45d96c693b94184ad22a32d0cb6c4bbc26c250f270e5
c4_h19_chr21_two_slot__pair02__baseline__0/run-complete.json	464	2f712b19ebda4e01c7a4468aa4261adf399831132725bc1aca52f3f20140cb83
c4_h19_chr21_two_slot__pair02__baseline__0/run-config.json	1721	5a55de93104b2b3da95606dd05a6abdec74e875bfa1ac34067f5eb152d419f33
c4_h19_chr21_two_slot__pair02__baseline__0/stderr.log	118254	177788ed6e1396eb1e59f95bddb3d0e99541cfe3e3e270b6375bf494d9a00a42
c4_h19_chr21_two_slot__pair02__baseline__0/stdout.log	84	dc72888bda9a87a29fbaf4021742e5e9bef56db1db00ab000f7dcea9806fd9b6
c4_h19_chr21_two_slot__pair02__baseline__0/summary.json	133431	53427ea91dbc8880803a931ef5d01700c1099bf67a868633d46a208895b89e77
c4_h19_chr21_two_slot__pair02__baseline__0/time.txt	1553	b054e63be9e6bfdc84bcdd251d7d67901e2df8342dbc3445ed33cb984363621b
c4_h19_chr21_two_slot__pair02__candidate__0/correctness.json	65	a278541fd198bfff0e1fbca1ef8e939bbc1f5b5432d8a6289fe649582d1a7f5e
c4_h19_chr21_two_slot__pair02__candidate__0/environment.json	25044	30f9c1cc7ba23caf18c3ba5691aef77e5928f120d8521ebff21357eba695aef5
c4_h19_chr21_two_slot__pair02__candidate__0/execution.json	1074	7bac33789302850ac4f121aa027a01c254878d688a10f2d31ed51f2054f59f9e
c4_h19_chr21_two_slot__pair02__candidate__0/gpu-memory.csv	24885	b64e279fa1854445786c1f22a27325c0bcf9ae6a783be0fe79f9efd07ee15daf
c4_h19_chr21_two_slot__pair02__candidate__0/inputs/query.fa	2860	18b082f717a1e6b5f076272916e14ab549142acf7443d692bc3928bdff0d0cbb
c4_h19_chr21_two_slot__pair02__candidate__0/output/chr21-H19_0_2812-chr21-TFOsorted.lite	22956440	5ba79d3d66c107ba656c45d96c693b94184ad22a32d0cb6c4bbc26c250f270e5
c4_h19_chr21_two_slot__pair02__candidate__0/run-complete.json	465	4e329374c266467706a526bdd560fc6ea59809f2ed63ebc85b9de9607a0f8392
c4_h19_chr21_two_slot__pair02__candidate__0/run-config.json	1724	72ac68bde7b95d768a69e3bf4fc9a21faca46f75124def62dc3ccf430c5e7668
c4_h19_chr21_two_slot__pair02__candidate__0/stderr.log	123250	113baecf6145ed0a57f777192cfc401be2ad4bef61df4371a884befddb32622d
c4_h19_chr21_two_slot__pair02__candidate__0/stdout.log	85	b0a4cea6b847850900c75b1b9bff5ca71ca7df87900d2074d12254f4618e1ec3
c4_h19_chr21_two_slot__pair02__candidate__0/summary.json	139133	c465c43273db36ec28204ed449f9daca5a2e0a4b204b2a12e328fdb655d9fb95
c4_h19_chr21_two_slot__pair02__candidate__0/time.txt	1552	4e608f4faa064266d09addf3f42ff3bda7a036b3737a199a905eb3e3d32adbf5
c4_h19_chr21_two_slot__pair03__baseline__0/correctness.json	65	a278541fd198bfff0e1fbca1ef8e939bbc1f5b5432d8a6289fe649582d1a7f5e
c4_h19_chr21_two_slot__pair03__baseline__0/environment.json	25044	27a53068f0baf0109e5b5288bf75c57e53d0b5136c40a4dd211ca7cc41b324e5
c4_h19_chr21_two_slot__pair03__baseline__0/execution.json	1073	cd1e40b53f94f7b8f634cc7b812cd5ac41e88d115c0eaa986455b3b0901d867d
c4_h19_chr21_two_slot__pair03__baseline__0/gpu-memory.csv	29205	f29388c7afefa3fcdc2401fbffda444abfd2409fd94f3bce06121cb407c2f2b7
c4_h19_chr21_two_slot__pair03__baseline__0/inputs/query.fa	2860	18b082f717a1e6b5f076272916e14ab549142acf7443d692bc3928bdff0d0cbb
c4_h19_chr21_two_slot__pair03__baseline__0/output/chr21-H19_0_2812-chr21-TFOsorted.lite	22956440	5ba79d3d66c107ba656c45d96c693b94184ad22a32d0cb6c4bbc26c250f270e5
c4_h19_chr21_two_slot__pair03__baseline__0/run-complete.json	464	8780520614034233fb2ac04d283b315a0b965ea8e8e2394c649ed9ab6e7d18f1
c4_h19_chr21_two_slot__pair03__baseline__0/run-config.json	1721	f85cdcb004eafbf24114a8282c8e1be360a02779df1e06965ed89900eb5e263c
c4_h19_chr21_two_slot__pair03__baseline__0/stderr.log	118254	251b2a6af128916574f1641c8f76c9f5f71a3958e569274d66f574c953ac3f70
c4_h19_chr21_two_slot__pair03__baseline__0/stdout.log	85	5b360d67f06f05f4f6701c8d22a7d6dc06544a89bc9d9a358a7cf0dca2d13904
c4_h19_chr21_two_slot__pair03__baseline__0/summary.json	133430	27c81f27afa09c7511abb8a1476fea70614d2489540c27d6a154e3a96ee5e0a6
c4_h19_chr21_two_slot__pair03__baseline__0/time.txt	1553	7af32b73e4f063be4a083f54d07a4182df4c2899bba67ba56e64884b06a80092
c4_h19_chr21_two_slot__pair03__candidate__0/correctness.json	65	a278541fd198bfff0e1fbca1ef8e939bbc1f5b5432d8a6289fe649582d1a7f5e
c4_h19_chr21_two_slot__pair03__candidate__0/environment.json	25043	ab8fcb8a720fa13fa15aa440564c2fa019b30d692b1fbbf3192d2291c75dc12f
c4_h19_chr21_two_slot__pair03__candidate__0/execution.json	1073	a93a5d6a3d3b948f30fe0096f52e582eb1b3632f730edb45f6b51343983ade1e
c4_h19_chr21_two_slot__pair03__candidate__0/gpu-memory.csv	25176	68baeddfc72fff2141632ebff4cbe0fbf8e55b3411c8729f5b9b1dcf5eb3aad9
c4_h19_chr21_two_slot__pair03__candidate__0/inputs/query.fa	2860	18b082f717a1e6b5f076272916e14ab549142acf7443d692bc3928bdff0d0cbb
c4_h19_chr21_two_slot__pair03__candidate__0/output/chr21-H19_0_2812-chr21-TFOsorted.lite	22956440	5ba79d3d66c107ba656c45d96c693b94184ad22a32d0cb6c4bbc26c250f270e5
c4_h19_chr21_two_slot__pair03__candidate__0/run-complete.json	465	4aa9a8d493005e7c681b412aeec342379deefc689bd232db789beaba75db7499
c4_h19_chr21_two_slot__pair03__candidate__0/run-config.json	1724	54989d6a93c25e594f95c68f2e26b114a7a180e423dfd2ca6582d1e4410962a7
c4_h19_chr21_two_slot__pair03__candidate__0/stderr.log	123253	6b091f83d09646b557208932acc53b72b66d793cd19e65a0ada0f86d9eb493a0
c4_h19_chr21_two_slot__pair03__candidate__0/stdout.log	85	67090c4c4b88b210c66ee0ed9c6e6d52a4842476b557c522a9a89d9b731dfde5
c4_h19_chr21_two_slot__pair03__candidate__0/summary.json	139135	d5ee55cc547defc3990222be9e40602b689ed7baf30dc8ed568782ff9422c204
c4_h19_chr21_two_slot__pair03__candidate__0/time.txt	1552	eea512f64a6af32fcb8d272b6c068120bb880ca00da7971bb669d56a00b5e495
c4_h19_chr21_two_slot__pair04__baseline__0/correctness.json	65	a278541fd198bfff0e1fbca1ef8e939bbc1f5b5432d8a6289fe649582d1a7f5e
c4_h19_chr21_two_slot__pair04__baseline__0/environment.json	25043	bdb9833efdce2085941f7f656c24bc7436e2c9f37596c979ef4a6aa034b19acf
c4_h19_chr21_two_slot__pair04__baseline__0/execution.json	1074	84cab1967c6b8b68e7bd4f33ba47809038f38d819b1e017eaf3eccd80ae4f8ee
c4_h19_chr21_two_slot__pair04__baseline__0/gpu-memory.csv	28917	2111215be6fae65fb1b8278d67aa6b0000b082be5d801d0361b3d2c47dca8d49
c4_h19_chr21_two_slot__pair04__baseline__0/inputs/query.fa	2860	18b082f717a1e6b5f076272916e14ab549142acf7443d692bc3928bdff0d0cbb
c4_h19_chr21_two_slot__pair04__baseline__0/output/chr21-H19_0_2812-chr21-TFOsorted.lite	22956440	5ba79d3d66c107ba656c45d96c693b94184ad22a32d0cb6c4bbc26c250f270e5
c4_h19_chr21_two_slot__pair04__baseline__0/run-complete.json	464	951a036843c5eb616efe8af316908d37949a55747a49b47c896980cc60e00bf6
c4_h19_chr21_two_slot__pair04__baseline__0/run-config.json	1721	58adb5691d42b59dc6c6dc0836a088d9bbf2f435c6f0d798d66e59dbd487133b
c4_h19_chr21_two_slot__pair04__baseline__0/stderr.log	118255	e830aa0d25f8a140aa5c03b504692f919e98e99fed2521909361c8ef96e5d5b6
c4_h19_chr21_two_slot__pair04__baseline__0/stdout.log	85	70a55dc9a0b7890517432980cf77c36fdeb0d77b35cc30cef6f91ac2f17c7424
c4_h19_chr21_two_slot__pair04__baseline__0/summary.json	133432	52a1e3f3022d08872f70d3a3fdcceeff53d84db3735a24fb34ebd91492d36c85
c4_h19_chr21_two_slot__pair04__baseline__0/time.txt	1553	3060878c70563f54650e55d564e767269181dc20074c477c9a755aa7c382c1e8
c4_h19_chr21_two_slot__pair04__candidate__0/correctness.json	65	a278541fd198bfff0e1fbca1ef8e939bbc1f5b5432d8a6289fe649582d1a7f5e
c4_h19_chr21_two_slot__pair04__candidate__0/environment.json	25044	6a137785931f60900a6198e49243584e33533f61ec5f4cf6c07b3f4efcfaef12
c4_h19_chr21_two_slot__pair04__candidate__0/execution.json	1072	8dfddf16db5065bf7c9eca9a63bc65d83c91c36b6e6e516a5aaf6020f85aa02f
c4_h19_chr21_two_slot__pair04__candidate__0/gpu-memory.csv	25173	9b26aaba360759755ca0fa96750bad813a83263f0ea2dcd0a0a2b4baba785e44
c4_h19_chr21_two_slot__pair04__candidate__0/inputs/query.fa	2860	18b082f717a1e6b5f076272916e14ab549142acf7443d692bc3928bdff0d0cbb
c4_h19_chr21_two_slot__pair04__candidate__0/output/chr21-H19_0_2812-chr21-TFOsorted.lite	22956440	5ba79d3d66c107ba656c45d96c693b94184ad22a32d0cb6c4bbc26c250f270e5
c4_h19_chr21_two_slot__pair04__candidate__0/run-complete.json	465	d8eb3771f4b62636d5f4686b487dd23e905a840521230e3ed6f660efb697a258
c4_h19_chr21_two_slot__pair04__candidate__0/run-config.json	1724	ac6f423df4fce6397c85af1ce173ffde910fdd54b2d4d4df1ef27349aeb87d3b
c4_h19_chr21_two_slot__pair04__candidate__0/stderr.log	123253	dee6b794202676104a9953c7afba3fb666a477dd32384df232b3c195ced1b7f8
c4_h19_chr21_two_slot__pair04__candidate__0/stdout.log	84	e728ce0d6bb508810ae0696c5c496db5b522be894fa071edbf5028d5b89adfb9
c4_h19_chr21_two_slot__pair04__candidate__0/summary.json	139134	2a76c54783c09d9289db47a83200e3b2c37dedf7527b772e4edd9a1193cb93f4
c4_h19_chr21_two_slot__pair04__candidate__0/time.txt	1552	76ac44daefe4e733b46888520bcbcc50174ffe61102d54efa8338d29dd560f39
c4_h19_chr21_two_slot__pair05__baseline__0/correctness.json	65	a278541fd198bfff0e1fbca1ef8e939bbc1f5b5432d8a6289fe649582d1a7f5e
c4_h19_chr21_two_slot__pair05__baseline__0/environment.json	25044	46b9eaee79ace4c244de642d629cad064ab777a28bae15ad9feaafce77d8b32d
c4_h19_chr21_two_slot__pair05__baseline__0/execution.json	1074	05f3248ac67f1e35b242958a6000c49a4c0aa8151ed5bf78a04fbe9c6fc9531c
c4_h19_chr21_two_slot__pair05__baseline__0/gpu-memory.csv	29058	2c70c371fdf94f4f7d8e3d804d5c0a72105f2213791d2e775214c4b56167c2b1
c4_h19_chr21_two_slot__pair05__baseline__0/inputs/query.fa	2860	18b082f717a1e6b5f076272916e14ab549142acf7443d692bc3928bdff0d0cbb
c4_h19_chr21_two_slot__pair05__baseline__0/output/chr21-H19_0_2812-chr21-TFOsorted.lite	22956440	5ba79d3d66c107ba656c45d96c693b94184ad22a32d0cb6c4bbc26c250f270e5
c4_h19_chr21_two_slot__pair05__baseline__0/run-complete.json	464	cf468459d37bbade4dd2db8263f695a3a55bf196ba895bd487f3e3585ac80dc7
c4_h19_chr21_two_slot__pair05__baseline__0/run-config.json	1721	8c3b06232000f8100385b336e67fbef4334e0b2773d01edfa99b00f87d93237d
c4_h19_chr21_two_slot__pair05__baseline__0/stderr.log	118252	67d65f68bac8ba8ea666f8d2c5f102002eb1eaeb7247de8eaa848d45445856fe
c4_h19_chr21_two_slot__pair05__baseline__0/stdout.log	85	dfac8d22461222783f22f60a4a3f860ad50d9f80694f9b9c80993bfecf55037b
c4_h19_chr21_two_slot__pair05__baseline__0/summary.json	133429	aa56a4b101dc1e5c717e1da6462282530a74c96bc456e9325c6c8b1e22417691
c4_h19_chr21_two_slot__pair05__baseline__0/time.txt	1553	d8ad83fe8fc8a9121f3b28257c3c5c8ac7c9ba3ab56f5aeed438c9299d0869a1
c4_h19_chr21_two_slot__pair05__candidate__0/correctness.json	65	a278541fd198bfff0e1fbca1ef8e939bbc1f5b5432d8a6289fe649582d1a7f5e
c4_h19_chr21_two_slot__pair05__candidate__0/environment.json	25043	1fc03fcf07ad494038b51b969470f119b8c93d8b72237139924f790096136dd6
c4_h19_chr21_two_slot__pair05__candidate__0/execution.json	1072	2b063acfd41c9596e22d6be65dcd7e9d6d5643f116148512bc8aabb720b74177
c4_h19_chr21_two_slot__pair05__candidate__0/gpu-memory.csv	25173	4a2aa1af44206982e576a7647a06651b8ba125e372f239793f1f69d04ad8d457
c4_h19_chr21_two_slot__pair05__candidate__0/inputs/query.fa	2860	18b082f717a1e6b5f076272916e14ab549142acf7443d692bc3928bdff0d0cbb
c4_h19_chr21_two_slot__pair05__candidate__0/output/chr21-H19_0_2812-chr21-TFOsorted.lite	22956440	5ba79d3d66c107ba656c45d96c693b94184ad22a32d0cb6c4bbc26c250f270e5
c4_h19_chr21_two_slot__pair05__candidate__0/run-complete.json	465	54a029ac9c17f68714c24c8f3b0881514ec018f6f2f1948dd9f02495f872abbe
c4_h19_chr21_two_slot__pair05__candidate__0/run-config.json	1724	05881c355729102d1d0aa62d3d6602675383c91e9603db2ef0f79538169a65aa
c4_h19_chr21_two_slot__pair05__candidate__0/stderr.log	123252	20261f1f8639681e9f37c8c093466940060a380d7b4965fd191985c3f3cace20
c4_h19_chr21_two_slot__pair05__candidate__0/stdout.log	85	d07009abbff53f8520d7e400d372ead26b160ebaaf3d82e90f4123668ee5f70e
c4_h19_chr21_two_slot__pair05__candidate__0/summary.json	139132	c8cd0bfd91e7bcbb5696db678a4cb0020d2c2b6dba525b813fa353799ca90b1a
c4_h19_chr21_two_slot__pair05__candidate__0/time.txt	1552	cb0ed87a848526dfe91bb876eb124d906278fbccd116a86ab863bd445147f87d
c4_h19_chr21_two_slot__warmup__baseline__0/correctness.json	65	a278541fd198bfff0e1fbca1ef8e939bbc1f5b5432d8a6289fe649582d1a7f5e
c4_h19_chr21_two_slot__warmup__baseline__0/environment.json	25043	2fa103ff95b5c7ed3905eb658fe44c8b799fc7249597806224541b7934aaa999
c4_h19_chr21_two_slot__warmup__baseline__0/execution.json	1074	f2e402478821650e40f482808bb32c6e76f15351618d2fe83ddd1d7dd08a83a6
c4_h19_chr21_two_slot__warmup__baseline__0/gpu-memory.csv	28914	15d921e99ab3e338dac6a3361c3d3d09a092200b77f21f0ca75a93b790d6066c
c4_h19_chr21_two_slot__warmup__baseline__0/inputs/query.fa	2860	18b082f717a1e6b5f076272916e14ab549142acf7443d692bc3928bdff0d0cbb
c4_h19_chr21_two_slot__warmup__baseline__0/output/chr21-H19_0_2812-chr21-TFOsorted.lite	22956440	5ba79d3d66c107ba656c45d96c693b94184ad22a32d0cb6c4bbc26c250f270e5
c4_h19_chr21_two_slot__warmup__baseline__0/run-complete.json	464	b769aadc8b005b7b73a99f2818edb379a8dbaf983540641642ba909cbc536cbd
c4_h19_chr21_two_slot__warmup__baseline__0/run-config.json	1720	a660451ea2545678032cb058e467913dafed109bbef2770cf255d2bd04a7630f
c4_h19_chr21_two_slot__warmup__baseline__0/stderr.log	118253	bd484e7c2ed0825dc3e4df6dcb670bb5c5af7361c22de9dbbb501527d4db5d30
c4_h19_chr21_two_slot__warmup__baseline__0/stdout.log	84	94dc5d9183a028324370a6fb35b5c936de00b0b3f0c21dd786602d002ee9df59
c4_h19_chr21_two_slot__warmup__baseline__0/summary.json	133430	fbd350dffa9e8c98b03162932154cd50db82de7b5e4903a96e987cf159656620
c4_h19_chr21_two_slot__warmup__baseline__0/time.txt	1553	0829dafd727b24bb6fcdc70f099de85a1b81212cda0c7fcd28565f507a4c6f7f
c4_h19_chr21_two_slot__warmup__candidate__0/correctness.json	65	a278541fd198bfff0e1fbca1ef8e939bbc1f5b5432d8a6289fe649582d1a7f5e
c4_h19_chr21_two_slot__warmup__candidate__0/environment.json	25044	90761393e11e60e2f7cfd443be69594c9b6410eb3cce903684ba8d324f5dee4c
c4_h19_chr21_two_slot__warmup__candidate__0/execution.json	1074	183de5b18775541f1be7fb57edde92118549818a29268a5b198e3208b9b83199
c4_h19_chr21_two_slot__warmup__candidate__0/gpu-memory.csv	25176	e39843ce19cc7dd94b1f02bcfa7f52b9708fa704f3ad71ce2699451034920115
c4_h19_chr21_two_slot__warmup__candidate__0/inputs/query.fa	2860	18b082f717a1e6b5f076272916e14ab549142acf7443d692bc3928bdff0d0cbb
c4_h19_chr21_two_slot__warmup__candidate__0/output/chr21-H19_0_2812-chr21-TFOsorted.lite	22956440	5ba79d3d66c107ba656c45d96c693b94184ad22a32d0cb6c4bbc26c250f270e5
c4_h19_chr21_two_slot__warmup__candidate__0/run-complete.json	465	b9d85739e42b882cd8ab0d39ed63aef614683e752f2ad37b2a144eee24900d1b
c4_h19_chr21_two_slot__warmup__candidate__0/run-config.json	1723	4cef92df994507977905884c2df61433e223d74e5cc01646b51cf5ea62a16bbc
c4_h19_chr21_two_slot__warmup__candidate__0/stderr.log	123249	3e6469ebc73918e3e78b25b45e7d56e2d3423ccf0087929ebfa02fe26d5a9b15
c4_h19_chr21_two_slot__warmup__candidate__0/stdout.log	85	077cd96ea89959a7aae5021ec3096bf3212d9a34a6db035a644944d85db3aabb
c4_h19_chr21_two_slot__warmup__candidate__0/summary.json	139131	07c4c7ba69d2e758365560cf7f9805ce13c1b496052eea7844d69eccda01218e
c4_h19_chr21_two_slot__warmup__candidate__0/time.txt	1552	3423c5d470202cb945a12ae18da60428917403e794127461165d5c637eef8f3c
c4_h19_chr22_two_slot__pair01__baseline__0/correctness.json	65	a278541fd198bfff0e1fbca1ef8e939bbc1f5b5432d8a6289fe649582d1a7f5e
c4_h19_chr22_two_slot__pair01__baseline__0/environment.json	25044	1bc348192ed797efafba94f475f67e31133f45223d404aecc96e320aacef95b9
c4_h19_chr22_two_slot__pair01__baseline__0/execution.json	1075	c3ca10e61c1b3dede84837b43b992c8bd37e110d1c2e01d22d27cdf8d4577051
c4_h19_chr22_two_slot__pair01__baseline__0/gpu-memory.csv	28483	6d95f9e3590b7fd41c0dad4e9058eaa1a3d67fd9f39c5309c17a39c178488a4a
c4_h19_chr22_two_slot__pair01__baseline__0/inputs/query.fa	2860	18b082f717a1e6b5f076272916e14ab549142acf7443d692bc3928bdff0d0cbb
c4_h19_chr22_two_slot__pair01__baseline__0/output/chr22-H19_0_2812-chr22-TFOsorted.lite	32045163	0cd9e6b77325c49cbb6c2840c7a51910850259165c62d9b3c328c38f82f882e9
c4_h19_chr22_two_slot__pair01__baseline__0/run-complete.json	464	454a0d543eb9f5cc7e3bdb26a5cf675f7755b63a83f800e5cc510921aae67e20
c4_h19_chr22_two_slot__pair01__baseline__0/run-config.json	1721	f03c972a4c75680787335f67f7cd292a2ad29a62b9ab2df0fc8d054e93eee221
c4_h19_chr22_two_slot__pair01__baseline__0/stderr.log	118256	2600020111ac9aff1675e7624ba03998d5b9576d3261563f388a8b8157e6240e
c4_h19_chr22_two_slot__pair01__baseline__0/stdout.log	85	aade6b0194a6b352e3e4c61b23da87463a3be34c6da854b62685029f6728290e
c4_h19_chr22_two_slot__pair01__baseline__0/summary.json	133434	98e26ffe247aca78e79dc3a0b7fbd129f4ead18530f666baea7c9c3746f37870
c4_h19_chr22_two_slot__pair01__baseline__0/time.txt	1553	d6d4bdd781e432eb65fc2f952655eb60a1ca6b2a77e5876438472046a16e34b5
c4_h19_chr22_two_slot__pair01__candidate__0/correctness.json	65	a278541fd198bfff0e1fbca1ef8e939bbc1f5b5432d8a6289fe649582d1a7f5e
c4_h19_chr22_two_slot__pair01__candidate__0/environment.json	25044	17faac8326bc60ae38d1af70d8278a0e30924fe479df54644e558f6d7337a43b
c4_h19_chr22_two_slot__pair01__candidate__0/execution.json	1073	c7829dbb6a9cd6957c3fb3e26618fa77d7104301e0e8d68cce815eacf6bcf153
c4_h19_chr22_two_slot__pair01__candidate__0/gpu-memory.csv	24600	bc126cf0bb8fb5c41075ffe3db3e932fc3f0979632dd62c890b7343ee1c1574a
c4_h19_chr22_two_slot__pair01__candidate__0/inputs/query.fa	2860	18b082f717a1e6b5f076272916e14ab549142acf7443d692bc3928bdff0d0cbb
c4_h19_chr22_two_slot__pair01__candidate__0/output/chr22-H19_0_2812-chr22-TFOsorted.lite	32045163	95be002ea52182daf51661b69753ea22b11bc584b29c4e0369bc5d71e30d8593
c4_h19_chr22_two_slot__pair01__candidate__0/run-complete.json	465	43fdc38be373793c1694d0389d926cf04e316c1fee03828d4ccfd9758250b2ea
c4_h19_chr22_two_slot__pair01__candidate__0/run-config.json	1724	4060efb3854850a2203b6b64253a6c4b7b6bfded5649ec117bcfe7780cd13b16
c4_h19_chr22_two_slot__pair01__candidate__0/stderr.log	123248	d70f9a4964cf8a53b2e16615f1baabf28595d7431faf8d1804bcd1b484375187
c4_h19_chr22_two_slot__pair01__candidate__0/stdout.log	85	69f329d044d7417f1e80f76b6b1d0f81317cabb1a7b580296b855c1a8eb6de60
c4_h19_chr22_two_slot__pair01__candidate__0/summary.json	139130	b32059307634a7fe1b693e080414707f36e239279d7d63c03dd4c1a96860fe0d
c4_h19_chr22_two_slot__pair01__candidate__0/time.txt	1552	2adf9796c54a47565ebef473b20caf52d012716b5cdb05905aeb701041c5a574
c4_h19_chr22_two_slot__pair02__baseline__0/correctness.json	65	a278541fd198bfff0e1fbca1ef8e939bbc1f5b5432d8a6289fe649582d1a7f5e
c4_h19_chr22_two_slot__pair02__baseline__0/environment.json	25043	a1e8d5f9fa8089ba938362e8690eca137594a31eac704663d55c9fb925185fbe
c4_h19_chr22_two_slot__pair02__baseline__0/execution.json	1074	50b7609af99f57b26bd2b97ebc2986a572f1228c3411d295b9d1129f7a37b9d8
c4_h19_chr22_two_slot__pair02__baseline__0/gpu-memory.csv	28625	401a29789fcdd2e77759fb32e0eb123cd8bde7aca63b2334804435bcdac102d4
c4_h19_chr22_two_slot__pair02__baseline__0/inputs/query.fa	2860	18b082f717a1e6b5f076272916e14ab549142acf7443d692bc3928bdff0d0cbb
c4_h19_chr22_two_slot__pair02__baseline__0/output/chr22-H19_0_2812-chr22-TFOsorted.lite	32045246	3842136971922b782a921cde7b75428225900a5532d4352fdf38154dea2d3ce8
c4_h19_chr22_two_slot__pair02__baseline__0/run-complete.json	464	6ced4c875653f2c5f42ae737acf604f3196aea80c6dae34be7bc4d165f0a0ae3
c4_h19_chr22_two_slot__pair02__baseline__0/run-config.json	1721	8be696eee352e9b7f646fdc1d3a2c6dc0cc96b19a3283d03b5dc3de053e88450
c4_h19_chr22_two_slot__pair02__baseline__0/stderr.log	118254	6cb77adcb8e18a897f35a2ab4a5009d3392be5f419cc3e15c0842e15bf5971af
c4_h19_chr22_two_slot__pair02__baseline__0/stdout.log	85	a14c5160fdd756b45b078c1c096449c3344c56602f9802c16d4b92dfbf976ed5
c4_h19_chr22_two_slot__pair02__baseline__0/summary.json	133430	e127e402cd53be1b4513236e95b5b2d519d8a02d9514e351dbbc19b30c2eec06
c4_h19_chr22_two_slot__pair02__baseline__0/time.txt	1553	4e60ecec1da9cda6a9985d211b2f2493666c5a70a606e20878ba0838001bc27f
c4_h19_chr22_two_slot__pair02__candidate__0/correctness.json	65	a278541fd198bfff0e1fbca1ef8e939bbc1f5b5432d8a6289fe649582d1a7f5e
c4_h19_chr22_two_slot__pair02__candidate__0/environment.json	25044	3ac820f5c63c62403967c6bd9a1fc1a8e2013f37a6cbe639dab1a631d6896460
c4_h19_chr22_two_slot__pair02__candidate__0/execution.json	1073	89a53d0ce72b8f43c457df06c046521e8dff371e638a8f6dcd0cdde0143262bb
c4_h19_chr22_two_slot__pair02__candidate__0/gpu-memory.csv	24596	0a200335d339d165f751008732a19c863be9311bd966d0424290d6afc2c52af2
c4_h19_chr22_two_slot__pair02__candidate__0/inputs/query.fa	2860	18b082f717a1e6b5f076272916e14ab549142acf7443d692bc3928bdff0d0cbb
c4_h19_chr22_two_slot__pair02__candidate__0/output/chr22-H19_0_2812-chr22-TFOsorted.lite	32045246	3842136971922b782a921cde7b75428225900a5532d4352fdf38154dea2d3ce8
c4_h19_chr22_two_slot__pair02__candidate__0/run-complete.json	465	f2162102930d59f1fc4921e4985b14d3bcb4e22deebbeca0b74a2bc37558f494
c4_h19_chr22_two_slot__pair02__candidate__0/run-config.json	1724	c8cb28126aa35b47d341c5bbdf9cde29e828aa621d353d3d3b5e21f775c1452f
c4_h19_chr22_two_slot__pair02__candidate__0/stderr.log	123254	cb956024f817d4290b20c31a6264606bd25ea3fa4368717a4db08c39cf387a63
c4_h19_chr22_two_slot__pair02__candidate__0/stdout.log	83	9d5013c7177bcb7ae3f484089b20d4ae9aef4877748d719bcf62a1e1cd1bb0ab
c4_h19_chr22_two_slot__pair02__candidate__0/summary.json	139136	dd85a4dffc5977134f19ad9f97cb1c05df4f6f9b075e1f607228e4dd12b7d40a
c4_h19_chr22_two_slot__pair02__candidate__0/time.txt	1552	893417f7428c58a23df52ed0a9a0e95677c00d25fade1dde9084f49803b83c85
c4_h19_chr22_two_slot__pair03__baseline__0/correctness.json	65	a278541fd198bfff0e1fbca1ef8e939bbc1f5b5432d8a6289fe649582d1a7f5e
c4_h19_chr22_two_slot__pair03__baseline__0/environment.json	25044	c7a10d110593774a46b06713a7953873e3ac96442ed4ae0ab452c62a304f30cb
c4_h19_chr22_two_slot__pair03__baseline__0/execution.json	1073	8cc9d0644514967121077a7f72321ca7e9f3a127bfa845186a1aa92819da5aa7
c4_h19_chr22_two_slot__pair03__baseline__0/gpu-memory.csv	28626	a8256d23b2620bdc9f55918f84aa41704ed88ed2fadd6e27e2152151076eabe6
c4_h19_chr22_two_slot__pair03__baseline__0/inputs/query.fa	2860	18b082f717a1e6b5f076272916e14ab549142acf7443d692bc3928bdff0d0cbb
c4_h19_chr22_two_slot__pair03__baseline__0/output/chr22-H19_0_2812-chr22-TFOsorted.lite	32045246	b9b744451b70429ea1584ec07d8cec48ad7a87a00486a15a8b3983720ee469f7
c4_h19_chr22_two_slot__pair03__baseline__0/run-complete.json	464	2f00a6981b9baf58a0eae5eff43786e3e7ff72d3b073a74859cc3453f21a220f
c4_h19_chr22_two_slot__pair03__baseline__0/run-config.json	1721	9f8ae868383fb3aaed85f265ba658b42eab156516548ad4bbbae2b228a299acf
c4_h19_chr22_two_slot__pair03__baseline__0/stderr.log	118256	c83eaa9c84946738ae9b3f5fbcee10d7ad745e90b8ba7cbc43485a72da32a142
c4_h19_chr22_two_slot__pair03__baseline__0/stdout.log	85	e520bf25d7d15a514c465ee6947f401b17f4bc08ee4cba357b6d5204bd760f72
c4_h19_chr22_two_slot__pair03__baseline__0/summary.json	133432	040d66a749fc191bdb0795ae8a25fd929939a193c6fc317fef9394035c789f59
c4_h19_chr22_two_slot__pair03__baseline__0/time.txt	1553	7c7bbf8fba97ab1a11af765ebaa71c6a91656d8f1f3060bc28ff82b268b25317
c4_h19_chr22_two_slot__pair03__candidate__0/correctness.json	65	a278541fd198bfff0e1fbca1ef8e939bbc1f5b5432d8a6289fe649582d1a7f5e
c4_h19_chr22_two_slot__pair03__candidate__0/environment.json	25043	e5e32590d4d1b511149a2a654698cad96a4a3757e4921862cd190173315688bb
c4_h19_chr22_two_slot__pair03__candidate__0/execution.json	1073	e20cb730d7fbc44e85f8f42b893be41efdab2fcabf6fad9f632d7cbc455b5a08
c4_h19_chr22_two_slot__pair03__candidate__0/gpu-memory.csv	24740	f52ff4ae7f5471ff22ee5298787f6cca5607b0f4892fc63aae19111c1d44eb8c
c4_h19_chr22_two_slot__pair03__candidate__0/inputs/query.fa	2860	18b082f717a1e6b5f076272916e14ab549142acf7443d692bc3928bdff0d0cbb
c4_h19_chr22_two_slot__pair03__candidate__0/output/chr22-H19_0_2812-chr22-TFOsorted.lite	32045246	b9b744451b70429ea1584ec07d8cec48ad7a87a00486a15a8b3983720ee469f7
c4_h19_chr22_two_slot__pair03__candidate__0/run-complete.json	465	9239cf961181b7a7e431ba67fca5f09c6d3de6f761b7309437a3c76e0b4b1e59
c4_h19_chr22_two_slot__pair03__candidate__0/run-config.json	1724	5d615bae679f7cc3f613be302221dbd6da01259a4ce4c021d12f44c85235a240
c4_h19_chr22_two_slot__pair03__candidate__0/stderr.log	123257	bec269dc76bbf57adf2c18a366166148a996caad9e61c6e8ad5fcb26e7eccbc8
c4_h19_chr22_two_slot__pair03__candidate__0/stdout.log	85	1fd8a731fc4a5ef76e1557d390f45ed855e1ff63e1e89b1f658b937e1e20aa78
c4_h19_chr22_two_slot__pair03__candidate__0/summary.json	139139	081b69885833f94e8836afe2911526710cf6342ab1ca6fbe15d61061e58b460a
c4_h19_chr22_two_slot__pair03__candidate__0/time.txt	1552	16f7b4670b5cb944d8666a0e9445e547292868568fcb57d5edf69e02224cad8f
c4_h19_chr22_two_slot__pair04__baseline__0/correctness.json	65	a278541fd198bfff0e1fbca1ef8e939bbc1f5b5432d8a6289fe649582d1a7f5e
c4_h19_chr22_two_slot__pair04__baseline__0/environment.json	25043	89031d8fed308e040fd6a69ed869df2efffcc7688b8562b0c961f2af838f784c
c4_h19_chr22_two_slot__pair04__baseline__0/execution.json	1074	7084e0a236343784c4c5dd6bdf663507eaaa5172752d7298f6c3b06884479a7f
c4_h19_chr22_two_slot__pair04__baseline__0/gpu-memory.csv	28485	ebafa9a3e5ab8b842efde0c6b1a993aabf2b918f9a4733bdd93dbc5ab16dbae5
c4_h19_chr22_two_slot__pair04__baseline__0/inputs/query.fa	2860	18b082f717a1e6b5f076272916e14ab549142acf7443d692bc3928bdff0d0cbb
c4_h19_chr22_two_slot__pair04__baseline__0/output/chr22-H19_0_2812-chr22-TFOsorted.lite	32045162	6eb6520b5602e47e887d807d73aee3f5e7d6e3b68a5ae21e2865486a54bf11dc
c4_h19_chr22_two_slot__pair04__baseline__0/run-complete.json	464	814d5754faba1f6a4be027cc2438296f5af5175c728b9b5162f8e7f622220736
c4_h19_chr22_two_slot__pair04__baseline__0/run-config.json	1721	2a8d4263a4f2dd32907c7862dc8df76d25421f3651d2922ea4d7dae59731067a
c4_h19_chr22_two_slot__pair04__baseline__0/stderr.log	118257	4e8748643bb1db8b041f0242f06c2b1ebba9542a9c6a88f21a777347a7f22ea6
c4_h19_chr22_two_slot__pair04__baseline__0/stdout.log	85	9f514cc87b368d4c422e3af08a77fba4f28cd5710e51fcc40fe62a9b9bec6cce
c4_h19_chr22_two_slot__pair04__baseline__0/summary.json	133434	6c92398bfc8b7c31ad394cb1844b756b82df3e735396ef4edb62f4da07980d82
c4_h19_chr22_two_slot__pair04__baseline__0/time.txt	1554	c93e3ffacde497f90057ecd39ad63d540c9dc4a2fc229e6b8e985245de492fa0
c4_h19_chr22_two_slot__pair04__candidate__0/correctness.json	65	a278541fd198bfff0e1fbca1ef8e939bbc1f5b5432d8a6289fe649582d1a7f5e
c4_h19_chr22_two_slot__pair04__candidate__0/environment.json	25044	82f83fa9f28cae72e5fbcc54a1f8d46a1863571d1017a320130a2f72a83e32e9
c4_h19_chr22_two_slot__pair04__candidate__0/execution.json	1073	f706ed6d5dc3806c48f1cfb79215085638ef135021d0995239a6be41058077f8
c4_h19_chr22_two_slot__pair04__candidate__0/gpu-memory.csv	24456	8ac9351b54363848b5a649f0afaace40beb46c8b076ab2d97968c02e811a7727
c4_h19_chr22_two_slot__pair04__candidate__0/inputs/query.fa	2860	18b082f717a1e6b5f076272916e14ab549142acf7443d692bc3928bdff0d0cbb
c4_h19_chr22_two_slot__pair04__candidate__0/output/chr22-H19_0_2812-chr22-TFOsorted.lite	32045245	82fa6c78ecaff7a0edd91750dd60c92f63fad722f6423773cc3254d6046f54e2
c4_h19_chr22_two_slot__pair04__candidate__0/run-complete.json	465	4875e7da4775f88e14c2859eae0433af88e5efafd7747c26957e680afca32178
c4_h19_chr22_two_slot__pair04__candidate__0/run-config.json	1724	c9e4cb553c020a3606687b0ec58708fcaa9c047ab0ef9040edd90eed8c97f8bc
c4_h19_chr22_two_slot__pair04__candidate__0/stderr.log	123254	a0ddde1fb27f787b0d06ab74a64d4b95c885fb7a4c8b1228d81a3564a3a7a834
c4_h19_chr22_two_slot__pair04__candidate__0/stdout.log	85	c2ff013f6ae095838f952f1aea306082e7002b4157c355d4a48c45cacb0dd1db
c4_h19_chr22_two_slot__pair04__candidate__0/summary.json	139136	37a8164753689c0036a44afa52cccb3afb21e36f7627ad2718d727ffea35bc36
c4_h19_chr22_two_slot__pair04__candidate__0/time.txt	1552	e805d7dced6362003626ce98ec3ed87249659b4515818f9dda1391c1e1b99e28
c4_h19_chr22_two_slot__pair05__baseline__0/correctness.json	65	a278541fd198bfff0e1fbca1ef8e939bbc1f5b5432d8a6289fe649582d1a7f5e
c4_h19_chr22_two_slot__pair05__baseline__0/environment.json	25044	d0f34c6f4ad7c375ac896b164e45b2b5f0e47ece8b6fa9d8d06972cb410df9ea
c4_h19_chr22_two_slot__pair05__baseline__0/execution.json	1075	f0544cae83630734f02d2298852cf3d9d27c69997dfc8cf55d8bc6437b0790a5
c4_h19_chr22_two_slot__pair05__baseline__0/gpu-memory.csv	28624	de151fdb1715fd36097d08a9e06b929530ec3334b7ae2447352338f0739cbf20
c4_h19_chr22_two_slot__pair05__baseline__0/inputs/query.fa	2860	18b082f717a1e6b5f076272916e14ab549142acf7443d692bc3928bdff0d0cbb
c4_h19_chr22_two_slot__pair05__baseline__0/output/chr22-H19_0_2812-chr22-TFOsorted.lite	32045245	82fa6c78ecaff7a0edd91750dd60c92f63fad722f6423773cc3254d6046f54e2
c4_h19_chr22_two_slot__pair05__baseline__0/run-complete.json	464	2acdd096feb7f9e6ca8839fd568f0f13e8e16391a646b1e2d63a24fdac817a69
c4_h19_chr22_two_slot__pair05__baseline__0/run-config.json	1721	8dd0584537d1c69f5940fb23ab477701f7b7021804bccc4854302d470715fc9f
c4_h19_chr22_two_slot__pair05__baseline__0/stderr.log	118252	f79bfc4a115fbab01faf978772f3bc659d6dec1326ea23bc88a4bc9e34a5bd50
c4_h19_chr22_two_slot__pair05__baseline__0/stdout.log	85	37a2d58a5a7e83cf4a0046dba7057c16cb6e6f786e408c45d6da8cc7f0bed69a
c4_h19_chr22_two_slot__pair05__baseline__0/summary.json	133430	7e5dae207bd089ecaa65ccd45dd6f9c5c75ea9e98440a94c7465c829cdc6dbfe
c4_h19_chr22_two_slot__pair05__baseline__0/time.txt	1553	268dab194cfae91edf833c3d2f71d46f55e099937421e5810998c0963cc65228
c4_h19_chr22_two_slot__pair05__candidate__0/correctness.json	65	a278541fd198bfff0e1fbca1ef8e939bbc1f5b5432d8a6289fe649582d1a7f5e
c4_h19_chr22_two_slot__pair05__candidate__0/environment.json	25043	b1dfd14ca1bba9889fcfddc775ea9c7863e21e4040c8d505a3281b337bcb727e
c4_h19_chr22_two_slot__pair05__candidate__0/execution.json	1073	3282cd7da80bdc13fd7fb4b4dd8830f71452eed60fb3a7030e244b73e3ed9496
c4_h19_chr22_two_slot__pair05__candidate__0/gpu-memory.csv	24739	4283d842ccfc383565b2ba7228e79ce3fe0c034ebd20ffc841266fd317c646bb
c4_h19_chr22_two_slot__pair05__candidate__0/inputs/query.fa	2860	18b082f717a1e6b5f076272916e14ab549142acf7443d692bc3928bdff0d0cbb
c4_h19_chr22_two_slot__pair05__candidate__0/output/chr22-H19_0_2812-chr22-TFOsorted.lite	32045245	5311ff09a49ba552da5bbc9d7f35557dabdcd64e223b9e95e9cdf291685d26ba
c4_h19_chr22_two_slot__pair05__candidate__0/run-complete.json	465	e7984748cf5a8b94cded44a447a9ec47516014ae3eaf12fd11c9c1b888ff1776
c4_h19_chr22_two_slot__pair05__candidate__0/run-config.json	1724	9d665e5e9c5a3d3587daac7bacb9f3f6e035d0d651c857b71cc85856c7b46637
c4_h19_chr22_two_slot__pair05__candidate__0/stderr.log	123246	c4089fb4a278ec4db5ae0e672cd645f8d5bf6c036ab523621e03aabfba42e710
c4_h19_chr22_two_slot__pair05__candidate__0/stdout.log	85	0add2ed2471adced56367041ba295fb84ddf848cccdecb9bdd09ec6a361618e0
c4_h19_chr22_two_slot__pair05__candidate__0/summary.json	139128	549b7c9c9340be93daba70e35174cbcd2caff1a656eb1d7a6f74d61cc956e5e9
c4_h19_chr22_two_slot__pair05__candidate__0/time.txt	1552	232b64efb6ab78d8c218d5b7c8a08c9a47141bda7e435bd176653d12838d4509
c4_h19_chr22_two_slot__warmup__baseline__0/correctness.json	65	a278541fd198bfff0e1fbca1ef8e939bbc1f5b5432d8a6289fe649582d1a7f5e
c4_h19_chr22_two_slot__warmup__baseline__0/environment.json	25043	797e8a4f8afae6d1ee9ac3d29a67c35b7c14c373fff081085ff1cf6af5d272db
c4_h19_chr22_two_slot__warmup__baseline__0/execution.json	1074	43fab9b2ac498ccc657dff1ba27b2f6579ee89703f4f1881c5563ced993365b8
c4_h19_chr22_two_slot__warmup__baseline__0/gpu-memory.csv	28486	77d99b7c35f450b83de650040a5c0726c7fd5e5d309e657d3c764349b700299b
c4_h19_chr22_two_slot__warmup__baseline__0/inputs/query.fa	2860	18b082f717a1e6b5f076272916e14ab549142acf7443d692bc3928bdff0d0cbb
c4_h19_chr22_two_slot__warmup__baseline__0/output/chr22-H19_0_2812-chr22-TFOsorted.lite	32045246	3842136971922b782a921cde7b75428225900a5532d4352fdf38154dea2d3ce8
c4_h19_chr22_two_slot__warmup__baseline__0/run-complete.json	464	050c923feb57d93fabd9a7d09ff2ed3958ee504a2ec8e55c5382471c5d311867
c4_h19_chr22_two_slot__warmup__baseline__0/run-config.json	1720	f0d31c4a55fb9330f31445ef207ceb4bcd051baa02ef6630fac4a49201044ad9
c4_h19_chr22_two_slot__warmup__baseline__0/stderr.log	118255	6fc5bb6f3a70fa8ef03469b3c07f53353f346f52db4567803520d03c11f0d73e
c4_h19_chr22_two_slot__warmup__baseline__0/stdout.log	85	ea64a22f09d69909d14a9f6b0eafda6ddcc0a0bc219bcd58d181fc0476e002aa
c4_h19_chr22_two_slot__warmup__baseline__0/summary.json	133432	4337a93fe79f5aaa7e50c8bb24f9beec7d28a681a7db83ee4530508d475eb0a1
c4_h19_chr22_two_slot__warmup__baseline__0/time.txt	1553	1d8c87ab5c1fca6fe47cd2d7d1616ef20b6e8bdc2d8e0ba90e42404c27f14ec1
c4_h19_chr22_two_slot__warmup__candidate__0/correctness.json	65	a278541fd198bfff0e1fbca1ef8e939bbc1f5b5432d8a6289fe649582d1a7f5e
c4_h19_chr22_two_slot__warmup__candidate__0/environment.json	25044	6094f0addff1df3f3cce06c24e3eb5abe176bf4f038b91ead627d496ce90faeb
c4_h19_chr22_two_slot__warmup__candidate__0/execution.json	1073	47dabc43abe00f612cef25b6b57e69acda0542acac3b80d55dd1b98ad8b2ccb1
c4_h19_chr22_two_slot__warmup__candidate__0/gpu-memory.csv	24599	8f541bcf7d576e17a467e095e7d783f5cd742f9da3b7cb493049e0f9c59fca3e
c4_h19_chr22_two_slot__warmup__candidate__0/inputs/query.fa	2860	18b082f717a1e6b5f076272916e14ab549142acf7443d692bc3928bdff0d0cbb
c4_h19_chr22_two_slot__warmup__candidate__0/output/chr22-H19_0_2812-chr22-TFOsorted.lite	32045245	82fa6c78ecaff7a0edd91750dd60c92f63fad722f6423773cc3254d6046f54e2
c4_h19_chr22_two_slot__warmup__candidate__0/run-complete.json	465	03b6782bee4caa789d0b7407570c793210694877149efec77306df7af9c31f9f
c4_h19_chr22_two_slot__warmup__candidate__0/run-config.json	1723	7f2c2ccb76db6660bc04b4c129dbd2e3d072a96947581058b8b278d8a4e2dc80
c4_h19_chr22_two_slot__warmup__candidate__0/stderr.log	123252	14f219bf4f66d787202799495102722477a3d51146022db8ea9131d43731bbe0
c4_h19_chr22_two_slot__warmup__candidate__0/stdout.log	85	a7653883c0e0f7a18a66773bb8318f7464fd1950617c6aad29991a619b02d60e
c4_h19_chr22_two_slot__warmup__candidate__0/summary.json	139133	f60c3869c4b034feb68012552bb331a6190a0548a0c93f5729b557192d78b6a1
c4_h19_chr22_two_slot__warmup__candidate__0/time.txt	1552	d738c2953796a07e7f83ac2e0a676fc3fbdc60f5b1cb8923fba014d848af18d5
c7_kcnq_max8_chr22__pair01__baseline__0/correctness.json	65	a278541fd198bfff0e1fbca1ef8e939bbc1f5b5432d8a6289fe649582d1a7f5e
c7_kcnq_max8_chr22__pair01__baseline__0/environment.json	25368	a11387b86941e6874a62a67fefee454c1895413aef4b441b149d346680bcc1e1
c7_kcnq_max8_chr22__pair01__baseline__0/execution.json	1143	c3651d66a33fde97ab6e3d4d2108e5a00972584bb78c17f485b42d1a4d379c5e
c7_kcnq_max8_chr22__pair01__baseline__0/gpu-memory.csv	467787	84afc803465053f56163fe36018d941f9e808c19a025c76971ffb2cc0e9143c7
c7_kcnq_max8_chr22__pair01__baseline__0/inputs/query.fa	92840	fdf4dc2f0c02addb9b6995b5c381719c7c4114903c21aa8cccd4ae6eef31c664
c7_kcnq_max8_chr22__pair01__baseline__0/output/grids/shift_0/merge_summary.txt	830	44254188801e5d46f53d466adaae34dfa20462bd88dc6ea6aba06c084e42d853
c7_kcnq_max8_chr22__pair01__baseline__0/output/grids/shift_0/merged-common-TFOsorted	217429400	be2c6aa210b1c1414ef9582a1a3efea101f25c4ffecf11f2b214072469aef258
c7_kcnq_max8_chr22__pair01__baseline__0/output/grids/shift_0/run_0/chr22-ENST00000597346.1_0_91667|segment_id=0|grid_shift=0|global_query_start=38400|global_query_end=40448-chr22-TFOsorted.archive-first.tfoa	5639129	1db1eef5c3c08452b0c5120033dcf26efbd2fe06f250792837f0a6cd21bef2e3
c7_kcnq_max8_chr22__pair01__baseline__0/output/grids/shift_0/run_0/segment-complete.json	1179	62d16fc2fb97e0ce1ebabe4ff059d144dff1af85d1c4e68b241b72a21a4cb3b0
c7_kcnq_max8_chr22__pair01__baseline__0/output/grids/shift_0/run_0/stderr.log	112120	258f08a3d21b46c39024a702ceabdaa8f9cb681f1473614f0ec6e423e0b1ca21
c7_kcnq_max8_chr22__pair01__baseline__0/output/grids/shift_0/run_0/stdout.log	174	c1827b2988375cd6763361384e208190aac444b2a9d2c4007c8fd89a3eea9dc8
c7_kcnq_max8_chr22__pair01__baseline__0/output/grids/shift_0/run_0/wall_seconds.txt	10	cbcf17326b1fb010ce5492898cb14a26b3cf196f6b098245fa98b6a36f39649c
c7_kcnq_max8_chr22__pair01__baseline__0/output/grids/shift_0/run_1/chr22-ENST00000597346.1_0_91667|segment_id=1|grid_shift=0|global_query_start=39936|global_query_end=41984-chr22-TFOsorted.archive-first.tfoa	5390795	df5c8e19df593da0f2ff625662d7be58b904323e689bbd2f433a12af9d262bbf
c7_kcnq_max8_chr22__pair01__baseline__0/output/grids/shift_0/run_1/segment-complete.json	1179	68560a642add9d5c859275784d8a8599b3e235380b5a7540e0209186a8434e2f
c7_kcnq_max8_chr22__pair01__baseline__0/output/grids/shift_0/run_1/stderr.log	112121	e4f8b02cd8a468ec8ad3822d029aab65b7e7e728d39c3476c303352606294fe0
c7_kcnq_max8_chr22__pair01__baseline__0/output/grids/shift_0/run_1/stdout.log	174	e1ee34b668df34514ea0ee60c8c7de79d4a076f2b0a721391a1486a19b4270ad
c7_kcnq_max8_chr22__pair01__baseline__0/output/grids/shift_0/run_1/wall_seconds.txt	10	91cc6dbe190e4c98b8b469c4ddbad08dc5b167cec549c919694c1aa184c7c7f3
c7_kcnq_max8_chr22__pair01__baseline__0/output/grids/shift_0/run_2/chr22-ENST00000597346.1_0_91667|segment_id=2|grid_shift=0|global_query_start=41472|global_query_end=43520-chr22-TFOsorted.archive-first.tfoa	5119096	be0c297eb402fb10b4f6e0abb57ab5c9814144d5617a2122134f79bb7e0c1282
c7_kcnq_max8_chr22__pair01__baseline__0/output/grids/shift_0/run_2/segment-complete.json	1179	2dd0d2cfdb78f4cdbd2feaec673289ab42aba8f1ce6307443f2d8bded504ebd9
c7_kcnq_max8_chr22__pair01__baseline__0/output/grids/shift_0/run_2/stderr.log	112119	dee62321e6a587dc373df65de193ecf3acd55063f338e41f0f1587ba7f2d556c
c7_kcnq_max8_chr22__pair01__baseline__0/output/grids/shift_0/run_2/stdout.log	172	4ca29bb78c7e5302dfc16206fdcbc86500c5db20b3bd476c5d4790b969be0957
c7_kcnq_max8_chr22__pair01__baseline__0/output/grids/shift_0/run_2/wall_seconds.txt	10	e90da6c9fdf36d70a4be8acb5aaf9d25a670b12e664951f9543dd190ea08bceb
c7_kcnq_max8_chr22__pair01__baseline__0/output/grids/shift_0/run_3/chr22-ENST00000597346.1_0_91667|segment_id=3|grid_shift=0|global_query_start=43008|global_query_end=45056-chr22-TFOsorted.archive-first.tfoa	11511892	013d19eb326579ad4d7477300452b657111f16128bbe61ca7dc744d8ec60132c
c7_kcnq_max8_chr22__pair01__baseline__0/output/grids/shift_0/run_3/segment-complete.json	1179	8bd188278d55391b87e7f9d1b8cf1452124de45db719a9db7a2d6fd863cce595
c7_kcnq_max8_chr22__pair01__baseline__0/output/grids/shift_0/run_3/stderr.log	112116	d8acc5e47b1ecb116d149c1dca4db2e1ff45b4515b88232ce42a172578ae6ecf
c7_kcnq_max8_chr22__pair01__baseline__0/output/grids/shift_0/run_3/stdout.log	174	14e7cab134b2e1523981ed7cfeccdeee7776b238cc7919001236e23cfa0a500a
c7_kcnq_max8_chr22__pair01__baseline__0/output/grids/shift_0/run_3/wall_seconds.txt	10	27519173321e05f3bdf38f8f2f98165b41ae02a4043145a2e5b5cf6260553c71
c7_kcnq_max8_chr22__pair01__baseline__0/output/grids/shift_0/run_4/chr22-ENST00000597346.1_0_91667|segment_id=4|grid_shift=0|global_query_start=44544|global_query_end=46592-chr22-TFOsorted.archive-first.tfoa	12913014	aefb453e113a986e63e981ab5e649ba36275d07705c5b645068925731c9a8cd3
c7_kcnq_max8_chr22__pair01__baseline__0/output/grids/shift_0/run_4/segment-complete.json	1178	f6715cac9b33341692099e4a744a552b888f169bfe74adc5ed4c324c01231918
c7_kcnq_max8_chr22__pair01__baseline__0/output/grids/shift_0/run_4/stderr.log	112119	6def1d3401313f958c069406c6e03c1e0a54c4ca394bb8372e91abc4b2697d81
c7_kcnq_max8_chr22__pair01__baseline__0/output/grids/shift_0/run_4/stdout.log	174	8440388c6370120b58c3ce5d1a4e11b573ed2530e0b40e4c8d44ddda87e171e5
c7_kcnq_max8_chr22__pair01__baseline__0/output/grids/shift_0/run_4/wall_seconds.txt	10	9f5fbb99d37c5f677b7660f4641d6598fe424248ab40e1851da0113a7d4d5ae4
c7_kcnq_max8_chr22__pair01__baseline__0/output/grids/shift_0/run_5/chr22-ENST00000597346.1_0_91667|segment_id=5|grid_shift=0|global_query_start=46080|global_query_end=48128-chr22-TFOsorted.archive-first.tfoa	2771400	f749e24e69f4e7cdc91e771df708356754c2a61d9c4ac7190223c80f3f33fd8e
c7_kcnq_max8_chr22__pair01__baseline__0/output/grids/shift_0/run_5/segment-complete.json	1179	84849f20baed5fc7a95434f0b103455782312741ba0faaf33aa49b472a46b338
c7_kcnq_max8_chr22__pair01__baseline__0/output/grids/shift_0/run_5/stderr.log	112114	f4cb06e469d50a1c5cba0627cb5ac3a0675c6941d186cbca395318831c912843
c7_kcnq_max8_chr22__pair01__baseline__0/output/grids/shift_0/run_5/stdout.log	174	1c89f3625f16e515f83d680603f5f9c383794d4955c4164a224017c7c159b0f7
c7_kcnq_max8_chr22__pair01__baseline__0/output/grids/shift_0/run_5/wall_seconds.txt	10	e83e7d83bfcafe43ae451673408cf13ad340ff5dde92cfbc01091c0ec2206cda
c7_kcnq_max8_chr22__pair01__baseline__0/output/grids/shift_0/run_6/chr22-ENST00000597346.1_0_91667|segment_id=6|grid_shift=0|global_query_start=47616|global_query_end=49664-chr22-TFOsorted.archive-first.tfoa	2393379	f52292a6ceb1f16e99af83fbe084a1cfa7371866795ffb61619835b511aa3af8
c7_kcnq_max8_chr22__pair01__baseline__0/output/grids/shift_0/run_6/segment-complete.json	1179	36dd0011d297a683f1d16150f76ddd5fa260d86cb4a88e25c172284fd4e21201
c7_kcnq_max8_chr22__pair01__baseline__0/output/grids/shift_0/run_6/stderr.log	112112	94684fef4cadf21e143d5269d10281c0c2b75057a25bd349b04487366de5f2fe
c7_kcnq_max8_chr22__pair01__baseline__0/output/grids/shift_0/run_6/stdout.log	174	7ca3b3904cd54248ac1c767edc6fbf5c74ae628d598a326a6faeca3dee8950ea
c7_kcnq_max8_chr22__pair01__baseline__0/output/grids/shift_0/run_6/wall_seconds.txt	10	8a83d3aaf121cecad2e705db15c1bbdda7cb2d2478ea34f07615083a268c2a88
c7_kcnq_max8_chr22__pair01__baseline__0/output/grids/shift_0/run_7/chr22-ENST00000597346.1_0_91667|segment_id=7|grid_shift=0|global_query_start=49152|global_query_end=51200-chr22-TFOsorted.archive-first.tfoa	2010371	daea96d1ecf80bf8454ac0a4dbbf2dded43fc2a43d65f323f66ced6105e0169c
c7_kcnq_max8_chr22__pair01__baseline__0/output/grids/shift_0/run_7/segment-complete.json	1179	fbc1daa64ea5876aed4c3fdbd436075903cdf031d949d7aedb68efe8c7a12f84
c7_kcnq_max8_chr22__pair01__baseline__0/output/grids/shift_0/run_7/stderr.log	112107	24043156cee62f2cae37a38c1b1d9ec35ab67e17993aae052f22f2610ec62b44
c7_kcnq_max8_chr22__pair01__baseline__0/output/grids/shift_0/run_7/stdout.log	174	e2e380e924087e7b6acf13a34d3fe942f75cd3b0e38fafd66ba038cdcec3fdb2
c7_kcnq_max8_chr22__pair01__baseline__0/output/grids/shift_0/run_7/wall_seconds.txt	10	89cda3a990ae1c3d2ac7a6c16c7fb9b50c57174bfe8070866f951b0487c3d3c9
c7_kcnq_max8_chr22__pair01__baseline__0/output/grids/shift_0/segment_000.fa	2175	13217cc8319b058708bcad560f19d75c6cb1ffe42b8cd88b6f67fed5bf199b49
c7_kcnq_max8_chr22__pair01__baseline__0/output/grids/shift_0/segment_001.fa	2175	899fd58ebe8663b6d4359aaa03d4dee465232ddcc2d1890d8876be1deae23b02
c7_kcnq_max8_chr22__pair01__baseline__0/output/grids/shift_0/segment_002.fa	2175	ab0f4483198a6ff146546c738067f223881c091e5d326ef42914b7629b330c79
c7_kcnq_max8_chr22__pair01__baseline__0/output/grids/shift_0/segment_003.fa	2175	ba525aeb49902896990efcbe81016dee9b97d784e74f066eb236aefdefb67c71
c7_kcnq_max8_chr22__pair01__baseline__0/output/grids/shift_0/segment_004.fa	2175	058ec66491ddc57f1cbd770968ca348f0d4cdaa7f0eddc22f1e5be7befaf5992
c7_kcnq_max8_chr22__pair01__baseline__0/output/grids/shift_0/segment_005.fa	2175	12bbbac42b708f749c42ca17f00f44a8ea3d6f615b0be49f68bf7b077cf48b8c
c7_kcnq_max8_chr22__pair01__baseline__0/output/grids/shift_0/segment_006.fa	2175	05447672fdb20a3372f6a2c0e3f0104eeb9a7160125859a9c0c39f621d9b2461
c7_kcnq_max8_chr22__pair01__baseline__0/output/grids/shift_0/segment_007.fa	2175	cfbcaa86012b143d247b71c3a02515df3dec3771ba28d12c5772de93b51985d0
c7_kcnq_max8_chr22__pair01__baseline__0/output/grids/shift_0/segment_outputs.tsv	6263	13daac6a242852fbddf6f8f555cdfb7a02f95a1ae723887df5f62769ba9867a2
c7_kcnq_max8_chr22__pair01__baseline__0/output/grids/shift_0/segments.tsv	1723	90d146356f424c7e121bdcd7a137338310c0c4e536328bf5330727f37fe43ef7
c7_kcnq_max8_chr22__pair01__baseline__0/output/grids/shift_256/merge_summary.txt	834	d684030a859690061cd1900f0af5ab5bddc4a0c2c070628b16fda38f42864971
c7_kcnq_max8_chr22__pair01__baseline__0/output/grids/shift_256/merged-common-TFOsorted	222422338	3046dd022b345ae036fd968ecdbd26e581955668a16a0d4c94d57dadb04e9953
c7_kcnq_max8_chr22__pair01__baseline__0/output/grids/shift_256/run_0/chr22-ENST00000597346.1_0_91667|segment_id=0|grid_shift=256|global_query_start=38656|global_query_end=40704-chr22-TFOsorted.archive-first.tfoa	5553869	af60195f0bbfc6c0c64054080792514180a0c03e97d3c3f434db6d9703962219
c7_kcnq_max8_chr22__pair01__baseline__0/output/grids/shift_256/run_0/segment-complete.json	1185	48a7fd552a6a80a4dcbe288ace2d7b8c4bdbbb1561d01a3c8ff9a7ec5cde094d
c7_kcnq_max8_chr22__pair01__baseline__0/output/grids/shift_256/run_0/stderr.log	112123	8ebbd02a7dced0860b959ba2a035b5933bee799fea093bc86f771368adbdd4f1
c7_kcnq_max8_chr22__pair01__baseline__0/output/grids/shift_256/run_0/stdout.log	176	22591b5df8b427321b8b93a630174a1ef759189df86c1c563070b86842f1188f
c7_kcnq_max8_chr22__pair01__baseline__0/output/grids/shift_256/run_0/wall_seconds.txt	10	189d086f6f348421ff6b832be15753ed53b119cd5ecd7112c1911abce5447a8b
c7_kcnq_max8_chr22__pair01__baseline__0/output/grids/shift_256/run_1/chr22-ENST00000597346.1_0_91667|segment_id=1|grid_shift=256|global_query_start=40192|global_query_end=42240-chr22-TFOsorted.archive-first.tfoa	4925152	5b37c5c2dfbcd9f07c357c586280eb1db527ab33553f5de00944644007dd8bfe
c7_kcnq_max8_chr22__pair01__baseline__0/output/grids/shift_256/run_1/segment-complete.json	1185	05ae3b20149a44690da403dff52cd9ecc79a837fadae8fd89d58263b58a368ce
c7_kcnq_max8_chr22__pair01__baseline__0/output/grids/shift_256/run_1/stderr.log	112119	0595d9553fc2dcff1cf058c4d00c625012e3dc42b932597e8b7e9e5998ddd17e
c7_kcnq_max8_chr22__pair01__baseline__0/output/grids/shift_256/run_1/stdout.log	175	1b45055a8ba68cdca9c943472b1f7285bff2ddda6b00ddc4348bb888938f9aa3
c7_kcnq_max8_chr22__pair01__baseline__0/output/grids/shift_256/run_1/wall_seconds.txt	10	d96fe2d4069077f39bbc7da75dfccc6ee8c84759a1c1bdc1ee5b55e7b0a0f863
c7_kcnq_max8_chr22__pair01__baseline__0/output/grids/shift_256/run_2/chr22-ENST00000597346.1_0_91667|segment_id=2|grid_shift=256|global_query_start=41728|global_query_end=43776-chr22-TFOsorted.archive-first.tfoa	5040490	7e6d5e6dff746164a967346030c877bafd746f45f2e6745e05dc4a930292c8cc
c7_kcnq_max8_chr22__pair01__baseline__0/output/grids/shift_256/run_2/segment-complete.json	1185	010cb3b7d1c9473b81d068116e521f79ae7424efd68d1dcad17ae0fcc6d145fc
c7_kcnq_max8_chr22__pair01__baseline__0/output/grids/shift_256/run_2/stderr.log	112122	eb67529a955252595103d3363f8b65bf464727e13b7a49dc349926b0fbb5171b
c7_kcnq_max8_chr22__pair01__baseline__0/output/grids/shift_256/run_2/stdout.log	176	929009702f76d5138dae445ab3acecf957347c6ef392ca94ece0c8e4bc03b23d
c7_kcnq_max8_chr22__pair01__baseline__0/output/grids/shift_256/run_2/wall_seconds.txt	10	bef1708bdd00ea602d1a9e8388afa05eae980f7941355a8d9506bdc55209f477
c7_kcnq_max8_chr22__pair01__baseline__0/output/grids/shift_256/run_3/chr22-ENST00000597346.1_0_91667|segment_id=3|grid_shift=256|global_query_start=43264|global_query_end=45312-chr22-TFOsorted.archive-first.tfoa	12430090	8f4e1569862deb735f07e2cebaa09ad0d2de6491cf076e8023b0db1a06adf1c1
c7_kcnq_max8_chr22__pair01__baseline__0/output/grids/shift_256/run_3/segment-complete.json	1185	0ff80f619e9a5d1cb4fac42795dca8f1eb55c4a30f3a93fe16f963e0712fa2cd
c7_kcnq_max8_chr22__pair01__baseline__0/output/grids/shift_256/run_3/stderr.log	112117	5b03e64e6b6cfae1882a1ea0f99c9f62c036ece68c93d7367bc3928ceb078c5a
c7_kcnq_max8_chr22__pair01__baseline__0/output/grids/shift_256/run_3/stdout.log	176	59406b819e6e39ee22d74fe0c2312b4c0c312443c5b2fcc94e960337a51307b2
c7_kcnq_max8_chr22__pair01__baseline__0/output/grids/shift_256/run_3/wall_seconds.txt	10	d1b95084b8518020462ef856b3c80fb52281377b8625217d1e62bd55253a5edd
c7_kcnq_max8_chr22__pair01__baseline__0/output/grids/shift_256/run_4/chr22-ENST00000597346.1_0_91667|segment_id=4|grid_shift=256|global_query_start=44800|global_query_end=46848-chr22-TFOsorted.archive-first.tfoa	12883640	666b1330bf220d7896d7faf89a93ffab3523510652e3bf2e0d470c88db455320
c7_kcnq_max8_chr22__pair01__baseline__0/output/grids/shift_256/run_4/segment-complete.json	1185	7bd92ef75311e4f3ece0ab3c2653780a8ed4f886aeab565d096c74f289405010
c7_kcnq_max8_chr22__pair01__baseline__0/output/grids/shift_256/run_4/stderr.log	112115	a1cddb4b1b457656821757b287eb401dac5901dc29e49241cad5042616398efd
c7_kcnq_max8_chr22__pair01__baseline__0/output/grids/shift_256/run_4/stdout.log	176	2daefa2bce4b873b533876e249a5767b134796be3435a387be82dd14a2153e36
c7_kcnq_max8_chr22__pair01__baseline__0/output/grids/shift_256/run_4/wall_seconds.txt	10	8a926a5e52bbaa3751a5bfcc3aa571dd55d9c535a15d61ceef753a66c1f74c0e
c7_kcnq_max8_chr22__pair01__baseline__0/output/grids/shift_256/run_5/chr22-ENST00000597346.1_0_91667|segment_id=5|grid_shift=256|global_query_start=46336|global_query_end=48384-chr22-TFOsorted.archive-first.tfoa	2503169	e75182d47afdc6abbf1f382a6026fd6f0b1c6ce387462f53ab1b34c74b703325
c7_kcnq_max8_chr22__pair01__baseline__0/output/grids/shift_256/run_5/segment-complete.json	1185	c522fac8b0c3726bec45eff085ee09732e766885e99bcc2691767e26a4ac99cb
c7_kcnq_max8_chr22__pair01__baseline__0/output/grids/shift_256/run_5/stderr.log	112119	18f5097a447a3024ae4aaf1f0f36c73260dc5a9b0eec5d431dd9f46d4f955af5
c7_kcnq_max8_chr22__pair01__baseline__0/output/grids/shift_256/run_5/stdout.log	175	20181f18f833ae4a8701686aa83ff59f853556e7d6bf202d1f001ce20a53ff84
c7_kcnq_max8_chr22__pair01__baseline__0/output/grids/shift_256/run_5/wall_seconds.txt	10	aafa1cf304f2f9abe5a3197fd3d556fd8562238f081f4590c622aa1895f97417
c7_kcnq_max8_chr22__pair01__baseline__0/output/grids/shift_256/run_6/chr22-ENST00000597346.1_0_91667|segment_id=6|grid_shift=256|global_query_start=47872|global_query_end=49920-chr22-TFOsorted.archive-first.tfoa	2675251	2e868604f794d969d575c7297c99479b15db01cfcf518544e527fc3b31c15583
c7_kcnq_max8_chr22__pair01__baseline__0/output/grids/shift_256/run_6/segment-complete.json	1185	d569be66c28020d5192fc76a392799b8e2553011761286c9d0771097fa183bf8
c7_kcnq_max8_chr22__pair01__baseline__0/output/grids/shift_256/run_6/stderr.log	112117	4310b6ac9dd58aba94b2cb3b392c66dc1865e9188902cf344011d4a93e193fe9
c7_kcnq_max8_chr22__pair01__baseline__0/output/grids/shift_256/run_6/stdout.log	176	0cf258f574cd68e1fe70266ba7c552bc57e02b9e6e92e2adb70b84bab0f54675
c7_kcnq_max8_chr22__pair01__baseline__0/output/grids/shift_256/run_6/wall_seconds.txt	10	6fc9060342178a67a5ab362349e1f7381fabaec2ec1029a7e55acb66913ab1c0
c7_kcnq_max8_chr22__pair01__baseline__0/output/grids/shift_256/run_7/chr22-ENST00000597346.1_0_91667|segment_id=7|grid_shift=256|global_query_start=49408|global_query_end=51456-chr22-TFOsorted.archive-first.tfoa	2005417	37e63537884ccdfb9d985c22a56d0b1818c04af207d722b36d2e4cf02858862d
c7_kcnq_max8_chr22__pair01__baseline__0/output/grids/shift_256/run_7/segment-complete.json	1184	b482f3ecc8c7ea21dc87a6eb3661d6e8757173c2c93364d07139c97542a3bd37
c7_kcnq_max8_chr22__pair01__baseline__0/output/grids/shift_256/run_7/stderr.log	112133	7617aec7a81105aad1784c918e809a8fb27c108e539ae84bb58f2894a3595d24
c7_kcnq_max8_chr22__pair01__baseline__0/output/grids/shift_256/run_7/stdout.log	176	aa99320156646a33378037649e817335f9afaba853b42758a7c698c8c79f1a11
c7_kcnq_max8_chr22__pair01__baseline__0/output/grids/shift_256/run_7/wall_seconds.txt	10	7968c33401e74fbdcd304b3195a1cd795ba2a95ae009fae81e0e85b4433c3054
c7_kcnq_max8_chr22__pair01__baseline__0/output/grids/shift_256/segment_000.fa	2177	c202e081dd716a3201af17d91aaccdb9a6c493bac2ab20a0193711bb6cc067dc
c7_kcnq_max8_chr22__pair01__baseline__0/output/grids/shift_256/segment_001.fa	2177	94e4cc117d3ac101e26bc97fd8efeee08a9107a9a4c4519265849a096e978077
c7_kcnq_max8_chr22__pair01__baseline__0/output/grids/shift_256/segment_002.fa	2177	3957359cf8e2f2a585189b2a36bc2159825b135d2751d6df7dbc6f36927ced90
c7_kcnq_max8_chr22__pair01__baseline__0/output/grids/shift_256/segment_003.fa	2177	3e2e1ba042d7f1f6a73677f6490dcbc1d94ffcf05eb0df2c41e9435c6efe8768
c7_kcnq_max8_chr22__pair01__baseline__0/output/grids/shift_256/segment_004.fa	2177	a66a7a8af8dc56f4084dade6395252e7041dfd6d038904cb865908f4c3ad0e78
c7_kcnq_max8_chr22__pair01__baseline__0/output/grids/shift_256/segment_005.fa	2177	86dad937a962e313c7b77660942acd4f2761346222ac8bb1069c54f36d73e26f
c7_kcnq_max8_chr22__pair01__baseline__0/output/grids/shift_256/segment_006.fa	2177	b3ea6da2986d58037f30d399783ddff836960c78068db51dee25a3140105f9e3
c7_kcnq_max8_chr22__pair01__baseline__0/output/grids/shift_256/segment_007.fa	2177	a2cc8ab2843801ed433397eddece36b09f07300806ac43aa70ae47881206b65f
c7_kcnq_max8_chr22__pair01__baseline__0/output/grids/shift_256/segment_outputs.tsv	6311	84ce37fe6ad69b0ef16d6d115d2d70e3fe7e33ea5dab130af9570ddb91c5b2f1
c7_kcnq_max8_chr22__pair01__baseline__0/output/grids/shift_256/segments.tsv	1739	fad95de34302a0b25aee23f045cd05dc3535aea31fbf283540880c555c6e079e
c7_kcnq_max8_chr22__pair01__baseline__0/output/offline_cluster_grid_compare.txt	687	32d8e6bcea3a41dcfeb9151717da4c10237f20dd5da84d19a7b9a4a8ff5873e8
c7_kcnq_max8_chr22__pair01__baseline__0/output/offline_cluster_grid_compare_details.tsv	1267	c208525b3e90c1c6b5c4640035605c3aaa0ac35577f0566edcc08bda8483875d
c7_kcnq_max8_chr22__pair01__baseline__0/output/run-complete.json	884	5b74feaeb1e0e2def2e6bad4cb98cb16cc63b729acfb07ee958a392e11208465
c7_kcnq_max8_chr22__pair01__baseline__0/output/run-config.json	1519	b7d47b6cfe39dd48e4229a5cfcb09c8de1566c5707399def181d73264da63586
c7_kcnq_max8_chr22__pair01__baseline__0/output/summary.txt	5049	4dcf94ee27e5473a63eae513d35a5b055d76b76fc18223bbfa603b1002c76e15
c7_kcnq_max8_chr22__pair01__baseline__0/output/window_summary.txt	742	c6dea024a86f0dd69532620e2137bffa8d2b4c3b99027a0ea61625506a8650b4
c7_kcnq_max8_chr22__pair01__baseline__0/run-complete.json	461	330ffa08da75eac3e923be3d34b21e41c4841140494032a371b1a399d778d15e
c7_kcnq_max8_chr22__pair01__baseline__0/run-config.json	1792	d894e1abce0c42b612e9fd738a2d88365efb7995dbf8837ef932617b405ee2a9
c7_kcnq_max8_chr22__pair01__baseline__0/stderr.log	0	e3b0c44298fc1c149afbf4c8996fb92427ae41e4649b934ca495991b7852b855
c7_kcnq_max8_chr22__pair01__baseline__0/stdout.log	5049	4dcf94ee27e5473a63eae513d35a5b055d76b76fc18223bbfa603b1002c76e15
c7_kcnq_max8_chr22__pair01__baseline__0/summary.json	1213	dcc038a048966a04cca6fee599b953010691cd5579af4222cad0fb7a9570d30b
c7_kcnq_max8_chr22__pair01__baseline__0/time.txt	1665	2ce2c773c35adc06307955cf9b4dd089be914d050598e8856bbe5a7ee0b24e2b
c7_kcnq_max8_chr22__pair01__candidate__0/correctness.json	65	a278541fd198bfff0e1fbca1ef8e939bbc1f5b5432d8a6289fe649582d1a7f5e
c7_kcnq_max8_chr22__pair01__candidate__0/environment.json	25043	807135dfc7d19740571f29a8cda26bfd6a46ba515bd265f70e42a0f8745ea80d
c7_kcnq_max8_chr22__pair01__candidate__0/execution.json	1145	0f97617ee2ba09c955cd58fdb9d204462ed4fa95ca5c52dad9b5da80c2180b1d
c7_kcnq_max8_chr22__pair01__candidate__0/gpu-memory.csv	427423	bf7751ee4af87d41b9a0dd38a7b35cd02aaf428d0d6c9528ebd636739b4f7d5f
c7_kcnq_max8_chr22__pair01__candidate__0/inputs/query.fa	92840	fdf4dc2f0c02addb9b6995b5c381719c7c4114903c21aa8cccd4ae6eef31c664
c7_kcnq_max8_chr22__pair01__candidate__0/output/grids/shift_0/merge_summary.txt	832	566063911b7ce6413b168f22c2add98d907976fbc20ba7ffce65b48242196e8d
c7_kcnq_max8_chr22__pair01__candidate__0/output/grids/shift_0/merged-common-TFOsorted	217429400	be2c6aa210b1c1414ef9582a1a3efea101f25c4ffecf11f2b214072469aef258
c7_kcnq_max8_chr22__pair01__candidate__0/output/grids/shift_0/run_0/chr22-ENST00000597346.1_0_91667|segment_id=0|grid_shift=0|global_query_start=38400|global_query_end=40448-chr22-TFOsorted.archive-first.tfoa	5639129	1db1eef5c3c08452b0c5120033dcf26efbd2fe06f250792837f0a6cd21bef2e3
c7_kcnq_max8_chr22__pair01__candidate__0/output/grids/shift_0/run_0/segment-complete.json	1181	7b9a16f331e2b5d2d7234e4ab5bcc3ddff89014febd62828997c2fe990d768e1
c7_kcnq_max8_chr22__pair01__candidate__0/output/grids/shift_0/run_0/stderr.log	112137	943c833ec1069801c336ee8ef9ca83cf8d7438bccd4c6439a82b8e2df1b0d239
c7_kcnq_max8_chr22__pair01__candidate__0/output/grids/shift_0/run_0/stdout.log	174	f6dc2ee01eb4b27069347c75d5829518e68123e98e812a584d0e8e882c7cf1b6
c7_kcnq_max8_chr22__pair01__candidate__0/output/grids/shift_0/run_0/wall_seconds.txt	10	2b8d51fa451788a98cc2f61b92dc5902994540bbb275a458e6286dc5213cf89a
c7_kcnq_max8_chr22__pair01__candidate__0/output/grids/shift_0/run_1/chr22-ENST00000597346.1_0_91667|segment_id=1|grid_shift=0|global_query_start=39936|global_query_end=41984-chr22-TFOsorted.archive-first.tfoa	5390795	df5c8e19df593da0f2ff625662d7be58b904323e689bbd2f433a12af9d262bbf
c7_kcnq_max8_chr22__pair01__candidate__0/output/grids/shift_0/run_1/segment-complete.json	1181	4e18b2078fdf36100794f634e9071527cdbfacc73e88cc2776e577be13fb6d8a
c7_kcnq_max8_chr22__pair01__candidate__0/output/grids/shift_0/run_1/stderr.log	112134	13355794573f5ed7f26498291fa7632e2ef467f3bfa63837a0de49e934e4258f
c7_kcnq_max8_chr22__pair01__candidate__0/output/grids/shift_0/run_1/stdout.log	174	d8e3c7019e24ab61c96832127139054e89371d3a04b90d59d21a6207ed0b60c9
c7_kcnq_max8_chr22__pair01__candidate__0/output/grids/shift_0/run_1/wall_seconds.txt	10	d201f3177d8cd25eaa0a5c3915d685207f4948c62989891bb22b4ef0305b3289
c7_kcnq_max8_chr22__pair01__candidate__0/output/grids/shift_0/run_2/chr22-ENST00000597346.1_0_91667|segment_id=2|grid_shift=0|global_query_start=41472|global_query_end=43520-chr22-TFOsorted.archive-first.tfoa	5119096	be0c297eb402fb10b4f6e0abb57ab5c9814144d5617a2122134f79bb7e0c1282
c7_kcnq_max8_chr22__pair01__candidate__0/output/grids/shift_0/run_2/segment-complete.json	1181	f59b70ad4690b7b647bdb4d70d3527a3e4b6ea674f518e4b917008cfd7d8090e
c7_kcnq_max8_chr22__pair01__candidate__0/output/grids/shift_0/run_2/stderr.log	112137	191ab939d0c0b01addaaada81eacce29fc7058bc96c00918139eab2ce875d595
c7_kcnq_max8_chr22__pair01__candidate__0/output/grids/shift_0/run_2/stdout.log	174	a47569e1d4874e6a82ab1d003c98d24058723b431fd8537ed785f05438404ba9
c7_kcnq_max8_chr22__pair01__candidate__0/output/grids/shift_0/run_2/wall_seconds.txt	10	656bce7dd4336d6533e10baa5ef65549f21edd5b13c350580f5f846f19b2ba09
c7_kcnq_max8_chr22__pair01__candidate__0/output/grids/shift_0/run_3/chr22-ENST00000597346.1_0_91667|segment_id=3|grid_shift=0|global_query_start=43008|global_query_end=45056-chr22-TFOsorted.archive-first.tfoa	11511892	013d19eb326579ad4d7477300452b657111f16128bbe61ca7dc744d8ec60132c
c7_kcnq_max8_chr22__pair01__candidate__0/output/grids/shift_0/run_3/segment-complete.json	1181	4e8c8257512b833cb073eec1ec9b6da41088119475334707bd8c3b263f5dabb7
c7_kcnq_max8_chr22__pair01__candidate__0/output/grids/shift_0/run_3/stderr.log	112129	c5687ff844b5c4b0ae4779f9ad4fcba6c7a89e76fdcc9571042d1a44498bf91d
c7_kcnq_max8_chr22__pair01__candidate__0/output/grids/shift_0/run_3/stdout.log	174	7374e26ddf322ae2d5a9a5f7149c7b46709670c157557cacef80ebfc5229b410
c7_kcnq_max8_chr22__pair01__candidate__0/output/grids/shift_0/run_3/wall_seconds.txt	10	b81e1411cc205f7a299ea682441d9bf1f33039bdc5e203b552039571653d7f54
c7_kcnq_max8_chr22__pair01__candidate__0/output/grids/shift_0/run_4/chr22-ENST00000597346.1_0_91667|segment_id=4|grid_shift=0|global_query_start=44544|global_query_end=46592-chr22-TFOsorted.archive-first.tfoa	12913014	aefb453e113a986e63e981ab5e649ba36275d07705c5b645068925731c9a8cd3
c7_kcnq_max8_chr22__pair01__candidate__0/output/grids/shift_0/run_4/segment-complete.json	1181	65664b695333e54d43685bd687031674c0f41000a696d273bb0f6320b5fc4a63
c7_kcnq_max8_chr22__pair01__candidate__0/output/grids/shift_0/run_4/stderr.log	112135	ed1239a71842079fde5c8cca4a18ddd9d6a671a6a8decace17639237560107a6
c7_kcnq_max8_chr22__pair01__candidate__0/output/grids/shift_0/run_4/stdout.log	173	16d29864ce60a54c8e388031c9a5595abc10a795628271e14ab985c041c35b14
c7_kcnq_max8_chr22__pair01__candidate__0/output/grids/shift_0/run_4/wall_seconds.txt	10	908cd0cb8371aa4f1bce2189dd23130626e650bbd5b7f042243649f902018343
c7_kcnq_max8_chr22__pair01__candidate__0/output/grids/shift_0/run_5/chr22-ENST00000597346.1_0_91667|segment_id=5|grid_shift=0|global_query_start=46080|global_query_end=48128-chr22-TFOsorted.archive-first.tfoa	2771400	f749e24e69f4e7cdc91e771df708356754c2a61d9c4ac7190223c80f3f33fd8e
c7_kcnq_max8_chr22__pair01__candidate__0/output/grids/shift_0/run_5/segment-complete.json	1181	f45f9afa2eb437fbed1552811830f52d1c3fa719c7346a2810241c8f57d34d4d
c7_kcnq_max8_chr22__pair01__candidate__0/output/grids/shift_0/run_5/stderr.log	112136	c9f173ac1130bd1a94b0152abcdaa19799fd94986cc7b66ee8126c28640e35af
c7_kcnq_max8_chr22__pair01__candidate__0/output/grids/shift_0/run_5/stdout.log	174	11b8db31d0ca86be02abaaf2b184114399fc9c42ccbeb2fe25be332f8eb84646
c7_kcnq_max8_chr22__pair01__candidate__0/output/grids/shift_0/run_5/wall_seconds.txt	10	81f956fd9fb9b21453ce16117cb85932e34ca89a5e8c73ad3c2c26b42485132e
c7_kcnq_max8_chr22__pair01__candidate__0/output/grids/shift_0/run_6/chr22-ENST00000597346.1_0_91667|segment_id=6|grid_shift=0|global_query_start=47616|global_query_end=49664-chr22-TFOsorted.archive-first.tfoa	2393379	f52292a6ceb1f16e99af83fbe084a1cfa7371866795ffb61619835b511aa3af8
c7_kcnq_max8_chr22__pair01__candidate__0/output/grids/shift_0/run_6/segment-complete.json	1181	64ff2db164ecffe9f6aea6c7b9ac2016056ab6dd9d029b499a1e4b0bbadc7d42
c7_kcnq_max8_chr22__pair01__candidate__0/output/grids/shift_0/run_6/stderr.log	112134	edc3f8283aa806baa000b47386a1838769f4340c52ae5d620ca5a98eff9c5129
c7_kcnq_max8_chr22__pair01__candidate__0/output/grids/shift_0/run_6/stdout.log	174	db9578b5317f4da0ab6f8cf76f1cd27124584a12ffe18a83c62c995b1091da67
c7_kcnq_max8_chr22__pair01__candidate__0/output/grids/shift_0/run_6/wall_seconds.txt	10	9d0a0d8006de99f9a2eb58e7493d390397868a6a512bc03d314dfe649ec89c2e
c7_kcnq_max8_chr22__pair01__candidate__0/output/grids/shift_0/run_7/chr22-ENST00000597346.1_0_91667|segment_id=7|grid_shift=0|global_query_start=49152|global_query_end=51200-chr22-TFOsorted.archive-first.tfoa	2010371	daea96d1ecf80bf8454ac0a4dbbf2dded43fc2a43d65f323f66ced6105e0169c
c7_kcnq_max8_chr22__pair01__candidate__0/output/grids/shift_0/run_7/segment-complete.json	1181	a0e776bdfd68d3d2d434fb14a2eadf80e06e97697475675f555e9b0f4155755f
c7_kcnq_max8_chr22__pair01__candidate__0/output/grids/shift_0/run_7/stderr.log	112136	47899aa6b31d2265688f0b1f1386d8349db7f9c5ddaec17829c2573cb6e763f1
c7_kcnq_max8_chr22__pair01__candidate__0/output/grids/shift_0/run_7/stdout.log	174	bf4f75f3fb67665c7cc7c0ca3d14521f2f5ee70310e71aefd9adac3809dd9d5e
c7_kcnq_max8_chr22__pair01__candidate__0/output/grids/shift_0/run_7/wall_seconds.txt	10	39feadf80d8499529052d84207fb90364612829b2c4f3e2c4282176d5f3c44c4
c7_kcnq_max8_chr22__pair01__candidate__0/output/grids/shift_0/segment_000.fa	2175	13217cc8319b058708bcad560f19d75c6cb1ffe42b8cd88b6f67fed5bf199b49
c7_kcnq_max8_chr22__pair01__candidate__0/output/grids/shift_0/segment_001.fa	2175	899fd58ebe8663b6d4359aaa03d4dee465232ddcc2d1890d8876be1deae23b02
c7_kcnq_max8_chr22__pair01__candidate__0/output/grids/shift_0/segment_002.fa	2175	ab0f4483198a6ff146546c738067f223881c091e5d326ef42914b7629b330c79
c7_kcnq_max8_chr22__pair01__candidate__0/output/grids/shift_0/segment_003.fa	2175	ba525aeb49902896990efcbe81016dee9b97d784e74f066eb236aefdefb67c71
c7_kcnq_max8_chr22__pair01__candidate__0/output/grids/shift_0/segment_004.fa	2175	058ec66491ddc57f1cbd770968ca348f0d4cdaa7f0eddc22f1e5be7befaf5992
c7_kcnq_max8_chr22__pair01__candidate__0/output/grids/shift_0/segment_005.fa	2175	12bbbac42b708f749c42ca17f00f44a8ea3d6f615b0be49f68bf7b077cf48b8c
c7_kcnq_max8_chr22__pair01__candidate__0/output/grids/shift_0/segment_006.fa	2175	05447672fdb20a3372f6a2c0e3f0104eeb9a7160125859a9c0c39f621d9b2461
c7_kcnq_max8_chr22__pair01__candidate__0/output/grids/shift_0/segment_007.fa	2175	cfbcaa86012b143d247b71c3a02515df3dec3771ba28d12c5772de93b51985d0
c7_kcnq_max8_chr22__pair01__candidate__0/output/grids/shift_0/segment_outputs.tsv	6279	6675e5db5b0dab7c7e31efbc427442464004a793752ddf4323122c5d13c8d5d1
c7_kcnq_max8_chr22__pair01__candidate__0/output/grids/shift_0/segments.tsv	1731	83882d526f85429625f8c6895db8afaf1effaf64317f6be40a9b854707cde228
c7_kcnq_max8_chr22__pair01__candidate__0/output/grids/shift_256/merge_summary.txt	836	55b5db72880142fa62ba2fddb9b593e1f8765465e3e836ae2fcda5971198939d
c7_kcnq_max8_chr22__pair01__candidate__0/output/grids/shift_256/merged-common-TFOsorted	222422338	3046dd022b345ae036fd968ecdbd26e581955668a16a0d4c94d57dadb04e9953
c7_kcnq_max8_chr22__pair01__candidate__0/output/grids/shift_256/run_0/chr22-ENST00000597346.1_0_91667|segment_id=0|grid_shift=256|global_query_start=38656|global_query_end=40704-chr22-TFOsorted.archive-first.tfoa	5553869	af60195f0bbfc6c0c64054080792514180a0c03e97d3c3f434db6d9703962219
c7_kcnq_max8_chr22__pair01__candidate__0/output/grids/shift_256/run_0/segment-complete.json	1187	05b3306542f529fb7a24ac1f097a602965defc55e0db3dbf2e267931f9888025
c7_kcnq_max8_chr22__pair01__candidate__0/output/grids/shift_256/run_0/stderr.log	112143	8b998b4a0ad36a5b4ee047117169e5b91b2941e679d32521a2d7ba43282e377d
c7_kcnq_max8_chr22__pair01__candidate__0/output/grids/shift_256/run_0/stdout.log	176	a5b439e70eca44ff73fcb9be91d6989c6da3197aff51272ba5a57f79fe0a8a6e
c7_kcnq_max8_chr22__pair01__candidate__0/output/grids/shift_256/run_0/wall_seconds.txt	10	9b7e2b9d0e773382704e733d3e058a92689027f3ddb41c41f502e0c42f1fabbb
c7_kcnq_max8_chr22__pair01__candidate__0/output/grids/shift_256/run_1/chr22-ENST00000597346.1_0_91667|segment_id=1|grid_shift=256|global_query_start=40192|global_query_end=42240-chr22-TFOsorted.archive-first.tfoa	4925152	5b37c5c2dfbcd9f07c357c586280eb1db527ab33553f5de00944644007dd8bfe
c7_kcnq_max8_chr22__pair01__candidate__0/output/grids/shift_256/run_1/segment-complete.json	1187	5e0cfebb746ca163a612037a5c93fe31b9e1cf9155f3b81c47c867c5be88c4da
c7_kcnq_max8_chr22__pair01__candidate__0/output/grids/shift_256/run_1/stderr.log	112137	15342b0001c3f3e8ebe2251b19aec444664e7610177c47aad41124f4993a80a7
c7_kcnq_max8_chr22__pair01__candidate__0/output/grids/shift_256/run_1/stdout.log	176	c940d4d4f7f953f680f7ecdb6f282f7b388a1361ef628ddb9501251e41536ba9
c7_kcnq_max8_chr22__pair01__candidate__0/output/grids/shift_256/run_1/wall_seconds.txt	10	56888e7e3aa9d05b442ad19e9c1de4b3cd4b2ea429595981ce9edbdc35dae493
c7_kcnq_max8_chr22__pair01__candidate__0/output/grids/shift_256/run_2/chr22-ENST00000597346.1_0_91667|segment_id=2|grid_shift=256|global_query_start=41728|global_query_end=43776-chr22-TFOsorted.archive-first.tfoa	5040490	7e6d5e6dff746164a967346030c877bafd746f45f2e6745e05dc4a930292c8cc
c7_kcnq_max8_chr22__pair01__candidate__0/output/grids/shift_256/run_2/segment-complete.json	1187	432e2492cc19dec4a7869b03d8bfb8aee802b305738ba83650317ce579806477
c7_kcnq_max8_chr22__pair01__candidate__0/output/grids/shift_256/run_2/stderr.log	112143	1785d19f2dfd79271d9302ce25d5fc29f01274e93d2ffb0aba44476a405cd7e3
c7_kcnq_max8_chr22__pair01__candidate__0/output/grids/shift_256/run_2/stdout.log	176	1e71d9e1bcd5afaaa015d68c749fef063391b0462e4b05eb64fbb216f93e38ae
c7_kcnq_max8_chr22__pair01__candidate__0/output/grids/shift_256/run_2/wall_seconds.txt	10	61e7fe5aa07372807014e05464210801ad7793da9c269860f3ccdc0f01c5045e
c7_kcnq_max8_chr22__pair01__candidate__0/output/grids/shift_256/run_3/chr22-ENST00000597346.1_0_91667|segment_id=3|grid_shift=256|global_query_start=43264|global_query_end=45312-chr22-TFOsorted.archive-first.tfoa	12430090	8f4e1569862deb735f07e2cebaa09ad0d2de6491cf076e8023b0db1a06adf1c1
c7_kcnq_max8_chr22__pair01__candidate__0/output/grids/shift_256/run_3/segment-complete.json	1187	840777b5318ce7a4c45879cc3b8b7c34a26f2a63a29448f41a2b75e857dc229d
c7_kcnq_max8_chr22__pair01__candidate__0/output/grids/shift_256/run_3/stderr.log	112131	7fd13d6dfe694f68242ba2d56952731f3b4aee07854263c87514ca986df0f87c
c7_kcnq_max8_chr22__pair01__candidate__0/output/grids/shift_256/run_3/stdout.log	176	5040ccc26c89df25560c14e033d22be5a84b08633c40dd9192791c5a3477ae6a
c7_kcnq_max8_chr22__pair01__candidate__0/output/grids/shift_256/run_3/wall_seconds.txt	10	1bb6dfcf198d139b9b7683f333fe3094800b8cca5a837f9e27a148c873569954
c7_kcnq_max8_chr22__pair01__candidate__0/output/grids/shift_256/run_4/chr22-ENST00000597346.1_0_91667|segment_id=4|grid_shift=256|global_query_start=44800|global_query_end=46848-chr22-TFOsorted.archive-first.tfoa	12883640	666b1330bf220d7896d7faf89a93ffab3523510652e3bf2e0d470c88db455320
c7_kcnq_max8_chr22__pair01__candidate__0/output/grids/shift_256/run_4/segment-complete.json	1187	f9d37ad4e281d25899d88564e9141218cd9d7da011229b7d244069ec743fc371
c7_kcnq_max8_chr22__pair01__candidate__0/output/grids/shift_256/run_4/stderr.log	112135	881b3d1258a41e9ef71306a9f702a9c701c6fee0200ac2d299cc8ecd1608d23b
c7_kcnq_max8_chr22__pair01__candidate__0/output/grids/shift_256/run_4/stdout.log	176	38702533d2a3e484942a860fcfaf7eb6ee44da84a6d3adc40966f183bfbaa189
c7_kcnq_max8_chr22__pair01__candidate__0/output/grids/shift_256/run_4/wall_seconds.txt	10	f6f578bcc25f122556b98745ba2bdc0131139897c91e70305bca2edb26e26a2a
c7_kcnq_max8_chr22__pair01__candidate__0/output/grids/shift_256/run_5/chr22-ENST00000597346.1_0_91667|segment_id=5|grid_shift=256|global_query_start=46336|global_query_end=48384-chr22-TFOsorted.archive-first.tfoa	2503169	e75182d47afdc6abbf1f382a6026fd6f0b1c6ce387462f53ab1b34c74b703325
c7_kcnq_max8_chr22__pair01__candidate__0/output/grids/shift_256/run_5/segment-complete.json	1187	bcd88460bf9952dbe5f7e81a570b5f8b360e2706a5cf7458ad3450962f0dbce0
c7_kcnq_max8_chr22__pair01__candidate__0/output/grids/shift_256/run_5/stderr.log	112137	06c4be5b01f4168cfac623a78971bc7fbc768afa7595d4e1ac026261e4280d56
c7_kcnq_max8_chr22__pair01__candidate__0/output/grids/shift_256/run_5/stdout.log	176	3f0d2ded316de2250a561c6d859ecb4843b151063da90f2991ed81f27e4ff80a
c7_kcnq_max8_chr22__pair01__candidate__0/output/grids/shift_256/run_5/wall_seconds.txt	10	9465f6a5f392de98331d7b1dac082b4be2cb931b1e347dc3b9d99f0d7554fffc
c7_kcnq_max8_chr22__pair01__candidate__0/output/grids/shift_256/run_6/chr22-ENST00000597346.1_0_91667|segment_id=6|grid_shift=256|global_query_start=47872|global_query_end=49920-chr22-TFOsorted.archive-first.tfoa	2675251	2e868604f794d969d575c7297c99479b15db01cfcf518544e527fc3b31c15583
c7_kcnq_max8_chr22__pair01__candidate__0/output/grids/shift_256/run_6/segment-complete.json	1186	c629898600dda0d8da39f8ca714f72c87773de17f43223582bf9cabe46e12320
c7_kcnq_max8_chr22__pair01__candidate__0/output/grids/shift_256/run_6/stderr.log	112130	8b6c2665712d3813517b53750748f14fc1a25c518cedd1150a8a3a2f38eecf07
c7_kcnq_max8_chr22__pair01__candidate__0/output/grids/shift_256/run_6/stdout.log	176	2d5ded5fac74abaccf2ab2bfd8e4a84a9a7851789ad86ddc3e73169551a5a448
c7_kcnq_max8_chr22__pair01__candidate__0/output/grids/shift_256/run_6/wall_seconds.txt	10	832402001562c3fb19e536ca8039ab5948a67b646372890e2705d4477216cdc6
c7_kcnq_max8_chr22__pair01__candidate__0/output/grids/shift_256/run_7/chr22-ENST00000597346.1_0_91667|segment_id=7|grid_shift=256|global_query_start=49408|global_query_end=51456-chr22-TFOsorted.archive-first.tfoa	2005417	37e63537884ccdfb9d985c22a56d0b1818c04af207d722b36d2e4cf02858862d
c7_kcnq_max8_chr22__pair01__candidate__0/output/grids/shift_256/run_7/segment-complete.json	1187	12a2d11983b7b275fc4da1229b5f6d4f7f8c0389b932e9a9268686d689caa020
c7_kcnq_max8_chr22__pair01__candidate__0/output/grids/shift_256/run_7/stderr.log	112159	5e12e97f728b8c9d3ca18b96407af5c58ebfc330087b939f5d48be53f40f9785
c7_kcnq_max8_chr22__pair01__candidate__0/output/grids/shift_256/run_7/stdout.log	176	4ac4fb87bbc068cebfa822155ff90fd45ded3e4cf42e7fa9149472d080d3cb14
c7_kcnq_max8_chr22__pair01__candidate__0/output/grids/shift_256/run_7/wall_seconds.txt	10	76d2c6b1450d9da41a02f91af2bea25b9261d471a573b6e29f7e2950ea2da170
c7_kcnq_max8_chr22__pair01__candidate__0/output/grids/shift_256/segment_000.fa	2177	c202e081dd716a3201af17d91aaccdb9a6c493bac2ab20a0193711bb6cc067dc
c7_kcnq_max8_chr22__pair01__candidate__0/output/grids/shift_256/segment_001.fa	2177	94e4cc117d3ac101e26bc97fd8efeee08a9107a9a4c4519265849a096e978077
c7_kcnq_max8_chr22__pair01__candidate__0/output/grids/shift_256/segment_002.fa	2177	3957359cf8e2f2a585189b2a36bc2159825b135d2751d6df7dbc6f36927ced90
c7_kcnq_max8_chr22__pair01__candidate__0/output/grids/shift_256/segment_003.fa	2177	3e2e1ba042d7f1f6a73677f6490dcbc1d94ffcf05eb0df2c41e9435c6efe8768
c7_kcnq_max8_chr22__pair01__candidate__0/output/grids/shift_256/segment_004.fa	2177	a66a7a8af8dc56f4084dade6395252e7041dfd6d038904cb865908f4c3ad0e78
c7_kcnq_max8_chr22__pair01__candidate__0/output/grids/shift_256/segment_005.fa	2177	86dad937a962e313c7b77660942acd4f2761346222ac8bb1069c54f36d73e26f
c7_kcnq_max8_chr22__pair01__candidate__0/output/grids/shift_256/segment_006.fa	2177	b3ea6da2986d58037f30d399783ddff836960c78068db51dee25a3140105f9e3
c7_kcnq_max8_chr22__pair01__candidate__0/output/grids/shift_256/segment_007.fa	2177	a2cc8ab2843801ed433397eddece36b09f07300806ac43aa70ae47881206b65f
c7_kcnq_max8_chr22__pair01__candidate__0/output/grids/shift_256/segment_outputs.tsv	6327	6f18b508412092ec515ae109c382aa500bcc4a1f0a0c7b43e766f93b3bfb3dfa
c7_kcnq_max8_chr22__pair01__candidate__0/output/grids/shift_256/segments.tsv	1747	02687b4c451242e0bf30d6d667194ce5beb5fecd3609fce8923fcb7de6bc8647
c7_kcnq_max8_chr22__pair01__candidate__0/output/offline_cluster_grid_compare.txt	689	c03de6bb6f9bbb7f76360397d2d3fca5282d6563ae559cd6a389ea9f5b771ffd
c7_kcnq_max8_chr22__pair01__candidate__0/output/offline_cluster_grid_compare_details.tsv	1267	c208525b3e90c1c6b5c4640035605c3aaa0ac35577f0566edcc08bda8483875d
c7_kcnq_max8_chr22__pair01__candidate__0/output/run-complete.json	886	149589f552b0a8e91dfcfa5f859debaf9216ae0875d2805d9be548ce18986a10
c7_kcnq_max8_chr22__pair01__candidate__0/output/run-config.json	1517	d549c267bf657dda2dc02a9cd46cf2d4daa5e9106bfc9b8c146f794515575b20
c7_kcnq_max8_chr22__pair01__candidate__0/output/summary.txt	5049	27a66b73b03db1fa5dc445eb98c21fd60ef2ba99eb17d22a5c5f60cf31e6b2db
c7_kcnq_max8_chr22__pair01__candidate__0/output/window_summary.txt	744	52ac63c63deca2e2b0b972276e2bb052211589ce92e0d776a348bd4611b04071
c7_kcnq_max8_chr22__pair01__candidate__0/run-complete.json	462	afacdfd4904677f9b06141702900328e50cc887154c24d7e8915bf63f5888127
c7_kcnq_max8_chr22__pair01__candidate__0/run-config.json	1795	09bc507e8684b62de345236c8ec68fdf09ac9e60a7820e125f522de235d82dfc
c7_kcnq_max8_chr22__pair01__candidate__0/stderr.log	0	e3b0c44298fc1c149afbf4c8996fb92427ae41e4649b934ca495991b7852b855
c7_kcnq_max8_chr22__pair01__candidate__0/stdout.log	5049	27a66b73b03db1fa5dc445eb98c21fd60ef2ba99eb17d22a5c5f60cf31e6b2db
c7_kcnq_max8_chr22__pair01__candidate__0/summary.json	1217	40148bb6bbaa724fbb58ad36e14d561291baefddf1563307582c86533441a866
c7_kcnq_max8_chr22__pair01__candidate__0/time.txt	1668	971670fd64aa8ba74fb87fc20d6a335cdd0011c963b583bf7a5905502a5b4448
c7_kcnq_max8_chr22__pair02__baseline__0/correctness.json	65	a278541fd198bfff0e1fbca1ef8e939bbc1f5b5432d8a6289fe649582d1a7f5e
c7_kcnq_max8_chr22__pair02__baseline__0/environment.json	25043	581e49e629d8b3d471a73d49388d67c0acdfb2c6d100fc6de4a738ad6d496bbc
c7_kcnq_max8_chr22__pair02__baseline__0/execution.json	1143	a01846ac045970dadc54eadbec6e4b03f5eca1ad8bc15f6b50c4e327f932656d
c7_kcnq_max8_chr22__pair02__baseline__0/gpu-memory.csv	469103	f7ba340254c233123703c791c3d83b7e5f1acf12aaf6a81f7fcf14650a1bbe84
c7_kcnq_max8_chr22__pair02__baseline__0/inputs/query.fa	92840	fdf4dc2f0c02addb9b6995b5c381719c7c4114903c21aa8cccd4ae6eef31c664
c7_kcnq_max8_chr22__pair02__baseline__0/output/grids/shift_0/merge_summary.txt	830	a9314670823b454863e8981aec0e53677321a78c55677f293de402583159bc6e
c7_kcnq_max8_chr22__pair02__baseline__0/output/grids/shift_0/merged-common-TFOsorted	217429400	be2c6aa210b1c1414ef9582a1a3efea101f25c4ffecf11f2b214072469aef258
c7_kcnq_max8_chr22__pair02__baseline__0/output/grids/shift_0/run_0/chr22-ENST00000597346.1_0_91667|segment_id=0|grid_shift=0|global_query_start=38400|global_query_end=40448-chr22-TFOsorted.archive-first.tfoa	5639129	1db1eef5c3c08452b0c5120033dcf26efbd2fe06f250792837f0a6cd21bef2e3
c7_kcnq_max8_chr22__pair02__baseline__0/output/grids/shift_0/run_0/segment-complete.json	1179	57f434f712009246f973a308b59f8b934636e1ac01628cfc566bd90f5020f9e3
c7_kcnq_max8_chr22__pair02__baseline__0/output/grids/shift_0/run_0/stderr.log	112120	2165604cd23aa5c125f5aef40113402652f7199bc6c7cfb11c727d850373c852
c7_kcnq_max8_chr22__pair02__baseline__0/output/grids/shift_0/run_0/stdout.log	173	949410ec6bb29bc359f495db1d6c638d9570d57ea576a848e5538697a6649afa
c7_kcnq_max8_chr22__pair02__baseline__0/output/grids/shift_0/run_0/wall_seconds.txt	10	6835ac2d856ea4a1ce26e8f3b42d88fda6d754d24c7d602d1c5f210d4e219030
c7_kcnq_max8_chr22__pair02__baseline__0/output/grids/shift_0/run_1/chr22-ENST00000597346.1_0_91667|segment_id=1|grid_shift=0|global_query_start=39936|global_query_end=41984-chr22-TFOsorted.archive-first.tfoa	5390795	df5c8e19df593da0f2ff625662d7be58b904323e689bbd2f433a12af9d262bbf
c7_kcnq_max8_chr22__pair02__baseline__0/output/grids/shift_0/run_1/segment-complete.json	1177	0ce14e4c9fc60ba6672e62e020048dd38563a9d016e4f4eeae68d5ce114c8daf
c7_kcnq_max8_chr22__pair02__baseline__0/output/grids/shift_0/run_1/stderr.log	112120	8a47621ab8893bedba4b7cd16a57528e321ec75797b1290f499ed765e8f87446
c7_kcnq_max8_chr22__pair02__baseline__0/output/grids/shift_0/run_1/stdout.log	174	4b95a887ba2506d3996210385f1f966d647d06ab7dc6c095bd725aa07e95e4c1
c7_kcnq_max8_chr22__pair02__baseline__0/output/grids/shift_0/run_1/wall_seconds.txt	10	6854f64102a8591480967d0bf8b2c5b245264ca8775569dab5bc845a1b262f31
c7_kcnq_max8_chr22__pair02__baseline__0/output/grids/shift_0/run_2/chr22-ENST00000597346.1_0_91667|segment_id=2|grid_shift=0|global_query_start=41472|global_query_end=43520-chr22-TFOsorted.archive-first.tfoa	5119096	be0c297eb402fb10b4f6e0abb57ab5c9814144d5617a2122134f79bb7e0c1282
c7_kcnq_max8_chr22__pair02__baseline__0/output/grids/shift_0/run_2/segment-complete.json	1179	19d0876ad8f0957fa2bd5fe040f44e2524922da5515ec14713c106dc5a072f76
c7_kcnq_max8_chr22__pair02__baseline__0/output/grids/shift_0/run_2/stderr.log	112117	b87d47429cb1e1a3068ef129f4683c0afe07fa0c0a573076ab422b7d0767308a
c7_kcnq_max8_chr22__pair02__baseline__0/output/grids/shift_0/run_2/stdout.log	174	18a8476064bb8622c59d430339cf26eda8bcb9f0097200967bd3cbbc9b9888c0
c7_kcnq_max8_chr22__pair02__baseline__0/output/grids/shift_0/run_2/wall_seconds.txt	10	97e53a03e66d138511051eed7ee42d47ec7149c701b8853eef3d3a99799e9bb7
c7_kcnq_max8_chr22__pair02__baseline__0/output/grids/shift_0/run_3/chr22-ENST00000597346.1_0_91667|segment_id=3|grid_shift=0|global_query_start=43008|global_query_end=45056-chr22-TFOsorted.archive-first.tfoa	11511892	013d19eb326579ad4d7477300452b657111f16128bbe61ca7dc744d8ec60132c
c7_kcnq_max8_chr22__pair02__baseline__0/output/grids/shift_0/run_3/segment-complete.json	1179	9e08037dcd527f7581903a15af159e9c62e342b76cdaab7c9a312454a3093e01
c7_kcnq_max8_chr22__pair02__baseline__0/output/grids/shift_0/run_3/stderr.log	112112	0b33519f60fd2de99c04401329e1bdf6b69ce9228b971c747e80521fd1166491
c7_kcnq_max8_chr22__pair02__baseline__0/output/grids/shift_0/run_3/stdout.log	174	84db61afdaaf26ed3ffefa2c7a3b5a865ef161b5e31a34a6df192e8aa8f95f11
c7_kcnq_max8_chr22__pair02__baseline__0/output/grids/shift_0/run_3/wall_seconds.txt	10	08ff76940129aa7e68e5182a015a3d70bbc0e2722f74bbebe0250e8b596f86b5
c7_kcnq_max8_chr22__pair02__baseline__0/output/grids/shift_0/run_4/chr22-ENST00000597346.1_0_91667|segment_id=4|grid_shift=0|global_query_start=44544|global_query_end=46592-chr22-TFOsorted.archive-first.tfoa	12913014	aefb453e113a986e63e981ab5e649ba36275d07705c5b645068925731c9a8cd3
c7_kcnq_max8_chr22__pair02__baseline__0/output/grids/shift_0/run_4/segment-complete.json	1179	5a8020ea955e5e11025afdd353001515b391a19b36e4282f7f727ecb79f25200
c7_kcnq_max8_chr22__pair02__baseline__0/output/grids/shift_0/run_4/stderr.log	112113	9bb03dde1c20751064b6e329079106a6550a8f7d634b10421f727eeb763a33cc
c7_kcnq_max8_chr22__pair02__baseline__0/output/grids/shift_0/run_4/stdout.log	174	78587f038a80a687246abd00175686bd3473593538f4eda7ed673f59a635e853
c7_kcnq_max8_chr22__pair02__baseline__0/output/grids/shift_0/run_4/wall_seconds.txt	10	535e3f0c9b14f5675efcb6cd1f45eb8934026901635b3dfceb7f30dfd67189b7
c7_kcnq_max8_chr22__pair02__baseline__0/output/grids/shift_0/run_5/chr22-ENST00000597346.1_0_91667|segment_id=5|grid_shift=0|global_query_start=46080|global_query_end=48128-chr22-TFOsorted.archive-first.tfoa	2771400	f749e24e69f4e7cdc91e771df708356754c2a61d9c4ac7190223c80f3f33fd8e
c7_kcnq_max8_chr22__pair02__baseline__0/output/grids/shift_0/run_5/segment-complete.json	1179	065fd36af47d0d8d8cd78c3f6823cdf3068dfbe445a903f2f9f158c638ce795b
c7_kcnq_max8_chr22__pair02__baseline__0/output/grids/shift_0/run_5/stderr.log	112116	d22162333d3e376a4405aa78e1215c69657ebed27e00d8b292fdd93aff53e899
c7_kcnq_max8_chr22__pair02__baseline__0/output/grids/shift_0/run_5/stdout.log	174	2abb7c0afa06f529a1dc134b74fe5be8e42f6d61c9981d1de35ad5bbe523b474
c7_kcnq_max8_chr22__pair02__baseline__0/output/grids/shift_0/run_5/wall_seconds.txt	10	dc56d04e246edaa3419d3c612a8426116586c988df212043f29c932c7d0d3d65
c7_kcnq_max8_chr22__pair02__baseline__0/output/grids/shift_0/run_6/chr22-ENST00000597346.1_0_91667|segment_id=6|grid_shift=0|global_query_start=47616|global_query_end=49664-chr22-TFOsorted.archive-first.tfoa	2393379	f52292a6ceb1f16e99af83fbe084a1cfa7371866795ffb61619835b511aa3af8
c7_kcnq_max8_chr22__pair02__baseline__0/output/grids/shift_0/run_6/segment-complete.json	1179	d82d2ff8af52392735d725128576ff33f672326b6a5e6ea1760e29f06525daa8
c7_kcnq_max8_chr22__pair02__baseline__0/output/grids/shift_0/run_6/stderr.log	112116	e5ffa848371c970dc03f64f07d84f0b686f581aa4ec536d564fd7687bfde0318
c7_kcnq_max8_chr22__pair02__baseline__0/output/grids/shift_0/run_6/stdout.log	174	1395c304e7db2db7e515348a089c240587e38b1480111d275c72d0a9d18aa761
c7_kcnq_max8_chr22__pair02__baseline__0/output/grids/shift_0/run_6/wall_seconds.txt	10	74c52ebe417664baad0f21b9acf441f5fb4eda6f6f7c870c3af811a59646a362
c7_kcnq_max8_chr22__pair02__baseline__0/output/grids/shift_0/run_7/chr22-ENST00000597346.1_0_91667|segment_id=7|grid_shift=0|global_query_start=49152|global_query_end=51200-chr22-TFOsorted.archive-first.tfoa	2010371	daea96d1ecf80bf8454ac0a4dbbf2dded43fc2a43d65f323f66ced6105e0169c
c7_kcnq_max8_chr22__pair02__baseline__0/output/grids/shift_0/run_7/segment-complete.json	1179	71ef176198e2ba77caddcd04d74bee35359a4c984c7bc1533bf36890fd37c134
c7_kcnq_max8_chr22__pair02__baseline__0/output/grids/shift_0/run_7/stderr.log	112118	272e8130dc8869e6b7ff65b5fad67686798bc10761783c071ecdda19a65217d2
c7_kcnq_max8_chr22__pair02__baseline__0/output/grids/shift_0/run_7/stdout.log	174	25c87c487a4d95c2db2915123b517d22c361114b4a3107159084292e24215b9d
c7_kcnq_max8_chr22__pair02__baseline__0/output/grids/shift_0/run_7/wall_seconds.txt	10	2c32a95739b552143bf79c6ac4462654bd3a99f0cab867e36f057bb46356bcdb
c7_kcnq_max8_chr22__pair02__baseline__0/output/grids/shift_0/segment_000.fa	2175	13217cc8319b058708bcad560f19d75c6cb1ffe42b8cd88b6f67fed5bf199b49
c7_kcnq_max8_chr22__pair02__baseline__0/output/grids/shift_0/segment_001.fa	2175	899fd58ebe8663b6d4359aaa03d4dee465232ddcc2d1890d8876be1deae23b02
c7_kcnq_max8_chr22__pair02__baseline__0/output/grids/shift_0/segment_002.fa	2175	ab0f4483198a6ff146546c738067f223881c091e5d326ef42914b7629b330c79
c7_kcnq_max8_chr22__pair02__baseline__0/output/grids/shift_0/segment_003.fa	2175	ba525aeb49902896990efcbe81016dee9b97d784e74f066eb236aefdefb67c71
c7_kcnq_max8_chr22__pair02__baseline__0/output/grids/shift_0/segment_004.fa	2175	058ec66491ddc57f1cbd770968ca348f0d4cdaa7f0eddc22f1e5be7befaf5992
c7_kcnq_max8_chr22__pair02__baseline__0/output/grids/shift_0/segment_005.fa	2175	12bbbac42b708f749c42ca17f00f44a8ea3d6f615b0be49f68bf7b077cf48b8c
c7_kcnq_max8_chr22__pair02__baseline__0/output/grids/shift_0/segment_006.fa	2175	05447672fdb20a3372f6a2c0e3f0104eeb9a7160125859a9c0c39f621d9b2461
c7_kcnq_max8_chr22__pair02__baseline__0/output/grids/shift_0/segment_007.fa	2175	cfbcaa86012b143d247b71c3a02515df3dec3771ba28d12c5772de93b51985d0
c7_kcnq_max8_chr22__pair02__baseline__0/output/grids/shift_0/segment_outputs.tsv	6263	294e06e3df7823c2d617da1606bc2fcb0e949738665b2f3ac1cc8f23dffda081
c7_kcnq_max8_chr22__pair02__baseline__0/output/grids/shift_0/segments.tsv	1723	a8249bdb736468b0b2b7bad9fd50bd9c2a45c415d87e2d605d1589ac672f163a
c7_kcnq_max8_chr22__pair02__baseline__0/output/grids/shift_256/merge_summary.txt	834	80598746d484156f7283b7336a001c21cb556a5e8e8363d73162d6c558230c78
c7_kcnq_max8_chr22__pair02__baseline__0/output/grids/shift_256/merged-common-TFOsorted	222422338	3046dd022b345ae036fd968ecdbd26e581955668a16a0d4c94d57dadb04e9953
c7_kcnq_max8_chr22__pair02__baseline__0/output/grids/shift_256/run_0/chr22-ENST00000597346.1_0_91667|segment_id=0|grid_shift=256|global_query_start=38656|global_query_end=40704-chr22-TFOsorted.archive-first.tfoa	5553869	af60195f0bbfc6c0c64054080792514180a0c03e97d3c3f434db6d9703962219
c7_kcnq_max8_chr22__pair02__baseline__0/output/grids/shift_256/run_0/segment-complete.json	1185	6df3a37939e10ca6d3c3d22df4cd751163ef83ee80ff6d0cf4d7d701bcaacb17
c7_kcnq_max8_chr22__pair02__baseline__0/output/grids/shift_256/run_0/stderr.log	112121	d0b802b96161ee1641846ee4167b41d8f58ab67514173e985c07c8cb027ec30d
c7_kcnq_max8_chr22__pair02__baseline__0/output/grids/shift_256/run_0/stdout.log	176	83d8c37370b29e895f6c6d7d499faf535b7c61b912098e9464bc5b2e87accd1e
c7_kcnq_max8_chr22__pair02__baseline__0/output/grids/shift_256/run_0/wall_seconds.txt	10	6d23e0d2a7f4f7d18aecc340ff2f2d9558cc23689028a49f593e77461e3dd5bf
c7_kcnq_max8_chr22__pair02__baseline__0/output/grids/shift_256/run_1/chr22-ENST00000597346.1_0_91667|segment_id=1|grid_shift=256|global_query_start=40192|global_query_end=42240-chr22-TFOsorted.archive-first.tfoa	4925152	5b37c5c2dfbcd9f07c357c586280eb1db527ab33553f5de00944644007dd8bfe
c7_kcnq_max8_chr22__pair02__baseline__0/output/grids/shift_256/run_1/segment-complete.json	1185	9c11f8b5fcc9afab9b8a4d8d253d7b832efceea6ebb082a42e07bd9a84dc54fe
c7_kcnq_max8_chr22__pair02__baseline__0/output/grids/shift_256/run_1/stderr.log	112115	5c3caceae74d7bfdd22f93c1ccc667b278bf310171f32948d71048876c4c2d5b
c7_kcnq_max8_chr22__pair02__baseline__0/output/grids/shift_256/run_1/stdout.log	176	0d3fc5e33a7aeb468cd2caa0b3f2dd111a240e4f714d8f471a683c0f3ad47227
c7_kcnq_max8_chr22__pair02__baseline__0/output/grids/shift_256/run_1/wall_seconds.txt	10	1f2e4c3400d34d6e5f6130edd080a68535a84023d933d91451ce0b30dee87c22
c7_kcnq_max8_chr22__pair02__baseline__0/output/grids/shift_256/run_2/chr22-ENST00000597346.1_0_91667|segment_id=2|grid_shift=256|global_query_start=41728|global_query_end=43776-chr22-TFOsorted.archive-first.tfoa	5040490	7e6d5e6dff746164a967346030c877bafd746f45f2e6745e05dc4a930292c8cc
c7_kcnq_max8_chr22__pair02__baseline__0/output/grids/shift_256/run_2/segment-complete.json	1185	043d25a82799e650653a045fdbe642cb331de0e988f0e710a677ca78d2ad60b5
c7_kcnq_max8_chr22__pair02__baseline__0/output/grids/shift_256/run_2/stderr.log	112119	9471281ff334ad8104cc7ecdb4eed1cbe43ff1f36b13b44fa48855ac43652428
c7_kcnq_max8_chr22__pair02__baseline__0/output/grids/shift_256/run_2/stdout.log	176	19c50e7c452b93812b0bbe8b41f38290245c584756db403cfff28faa560ef01d
c7_kcnq_max8_chr22__pair02__baseline__0/output/grids/shift_256/run_2/wall_seconds.txt	10	c582998d5dd92fe8280f754bb2bd3cf4723fad70fc44ca5e1e8131fbb434c6e3
c7_kcnq_max8_chr22__pair02__baseline__0/output/grids/shift_256/run_3/chr22-ENST00000597346.1_0_91667|segment_id=3|grid_shift=256|global_query_start=43264|global_query_end=45312-chr22-TFOsorted.archive-first.tfoa	12430090	8f4e1569862deb735f07e2cebaa09ad0d2de6491cf076e8023b0db1a06adf1c1
c7_kcnq_max8_chr22__pair02__baseline__0/output/grids/shift_256/run_3/segment-complete.json	1185	135b16c498ba46c9368d78a88fd84bbddb8858c2fd7396e58e38434cd671f2c3
c7_kcnq_max8_chr22__pair02__baseline__0/output/grids/shift_256/run_3/stderr.log	112115	860b1f5a12a9ccf398edb5991f80ddf7b19c8d8a62b5800f1eea9f783741a087
c7_kcnq_max8_chr22__pair02__baseline__0/output/grids/shift_256/run_3/stdout.log	175	fc8cfd178adc469f2b0562e81418bc28fe74962b6d40c241483dc688e32b60de
c7_kcnq_max8_chr22__pair02__baseline__0/output/grids/shift_256/run_3/wall_seconds.txt	10	18196bfab9df0d67312e8b71428051320c352feefec39e977dbf28d5d3252011
c7_kcnq_max8_chr22__pair02__baseline__0/output/grids/shift_256/run_4/chr22-ENST00000597346.1_0_91667|segment_id=4|grid_shift=256|global_query_start=44800|global_query_end=46848-chr22-TFOsorted.archive-first.tfoa	12883640	666b1330bf220d7896d7faf89a93ffab3523510652e3bf2e0d470c88db455320
c7_kcnq_max8_chr22__pair02__baseline__0/output/grids/shift_256/run_4/segment-complete.json	1185	f9f0baf497ec2d4d89dffe87dac1b11cae2b42063f8ab90a490a271456798bee
c7_kcnq_max8_chr22__pair02__baseline__0/output/grids/shift_256/run_4/stderr.log	112120	34f73a15bba0f75072939433b39329d1b5bc70cf776b59f010d2542e725e402e
c7_kcnq_max8_chr22__pair02__baseline__0/output/grids/shift_256/run_4/stdout.log	176	83b385168801608544325553ebba0a29e86ef772b4951c52ff7785d6e347d606
c7_kcnq_max8_chr22__pair02__baseline__0/output/grids/shift_256/run_4/wall_seconds.txt	10	945d6d6276ed54c47a4970086e33fe56a9e5425e00eefa0160cb66ce2cd51916
c7_kcnq_max8_chr22__pair02__baseline__0/output/grids/shift_256/run_5/chr22-ENST00000597346.1_0_91667|segment_id=5|grid_shift=256|global_query_start=46336|global_query_end=48384-chr22-TFOsorted.archive-first.tfoa	2503169	e75182d47afdc6abbf1f382a6026fd6f0b1c6ce387462f53ab1b34c74b703325
c7_kcnq_max8_chr22__pair02__baseline__0/output/grids/shift_256/run_5/segment-complete.json	1185	2cd53bf9b82684928bb437d70a89b50dc0dea0f2fdb1484e9f132bd368662bfe
c7_kcnq_max8_chr22__pair02__baseline__0/output/grids/shift_256/run_5/stderr.log	112117	901e2fc44240f3cb76ec77e2e9519cf0a08f4ad91ceb9c3ebb1efee2bf5d60c9
c7_kcnq_max8_chr22__pair02__baseline__0/output/grids/shift_256/run_5/stdout.log	176	5f843ebf422b567c01b08335ebf280db0569d498e822920b3215c14e9cd2531f
c7_kcnq_max8_chr22__pair02__baseline__0/output/grids/shift_256/run_5/wall_seconds.txt	10	70fcce171c4a6e74b17acd66a841f3f89eb87c57a69c65a43b63c7db07fc92b9
c7_kcnq_max8_chr22__pair02__baseline__0/output/grids/shift_256/run_6/chr22-ENST00000597346.1_0_91667|segment_id=6|grid_shift=256|global_query_start=47872|global_query_end=49920-chr22-TFOsorted.archive-first.tfoa	2675251	2e868604f794d969d575c7297c99479b15db01cfcf518544e527fc3b31c15583
c7_kcnq_max8_chr22__pair02__baseline__0/output/grids/shift_256/run_6/segment-complete.json	1185	bdd5c30258c70bfe98da15edec243d56088f6406d1c5626d3bcdc485cc60464b
c7_kcnq_max8_chr22__pair02__baseline__0/output/grids/shift_256/run_6/stderr.log	112114	9d815a064de8208637f657db231602c920d25809d7f57c0dbffa258640f05edf
c7_kcnq_max8_chr22__pair02__baseline__0/output/grids/shift_256/run_6/stdout.log	176	81fe2e324b2da3e4afc4a6faf64303527527fe2985e51ef73c2937555ecec20a
c7_kcnq_max8_chr22__pair02__baseline__0/output/grids/shift_256/run_6/wall_seconds.txt	10	0b72f7009c4583bd12d72a0cd0739f846618629f3aa17eb568439e382d669819
c7_kcnq_max8_chr22__pair02__baseline__0/output/grids/shift_256/run_7/chr22-ENST00000597346.1_0_91667|segment_id=7|grid_shift=256|global_query_start=49408|global_query_end=51456-chr22-TFOsorted.archive-first.tfoa	2005417	37e63537884ccdfb9d985c22a56d0b1818c04af207d722b36d2e4cf02858862d
c7_kcnq_max8_chr22__pair02__baseline__0/output/grids/shift_256/run_7/segment-complete.json	1185	dfbee5ca113bdc4dc4ca6b461da96f517a9842a46ac86ad459e57a97d25ceb9b
c7_kcnq_max8_chr22__pair02__baseline__0/output/grids/shift_256/run_7/stderr.log	112129	f025a6532af42843adc1604dd9b6a8d2c0e23bc206502c803a15c59de43014ee
c7_kcnq_max8_chr22__pair02__baseline__0/output/grids/shift_256/run_7/stdout.log	176	46679ce45c9b0efc5fa6d630a48cf6fe497cf4c0e0ec1d345b6270c7b3f501de
c7_kcnq_max8_chr22__pair02__baseline__0/output/grids/shift_256/run_7/wall_seconds.txt	10	c080c7d19a818b97c3857bffa4ce0689158d0c31c4e382d5e0457b48d7ee2021
c7_kcnq_max8_chr22__pair02__baseline__0/output/grids/shift_256/segment_000.fa	2177	c202e081dd716a3201af17d91aaccdb9a6c493bac2ab20a0193711bb6cc067dc
c7_kcnq_max8_chr22__pair02__baseline__0/output/grids/shift_256/segment_001.fa	2177	94e4cc117d3ac101e26bc97fd8efeee08a9107a9a4c4519265849a096e978077
c7_kcnq_max8_chr22__pair02__baseline__0/output/grids/shift_256/segment_002.fa	2177	3957359cf8e2f2a585189b2a36bc2159825b135d2751d6df7dbc6f36927ced90
c7_kcnq_max8_chr22__pair02__baseline__0/output/grids/shift_256/segment_003.fa	2177	3e2e1ba042d7f1f6a73677f6490dcbc1d94ffcf05eb0df2c41e9435c6efe8768
c7_kcnq_max8_chr22__pair02__baseline__0/output/grids/shift_256/segment_004.fa	2177	a66a7a8af8dc56f4084dade6395252e7041dfd6d038904cb865908f4c3ad0e78
c7_kcnq_max8_chr22__pair02__baseline__0/output/grids/shift_256/segment_005.fa	2177	86dad937a962e313c7b77660942acd4f2761346222ac8bb1069c54f36d73e26f
c7_kcnq_max8_chr22__pair02__baseline__0/output/grids/shift_256/segment_006.fa	2177	b3ea6da2986d58037f30d399783ddff836960c78068db51dee25a3140105f9e3
c7_kcnq_max8_chr22__pair02__baseline__0/output/grids/shift_256/segment_007.fa	2177	a2cc8ab2843801ed433397eddece36b09f07300806ac43aa70ae47881206b65f
c7_kcnq_max8_chr22__pair02__baseline__0/output/grids/shift_256/segment_outputs.tsv	6311	dab27a7d6054f983a531f7c18411ff745d107f805397e87130d946ebe6b8526f
c7_kcnq_max8_chr22__pair02__baseline__0/output/grids/shift_256/segments.tsv	1739	b812db5c5c8d8868ec164621b2ecfa72264da7860b0eb466db6129e32a0c7c1e
c7_kcnq_max8_chr22__pair02__baseline__0/output/offline_cluster_grid_compare.txt	687	ef995fae31601ccb17e8ad1d61ffa1fca2c6c68ddcac3e09478cbf8dfa155054
c7_kcnq_max8_chr22__pair02__baseline__0/output/offline_cluster_grid_compare_details.tsv	1267	c208525b3e90c1c6b5c4640035605c3aaa0ac35577f0566edcc08bda8483875d
c7_kcnq_max8_chr22__pair02__baseline__0/output/run-complete.json	884	250d9dd93263e7a8f01f65dd2740f0c00cd90f9399729ad0b642899c2deeceb6
c7_kcnq_max8_chr22__pair02__baseline__0/output/run-config.json	1519	9456dd871c04468305083635535e2ddb5f5067bfed3629d1421bf1beb252a469
c7_kcnq_max8_chr22__pair02__baseline__0/output/summary.txt	5049	bf4d8fc270d43d362fa9c84508a0767c51a442dba120a1bdaee0214481e23201
c7_kcnq_max8_chr22__pair02__baseline__0/output/window_summary.txt	742	dd788246f183ce893ed0d727d0941cb7fa06e89c43eb50ad7608cba6f48e2287
c7_kcnq_max8_chr22__pair02__baseline__0/run-complete.json	461	0c9919b03791ecd104bce8cb51f7212d992b345a62b908d99806c93514ba64e4
c7_kcnq_max8_chr22__pair02__baseline__0/run-config.json	1792	cd1efb7b742034edd9c5a112d2261debc1fcfb22b9a28b93f61b3b08c60ceffa
c7_kcnq_max8_chr22__pair02__baseline__0/stderr.log	0	e3b0c44298fc1c149afbf4c8996fb92427ae41e4649b934ca495991b7852b855
c7_kcnq_max8_chr22__pair02__baseline__0/stdout.log	5049	bf4d8fc270d43d362fa9c84508a0767c51a442dba120a1bdaee0214481e23201
c7_kcnq_max8_chr22__pair02__baseline__0/summary.json	1211	015dcf0db67487b06de4ba876652f9dae1d06e664f5838d9a206ecff130ef81c
c7_kcnq_max8_chr22__pair02__baseline__0/time.txt	1665	0a8a7595cbf14b09cbb5ce0dfe68a5faa7810fd6d31a8415aee78533b4a39885
c7_kcnq_max8_chr22__pair02__candidate__0/correctness.json	65	a278541fd198bfff0e1fbca1ef8e939bbc1f5b5432d8a6289fe649582d1a7f5e
c7_kcnq_max8_chr22__pair02__candidate__0/environment.json	25043	355c96cc220d4a84e2cbd0face866c13b5909c650f8c77f4b0168d405de9df6c
c7_kcnq_max8_chr22__pair02__candidate__0/execution.json	1145	af7b85295df3ed196f85aa015b2d34d2ece9fb282d8126943db49494ca07ed7a
c7_kcnq_max8_chr22__pair02__candidate__0/gpu-memory.csv	429258	25add347be93fe3bcee1221bdeca138036c3c576ae6efc6b109addbf6170a199
c7_kcnq_max8_chr22__pair02__candidate__0/inputs/query.fa	92840	fdf4dc2f0c02addb9b6995b5c381719c7c4114903c21aa8cccd4ae6eef31c664
c7_kcnq_max8_chr22__pair02__candidate__0/output/grids/shift_0/merge_summary.txt	832	dc84231b87e88a73c9a896d91a72f823431aadc8c044144708b381488ffda048
c7_kcnq_max8_chr22__pair02__candidate__0/output/grids/shift_0/merged-common-TFOsorted	217429400	be2c6aa210b1c1414ef9582a1a3efea101f25c4ffecf11f2b214072469aef258
c7_kcnq_max8_chr22__pair02__candidate__0/output/grids/shift_0/run_0/chr22-ENST00000597346.1_0_91667|segment_id=0|grid_shift=0|global_query_start=38400|global_query_end=40448-chr22-TFOsorted.archive-first.tfoa	5639129	1db1eef5c3c08452b0c5120033dcf26efbd2fe06f250792837f0a6cd21bef2e3
c7_kcnq_max8_chr22__pair02__candidate__0/output/grids/shift_0/run_0/segment-complete.json	1180	d45de598c8894230d43d6c662d9d3457da9cdbaae538a5e9f8a84bf392275f2a
c7_kcnq_max8_chr22__pair02__candidate__0/output/grids/shift_0/run_0/stderr.log	112137	820aea447d4aa48be820262e097175e9b188a9ecd6a25da1dc94947ef6d50266
c7_kcnq_max8_chr22__pair02__candidate__0/output/grids/shift_0/run_0/stdout.log	173	72461e958fe3ac7fc1e48f3d8008ddeab3fd174f6a37569b9b5c5ad934668555
c7_kcnq_max8_chr22__pair02__candidate__0/output/grids/shift_0/run_0/wall_seconds.txt	10	ff55e474de8702184e63f3bbea6b74943b6a1d031d1e35cc6a1695dd5a435222
c7_kcnq_max8_chr22__pair02__candidate__0/output/grids/shift_0/run_1/chr22-ENST00000597346.1_0_91667|segment_id=1|grid_shift=0|global_query_start=39936|global_query_end=41984-chr22-TFOsorted.archive-first.tfoa	5390795	df5c8e19df593da0f2ff625662d7be58b904323e689bbd2f433a12af9d262bbf
c7_kcnq_max8_chr22__pair02__candidate__0/output/grids/shift_0/run_1/segment-complete.json	1181	04f5dcf0a50d74c672ea822f84f00f22810ae4e401aa2d7019344055ec6f58e8
c7_kcnq_max8_chr22__pair02__candidate__0/output/grids/shift_0/run_1/stderr.log	112133	f34f0c6783bb5ed756e6c6df91c126c4d42e3dc66d8a3d365103b3f0250dd225
c7_kcnq_max8_chr22__pair02__candidate__0/output/grids/shift_0/run_1/stdout.log	174	afb214ed50ea191a4e30fc120d5d479e5cfa434f53471229205c43c75a3b8a4d
c7_kcnq_max8_chr22__pair02__candidate__0/output/grids/shift_0/run_1/wall_seconds.txt	10	f31e3bb2086e36e3fcb28c5d487eced4a3e38ea71239188d99fef1a23057ba3e
c7_kcnq_max8_chr22__pair02__candidate__0/output/grids/shift_0/run_2/chr22-ENST00000597346.1_0_91667|segment_id=2|grid_shift=0|global_query_start=41472|global_query_end=43520-chr22-TFOsorted.archive-first.tfoa	5119096	be0c297eb402fb10b4f6e0abb57ab5c9814144d5617a2122134f79bb7e0c1282
c7_kcnq_max8_chr22__pair02__candidate__0/output/grids/shift_0/run_2/segment-complete.json	1181	45332edaee9878b96c82f3ad64a370d958a88e481a3a1e08c54cff00df1d73fe
c7_kcnq_max8_chr22__pair02__candidate__0/output/grids/shift_0/run_2/stderr.log	112142	5c8a80282bd8a46524562ea88ac23b65ca8bb43d0c412a1635e75fa5ae35a9ac
c7_kcnq_max8_chr22__pair02__candidate__0/output/grids/shift_0/run_2/stdout.log	174	9e3cce0e8d67c2a780ee2f76225f20da21980c57eb33d1ab9df82685ba66674c
c7_kcnq_max8_chr22__pair02__candidate__0/output/grids/shift_0/run_2/wall_seconds.txt	10	3b749ae947f3aa800e71c3f0353e9038adffd57a3d7893aeb12c1e401933d310
c7_kcnq_max8_chr22__pair02__candidate__0/output/grids/shift_0/run_3/chr22-ENST00000597346.1_0_91667|segment_id=3|grid_shift=0|global_query_start=43008|global_query_end=45056-chr22-TFOsorted.archive-first.tfoa	11511892	013d19eb326579ad4d7477300452b657111f16128bbe61ca7dc744d8ec60132c
c7_kcnq_max8_chr22__pair02__candidate__0/output/grids/shift_0/run_3/segment-complete.json	1181	998b1f6b9e19cbea538b4c96e21c52eebf41a8fb92e4e018689c124e03feb1d9
c7_kcnq_max8_chr22__pair02__candidate__0/output/grids/shift_0/run_3/stderr.log	112134	9af9da8333e92f689897ebb169b8338668fda4ad6a34984bf50e1c011ee2283b
c7_kcnq_max8_chr22__pair02__candidate__0/output/grids/shift_0/run_3/stdout.log	174	3caa1b7f48dbd185c2eb6c31c21a0981f7ddd2fd8337e9ae16e5ca4db61b41ab
c7_kcnq_max8_chr22__pair02__candidate__0/output/grids/shift_0/run_3/wall_seconds.txt	10	d72fc016a7c5a5335c99e139ef90adbd3c7b219008d6b7bf80007a76eab2bbfd
c7_kcnq_max8_chr22__pair02__candidate__0/output/grids/shift_0/run_4/chr22-ENST00000597346.1_0_91667|segment_id=4|grid_shift=0|global_query_start=44544|global_query_end=46592-chr22-TFOsorted.archive-first.tfoa	12913014	aefb453e113a986e63e981ab5e649ba36275d07705c5b645068925731c9a8cd3
c7_kcnq_max8_chr22__pair02__candidate__0/output/grids/shift_0/run_4/segment-complete.json	1181	aad3ee671c2d065b7339f83aa7818a0fcc740ef31e202826326816532d10a332
c7_kcnq_max8_chr22__pair02__candidate__0/output/grids/shift_0/run_4/stderr.log	112132	8aaf04df8502fa104896a3e07d52363e91582c4a20fb29fd7bd373c3f00a45cd
c7_kcnq_max8_chr22__pair02__candidate__0/output/grids/shift_0/run_4/stdout.log	174	e5fdbead5b8c3e47498f94300c83147288810020b6ae7c0ea48e9bf6572de6d5
c7_kcnq_max8_chr22__pair02__candidate__0/output/grids/shift_0/run_4/wall_seconds.txt	10	f68cb9721c5e0fa2b9ac8adfa2bd3c0c9805f2e7c7582c0cc6eb5da702aa2124
c7_kcnq_max8_chr22__pair02__candidate__0/output/grids/shift_0/run_5/chr22-ENST00000597346.1_0_91667|segment_id=5|grid_shift=0|global_query_start=46080|global_query_end=48128-chr22-TFOsorted.archive-first.tfoa	2771400	f749e24e69f4e7cdc91e771df708356754c2a61d9c4ac7190223c80f3f33fd8e
c7_kcnq_max8_chr22__pair02__candidate__0/output/grids/shift_0/run_5/segment-complete.json	1180	4e11887a5157cc014a0ac5116ff63d916782725ad10e2c933a576485f247ac12
c7_kcnq_max8_chr22__pair02__candidate__0/output/grids/shift_0/run_5/stderr.log	112129	17541926df59453d58e7df6abf5ec039ccbf0f75604f498e08e4ad2187a47457
c7_kcnq_max8_chr22__pair02__candidate__0/output/grids/shift_0/run_5/stdout.log	174	30f2355e4354916712a933b3beacf526b90437d55882038dc9276367295b6523
c7_kcnq_max8_chr22__pair02__candidate__0/output/grids/shift_0/run_5/wall_seconds.txt	10	026e44d7e6e77bcf034201dad22f74490c056a8923a590171fcefff83d8fd194
c7_kcnq_max8_chr22__pair02__candidate__0/output/grids/shift_0/run_6/chr22-ENST00000597346.1_0_91667|segment_id=6|grid_shift=0|global_query_start=47616|global_query_end=49664-chr22-TFOsorted.archive-first.tfoa	2393379	f52292a6ceb1f16e99af83fbe084a1cfa7371866795ffb61619835b511aa3af8
c7_kcnq_max8_chr22__pair02__candidate__0/output/grids/shift_0/run_6/segment-complete.json	1181	878db17973ad4f86dd8411ddd2221a84ec5a8420d9e52acbb3f29d670d5c145d
c7_kcnq_max8_chr22__pair02__candidate__0/output/grids/shift_0/run_6/stderr.log	112132	59bf6544b177a9efe81fbfcd82e7e652bb1acc5f27821ab31ff468a41e52cbc7
c7_kcnq_max8_chr22__pair02__candidate__0/output/grids/shift_0/run_6/stdout.log	172	586e0bdeb5a25a1af80b6fa01055c330b5553315d14bc8b5afcf1af87b421ac7
c7_kcnq_max8_chr22__pair02__candidate__0/output/grids/shift_0/run_6/wall_seconds.txt	10	8da91db06553f5d9ddc7ef10e7895571311411f5c79dca64f0dd82b8d1b59545
c7_kcnq_max8_chr22__pair02__candidate__0/output/grids/shift_0/run_7/chr22-ENST00000597346.1_0_91667|segment_id=7|grid_shift=0|global_query_start=49152|global_query_end=51200-chr22-TFOsorted.archive-first.tfoa	2010371	daea96d1ecf80bf8454ac0a4dbbf2dded43fc2a43d65f323f66ced6105e0169c
c7_kcnq_max8_chr22__pair02__candidate__0/output/grids/shift_0/run_7/segment-complete.json	1181	c0204c10daf73d275c38b25f594e93dc8f88584cf4c62ec158735747f7fc46d3
c7_kcnq_max8_chr22__pair02__candidate__0/output/grids/shift_0/run_7/stderr.log	112136	dec93a8d81e1df4266fd4c691330f3eced59fae212e67ad073b6d33791d9c549
c7_kcnq_max8_chr22__pair02__candidate__0/output/grids/shift_0/run_7/stdout.log	174	41fba04896c518b467e3bfbfa90f868b474686ac61040cde8419f06374322b0e
c7_kcnq_max8_chr22__pair02__candidate__0/output/grids/shift_0/run_7/wall_seconds.txt	10	6291825324c1b5321edf93dbfbaef08a82559297d8bfc704cc3cb793b0e810e7
c7_kcnq_max8_chr22__pair02__candidate__0/output/grids/shift_0/segment_000.fa	2175	13217cc8319b058708bcad560f19d75c6cb1ffe42b8cd88b6f67fed5bf199b49
c7_kcnq_max8_chr22__pair02__candidate__0/output/grids/shift_0/segment_001.fa	2175	899fd58ebe8663b6d4359aaa03d4dee465232ddcc2d1890d8876be1deae23b02
c7_kcnq_max8_chr22__pair02__candidate__0/output/grids/shift_0/segment_002.fa	2175	ab0f4483198a6ff146546c738067f223881c091e5d326ef42914b7629b330c79
c7_kcnq_max8_chr22__pair02__candidate__0/output/grids/shift_0/segment_003.fa	2175	ba525aeb49902896990efcbe81016dee9b97d784e74f066eb236aefdefb67c71
c7_kcnq_max8_chr22__pair02__candidate__0/output/grids/shift_0/segment_004.fa	2175	058ec66491ddc57f1cbd770968ca348f0d4cdaa7f0eddc22f1e5be7befaf5992
c7_kcnq_max8_chr22__pair02__candidate__0/output/grids/shift_0/segment_005.fa	2175	12bbbac42b708f749c42ca17f00f44a8ea3d6f615b0be49f68bf7b077cf48b8c
c7_kcnq_max8_chr22__pair02__candidate__0/output/grids/shift_0/segment_006.fa	2175	05447672fdb20a3372f6a2c0e3f0104eeb9a7160125859a9c0c39f621d9b2461
c7_kcnq_max8_chr22__pair02__candidate__0/output/grids/shift_0/segment_007.fa	2175	cfbcaa86012b143d247b71c3a02515df3dec3771ba28d12c5772de93b51985d0
c7_kcnq_max8_chr22__pair02__candidate__0/output/grids/shift_0/segment_outputs.tsv	6279	69bbdf4c158f8e5d27d7a79453e70d3c4df32b3e9b70338816718eaf461ba1df
c7_kcnq_max8_chr22__pair02__candidate__0/output/grids/shift_0/segments.tsv	1731	a6f1b370bfa23fca0dc8bcd5789dd747f97dc8e44b9724a5df12daffd3f9ca5c
c7_kcnq_max8_chr22__pair02__candidate__0/output/grids/shift_256/merge_summary.txt	836	7166315494c720f1c813f3958a49e978596619a0f0c265b50e63b6d2bf524ae7
c7_kcnq_max8_chr22__pair02__candidate__0/output/grids/shift_256/merged-common-TFOsorted	222422338	3046dd022b345ae036fd968ecdbd26e581955668a16a0d4c94d57dadb04e9953
c7_kcnq_max8_chr22__pair02__candidate__0/output/grids/shift_256/run_0/chr22-ENST00000597346.1_0_91667|segment_id=0|grid_shift=256|global_query_start=38656|global_query_end=40704-chr22-TFOsorted.archive-first.tfoa	5553869	af60195f0bbfc6c0c64054080792514180a0c03e97d3c3f434db6d9703962219
c7_kcnq_max8_chr22__pair02__candidate__0/output/grids/shift_256/run_0/segment-complete.json	1187	e6101eefb4fb8d0fa1915104c0ad1663e39bfdbb547e0570e39e030e59158efc
c7_kcnq_max8_chr22__pair02__candidate__0/output/grids/shift_256/run_0/stderr.log	112136	94b814276f2625bda93d07b8b3663e0a5fb1997508b1a506c64dfc9a3445945e
c7_kcnq_max8_chr22__pair02__candidate__0/output/grids/shift_256/run_0/stdout.log	176	4b12214c99044692bf320aa2617266358a900e9e179192daad091cbb64f1d9a1
c7_kcnq_max8_chr22__pair02__candidate__0/output/grids/shift_256/run_0/wall_seconds.txt	10	795e4b689ea5ebb83886b0044f21fb0b75b3c539badc5850615cf276e4a6d72b
c7_kcnq_max8_chr22__pair02__candidate__0/output/grids/shift_256/run_1/chr22-ENST00000597346.1_0_91667|segment_id=1|grid_shift=256|global_query_start=40192|global_query_end=42240-chr22-TFOsorted.archive-first.tfoa	4925152	5b37c5c2dfbcd9f07c357c586280eb1db527ab33553f5de00944644007dd8bfe
c7_kcnq_max8_chr22__pair02__candidate__0/output/grids/shift_256/run_1/segment-complete.json	1187	6bcc9de0a2b2431affb3a942c4a0ff351d9e98fe411f45ced42637fd27b5db22
c7_kcnq_max8_chr22__pair02__candidate__0/output/grids/shift_256/run_1/stderr.log	112138	556e378cb9543191a3ad10b4673d8d0c747c3409449d97c201fa233dd472c56a
c7_kcnq_max8_chr22__pair02__candidate__0/output/grids/shift_256/run_1/stdout.log	176	9ff1a2c22c7264da0d6ded0437c70c6b85f50a0c3d285cf8bf6367d6394021b9
c7_kcnq_max8_chr22__pair02__candidate__0/output/grids/shift_256/run_1/wall_seconds.txt	10	b65ad6c419dd88a42b3b8c9ef35e2efd81c2536b502d34592bd1956a5ab55900
c7_kcnq_max8_chr22__pair02__candidate__0/output/grids/shift_256/run_2/chr22-ENST00000597346.1_0_91667|segment_id=2|grid_shift=256|global_query_start=41728|global_query_end=43776-chr22-TFOsorted.archive-first.tfoa	5040490	7e6d5e6dff746164a967346030c877bafd746f45f2e6745e05dc4a930292c8cc
c7_kcnq_max8_chr22__pair02__candidate__0/output/grids/shift_256/run_2/segment-complete.json	1186	f3b89f803347a97908f7355e08cc6fd773c19d6acec5f6f54dfce5b571ca982e
c7_kcnq_max8_chr22__pair02__candidate__0/output/grids/shift_256/run_2/stderr.log	112142	7ec4c93392470f4f16e3361d3e9187cbc475222aa90b0802c50b8d34a4b429c6
c7_kcnq_max8_chr22__pair02__candidate__0/output/grids/shift_256/run_2/stdout.log	176	66f3113030d49842b5e6f2f04f9a8619c0837c057f1335ee35d2ae573ecc8d3c
c7_kcnq_max8_chr22__pair02__candidate__0/output/grids/shift_256/run_2/wall_seconds.txt	10	209f1cff18e22ad2c9149697d4c1895fb3e2af883784bfbf21236b6ba7cb2e8b
c7_kcnq_max8_chr22__pair02__candidate__0/output/grids/shift_256/run_3/chr22-ENST00000597346.1_0_91667|segment_id=3|grid_shift=256|global_query_start=43264|global_query_end=45312-chr22-TFOsorted.archive-first.tfoa	12430090	8f4e1569862deb735f07e2cebaa09ad0d2de6491cf076e8023b0db1a06adf1c1
c7_kcnq_max8_chr22__pair02__candidate__0/output/grids/shift_256/run_3/segment-complete.json	1187	09eb19569255f56cfeb9616b2541d64e3086d1cb71cf67575f2c7ca71d3829f6
c7_kcnq_max8_chr22__pair02__candidate__0/output/grids/shift_256/run_3/stderr.log	112131	57d9ccbfc8f7a6c26dae35aec4c5086cb3de49f0cfd87731dfe00d663a44d0b2
c7_kcnq_max8_chr22__pair02__candidate__0/output/grids/shift_256/run_3/stdout.log	176	e1b0672c0e0d304c902ddd6bf1b8844bc4013923d99d70df127154a607ff8cc6
c7_kcnq_max8_chr22__pair02__candidate__0/output/grids/shift_256/run_3/wall_seconds.txt	10	fcacf0f7fc11d0e2690e3b35cc90e58f8e23b8b21f32b53230b10c4137fb9677
c7_kcnq_max8_chr22__pair02__candidate__0/output/grids/shift_256/run_4/chr22-ENST00000597346.1_0_91667|segment_id=4|grid_shift=256|global_query_start=44800|global_query_end=46848-chr22-TFOsorted.archive-first.tfoa	12883640	666b1330bf220d7896d7faf89a93ffab3523510652e3bf2e0d470c88db455320
c7_kcnq_max8_chr22__pair02__candidate__0/output/grids/shift_256/run_4/segment-complete.json	1187	26e7be87c28d0f3c09a98fbd7ab63c50c2550e5f00459d6c3984ff8af3d023de
c7_kcnq_max8_chr22__pair02__candidate__0/output/grids/shift_256/run_4/stderr.log	112130	e6732353cfd00a75829304cd1eab6c3ff9932afd412c957257674d032cc5ffc2
c7_kcnq_max8_chr22__pair02__candidate__0/output/grids/shift_256/run_4/stdout.log	176	7705158edd31c27fb7fa805d56426d87fb528885a5522febe492f98a1e33a1c7
c7_kcnq_max8_chr22__pair02__candidate__0/output/grids/shift_256/run_4/wall_seconds.txt	10	987a75b157e70366377e7cac9d3bbe74b6d84c7770b4b122b4e11f2eb10d27f8
c7_kcnq_max8_chr22__pair02__candidate__0/output/grids/shift_256/run_5/chr22-ENST00000597346.1_0_91667|segment_id=5|grid_shift=256|global_query_start=46336|global_query_end=48384-chr22-TFOsorted.archive-first.tfoa	2503169	e75182d47afdc6abbf1f382a6026fd6f0b1c6ce387462f53ab1b34c74b703325
c7_kcnq_max8_chr22__pair02__candidate__0/output/grids/shift_256/run_5/segment-complete.json	1187	c0c456adef0a461cb99e72a0f8053169ef8cf6e8ec14ddf0d1c806cdc17d0e73
c7_kcnq_max8_chr22__pair02__candidate__0/output/grids/shift_256/run_5/stderr.log	112137	15af123a164d44f3a435484e9e3f8ff31d7b30eec6fdc34310e2e95d6cb9d84f
c7_kcnq_max8_chr22__pair02__candidate__0/output/grids/shift_256/run_5/stdout.log	176	5ce8fc6ad065832f125c86f7f3f3ce2e3612f8486c9312d1cd2146e34006f9c3
c7_kcnq_max8_chr22__pair02__candidate__0/output/grids/shift_256/run_5/wall_seconds.txt	10	18c03eeacd95d81b41fd962c394efcec062a01a4abef37173d6124d72cfc84b4
c7_kcnq_max8_chr22__pair02__candidate__0/output/grids/shift_256/run_6/chr22-ENST00000597346.1_0_91667|segment_id=6|grid_shift=256|global_query_start=47872|global_query_end=49920-chr22-TFOsorted.archive-first.tfoa	2675251	2e868604f794d969d575c7297c99479b15db01cfcf518544e527fc3b31c15583
c7_kcnq_max8_chr22__pair02__candidate__0/output/grids/shift_256/run_6/segment-complete.json	1187	4b8b1ece9dbef53ddd6ae5790716eac556cdf8795d45e842389cb802217e0a1a
c7_kcnq_max8_chr22__pair02__candidate__0/output/grids/shift_256/run_6/stderr.log	112133	8cfbfda5d66269b3a68a4273ba171e44b741e1ef1d7d284040b5beaa90a03d09
c7_kcnq_max8_chr22__pair02__candidate__0/output/grids/shift_256/run_6/stdout.log	176	4697b567bb710a6ca21e5a5f34c600e61dce550e75ee98053dfe6d611ca8ebd1
c7_kcnq_max8_chr22__pair02__candidate__0/output/grids/shift_256/run_6/wall_seconds.txt	10	c30323c20a8e61c92b30cbfcc75b5dd21713a464b0470a730d7844236e90e7b9
c7_kcnq_max8_chr22__pair02__candidate__0/output/grids/shift_256/run_7/chr22-ENST00000597346.1_0_91667|segment_id=7|grid_shift=256|global_query_start=49408|global_query_end=51456-chr22-TFOsorted.archive-first.tfoa	2005417	37e63537884ccdfb9d985c22a56d0b1818c04af207d722b36d2e4cf02858862d
c7_kcnq_max8_chr22__pair02__candidate__0/output/grids/shift_256/run_7/segment-complete.json	1187	4a802f02047d991f6feb3a21f76a1eea6eb95a5f4a481808715d5d26db76c59d
c7_kcnq_max8_chr22__pair02__candidate__0/output/grids/shift_256/run_7/stderr.log	112160	72c6c2de6386b4e5b1713ef9eaf9a76ab7e316953f2b643713473ff35b131d80
c7_kcnq_max8_chr22__pair02__candidate__0/output/grids/shift_256/run_7/stdout.log	176	f1221d37f2b9453f63321c9a6dc4f8ffc2272654a1f0eadd272dd6666b9697e3
c7_kcnq_max8_chr22__pair02__candidate__0/output/grids/shift_256/run_7/wall_seconds.txt	10	02cd4ad2aa15932ed265292eaf7da57fa23b28eac97105581891801272946d9d
c7_kcnq_max8_chr22__pair02__candidate__0/output/grids/shift_256/segment_000.fa	2177	c202e081dd716a3201af17d91aaccdb9a6c493bac2ab20a0193711bb6cc067dc
c7_kcnq_max8_chr22__pair02__candidate__0/output/grids/shift_256/segment_001.fa	2177	94e4cc117d3ac101e26bc97fd8efeee08a9107a9a4c4519265849a096e978077
c7_kcnq_max8_chr22__pair02__candidate__0/output/grids/shift_256/segment_002.fa	2177	3957359cf8e2f2a585189b2a36bc2159825b135d2751d6df7dbc6f36927ced90
c7_kcnq_max8_chr22__pair02__candidate__0/output/grids/shift_256/segment_003.fa	2177	3e2e1ba042d7f1f6a73677f6490dcbc1d94ffcf05eb0df2c41e9435c6efe8768
c7_kcnq_max8_chr22__pair02__candidate__0/output/grids/shift_256/segment_004.fa	2177	a66a7a8af8dc56f4084dade6395252e7041dfd6d038904cb865908f4c3ad0e78
c7_kcnq_max8_chr22__pair02__candidate__0/output/grids/shift_256/segment_005.fa	2177	86dad937a962e313c7b77660942acd4f2761346222ac8bb1069c54f36d73e26f
c7_kcnq_max8_chr22__pair02__candidate__0/output/grids/shift_256/segment_006.fa	2177	b3ea6da2986d58037f30d399783ddff836960c78068db51dee25a3140105f9e3
c7_kcnq_max8_chr22__pair02__candidate__0/output/grids/shift_256/segment_007.fa	2177	a2cc8ab2843801ed433397eddece36b09f07300806ac43aa70ae47881206b65f
c7_kcnq_max8_chr22__pair02__candidate__0/output/grids/shift_256/segment_outputs.tsv	6327	20fa4e670116fc03dd6ee8c9bae73c2cc8397b430e17574c75ec97bdefdce3c2
c7_kcnq_max8_chr22__pair02__candidate__0/output/grids/shift_256/segments.tsv	1747	3e8b7b9fba6d6479a085c0f477d02067074f3b34b18c93707a1b7c1ce2894411
c7_kcnq_max8_chr22__pair02__candidate__0/output/offline_cluster_grid_compare.txt	689	6b9982a8e9294577945800d2bd15005b51631d2a5a8e1565eaee0f7ba9f46b75
c7_kcnq_max8_chr22__pair02__candidate__0/output/offline_cluster_grid_compare_details.tsv	1267	c208525b3e90c1c6b5c4640035605c3aaa0ac35577f0566edcc08bda8483875d
c7_kcnq_max8_chr22__pair02__candidate__0/output/run-complete.json	886	46ee05f1c597961d66b98a4e29cbe8bd673624bdd360582eed60ba9e0ac5f5de
c7_kcnq_max8_chr22__pair02__candidate__0/output/run-config.json	1517	ab3cfe3954ed32ee241d4ca5adea70a3027d07ee1668db47b56ec32c7b1baa0d
c7_kcnq_max8_chr22__pair02__candidate__0/output/summary.txt	5049	ca08babca19e689f9f0f34c06d339dc4f14accdeeee91a1d2729741e2c9c38a0
c7_kcnq_max8_chr22__pair02__candidate__0/output/window_summary.txt	744	4e3384f9cda4343a0995bba24f1263ebfbf0678c2ff3815757ff7ef01e336cb1
c7_kcnq_max8_chr22__pair02__candidate__0/run-complete.json	462	fe18b9dfe39fe8b6b32dc8f351e06ed0c325e6f7ce0b9031605208e20c962f63
c7_kcnq_max8_chr22__pair02__candidate__0/run-config.json	1795	46c7c124f9a8b4c26ca99a91b1e4cd89e75c1973e5c81c62549167683418bcad
c7_kcnq_max8_chr22__pair02__candidate__0/stderr.log	0	e3b0c44298fc1c149afbf4c8996fb92427ae41e4649b934ca495991b7852b855
c7_kcnq_max8_chr22__pair02__candidate__0/stdout.log	5049	ca08babca19e689f9f0f34c06d339dc4f14accdeeee91a1d2729741e2c9c38a0
c7_kcnq_max8_chr22__pair02__candidate__0/summary.json	1217	29d51ecd8b3f2866c3e7c7e005d6bf8edc7ba9077905139180ac6af3f84c6c66
c7_kcnq_max8_chr22__pair02__candidate__0/time.txt	1668	03cf6231e51804ef9478cbcd33d834f7685233e4099fc38989c433d407d08e13
c7_kcnq_max8_chr22__pair03__baseline__0/correctness.json	65	a278541fd198bfff0e1fbca1ef8e939bbc1f5b5432d8a6289fe649582d1a7f5e
c7_kcnq_max8_chr22__pair03__baseline__0/environment.json	25043	f0a0cc8d95a43d5aaf17524ad2d5765838e856078af3eafab7b92ecf725120bf
c7_kcnq_max8_chr22__pair03__baseline__0/execution.json	1143	a85577a37333986d313a613516f9fa7ccdd220ecf602522620cfcddf5ce52195
c7_kcnq_max8_chr22__pair03__baseline__0/gpu-memory.csv	468053	fc4ff48d110a65de098c49a652e0f5b106831fc1aacd6efe004b11f96037347e
c7_kcnq_max8_chr22__pair03__baseline__0/inputs/query.fa	92840	fdf4dc2f0c02addb9b6995b5c381719c7c4114903c21aa8cccd4ae6eef31c664
c7_kcnq_max8_chr22__pair03__baseline__0/output/grids/shift_0/merge_summary.txt	830	e30a72cfeba9722b347c9ee775a19efaf6156281716c1bb3c1c92ced51270b00
c7_kcnq_max8_chr22__pair03__baseline__0/output/grids/shift_0/merged-common-TFOsorted	217429400	be2c6aa210b1c1414ef9582a1a3efea101f25c4ffecf11f2b214072469aef258
c7_kcnq_max8_chr22__pair03__baseline__0/output/grids/shift_0/run_0/chr22-ENST00000597346.1_0_91667|segment_id=0|grid_shift=0|global_query_start=38400|global_query_end=40448-chr22-TFOsorted.archive-first.tfoa	5639129	1db1eef5c3c08452b0c5120033dcf26efbd2fe06f250792837f0a6cd21bef2e3
c7_kcnq_max8_chr22__pair03__baseline__0/output/grids/shift_0/run_0/segment-complete.json	1178	448f62e38ab8a1a8b66274dd273d1c5ba97ad97b5b88371d71b72d600bd67bd9
c7_kcnq_max8_chr22__pair03__baseline__0/output/grids/shift_0/run_0/stderr.log	112112	488ec465c995cf0a08493239d9123889ee7057726dfd0574642877e4e649c5a9
c7_kcnq_max8_chr22__pair03__baseline__0/output/grids/shift_0/run_0/stdout.log	174	ce1fc530c4cf0e5138152e376e59105dee12d65f614c213507e236952350c419
c7_kcnq_max8_chr22__pair03__baseline__0/output/grids/shift_0/run_0/wall_seconds.txt	10	ab6bd6a8467bab106708a41c64380db7c7a9e64399bb8569fb0f2ff433132c29
c7_kcnq_max8_chr22__pair03__baseline__0/output/grids/shift_0/run_1/chr22-ENST00000597346.1_0_91667|segment_id=1|grid_shift=0|global_query_start=39936|global_query_end=41984-chr22-TFOsorted.archive-first.tfoa	5390795	df5c8e19df593da0f2ff625662d7be58b904323e689bbd2f433a12af9d262bbf
c7_kcnq_max8_chr22__pair03__baseline__0/output/grids/shift_0/run_1/segment-complete.json	1179	847ac199506551df319f48b1e7362a1095f7da57a853bae62b97ae4e233322cb
c7_kcnq_max8_chr22__pair03__baseline__0/output/grids/shift_0/run_1/stderr.log	112120	9353f1a10e5bf0ab41e18df64281c16d3ac356cce831b4a3770ac32a009f5816
c7_kcnq_max8_chr22__pair03__baseline__0/output/grids/shift_0/run_1/stdout.log	174	c78b977d5c5644527f1886746926bc0422241128996ae56f24b81d7ec24d6c6b
c7_kcnq_max8_chr22__pair03__baseline__0/output/grids/shift_0/run_1/wall_seconds.txt	10	67e93ac57e9fd097ddadc8d471aa843f99c1e842d6acad26b4b7ed186251c2c6
c7_kcnq_max8_chr22__pair03__baseline__0/output/grids/shift_0/run_2/chr22-ENST00000597346.1_0_91667|segment_id=2|grid_shift=0|global_query_start=41472|global_query_end=43520-chr22-TFOsorted.archive-first.tfoa	5119096	be0c297eb402fb10b4f6e0abb57ab5c9814144d5617a2122134f79bb7e0c1282
c7_kcnq_max8_chr22__pair03__baseline__0/output/grids/shift_0/run_2/segment-complete.json	1179	1102534c4539f967baacfe454989cc723b53808d8c2657020b5efeecc574eb98
c7_kcnq_max8_chr22__pair03__baseline__0/output/grids/shift_0/run_2/stderr.log	112122	49efb4c9032235f06ddee6bdf27c07fd1faa3ca778aa4a0dc70c504bb67ef24e
c7_kcnq_max8_chr22__pair03__baseline__0/output/grids/shift_0/run_2/stdout.log	173	d5c1016be6958c5cb3b2227875a867c70fc0d886e54a8d6dd198a19773adf9de
c7_kcnq_max8_chr22__pair03__baseline__0/output/grids/shift_0/run_2/wall_seconds.txt	10	d47e77fbdce790521657fb5a2e635d787c9424270da54985e432a92f852ecdd1
c7_kcnq_max8_chr22__pair03__baseline__0/output/grids/shift_0/run_3/chr22-ENST00000597346.1_0_91667|segment_id=3|grid_shift=0|global_query_start=43008|global_query_end=45056-chr22-TFOsorted.archive-first.tfoa	11511892	013d19eb326579ad4d7477300452b657111f16128bbe61ca7dc744d8ec60132c
c7_kcnq_max8_chr22__pair03__baseline__0/output/grids/shift_0/run_3/segment-complete.json	1179	86e7cc54c35c36d205da5a9d87f65e676f01549d1de5bbc620ca52a0704dc862
c7_kcnq_max8_chr22__pair03__baseline__0/output/grids/shift_0/run_3/stderr.log	112111	dedc7f2b94877b3f2fdb4103d929f552264a7744b9150f9952872d2aa7e02ac1
c7_kcnq_max8_chr22__pair03__baseline__0/output/grids/shift_0/run_3/stdout.log	174	353dbbcbba9cc6301dc74811a7c5ec89190bbc8ea0e46625f569d9f248836037
c7_kcnq_max8_chr22__pair03__baseline__0/output/grids/shift_0/run_3/wall_seconds.txt	10	96b3e2caed642427b2fc258717733be4053024b06d2d593c4006bb7f23aac132
c7_kcnq_max8_chr22__pair03__baseline__0/output/grids/shift_0/run_4/chr22-ENST00000597346.1_0_91667|segment_id=4|grid_shift=0|global_query_start=44544|global_query_end=46592-chr22-TFOsorted.archive-first.tfoa	12913014	aefb453e113a986e63e981ab5e649ba36275d07705c5b645068925731c9a8cd3
c7_kcnq_max8_chr22__pair03__baseline__0/output/grids/shift_0/run_4/segment-complete.json	1179	c0a32ceee529cee0f745bf3673ec002d5073f31e03fb29f0fb52cad9d9135610
c7_kcnq_max8_chr22__pair03__baseline__0/output/grids/shift_0/run_4/stderr.log	112117	ed5c6d61a37900b1a44e46496815872e01ae3a26d56c9df3b1497aa592ef86f6
c7_kcnq_max8_chr22__pair03__baseline__0/output/grids/shift_0/run_4/stdout.log	174	aafccd40d0adaccf534ef8d0c5ad58adccc85f04163bf6b7e494c84bfc3995c8
c7_kcnq_max8_chr22__pair03__baseline__0/output/grids/shift_0/run_4/wall_seconds.txt	10	9eaaade7f84f1031b0ea6f60ec28f2bf1ddcd62ea40f156988d46e120f318678
c7_kcnq_max8_chr22__pair03__baseline__0/output/grids/shift_0/run_5/chr22-ENST00000597346.1_0_91667|segment_id=5|grid_shift=0|global_query_start=46080|global_query_end=48128-chr22-TFOsorted.archive-first.tfoa	2771400	f749e24e69f4e7cdc91e771df708356754c2a61d9c4ac7190223c80f3f33fd8e
c7_kcnq_max8_chr22__pair03__baseline__0/output/grids/shift_0/run_5/segment-complete.json	1179	1050860cfd9ae76552f35b553637940e3cc6a930c276c14df9825ad1fe7ac1d0
c7_kcnq_max8_chr22__pair03__baseline__0/output/grids/shift_0/run_5/stderr.log	112119	08ca814bacdb7c96c3bdae15ef31aa4b03b0909dd37037df4fdae1caef9a5919
c7_kcnq_max8_chr22__pair03__baseline__0/output/grids/shift_0/run_5/stdout.log	174	1a79ecaebed2cb76bf57362a56abe0b8f9aad8cf9e1a644dc512c88b545ef2f9
c7_kcnq_max8_chr22__pair03__baseline__0/output/grids/shift_0/run_5/wall_seconds.txt	10	6cdc02e33ceafb8ccb38772163ac0f78e3a42e332d74b264fbf8ce49fc2cbee4
c7_kcnq_max8_chr22__pair03__baseline__0/output/grids/shift_0/run_6/chr22-ENST00000597346.1_0_91667|segment_id=6|grid_shift=0|global_query_start=47616|global_query_end=49664-chr22-TFOsorted.archive-first.tfoa	2393379	f52292a6ceb1f16e99af83fbe084a1cfa7371866795ffb61619835b511aa3af8
c7_kcnq_max8_chr22__pair03__baseline__0/output/grids/shift_0/run_6/segment-complete.json	1179	3f6941684c22180753a15cd3bced6665f26fbd1a0c2177f68f554f6c27fe69e8
c7_kcnq_max8_chr22__pair03__baseline__0/output/grids/shift_0/run_6/stderr.log	112118	a5e6c8bb19c64860503379254d4083a6c06137d0463fd6b928099de186019974
c7_kcnq_max8_chr22__pair03__baseline__0/output/grids/shift_0/run_6/stdout.log	174	8e654befcf7f23eb4b2c946489106cc00a0bb1631faf87dd41a3332f2c74c219
c7_kcnq_max8_chr22__pair03__baseline__0/output/grids/shift_0/run_6/wall_seconds.txt	10	c273339276c7c9717ed080ad3d5816d01a9f62777283869d7a4345511b1c8370
c7_kcnq_max8_chr22__pair03__baseline__0/output/grids/shift_0/run_7/chr22-ENST00000597346.1_0_91667|segment_id=7|grid_shift=0|global_query_start=49152|global_query_end=51200-chr22-TFOsorted.archive-first.tfoa	2010371	daea96d1ecf80bf8454ac0a4dbbf2dded43fc2a43d65f323f66ced6105e0169c
c7_kcnq_max8_chr22__pair03__baseline__0/output/grids/shift_0/run_7/segment-complete.json	1179	4bec819660afb9183adbe6ababad0d8a8ae6b5f495788add0e6d1bb648d23397
c7_kcnq_max8_chr22__pair03__baseline__0/output/grids/shift_0/run_7/stderr.log	112117	1d9b811ef77300ad46f4d695d7aa50ca70333791ee4d329aa75a55460da3947b
c7_kcnq_max8_chr22__pair03__baseline__0/output/grids/shift_0/run_7/stdout.log	174	ee0547272e992d09a989b13d89e6745925fa1be64efa9a229ca03aa747763685
c7_kcnq_max8_chr22__pair03__baseline__0/output/grids/shift_0/run_7/wall_seconds.txt	10	9be875af6f32cb2a9f554f928e95d064d2da254ba72f2c35ff54bb393ba04ebd
c7_kcnq_max8_chr22__pair03__baseline__0/output/grids/shift_0/segment_000.fa	2175	13217cc8319b058708bcad560f19d75c6cb1ffe42b8cd88b6f67fed5bf199b49
c7_kcnq_max8_chr22__pair03__baseline__0/output/grids/shift_0/segment_001.fa	2175	899fd58ebe8663b6d4359aaa03d4dee465232ddcc2d1890d8876be1deae23b02
c7_kcnq_max8_chr22__pair03__baseline__0/output/grids/shift_0/segment_002.fa	2175	ab0f4483198a6ff146546c738067f223881c091e5d326ef42914b7629b330c79
c7_kcnq_max8_chr22__pair03__baseline__0/output/grids/shift_0/segment_003.fa	2175	ba525aeb49902896990efcbe81016dee9b97d784e74f066eb236aefdefb67c71
c7_kcnq_max8_chr22__pair03__baseline__0/output/grids/shift_0/segment_004.fa	2175	058ec66491ddc57f1cbd770968ca348f0d4cdaa7f0eddc22f1e5be7befaf5992
c7_kcnq_max8_chr22__pair03__baseline__0/output/grids/shift_0/segment_005.fa	2175	12bbbac42b708f749c42ca17f00f44a8ea3d6f615b0be49f68bf7b077cf48b8c
c7_kcnq_max8_chr22__pair03__baseline__0/output/grids/shift_0/segment_006.fa	2175	05447672fdb20a3372f6a2c0e3f0104eeb9a7160125859a9c0c39f621d9b2461
c7_kcnq_max8_chr22__pair03__baseline__0/output/grids/shift_0/segment_007.fa	2175	cfbcaa86012b143d247b71c3a02515df3dec3771ba28d12c5772de93b51985d0
c7_kcnq_max8_chr22__pair03__baseline__0/output/grids/shift_0/segment_outputs.tsv	6263	a7f3ea0bbe7c915fbcd4e84b1967edc8a8a0d9593a4bb715a3b5cca9718df9a5
c7_kcnq_max8_chr22__pair03__baseline__0/output/grids/shift_0/segments.tsv	1723	093aa605fe055fde7cd3962e6d82c9543156f866ac8dbf0a6d74da16bb39120b
c7_kcnq_max8_chr22__pair03__baseline__0/output/grids/shift_256/merge_summary.txt	834	05bee078a222dc6d88df01e7d7c5e9c560bfc65dd84f65c1da384ff16b3ef6c7
c7_kcnq_max8_chr22__pair03__baseline__0/output/grids/shift_256/merged-common-TFOsorted	222422338	3046dd022b345ae036fd968ecdbd26e581955668a16a0d4c94d57dadb04e9953
c7_kcnq_max8_chr22__pair03__baseline__0/output/grids/shift_256/run_0/chr22-ENST00000597346.1_0_91667|segment_id=0|grid_shift=256|global_query_start=38656|global_query_end=40704-chr22-TFOsorted.archive-first.tfoa	5553869	af60195f0bbfc6c0c64054080792514180a0c03e97d3c3f434db6d9703962219
c7_kcnq_max8_chr22__pair03__baseline__0/output/grids/shift_256/run_0/segment-complete.json	1185	71b6cfc76daec9a8f3cf11507e010cba89b25d1c331264f337e0abc8d6b01f98
c7_kcnq_max8_chr22__pair03__baseline__0/output/grids/shift_256/run_0/stderr.log	112123	be821765b67acd7f84d8aaf20dca426b51b154c1c3d0160ece3f16df308fde87
c7_kcnq_max8_chr22__pair03__baseline__0/output/grids/shift_256/run_0/stdout.log	176	8335308d4e6b3dd9c116479d2f3c6fa8d42045ccecf51e43e093c9fd8a26cd33
c7_kcnq_max8_chr22__pair03__baseline__0/output/grids/shift_256/run_0/wall_seconds.txt	10	9b5503b6c84cab07c3e961f28c2b69ef2bb87a32ed958a4ea901f591c435237e
c7_kcnq_max8_chr22__pair03__baseline__0/output/grids/shift_256/run_1/chr22-ENST00000597346.1_0_91667|segment_id=1|grid_shift=256|global_query_start=40192|global_query_end=42240-chr22-TFOsorted.archive-first.tfoa	4925152	5b37c5c2dfbcd9f07c357c586280eb1db527ab33553f5de00944644007dd8bfe
c7_kcnq_max8_chr22__pair03__baseline__0/output/grids/shift_256/run_1/segment-complete.json	1185	dcdbae95abbe513b8fe93c62829c7123001faa1aaad4e71d33864f278bbea652
c7_kcnq_max8_chr22__pair03__baseline__0/output/grids/shift_256/run_1/stderr.log	112120	3ea75e324e11d54e33a4e01db371420cb69c1533b88ffebd45e3e3586598c886
c7_kcnq_max8_chr22__pair03__baseline__0/output/grids/shift_256/run_1/stdout.log	176	39520163b16d3ece3f866d9cb96e135618d253d6960d6fe393025b8575343c65
c7_kcnq_max8_chr22__pair03__baseline__0/output/grids/shift_256/run_1/wall_seconds.txt	10	87bfc4c874b03896932a2b098737f65d9954a358d178791802d175f05d6a327c
c7_kcnq_max8_chr22__pair03__baseline__0/output/grids/shift_256/run_2/chr22-ENST00000597346.1_0_91667|segment_id=2|grid_shift=256|global_query_start=41728|global_query_end=43776-chr22-TFOsorted.archive-first.tfoa	5040490	7e6d5e6dff746164a967346030c877bafd746f45f2e6745e05dc4a930292c8cc
c7_kcnq_max8_chr22__pair03__baseline__0/output/grids/shift_256/run_2/segment-complete.json	1185	8a4e2adbf2af30ef4a1fe4bc97249125914c1c166e9747f388bad45a821ef9d9
c7_kcnq_max8_chr22__pair03__baseline__0/output/grids/shift_256/run_2/stderr.log	112121	781ed24ea1f4943700788fbf745f78f938d1f53a3957f6e9a2b1d1f70ac84329
c7_kcnq_max8_chr22__pair03__baseline__0/output/grids/shift_256/run_2/stdout.log	176	a5fd8e5322bca28c9ef809429abae5414eab5ac83ba8a276669709de7b27c809
c7_kcnq_max8_chr22__pair03__baseline__0/output/grids/shift_256/run_2/wall_seconds.txt	10	100afb30db8b51707aa705322d54c973905b0cc74aba135736e582cdb7a792cd
c7_kcnq_max8_chr22__pair03__baseline__0/output/grids/shift_256/run_3/chr22-ENST00000597346.1_0_91667|segment_id=3|grid_shift=256|global_query_start=43264|global_query_end=45312-chr22-TFOsorted.archive-first.tfoa	12430090	8f4e1569862deb735f07e2cebaa09ad0d2de6491cf076e8023b0db1a06adf1c1
c7_kcnq_max8_chr22__pair03__baseline__0/output/grids/shift_256/run_3/segment-complete.json	1185	c5c65bc7d828d7c11995fc8349ec82b154a15189334079ab8810b06476e8806e
c7_kcnq_max8_chr22__pair03__baseline__0/output/grids/shift_256/run_3/stderr.log	112111	e7c99400eedf8afbd3e84e94e43bf143d4a4074cd31c73e1ccd630dafaa41da4
c7_kcnq_max8_chr22__pair03__baseline__0/output/grids/shift_256/run_3/stdout.log	176	166e1a7776f5147e48fdbda7347341c0b11e6ead3fdc800e318a8f86199b78f1
c7_kcnq_max8_chr22__pair03__baseline__0/output/grids/shift_256/run_3/wall_seconds.txt	10	c6d9338c7ffbd0e1fcf872e288e715e7b658a24d1ae52829f3be8ad82878bf09
c7_kcnq_max8_chr22__pair03__baseline__0/output/grids/shift_256/run_4/chr22-ENST00000597346.1_0_91667|segment_id=4|grid_shift=256|global_query_start=44800|global_query_end=46848-chr22-TFOsorted.archive-first.tfoa	12883640	666b1330bf220d7896d7faf89a93ffab3523510652e3bf2e0d470c88db455320
c7_kcnq_max8_chr22__pair03__baseline__0/output/grids/shift_256/run_4/segment-complete.json	1185	ec9ce3017771cd6fef1627f3d10b19757179720a17c88fc9251c100609a01296
c7_kcnq_max8_chr22__pair03__baseline__0/output/grids/shift_256/run_4/stderr.log	112119	31215226e456830a75e9c898090f2d9107a8db64e39f348e772f6c3155facd87
c7_kcnq_max8_chr22__pair03__baseline__0/output/grids/shift_256/run_4/stdout.log	176	ccff9ebee02bf21cfbff3b363da2b80dad336108c029b03ae113da4cf3a5282a
c7_kcnq_max8_chr22__pair03__baseline__0/output/grids/shift_256/run_4/wall_seconds.txt	10	462e1d70c929e1d24f07dc6c79651622dcf9cced8746414471ea3fe06e84deb0
c7_kcnq_max8_chr22__pair03__baseline__0/output/grids/shift_256/run_5/chr22-ENST00000597346.1_0_91667|segment_id=5|grid_shift=256|global_query_start=46336|global_query_end=48384-chr22-TFOsorted.archive-first.tfoa	2503169	e75182d47afdc6abbf1f382a6026fd6f0b1c6ce387462f53ab1b34c74b703325
c7_kcnq_max8_chr22__pair03__baseline__0/output/grids/shift_256/run_5/segment-complete.json	1185	7c75086e16f9b21edc363f418cdfa6fed906a1db406baa892d353deb8db9f8e6
c7_kcnq_max8_chr22__pair03__baseline__0/output/grids/shift_256/run_5/stderr.log	112116	c428c81fbef6fafc9a106a17e4b1f614bfa2f646a8d5bf34765716e8354f1f44
c7_kcnq_max8_chr22__pair03__baseline__0/output/grids/shift_256/run_5/stdout.log	176	0a238a4f08962546bf32e1f08153bc24f798422c5d9163ed367694fe21b99530
c7_kcnq_max8_chr22__pair03__baseline__0/output/grids/shift_256/run_5/wall_seconds.txt	10	515a1a55fc3e8732a1deb27cdadf0232b0056857697e9761e636ea38f6740f5a
c7_kcnq_max8_chr22__pair03__baseline__0/output/grids/shift_256/run_6/chr22-ENST00000597346.1_0_91667|segment_id=6|grid_shift=256|global_query_start=47872|global_query_end=49920-chr22-TFOsorted.archive-first.tfoa	2675251	2e868604f794d969d575c7297c99479b15db01cfcf518544e527fc3b31c15583
c7_kcnq_max8_chr22__pair03__baseline__0/output/grids/shift_256/run_6/segment-complete.json	1185	0d8e0df692f301c68ab3502f0811300ed47271ed7c49f3ce195eb7dd4e2d8c87
c7_kcnq_max8_chr22__pair03__baseline__0/output/grids/shift_256/run_6/stderr.log	112114	5ecb933968a063bb5ac9cb93a5067259bb3abf891364cb3bfd86f7ab7479207a
c7_kcnq_max8_chr22__pair03__baseline__0/output/grids/shift_256/run_6/stdout.log	176	f7b7b88092b8ab092dde85a0d20927393dda0928226f7c0f68bd0e9f083ebdc0
c7_kcnq_max8_chr22__pair03__baseline__0/output/grids/shift_256/run_6/wall_seconds.txt	10	70c47f61f2714811a1fa4e802bc37dfcb821906599ea00ec29c45da023ecf2cb
c7_kcnq_max8_chr22__pair03__baseline__0/output/grids/shift_256/run_7/chr22-ENST00000597346.1_0_91667|segment_id=7|grid_shift=256|global_query_start=49408|global_query_end=51456-chr22-TFOsorted.archive-first.tfoa	2005417	37e63537884ccdfb9d985c22a56d0b1818c04af207d722b36d2e4cf02858862d
c7_kcnq_max8_chr22__pair03__baseline__0/output/grids/shift_256/run_7/segment-complete.json	1184	0e00ba840415e38406db464b328b8b7ba693a0596b81631c459ed8804342bf25
c7_kcnq_max8_chr22__pair03__baseline__0/output/grids/shift_256/run_7/stderr.log	112133	d22700a1edeb47397a8edede405662b52363abe34a208d70a92bdff33fd2c589
c7_kcnq_max8_chr22__pair03__baseline__0/output/grids/shift_256/run_7/stdout.log	176	762ffb23a9094b049efedd07a14061979983336be15eab3dc952b0971db6573c
c7_kcnq_max8_chr22__pair03__baseline__0/output/grids/shift_256/run_7/wall_seconds.txt	10	553880d33865a265a572f171da71995a4a4eb2f39530b18dd5a02541eed3c81a
c7_kcnq_max8_chr22__pair03__baseline__0/output/grids/shift_256/segment_000.fa	2177	c202e081dd716a3201af17d91aaccdb9a6c493bac2ab20a0193711bb6cc067dc
c7_kcnq_max8_chr22__pair03__baseline__0/output/grids/shift_256/segment_001.fa	2177	94e4cc117d3ac101e26bc97fd8efeee08a9107a9a4c4519265849a096e978077
c7_kcnq_max8_chr22__pair03__baseline__0/output/grids/shift_256/segment_002.fa	2177	3957359cf8e2f2a585189b2a36bc2159825b135d2751d6df7dbc6f36927ced90
c7_kcnq_max8_chr22__pair03__baseline__0/output/grids/shift_256/segment_003.fa	2177	3e2e1ba042d7f1f6a73677f6490dcbc1d94ffcf05eb0df2c41e9435c6efe8768
c7_kcnq_max8_chr22__pair03__baseline__0/output/grids/shift_256/segment_004.fa	2177	a66a7a8af8dc56f4084dade6395252e7041dfd6d038904cb865908f4c3ad0e78
c7_kcnq_max8_chr22__pair03__baseline__0/output/grids/shift_256/segment_005.fa	2177	86dad937a962e313c7b77660942acd4f2761346222ac8bb1069c54f36d73e26f
c7_kcnq_max8_chr22__pair03__baseline__0/output/grids/shift_256/segment_006.fa	2177	b3ea6da2986d58037f30d399783ddff836960c78068db51dee25a3140105f9e3
c7_kcnq_max8_chr22__pair03__baseline__0/output/grids/shift_256/segment_007.fa	2177	a2cc8ab2843801ed433397eddece36b09f07300806ac43aa70ae47881206b65f
c7_kcnq_max8_chr22__pair03__baseline__0/output/grids/shift_256/segment_outputs.tsv	6311	88123ceb86d538032f70c1ac39abe2e92bd121b9eecffe33553244a3cd6a9317
c7_kcnq_max8_chr22__pair03__baseline__0/output/grids/shift_256/segments.tsv	1739	a891822ca1b9e8708011b602b3a8fec8b5b0d960db8fbba91d490ee47464092e
c7_kcnq_max8_chr22__pair03__baseline__0/output/offline_cluster_grid_compare.txt	687	9f40acaf11408820204e35f746cde8b1dc8a416e11c8a08e0cebe75f00ecca39
c7_kcnq_max8_chr22__pair03__baseline__0/output/offline_cluster_grid_compare_details.tsv	1267	c208525b3e90c1c6b5c4640035605c3aaa0ac35577f0566edcc08bda8483875d
c7_kcnq_max8_chr22__pair03__baseline__0/output/run-complete.json	884	5b35a833da54669ddb62ce63e808cf94f6a0a4cdbd1e2f9204b7ed2252dceb05
c7_kcnq_max8_chr22__pair03__baseline__0/output/run-config.json	1519	8a4a39f423f5238f8b743ed122f242ff649eae1f731db7aeb64cca2056b51f7f
c7_kcnq_max8_chr22__pair03__baseline__0/output/summary.txt	5048	c7129b835d7581b106943c28b3bc89ecce880472f245f60b0d4b664d8fb7b231
c7_kcnq_max8_chr22__pair03__baseline__0/output/window_summary.txt	742	8845d49d174c217c6ddc431b67437aec652d8d0f2dd8c8b84b6262a0a15c3061
c7_kcnq_max8_chr22__pair03__baseline__0/run-complete.json	461	4bcf0ae201852c7fccc48ca5aed0faff24abe1bc33d4bb87b3f1d088ad46d73b
c7_kcnq_max8_chr22__pair03__baseline__0/run-config.json	1792	187edcd99b32d176a99aae08e473008e23515ea6838f1e53f2b59637102c8f94
c7_kcnq_max8_chr22__pair03__baseline__0/stderr.log	0	e3b0c44298fc1c149afbf4c8996fb92427ae41e4649b934ca495991b7852b855
c7_kcnq_max8_chr22__pair03__baseline__0/stdout.log	5048	c7129b835d7581b106943c28b3bc89ecce880472f245f60b0d4b664d8fb7b231
c7_kcnq_max8_chr22__pair03__baseline__0/summary.json	1213	7f96e8b823c18fbfc6f89b06d41959a84a43067b1f65f426bcd02c6a503ec300
c7_kcnq_max8_chr22__pair03__baseline__0/time.txt	1665	12e936b56506770e2cc7201eea96bfdf76adf15d7dfb027abd4d782fc0426089
c7_kcnq_max8_chr22__pair03__candidate__0/correctness.json	65	a278541fd198bfff0e1fbca1ef8e939bbc1f5b5432d8a6289fe649582d1a7f5e
c7_kcnq_max8_chr22__pair03__candidate__0/environment.json	25043	67685172542b6f694bf7d8394abd916930d779bf3d0af424163a6145f1e0dd36
c7_kcnq_max8_chr22__pair03__candidate__0/execution.json	1145	887ebce87ad0f3078caad3914fc839abb563c0dc6fb14b890f8ec076e8261664
c7_kcnq_max8_chr22__pair03__candidate__0/gpu-memory.csv	427091	6f0681a59a9ccf3b9628ff86f0b5025f655af5e0eba1eabf6eefe9535645d3af
c7_kcnq_max8_chr22__pair03__candidate__0/inputs/query.fa	92840	fdf4dc2f0c02addb9b6995b5c381719c7c4114903c21aa8cccd4ae6eef31c664
c7_kcnq_max8_chr22__pair03__candidate__0/output/grids/shift_0/merge_summary.txt	832	d85c1ed2e5387bb671abb1fffb02eb2e4e51104dee1d7fa8abc1e33c397e6d8f
c7_kcnq_max8_chr22__pair03__candidate__0/output/grids/shift_0/merged-common-TFOsorted	217429400	be2c6aa210b1c1414ef9582a1a3efea101f25c4ffecf11f2b214072469aef258
c7_kcnq_max8_chr22__pair03__candidate__0/output/grids/shift_0/run_0/chr22-ENST00000597346.1_0_91667|segment_id=0|grid_shift=0|global_query_start=38400|global_query_end=40448-chr22-TFOsorted.archive-first.tfoa	5639129	1db1eef5c3c08452b0c5120033dcf26efbd2fe06f250792837f0a6cd21bef2e3
c7_kcnq_max8_chr22__pair03__candidate__0/output/grids/shift_0/run_0/segment-complete.json	1181	560c1fc9f3a871641e4849180b9f24a58f86acb4777202ecf28723ed03599eb1
c7_kcnq_max8_chr22__pair03__candidate__0/output/grids/shift_0/run_0/stderr.log	112136	626bc05f0c21478c1b681649f6b26035ef891ac38457d4c0b195ed02d4304f44
c7_kcnq_max8_chr22__pair03__candidate__0/output/grids/shift_0/run_0/stdout.log	174	60da045fa31209d4dc47760b452b66402dfb1d582e988d0cc9b0b08db2b680bc
c7_kcnq_max8_chr22__pair03__candidate__0/output/grids/shift_0/run_0/wall_seconds.txt	10	6538cd305e9214d5dc3f05cd89820a8309d1abd1b7f0791dbe2ded2f65c3dad0
c7_kcnq_max8_chr22__pair03__candidate__0/output/grids/shift_0/run_1/chr22-ENST00000597346.1_0_91667|segment_id=1|grid_shift=0|global_query_start=39936|global_query_end=41984-chr22-TFOsorted.archive-first.tfoa	5390795	df5c8e19df593da0f2ff625662d7be58b904323e689bbd2f433a12af9d262bbf
c7_kcnq_max8_chr22__pair03__candidate__0/output/grids/shift_0/run_1/segment-complete.json	1181	ebd1dc13e4ae87c44c15b93f81436d35325a29a8f8cc5edab718cf119d47bbb0
c7_kcnq_max8_chr22__pair03__candidate__0/output/grids/shift_0/run_1/stderr.log	112139	e1b6224f1cb482a964eb37a9217d0784b4f3607893a42e41b2358cd21c3ef923
c7_kcnq_max8_chr22__pair03__candidate__0/output/grids/shift_0/run_1/stdout.log	174	5475f08323bd85b8fffa9e13bbd099a4ec1877d36d4cf63ceb33cbebfd95c975
c7_kcnq_max8_chr22__pair03__candidate__0/output/grids/shift_0/run_1/wall_seconds.txt	10	037e5d0b9d109f228056ed66eda57266afc8108963e6066af7a094a32f33e9ce
c7_kcnq_max8_chr22__pair03__candidate__0/output/grids/shift_0/run_2/chr22-ENST00000597346.1_0_91667|segment_id=2|grid_shift=0|global_query_start=41472|global_query_end=43520-chr22-TFOsorted.archive-first.tfoa	5119096	be0c297eb402fb10b4f6e0abb57ab5c9814144d5617a2122134f79bb7e0c1282
c7_kcnq_max8_chr22__pair03__candidate__0/output/grids/shift_0/run_2/segment-complete.json	1181	13cc5eedf1107e37e4aaeebc76a416902468eab269620f04aa93cb2e72f65158
c7_kcnq_max8_chr22__pair03__candidate__0/output/grids/shift_0/run_2/stderr.log	112135	a279e72b30fe729a8e3282f85e4e1144fdf128adff1154ba48a11ebc6f442969
c7_kcnq_max8_chr22__pair03__candidate__0/output/grids/shift_0/run_2/stdout.log	174	86173fe6a6991d3b5f1427ea21c1190613cbb063b19cd72478ec6ef0caeb5449
c7_kcnq_max8_chr22__pair03__candidate__0/output/grids/shift_0/run_2/wall_seconds.txt	10	a648df1a5e4bde08a862c6c63321cf7f69c21a21a35fe94812bb5f82add1cc40
c7_kcnq_max8_chr22__pair03__candidate__0/output/grids/shift_0/run_3/chr22-ENST00000597346.1_0_91667|segment_id=3|grid_shift=0|global_query_start=43008|global_query_end=45056-chr22-TFOsorted.archive-first.tfoa	11511892	013d19eb326579ad4d7477300452b657111f16128bbe61ca7dc744d8ec60132c
c7_kcnq_max8_chr22__pair03__candidate__0/output/grids/shift_0/run_3/segment-complete.json	1181	70153f022ec8c5b28bc78253c0515cc9df162f6fdae668b5de9bd36c8cb3b3e8
c7_kcnq_max8_chr22__pair03__candidate__0/output/grids/shift_0/run_3/stderr.log	112131	7085fb37dc9df38449e38f10c8c914f0ccf0ece3791faf39c56ec9cd7406b8a3
c7_kcnq_max8_chr22__pair03__candidate__0/output/grids/shift_0/run_3/stdout.log	174	c8c9be8e983b8fdf2fc1ce1358e266929578864a5d762afb8278479a30b44207
c7_kcnq_max8_chr22__pair03__candidate__0/output/grids/shift_0/run_3/wall_seconds.txt	10	dcb4beeb7fc6798136618f61c7f89a51bd5e7f65149c2590b4690e8b4d5ebbee
c7_kcnq_max8_chr22__pair03__candidate__0/output/grids/shift_0/run_4/chr22-ENST00000597346.1_0_91667|segment_id=4|grid_shift=0|global_query_start=44544|global_query_end=46592-chr22-TFOsorted.archive-first.tfoa	12913014	aefb453e113a986e63e981ab5e649ba36275d07705c5b645068925731c9a8cd3
c7_kcnq_max8_chr22__pair03__candidate__0/output/grids/shift_0/run_4/segment-complete.json	1181	1df19a29a580dd9023ee79b9f3c17c21eaacc777e933408412689bd8efe44920
c7_kcnq_max8_chr22__pair03__candidate__0/output/grids/shift_0/run_4/stderr.log	112133	86d09dd3f4f094a6eb71721e428242aa14aec758c65fa8c89dbbb249bbea206f
c7_kcnq_max8_chr22__pair03__candidate__0/output/grids/shift_0/run_4/stdout.log	174	561f85fcb95a7fe0d7d9d8c1c019af72945d75247176894f548a7d055ef60cc8
c7_kcnq_max8_chr22__pair03__candidate__0/output/grids/shift_0/run_4/wall_seconds.txt	10	58feb94347d58bd14fd0129bc9e30968aaf409738af663f13240046962b33597
c7_kcnq_max8_chr22__pair03__candidate__0/output/grids/shift_0/run_5/chr22-ENST00000597346.1_0_91667|segment_id=5|grid_shift=0|global_query_start=46080|global_query_end=48128-chr22-TFOsorted.archive-first.tfoa	2771400	f749e24e69f4e7cdc91e771df708356754c2a61d9c4ac7190223c80f3f33fd8e
c7_kcnq_max8_chr22__pair03__candidate__0/output/grids/shift_0/run_5/segment-complete.json	1181	6d3a9ef05145d18d5cf67dd15591a8a385ddef036629e000c0819aea901642b3
c7_kcnq_max8_chr22__pair03__candidate__0/output/grids/shift_0/run_5/stderr.log	112134	b1481784a6a3b743b42e2230e5b5d05d40af68e36d09fe0c6cc4822144e4c616
c7_kcnq_max8_chr22__pair03__candidate__0/output/grids/shift_0/run_5/stdout.log	174	6a1de5899eac52862d413c3bfd197a4056795f413af59e4d7bbbe789f41f0a36
c7_kcnq_max8_chr22__pair03__candidate__0/output/grids/shift_0/run_5/wall_seconds.txt	10	6cf4feea62c8e4ef9e629807d7c37516b80cfb58c77e8645f02e0ac6cf551dcc
c7_kcnq_max8_chr22__pair03__candidate__0/output/grids/shift_0/run_6/chr22-ENST00000597346.1_0_91667|segment_id=6|grid_shift=0|global_query_start=47616|global_query_end=49664-chr22-TFOsorted.archive-first.tfoa	2393379	f52292a6ceb1f16e99af83fbe084a1cfa7371866795ffb61619835b511aa3af8
c7_kcnq_max8_chr22__pair03__candidate__0/output/grids/shift_0/run_6/segment-complete.json	1181	9559983dad4e9fabdca89bb53927c1bbe3a79e658862d924d5e2b2fba6dc17c4
c7_kcnq_max8_chr22__pair03__candidate__0/output/grids/shift_0/run_6/stderr.log	112131	58926ba88351fec50eb748c2ca04771ccb1bfe087d44503874ae9e36ddb32044
c7_kcnq_max8_chr22__pair03__candidate__0/output/grids/shift_0/run_6/stdout.log	174	9835cc20b6480e6f6a46e96fd18e86c58a6d4b2ed0391cd214dbdc9475cce230
c7_kcnq_max8_chr22__pair03__candidate__0/output/grids/shift_0/run_6/wall_seconds.txt	10	825a4f15956c2fd0a30cd142b3c0587590bb9507137887058d2d0c0f569e1a89
c7_kcnq_max8_chr22__pair03__candidate__0/output/grids/shift_0/run_7/chr22-ENST00000597346.1_0_91667|segment_id=7|grid_shift=0|global_query_start=49152|global_query_end=51200-chr22-TFOsorted.archive-first.tfoa	2010371	daea96d1ecf80bf8454ac0a4dbbf2dded43fc2a43d65f323f66ced6105e0169c
c7_kcnq_max8_chr22__pair03__candidate__0/output/grids/shift_0/run_7/segment-complete.json	1181	530f58a5e3491767ea1f5fdd322e6e645ae7f4297b41918e7d6133c0fb5956c0
c7_kcnq_max8_chr22__pair03__candidate__0/output/grids/shift_0/run_7/stderr.log	112133	4a3a61a05fe54f299567375d820708ceb779114687ba0e0f3183eac82bcc1202
c7_kcnq_max8_chr22__pair03__candidate__0/output/grids/shift_0/run_7/stdout.log	174	c881948fedd51829050a73c6b0ee3b03e88ce55fd2ef1969b517ba6f48bfdeb7
c7_kcnq_max8_chr22__pair03__candidate__0/output/grids/shift_0/run_7/wall_seconds.txt	10	240b0acea6d101bb7453bb61a5cd041de8edb94d5ed8800361d3f2eefb2dc785
c7_kcnq_max8_chr22__pair03__candidate__0/output/grids/shift_0/segment_000.fa	2175	13217cc8319b058708bcad560f19d75c6cb1ffe42b8cd88b6f67fed5bf199b49
c7_kcnq_max8_chr22__pair03__candidate__0/output/grids/shift_0/segment_001.fa	2175	899fd58ebe8663b6d4359aaa03d4dee465232ddcc2d1890d8876be1deae23b02
c7_kcnq_max8_chr22__pair03__candidate__0/output/grids/shift_0/segment_002.fa	2175	ab0f4483198a6ff146546c738067f223881c091e5d326ef42914b7629b330c79
c7_kcnq_max8_chr22__pair03__candidate__0/output/grids/shift_0/segment_003.fa	2175	ba525aeb49902896990efcbe81016dee9b97d784e74f066eb236aefdefb67c71
c7_kcnq_max8_chr22__pair03__candidate__0/output/grids/shift_0/segment_004.fa	2175	058ec66491ddc57f1cbd770968ca348f0d4cdaa7f0eddc22f1e5be7befaf5992
c7_kcnq_max8_chr22__pair03__candidate__0/output/grids/shift_0/segment_005.fa	2175	12bbbac42b708f749c42ca17f00f44a8ea3d6f615b0be49f68bf7b077cf48b8c
c7_kcnq_max8_chr22__pair03__candidate__0/output/grids/shift_0/segment_006.fa	2175	05447672fdb20a3372f6a2c0e3f0104eeb9a7160125859a9c0c39f621d9b2461
c7_kcnq_max8_chr22__pair03__candidate__0/output/grids/shift_0/segment_007.fa	2175	cfbcaa86012b143d247b71c3a02515df3dec3771ba28d12c5772de93b51985d0
c7_kcnq_max8_chr22__pair03__candidate__0/output/grids/shift_0/segment_outputs.tsv	6279	f50e207292d5aca08f4ff409dd0233f5b7c7468877b91ea44d14781f56475176
c7_kcnq_max8_chr22__pair03__candidate__0/output/grids/shift_0/segments.tsv	1731	994b4fe4b096bc83c1eedbdd9044e6f9f7649673959e70a34064d8426ae12151
c7_kcnq_max8_chr22__pair03__candidate__0/output/grids/shift_256/merge_summary.txt	836	df337e4251c2496a96957b37b2b7bb66cba86d6886336eddcacb020e95efa84c
c7_kcnq_max8_chr22__pair03__candidate__0/output/grids/shift_256/merged-common-TFOsorted	222422338	3046dd022b345ae036fd968ecdbd26e581955668a16a0d4c94d57dadb04e9953
c7_kcnq_max8_chr22__pair03__candidate__0/output/grids/shift_256/run_0/chr22-ENST00000597346.1_0_91667|segment_id=0|grid_shift=256|global_query_start=38656|global_query_end=40704-chr22-TFOsorted.archive-first.tfoa	5553869	af60195f0bbfc6c0c64054080792514180a0c03e97d3c3f434db6d9703962219
c7_kcnq_max8_chr22__pair03__candidate__0/output/grids/shift_256/run_0/segment-complete.json	1187	d6a38e4b121561f9841d5929aa92dbf47ff856f3df078c451d302691dd594466
c7_kcnq_max8_chr22__pair03__candidate__0/output/grids/shift_256/run_0/stderr.log	112134	07ece896769eea8ab3c10c2a70d80c752fd0a70e672e0fc5c4b59e902c760261
c7_kcnq_max8_chr22__pair03__candidate__0/output/grids/shift_256/run_0/stdout.log	176	b66b8a9065411fa88228f2e0144aa28781231b42abadc933ea70dc2aebddc979
c7_kcnq_max8_chr22__pair03__candidate__0/output/grids/shift_256/run_0/wall_seconds.txt	10	b9f4dc2ed1013bc30a2f067923deeeeb4278f7604d4d75869e0b40bed06fa9fa
c7_kcnq_max8_chr22__pair03__candidate__0/output/grids/shift_256/run_1/chr22-ENST00000597346.1_0_91667|segment_id=1|grid_shift=256|global_query_start=40192|global_query_end=42240-chr22-TFOsorted.archive-first.tfoa	4925152	5b37c5c2dfbcd9f07c357c586280eb1db527ab33553f5de00944644007dd8bfe
c7_kcnq_max8_chr22__pair03__candidate__0/output/grids/shift_256/run_1/segment-complete.json	1187	d73f1bcb646ccb173dfdc465c39dec0bc8fd211d7c08ec774319588eb5d9c130
c7_kcnq_max8_chr22__pair03__candidate__0/output/grids/shift_256/run_1/stderr.log	112135	3a53c0bd8cc05e0bb8aec193d0696f7f9503975c65c2157ca47dc655d3c61f49
c7_kcnq_max8_chr22__pair03__candidate__0/output/grids/shift_256/run_1/stdout.log	176	e19afb6b84f0a94b35a0dc1301cc66462a6f69531dd3f9b1d584ac460b337eda
c7_kcnq_max8_chr22__pair03__candidate__0/output/grids/shift_256/run_1/wall_seconds.txt	10	2b96bad80a52955da2bbcb2dedbaba68cb355820367972195023b755e09f1df7
c7_kcnq_max8_chr22__pair03__candidate__0/output/grids/shift_256/run_2/chr22-ENST00000597346.1_0_91667|segment_id=2|grid_shift=256|global_query_start=41728|global_query_end=43776-chr22-TFOsorted.archive-first.tfoa	5040490	7e6d5e6dff746164a967346030c877bafd746f45f2e6745e05dc4a930292c8cc
c7_kcnq_max8_chr22__pair03__candidate__0/output/grids/shift_256/run_2/segment-complete.json	1187	7b9ab911384905d4b7cd221b665eef6de9cbcb8d8358c44f290243c0a437960b
c7_kcnq_max8_chr22__pair03__candidate__0/output/grids/shift_256/run_2/stderr.log	112137	fe66af12eaeeeb1d304cbf417a38383b17927e4e1b03b08768bd56bc2407294f
c7_kcnq_max8_chr22__pair03__candidate__0/output/grids/shift_256/run_2/stdout.log	176	e4dc4715e62a76ddafb4e46ac0d6507368645a4de9013aa2d18185a8d3917c62
c7_kcnq_max8_chr22__pair03__candidate__0/output/grids/shift_256/run_2/wall_seconds.txt	10	7b9350e6851dd061707dc48e1213cedc12c300427400464bbcde6b4abfc3a87f
c7_kcnq_max8_chr22__pair03__candidate__0/output/grids/shift_256/run_3/chr22-ENST00000597346.1_0_91667|segment_id=3|grid_shift=256|global_query_start=43264|global_query_end=45312-chr22-TFOsorted.archive-first.tfoa	12430090	8f4e1569862deb735f07e2cebaa09ad0d2de6491cf076e8023b0db1a06adf1c1
c7_kcnq_max8_chr22__pair03__candidate__0/output/grids/shift_256/run_3/segment-complete.json	1187	60d7691ffa61d444c86f734c7e3ce49ffa9575f33568b9c86fd2066c73530dff
c7_kcnq_max8_chr22__pair03__candidate__0/output/grids/shift_256/run_3/stderr.log	112131	ea36866659ec744c179eee3b91db1a9e633ebb24e23823e8fb28a5b081019748
c7_kcnq_max8_chr22__pair03__candidate__0/output/grids/shift_256/run_3/stdout.log	176	110248f127852ffb6f4e63ce7ba784a1f6817b4a59cb0adec4b818fd67cfdd07
c7_kcnq_max8_chr22__pair03__candidate__0/output/grids/shift_256/run_3/wall_seconds.txt	10	6d58cd18b349bb580f4b702d91a6de63f269a5dab497256e542578519a9313ca
c7_kcnq_max8_chr22__pair03__candidate__0/output/grids/shift_256/run_4/chr22-ENST00000597346.1_0_91667|segment_id=4|grid_shift=256|global_query_start=44800|global_query_end=46848-chr22-TFOsorted.archive-first.tfoa	12883640	666b1330bf220d7896d7faf89a93ffab3523510652e3bf2e0d470c88db455320
c7_kcnq_max8_chr22__pair03__candidate__0/output/grids/shift_256/run_4/segment-complete.json	1187	ec56e68f5370a576992697ac75f43ab3144e8026c37f2940068469a832d54fa2
c7_kcnq_max8_chr22__pair03__candidate__0/output/grids/shift_256/run_4/stderr.log	112136	5ea3a76b7bdf4283917f63c73cf1e7f64c04a54d50f8584cf77fa899deb7cfaa
c7_kcnq_max8_chr22__pair03__candidate__0/output/grids/shift_256/run_4/stdout.log	176	83540554c2d01343457e13feeb833160ebe880e812b71a0cafd3713e4db13fb1
c7_kcnq_max8_chr22__pair03__candidate__0/output/grids/shift_256/run_4/wall_seconds.txt	10	adbce5d483a7e16bb3acd34ff3db9b47ef028c0571f5e0c580bcdd780f5b6e37
c7_kcnq_max8_chr22__pair03__candidate__0/output/grids/shift_256/run_5/chr22-ENST00000597346.1_0_91667|segment_id=5|grid_shift=256|global_query_start=46336|global_query_end=48384-chr22-TFOsorted.archive-first.tfoa	2503169	e75182d47afdc6abbf1f382a6026fd6f0b1c6ce387462f53ab1b34c74b703325
c7_kcnq_max8_chr22__pair03__candidate__0/output/grids/shift_256/run_5/segment-complete.json	1187	9a1255b1462e1d26353538f27d71e9bbe691a4d0ef589d9d0038846c47a6bbc9
c7_kcnq_max8_chr22__pair03__candidate__0/output/grids/shift_256/run_5/stderr.log	112130	a119f8ef6d734c5d03347c8874f969a73b6375636eef45dd738882fb6be00c4f
c7_kcnq_max8_chr22__pair03__candidate__0/output/grids/shift_256/run_5/stdout.log	176	f2592d3e56fcdd3ed064d5dc2177dea23a014ece2e8a5d86b857cdc648910de8
c7_kcnq_max8_chr22__pair03__candidate__0/output/grids/shift_256/run_5/wall_seconds.txt	10	388f714d5d74443cda0debf60ed3a8f8e4fffe9073985b0251cf19720014043d
c7_kcnq_max8_chr22__pair03__candidate__0/output/grids/shift_256/run_6/chr22-ENST00000597346.1_0_91667|segment_id=6|grid_shift=256|global_query_start=47872|global_query_end=49920-chr22-TFOsorted.archive-first.tfoa	2675251	2e868604f794d969d575c7297c99479b15db01cfcf518544e527fc3b31c15583
c7_kcnq_max8_chr22__pair03__candidate__0/output/grids/shift_256/run_6/segment-complete.json	1187	c0752273786e4d0b8531c572b6053d4e128c1ad10a122af7a3df8242db836e2e
c7_kcnq_max8_chr22__pair03__candidate__0/output/grids/shift_256/run_6/stderr.log	112131	021bea16fb9ecbace415446a90530904afcca130339734daafa6c8aeefad7861
c7_kcnq_max8_chr22__pair03__candidate__0/output/grids/shift_256/run_6/stdout.log	176	f7e574a79dd4c650dd6282b51eed499bf61d5e632179990d164d8273785d8f4c
c7_kcnq_max8_chr22__pair03__candidate__0/output/grids/shift_256/run_6/wall_seconds.txt	10	2fcbd9a509444cc832f96a5027c8df93b180b375af67977d11cf4fc8c4eafbed
c7_kcnq_max8_chr22__pair03__candidate__0/output/grids/shift_256/run_7/chr22-ENST00000597346.1_0_91667|segment_id=7|grid_shift=256|global_query_start=49408|global_query_end=51456-chr22-TFOsorted.archive-first.tfoa	2005417	37e63537884ccdfb9d985c22a56d0b1818c04af207d722b36d2e4cf02858862d
c7_kcnq_max8_chr22__pair03__candidate__0/output/grids/shift_256/run_7/segment-complete.json	1187	8927ade6c80aa03ab0f2ffea8398592cd80bee1da9e866f108f15050f4a1e5c8
c7_kcnq_max8_chr22__pair03__candidate__0/output/grids/shift_256/run_7/stderr.log	112155	5522703b22a9a2bae4f5a4ca7a4294d9f6c0c78bb27e7339459894cdbc9553bb
c7_kcnq_max8_chr22__pair03__candidate__0/output/grids/shift_256/run_7/stdout.log	176	7ca7cae2b9fef4ffa888f52649b4193c4824fdb81b88d55510709324b0294b6c
c7_kcnq_max8_chr22__pair03__candidate__0/output/grids/shift_256/run_7/wall_seconds.txt	10	55c8fa5387353482ac6653425abb98b7f4bf789de0ef8e9b3a304afe0db56357
c7_kcnq_max8_chr22__pair03__candidate__0/output/grids/shift_256/segment_000.fa	2177	c202e081dd716a3201af17d91aaccdb9a6c493bac2ab20a0193711bb6cc067dc
c7_kcnq_max8_chr22__pair03__candidate__0/output/grids/shift_256/segment_001.fa	2177	94e4cc117d3ac101e26bc97fd8efeee08a9107a9a4c4519265849a096e978077
c7_kcnq_max8_chr22__pair03__candidate__0/output/grids/shift_256/segment_002.fa	2177	3957359cf8e2f2a585189b2a36bc2159825b135d2751d6df7dbc6f36927ced90
c7_kcnq_max8_chr22__pair03__candidate__0/output/grids/shift_256/segment_003.fa	2177	3e2e1ba042d7f1f6a73677f6490dcbc1d94ffcf05eb0df2c41e9435c6efe8768
c7_kcnq_max8_chr22__pair03__candidate__0/output/grids/shift_256/segment_004.fa	2177	a66a7a8af8dc56f4084dade6395252e7041dfd6d038904cb865908f4c3ad0e78
c7_kcnq_max8_chr22__pair03__candidate__0/output/grids/shift_256/segment_005.fa	2177	86dad937a962e313c7b77660942acd4f2761346222ac8bb1069c54f36d73e26f
c7_kcnq_max8_chr22__pair03__candidate__0/output/grids/shift_256/segment_006.fa	2177	b3ea6da2986d58037f30d399783ddff836960c78068db51dee25a3140105f9e3
c7_kcnq_max8_chr22__pair03__candidate__0/output/grids/shift_256/segment_007.fa	2177	a2cc8ab2843801ed433397eddece36b09f07300806ac43aa70ae47881206b65f
c7_kcnq_max8_chr22__pair03__candidate__0/output/grids/shift_256/segment_outputs.tsv	6327	3456bd1670a733b46b85a8d200a6f7aff8b6211cc4af1034c972b3b142221b38
c7_kcnq_max8_chr22__pair03__candidate__0/output/grids/shift_256/segments.tsv	1747	018613c6c408a56739da56f23ad67cd51c8a5fd3ccd743883b5a0dd97a598fbd
c7_kcnq_max8_chr22__pair03__candidate__0/output/offline_cluster_grid_compare.txt	689	012187ac5f22c34d3bc13ebbe89f99b64c8b470d01cba4f0dd8829506aace275
c7_kcnq_max8_chr22__pair03__candidate__0/output/offline_cluster_grid_compare_details.tsv	1267	c208525b3e90c1c6b5c4640035605c3aaa0ac35577f0566edcc08bda8483875d
c7_kcnq_max8_chr22__pair03__candidate__0/output/run-complete.json	886	f86e1bc5d3deef061b4d62f63a7a406d5fec72f34461d6c678f479c6d6e76d9c
c7_kcnq_max8_chr22__pair03__candidate__0/output/run-config.json	1517	e52e89456568544e7cefe46e73d6aa0cdaf97fa9e37056ad8eedfd3c07fd15e8
c7_kcnq_max8_chr22__pair03__candidate__0/output/summary.txt	5049	1ef0324aede59d6bab7128f43f8dd355a835b4b36befdfbb112a509c49e4dcb2
c7_kcnq_max8_chr22__pair03__candidate__0/output/window_summary.txt	744	5241685dba1f256def31ed5b8b867a98f41319110786e5b73e4e887c0736a7de
c7_kcnq_max8_chr22__pair03__candidate__0/run-complete.json	462	a3ffa8e48e0561329927998f2f4de35e87b22f5ffd46517d2bda0ba37bc87230
c7_kcnq_max8_chr22__pair03__candidate__0/run-config.json	1795	393324060c353895790398140ef477f09e649b969caf0e0e8dc7d2edcd49f69c
c7_kcnq_max8_chr22__pair03__candidate__0/stderr.log	0	e3b0c44298fc1c149afbf4c8996fb92427ae41e4649b934ca495991b7852b855
c7_kcnq_max8_chr22__pair03__candidate__0/stdout.log	5049	1ef0324aede59d6bab7128f43f8dd355a835b4b36befdfbb112a509c49e4dcb2
c7_kcnq_max8_chr22__pair03__candidate__0/summary.json	1217	b8b1e8361faaa00d4f6f94010a0a1ef7b9d48160e548c5f70c2cc963e755cc26
c7_kcnq_max8_chr22__pair03__candidate__0/time.txt	1668	d573f457152d51b86f06a0d4acb132d9cc01ab8223c07feb65567f72f1bc6bfa
c7_kcnq_max8_chr22__warmup__baseline__0/correctness.json	65	a278541fd198bfff0e1fbca1ef8e939bbc1f5b5432d8a6289fe649582d1a7f5e
c7_kcnq_max8_chr22__warmup__baseline__0/environment.json	25043	a20fd27b7c6652536dfe6a44e3c2f90dc7e21c4214d423ba9348c6446bfb5917
c7_kcnq_max8_chr22__warmup__baseline__0/execution.json	1143	fc02855f5edb8a4a634d42b334a6b6dc41dcfc6e96264811ecaa5445952051d1
c7_kcnq_max8_chr22__warmup__baseline__0/gpu-memory.csv	465572	10ec2c14dce4003e39a31b5c6abb615cd4caa55cb59f00ca1b1253dd02edc5ee
c7_kcnq_max8_chr22__warmup__baseline__0/inputs/query.fa	92840	fdf4dc2f0c02addb9b6995b5c381719c7c4114903c21aa8cccd4ae6eef31c664
c7_kcnq_max8_chr22__warmup__baseline__0/output/grids/shift_0/merge_summary.txt	829	f772535a019e1c9695f255085f3aa566c88bcafedc8ef13d8f15628ca2b0cf9a
c7_kcnq_max8_chr22__warmup__baseline__0/output/grids/shift_0/merged-common-TFOsorted	217429400	be2c6aa210b1c1414ef9582a1a3efea101f25c4ffecf11f2b214072469aef258
c7_kcnq_max8_chr22__warmup__baseline__0/output/grids/shift_0/run_0/chr22-ENST00000597346.1_0_91667|segment_id=0|grid_shift=0|global_query_start=38400|global_query_end=40448-chr22-TFOsorted.archive-first.tfoa	5639129	1db1eef5c3c08452b0c5120033dcf26efbd2fe06f250792837f0a6cd21bef2e3
c7_kcnq_max8_chr22__warmup__baseline__0/output/grids/shift_0/run_0/segment-complete.json	1179	d01cc68171fbd600aa24b3da11dcd2092bbcbd726f325e88a974cbc15dad3dbe
c7_kcnq_max8_chr22__warmup__baseline__0/output/grids/shift_0/run_0/stderr.log	112121	fff4847ddfbdb5463bb187ec1fadb7db502809bd351fdc760e6731f8bc627358
c7_kcnq_max8_chr22__warmup__baseline__0/output/grids/shift_0/run_0/stdout.log	174	12c2e0fa0d210b9cb5107b1fbf8585f3759d20a55d0db5caa0fbbce4b79739ed
c7_kcnq_max8_chr22__warmup__baseline__0/output/grids/shift_0/run_0/wall_seconds.txt	10	08d33840b8790a8f6e8e56885ecc5f329d01e13a4e20c04915a6d6eefd5ac888
c7_kcnq_max8_chr22__warmup__baseline__0/output/grids/shift_0/run_1/chr22-ENST00000597346.1_0_91667|segment_id=1|grid_shift=0|global_query_start=39936|global_query_end=41984-chr22-TFOsorted.archive-first.tfoa	5390795	df5c8e19df593da0f2ff625662d7be58b904323e689bbd2f433a12af9d262bbf
c7_kcnq_max8_chr22__warmup__baseline__0/output/grids/shift_0/run_1/segment-complete.json	1179	38fb438d17a7f146fb486e066c477c705d3222116d4285c723fd1d8950bfc382
c7_kcnq_max8_chr22__warmup__baseline__0/output/grids/shift_0/run_1/stderr.log	112120	403a93993b0720768108ee67d8c7db739a15e8aad6ed64ea7268f052709c732a
c7_kcnq_max8_chr22__warmup__baseline__0/output/grids/shift_0/run_1/stdout.log	174	489e4ef2a260c9b99605446f88054ff1fd3adc50c43a3db5ec6388c087c99ae0
c7_kcnq_max8_chr22__warmup__baseline__0/output/grids/shift_0/run_1/wall_seconds.txt	10	32f09402c15d68b07a24dc225af45b05fbd84284c5a01712c6245e3eb413d381
c7_kcnq_max8_chr22__warmup__baseline__0/output/grids/shift_0/run_2/chr22-ENST00000597346.1_0_91667|segment_id=2|grid_shift=0|global_query_start=41472|global_query_end=43520-chr22-TFOsorted.archive-first.tfoa	5119096	be0c297eb402fb10b4f6e0abb57ab5c9814144d5617a2122134f79bb7e0c1282
c7_kcnq_max8_chr22__warmup__baseline__0/output/grids/shift_0/run_2/segment-complete.json	1178	5f26051f12f8bcf345a51134e3202b0ee4cb26ce2bfb66eb76e9ad1f615db048
c7_kcnq_max8_chr22__warmup__baseline__0/output/grids/shift_0/run_2/stderr.log	112119	942d44c0c447b5bf6a7af5d7405320956fdb20f3fde5a79bacbc022773a2f525
c7_kcnq_max8_chr22__warmup__baseline__0/output/grids/shift_0/run_2/stdout.log	174	83aa8b44f3cb32774c7bd1cc3f195e0819c7b8b0d6c5c63ff7e86b1b80024f03
c7_kcnq_max8_chr22__warmup__baseline__0/output/grids/shift_0/run_2/wall_seconds.txt	10	cc6e718afe21dc5823d4341873f957350995ead04f4f7bb93c03d0ecadfcd61f
c7_kcnq_max8_chr22__warmup__baseline__0/output/grids/shift_0/run_3/chr22-ENST00000597346.1_0_91667|segment_id=3|grid_shift=0|global_query_start=43008|global_query_end=45056-chr22-TFOsorted.archive-first.tfoa	11511892	013d19eb326579ad4d7477300452b657111f16128bbe61ca7dc744d8ec60132c
c7_kcnq_max8_chr22__warmup__baseline__0/output/grids/shift_0/run_3/segment-complete.json	1179	c6a2733368857595fe49caadc55e792d4356b6e211e1fe0d6927ae1435329bd1
c7_kcnq_max8_chr22__warmup__baseline__0/output/grids/shift_0/run_3/stderr.log	112115	c1c692d8922f905dd5443fd5531abc3aeb92fe9d55bf3fdcdcdd8969d9e344a5
c7_kcnq_max8_chr22__warmup__baseline__0/output/grids/shift_0/run_3/stdout.log	174	3547666bf2039ac63cd24582e9f1b43bdec90d870472783f099f4ab3512cac88
c7_kcnq_max8_chr22__warmup__baseline__0/output/grids/shift_0/run_3/wall_seconds.txt	10	9b8f7007a0564b60442b2e3dbc27f603aad863d72bd7ff6346b9c45e95c0eea4
c7_kcnq_max8_chr22__warmup__baseline__0/output/grids/shift_0/run_4/chr22-ENST00000597346.1_0_91667|segment_id=4|grid_shift=0|global_query_start=44544|global_query_end=46592-chr22-TFOsorted.archive-first.tfoa	12913014	aefb453e113a986e63e981ab5e649ba36275d07705c5b645068925731c9a8cd3
c7_kcnq_max8_chr22__warmup__baseline__0/output/grids/shift_0/run_4/segment-complete.json	1179	b1017800176569d4d795a90a4ffd660d3fcffba9872baec1b493a25bc0179e1d
c7_kcnq_max8_chr22__warmup__baseline__0/output/grids/shift_0/run_4/stderr.log	112121	b8268bfac13e12e061ab406104db22d9bafdf42f90e24b15207351b2b71ab29e
c7_kcnq_max8_chr22__warmup__baseline__0/output/grids/shift_0/run_4/stdout.log	174	b9a1be51a3ec37e072c2e79e9f0ee429caaf8d8187db8837b9a5119db43ac97a
c7_kcnq_max8_chr22__warmup__baseline__0/output/grids/shift_0/run_4/wall_seconds.txt	10	4ca876ec93da312dca9fa34ba5b79751098a433bda0552ddcd5a211d659b6cc8
c7_kcnq_max8_chr22__warmup__baseline__0/output/grids/shift_0/run_5/chr22-ENST00000597346.1_0_91667|segment_id=5|grid_shift=0|global_query_start=46080|global_query_end=48128-chr22-TFOsorted.archive-first.tfoa	2771400	f749e24e69f4e7cdc91e771df708356754c2a61d9c4ac7190223c80f3f33fd8e
c7_kcnq_max8_chr22__warmup__baseline__0/output/grids/shift_0/run_5/segment-complete.json	1179	b2cd832129350ec48f34cfb7b32e05a5909b371be8b8f2c385f6cb4e4cba6213
c7_kcnq_max8_chr22__warmup__baseline__0/output/grids/shift_0/run_5/stderr.log	112113	226245f2cf09ec680edf2c28a9855336eb6776164b942c371e21d230198d71cf
c7_kcnq_max8_chr22__warmup__baseline__0/output/grids/shift_0/run_5/stdout.log	174	807265fbcc7baa4055c6d9d0d2c413d8667f421df5aba07fb70b278192be3de6
c7_kcnq_max8_chr22__warmup__baseline__0/output/grids/shift_0/run_5/wall_seconds.txt	10	242ebe531d31191b54d2cdea8de86c17475a0f6147292a007070e23a97839ab8
c7_kcnq_max8_chr22__warmup__baseline__0/output/grids/shift_0/run_6/chr22-ENST00000597346.1_0_91667|segment_id=6|grid_shift=0|global_query_start=47616|global_query_end=49664-chr22-TFOsorted.archive-first.tfoa	2393379	f52292a6ceb1f16e99af83fbe084a1cfa7371866795ffb61619835b511aa3af8
c7_kcnq_max8_chr22__warmup__baseline__0/output/grids/shift_0/run_6/segment-complete.json	1179	8b95ab3d6570958c42a3455db818c29b733e086363c8582f4e443faaf932423e
c7_kcnq_max8_chr22__warmup__baseline__0/output/grids/shift_0/run_6/stderr.log	112114	f9ff8f59476780263faba40948d3fe5a8118e7d89ece0d6802cac1c70733392c
c7_kcnq_max8_chr22__warmup__baseline__0/output/grids/shift_0/run_6/stdout.log	174	42f9629bfaaeed9700cbc097b07fd2dd4b86348bc2df4ba69f66facc4f58a028
c7_kcnq_max8_chr22__warmup__baseline__0/output/grids/shift_0/run_6/wall_seconds.txt	10	e80a25ac28be0e6ab60ae883fc332f440aa078089cc3e3a32946996a31cb58bf
c7_kcnq_max8_chr22__warmup__baseline__0/output/grids/shift_0/run_7/chr22-ENST00000597346.1_0_91667|segment_id=7|grid_shift=0|global_query_start=49152|global_query_end=51200-chr22-TFOsorted.archive-first.tfoa	2010371	daea96d1ecf80bf8454ac0a4dbbf2dded43fc2a43d65f323f66ced6105e0169c
c7_kcnq_max8_chr22__warmup__baseline__0/output/grids/shift_0/run_7/segment-complete.json	1179	0a7e4059f57a08b3790a779abbcc68e93c7762fc063f829aa2bfd408b5f38ebf
c7_kcnq_max8_chr22__warmup__baseline__0/output/grids/shift_0/run_7/stderr.log	112114	2126685e7df62aec27b179c41202387cc5d28e82a118e7f470adfc29446a3cfd
c7_kcnq_max8_chr22__warmup__baseline__0/output/grids/shift_0/run_7/stdout.log	174	1ca51f94baacbd6ba7318460cf6b850864d0d28ccc623bec6b351343efe90c9e
c7_kcnq_max8_chr22__warmup__baseline__0/output/grids/shift_0/run_7/wall_seconds.txt	10	b4ef73aa8c325ca5de90558bb3d55e24eaccec11058ca4563685107b07acfa0a
c7_kcnq_max8_chr22__warmup__baseline__0/output/grids/shift_0/segment_000.fa	2175	13217cc8319b058708bcad560f19d75c6cb1ffe42b8cd88b6f67fed5bf199b49
c7_kcnq_max8_chr22__warmup__baseline__0/output/grids/shift_0/segment_001.fa	2175	899fd58ebe8663b6d4359aaa03d4dee465232ddcc2d1890d8876be1deae23b02
c7_kcnq_max8_chr22__warmup__baseline__0/output/grids/shift_0/segment_002.fa	2175	ab0f4483198a6ff146546c738067f223881c091e5d326ef42914b7629b330c79
c7_kcnq_max8_chr22__warmup__baseline__0/output/grids/shift_0/segment_003.fa	2175	ba525aeb49902896990efcbe81016dee9b97d784e74f066eb236aefdefb67c71
c7_kcnq_max8_chr22__warmup__baseline__0/output/grids/shift_0/segment_004.fa	2175	058ec66491ddc57f1cbd770968ca348f0d4cdaa7f0eddc22f1e5be7befaf5992
c7_kcnq_max8_chr22__warmup__baseline__0/output/grids/shift_0/segment_005.fa	2175	12bbbac42b708f749c42ca17f00f44a8ea3d6f615b0be49f68bf7b077cf48b8c
c7_kcnq_max8_chr22__warmup__baseline__0/output/grids/shift_0/segment_006.fa	2175	05447672fdb20a3372f6a2c0e3f0104eeb9a7160125859a9c0c39f621d9b2461
c7_kcnq_max8_chr22__warmup__baseline__0/output/grids/shift_0/segment_007.fa	2175	cfbcaa86012b143d247b71c3a02515df3dec3771ba28d12c5772de93b51985d0
c7_kcnq_max8_chr22__warmup__baseline__0/output/grids/shift_0/segment_outputs.tsv	6263	c8c05bd5414438e9a97926becc65737b77037af274975a55b0c54b576501ccc8
c7_kcnq_max8_chr22__warmup__baseline__0/output/grids/shift_0/segments.tsv	1723	a81d4f2c585059f894ae58283c1eefaee88e7ab627bcc6791a407605dcb94113
c7_kcnq_max8_chr22__warmup__baseline__0/output/grids/shift_256/merge_summary.txt	834	f4ca2a8140ee4698784826c26b002f00d660045349b93f0286974e0c43227c23
c7_kcnq_max8_chr22__warmup__baseline__0/output/grids/shift_256/merged-common-TFOsorted	222422338	3046dd022b345ae036fd968ecdbd26e581955668a16a0d4c94d57dadb04e9953
c7_kcnq_max8_chr22__warmup__baseline__0/output/grids/shift_256/run_0/chr22-ENST00000597346.1_0_91667|segment_id=0|grid_shift=256|global_query_start=38656|global_query_end=40704-chr22-TFOsorted.archive-first.tfoa	5553869	af60195f0bbfc6c0c64054080792514180a0c03e97d3c3f434db6d9703962219
c7_kcnq_max8_chr22__warmup__baseline__0/output/grids/shift_256/run_0/segment-complete.json	1185	760b828cfed9c53907e86fed50b70f59aec832ae38704c325a895d88eac9b881
c7_kcnq_max8_chr22__warmup__baseline__0/output/grids/shift_256/run_0/stderr.log	112120	632f5170cf9ba15acaecd9ff76300b45454b0b6e9862c08e7872cdfe5151a254
c7_kcnq_max8_chr22__warmup__baseline__0/output/grids/shift_256/run_0/stdout.log	176	727e4b0a4d61befa2353d24bcf6579e9ceb2b3ed6933db39a7a11cd4cd4f4c87
c7_kcnq_max8_chr22__warmup__baseline__0/output/grids/shift_256/run_0/wall_seconds.txt	10	35e58a6ba3350d20562cda6cb75c36184ac10e6b71e41b186f2f71112e42de7f
c7_kcnq_max8_chr22__warmup__baseline__0/output/grids/shift_256/run_1/chr22-ENST00000597346.1_0_91667|segment_id=1|grid_shift=256|global_query_start=40192|global_query_end=42240-chr22-TFOsorted.archive-first.tfoa	4925152	5b37c5c2dfbcd9f07c357c586280eb1db527ab33553f5de00944644007dd8bfe
c7_kcnq_max8_chr22__warmup__baseline__0/output/grids/shift_256/run_1/segment-complete.json	1185	36ce0652a0160eee9a9e763ae008b7d128b2db6da7e31d21df12fa7b730c1db2
c7_kcnq_max8_chr22__warmup__baseline__0/output/grids/shift_256/run_1/stderr.log	112121	04ca4ce3132bab2de7476adf3db1f093ba26a26cd8c33c1e46463fa0f7db4756
c7_kcnq_max8_chr22__warmup__baseline__0/output/grids/shift_256/run_1/stdout.log	176	70108b2860f6a1ec3c6d67b3d4bf2398a2ac64143fd4298d3520eb1ec7045feb
c7_kcnq_max8_chr22__warmup__baseline__0/output/grids/shift_256/run_1/wall_seconds.txt	10	f4565c89eb802a393c990a81a28a096417fc786f800f41778d21afc4a4c126a2
c7_kcnq_max8_chr22__warmup__baseline__0/output/grids/shift_256/run_2/chr22-ENST00000597346.1_0_91667|segment_id=2|grid_shift=256|global_query_start=41728|global_query_end=43776-chr22-TFOsorted.archive-first.tfoa	5040490	7e6d5e6dff746164a967346030c877bafd746f45f2e6745e05dc4a930292c8cc
c7_kcnq_max8_chr22__warmup__baseline__0/output/grids/shift_256/run_2/segment-complete.json	1185	741dd8907f381c5d113f45a741e4f6fa67c0de53ef645676871152e44157e8a3
c7_kcnq_max8_chr22__warmup__baseline__0/output/grids/shift_256/run_2/stderr.log	112117	df3fcf6069abbe8a3322025b2bd45e66602666eee781478165519870081cef83
c7_kcnq_max8_chr22__warmup__baseline__0/output/grids/shift_256/run_2/stdout.log	176	87bfbb19b46458845e8f21d3c9169e633967876559cc8a5d712e9ff437f168e8
c7_kcnq_max8_chr22__warmup__baseline__0/output/grids/shift_256/run_2/wall_seconds.txt	10	a2e413d4e60ac2ea2ccdf67ab9c7790bc7203434e9843e081e12a166b592d696
c7_kcnq_max8_chr22__warmup__baseline__0/output/grids/shift_256/run_3/chr22-ENST00000597346.1_0_91667|segment_id=3|grid_shift=256|global_query_start=43264|global_query_end=45312-chr22-TFOsorted.archive-first.tfoa	12430090	8f4e1569862deb735f07e2cebaa09ad0d2de6491cf076e8023b0db1a06adf1c1
c7_kcnq_max8_chr22__warmup__baseline__0/output/grids/shift_256/run_3/segment-complete.json	1185	a5cd8e60720dc580b2ba91ac7049447da39a6dd1804dd64859f5512a226f30c7
c7_kcnq_max8_chr22__warmup__baseline__0/output/grids/shift_256/run_3/stderr.log	112114	395318ed70d608ad8011651e6d886ac6e51829a4f28a110ee45d62acc66e4702
c7_kcnq_max8_chr22__warmup__baseline__0/output/grids/shift_256/run_3/stdout.log	176	fe195439647d2dd6d2af7461d02daac95b2869152fedd8c0044d5e04303efd4f
c7_kcnq_max8_chr22__warmup__baseline__0/output/grids/shift_256/run_3/wall_seconds.txt	10	379b8ba9734e045a927c19b847c913565c2887ac45a36aa8f631242097bc5e6c
c7_kcnq_max8_chr22__warmup__baseline__0/output/grids/shift_256/run_4/chr22-ENST00000597346.1_0_91667|segment_id=4|grid_shift=256|global_query_start=44800|global_query_end=46848-chr22-TFOsorted.archive-first.tfoa	12883640	666b1330bf220d7896d7faf89a93ffab3523510652e3bf2e0d470c88db455320
c7_kcnq_max8_chr22__warmup__baseline__0/output/grids/shift_256/run_4/segment-complete.json	1184	bc973e29f1573aa47ab60f179fff6bf78aef87e7c609ce8acef458dac5846539
c7_kcnq_max8_chr22__warmup__baseline__0/output/grids/shift_256/run_4/stderr.log	112117	0646ca8c438655c679760c2970910c779ddff4f4ae3463bfe0bd83cd03ed65e0
c7_kcnq_max8_chr22__warmup__baseline__0/output/grids/shift_256/run_4/stdout.log	176	a647989ac350065f9eabceaba712288b0802cc7cc05107ea875a5bfbc2defc78
c7_kcnq_max8_chr22__warmup__baseline__0/output/grids/shift_256/run_4/wall_seconds.txt	10	2ceaf8231d2853661e0ed4e643d39847ebe994e29e99ba5883d16a28cbc219ac
c7_kcnq_max8_chr22__warmup__baseline__0/output/grids/shift_256/run_5/chr22-ENST00000597346.1_0_91667|segment_id=5|grid_shift=256|global_query_start=46336|global_query_end=48384-chr22-TFOsorted.archive-first.tfoa	2503169	e75182d47afdc6abbf1f382a6026fd6f0b1c6ce387462f53ab1b34c74b703325
c7_kcnq_max8_chr22__warmup__baseline__0/output/grids/shift_256/run_5/segment-complete.json	1185	7e62af543a39dedb2475cab387aeb1b7a9e3d22135f89980ac57eaab22bd4b2f
c7_kcnq_max8_chr22__warmup__baseline__0/output/grids/shift_256/run_5/stderr.log	112112	779279ad74914c569331ed46d119031ced6294950e54ebf1d7b69dc9033595d1
c7_kcnq_max8_chr22__warmup__baseline__0/output/grids/shift_256/run_5/stdout.log	176	7f82faf4b5dcef44686e1dd0d818b7f1b85a728a61d6333fdd5ebe71f928c10b
c7_kcnq_max8_chr22__warmup__baseline__0/output/grids/shift_256/run_5/wall_seconds.txt	10	f8a2fd7bb3dc1c3b391ebbd757b7953ea9a79646a60795b168852cb7bbb9d981
c7_kcnq_max8_chr22__warmup__baseline__0/output/grids/shift_256/run_6/chr22-ENST00000597346.1_0_91667|segment_id=6|grid_shift=256|global_query_start=47872|global_query_end=49920-chr22-TFOsorted.archive-first.tfoa	2675251	2e868604f794d969d575c7297c99479b15db01cfcf518544e527fc3b31c15583
c7_kcnq_max8_chr22__warmup__baseline__0/output/grids/shift_256/run_6/segment-complete.json	1185	c92311951775891d27c964d79ea43e91790d43cd32ebcf92a0b1244ec834a47b
c7_kcnq_max8_chr22__warmup__baseline__0/output/grids/shift_256/run_6/stderr.log	112116	646c31584b957e0ac1fb23addd06cedcc25ff2cae7495e2f1044d9f3a40aa6bc
c7_kcnq_max8_chr22__warmup__baseline__0/output/grids/shift_256/run_6/stdout.log	175	977f326abd1a3faaec7093e7463de9d9efc781b7b09348a74b51b359f4b5ca94
c7_kcnq_max8_chr22__warmup__baseline__0/output/grids/shift_256/run_6/wall_seconds.txt	10	829d8162ea028dc85a5ffaff8a197544df30b64b8fb45ed00e27e5bbdd2b90ed
c7_kcnq_max8_chr22__warmup__baseline__0/output/grids/shift_256/run_7/chr22-ENST00000597346.1_0_91667|segment_id=7|grid_shift=256|global_query_start=49408|global_query_end=51456-chr22-TFOsorted.archive-first.tfoa	2005417	37e63537884ccdfb9d985c22a56d0b1818c04af207d722b36d2e4cf02858862d
c7_kcnq_max8_chr22__warmup__baseline__0/output/grids/shift_256/run_7/segment-complete.json	1185	b693b5d87bed0c8c3c19630dfb46e20052d1ec6e66c3b003f4c30ceb598feb6b
c7_kcnq_max8_chr22__warmup__baseline__0/output/grids/shift_256/run_7/stderr.log	112130	08eb068b278e021d302dcd193c6cb62c0575239f9cb498955134391dccb4d9ea
c7_kcnq_max8_chr22__warmup__baseline__0/output/grids/shift_256/run_7/stdout.log	176	75470517e6c66c2d90e7396c4a78b12e7d0062b8d3063191e339fcc04b2efa39
c7_kcnq_max8_chr22__warmup__baseline__0/output/grids/shift_256/run_7/wall_seconds.txt	10	4a08356714b1998ad3a1653fad8428a7e83e7d640cd18e4b62921f350b64a177
c7_kcnq_max8_chr22__warmup__baseline__0/output/grids/shift_256/segment_000.fa	2177	c202e081dd716a3201af17d91aaccdb9a6c493bac2ab20a0193711bb6cc067dc
c7_kcnq_max8_chr22__warmup__baseline__0/output/grids/shift_256/segment_001.fa	2177	94e4cc117d3ac101e26bc97fd8efeee08a9107a9a4c4519265849a096e978077
c7_kcnq_max8_chr22__warmup__baseline__0/output/grids/shift_256/segment_002.fa	2177	3957359cf8e2f2a585189b2a36bc2159825b135d2751d6df7dbc6f36927ced90
c7_kcnq_max8_chr22__warmup__baseline__0/output/grids/shift_256/segment_003.fa	2177	3e2e1ba042d7f1f6a73677f6490dcbc1d94ffcf05eb0df2c41e9435c6efe8768
c7_kcnq_max8_chr22__warmup__baseline__0/output/grids/shift_256/segment_004.fa	2177	a66a7a8af8dc56f4084dade6395252e7041dfd6d038904cb865908f4c3ad0e78
c7_kcnq_max8_chr22__warmup__baseline__0/output/grids/shift_256/segment_005.fa	2177	86dad937a962e313c7b77660942acd4f2761346222ac8bb1069c54f36d73e26f
c7_kcnq_max8_chr22__warmup__baseline__0/output/grids/shift_256/segment_006.fa	2177	b3ea6da2986d58037f30d399783ddff836960c78068db51dee25a3140105f9e3
c7_kcnq_max8_chr22__warmup__baseline__0/output/grids/shift_256/segment_007.fa	2177	a2cc8ab2843801ed433397eddece36b09f07300806ac43aa70ae47881206b65f
c7_kcnq_max8_chr22__warmup__baseline__0/output/grids/shift_256/segment_outputs.tsv	6311	b5fb1597d920e6b7006e03ffb4826a2efcc73b7f060b66bdb82798fe72542a66
c7_kcnq_max8_chr22__warmup__baseline__0/output/grids/shift_256/segments.tsv	1739	dd935a7de558acfa5ba1119da8aae25e68c4b2c89b13f5e70a46681a0ce22a3c
c7_kcnq_max8_chr22__warmup__baseline__0/output/offline_cluster_grid_compare.txt	687	7e4899138793f73f2adc2dedad2ac21a5aba2be4d25d8a9bf5ee601684ec3a82
c7_kcnq_max8_chr22__warmup__baseline__0/output/offline_cluster_grid_compare_details.tsv	1267	c208525b3e90c1c6b5c4640035605c3aaa0ac35577f0566edcc08bda8483875d
c7_kcnq_max8_chr22__warmup__baseline__0/output/run-complete.json	884	b6362dbaf8c6f089aaa890a9a6ea3faf456948bd8b7e529c1082cca9ce8ad2f2
c7_kcnq_max8_chr22__warmup__baseline__0/output/run-config.json	1519	d74b99549c27a591367dedf9aaa3228cfcce5477ca3b802743c5439223cd354b
c7_kcnq_max8_chr22__warmup__baseline__0/output/summary.txt	5047	2fa61ec400ef30d213ca053fb60a55fc06e59ca5aea24b9fdcb9ad87abce9442
c7_kcnq_max8_chr22__warmup__baseline__0/output/window_summary.txt	742	bbb9f6dbe462859ddd4690216d4f0bdacd2eb2cfcca47d32e2e15595dfdb3b53
c7_kcnq_max8_chr22__warmup__baseline__0/run-complete.json	461	b52df498f9d7196f542261838ef1bb2059c74edc079b245aca0c4f0c770fd2b0
c7_kcnq_max8_chr22__warmup__baseline__0/run-config.json	1791	b102c56cd06ca932ff7406658d15a6f52ea9a58826956cade210f8463b0dd1af
c7_kcnq_max8_chr22__warmup__baseline__0/stderr.log	0	e3b0c44298fc1c149afbf4c8996fb92427ae41e4649b934ca495991b7852b855
c7_kcnq_max8_chr22__warmup__baseline__0/stdout.log	5047	2fa61ec400ef30d213ca053fb60a55fc06e59ca5aea24b9fdcb9ad87abce9442
c7_kcnq_max8_chr22__warmup__baseline__0/summary.json	1212	ffcc0230eb6e6733c188aef6b31bed88b825010c2de22cd6b0f9408e9f7a7a48
c7_kcnq_max8_chr22__warmup__baseline__0/time.txt	1666	f749588ce13f80a0d3cf39de3d6a1a46d39921029b9752eafc242771220e1bdf
c7_kcnq_max8_chr22__warmup__candidate__0/correctness.json	65	a278541fd198bfff0e1fbca1ef8e939bbc1f5b5432d8a6289fe649582d1a7f5e
c7_kcnq_max8_chr22__warmup__candidate__0/environment.json	25043	76baf8dc205fbde36cfd729d46e0fbdb18d847e428c984501c9c0cfb7e00cfd2
c7_kcnq_max8_chr22__warmup__candidate__0/execution.json	1145	c7f56d616deed3fa7dffaa054ef42e002c14b35cad36ba0e5896350992fe5136
c7_kcnq_max8_chr22__warmup__candidate__0/gpu-memory.csv	427191	936c7022761c2f50b91efa5be8a0af6a863111b9f1ffce46be304cfecbdbd441
c7_kcnq_max8_chr22__warmup__candidate__0/inputs/query.fa	92840	fdf4dc2f0c02addb9b6995b5c381719c7c4114903c21aa8cccd4ae6eef31c664
c7_kcnq_max8_chr22__warmup__candidate__0/output/grids/shift_0/merge_summary.txt	832	a991d46fb9f742d6a0922ced2d3f5d80ac24e00f8d68e88e1d0d66e59b5e78c7
c7_kcnq_max8_chr22__warmup__candidate__0/output/grids/shift_0/merged-common-TFOsorted	217429400	be2c6aa210b1c1414ef9582a1a3efea101f25c4ffecf11f2b214072469aef258
c7_kcnq_max8_chr22__warmup__candidate__0/output/grids/shift_0/run_0/chr22-ENST00000597346.1_0_91667|segment_id=0|grid_shift=0|global_query_start=38400|global_query_end=40448-chr22-TFOsorted.archive-first.tfoa	5639129	1db1eef5c3c08452b0c5120033dcf26efbd2fe06f250792837f0a6cd21bef2e3
c7_kcnq_max8_chr22__warmup__candidate__0/output/grids/shift_0/run_0/segment-complete.json	1181	574a20692ca7321e2d8d12fad0c9101983b412812df705a05ec38b7e14217f40
c7_kcnq_max8_chr22__warmup__candidate__0/output/grids/shift_0/run_0/stderr.log	112141	bbe76d995e87591c9137f0594b4229a5e855294dd415e14297af6b137ca7b986
c7_kcnq_max8_chr22__warmup__candidate__0/output/grids/shift_0/run_0/stdout.log	174	32f141146d8e5f77b438d145e4b7e76ed0a2a5ca2f34b429a523a718572f8be7
c7_kcnq_max8_chr22__warmup__candidate__0/output/grids/shift_0/run_0/wall_seconds.txt	10	a3914696affafeb515aa3fe6178779a1e8e97dcf5c5ed3937f27328a787a19fc
c7_kcnq_max8_chr22__warmup__candidate__0/output/grids/shift_0/run_1/chr22-ENST00000597346.1_0_91667|segment_id=1|grid_shift=0|global_query_start=39936|global_query_end=41984-chr22-TFOsorted.archive-first.tfoa	5390795	df5c8e19df593da0f2ff625662d7be58b904323e689bbd2f433a12af9d262bbf
c7_kcnq_max8_chr22__warmup__candidate__0/output/grids/shift_0/run_1/segment-complete.json	1181	a2442dc248d782a49e69801e825dcccc44b30baa1f4fe1ed4bb361edd304e69c
c7_kcnq_max8_chr22__warmup__candidate__0/output/grids/shift_0/run_1/stderr.log	112136	82c0d1266459375316ada8770b3bc15965194a3ee8b43ebc72f1744ac2c764b6
c7_kcnq_max8_chr22__warmup__candidate__0/output/grids/shift_0/run_1/stdout.log	174	9252a62f72288b4ed0c298811413da576271bd3e1d8123ed00a1454ab24b8b1f
c7_kcnq_max8_chr22__warmup__candidate__0/output/grids/shift_0/run_1/wall_seconds.txt	10	3d0bd93d07192ec048df974dfaadcb9dfcc314ab19452ce17075781f73dd0705
c7_kcnq_max8_chr22__warmup__candidate__0/output/grids/shift_0/run_2/chr22-ENST00000597346.1_0_91667|segment_id=2|grid_shift=0|global_query_start=41472|global_query_end=43520-chr22-TFOsorted.archive-first.tfoa	5119096	be0c297eb402fb10b4f6e0abb57ab5c9814144d5617a2122134f79bb7e0c1282
c7_kcnq_max8_chr22__warmup__candidate__0/output/grids/shift_0/run_2/segment-complete.json	1181	5ea58b1b84df9f45e44a662fe71edf77c22807d222e8a14492e72fa1d47c7321
c7_kcnq_max8_chr22__warmup__candidate__0/output/grids/shift_0/run_2/stderr.log	112130	e36372594ac8267f8d1138e54da403d7fa94e4475c43ade6d89f6766e3e10c77
c7_kcnq_max8_chr22__warmup__candidate__0/output/grids/shift_0/run_2/stdout.log	173	ab94e4bf1f91b9515e8a81af56c082f52e083b85c5005e0797650adb0fe212ef
c7_kcnq_max8_chr22__warmup__candidate__0/output/grids/shift_0/run_2/wall_seconds.txt	10	4f387e846ab42679ae29c9468cc5b4d5ccba88b42a0a64e4dca2c3be6cac7232
c7_kcnq_max8_chr22__warmup__candidate__0/output/grids/shift_0/run_3/chr22-ENST00000597346.1_0_91667|segment_id=3|grid_shift=0|global_query_start=43008|global_query_end=45056-chr22-TFOsorted.archive-first.tfoa	11511892	013d19eb326579ad4d7477300452b657111f16128bbe61ca7dc744d8ec60132c
c7_kcnq_max8_chr22__warmup__candidate__0/output/grids/shift_0/run_3/segment-complete.json	1181	b2c7b00b4e54851827691b0f3277cb57d8e8295a415be9e35caf16ca69a50777
c7_kcnq_max8_chr22__warmup__candidate__0/output/grids/shift_0/run_3/stderr.log	112132	c3688e85343c87e4b724eff50f57f55f3948a1a9d01e6c0619c6ce6a82696db9
c7_kcnq_max8_chr22__warmup__candidate__0/output/grids/shift_0/run_3/stdout.log	174	0d9e605fb7af76f2c5425300f4e7f80ccb1f01f5bf577d7dc9cc3e853a3903fa
c7_kcnq_max8_chr22__warmup__candidate__0/output/grids/shift_0/run_3/wall_seconds.txt	10	7bd7d2bf933def3e7453da4bb2b8dc972cd1a3a7b9996e4ad88d55b36341b344
c7_kcnq_max8_chr22__warmup__candidate__0/output/grids/shift_0/run_4/chr22-ENST00000597346.1_0_91667|segment_id=4|grid_shift=0|global_query_start=44544|global_query_end=46592-chr22-TFOsorted.archive-first.tfoa	12913014	aefb453e113a986e63e981ab5e649ba36275d07705c5b645068925731c9a8cd3
c7_kcnq_max8_chr22__warmup__candidate__0/output/grids/shift_0/run_4/segment-complete.json	1181	9dde1771f4fa3b2ba63f537a5d8aff51d3caa5ee2c52404752d4a17ffd7f7ff1
c7_kcnq_max8_chr22__warmup__candidate__0/output/grids/shift_0/run_4/stderr.log	112138	c0cf5c157561a334f04e1ffc6c3154889b1291b89cdf942395507bf11ad83e81
c7_kcnq_max8_chr22__warmup__candidate__0/output/grids/shift_0/run_4/stdout.log	174	8efc0e7ed6d33bfe1a3143998c86d38856bcf81430d53cba472626006466b94d
c7_kcnq_max8_chr22__warmup__candidate__0/output/grids/shift_0/run_4/wall_seconds.txt	10	e170fa100326353b8091973ea3e3b8718f1192168d71f9ac9c7901f4251b3a12
c7_kcnq_max8_chr22__warmup__candidate__0/output/grids/shift_0/run_5/chr22-ENST00000597346.1_0_91667|segment_id=5|grid_shift=0|global_query_start=46080|global_query_end=48128-chr22-TFOsorted.archive-first.tfoa	2771400	f749e24e69f4e7cdc91e771df708356754c2a61d9c4ac7190223c80f3f33fd8e
c7_kcnq_max8_chr22__warmup__candidate__0/output/grids/shift_0/run_5/segment-complete.json	1181	399a67dbad0a8bf66b97d3de377fbbbfa79d91a95feb974332223bcf88d06f48
c7_kcnq_max8_chr22__warmup__candidate__0/output/grids/shift_0/run_5/stderr.log	112132	f6297ec14e0ed20f663a32aa305694a9d1ff316729ccf704be2e75e734a1a947
c7_kcnq_max8_chr22__warmup__candidate__0/output/grids/shift_0/run_5/stdout.log	174	1fb00b6fb7f301ffaea65fc408eee40368579eea6ab49125554a9695a9ca6523
c7_kcnq_max8_chr22__warmup__candidate__0/output/grids/shift_0/run_5/wall_seconds.txt	10	0f5a407e860d9691a32eefcdf60ddae798ea2c0eaff0249f016d77ac4e7c5ff7
c7_kcnq_max8_chr22__warmup__candidate__0/output/grids/shift_0/run_6/chr22-ENST00000597346.1_0_91667|segment_id=6|grid_shift=0|global_query_start=47616|global_query_end=49664-chr22-TFOsorted.archive-first.tfoa	2393379	f52292a6ceb1f16e99af83fbe084a1cfa7371866795ffb61619835b511aa3af8
c7_kcnq_max8_chr22__warmup__candidate__0/output/grids/shift_0/run_6/segment-complete.json	1181	0b2b783b9fbf3464d841146419cd3e28612b7592f49311facfd152ab9b28f25e
c7_kcnq_max8_chr22__warmup__candidate__0/output/grids/shift_0/run_6/stderr.log	112131	41277ae67382b068912822ec357d4f61d0b1c87740b88645e785df7323e8c9ef
c7_kcnq_max8_chr22__warmup__candidate__0/output/grids/shift_0/run_6/stdout.log	174	d0097cb01a8a46aa7f1dcf092171f6bb7a68ca36ca30780bc16467e39bfb1fb2
c7_kcnq_max8_chr22__warmup__candidate__0/output/grids/shift_0/run_6/wall_seconds.txt	10	59fd0020f18cb190f0bb554fa9c32e2794add32979be86569310c72ed5d2ec4a
c7_kcnq_max8_chr22__warmup__candidate__0/output/grids/shift_0/run_7/chr22-ENST00000597346.1_0_91667|segment_id=7|grid_shift=0|global_query_start=49152|global_query_end=51200-chr22-TFOsorted.archive-first.tfoa	2010371	daea96d1ecf80bf8454ac0a4dbbf2dded43fc2a43d65f323f66ced6105e0169c
c7_kcnq_max8_chr22__warmup__candidate__0/output/grids/shift_0/run_7/segment-complete.json	1181	74ac59b2b135cbc74027eddf01fd34315dc9fd9d6c4d98da163146ac634c16c2
c7_kcnq_max8_chr22__warmup__candidate__0/output/grids/shift_0/run_7/stderr.log	112136	d0b0880ed00a8569343d1d4c2e7a59ec2fa3ded15af5bef60505be90acf9b05d
c7_kcnq_max8_chr22__warmup__candidate__0/output/grids/shift_0/run_7/stdout.log	174	f661983963e5b415f82d98f391c042c2077a1376f730c44fa3f168ec634f61a0
c7_kcnq_max8_chr22__warmup__candidate__0/output/grids/shift_0/run_7/wall_seconds.txt	10	4d6a8f4c802aca5c40b7f002c514d865234e95344b01235639470032063b586f
c7_kcnq_max8_chr22__warmup__candidate__0/output/grids/shift_0/segment_000.fa	2175	13217cc8319b058708bcad560f19d75c6cb1ffe42b8cd88b6f67fed5bf199b49
c7_kcnq_max8_chr22__warmup__candidate__0/output/grids/shift_0/segment_001.fa	2175	899fd58ebe8663b6d4359aaa03d4dee465232ddcc2d1890d8876be1deae23b02
c7_kcnq_max8_chr22__warmup__candidate__0/output/grids/shift_0/segment_002.fa	2175	ab0f4483198a6ff146546c738067f223881c091e5d326ef42914b7629b330c79
c7_kcnq_max8_chr22__warmup__candidate__0/output/grids/shift_0/segment_003.fa	2175	ba525aeb49902896990efcbe81016dee9b97d784e74f066eb236aefdefb67c71
c7_kcnq_max8_chr22__warmup__candidate__0/output/grids/shift_0/segment_004.fa	2175	058ec66491ddc57f1cbd770968ca348f0d4cdaa7f0eddc22f1e5be7befaf5992
c7_kcnq_max8_chr22__warmup__candidate__0/output/grids/shift_0/segment_005.fa	2175	12bbbac42b708f749c42ca17f00f44a8ea3d6f615b0be49f68bf7b077cf48b8c
c7_kcnq_max8_chr22__warmup__candidate__0/output/grids/shift_0/segment_006.fa	2175	05447672fdb20a3372f6a2c0e3f0104eeb9a7160125859a9c0c39f621d9b2461
c7_kcnq_max8_chr22__warmup__candidate__0/output/grids/shift_0/segment_007.fa	2175	cfbcaa86012b143d247b71c3a02515df3dec3771ba28d12c5772de93b51985d0
c7_kcnq_max8_chr22__warmup__candidate__0/output/grids/shift_0/segment_outputs.tsv	6279	e87f99e0146fe27778b52de75abc9ff634ab541a97601ed62d8044f1f60fbbcf
c7_kcnq_max8_chr22__warmup__candidate__0/output/grids/shift_0/segments.tsv	1731	7ab18677284d9bca633ccc16d664f2dcbefae4cbe71f6effacf9702ed4a25d93
c7_kcnq_max8_chr22__warmup__candidate__0/output/grids/shift_256/merge_summary.txt	836	1e1b70106aa6d5cec2135e9358fc1ced8c62b09c81fae5be1872c384e4402d23
c7_kcnq_max8_chr22__warmup__candidate__0/output/grids/shift_256/merged-common-TFOsorted	222422338	3046dd022b345ae036fd968ecdbd26e581955668a16a0d4c94d57dadb04e9953
c7_kcnq_max8_chr22__warmup__candidate__0/output/grids/shift_256/run_0/chr22-ENST00000597346.1_0_91667|segment_id=0|grid_shift=256|global_query_start=38656|global_query_end=40704-chr22-TFOsorted.archive-first.tfoa	5553869	af60195f0bbfc6c0c64054080792514180a0c03e97d3c3f434db6d9703962219
c7_kcnq_max8_chr22__warmup__candidate__0/output/grids/shift_256/run_0/segment-complete.json	1187	b8db93fd05da88d43325edc27df2282108f6844d10ca2a7049bb58352931b84f
c7_kcnq_max8_chr22__warmup__candidate__0/output/grids/shift_256/run_0/stderr.log	112137	b6a65f92ffa5e75024b6d75b65048a0e5188a30eed92b367c29754c531e2686b
c7_kcnq_max8_chr22__warmup__candidate__0/output/grids/shift_256/run_0/stdout.log	175	73bc3c41c99a13255cd2edee0dfda4ab6c6640a723d2dfd56bacc6f997cefe38
c7_kcnq_max8_chr22__warmup__candidate__0/output/grids/shift_256/run_0/wall_seconds.txt	10	aad9513d01116498f125d5350042fc5d3ab6a561f72c67b4a105d48329f2dd53
c7_kcnq_max8_chr22__warmup__candidate__0/output/grids/shift_256/run_1/chr22-ENST00000597346.1_0_91667|segment_id=1|grid_shift=256|global_query_start=40192|global_query_end=42240-chr22-TFOsorted.archive-first.tfoa	4925152	5b37c5c2dfbcd9f07c357c586280eb1db527ab33553f5de00944644007dd8bfe
c7_kcnq_max8_chr22__warmup__candidate__0/output/grids/shift_256/run_1/segment-complete.json	1187	7ecbb210bec2c6680347d654eeb7adb69db953a2bebe53672c89f2ea4fa4a3eb
c7_kcnq_max8_chr22__warmup__candidate__0/output/grids/shift_256/run_1/stderr.log	112135	6e0d537fc4fe8ba5c82d82b11032341bf8661ce5bf916dfe87617c1856cc93ba
c7_kcnq_max8_chr22__warmup__candidate__0/output/grids/shift_256/run_1/stdout.log	176	77b848723162210d5078ede1f1a51b6883416ca55d71a0556f0d5eba0a8c1293
c7_kcnq_max8_chr22__warmup__candidate__0/output/grids/shift_256/run_1/wall_seconds.txt	10	8a7ffb15e63357c6864cd34efdc5683eb878362445fb647f3deac2a1dfac7396
c7_kcnq_max8_chr22__warmup__candidate__0/output/grids/shift_256/run_2/chr22-ENST00000597346.1_0_91667|segment_id=2|grid_shift=256|global_query_start=41728|global_query_end=43776-chr22-TFOsorted.archive-first.tfoa	5040490	7e6d5e6dff746164a967346030c877bafd746f45f2e6745e05dc4a930292c8cc
c7_kcnq_max8_chr22__warmup__candidate__0/output/grids/shift_256/run_2/segment-complete.json	1187	b76e8393114bf196129afd3782f816b94d486dbe7fa7feea9ba4950779f575d1
c7_kcnq_max8_chr22__warmup__candidate__0/output/grids/shift_256/run_2/stderr.log	112136	a6134a892edfbe6b9f5d3d12c2a78e43363cb973bfe00d40a9406e666c06c885
c7_kcnq_max8_chr22__warmup__candidate__0/output/grids/shift_256/run_2/stdout.log	176	d20cb8e43539664bc079ce6f927b0d9a6090939b2d6802de46c5c27e15717753
c7_kcnq_max8_chr22__warmup__candidate__0/output/grids/shift_256/run_2/wall_seconds.txt	10	e53788b8f1e4f7e56d58fac01b8cc9c8cf46ed97a1f90e9f5b4825a1d49d771a
c7_kcnq_max8_chr22__warmup__candidate__0/output/grids/shift_256/run_3/chr22-ENST00000597346.1_0_91667|segment_id=3|grid_shift=256|global_query_start=43264|global_query_end=45312-chr22-TFOsorted.archive-first.tfoa	12430090	8f4e1569862deb735f07e2cebaa09ad0d2de6491cf076e8023b0db1a06adf1c1
c7_kcnq_max8_chr22__warmup__candidate__0/output/grids/shift_256/run_3/segment-complete.json	1187	9a469a674631f0beabe43d80008753cb83dcf85bd3c60d55479407dd426a73de
c7_kcnq_max8_chr22__warmup__candidate__0/output/grids/shift_256/run_3/stderr.log	112134	4e8a7ec8f523a9d042c45e792d76a7de7737e9645fd2c98af351716c6468678e
c7_kcnq_max8_chr22__warmup__candidate__0/output/grids/shift_256/run_3/stdout.log	176	f86fcac0d78ef38554e54c5e5aed39abe30291ea3ffba4c9ed69a958b7976ba5
c7_kcnq_max8_chr22__warmup__candidate__0/output/grids/shift_256/run_3/wall_seconds.txt	10	e687aea3623fc16dc23cc1b9dbbf13186a9982ad8b51e8e5b31b281adbac72da
c7_kcnq_max8_chr22__warmup__candidate__0/output/grids/shift_256/run_4/chr22-ENST00000597346.1_0_91667|segment_id=4|grid_shift=256|global_query_start=44800|global_query_end=46848-chr22-TFOsorted.archive-first.tfoa	12883640	666b1330bf220d7896d7faf89a93ffab3523510652e3bf2e0d470c88db455320
c7_kcnq_max8_chr22__warmup__candidate__0/output/grids/shift_256/run_4/segment-complete.json	1187	9f3f02ee3f1f218fcf8162d31a15b8c7aa735bb595c4e29cbe15299e472e3889
c7_kcnq_max8_chr22__warmup__candidate__0/output/grids/shift_256/run_4/stderr.log	112130	d5b166a2cbdc7183b8660e330bab8384ce57d5d26eabdaa0989d0b8b3418fbed
c7_kcnq_max8_chr22__warmup__candidate__0/output/grids/shift_256/run_4/stdout.log	176	23657f17117eb40cecc8d9650ce5ad5f7f2a135761c74cc46d5f5acaa69a1725
c7_kcnq_max8_chr22__warmup__candidate__0/output/grids/shift_256/run_4/wall_seconds.txt	10	6410d292be5b590aeaaefb19265b4f9625ddd6f1a122f9d7bcd20123d2575b77
c7_kcnq_max8_chr22__warmup__candidate__0/output/grids/shift_256/run_5/chr22-ENST00000597346.1_0_91667|segment_id=5|grid_shift=256|global_query_start=46336|global_query_end=48384-chr22-TFOsorted.archive-first.tfoa	2503169	e75182d47afdc6abbf1f382a6026fd6f0b1c6ce387462f53ab1b34c74b703325
c7_kcnq_max8_chr22__warmup__candidate__0/output/grids/shift_256/run_5/segment-complete.json	1187	95d8c41e59aa7ff71bf764c31b422ae30096bf3b14d3e87cfec521b9b902a58b
c7_kcnq_max8_chr22__warmup__candidate__0/output/grids/shift_256/run_5/stderr.log	112132	58cf7196844fdab6f942893eac593b0d658d4c946aa67268c2fce5c85aedb98e
c7_kcnq_max8_chr22__warmup__candidate__0/output/grids/shift_256/run_5/stdout.log	176	0fd9abbb76946c8ce53912afe09ec84a224920aee768623336b0b25d6d708f3b
c7_kcnq_max8_chr22__warmup__candidate__0/output/grids/shift_256/run_5/wall_seconds.txt	10	17835b588a523b01704bbc6269c3c426f16d714b744df05da2c242874a1e960e
c7_kcnq_max8_chr22__warmup__candidate__0/output/grids/shift_256/run_6/chr22-ENST00000597346.1_0_91667|segment_id=6|grid_shift=256|global_query_start=47872|global_query_end=49920-chr22-TFOsorted.archive-first.tfoa	2675251	2e868604f794d969d575c7297c99479b15db01cfcf518544e527fc3b31c15583
c7_kcnq_max8_chr22__warmup__candidate__0/output/grids/shift_256/run_6/segment-complete.json	1187	25a975d17625381b3c745adc7237f207607217eafdb5d0d48cab2f136eab291e
c7_kcnq_max8_chr22__warmup__candidate__0/output/grids/shift_256/run_6/stderr.log	112132	c0d17c76e8f800c2cb55dc41eb3e5b0438bcf77a0e4e63876ca41608542afd71
c7_kcnq_max8_chr22__warmup__candidate__0/output/grids/shift_256/run_6/stdout.log	176	47f8439df133e295fca104eb3db55b8746c090dca58397ac28818d1872643e62
c7_kcnq_max8_chr22__warmup__candidate__0/output/grids/shift_256/run_6/wall_seconds.txt	10	d7ee63d711e37064c7b5cc081543a3b6303bfed5af50f6b0b5fa60a85b9ad4ad
c7_kcnq_max8_chr22__warmup__candidate__0/output/grids/shift_256/run_7/chr22-ENST00000597346.1_0_91667|segment_id=7|grid_shift=256|global_query_start=49408|global_query_end=51456-chr22-TFOsorted.archive-first.tfoa	2005417	37e63537884ccdfb9d985c22a56d0b1818c04af207d722b36d2e4cf02858862d
c7_kcnq_max8_chr22__warmup__candidate__0/output/grids/shift_256/run_7/segment-complete.json	1187	5b4404a3653342ee7e7c8bf41ce3fc8cff3f137c6aab31961e1dc45a62a11b66
c7_kcnq_max8_chr22__warmup__candidate__0/output/grids/shift_256/run_7/stderr.log	112160	388913748256d3a928f738499a7a3c479cbb627a1392d78edf48bbff7bf69868
c7_kcnq_max8_chr22__warmup__candidate__0/output/grids/shift_256/run_7/stdout.log	176	d7f82e724dd9c55a124152d109179b7f67b7d755edff138da6441ade38dd5d80
c7_kcnq_max8_chr22__warmup__candidate__0/output/grids/shift_256/run_7/wall_seconds.txt	10	1613b34e2bfffe0f210d3f39ec03f07554b97b92f6893c328bda918144214fff
c7_kcnq_max8_chr22__warmup__candidate__0/output/grids/shift_256/segment_000.fa	2177	c202e081dd716a3201af17d91aaccdb9a6c493bac2ab20a0193711bb6cc067dc
c7_kcnq_max8_chr22__warmup__candidate__0/output/grids/shift_256/segment_001.fa	2177	94e4cc117d3ac101e26bc97fd8efeee08a9107a9a4c4519265849a096e978077
c7_kcnq_max8_chr22__warmup__candidate__0/output/grids/shift_256/segment_002.fa	2177	3957359cf8e2f2a585189b2a36bc2159825b135d2751d6df7dbc6f36927ced90
c7_kcnq_max8_chr22__warmup__candidate__0/output/grids/shift_256/segment_003.fa	2177	3e2e1ba042d7f1f6a73677f6490dcbc1d94ffcf05eb0df2c41e9435c6efe8768
c7_kcnq_max8_chr22__warmup__candidate__0/output/grids/shift_256/segment_004.fa	2177	a66a7a8af8dc56f4084dade6395252e7041dfd6d038904cb865908f4c3ad0e78
c7_kcnq_max8_chr22__warmup__candidate__0/output/grids/shift_256/segment_005.fa	2177	86dad937a962e313c7b77660942acd4f2761346222ac8bb1069c54f36d73e26f
c7_kcnq_max8_chr22__warmup__candidate__0/output/grids/shift_256/segment_006.fa	2177	b3ea6da2986d58037f30d399783ddff836960c78068db51dee25a3140105f9e3
c7_kcnq_max8_chr22__warmup__candidate__0/output/grids/shift_256/segment_007.fa	2177	a2cc8ab2843801ed433397eddece36b09f07300806ac43aa70ae47881206b65f
c7_kcnq_max8_chr22__warmup__candidate__0/output/grids/shift_256/segment_outputs.tsv	6327	35ec00bab53a505e61f8c8cd9733a88ac9fe2424e19a2b2a87ec2e1c834bfa14
c7_kcnq_max8_chr22__warmup__candidate__0/output/grids/shift_256/segments.tsv	1747	41419e76f5940dcd195eeb3cf1128b586c10f894f49ee926bfa8880aab090b63
c7_kcnq_max8_chr22__warmup__candidate__0/output/offline_cluster_grid_compare.txt	689	a14b8068e01a7911fdf27f40868be77a217e7d1de8b609a3a73814228b4ad299
c7_kcnq_max8_chr22__warmup__candidate__0/output/offline_cluster_grid_compare_details.tsv	1267	c208525b3e90c1c6b5c4640035605c3aaa0ac35577f0566edcc08bda8483875d
c7_kcnq_max8_chr22__warmup__candidate__0/output/run-complete.json	886	796890fe8f751eb9df4063dbcaf8df6aed8fc232930e5e77d4a4cb5d741f2d32
c7_kcnq_max8_chr22__warmup__candidate__0/output/run-config.json	1517	5b5eb4c63c7d8f4f8f0240d16e2a0019391bfffbe4ee7cc3967d95dc06bea6cc
c7_kcnq_max8_chr22__warmup__candidate__0/output/summary.txt	5049	214464eeab42759295878f2192e7b102b6a3d0b91dd9f92087de6e4c4077690e
c7_kcnq_max8_chr22__warmup__candidate__0/output/window_summary.txt	744	40db98e6ed9ddca4d5cc0863e9d8170fa639fe39416b338fba48daff6ca72450
c7_kcnq_max8_chr22__warmup__candidate__0/run-complete.json	462	cb2d0c7fa608420f2070f5e2c155cd9bcf37830a9acdb0c0d3a492445fd040ec
c7_kcnq_max8_chr22__warmup__candidate__0/run-config.json	1794	da13ab64c97abbdd35625a6937dc356b4d0f91a64f5ed15965305b06d1e092c6
c7_kcnq_max8_chr22__warmup__candidate__0/stderr.log	0	e3b0c44298fc1c149afbf4c8996fb92427ae41e4649b934ca495991b7852b855
c7_kcnq_max8_chr22__warmup__candidate__0/stdout.log	5049	214464eeab42759295878f2192e7b102b6a3d0b91dd9f92087de6e4c4077690e
c7_kcnq_max8_chr22__warmup__candidate__0/summary.json	1217	99750e1cd0decf25b4956d698f01bfbd53dee64a1f45d41f9e02c2db2b89a9a1
c7_kcnq_max8_chr22__warmup__candidate__0/time.txt	1668	6387fadbf2461798e3af43e87d0a3dd2f58c0d1b472d8f4469645d82917552bc
pairs/c4_h19_chr21_two_slot__pair01__0/comparator.stderr.log	0	e3b0c44298fc1c149afbf4c8996fb92427ae41e4649b934ca495991b7852b855
pairs/c4_h19_chr21_two_slot__pair01__0/comparator.stdout.log	1160	e28572b919bddc1fae8d92aac79cc25f2162143356ac8170b0c9b5748b81dbd1
pairs/c4_h19_chr21_two_slot__pair01__0/pair-complete.json	286	dbff5b28eca72cdba3f518f28d88b9445d0c24a56e4070f4461ab109234c5db3
pairs/c4_h19_chr21_two_slot__pair01__0/pair-config.json	779	e0305b45a7458c4079663220c396ac5e202f758e754be89aa684bdeda6c530c8
pairs/c4_h19_chr21_two_slot__pair01__0/pair-summary.json	1656	f7f900bdd442a5b74723cfc93db37e25bc23db2bb7f6514a95849bdec32ce83e
pairs/c4_h19_chr21_two_slot__pair02__0/comparator.stderr.log	0	e3b0c44298fc1c149afbf4c8996fb92427ae41e4649b934ca495991b7852b855
pairs/c4_h19_chr21_two_slot__pair02__0/comparator.stdout.log	1160	fd6497e27551d92c70ca61e89d7afc3d39f48e93b510b26a4146d19c0de46352
pairs/c4_h19_chr21_two_slot__pair02__0/pair-complete.json	286	025b267ed914fc6a2e43ec90631a350442767b8d361fbaff50afe6daaefa2def
pairs/c4_h19_chr21_two_slot__pair02__0/pair-config.json	779	9b405768314a50ec354838762e952c3601aeff7e19fc5f4359eaece1bcca389e
pairs/c4_h19_chr21_two_slot__pair02__0/pair-summary.json	1660	216f18f74408a0a2abe8f41804edeedb7534e6477199320896959b564339b4e0
pairs/c4_h19_chr21_two_slot__pair03__0/comparator.stderr.log	0	e3b0c44298fc1c149afbf4c8996fb92427ae41e4649b934ca495991b7852b855
pairs/c4_h19_chr21_two_slot__pair03__0/comparator.stdout.log	1160	84c2b2176fa4a65b9f1978c91be7ca63ce5bb70d55a6a90cca02acb4ac8969e8
pairs/c4_h19_chr21_two_slot__pair03__0/pair-complete.json	286	cdcfaaee421116e61d53c7fee91435176873597a95dffbe3d2200190e25b8a1b
pairs/c4_h19_chr21_two_slot__pair03__0/pair-config.json	779	f433786f4b704ca6a406ed6fb174efacb48b3234097602506171179c234004d0
pairs/c4_h19_chr21_two_slot__pair03__0/pair-summary.json	1658	04b39b30184a4bb7fea670afa3409212bbd75b2ea90acae4927cd2125541ae8e
pairs/c4_h19_chr21_two_slot__pair04__0/comparator.stderr.log	0	e3b0c44298fc1c149afbf4c8996fb92427ae41e4649b934ca495991b7852b855
pairs/c4_h19_chr21_two_slot__pair04__0/comparator.stdout.log	1160	7564ed9c0d5a2478fc79dd084f74b504cd8b251cd4357de4160a8c5e23d066fc
pairs/c4_h19_chr21_two_slot__pair04__0/pair-complete.json	286	cd45651532eb8b6a44ec57e7621033dc28181995fcecd1c7622c4709e53b4f96
pairs/c4_h19_chr21_two_slot__pair04__0/pair-config.json	779	3f1214bb2e9126adb671dccc730f98b38f84f1a1cb36b838888a89f39129c367
pairs/c4_h19_chr21_two_slot__pair04__0/pair-summary.json	1657	b6c3de392ffbdea587351df8a55e89ace9e0bcc154d06e683d93be55f716f0da
pairs/c4_h19_chr21_two_slot__pair05__0/comparator.stderr.log	0	e3b0c44298fc1c149afbf4c8996fb92427ae41e4649b934ca495991b7852b855
pairs/c4_h19_chr21_two_slot__pair05__0/comparator.stdout.log	1160	c015208b2b00c1348c0893f003ee1c3f2a70c09a05d0bfde9f252b89a09133bf
pairs/c4_h19_chr21_two_slot__pair05__0/pair-complete.json	286	5d70d5e352e81beb8e321b7cd57f71802247bd754ed58cd7474aa0e80c05d28d
pairs/c4_h19_chr21_two_slot__pair05__0/pair-config.json	779	355817094553073451a0b37a6b478ef74c48f48a8eb350863904e07442c526b4
pairs/c4_h19_chr21_two_slot__pair05__0/pair-summary.json	1657	229fbaa70ef4646368331773c2066e89c8491242e77c08776f8efd12c6a0a136
pairs-v2/c1_h19_chr21_chr22_fast_topk__pair01__0/comparator.stderr.log	251	6cace1e1bd9bbef2c3f4889ae53d694ebfc51556906390f3b56e927691c6934d
pairs-v2/c1_h19_chr21_chr22_fast_topk__pair01__0/comparator.stdout.log	0	e3b0c44298fc1c149afbf4c8996fb92427ae41e4649b934ca495991b7852b855
pairs-v2/c1_h19_chr21_chr22_fast_topk__pair01__0/pair-complete.json	293	3fe5e06a7f16d35b58d98fd23bb6bc1966e668eda6052348836f7cdb1084a346
pairs-v2/c1_h19_chr21_chr22_fast_topk__pair01__0/pair-config.json	838	c49f52ea26b91f642bcf2800bad0b144a9e2e06dee39288bde5ea6c4870cac70
pairs-v2/c1_h19_chr21_chr22_fast_topk__pair01__0/pair-summary.json	1678	eb3aaf87cf1ef972a5a5823932f1220c005c22505e4e11aaecce1963bd0ab6dc
pairs-v2/c1_h19_chr21_chr22_fast_topk__pair02__0/comparator.stderr.log	251	092ba58bfd9f6df9ac7a60b0090e5130bcb4becda3aa55679a263e7a60ac191d
pairs-v2/c1_h19_chr21_chr22_fast_topk__pair02__0/comparator.stdout.log	0	e3b0c44298fc1c149afbf4c8996fb92427ae41e4649b934ca495991b7852b855
pairs-v2/c1_h19_chr21_chr22_fast_topk__pair02__0/pair-complete.json	293	87a8cc9300d26f8410e2f583663337022e196e29eed14cb84cc99618a5915f18
pairs-v2/c1_h19_chr21_chr22_fast_topk__pair02__0/pair-config.json	838	b1f9a2fb0d59b2809705277507ab5321fce3746b0dcc7c2fb56b537090f7ce8f
pairs-v2/c1_h19_chr21_chr22_fast_topk__pair02__0/pair-summary.json	1678	0065522398d033a453c89714fbcd53798577fa9478d6562e3e51b7695927223a
pairs-v2/c1_h19_chr21_chr22_fast_topk__pair03__0/comparator.stderr.log	251	b477c90dbd5fef57a7849c75f9852b81c3ef96fe2169d9f6e62cb7218ac878bc
pairs-v2/c1_h19_chr21_chr22_fast_topk__pair03__0/comparator.stdout.log	0	e3b0c44298fc1c149afbf4c8996fb92427ae41e4649b934ca495991b7852b855
pairs-v2/c1_h19_chr21_chr22_fast_topk__pair03__0/pair-complete.json	293	f55369c1ebc800508a47a0806128f7b941263c8dd00e930b82d126cb96740bff
pairs-v2/c1_h19_chr21_chr22_fast_topk__pair03__0/pair-config.json	838	2abee84a1745612a3c0750060a29de5d33cccc5ee170406754dca846467331c2
pairs-v2/c1_h19_chr21_chr22_fast_topk__pair03__0/pair-summary.json	1677	3dc6e67d3b937a610e3f066a3a9f0f370c97e56d74f8010ead46d4627f3a3f7c
pairs-v2/c1_h19_chr21_chr22_fast_topk__pair04__0/comparator.stderr.log	251	7c6efed2bfe87cab0875b7dfc93dfa7f8456552818c7bfc16bd90019a7cbe9bb
pairs-v2/c1_h19_chr21_chr22_fast_topk__pair04__0/comparator.stdout.log	0	e3b0c44298fc1c149afbf4c8996fb92427ae41e4649b934ca495991b7852b855
pairs-v2/c1_h19_chr21_chr22_fast_topk__pair04__0/pair-complete.json	293	6cfedb06512e7e7362ba24ff0909739cd8e12a1accf621aa3999ad4f6cf3e6fd
pairs-v2/c1_h19_chr21_chr22_fast_topk__pair04__0/pair-config.json	838	6acb3943d7ed00e4d50c913764d93af6ef46eec188b62a41700b341c238dccb1
pairs-v2/c1_h19_chr21_chr22_fast_topk__pair04__0/pair-summary.json	1680	fca70b7165ba1bdf34e5a82e0a1a599c61c12ac0e7cac73a03d76a9098bd2c32
pairs-v2/c1_h19_chr21_chr22_fast_topk__pair05__0/comparator.stderr.log	251	509e2dd69285a45b3cf311b6a76e7f0e03c07827e4d1f3acebb4caa0486e785d
pairs-v2/c1_h19_chr21_chr22_fast_topk__pair05__0/comparator.stdout.log	0	e3b0c44298fc1c149afbf4c8996fb92427ae41e4649b934ca495991b7852b855
pairs-v2/c1_h19_chr21_chr22_fast_topk__pair05__0/pair-complete.json	293	5424ce161c04bb7965c900be25a410512e55841adf78edffbdbd6bee56126618
pairs-v2/c1_h19_chr21_chr22_fast_topk__pair05__0/pair-config.json	838	74a5eb1085c877199d79d9db6abf0ea43ff5dca6fe7e029276176e5b64f55244
pairs-v2/c1_h19_chr21_chr22_fast_topk__pair05__0/pair-summary.json	1681	03b8f721c6ba238c27465b2e05d7e78243254302cb624e97be5d35274a2aea94
pairs-v2/c4_h19_chr21_two_slot__pair01__0/comparator.stderr.log	0	e3b0c44298fc1c149afbf4c8996fb92427ae41e4649b934ca495991b7852b855
pairs-v2/c4_h19_chr21_two_slot__pair01__0/comparator.stdout.log	1160	e28572b919bddc1fae8d92aac79cc25f2162143356ac8170b0c9b5748b81dbd1
pairs-v2/c4_h19_chr21_two_slot__pair01__0/pair-complete.json	286	891f99d907effe5b97ff4d2ebb48c85946ece349a1f743e24fe5b736b2d9fc2a
pairs-v2/c4_h19_chr21_two_slot__pair01__0/pair-config.json	806	b7671cffc9bddfcc5e267d2eaa6c168b25c18a0c7775ba827b47fba962b133c1
pairs-v2/c4_h19_chr21_two_slot__pair01__0/pair-summary.json	1713	1b407d6525f29da0b48a7eeafbd88c32c49466a48b2cd2abd06570fb11c36140
pairs-v2/c4_h19_chr21_two_slot__pair02__0/comparator.stderr.log	0	e3b0c44298fc1c149afbf4c8996fb92427ae41e4649b934ca495991b7852b855
pairs-v2/c4_h19_chr21_two_slot__pair02__0/comparator.stdout.log	1160	fd6497e27551d92c70ca61e89d7afc3d39f48e93b510b26a4146d19c0de46352
pairs-v2/c4_h19_chr21_two_slot__pair02__0/pair-complete.json	286	9b7cd680c3b14252f2ce21c1f2e67914fc7d0831f4d2ab71e28104d50343bf04
pairs-v2/c4_h19_chr21_two_slot__pair02__0/pair-config.json	806	0bbe8cc47a14f61fddb6ce02f36a314106e85e9b9b49603d01eeeb8fd834eb0c
pairs-v2/c4_h19_chr21_two_slot__pair02__0/pair-summary.json	1717	aef94dee3527056da60f1d47f72ea630e9fcdf80fd59d9f729d068dcacfb42bd
pairs-v2/c4_h19_chr21_two_slot__pair03__0/comparator.stderr.log	0	e3b0c44298fc1c149afbf4c8996fb92427ae41e4649b934ca495991b7852b855
pairs-v2/c4_h19_chr21_two_slot__pair03__0/comparator.stdout.log	1160	84c2b2176fa4a65b9f1978c91be7ca63ce5bb70d55a6a90cca02acb4ac8969e8
pairs-v2/c4_h19_chr21_two_slot__pair03__0/pair-complete.json	286	3ed76b9d2da9d80ca7346d4d2512043900add3419413a33b1fcd1bae53bcfce5
pairs-v2/c4_h19_chr21_two_slot__pair03__0/pair-config.json	806	c90ec4199803218d8319e6ad2d26f49fbaf2a489c5ea40029430a56e901f4343
pairs-v2/c4_h19_chr21_two_slot__pair03__0/pair-summary.json	1715	84a344dda6b4d9a57896f94e6d2c6a56594e5e0782d09db594bc7e650458d8d0
pairs-v2/c4_h19_chr21_two_slot__pair04__0/comparator.stderr.log	0	e3b0c44298fc1c149afbf4c8996fb92427ae41e4649b934ca495991b7852b855
pairs-v2/c4_h19_chr21_two_slot__pair04__0/comparator.stdout.log	1160	7564ed9c0d5a2478fc79dd084f74b504cd8b251cd4357de4160a8c5e23d066fc
pairs-v2/c4_h19_chr21_two_slot__pair04__0/pair-complete.json	286	d53b92956f88dea7e9a056cc0bca5feee9d87bf12140fb8fa38f4d071a4a0426
pairs-v2/c4_h19_chr21_two_slot__pair04__0/pair-config.json	806	603935dafc02a5719b65f81fe3434eb931503176116a4c0181114a879e8b41af
pairs-v2/c4_h19_chr21_two_slot__pair04__0/pair-summary.json	1714	a210f3079a24696ec55a7f2e22b0a772fda27decd3b8f04e81dc17b404b5db3d
pairs-v2/c4_h19_chr21_two_slot__pair05__0/comparator.stderr.log	0	e3b0c44298fc1c149afbf4c8996fb92427ae41e4649b934ca495991b7852b855
pairs-v2/c4_h19_chr21_two_slot__pair05__0/comparator.stdout.log	1160	c015208b2b00c1348c0893f003ee1c3f2a70c09a05d0bfde9f252b89a09133bf
pairs-v2/c4_h19_chr21_two_slot__pair05__0/pair-complete.json	286	7db565763d2749ebe2dd22102d2bdfbf76e78f7b28165423a560de11602770da
pairs-v2/c4_h19_chr21_two_slot__pair05__0/pair-config.json	806	8775769ddc146cbf1ddc37036d32ded5f5f0477a3dbc5c065b63560862295195
pairs-v2/c4_h19_chr21_two_slot__pair05__0/pair-summary.json	1714	90fc0e70dc92fc5315afb2cddb558670376c236d7d5052ad221e361ea25c7300
pairs-v2/c4_h19_chr22_two_slot__pair01__0/comparator.stderr.log	0	e3b0c44298fc1c149afbf4c8996fb92427ae41e4649b934ca495991b7852b855
pairs-v2/c4_h19_chr22_two_slot__pair01__0/comparator.stdout.log	1160	b75842ed5d1e8c5766c124581c2e4bb6064c4ec078bb37d82aa2d02a4293080d
pairs-v2/c4_h19_chr22_two_slot__pair01__0/pair-complete.json	286	cad9623f343dada46015a6988e6a71b077289cda03e2eaeb6039b564d47be6b8
pairs-v2/c4_h19_chr22_two_slot__pair01__0/pair-config.json	806	b2737b959c967f7ad3ebbff87a4a0e8b4cfcef3a19e2d094223ad6b899c72afe
pairs-v2/c4_h19_chr22_two_slot__pair01__0/pair-summary.json	1717	9e0d7a62292781dfa2772b85049d46f5b5217fe4966cf840d13ed8d2eb2fff9d
pairs-v2/c4_h19_chr22_two_slot__pair02__0/comparator.stderr.log	0	e3b0c44298fc1c149afbf4c8996fb92427ae41e4649b934ca495991b7852b855
pairs-v2/c4_h19_chr22_two_slot__pair02__0/comparator.stdout.log	1160	79e01b5c77223cab33931a1125bf30a35cfd60245dfdbff7935a7672b848f212
pairs-v2/c4_h19_chr22_two_slot__pair02__0/pair-complete.json	286	88d2c25a5316adf33af0db9dd762c2a8af0a95e0ea82524ee8c59e08dfea65a4
pairs-v2/c4_h19_chr22_two_slot__pair02__0/pair-config.json	806	05810fcf6552db7b691ff4959c4ebdd4dacead62aa16c615d12f3b2a55b8a973
pairs-v2/c4_h19_chr22_two_slot__pair02__0/pair-summary.json	1715	25c975378233b38ea463dfc0ed08d9bd76a867ce88c70306cc68eb3a8dee1c1c
pairs-v2/c4_h19_chr22_two_slot__pair03__0/comparator.stderr.log	0	e3b0c44298fc1c149afbf4c8996fb92427ae41e4649b934ca495991b7852b855
pairs-v2/c4_h19_chr22_two_slot__pair03__0/comparator.stdout.log	1160	1ebd5727f647d04e8a972c620c5c6ba301e95c2610fa793a163a7d3a0640bb4e
pairs-v2/c4_h19_chr22_two_slot__pair03__0/pair-complete.json	286	a37979e3b436970e419850d49e02aaedab5bf23e07eb488d9bfb375699afc061
pairs-v2/c4_h19_chr22_two_slot__pair03__0/pair-config.json	806	2f709c8a3e7ab98bf37795847b47bf106aa014367059673e70a276e87a54cf4b
pairs-v2/c4_h19_chr22_two_slot__pair03__0/pair-summary.json	1715	001381abe773d967522bd6e6b3b3f2f2b3f9cfd3e2da32f406d19392b11b7dd8
pairs-v2/c4_h19_chr22_two_slot__pair04__0/comparator.stderr.log	0	e3b0c44298fc1c149afbf4c8996fb92427ae41e4649b934ca495991b7852b855
pairs-v2/c4_h19_chr22_two_slot__pair04__0/comparator.stdout.log	1160	e327fd5251d6a54cb3e3bf5025fe8f886e88b6c8b88935802e95580e2af7706f
pairs-v2/c4_h19_chr22_two_slot__pair04__0/pair-complete.json	286	0424b989fc1414c968ee578508627c48e937bd103249153623d93d20ab41e08e
pairs-v2/c4_h19_chr22_two_slot__pair04__0/pair-config.json	806	5a9c8b9cbac209359d50639537a569d2c65144bd8b8737369f9e5c0cc9001e1b
pairs-v2/c4_h19_chr22_two_slot__pair04__0/pair-summary.json	1716	0241b6123be0d1568ccc4a15277c839bd3d200bec2ac7fff2840229acd2caf9b
pairs-v2/c4_h19_chr22_two_slot__pair05__0/comparator.stderr.log	0	e3b0c44298fc1c149afbf4c8996fb92427ae41e4649b934ca495991b7852b855
pairs-v2/c4_h19_chr22_two_slot__pair05__0/comparator.stdout.log	1160	542d1c8d6a942f4bdea27395d968f37f82a798eb96c521bdc1e4494f21001c3b
pairs-v2/c4_h19_chr22_two_slot__pair05__0/pair-complete.json	286	041e14cc2befffc0098f2aa2ffc87f58385f8af739d049d11dc54fa5ca342cfe
pairs-v2/c4_h19_chr22_two_slot__pair05__0/pair-config.json	806	6b799cab0e3774921b190b4446a0313cde3b07d28915c75d179a96f01c002a24
pairs-v2/c4_h19_chr22_two_slot__pair05__0/pair-summary.json	1717	f42b339a4540391b8f0f10eb54b4074f251a4b07fd26c196254f5ae54f99dc2b
pairs-v2/c7_kcnq_max8_chr22__pair01__0/comparator.stderr.log	0	e3b0c44298fc1c149afbf4c8996fb92427ae41e4649b934ca495991b7852b855
pairs-v2/c7_kcnq_max8_chr22__pair01__0/comparator.stdout.log	1655	21b83ce6cff1900ed45322c31d672c326d105cc1d133de603bc3346df624b82f
pairs-v2/c7_kcnq_max8_chr22__pair01__0/contracts/shift_0-offline-cluster.tsv	1267	c208525b3e90c1c6b5c4640035605c3aaa0ac35577f0566edcc08bda8483875d
pairs-v2/c7_kcnq_max8_chr22__pair01__0/contracts/shift_0-offline-cluster.txt	652	3e0a53924358d03a78ce0387bc964524367e940bbae2ec61f57faed779b9c223
pairs-v2/c7_kcnq_max8_chr22__pair01__0/contracts/shift_0-top5.txt	1154	60b37b6fdc76ec1b09fa51dab117472c462fcce162f072289c7a298fcaada164
pairs-v2/c7_kcnq_max8_chr22__pair01__0/contracts/shift_256-offline-cluster.tsv	1267	c208525b3e90c1c6b5c4640035605c3aaa0ac35577f0566edcc08bda8483875d
pairs-v2/c7_kcnq_max8_chr22__pair01__0/contracts/shift_256-offline-cluster.txt	656	2b7b41baa6d127b2f28212c1fbd2230d8352d10a4b7c2647c60baa635900be45
pairs-v2/c7_kcnq_max8_chr22__pair01__0/contracts/shift_256-top5.txt	1158	10f4935d63d4d8cff2b88946d4ecda29f8f2fb5a611eaff1917d9061b2bd6e1a
pairs-v2/c7_kcnq_max8_chr22__pair01__0/pair-complete.json	283	8bdd37fa4efd46ae116ac3cfbe435d285b34ee09041fddf8d17500a8de29fdd0
pairs-v2/c7_kcnq_max8_chr22__pair01__0/pair-config.json	795	3ef950a2d47cf6090d3c7cc6c17a54486fba3afc96ae0c6654afb189d70d0746
pairs-v2/c7_kcnq_max8_chr22__pair01__0/pair-summary.json	1570	9e6e32798bac9e0c58ea8f192f8c386192de2ed5fd6cc8e4759ff8d913c01e73
pairs-v2/c7_kcnq_max8_chr22__pair01__0/pair.tsv	1655	d7802fd0ba4a88925fbaffa3a9a4a5ba06f62658230943b49f402f9a35d9a5be
pairs-v2/c7_kcnq_max8_chr22__pair01__0.failed.1784110090182481479/comparator.stderr.log	40	7b48f80b7b7bf39749f0d659d0f279964ac39ae6d90ab23e9e14162843076806
pairs-v2/c7_kcnq_max8_chr22__pair01__0.failed.1784110090182481479/comparator.stdout.log	0	e3b0c44298fc1c149afbf4c8996fb92427ae41e4649b934ca495991b7852b855
pairs-v2/c7_kcnq_max8_chr22__pair01__0.failed.1784110090182481479/pair-config.json	795	3ef950a2d47cf6090d3c7cc6c17a54486fba3afc96ae0c6654afb189d70d0746
pairs-v2/c7_kcnq_max8_chr22__pair02__0/comparator.stderr.log	0	e3b0c44298fc1c149afbf4c8996fb92427ae41e4649b934ca495991b7852b855
pairs-v2/c7_kcnq_max8_chr22__pair02__0/comparator.stdout.log	1655	703bded067d835e6781bd94b2bc36ced219ee299fd783d263d0607153d41a943
pairs-v2/c7_kcnq_max8_chr22__pair02__0/contracts/shift_0-offline-cluster.tsv	1267	c208525b3e90c1c6b5c4640035605c3aaa0ac35577f0566edcc08bda8483875d
pairs-v2/c7_kcnq_max8_chr22__pair02__0/contracts/shift_0-offline-cluster.txt	652	318001054bf3bb9d7be6bb109abbf4127f92abd37d8ccdfa69cf8f659ac85596
pairs-v2/c7_kcnq_max8_chr22__pair02__0/contracts/shift_0-top5.txt	1154	050909385d54ab6353574bd1a8ead142927bb86949aab4a287cdf7864190244c
pairs-v2/c7_kcnq_max8_chr22__pair02__0/contracts/shift_256-offline-cluster.tsv	1267	c208525b3e90c1c6b5c4640035605c3aaa0ac35577f0566edcc08bda8483875d
pairs-v2/c7_kcnq_max8_chr22__pair02__0/contracts/shift_256-offline-cluster.txt	656	d20e10794b4304279dbc54b1345c9fdcc133d415dc22bc1e866ce757389410ad
pairs-v2/c7_kcnq_max8_chr22__pair02__0/contracts/shift_256-top5.txt	1158	ddf6cd3c5d5163c5eee2a95acbaceddc3556effa504fa4dc5690bd0e7924ead2
pairs-v2/c7_kcnq_max8_chr22__pair02__0/pair-complete.json	283	fa3fd1346dbd0bbdd582cbf5eb23608cebe0d1fbae947643b98f7ca5b15d7125
pairs-v2/c7_kcnq_max8_chr22__pair02__0/pair-config.json	795	7001811523466c1dea97b06bc00ea27eb62bbe5bd452a87dc1e783b2acf47c1b
pairs-v2/c7_kcnq_max8_chr22__pair02__0/pair-summary.json	1569	31481b2773a75026a49e88d99f8364fb48963f98b7d5ec9e78623352387401d8
pairs-v2/c7_kcnq_max8_chr22__pair02__0/pair.tsv	1655	cfc483796547600bb9795c70c0779534f9b88ea69b35722b9c23680d37e1374c
pairs-v2/c7_kcnq_max8_chr22__pair03__0/comparator.stderr.log	0	e3b0c44298fc1c149afbf4c8996fb92427ae41e4649b934ca495991b7852b855
pairs-v2/c7_kcnq_max8_chr22__pair03__0/comparator.stdout.log	1655	6abb4569e6762141271cb919a67495245c7307f3278de69f48800f5210acfa09
pairs-v2/c7_kcnq_max8_chr22__pair03__0/contracts/shift_0-offline-cluster.tsv	1267	c208525b3e90c1c6b5c4640035605c3aaa0ac35577f0566edcc08bda8483875d
pairs-v2/c7_kcnq_max8_chr22__pair03__0/contracts/shift_0-offline-cluster.txt	652	fb49fd97114878357a0b7826eae2d5340d48b5952ab331d2c5fe4270a40ddd4c
pairs-v2/c7_kcnq_max8_chr22__pair03__0/contracts/shift_0-top5.txt	1154	d90c61475844d2647146367e8e875304449ff662e20e56df57dfba99e26448f0
pairs-v2/c7_kcnq_max8_chr22__pair03__0/contracts/shift_256-offline-cluster.tsv	1267	c208525b3e90c1c6b5c4640035605c3aaa0ac35577f0566edcc08bda8483875d
pairs-v2/c7_kcnq_max8_chr22__pair03__0/contracts/shift_256-offline-cluster.txt	656	166459af48ff76b0a689c6aeae18d212de8aebd71cf54adba95e1d45fff0178f
pairs-v2/c7_kcnq_max8_chr22__pair03__0/contracts/shift_256-top5.txt	1158	878891f67d591019334e8add24663616df5c7ee4c11b16a5fc6821d70e1a1c65
pairs-v2/c7_kcnq_max8_chr22__pair03__0/pair-complete.json	283	37d86728d0ab504826ceb56f68cfec5dd813e51570c6b86816eb405921eb941a
pairs-v2/c7_kcnq_max8_chr22__pair03__0/pair-config.json	795	56df1b05d3eb68e4d08fedb1680226cb5dfa62201e3d2cb42c691bba1f27377d
pairs-v2/c7_kcnq_max8_chr22__pair03__0/pair-summary.json	1570	4448e77624756a947d5cc0d4c650305732c2cd709eb8134fc4bc2963cd078f92
pairs-v2/c7_kcnq_max8_chr22__pair03__0/pair.tsv	1655	2fcc1c055df9e75583acacfd1956342e06a3643052d1775577a653f0e5e624e3
pairs-v3/c1_h19_chr21_chr22_fast_topk__pair01__0/baseline-report-relocated.json	112913	6e67bf393c78c0e676cccd797b49e2f849c2685655b82cf07be7b7d838c4ea12
pairs-v3/c1_h19_chr21_chr22_fast_topk__pair01__0/candidate-report-relocated.json	127762	e535c2fbcc770063dae98110b2951954b9e11529ded3d2f6ee87485dc7482180
pairs-v3/c1_h19_chr21_chr22_fast_topk__pair01__0/comparator.stderr.log	0	e3b0c44298fc1c149afbf4c8996fb92427ae41e4649b934ca495991b7852b855
pairs-v3/c1_h19_chr21_chr22_fast_topk__pair01__0/comparator.stdout.log	0	e3b0c44298fc1c149afbf4c8996fb92427ae41e4649b934ca495991b7852b855
pairs-v3/c1_h19_chr21_chr22_fast_topk__pair01__0/pair-complete.json	293	567cd50230bd7da040cf6a5af2f3eadde0047e50c5bbda044a3c76fe11241478
pairs-v3/c1_h19_chr21_chr22_fast_topk__pair01__0/pair-config.json	838	b9a4e2ed7e32b0d0380be150e0df21ea17021d93f7a0bcb3ba6ff316253fbbe1
pairs-v3/c1_h19_chr21_chr22_fast_topk__pair01__0/pair-summary.json	1672	b854870bdee2490d95351d88f208b3a9702144a812acfe6ad03537802cf0fe34
pairs-v3/c1_h19_chr21_chr22_fast_topk__pair02__0/baseline-report-relocated.json	112911	7eaca81cd6358ad33cb3e45f6a5415bf8e38f693382854eb68d330fde1d282e4
pairs-v3/c1_h19_chr21_chr22_fast_topk__pair02__0/candidate-report-relocated.json	127680	55f83199f58eb320b5a03586a39a3b2ea285bb813a04c26fe722f8a0755b098e
pairs-v3/c1_h19_chr21_chr22_fast_topk__pair02__0/comparator.stderr.log	0	e3b0c44298fc1c149afbf4c8996fb92427ae41e4649b934ca495991b7852b855
pairs-v3/c1_h19_chr21_chr22_fast_topk__pair02__0/comparator.stdout.log	0	e3b0c44298fc1c149afbf4c8996fb92427ae41e4649b934ca495991b7852b855
pairs-v3/c1_h19_chr21_chr22_fast_topk__pair02__0/pair-complete.json	293	f577e758dabefc08563bfd3407eb97c48abc03846fef59d164a095392e329d70
pairs-v3/c1_h19_chr21_chr22_fast_topk__pair02__0/pair-config.json	838	d02c627392f3b21b9c925f29a8a05841731127b4e1f957b5a5bbc1e321a169c0
pairs-v3/c1_h19_chr21_chr22_fast_topk__pair02__0/pair-summary.json	1672	71309adfec2680a7adc059049641fb0bcf8c6d9a67d93d32e76c90f27381be15
pairs-v3/c1_h19_chr21_chr22_fast_topk__pair03__0/baseline-report-relocated.json	112914	7cbe63521816bcf8927829931216a681b46dae12c2c19e83c67f1a474bd5cfb7
pairs-v3/c1_h19_chr21_chr22_fast_topk__pair03__0/candidate-report-relocated.json	127716	cd272f38e1d7603db77ebba4878da01509f512f69539fe781003abeb18c05b4f
pairs-v3/c1_h19_chr21_chr22_fast_topk__pair03__0/comparator.stderr.log	0	e3b0c44298fc1c149afbf4c8996fb92427ae41e4649b934ca495991b7852b855
pairs-v3/c1_h19_chr21_chr22_fast_topk__pair03__0/comparator.stdout.log	0	e3b0c44298fc1c149afbf4c8996fb92427ae41e4649b934ca495991b7852b855
pairs-v3/c1_h19_chr21_chr22_fast_topk__pair03__0/pair-complete.json	293	72959b1fa9d69976cfbb80071fded9e564189fcdf9770518396e7baf8d9dc7b0
pairs-v3/c1_h19_chr21_chr22_fast_topk__pair03__0/pair-config.json	838	94f1fa89fcbbb209a3fdb6a27b3a4faf0d519c201723005d543e2a8289052d6c
pairs-v3/c1_h19_chr21_chr22_fast_topk__pair03__0/pair-summary.json	1671	0c1a60fa7494b5f550d32a8e1e620d79212c8ec2d4b723194edec6c320578844
pairs-v3/c1_h19_chr21_chr22_fast_topk__pair04__0/baseline-report-relocated.json	112908	9ce6232f5dbe1c871bdc1f466889dd839e9b1ba5817e83c86447889932ad6756
pairs-v3/c1_h19_chr21_chr22_fast_topk__pair04__0/candidate-report-relocated.json	127725	0660fc6fdc1ec2e026adb5f496d6503de1d724811feb778f64514e78e2d5a534
pairs-v3/c1_h19_chr21_chr22_fast_topk__pair04__0/comparator.stderr.log	0	e3b0c44298fc1c149afbf4c8996fb92427ae41e4649b934ca495991b7852b855
pairs-v3/c1_h19_chr21_chr22_fast_topk__pair04__0/comparator.stdout.log	0	e3b0c44298fc1c149afbf4c8996fb92427ae41e4649b934ca495991b7852b855
pairs-v3/c1_h19_chr21_chr22_fast_topk__pair04__0/pair-complete.json	293	f643b4c283cc75fa4c577ade4428f05299afc50d0fd94fe69c738df15342f4bb
pairs-v3/c1_h19_chr21_chr22_fast_topk__pair04__0/pair-config.json	838	eb1b5ebb39b82a3b85adf5b2754442fece34163187f585e2130c21363cccc2f0
pairs-v3/c1_h19_chr21_chr22_fast_topk__pair04__0/pair-summary.json	1674	e0909af62569d2279de7d414daaf29719d431d0a32c602871e24639b4e9debaf
pairs-v3/c1_h19_chr21_chr22_fast_topk__pair05__0/baseline-report-relocated.json	112913	7dd1b9a6d6e05cc0b59390c22a85627cba140efcb92e6b68c37607dedf8cc782
pairs-v3/c1_h19_chr21_chr22_fast_topk__pair05__0/candidate-report-relocated.json	127721	0ecbec6204e54763d96a85e3b62f7b0e44ff3dfb6357207aa838349068761a66
pairs-v3/c1_h19_chr21_chr22_fast_topk__pair05__0/comparator.stderr.log	0	e3b0c44298fc1c149afbf4c8996fb92427ae41e4649b934ca495991b7852b855
pairs-v3/c1_h19_chr21_chr22_fast_topk__pair05__0/comparator.stdout.log	0	e3b0c44298fc1c149afbf4c8996fb92427ae41e4649b934ca495991b7852b855
pairs-v3/c1_h19_chr21_chr22_fast_topk__pair05__0/pair-complete.json	293	c15f7ff139a4e1ce9e333ba268fa69641ffe06737b77483537e06fc08288bd7e
pairs-v3/c1_h19_chr21_chr22_fast_topk__pair05__0/pair-config.json	838	a4e776b10f9d61453d9d58e8de86405a2e2b80e3b5fefe4cbc56e85f23878078
pairs-v3/c1_h19_chr21_chr22_fast_topk__pair05__0/pair-summary.json	1675	2bccc063a6f64acf0e96dfb5fb668b19bfd6a014ce67962738fc35e4606a8ea0
pairs-v3/c4_h19_chr21_two_slot__pair01__0/comparator.stderr.log	0	e3b0c44298fc1c149afbf4c8996fb92427ae41e4649b934ca495991b7852b855
pairs-v3/c4_h19_chr21_two_slot__pair01__0/comparator.stdout.log	1160	e28572b919bddc1fae8d92aac79cc25f2162143356ac8170b0c9b5748b81dbd1
pairs-v3/c4_h19_chr21_two_slot__pair01__0/pair-complete.json	286	3ba54cbd36ae28771962ba130a4979359254ca11a4ff469e56a2f477b3848125
pairs-v3/c4_h19_chr21_two_slot__pair01__0/pair-config.json	806	af41a8cb6b58c52490df9065c9cd3fb94ff099dfee8221548e9bd1b42f6177e1
pairs-v3/c4_h19_chr21_two_slot__pair01__0/pair-summary.json	1713	502df692b7e8b881736527d33d19f3c485eb4f281bbf591e0513816f87aef544
pairs-v3/c4_h19_chr21_two_slot__pair02__0/comparator.stderr.log	0	e3b0c44298fc1c149afbf4c8996fb92427ae41e4649b934ca495991b7852b855
pairs-v3/c4_h19_chr21_two_slot__pair02__0/comparator.stdout.log	1160	fd6497e27551d92c70ca61e89d7afc3d39f48e93b510b26a4146d19c0de46352
pairs-v3/c4_h19_chr21_two_slot__pair02__0/pair-complete.json	286	46630a07eab944122ed9abd1389dc00e2352c6fa156f7242d47aca6b60440ad3
pairs-v3/c4_h19_chr21_two_slot__pair02__0/pair-config.json	806	8f0f7ae42476024c99ed1ecc293172027f70b81508aef6dfc56d9aebbecd4f6b
pairs-v3/c4_h19_chr21_two_slot__pair02__0/pair-summary.json	1717	475c404a8c538a98e4bb3e71aceb7434c002151bff21a37a37c091edd0d6bce1
pairs-v3/c4_h19_chr21_two_slot__pair03__0/comparator.stderr.log	0	e3b0c44298fc1c149afbf4c8996fb92427ae41e4649b934ca495991b7852b855
pairs-v3/c4_h19_chr21_two_slot__pair03__0/comparator.stdout.log	1160	84c2b2176fa4a65b9f1978c91be7ca63ce5bb70d55a6a90cca02acb4ac8969e8
pairs-v3/c4_h19_chr21_two_slot__pair03__0/pair-complete.json	286	095a3f4dab8581cf924784414f0233017bbfc91ff1cd013163b6db752b4bdd4c
pairs-v3/c4_h19_chr21_two_slot__pair03__0/pair-config.json	806	71a6745cd7c6165524f76985d6168080ce8322ff48fb164b79a103e63638b91d
pairs-v3/c4_h19_chr21_two_slot__pair03__0/pair-summary.json	1715	0a77bcfa21abbeded12c7c58081e6f175aeaa409c6069be827ba498efca25a01
pairs-v3/c4_h19_chr21_two_slot__pair04__0/comparator.stderr.log	0	e3b0c44298fc1c149afbf4c8996fb92427ae41e4649b934ca495991b7852b855
pairs-v3/c4_h19_chr21_two_slot__pair04__0/comparator.stdout.log	1160	7564ed9c0d5a2478fc79dd084f74b504cd8b251cd4357de4160a8c5e23d066fc
pairs-v3/c4_h19_chr21_two_slot__pair04__0/pair-complete.json	286	65c5d71e9b8b5f57e4fbd88a12b8c9614c55fa858a3d5ff7f64ceeb28ece8775
pairs-v3/c4_h19_chr21_two_slot__pair04__0/pair-config.json	806	520a8d103d268276b5b3831e94a4b6da49a55902d617dc1e613a70254af59885
pairs-v3/c4_h19_chr21_two_slot__pair04__0/pair-summary.json	1714	94e5a5aebdd90de656c6ff267577e8cdba8a074cef50e964f8c486e1b75419d9
pairs-v3/c4_h19_chr21_two_slot__pair05__0/comparator.stderr.log	0	e3b0c44298fc1c149afbf4c8996fb92427ae41e4649b934ca495991b7852b855
pairs-v3/c4_h19_chr21_two_slot__pair05__0/comparator.stdout.log	1160	c015208b2b00c1348c0893f003ee1c3f2a70c09a05d0bfde9f252b89a09133bf
pairs-v3/c4_h19_chr21_two_slot__pair05__0/pair-complete.json	286	b7766500fc6d1f766e6eb9559ca611adafb632474d615e8b57a1cd92b267dcfc
pairs-v3/c4_h19_chr21_two_slot__pair05__0/pair-config.json	806	439c01720cf8a57d6f02f06ad0145a321f9f3492ddc79cf38cfceace0d4c0d0c
pairs-v3/c4_h19_chr21_two_slot__pair05__0/pair-summary.json	1714	66ee7431dc59042af3f972abb0d206614d457a9efe6a9c9e2c423a52a5112177
pairs-v3/c4_h19_chr22_two_slot__pair01__0/comparator.stderr.log	0	e3b0c44298fc1c149afbf4c8996fb92427ae41e4649b934ca495991b7852b855
pairs-v3/c4_h19_chr22_two_slot__pair01__0/comparator.stdout.log	1160	b75842ed5d1e8c5766c124581c2e4bb6064c4ec078bb37d82aa2d02a4293080d
pairs-v3/c4_h19_chr22_two_slot__pair01__0/pair-complete.json	286	58315d2de2a1f86385985de9fd934905fe98c3ca67ddeaa6e6b14378bc63a879
pairs-v3/c4_h19_chr22_two_slot__pair01__0/pair-config.json	806	bba7246d87bc307ca4f946e46b88cb4ed7a3d178041613a830d1b7708fd917d1
pairs-v3/c4_h19_chr22_two_slot__pair01__0/pair-summary.json	1717	61f377e0640925f94ad0ee0f967c41ffff30113f416df66078b7efad1a89c2e9
pairs-v3/c4_h19_chr22_two_slot__pair02__0/comparator.stderr.log	0	e3b0c44298fc1c149afbf4c8996fb92427ae41e4649b934ca495991b7852b855
pairs-v3/c4_h19_chr22_two_slot__pair02__0/comparator.stdout.log	1160	79e01b5c77223cab33931a1125bf30a35cfd60245dfdbff7935a7672b848f212
pairs-v3/c4_h19_chr22_two_slot__pair02__0/pair-complete.json	286	4beb09cd3bf475306a6a95467f4feac2718c40e591a0c7117855b2b1885c11c3
pairs-v3/c4_h19_chr22_two_slot__pair02__0/pair-config.json	806	de1c9875b1b8d5e3dd796554acf0f46813846a40aaa2d153cb4a887cf46ec365
pairs-v3/c4_h19_chr22_two_slot__pair02__0/pair-summary.json	1715	51cea86fb14af7ed8207fa73ee81b90222837d6b86db026b294f2b05915c1459
pairs-v3/c4_h19_chr22_two_slot__pair03__0/comparator.stderr.log	0	e3b0c44298fc1c149afbf4c8996fb92427ae41e4649b934ca495991b7852b855
pairs-v3/c4_h19_chr22_two_slot__pair03__0/comparator.stdout.log	1160	1ebd5727f647d04e8a972c620c5c6ba301e95c2610fa793a163a7d3a0640bb4e
pairs-v3/c4_h19_chr22_two_slot__pair03__0/pair-complete.json	286	4e3bd40b379f3d86e9d05a80d6c58844389eddbf07b97e8aa77c305e229ec7fc
pairs-v3/c4_h19_chr22_two_slot__pair03__0/pair-config.json	806	435358171c9c2f84aa0a6dae1efda411c43e6689813ca7e24ff340f4b13cda67
pairs-v3/c4_h19_chr22_two_slot__pair03__0/pair-summary.json	1715	440861c60131e4efed533989e3e12b769f304bd0a8a1e512a4865c2bca0ee35f
pairs-v3/c4_h19_chr22_two_slot__pair04__0/comparator.stderr.log	0	e3b0c44298fc1c149afbf4c8996fb92427ae41e4649b934ca495991b7852b855
pairs-v3/c4_h19_chr22_two_slot__pair04__0/comparator.stdout.log	1160	e327fd5251d6a54cb3e3bf5025fe8f886e88b6c8b88935802e95580e2af7706f
pairs-v3/c4_h19_chr22_two_slot__pair04__0/pair-complete.json	286	02e520913b542281ad3828262754df7c9f49c3859f48e9c157507ceb5ca3c486
pairs-v3/c4_h19_chr22_two_slot__pair04__0/pair-config.json	806	653123649dc7d2a16cf63296aeb02a518d122252ade5fde0897e6dacb9798a4c
pairs-v3/c4_h19_chr22_two_slot__pair04__0/pair-summary.json	1716	35bfb58746146ba12968e1cc2cb15f8c008b99f486d2446aa1e0f3f4541f6565
pairs-v3/c4_h19_chr22_two_slot__pair05__0/comparator.stderr.log	0	e3b0c44298fc1c149afbf4c8996fb92427ae41e4649b934ca495991b7852b855
pairs-v3/c4_h19_chr22_two_slot__pair05__0/comparator.stdout.log	1160	542d1c8d6a942f4bdea27395d968f37f82a798eb96c521bdc1e4494f21001c3b
pairs-v3/c4_h19_chr22_two_slot__pair05__0/pair-complete.json	286	41ad9eaf33c1738be507d92e3aadbe501401c4b660b6667cb41ed0d7421a0e2c
pairs-v3/c4_h19_chr22_two_slot__pair05__0/pair-config.json	806	3bd70747314bede74b36412513c40309d75338686db8516ec6fb2fbabba2b71e
pairs-v3/c4_h19_chr22_two_slot__pair05__0/pair-summary.json	1717	9bb694b0185d222a20361b38185061ecbb772edd2f748c517b74231a8b41eeda
pairs-v3/c7_kcnq_max8_chr22__pair01__0/comparator.stderr.log	0	e3b0c44298fc1c149afbf4c8996fb92427ae41e4649b934ca495991b7852b855
pairs-v3/c7_kcnq_max8_chr22__pair01__0/comparator.stdout.log	1655	21b83ce6cff1900ed45322c31d672c326d105cc1d133de603bc3346df624b82f
pairs-v3/c7_kcnq_max8_chr22__pair01__0/contracts/shift_0-offline-cluster.tsv	1267	c208525b3e90c1c6b5c4640035605c3aaa0ac35577f0566edcc08bda8483875d
pairs-v3/c7_kcnq_max8_chr22__pair01__0/contracts/shift_0-offline-cluster.txt	652	3e0a53924358d03a78ce0387bc964524367e940bbae2ec61f57faed779b9c223
pairs-v3/c7_kcnq_max8_chr22__pair01__0/contracts/shift_0-top5.txt	1154	60b37b6fdc76ec1b09fa51dab117472c462fcce162f072289c7a298fcaada164
pairs-v3/c7_kcnq_max8_chr22__pair01__0/contracts/shift_256-offline-cluster.tsv	1267	c208525b3e90c1c6b5c4640035605c3aaa0ac35577f0566edcc08bda8483875d
pairs-v3/c7_kcnq_max8_chr22__pair01__0/contracts/shift_256-offline-cluster.txt	656	2b7b41baa6d127b2f28212c1fbd2230d8352d10a4b7c2647c60baa635900be45
pairs-v3/c7_kcnq_max8_chr22__pair01__0/contracts/shift_256-top5.txt	1158	10f4935d63d4d8cff2b88946d4ecda29f8f2fb5a611eaff1917d9061b2bd6e1a
pairs-v3/c7_kcnq_max8_chr22__pair01__0/pair-complete.json	283	0adbb76babbea72a0b10c5d6c6a9361101caa536655feb9ad8ecd0bffc9260b9
pairs-v3/c7_kcnq_max8_chr22__pair01__0/pair-config.json	795	1dfca0035ea4b3778deb2c6ad18351355a1be5d1a6b4b22e44fd3dc40e48052c
pairs-v3/c7_kcnq_max8_chr22__pair01__0/pair-summary.json	1570	fc443678256aff82f778a075e37f4520becfdbff7e72001cff5a9d168b581b20
pairs-v3/c7_kcnq_max8_chr22__pair01__0/pair.tsv	1655	d7802fd0ba4a88925fbaffa3a9a4a5ba06f62658230943b49f402f9a35d9a5be
pairs-v3/c7_kcnq_max8_chr22__pair02__0/comparator.stderr.log	0	e3b0c44298fc1c149afbf4c8996fb92427ae41e4649b934ca495991b7852b855
pairs-v3/c7_kcnq_max8_chr22__pair02__0/comparator.stdout.log	1655	703bded067d835e6781bd94b2bc36ced219ee299fd783d263d0607153d41a943
pairs-v3/c7_kcnq_max8_chr22__pair02__0/contracts/shift_0-offline-cluster.tsv	1267	c208525b3e90c1c6b5c4640035605c3aaa0ac35577f0566edcc08bda8483875d
pairs-v3/c7_kcnq_max8_chr22__pair02__0/contracts/shift_0-offline-cluster.txt	652	318001054bf3bb9d7be6bb109abbf4127f92abd37d8ccdfa69cf8f659ac85596
pairs-v3/c7_kcnq_max8_chr22__pair02__0/contracts/shift_0-top5.txt	1154	050909385d54ab6353574bd1a8ead142927bb86949aab4a287cdf7864190244c
pairs-v3/c7_kcnq_max8_chr22__pair02__0/contracts/shift_256-offline-cluster.tsv	1267	c208525b3e90c1c6b5c4640035605c3aaa0ac35577f0566edcc08bda8483875d
pairs-v3/c7_kcnq_max8_chr22__pair02__0/contracts/shift_256-offline-cluster.txt	656	d20e10794b4304279dbc54b1345c9fdcc133d415dc22bc1e866ce757389410ad
pairs-v3/c7_kcnq_max8_chr22__pair02__0/contracts/shift_256-top5.txt	1158	ddf6cd3c5d5163c5eee2a95acbaceddc3556effa504fa4dc5690bd0e7924ead2
pairs-v3/c7_kcnq_max8_chr22__pair02__0/pair-complete.json	283	597426db4eaca12b5eeb34f89d48bbf98622cbad599769257e61368d81696060
pairs-v3/c7_kcnq_max8_chr22__pair02__0/pair-config.json	795	7d5dae648c51582173fe5313b6f45b50a03067693fcf1d64f4d02317a37cd6d7
pairs-v3/c7_kcnq_max8_chr22__pair02__0/pair-summary.json	1569	a867f4cbdbdf2a3bb90bc12140a449e12caa61886ca7567c86d761d3eb903e20
pairs-v3/c7_kcnq_max8_chr22__pair02__0/pair.tsv	1655	cfc483796547600bb9795c70c0779534f9b88ea69b35722b9c23680d37e1374c
pairs-v3/c7_kcnq_max8_chr22__pair03__0/comparator.stderr.log	0	e3b0c44298fc1c149afbf4c8996fb92427ae41e4649b934ca495991b7852b855
pairs-v3/c7_kcnq_max8_chr22__pair03__0/comparator.stdout.log	1655	6abb4569e6762141271cb919a67495245c7307f3278de69f48800f5210acfa09
pairs-v3/c7_kcnq_max8_chr22__pair03__0/contracts/shift_0-offline-cluster.tsv	1267	c208525b3e90c1c6b5c4640035605c3aaa0ac35577f0566edcc08bda8483875d
pairs-v3/c7_kcnq_max8_chr22__pair03__0/contracts/shift_0-offline-cluster.txt	652	fb49fd97114878357a0b7826eae2d5340d48b5952ab331d2c5fe4270a40ddd4c
pairs-v3/c7_kcnq_max8_chr22__pair03__0/contracts/shift_0-top5.txt	1154	d90c61475844d2647146367e8e875304449ff662e20e56df57dfba99e26448f0
pairs-v3/c7_kcnq_max8_chr22__pair03__0/contracts/shift_256-offline-cluster.tsv	1267	c208525b3e90c1c6b5c4640035605c3aaa0ac35577f0566edcc08bda8483875d
pairs-v3/c7_kcnq_max8_chr22__pair03__0/contracts/shift_256-offline-cluster.txt	656	166459af48ff76b0a689c6aeae18d212de8aebd71cf54adba95e1d45fff0178f
pairs-v3/c7_kcnq_max8_chr22__pair03__0/contracts/shift_256-top5.txt	1158	878891f67d591019334e8add24663616df5c7ee4c11b16a5fc6821d70e1a1c65
pairs-v3/c7_kcnq_max8_chr22__pair03__0/pair-complete.json	283	f7cd023eeee3b3e151e0d6927c9c0c74421d5592f105a9a21fd12598fe7c5661
pairs-v3/c7_kcnq_max8_chr22__pair03__0/pair-config.json	795	3e6cb9318369321ab55ebe5629995ec42a3957049733f89a43452bf0b825cf48
pairs-v3/c7_kcnq_max8_chr22__pair03__0/pair-summary.json	1570	65524c2aa4e3f291217260e3f0305a02a09209a18530341e87290991a7099d0b
pairs-v3/c7_kcnq_max8_chr22__pair03__0/pair.tsv	1655	2fcc1c055df9e75583acacfd1956342e06a3643052d1775577a653f0e5e624e3
phase2-failures.tsv	2462	9747b79c8362f3739ecc3cc94d543a5da34c9d510fa986ba07ac5317fc1a12b6
phase2-pairs.tsv	9435	143a8a7a2563b5a646058e9fb00211155bc734b04ffdf68943e79ae1e50238ca
phase2-runs.tsv	16157	0e4bb6c82dae74e28abbafad761dab30a43d5a70d782ded0b76dff555799e3d4
