artifact_path	size_bytes	sha256
g01_malat1_5p_1024_chr11__pair01__baseline__0/correctness.json	65	a278541fd198bfff0e1fbca1ef8e939bbc1f5b5432d8a6289fe649582d1a7f5e
g01_malat1_5p_1024_chr11__pair01__baseline__0/environment.json	25043	3a6d8427c534e3b83894e906871dfe805f3bcf1dac567d2da14286ba0372cfdb
g01_malat1_5p_1024_chr11__pair01__baseline__0/execution.json	893	2ce94ea576a13cc05d5af254967453d696c4b043594a8bd7b40726ca0ca2e0fd
g01_malat1_5p_1024_chr11__pair01__baseline__0/gpu-memory.csv	22773	64a35c3cf573c5ec527c4858e7eee9031ef62e05b2a8c67f80c5cdf7de305b71
g01_malat1_5p_1024_chr11__pair01__baseline__0/inputs/query.fa	1052	02051de9388a89709bd915b8b29ac226d22424b9ccdbc510e630fe537e9bb652
g01_malat1_5p_1024_chr11__pair01__baseline__0/inputs/target.fa	2025031	d6c66bdad5c631c9057f18fe2b33b146038bdb5681c9e1dba451d3eee3a09449
g01_malat1_5p_1024_chr11__pair01__baseline__0/output/chr11-MALAT1_0_1024-target-TFOsorted	1112876	398db8d2764a9d676a16bdad024df8792464b1650ec25fa19c19ca951ccd2db3
g01_malat1_5p_1024_chr11__pair01__baseline__0/run-complete.json	467	37377d83c7d4cb469f8dabfaca1f191683784354f0f7a570afef26e217d42597
g01_malat1_5p_1024_chr11__pair01__baseline__0/run-config.json	1823	97b70391baa9d90ec0c6b35f221e9d0a875746248b6eec29babc45d6f7ff268a
g01_malat1_5p_1024_chr11__pair01__baseline__0/stderr.log	99004	afb82b73b58ccf403f9ec0a00940767856f69c3e049da1d5d22ae843a9ec15bc
g01_malat1_5p_1024_chr11__pair01__baseline__0/stdout.log	88	2887a69b2615a1cca236fc29df3982ef3bf777b89d07aeef0adcea88794ec3ab
g01_malat1_5p_1024_chr11__pair01__baseline__0/summary.json	111400	8620ebf9998e0956c5249b83aadf2fe2a0616371e92963f2e3d7d9494db87c21
g01_malat1_5p_1024_chr11__pair01__baseline__0/time.txt	1413	b1f7370c7a4c6f0e712adc3abefd0be6f715919d4a1c9bc44f774d99d81cc13d
g01_malat1_5p_1024_chr11__pair01__candidate__0/correctness.json	65	a278541fd198bfff0e1fbca1ef8e939bbc1f5b5432d8a6289fe649582d1a7f5e
g01_malat1_5p_1024_chr11__pair01__candidate__0/environment.json	25043	aa1e8ee9d34eb10d52f4f72cbf29eeba7415ec60f8fe6d99c1d71d4b03183652
g01_malat1_5p_1024_chr11__pair01__candidate__0/execution.json	1155	36bf927e7e531e396866f614c099e6b7d40b6872f76fcf173a3538188e021214
g01_malat1_5p_1024_chr11__pair01__candidate__0/gpu-memory.csv	2117	3f94244ebaf23e1ab877b354666e8c549d55e02b324c28f0ba0c033d0755e896
g01_malat1_5p_1024_chr11__pair01__candidate__0/inputs/query.fa	1052	02051de9388a89709bd915b8b29ac226d22424b9ccdbc510e630fe537e9bb652
g01_malat1_5p_1024_chr11__pair01__candidate__0/inputs/target.fa	2025031	d6c66bdad5c631c9057f18fe2b33b146038bdb5681c9e1dba451d3eee3a09449
g01_malat1_5p_1024_chr11__pair01__candidate__0/output/chr11-MALAT1_0_1024-target-TFOsorted	1112696	7d48b0abf134966f830b448fe0e2b290c74e929ec20439968e9c061c4d850131
g01_malat1_5p_1024_chr11__pair01__candidate__0/run-complete.json	468	2343c72382b8b1cbdb4f9559bfbfee718858999fa4200c2c6fec1a1f61c7f98c
g01_malat1_5p_1024_chr11__pair01__candidate__0/run-config.json	1826	ed5e776f3974ae524ef1c58f2c4cf82a98e25c0761d04e5d2d6314fd1a40cc05
g01_malat1_5p_1024_chr11__pair01__candidate__0/stderr.log	112074	761b986bfc8b9efc2d4a5adf23ff42ca7470575770b9c1d7a2cefbe573450b49
g01_malat1_5p_1024_chr11__pair01__candidate__0/stdout.log	87	65c83deb36c80149de27de844fb1d760544341c3c2d019796e6e8142fa47a12f
g01_malat1_5p_1024_chr11__pair01__candidate__0/summary.json	126356	07fe44754568fd51cd0771a3b62e8f3764d9e1fcc33aa0ba7b6342e7d2039735
g01_malat1_5p_1024_chr11__pair01__candidate__0/time.txt	1635	84a96da4e748393cc53f0149cf047e3697cb7d44cb1801d9f83cdcdf4b152c54
g01_malat1_5p_1024_chr11__pair02__baseline__0/correctness.json	65	a278541fd198bfff0e1fbca1ef8e939bbc1f5b5432d8a6289fe649582d1a7f5e
g01_malat1_5p_1024_chr11__pair02__baseline__0/environment.json	25043	cbabf576c8cf254ab0b67880e929952ed4496f4500c93c8e2596bd2a49616fb8
g01_malat1_5p_1024_chr11__pair02__baseline__0/execution.json	893	800da0349e8cef26ac0de7138d24bf1d0c2f353f1f76b565c169073db9cb9dcb
g01_malat1_5p_1024_chr11__pair02__baseline__0/gpu-memory.csv	22773	7b92c10570aaea2f1dfd5a4fa7a3dfad7b44bdf2b74bd5f2e2440ef0926cad32
g01_malat1_5p_1024_chr11__pair02__baseline__0/inputs/query.fa	1052	02051de9388a89709bd915b8b29ac226d22424b9ccdbc510e630fe537e9bb652
g01_malat1_5p_1024_chr11__pair02__baseline__0/inputs/target.fa	2025031	d6c66bdad5c631c9057f18fe2b33b146038bdb5681c9e1dba451d3eee3a09449
g01_malat1_5p_1024_chr11__pair02__baseline__0/output/chr11-MALAT1_0_1024-target-TFOsorted	1112876	398db8d2764a9d676a16bdad024df8792464b1650ec25fa19c19ca951ccd2db3
g01_malat1_5p_1024_chr11__pair02__baseline__0/run-complete.json	467	3c917d2da85773e387fdac675ad9ca67f04e18addb2ba994ea78363d22237637
g01_malat1_5p_1024_chr11__pair02__baseline__0/run-config.json	1823	9318b35af037b660e21bf1909da5407f6c34fd2bad525fe924ba6b52ca656a79
g01_malat1_5p_1024_chr11__pair02__baseline__0/stderr.log	99004	afb82b73b58ccf403f9ec0a00940767856f69c3e049da1d5d22ae843a9ec15bc
g01_malat1_5p_1024_chr11__pair02__baseline__0/stdout.log	88	59a3bc3e1d96d0c8f6f225f74d959c3476389fd4f399c17ad4179b5db80cd98a
g01_malat1_5p_1024_chr11__pair02__baseline__0/summary.json	111400	af3bb3c43c5ff44dd9396cad16d15ad1f060547d07cd0d4f54a284e1ffeb2252
g01_malat1_5p_1024_chr11__pair02__baseline__0/time.txt	1413	13fa0c4ead79b25b969eda5de7ecb90746c742f4808412827386767ecf08455a
g01_malat1_5p_1024_chr11__pair02__candidate__0/correctness.json	65	a278541fd198bfff0e1fbca1ef8e939bbc1f5b5432d8a6289fe649582d1a7f5e
g01_malat1_5p_1024_chr11__pair02__candidate__0/environment.json	25043	ecc4df78bc4f6a59c0cea4b357da2df7a5c0a892dca640bdb9408dae0816e875
g01_malat1_5p_1024_chr11__pair02__candidate__0/execution.json	1155	70a02d5eda3400572df19b4826b79ed1d5946860c1d2e4c0a6747e627780d88c
g01_malat1_5p_1024_chr11__pair02__candidate__0/gpu-memory.csv	2117	c81e57d295a2a87209df25303372d7e8ad9f3265687fba16d927e7eb7e099817
g01_malat1_5p_1024_chr11__pair02__candidate__0/inputs/query.fa	1052	02051de9388a89709bd915b8b29ac226d22424b9ccdbc510e630fe537e9bb652
g01_malat1_5p_1024_chr11__pair02__candidate__0/inputs/target.fa	2025031	d6c66bdad5c631c9057f18fe2b33b146038bdb5681c9e1dba451d3eee3a09449
g01_malat1_5p_1024_chr11__pair02__candidate__0/output/chr11-MALAT1_0_1024-target-TFOsorted	1112696	7d48b0abf134966f830b448fe0e2b290c74e929ec20439968e9c061c4d850131
g01_malat1_5p_1024_chr11__pair02__candidate__0/run-complete.json	468	383d634b568d0d78ac97e46d66774784f61a6d027ef759588361fae138c6362a
g01_malat1_5p_1024_chr11__pair02__candidate__0/run-config.json	1826	15a73886a484a16224c6e0d2aecb8eb835ddb50c390072d8d0958338de029c38
g01_malat1_5p_1024_chr11__pair02__candidate__0/stderr.log	112074	5e2aa8c284cd3baaae9499c311e4db0b1df3165406b61332d74141b0eb340c76
g01_malat1_5p_1024_chr11__pair02__candidate__0/stdout.log	88	f463fa0c580589bb1f005ccbe3d196adb963484a1ca7a18a3e354713c51cba62
g01_malat1_5p_1024_chr11__pair02__candidate__0/summary.json	126357	773ef97edb3e4b2cc5a4650d00edb655dd2ad6fe1b5a7ca8a7f55e12b41d1606
g01_malat1_5p_1024_chr11__pair02__candidate__0/time.txt	1635	6b04e9f91d3a6caea5bdf1cb72a38543399a2a8de8e5c61025147a3705064152
g01_malat1_5p_1024_chr11__pair03__baseline__0/correctness.json	65	a278541fd198bfff0e1fbca1ef8e939bbc1f5b5432d8a6289fe649582d1a7f5e
g01_malat1_5p_1024_chr11__pair03__baseline__0/environment.json	25043	8a4607826e4d67e8f1f5a93c448d6cdc8890ed1daae1dffe784a87797683b2a2
g01_malat1_5p_1024_chr11__pair03__baseline__0/execution.json	892	ee16d4e341f8a5c1e0f6f409b116a40c12ccabce05a570c34ae2129f1e239cb3
g01_malat1_5p_1024_chr11__pair03__baseline__0/gpu-memory.csv	22635	d431931a4e08947163ae32bc01ffee83dcc1a71244e134383189aca0fdd398be
g01_malat1_5p_1024_chr11__pair03__baseline__0/inputs/query.fa	1052	02051de9388a89709bd915b8b29ac226d22424b9ccdbc510e630fe537e9bb652
g01_malat1_5p_1024_chr11__pair03__baseline__0/inputs/target.fa	2025031	d6c66bdad5c631c9057f18fe2b33b146038bdb5681c9e1dba451d3eee3a09449
g01_malat1_5p_1024_chr11__pair03__baseline__0/output/chr11-MALAT1_0_1024-target-TFOsorted	1112876	398db8d2764a9d676a16bdad024df8792464b1650ec25fa19c19ca951ccd2db3
g01_malat1_5p_1024_chr11__pair03__baseline__0/run-complete.json	467	c11c38140eafad60ed3e7f965531d304ad34efdb70c87e5f243421f6482d500f
g01_malat1_5p_1024_chr11__pair03__baseline__0/run-config.json	1823	b81943e1266ae2ca73fad1e39045b29fd4878a087beb8019a18c044b25e2ec05
g01_malat1_5p_1024_chr11__pair03__baseline__0/stderr.log	99004	afb82b73b58ccf403f9ec0a00940767856f69c3e049da1d5d22ae843a9ec15bc
g01_malat1_5p_1024_chr11__pair03__baseline__0/stdout.log	88	cad5c07864d6e0ac480296ae9d828d6132e63bc930b3806b97b5397152d48205
g01_malat1_5p_1024_chr11__pair03__baseline__0/summary.json	111399	ed53d1c8108a66e7ee166235b03b24e13fbd7c5848462f639949e44edf91273e
g01_malat1_5p_1024_chr11__pair03__baseline__0/time.txt	1414	6d08f242b521a26310c99fb752abc3cc236ce3fb60326a6df3df6f573dd14607
g01_malat1_5p_1024_chr11__pair03__candidate__0/correctness.json	65	a278541fd198bfff0e1fbca1ef8e939bbc1f5b5432d8a6289fe649582d1a7f5e
g01_malat1_5p_1024_chr11__pair03__candidate__0/environment.json	25043	50c35434b8e00b1d4226f4db08711855a3d37b2ab90c10e6cc73774a46d835ff
g01_malat1_5p_1024_chr11__pair03__candidate__0/execution.json	1156	09e8dbb3e85e9a8d101b558bfb08153703e4fd1d4e41b738991757b5e30369e2
g01_malat1_5p_1024_chr11__pair03__candidate__0/gpu-memory.csv	2117	b0751fcc42cc605560e7f45da40f477bad3d31b3bc13425f264ef2c57f75ad27
g01_malat1_5p_1024_chr11__pair03__candidate__0/inputs/query.fa	1052	02051de9388a89709bd915b8b29ac226d22424b9ccdbc510e630fe537e9bb652
g01_malat1_5p_1024_chr11__pair03__candidate__0/inputs/target.fa	2025031	d6c66bdad5c631c9057f18fe2b33b146038bdb5681c9e1dba451d3eee3a09449
g01_malat1_5p_1024_chr11__pair03__candidate__0/output/chr11-MALAT1_0_1024-target-TFOsorted	1112696	7d48b0abf134966f830b448fe0e2b290c74e929ec20439968e9c061c4d850131
g01_malat1_5p_1024_chr11__pair03__candidate__0/run-complete.json	468	cd7fed08b385086e840f95a1de2fdee7b8fa3d3cbd9cb24887785b754d99c215
g01_malat1_5p_1024_chr11__pair03__candidate__0/run-config.json	1826	44027ce723da31fc4a49ce7b80cd3ce26fb8cf17fb9e8999e840a735b083b443
g01_malat1_5p_1024_chr11__pair03__candidate__0/stderr.log	112076	e3188eea3c0750dd4368325c53ac789bc4de3e1a0bd0d1900b88931f419a44ee
g01_malat1_5p_1024_chr11__pair03__candidate__0/stdout.log	88	2789f097a363ef44a652f68fd7317a8505be6474a62af813e40fb8a91a5af628
g01_malat1_5p_1024_chr11__pair03__candidate__0/summary.json	126360	b5a44a600c5c34a5e9b5a5911bda77f7392071a51781ccb0f1c38f2b14815ec4
g01_malat1_5p_1024_chr11__pair03__candidate__0/time.txt	1635	dcace7277dac58a96394be5c47175e7b9d716453903f18c3b0fa8b0ae61d1e2c
g01_malat1_5p_1024_chr11__warmup__baseline__0/correctness.json	65	a278541fd198bfff0e1fbca1ef8e939bbc1f5b5432d8a6289fe649582d1a7f5e
g01_malat1_5p_1024_chr11__warmup__baseline__0/environment.json	25043	6256282ac20d24b796b0e00c944f2c35fb01bac2bd8c87a1f06f5b36d925cc7a
g01_malat1_5p_1024_chr11__warmup__baseline__0/execution.json	892	63b1d3212e9de5cc3b58839e5675d4d6ee34f522519bc0e8184b287458101980
g01_malat1_5p_1024_chr11__warmup__baseline__0/gpu-memory.csv	22635	4f574a35e9b0e212b3bf56d48533a1db171b05b2b1ae62373de6b0de076b178a
g01_malat1_5p_1024_chr11__warmup__baseline__0/inputs/query.fa	1052	02051de9388a89709bd915b8b29ac226d22424b9ccdbc510e630fe537e9bb652
g01_malat1_5p_1024_chr11__warmup__baseline__0/inputs/target.fa	2025031	d6c66bdad5c631c9057f18fe2b33b146038bdb5681c9e1dba451d3eee3a09449
g01_malat1_5p_1024_chr11__warmup__baseline__0/output/chr11-MALAT1_0_1024-target-TFOsorted	1112876	398db8d2764a9d676a16bdad024df8792464b1650ec25fa19c19ca951ccd2db3
g01_malat1_5p_1024_chr11__warmup__baseline__0/run-complete.json	467	c2323835192b30943e0650d02874a6f0c9a92799e2bcb5e031fbe00f94155f9a
g01_malat1_5p_1024_chr11__warmup__baseline__0/run-config.json	1822	6072037b35d39d90ea25770d2760b84873e94c0c2f4bd3d0b153d8458bc198b8
g01_malat1_5p_1024_chr11__warmup__baseline__0/stderr.log	99004	afb82b73b58ccf403f9ec0a00940767856f69c3e049da1d5d22ae843a9ec15bc
g01_malat1_5p_1024_chr11__warmup__baseline__0/stdout.log	88	a42cc0eb11d2fcb90857a291d056571421f95f1fbdd457c93d53dcb72f073f1b
g01_malat1_5p_1024_chr11__warmup__baseline__0/summary.json	111399	23be4f619b2c7cf777bfaac3b15cba652156f44c6786327d1c68bb17314c0510
g01_malat1_5p_1024_chr11__warmup__baseline__0/time.txt	1413	ec7e8e859544a1a0374a83abbd1d45d999ac547d24cd3e5b9b021b2385c9d10a
g01_malat1_5p_1024_chr11__warmup__candidate__0/correctness.json	65	a278541fd198bfff0e1fbca1ef8e939bbc1f5b5432d8a6289fe649582d1a7f5e
g01_malat1_5p_1024_chr11__warmup__candidate__0/environment.json	25043	95ae162b1a9b49d9b343cfe85e998312d6c9eadd62982b6ff32e0e3c8b012bd0
g01_malat1_5p_1024_chr11__warmup__candidate__0/execution.json	1155	065db8b0c657cd389a3c245f5a0e89970a6a05286a14097f776faa5937e99e04
g01_malat1_5p_1024_chr11__warmup__candidate__0/gpu-memory.csv	2116	4e53b4333af12f68932bbac908ab1d4f9b5386a2464eb9136e98afcbd53f2f63
g01_malat1_5p_1024_chr11__warmup__candidate__0/inputs/query.fa	1052	02051de9388a89709bd915b8b29ac226d22424b9ccdbc510e630fe537e9bb652
g01_malat1_5p_1024_chr11__warmup__candidate__0/inputs/target.fa	2025031	d6c66bdad5c631c9057f18fe2b33b146038bdb5681c9e1dba451d3eee3a09449
g01_malat1_5p_1024_chr11__warmup__candidate__0/output/chr11-MALAT1_0_1024-target-TFOsorted	1112696	7d48b0abf134966f830b448fe0e2b290c74e929ec20439968e9c061c4d850131
g01_malat1_5p_1024_chr11__warmup__candidate__0/run-complete.json	468	bf0425dc03fcae6004c750ea79bf2fc539c223b7b2a6d970369e1afae3707dba
g01_malat1_5p_1024_chr11__warmup__candidate__0/run-config.json	1825	44899956cbca54a0f803cd1ff5b9cf16ff5d24aaf571775435673ed6e60f5e2b
g01_malat1_5p_1024_chr11__warmup__candidate__0/stderr.log	112073	fa4fa6ce4f99fece7a52bbd825164e9939211314dbb55fc575550f8e30b1acdf
g01_malat1_5p_1024_chr11__warmup__candidate__0/stdout.log	88	de332bfcd360f3917e8b90a790c14d4c3528ee4dbf51e43f5e57d392ada5c408
g01_malat1_5p_1024_chr11__warmup__candidate__0/summary.json	126356	a1405fa956139ade6e215007220400b940a08ccc0cd0ea995e4f947fd6c29815
g01_malat1_5p_1024_chr11__warmup__candidate__0/time.txt	1635	b5d27ad9a757382008e5d70fcf9a279b99d237bca94f276bbfbfc3b6edc8b6ed
g02_malat1_mid_2048_chr21__pair01__baseline__0/correctness.json	65	a278541fd198bfff0e1fbca1ef8e939bbc1f5b5432d8a6289fe649582d1a7f5e
g02_malat1_mid_2048_chr21__pair01__baseline__0/environment.json	25043	aa027d468ddb04f660534ee84864dae8ad7afe963dab9637ad16824f015737e8
g02_malat1_mid_2048_chr21__pair01__baseline__0/execution.json	895	428066fdd5bcf011a2e42518d57f584362964fee72478a004117cf199290575c
g02_malat1_mid_2048_chr21__pair01__baseline__0/gpu-memory.csv	35607	72e83495f4544d78be4c39cea4d21f98245904b0307b36188fcab0d7e6fac619
g02_malat1_mid_2048_chr21__pair01__baseline__0/inputs/query.fa	2092	f773e89378a93887d4c30dbe6b11ac449fdad24504d38c203765844ee2336cf1
g02_malat1_mid_2048_chr21__pair01__baseline__0/inputs/target.fa	2025031	c7ceaecd1ddc49dd6020ae5d07cb46a8a4b0e49f70bb1e56ecf1ee01a5541351
g02_malat1_mid_2048_chr21__pair01__baseline__0/output/chr21-MALAT1_3330_5378-target-TFOsorted	423838	88332897dd758fae639f4bbf5308a89fb6e5297094fcc5407540cda966ad0beb
g02_malat1_mid_2048_chr21__pair01__baseline__0/run-complete.json	468	762dcc559bc00fcb1cd9aa0fb84a19811a0e92c48b11b099770bd36ace6752c0
g02_malat1_mid_2048_chr21__pair01__baseline__0/run-config.json	1831	0930b900bb7a0ed338b057099bbf1cf1ee758b90babdc0dcbddbab65a2831236
g02_malat1_mid_2048_chr21__pair01__baseline__0/stderr.log	99004	21fb4911d5e5c1646f9c79ba123c9dee80e9a3e2fb2963d4a57024e5f20b1a81
g02_malat1_mid_2048_chr21__pair01__baseline__0/stdout.log	91	170795ff156484c923f25c0220f0c1f90f5f0711e59a6719b88db7ee00c4d56f
g02_malat1_mid_2048_chr21__pair01__baseline__0/summary.json	111404	1b1b25b4da41b86a556c89ca3e29b5f5b06681fe819f3964bdb007db89a2d553
g02_malat1_mid_2048_chr21__pair01__baseline__0/time.txt	1417	b9bca5f7fda0580e7de1f6c62462934feee81356742fbeecc7d9d8c7785bbacc
g02_malat1_mid_2048_chr21__pair01__candidate__0/correctness.json	65	a278541fd198bfff0e1fbca1ef8e939bbc1f5b5432d8a6289fe649582d1a7f5e
g02_malat1_mid_2048_chr21__pair01__candidate__0/environment.json	25043	e34f0df01991c7048df88296884d8632db73b2773652d87d55b3dd24d348a4f6
g02_malat1_mid_2048_chr21__pair01__candidate__0/execution.json	1158	5ad9446f6a5fadc8bb34f63f6c02378a5e52ab7e4b8cb463d6bc1585a5922fc7
g02_malat1_mid_2048_chr21__pair01__candidate__0/gpu-memory.csv	2420	28b39d33328370507eef1fad968f2c0cd98599f45f2cc3f4fa413b18e93c51bf
g02_malat1_mid_2048_chr21__pair01__candidate__0/inputs/query.fa	2092	f773e89378a93887d4c30dbe6b11ac449fdad24504d38c203765844ee2336cf1
g02_malat1_mid_2048_chr21__pair01__candidate__0/inputs/target.fa	2025031	c7ceaecd1ddc49dd6020ae5d07cb46a8a4b0e49f70bb1e56ecf1ee01a5541351
g02_malat1_mid_2048_chr21__pair01__candidate__0/output/chr21-MALAT1_3330_5378-target-TFOsorted	423814	d7063006ad6340c66fcca23401b5b0fc8e22e48f97d19b30270366c6c32fb93c
g02_malat1_mid_2048_chr21__pair01__candidate__0/run-complete.json	469	066455d9d3ff6dd9586517fe56935b7373516054dc4ac73d2d26bf95eb7e83e6
g02_malat1_mid_2048_chr21__pair01__candidate__0/run-config.json	1834	6cbd14214ccd92817cd8f6339422a9f13567436ae7242745aad089ab1dc6b415
g02_malat1_mid_2048_chr21__pair01__candidate__0/stderr.log	112076	e887e422b7e592e292e8f90303d35f6698388722bc31552e8863aba8352f8076
g02_malat1_mid_2048_chr21__pair01__candidate__0/stdout.log	91	ea91f049896730633f07ccbfdff8f8485392be03d7870536488993f2c2558d11
g02_malat1_mid_2048_chr21__pair01__candidate__0/summary.json	126366	70b118fb45df5d97a2eceb120afab5200f2dc9f2511ce6a01cb3a15a328e8bff
g02_malat1_mid_2048_chr21__pair01__candidate__0/time.txt	1638	187e2907bb247f5da2ab082362b2247d3cb3c2c6a55b037dadf86bb98c30578d
g02_malat1_mid_2048_chr21__pair02__baseline__0/correctness.json	65	a278541fd198bfff0e1fbca1ef8e939bbc1f5b5432d8a6289fe649582d1a7f5e
g02_malat1_mid_2048_chr21__pair02__baseline__0/environment.json	25043	3640731e3473b160669ccf3241496e11bdec33037533faa353f9e2eb6d574256
g02_malat1_mid_2048_chr21__pair02__baseline__0/execution.json	895	7921d6eadd5ef7352bf8127fff7f009baf820370f5d1b0089a6bc45d313b5e54
g02_malat1_mid_2048_chr21__pair02__baseline__0/gpu-memory.csv	35607	f0c1733b8bc7b38cb83436898c03c7fb2d69a509590c582679622eb00709f7fb
g02_malat1_mid_2048_chr21__pair02__baseline__0/inputs/query.fa	2092	f773e89378a93887d4c30dbe6b11ac449fdad24504d38c203765844ee2336cf1
g02_malat1_mid_2048_chr21__pair02__baseline__0/inputs/target.fa	2025031	c7ceaecd1ddc49dd6020ae5d07cb46a8a4b0e49f70bb1e56ecf1ee01a5541351
g02_malat1_mid_2048_chr21__pair02__baseline__0/output/chr21-MALAT1_3330_5378-target-TFOsorted	423838	88332897dd758fae639f4bbf5308a89fb6e5297094fcc5407540cda966ad0beb
g02_malat1_mid_2048_chr21__pair02__baseline__0/run-complete.json	468	a4281ef874fe8c95643f26d99b8fb68faf462f824c84a8252c1b68dc8a666e8e
g02_malat1_mid_2048_chr21__pair02__baseline__0/run-config.json	1831	1ad80e524f55c93653b89c5f80edcbe12c8c13a95a5bed6bccc510792771463f
g02_malat1_mid_2048_chr21__pair02__baseline__0/stderr.log	99004	21fb4911d5e5c1646f9c79ba123c9dee80e9a3e2fb2963d4a57024e5f20b1a81
g02_malat1_mid_2048_chr21__pair02__baseline__0/stdout.log	91	f5fb1a93cf038b424d0d9b3738862036112ce2c2906196be5bfc1a46c2d4f965
g02_malat1_mid_2048_chr21__pair02__baseline__0/summary.json	111403	32341a771581cd7cc816e6d5bdb0a68f51abb1b582d74f50ae414c8aa145cf4a
g02_malat1_mid_2048_chr21__pair02__baseline__0/time.txt	1416	99db5b082445f83eef0af9bc6e59ae87238dd86472c4ee355b1e7f9625bb24f5
g02_malat1_mid_2048_chr21__pair02__candidate__0/correctness.json	65	a278541fd198bfff0e1fbca1ef8e939bbc1f5b5432d8a6289fe649582d1a7f5e
g02_malat1_mid_2048_chr21__pair02__candidate__0/environment.json	25043	98b7400436ed16584d5c6e878840c1392d07e95ee864ca9dd12a86973d4a6b25
g02_malat1_mid_2048_chr21__pair02__candidate__0/execution.json	1158	d724766ee5cffa18b08439d80e60359338bae7d118227174e4f04b448d2d4deb
g02_malat1_mid_2048_chr21__pair02__candidate__0/gpu-memory.csv	2420	124d90bd9c8072359d44aa3aee731c81db000433d25db8cdf54099d8eefe6188
g02_malat1_mid_2048_chr21__pair02__candidate__0/inputs/query.fa	2092	f773e89378a93887d4c30dbe6b11ac449fdad24504d38c203765844ee2336cf1
g02_malat1_mid_2048_chr21__pair02__candidate__0/inputs/target.fa	2025031	c7ceaecd1ddc49dd6020ae5d07cb46a8a4b0e49f70bb1e56ecf1ee01a5541351
g02_malat1_mid_2048_chr21__pair02__candidate__0/output/chr21-MALAT1_3330_5378-target-TFOsorted	423814	d7063006ad6340c66fcca23401b5b0fc8e22e48f97d19b30270366c6c32fb93c
g02_malat1_mid_2048_chr21__pair02__candidate__0/run-complete.json	469	41523cab5c599e85b4e42e5a2b9ea553db4bf567eb7b9861b8aca1cceb2fd69f
g02_malat1_mid_2048_chr21__pair02__candidate__0/run-config.json	1834	8bf85b0ff575df6ddca59f8c62e122e385bac637b209f8728a0ed3d63ea8d2f4
g02_malat1_mid_2048_chr21__pair02__candidate__0/stderr.log	112075	6ccac09a58ff00b2df4496afe1309323df29c53ff888b27989a87fb8fb0c23bd
g02_malat1_mid_2048_chr21__pair02__candidate__0/stdout.log	90	dd4719ef6f37ec7f06c1705687ed881a2abe0cb80b3b7ec8fea04fc58f1a0e06
g02_malat1_mid_2048_chr21__pair02__candidate__0/summary.json	126365	269bc38968f746acf86345a2a0ba52ecbee313f6c3217ba04c93c0c2a11908f3
g02_malat1_mid_2048_chr21__pair02__candidate__0/time.txt	1638	14c98a449498aac837c2319332fb5750b5a1505a8898f48fcebda5ccef0988a3
g02_malat1_mid_2048_chr21__pair03__baseline__0/correctness.json	65	a278541fd198bfff0e1fbca1ef8e939bbc1f5b5432d8a6289fe649582d1a7f5e
g02_malat1_mid_2048_chr21__pair03__baseline__0/environment.json	25043	8370b89cf6ee90b0d0c01ac810e4112f9e8d5f0ac58ba417773a1011fd9b2f20
g02_malat1_mid_2048_chr21__pair03__baseline__0/execution.json	895	cc915a051c4fd80b3badfd28c6b2d55684aa5042ab556a14bf75aca423e5373e
g02_malat1_mid_2048_chr21__pair03__baseline__0/gpu-memory.csv	36021	800b229fde53f113cc2961a7c8c27f250b62096d436724705a231873e7109528
g02_malat1_mid_2048_chr21__pair03__baseline__0/inputs/query.fa	2092	f773e89378a93887d4c30dbe6b11ac449fdad24504d38c203765844ee2336cf1
g02_malat1_mid_2048_chr21__pair03__baseline__0/inputs/target.fa	2025031	c7ceaecd1ddc49dd6020ae5d07cb46a8a4b0e49f70bb1e56ecf1ee01a5541351
g02_malat1_mid_2048_chr21__pair03__baseline__0/output/chr21-MALAT1_3330_5378-target-TFOsorted	423838	88332897dd758fae639f4bbf5308a89fb6e5297094fcc5407540cda966ad0beb
g02_malat1_mid_2048_chr21__pair03__baseline__0/run-complete.json	468	8e240239fe6d75c2502689104c19d0a8af2694529d46589102206d4e6a9a7968
g02_malat1_mid_2048_chr21__pair03__baseline__0/run-config.json	1831	edfb918daa45a9c2d2561ab0e124a6c568f18ecc5119e45cfcf2b2946ba1a76f
g02_malat1_mid_2048_chr21__pair03__baseline__0/stderr.log	99004	21fb4911d5e5c1646f9c79ba123c9dee80e9a3e2fb2963d4a57024e5f20b1a81
g02_malat1_mid_2048_chr21__pair03__baseline__0/stdout.log	90	af99fd0aacb06cc1987e0269a00a5037e094cd152c1c8115be89ce7682c0fef3
g02_malat1_mid_2048_chr21__pair03__baseline__0/summary.json	111404	1c17486ba777a93e823e3a3125eccd410d597d1a270f8f535f0b9dfec1ba7977
g02_malat1_mid_2048_chr21__pair03__baseline__0/time.txt	1417	5fb4f3cce9fbc4694f44563e6f4bf8aa14ad3d7fa481383f148027f53c0e5ef2
g02_malat1_mid_2048_chr21__pair03__candidate__0/correctness.json	65	a278541fd198bfff0e1fbca1ef8e939bbc1f5b5432d8a6289fe649582d1a7f5e
g02_malat1_mid_2048_chr21__pair03__candidate__0/environment.json	25043	426af752ae4c1969ebbb39e0d6cedadbc16f8fe5818976522a66320a2dfb7d1c
g02_malat1_mid_2048_chr21__pair03__candidate__0/execution.json	1159	a59f584d4bdf5801a736780d8ac0ddab10d6dce8952c6c0d5abc54344646f264
g02_malat1_mid_2048_chr21__pair03__candidate__0/gpu-memory.csv	2421	b591e81f318f82edbd114db754e6e979acd8ae41f2afc92c8bf58d85f969ec54
g02_malat1_mid_2048_chr21__pair03__candidate__0/inputs/query.fa	2092	f773e89378a93887d4c30dbe6b11ac449fdad24504d38c203765844ee2336cf1
g02_malat1_mid_2048_chr21__pair03__candidate__0/inputs/target.fa	2025031	c7ceaecd1ddc49dd6020ae5d07cb46a8a4b0e49f70bb1e56ecf1ee01a5541351
g02_malat1_mid_2048_chr21__pair03__candidate__0/output/chr21-MALAT1_3330_5378-target-TFOsorted	423814	d7063006ad6340c66fcca23401b5b0fc8e22e48f97d19b30270366c6c32fb93c
g02_malat1_mid_2048_chr21__pair03__candidate__0/run-complete.json	469	601c56fb8a9718d53c2aa0ef6db05ab390cd511a241c78f68d5be4feacb7fb5d
g02_malat1_mid_2048_chr21__pair03__candidate__0/run-config.json	1834	944116a34f3d459cfa2a9a614ca36ef90a0bdb290b51acd518f6a889c1143cf8
g02_malat1_mid_2048_chr21__pair03__candidate__0/stderr.log	112073	29d85c5928d1d7d9db0f7cc5be641644c846eebc2e1be26d2dececf2404d639a
g02_malat1_mid_2048_chr21__pair03__candidate__0/stdout.log	91	6a3d262a75108b4ffd78fe83ee5d2f1463510527afd78aa575111221621c38c1
g02_malat1_mid_2048_chr21__pair03__candidate__0/summary.json	126365	d38df3154ba9dcb43c721d0e01c67e61b3f9a1eba46baed42699104f7d1f7751
g02_malat1_mid_2048_chr21__pair03__candidate__0/time.txt	1638	e5de30e1cf7803cec6d1b0f0059577493761f5f34cca42db002c779206e93418
g02_malat1_mid_2048_chr21__warmup__baseline__0/correctness.json	65	a278541fd198bfff0e1fbca1ef8e939bbc1f5b5432d8a6289fe649582d1a7f5e
g02_malat1_mid_2048_chr21__warmup__baseline__0/environment.json	25043	734bec0572f360aabfef811d53e174e58055c724d49b12021bf891beefbb221c
g02_malat1_mid_2048_chr21__warmup__baseline__0/execution.json	895	7446c734bf3cbe76b0af5fa36d13f6639f3de28e3cb0956da49461b2fc49e9c7
g02_malat1_mid_2048_chr21__warmup__baseline__0/gpu-memory.csv	35607	f102245069b02856ad5512b425fb57916bfd64bc6184a5cf0d04ff322741eebd
g02_malat1_mid_2048_chr21__warmup__baseline__0/inputs/query.fa	2092	f773e89378a93887d4c30dbe6b11ac449fdad24504d38c203765844ee2336cf1
g02_malat1_mid_2048_chr21__warmup__baseline__0/inputs/target.fa	2025031	c7ceaecd1ddc49dd6020ae5d07cb46a8a4b0e49f70bb1e56ecf1ee01a5541351
g02_malat1_mid_2048_chr21__warmup__baseline__0/output/chr21-MALAT1_3330_5378-target-TFOsorted	423838	88332897dd758fae639f4bbf5308a89fb6e5297094fcc5407540cda966ad0beb
g02_malat1_mid_2048_chr21__warmup__baseline__0/run-complete.json	468	e24cb6eae25765b78e2c10bb4b446997781d1475f55c8d0a09ec65ce7aebe7b3
g02_malat1_mid_2048_chr21__warmup__baseline__0/run-config.json	1830	b2cc3c0e2dca60f189478915e21f3995157290d1cf9ecccd42d517ae18ae14a9
g02_malat1_mid_2048_chr21__warmup__baseline__0/stderr.log	99004	21fb4911d5e5c1646f9c79ba123c9dee80e9a3e2fb2963d4a57024e5f20b1a81
g02_malat1_mid_2048_chr21__warmup__baseline__0/stdout.log	91	4255286a2333eacfb4c3160c22b3e593e6b73c1c60650ca3a003f87b17b7ea2f
g02_malat1_mid_2048_chr21__warmup__baseline__0/summary.json	111404	c066ddca980deb3d1603fa5423e6422abfc12c6bf818eaa2a0711cbad591c628
g02_malat1_mid_2048_chr21__warmup__baseline__0/time.txt	1416	8fb4fdc530da7a2c9490aa62908d68933164a6da8583eb522c82dc31a4a8c8c3
g02_malat1_mid_2048_chr21__warmup__candidate__0/correctness.json	65	a278541fd198bfff0e1fbca1ef8e939bbc1f5b5432d8a6289fe649582d1a7f5e
g02_malat1_mid_2048_chr21__warmup__candidate__0/environment.json	25043	588da1f16245fd76ad815170ede3cf0fd48d7dc1b9a60ace72570a6c9d352b0a
g02_malat1_mid_2048_chr21__warmup__candidate__0/execution.json	1158	eac4253d7de362134869f9740e09304175a2f7c3b6e67862bf923400f68e0b28
g02_malat1_mid_2048_chr21__warmup__candidate__0/gpu-memory.csv	2417	49934a71c2abe9873e965a7e0d2ebe5998edd17bd90017c3378444b1375e2358
g02_malat1_mid_2048_chr21__warmup__candidate__0/inputs/query.fa	2092	f773e89378a93887d4c30dbe6b11ac449fdad24504d38c203765844ee2336cf1
g02_malat1_mid_2048_chr21__warmup__candidate__0/inputs/target.fa	2025031	c7ceaecd1ddc49dd6020ae5d07cb46a8a4b0e49f70bb1e56ecf1ee01a5541351
g02_malat1_mid_2048_chr21__warmup__candidate__0/output/chr21-MALAT1_3330_5378-target-TFOsorted	423814	d7063006ad6340c66fcca23401b5b0fc8e22e48f97d19b30270366c6c32fb93c
g02_malat1_mid_2048_chr21__warmup__candidate__0/run-complete.json	469	7f58e765fad5d6c719ca9832ea55c6cb3cc30e852139f80c40576c3fbd3dbef1
g02_malat1_mid_2048_chr21__warmup__candidate__0/run-config.json	1833	2a6af21be30b9e0f732910b99b57a45cea3bb5aaf71f795dccc123afea7bc7d8
g02_malat1_mid_2048_chr21__warmup__candidate__0/stderr.log	112072	9166863310d3743cbd26c50091754cd6e6c39dfb56170f70ff4193d75b748d91
g02_malat1_mid_2048_chr21__warmup__candidate__0/stdout.log	91	2707be15fb3b9c89088459809b5b397a7ce03649d8fb5fc8cc188e7d6b19c497
g02_malat1_mid_2048_chr21__warmup__candidate__0/summary.json	126362	69ea11b4b61e4450c95233ba3b633d18df4d2d38f651c3b9a4fefc464fee2411
g02_malat1_mid_2048_chr21__warmup__candidate__0/time.txt	1638	b586bdec5a2a6f938129caff934782e7a7e1db09215f09be4ca4691137216009
g03_malat1_3p_2812_chr22__pair01__baseline__0/correctness.json	65	a278541fd198bfff0e1fbca1ef8e939bbc1f5b5432d8a6289fe649582d1a7f5e
g03_malat1_3p_2812_chr22__pair01__baseline__0/environment.json	25043	b89c674e9eba48e93ce18d93942ea79c7f53c88013da9518ab61def6d1cffd3b
g03_malat1_3p_2812_chr22__pair01__baseline__0/execution.json	892	044f7fc0106e48afc48958efa56ddc593a1f43b130f90b580f47f404de9b1706
g03_malat1_3p_2812_chr22__pair01__baseline__0/gpu-memory.csv	42231	2f66413ca79540edc39da1a2116e406f2588a42f840e1cc22998d4d36061708a
g03_malat1_3p_2812_chr22__pair01__baseline__0/inputs/query.fa	2866	a068cd52dd6eef5d1970b8001f05f143fa31377a9556a00832743ff0b37299a3
g03_malat1_3p_2812_chr22__pair01__baseline__0/inputs/target.fa	2025031	d015b3099e682e4d70df1439a9c5cc71a67af0af36adc96f31e46c1e71b1fcf7
g03_malat1_3p_2812_chr22__pair01__baseline__0/output/chr22-MALAT1_5896_8708-target-TFOsorted	1502594	604282e3c3c82eb104103d079b1b35bfb25f2faa2f3ec8c4d1a6199071d7caa4
g03_malat1_3p_2812_chr22__pair01__baseline__0/run-complete.json	467	5fa90f849be4b1b1ba6ecdfcafe932a54c0ab36a40cb9245564e1e9dfbb0121f
g03_malat1_3p_2812_chr22__pair01__baseline__0/run-config.json	1826	9f9e3eb8f45b32bd8b858545b7b10104ee11e250147ca5bbf0cbed7f76e58539
g03_malat1_3p_2812_chr22__pair01__baseline__0/stderr.log	99004	106a5636c9c735f2ef854607cd2aff15453f095799a064f4b114e93081c40ded
g03_malat1_3p_2812_chr22__pair01__baseline__0/stdout.log	91	533072b93e86662b55d71ad3d59d835fd83d2907a3d4141edbe0c824248f2482
g03_malat1_3p_2812_chr22__pair01__baseline__0/summary.json	111399	431e01c89c9680751e02a204bc3f28acb7b695e06cbe8b0b652222b978aa994f
g03_malat1_3p_2812_chr22__pair01__baseline__0/time.txt	1413	f339534a170329ec1ad0d3d95fa7b01e7ae8e4238903485d6ca734c2acd49569
g03_malat1_3p_2812_chr22__pair01__candidate__0/correctness.json	65	a278541fd198bfff0e1fbca1ef8e939bbc1f5b5432d8a6289fe649582d1a7f5e
g03_malat1_3p_2812_chr22__pair01__candidate__0/environment.json	25043	59b6916fc2fe29c6cbf1b394a0113811add5d72a094e7a1e3f6162cef631984a
g03_malat1_3p_2812_chr22__pair01__candidate__0/execution.json	1156	2ee91b4e9776145298cc13b4de6d2eb84561168550ef84fef468652030d5aaa3
g03_malat1_3p_2812_chr22__pair01__candidate__0/gpu-memory.csv	2569	fcd7e18e4fbb464c994af4f9a22058f5446dbd698bbf9707a0645fb200666932
g03_malat1_3p_2812_chr22__pair01__candidate__0/inputs/query.fa	2866	a068cd52dd6eef5d1970b8001f05f143fa31377a9556a00832743ff0b37299a3
g03_malat1_3p_2812_chr22__pair01__candidate__0/inputs/target.fa	2025031	d015b3099e682e4d70df1439a9c5cc71a67af0af36adc96f31e46c1e71b1fcf7
g03_malat1_3p_2812_chr22__pair01__candidate__0/output/chr22-MALAT1_5896_8708-target-TFOsorted	1504477	7260fbbb17c34d0dc9bf130196d41ed9a602891746b25b3f852102f04c11a699
g03_malat1_3p_2812_chr22__pair01__candidate__0/run-complete.json	468	ec18af74d9043e87636516ad26c66242847afa80ec12d9d1f53d6979cf3e4965
g03_malat1_3p_2812_chr22__pair01__candidate__0/run-config.json	1829	75456ce1d103e362d5664add4c3e95583ea30706025bef89d80fa793fe650938
g03_malat1_3p_2812_chr22__pair01__candidate__0/stderr.log	112078	d4e2b2e5500c202933e9efab5ae23f48ef2e297b70da7f6d7eaa86799ad33ae7
g03_malat1_3p_2812_chr22__pair01__candidate__0/stdout.log	91	62e292dac410e4257dc453657732b5ef07f49c6a9d795d78b0206c88552b9373
g03_malat1_3p_2812_chr22__pair01__candidate__0/summary.json	126363	de536dfeda3bf084b57676262650e8d8f2b4d762614b37a38d5fefeb7c9840b3
g03_malat1_3p_2812_chr22__pair01__candidate__0/time.txt	1635	ef12541c828ac3161d82f3cb9a0fcde863e078f36513a74cae5e74aae18c5632
g03_malat1_3p_2812_chr22__pair02__baseline__0/correctness.json	65	a278541fd198bfff0e1fbca1ef8e939bbc1f5b5432d8a6289fe649582d1a7f5e
g03_malat1_3p_2812_chr22__pair02__baseline__0/environment.json	25043	69f33b1afe8798b152ed58e27fe45ff341b4d3c2432d819c68fb2b4c79f8ad94
g03_malat1_3p_2812_chr22__pair02__baseline__0/execution.json	892	07c0fe5c098547f90e4aadf69aceba29bbd87842295a4555a15cee7e6456a550
g03_malat1_3p_2812_chr22__pair02__baseline__0/gpu-memory.csv	42093	159df5624d233c4f0f9509407c9df97149753c76dd7a508b9ca525aa01cf2a5b
g03_malat1_3p_2812_chr22__pair02__baseline__0/inputs/query.fa	2866	a068cd52dd6eef5d1970b8001f05f143fa31377a9556a00832743ff0b37299a3
g03_malat1_3p_2812_chr22__pair02__baseline__0/inputs/target.fa	2025031	d015b3099e682e4d70df1439a9c5cc71a67af0af36adc96f31e46c1e71b1fcf7
g03_malat1_3p_2812_chr22__pair02__baseline__0/output/chr22-MALAT1_5896_8708-target-TFOsorted	1502594	604282e3c3c82eb104103d079b1b35bfb25f2faa2f3ec8c4d1a6199071d7caa4
g03_malat1_3p_2812_chr22__pair02__baseline__0/run-complete.json	467	6e56c31b8694f51ac689830830b80d26511ab6b5ffcab84135642ec9b2008aff
g03_malat1_3p_2812_chr22__pair02__baseline__0/run-config.json	1826	5d0224711ead159413323e307b078e7ad25cccf66ec18b33f746189d65224339
g03_malat1_3p_2812_chr22__pair02__baseline__0/stderr.log	99004	106a5636c9c735f2ef854607cd2aff15453f095799a064f4b114e93081c40ded
g03_malat1_3p_2812_chr22__pair02__baseline__0/stdout.log	91	6ac4ba8a03c5144f4ee3d383e603ed16c3e4cd479d98c09bf4b9e7bfb7ff94ae
g03_malat1_3p_2812_chr22__pair02__baseline__0/summary.json	111399	d8b1e9c0af083844306cdd52cb93bae845ba4e076d6b7a505a760bd3e5e994bf
g03_malat1_3p_2812_chr22__pair02__baseline__0/time.txt	1413	ad017e9a77ebcc5fcf85c83d25e8d2c62e1efd6f6c8e8d619d51e99f517648e1
g03_malat1_3p_2812_chr22__pair02__candidate__0/correctness.json	65	a278541fd198bfff0e1fbca1ef8e939bbc1f5b5432d8a6289fe649582d1a7f5e
g03_malat1_3p_2812_chr22__pair02__candidate__0/environment.json	25043	1813bb783399e98fea015026caa79ccd1d70aefdb2dceaeb45f5cb65281c87d2
g03_malat1_3p_2812_chr22__pair02__candidate__0/execution.json	1155	56a25976c6c923b0eb5bdd71954bf60f0019971b4f6eb80ca2304a39cf4548df
g03_malat1_3p_2812_chr22__pair02__candidate__0/gpu-memory.csv	2569	c62f3a4131291e01c5161f2e9131474c4f80481becc373e9f538486c85ae7285
g03_malat1_3p_2812_chr22__pair02__candidate__0/inputs/query.fa	2866	a068cd52dd6eef5d1970b8001f05f143fa31377a9556a00832743ff0b37299a3
g03_malat1_3p_2812_chr22__pair02__candidate__0/inputs/target.fa	2025031	d015b3099e682e4d70df1439a9c5cc71a67af0af36adc96f31e46c1e71b1fcf7
g03_malat1_3p_2812_chr22__pair02__candidate__0/output/chr22-MALAT1_5896_8708-target-TFOsorted	1504477	7260fbbb17c34d0dc9bf130196d41ed9a602891746b25b3f852102f04c11a699
g03_malat1_3p_2812_chr22__pair02__candidate__0/run-complete.json	468	db9ae83e7c1040c3a976de454b8f3849ff8e21af05a8d4678843272daca7c1c1
g03_malat1_3p_2812_chr22__pair02__candidate__0/run-config.json	1829	25398e4622ca8dfa3b44469e3e116a4e86ac2e470af38995efb544b86b4a99e6
g03_malat1_3p_2812_chr22__pair02__candidate__0/stderr.log	112073	d5b5d57ec3e2698d8318c3b663c949cf406a80cdc79cfcf00995a41f3549de65
g03_malat1_3p_2812_chr22__pair02__candidate__0/stdout.log	91	59151e3889c9e8ad3083ef42c992ad6afe431e241276841aece42ed8678d247f
g03_malat1_3p_2812_chr22__pair02__candidate__0/summary.json	126359	b9551b864da7cb9edae7c17a295689d1e612680a79e1601b8482a663954d468f
g03_malat1_3p_2812_chr22__pair02__candidate__0/time.txt	1635	6cb938b94a73f6de3976aadbe2ccf5b45b89b519042fd6c0a50b3981bd5990ef
g03_malat1_3p_2812_chr22__pair03__baseline__0/correctness.json	65	a278541fd198bfff0e1fbca1ef8e939bbc1f5b5432d8a6289fe649582d1a7f5e
g03_malat1_3p_2812_chr22__pair03__baseline__0/environment.json	25043	1910f2f6c784721bfba9eca3d3d82dde819aa97c48c23adf420fd2e3ec469d63
g03_malat1_3p_2812_chr22__pair03__baseline__0/execution.json	892	0a7fd72a765107c0545674ed70bd337e33e52522439dc38d1da259a8475cf64c
g03_malat1_3p_2812_chr22__pair03__baseline__0/gpu-memory.csv	42231	6793390355f166d542a9095e15bf7950372f19d17f5a421edda4e7e41f629106
g03_malat1_3p_2812_chr22__pair03__baseline__0/inputs/query.fa	2866	a068cd52dd6eef5d1970b8001f05f143fa31377a9556a00832743ff0b37299a3
g03_malat1_3p_2812_chr22__pair03__baseline__0/inputs/target.fa	2025031	d015b3099e682e4d70df1439a9c5cc71a67af0af36adc96f31e46c1e71b1fcf7
g03_malat1_3p_2812_chr22__pair03__baseline__0/output/chr22-MALAT1_5896_8708-target-TFOsorted	1502594	604282e3c3c82eb104103d079b1b35bfb25f2faa2f3ec8c4d1a6199071d7caa4
g03_malat1_3p_2812_chr22__pair03__baseline__0/run-complete.json	467	66dc9fd130d511b00a60a145892bf3d59176d334ab1b4236ab33127f5b6a617e
g03_malat1_3p_2812_chr22__pair03__baseline__0/run-config.json	1826	72a1c3bcb2ab3a6c9af3986230917cbbae21212c45c5d6e7951ac8879245a753
g03_malat1_3p_2812_chr22__pair03__baseline__0/stderr.log	99004	106a5636c9c735f2ef854607cd2aff15453f095799a064f4b114e93081c40ded
g03_malat1_3p_2812_chr22__pair03__baseline__0/stdout.log	91	e2aa5165a6ac11e5e6d3a8d707bf71cba122cd26108a54c8906662408f829519
g03_malat1_3p_2812_chr22__pair03__baseline__0/summary.json	111399	eed381b539619a4b47607fca45420affd173c9cd0afc39f262f133b04770a61e
g03_malat1_3p_2812_chr22__pair03__baseline__0/time.txt	1414	fafb9c2f43e7d03e7ebbd5ca77753d68cf918b5599b343aa546512c0fb5d6d93
g03_malat1_3p_2812_chr22__pair03__candidate__0/correctness.json	65	a278541fd198bfff0e1fbca1ef8e939bbc1f5b5432d8a6289fe649582d1a7f5e
g03_malat1_3p_2812_chr22__pair03__candidate__0/environment.json	25043	084299b7d29304ddc5afffebfe72539f192bf78d64229ca98319423a35b1c6b3
g03_malat1_3p_2812_chr22__pair03__candidate__0/execution.json	1155	b208f330d251b06dd5473a25ff5ae3ba5945b0ff6112ffea307aaa0c4b8205f9
g03_malat1_3p_2812_chr22__pair03__candidate__0/gpu-memory.csv	2566	3fd5e0bd3b8dfe9dd7a4b74bb2aac24ec8d91e6e4dd95e92ebfd6e555349d0c8
g03_malat1_3p_2812_chr22__pair03__candidate__0/inputs/query.fa	2866	a068cd52dd6eef5d1970b8001f05f143fa31377a9556a00832743ff0b37299a3
g03_malat1_3p_2812_chr22__pair03__candidate__0/inputs/target.fa	2025031	d015b3099e682e4d70df1439a9c5cc71a67af0af36adc96f31e46c1e71b1fcf7
g03_malat1_3p_2812_chr22__pair03__candidate__0/output/chr22-MALAT1_5896_8708-target-TFOsorted	1504477	7260fbbb17c34d0dc9bf130196d41ed9a602891746b25b3f852102f04c11a699
g03_malat1_3p_2812_chr22__pair03__candidate__0/run-complete.json	468	e9ca146d2c419e08bd3932bc6afb9db8851c7982000fa1e2f55587beabca88e1
g03_malat1_3p_2812_chr22__pair03__candidate__0/run-config.json	1829	3d1a6e9eebfa97b4bffa06360f95f04311a5fe45ca21fc4d08be753ffcf6bdd5
g03_malat1_3p_2812_chr22__pair03__candidate__0/stderr.log	112070	4132e1c029eae8305e0b15cfcf7671445a4e45a8e8cc59a8028c4773ad87a2e6
g03_malat1_3p_2812_chr22__pair03__candidate__0/stdout.log	90	b757eec2011537cb7dd3c78e8dc93912028a4b47c6a1a191a444fae9e2aa3805
g03_malat1_3p_2812_chr22__pair03__candidate__0/summary.json	126355	f5add04d3dfd9093efbcc370251785e41031a28d6fbe5d0955c833526ea50c12
g03_malat1_3p_2812_chr22__pair03__candidate__0/time.txt	1635	95cd762647de6d73a033b06908b6b13f22390de0441685ee92ab628f6e85e83e
g03_malat1_3p_2812_chr22__warmup__baseline__0/correctness.json	65	a278541fd198bfff0e1fbca1ef8e939bbc1f5b5432d8a6289fe649582d1a7f5e
g03_malat1_3p_2812_chr22__warmup__baseline__0/environment.json	25043	d201d1184af41423300c47ad1e8d090e629e9925585026aed27e0f528d0423bc
g03_malat1_3p_2812_chr22__warmup__baseline__0/execution.json	891	197a3db0618fa56dc5c4718804bcbd242e6a74d7fb611b6290ebd34a536a87b7
g03_malat1_3p_2812_chr22__warmup__baseline__0/gpu-memory.csv	42369	7bbaf9899d9c300c78928c39029198355d6ad6fe905a0aa6914e9ef0d4df2bf1
g03_malat1_3p_2812_chr22__warmup__baseline__0/inputs/query.fa	2866	a068cd52dd6eef5d1970b8001f05f143fa31377a9556a00832743ff0b37299a3
g03_malat1_3p_2812_chr22__warmup__baseline__0/inputs/target.fa	2025031	d015b3099e682e4d70df1439a9c5cc71a67af0af36adc96f31e46c1e71b1fcf7
g03_malat1_3p_2812_chr22__warmup__baseline__0/output/chr22-MALAT1_5896_8708-target-TFOsorted	1502594	604282e3c3c82eb104103d079b1b35bfb25f2faa2f3ec8c4d1a6199071d7caa4
g03_malat1_3p_2812_chr22__warmup__baseline__0/run-complete.json	467	9497d9fea59683218bdf47230662603e8cae467f1fba544d237950f5977b8a09
g03_malat1_3p_2812_chr22__warmup__baseline__0/run-config.json	1825	5fcf0ca7a3c99281f214c295ce4be01887b3a87b7d1989edcd6410cba577c69f
g03_malat1_3p_2812_chr22__warmup__baseline__0/stderr.log	99004	106a5636c9c735f2ef854607cd2aff15453f095799a064f4b114e93081c40ded
g03_malat1_3p_2812_chr22__warmup__baseline__0/stdout.log	91	fcf60c816d65b60cccef4f1c8bca3746a43a7fe656f31cf93ee1dc9f9e4497b0
g03_malat1_3p_2812_chr22__warmup__baseline__0/summary.json	111398	e896ab096ade2e64508ed41fcdac558793b7d512fe52928a41d44847526829f4
g03_malat1_3p_2812_chr22__warmup__baseline__0/time.txt	1413	90629e534b6ed501fc4255c43c6c8daf98defe8caba3c7c5f9696bdc58ae86cd
g03_malat1_3p_2812_chr22__warmup__candidate__0/correctness.json	65	a278541fd198bfff0e1fbca1ef8e939bbc1f5b5432d8a6289fe649582d1a7f5e
g03_malat1_3p_2812_chr22__warmup__candidate__0/environment.json	25043	32c743f47d365b6d3f940e451234d4e545f30707eee72d645af0f60c3b5fb255
g03_malat1_3p_2812_chr22__warmup__candidate__0/execution.json	1156	7426d048099226486a7cdcc045f4316e68c6d579c809675f1cd385c5dedecf50
g03_malat1_3p_2812_chr22__warmup__candidate__0/gpu-memory.csv	2566	b5d5c4d98ebf999da3256db262e7bc30b6177de57ce142ef537fadbfe87d1696
g03_malat1_3p_2812_chr22__warmup__candidate__0/inputs/query.fa	2866	a068cd52dd6eef5d1970b8001f05f143fa31377a9556a00832743ff0b37299a3
g03_malat1_3p_2812_chr22__warmup__candidate__0/inputs/target.fa	2025031	d015b3099e682e4d70df1439a9c5cc71a67af0af36adc96f31e46c1e71b1fcf7
g03_malat1_3p_2812_chr22__warmup__candidate__0/output/chr22-MALAT1_5896_8708-target-TFOsorted	1504477	7260fbbb17c34d0dc9bf130196d41ed9a602891746b25b3f852102f04c11a699
g03_malat1_3p_2812_chr22__warmup__candidate__0/run-complete.json	468	e21622f53bfd5937267e4894bb01d1cffc1c9f5549d9934b9a0e3a74eee6f41a
g03_malat1_3p_2812_chr22__warmup__candidate__0/run-config.json	1828	51be3362843c3068293da4a8944e570cab7f653e23721c078a31336fc5a0d3cc
g03_malat1_3p_2812_chr22__warmup__candidate__0/stderr.log	112076	3b7d5f6cdf1192214b5c55764ce941b121f0fc9a7b589b12a62df04513064e22
g03_malat1_3p_2812_chr22__warmup__candidate__0/stdout.log	91	886eb0365fbba6ddaa32591b957457103dfd70ddd890fb7f6332c639b1bd7c3f
g03_malat1_3p_2812_chr22__warmup__candidate__0/summary.json	126363	693ca7a8440077a421329a65c92ff8b77e2fa5efd127326a6bfc51957926a8d8
g03_malat1_3p_2812_chr22__warmup__candidate__0/time.txt	1635	be3b4cad1381e117f0f7593c72644ec0c65393999adf5d303fd161c216305179
g04_neat1_5p_2048_chr22__pair01__baseline__0/correctness.json	65	a278541fd198bfff0e1fbca1ef8e939bbc1f5b5432d8a6289fe649582d1a7f5e
g04_neat1_5p_2048_chr22__pair01__baseline__0/environment.json	25043	abacb1e768175a76f83dac0cea69b1ed13853e7ec1e2c53bdbc595b3e8f69093
g04_neat1_5p_2048_chr22__pair01__baseline__0/execution.json	889	ee41b400a484ec201b604cd280e4b8019eeb876cb2a90fd167c9c82c124e8dd6
g04_neat1_5p_2048_chr22__pair01__baseline__0/gpu-memory.csv	39057	bf33478865d25c1483bd56085efb84f9c39e15e75390dc7778933c3b39472580
g04_neat1_5p_2048_chr22__pair01__baseline__0/inputs/query.fa	2088	614e5b44acb00236de18f16da9e27d778f43c9ead0414007cf7b6f8475f167aa
g04_neat1_5p_2048_chr22__pair01__baseline__0/inputs/target.fa	2025031	d015b3099e682e4d70df1439a9c5cc71a67af0af36adc96f31e46c1e71b1fcf7
g04_neat1_5p_2048_chr22__pair01__baseline__0/output/chr22-NEAT1_0_2048-target-TFOsorted	912284	cef520f44034aea6c22fb350a9709bcf76ea8b18f373f951bcfd134ca85cb62e
g04_neat1_5p_2048_chr22__pair01__baseline__0/run-complete.json	466	273e549c5274025979010959a41c8d529a554a1e6b4b06cc10887c944e28a198
g04_neat1_5p_2048_chr22__pair01__baseline__0/run-config.json	1816	d1732c7c1748450f14b46c03521fc06ca39cf9c2925b8a033e6cb6c63e6028aa
g04_neat1_5p_2048_chr22__pair01__baseline__0/stderr.log	99004	21fb4911d5e5c1646f9c79ba123c9dee80e9a3e2fb2963d4a57024e5f20b1a81
g04_neat1_5p_2048_chr22__pair01__baseline__0/stdout.log	87	674b1133f3447272f9f8c106e8b0e8bc1c2ab80325c87637adbb6bbbaa270fe5
g04_neat1_5p_2048_chr22__pair01__baseline__0/summary.json	111394	47ca3d3e7e96c1edf5c7f3e3ce7296a15131d0aba47063f72b303dc265f91acd
g04_neat1_5p_2048_chr22__pair01__baseline__0/time.txt	1411	822d0aa62b0cae314855533c58f4f3996eeb883aed0a78d3aaa38722c47174a7
g04_neat1_5p_2048_chr22__pair01__candidate__0/correctness.json	65	a278541fd198bfff0e1fbca1ef8e939bbc1f5b5432d8a6289fe649582d1a7f5e
g04_neat1_5p_2048_chr22__pair01__candidate__0/environment.json	25043	d5a017728e0388073e61c5ecb26a286b1baf284cecf90a46b2016999df976066
g04_neat1_5p_2048_chr22__pair01__candidate__0/execution.json	1152	d898a470bf34264093ad8cbbd235e294e2275c9d46fca28365101ccb968aad7a
g04_neat1_5p_2048_chr22__pair01__candidate__0/gpu-memory.csv	2558	42a3c922dec492529c66d4f2805ab631c3cc81eb63729a837ab824257fa244c7
g04_neat1_5p_2048_chr22__pair01__candidate__0/inputs/query.fa	2088	614e5b44acb00236de18f16da9e27d778f43c9ead0414007cf7b6f8475f167aa
g04_neat1_5p_2048_chr22__pair01__candidate__0/inputs/target.fa	2025031	d015b3099e682e4d70df1439a9c5cc71a67af0af36adc96f31e46c1e71b1fcf7
g04_neat1_5p_2048_chr22__pair01__candidate__0/output/chr22-NEAT1_0_2048-target-TFOsorted	913630	fd5ab6e11b298662fa25edf30f35bb180fda8e18212687cb2e6cf4e429db51ee
g04_neat1_5p_2048_chr22__pair01__candidate__0/run-complete.json	467	ce9e2bf93f05f06b8f14c1cb7ac2ca66bc6299ff46c3f7e93892fc455519173c
g04_neat1_5p_2048_chr22__pair01__candidate__0/run-config.json	1819	75bb44fce981ce34a0ca1d3ef25b39bdcfc75b6e46b437740da0a9499a05a195
g04_neat1_5p_2048_chr22__pair01__candidate__0/stderr.log	112075	bf9ebaebd1d961011fcc6a69593ddf01497689292c0eedf2c7678501f17a93b5
g04_neat1_5p_2048_chr22__pair01__candidate__0/stdout.log	87	1ce932a2e7b96099e2600678b5959feef8e7cf86e0a734862be9d6b863c96753
g04_neat1_5p_2048_chr22__pair01__candidate__0/summary.json	126355	fc4f281ad61a5fffad9375a7b6847d338ecd6e8ec8f08eb0e80ed4828502b967
g04_neat1_5p_2048_chr22__pair01__candidate__0/time.txt	1632	2e93f0df51e163e9792c64939eef63a0067c1748c6350d936512daf1fcb54967
g04_neat1_5p_2048_chr22__pair02__baseline__0/correctness.json	65	a278541fd198bfff0e1fbca1ef8e939bbc1f5b5432d8a6289fe649582d1a7f5e
g04_neat1_5p_2048_chr22__pair02__baseline__0/environment.json	25043	8f362a3cf7c58316efca21765f598ab27ccaef68789622bc7e0f71c794c8cae5
g04_neat1_5p_2048_chr22__pair02__baseline__0/execution.json	889	94c963477937685f6a749170dcb1d794fe139d08f13bfb70a711e7bb58d34e44
g04_neat1_5p_2048_chr22__pair02__baseline__0/gpu-memory.csv	38643	024956f3d130c219f082f71601cf0a84817e499e50d47ddb0803ac629ddbaa38
g04_neat1_5p_2048_chr22__pair02__baseline__0/inputs/query.fa	2088	614e5b44acb00236de18f16da9e27d778f43c9ead0414007cf7b6f8475f167aa
g04_neat1_5p_2048_chr22__pair02__baseline__0/inputs/target.fa	2025031	d015b3099e682e4d70df1439a9c5cc71a67af0af36adc96f31e46c1e71b1fcf7
g04_neat1_5p_2048_chr22__pair02__baseline__0/output/chr22-NEAT1_0_2048-target-TFOsorted	912284	cef520f44034aea6c22fb350a9709bcf76ea8b18f373f951bcfd134ca85cb62e
g04_neat1_5p_2048_chr22__pair02__baseline__0/run-complete.json	466	3735355dcc98c534f5392c396f5daed76a86ec0261ee7721fa55c943d34b1e54
g04_neat1_5p_2048_chr22__pair02__baseline__0/run-config.json	1816	0cf27b692eb4fd6eb02ef74103d489119303319ad51b4ffc1cb047c113fe5d95
g04_neat1_5p_2048_chr22__pair02__baseline__0/stderr.log	99004	21fb4911d5e5c1646f9c79ba123c9dee80e9a3e2fb2963d4a57024e5f20b1a81
g04_neat1_5p_2048_chr22__pair02__baseline__0/stdout.log	87	15ea316d523567b853935869e369cb77b25e296740a0cdec71b20e08e5c760ec
g04_neat1_5p_2048_chr22__pair02__baseline__0/summary.json	111394	f2e72bfd98074d98fdd0c953ae6b2c06e0e20bd6b8a5563f42812294659ef140
g04_neat1_5p_2048_chr22__pair02__baseline__0/time.txt	1410	5cd8fb39e94e58b15eb879d7833d4f16d7a8b2c86cffe092a261de3aff37678c
g04_neat1_5p_2048_chr22__pair02__candidate__0/correctness.json	65	a278541fd198bfff0e1fbca1ef8e939bbc1f5b5432d8a6289fe649582d1a7f5e
g04_neat1_5p_2048_chr22__pair02__candidate__0/environment.json	25043	f76a00a8fc6fd8b9fcda28517c529c6eb3153cb7ec3f68323de040881f3410ca
g04_neat1_5p_2048_chr22__pair02__candidate__0/execution.json	1152	39fdf58cda8c80ee692042e95c47b18ccbb6603942f6089d139e706453824ea4
g04_neat1_5p_2048_chr22__pair02__candidate__0/gpu-memory.csv	2416	2e5b07e0b4cfe694e18de9149948c803c9d6b1b94715242292946462fdcd41a1
g04_neat1_5p_2048_chr22__pair02__candidate__0/inputs/query.fa	2088	614e5b44acb00236de18f16da9e27d778f43c9ead0414007cf7b6f8475f167aa
g04_neat1_5p_2048_chr22__pair02__candidate__0/inputs/target.fa	2025031	d015b3099e682e4d70df1439a9c5cc71a67af0af36adc96f31e46c1e71b1fcf7
g04_neat1_5p_2048_chr22__pair02__candidate__0/output/chr22-NEAT1_0_2048-target-TFOsorted	913630	fd5ab6e11b298662fa25edf30f35bb180fda8e18212687cb2e6cf4e429db51ee
g04_neat1_5p_2048_chr22__pair02__candidate__0/run-complete.json	467	9e775eccc0f8db8028abb65558e6908a5c61d51d4032677459a03fa98dd375f7
g04_neat1_5p_2048_chr22__pair02__candidate__0/run-config.json	1819	1b3eb931517c88af50dfef42cf16bdbf7b6286175e09b9759057d1039d13884c
g04_neat1_5p_2048_chr22__pair02__candidate__0/stderr.log	112075	f16b3312d551dca253e600e4ce8f6f111741bcdfb8adbaf6f2f8efdab104c29b
g04_neat1_5p_2048_chr22__pair02__candidate__0/stdout.log	87	d4fa8af6a815d7ea3230437070bae5340ac78dc688b94641febb07060fe65dae
g04_neat1_5p_2048_chr22__pair02__candidate__0/summary.json	126355	72bfcfb9d99246c1e4a4a0b15e6582ca443f3824b39fa6a4efbfa0912a4b959e
g04_neat1_5p_2048_chr22__pair02__candidate__0/time.txt	1632	8a568d3779d4aafe9f10de000e5e8cb1b168170c60e471b3364bda01183665e1
g04_neat1_5p_2048_chr22__pair03__baseline__0/correctness.json	65	a278541fd198bfff0e1fbca1ef8e939bbc1f5b5432d8a6289fe649582d1a7f5e
g04_neat1_5p_2048_chr22__pair03__baseline__0/environment.json	25043	49fd3e3c568a1e2d4ac33f1b19bf88a42f48d561e4b5290aa519d5186c751ef6
g04_neat1_5p_2048_chr22__pair03__baseline__0/execution.json	889	5903988bd1ba2128ca96a8dd4704168fdd35a56c9dc6d69885da5049302f4cb6
g04_neat1_5p_2048_chr22__pair03__baseline__0/gpu-memory.csv	39195	781dfdaa8f6142d682790814d4b7c11832ffb50b59645be1566b560c8e4a8291
g04_neat1_5p_2048_chr22__pair03__baseline__0/inputs/query.fa	2088	614e5b44acb00236de18f16da9e27d778f43c9ead0414007cf7b6f8475f167aa
g04_neat1_5p_2048_chr22__pair03__baseline__0/inputs/target.fa	2025031	d015b3099e682e4d70df1439a9c5cc71a67af0af36adc96f31e46c1e71b1fcf7
g04_neat1_5p_2048_chr22__pair03__baseline__0/output/chr22-NEAT1_0_2048-target-TFOsorted	912284	cef520f44034aea6c22fb350a9709bcf76ea8b18f373f951bcfd134ca85cb62e
g04_neat1_5p_2048_chr22__pair03__baseline__0/run-complete.json	466	b6a9303fe1037d9707ff88ad0479ddf7176452e51adde43b6080ed917b5c9aec
g04_neat1_5p_2048_chr22__pair03__baseline__0/run-config.json	1816	6cdb8240dfad7a4ddfb61dca968a3c929713e59e4ee150948561901f9393ed98
g04_neat1_5p_2048_chr22__pair03__baseline__0/stderr.log	99004	21fb4911d5e5c1646f9c79ba123c9dee80e9a3e2fb2963d4a57024e5f20b1a81
g04_neat1_5p_2048_chr22__pair03__baseline__0/stdout.log	87	abc4d5ffcab6946e90fbf8c7d077c439f23a80a633e5db4d59f37e0995adb787
g04_neat1_5p_2048_chr22__pair03__baseline__0/summary.json	111394	1a573ae5d94faddc7dc6a911d3c1884cdbd0bdd52a937f83a60e60c76773d5ac
g04_neat1_5p_2048_chr22__pair03__baseline__0/time.txt	1411	465273717ba16ee77db9eb1985c1a7d4b38f47e73d1b95de815252239d022a09
g04_neat1_5p_2048_chr22__pair03__candidate__0/correctness.json	65	a278541fd198bfff0e1fbca1ef8e939bbc1f5b5432d8a6289fe649582d1a7f5e
g04_neat1_5p_2048_chr22__pair03__candidate__0/environment.json	25043	82c4ca32177ab3514588b9613858b9adb7289ff3a83b37a13cd9e7ddfcd5f721
g04_neat1_5p_2048_chr22__pair03__candidate__0/execution.json	1152	1cab34fc3034d84275af455712951101297c3a39680eb2ef36defdee9b9b4f3f
g04_neat1_5p_2048_chr22__pair03__candidate__0/gpu-memory.csv	2558	b7b6073aa139b289b424ee53a1c75d35c096eb88684df446d42abd3ade0b714b
g04_neat1_5p_2048_chr22__pair03__candidate__0/inputs/query.fa	2088	614e5b44acb00236de18f16da9e27d778f43c9ead0414007cf7b6f8475f167aa
g04_neat1_5p_2048_chr22__pair03__candidate__0/inputs/target.fa	2025031	d015b3099e682e4d70df1439a9c5cc71a67af0af36adc96f31e46c1e71b1fcf7
g04_neat1_5p_2048_chr22__pair03__candidate__0/output/chr22-NEAT1_0_2048-target-TFOsorted	913630	fd5ab6e11b298662fa25edf30f35bb180fda8e18212687cb2e6cf4e429db51ee
g04_neat1_5p_2048_chr22__pair03__candidate__0/run-complete.json	467	20dd14969033b5b8ddcaf9f51f9b473f3dba76309522a5f2f14d9ebb767bbd6a
g04_neat1_5p_2048_chr22__pair03__candidate__0/run-config.json	1819	4f644ebcb2e45a9a5c67dd1ec8e78da5a80a77cd394260f02164b423386b8565
g04_neat1_5p_2048_chr22__pair03__candidate__0/stderr.log	112074	8a377476b7eae83f75ced0cdd5a07e9aa64c68e8a3f2078ed5aae8b53cd59c17
g04_neat1_5p_2048_chr22__pair03__candidate__0/stdout.log	87	66d54ccf9e289566e0ab43be8fb81a250188118513e5e6f4b70a00040c85562f
g04_neat1_5p_2048_chr22__pair03__candidate__0/summary.json	126354	a40731c5c1200ccb8d0a5b56ac51c0ab35bfd78bd9ac3bafe59d9245f6b197ae
g04_neat1_5p_2048_chr22__pair03__candidate__0/time.txt	1632	fe576aa4ef1307ef63c428b4a9eed5257365650d64e64d1f5d77e1172adc2225
g04_neat1_5p_2048_chr22__warmup__baseline__0/correctness.json	65	a278541fd198bfff0e1fbca1ef8e939bbc1f5b5432d8a6289fe649582d1a7f5e
g04_neat1_5p_2048_chr22__warmup__baseline__0/environment.json	25043	f3d2030fe2f6aeb0d46875a1360c4655b79e36619a0c9f1fb8345fe1e4e81c30
g04_neat1_5p_2048_chr22__warmup__baseline__0/execution.json	889	53ab2603ff115639dead19c64052fe42ac7423075c9a87ade35c459cfdfb43c8
g04_neat1_5p_2048_chr22__warmup__baseline__0/gpu-memory.csv	38643	691d6db21aa69f24c609a2d0d131f198d21bb306f329dd078d565ba6a02fe403
g04_neat1_5p_2048_chr22__warmup__baseline__0/inputs/query.fa	2088	614e5b44acb00236de18f16da9e27d778f43c9ead0414007cf7b6f8475f167aa
g04_neat1_5p_2048_chr22__warmup__baseline__0/inputs/target.fa	2025031	d015b3099e682e4d70df1439a9c5cc71a67af0af36adc96f31e46c1e71b1fcf7
g04_neat1_5p_2048_chr22__warmup__baseline__0/output/chr22-NEAT1_0_2048-target-TFOsorted	912284	cef520f44034aea6c22fb350a9709bcf76ea8b18f373f951bcfd134ca85cb62e
g04_neat1_5p_2048_chr22__warmup__baseline__0/run-complete.json	466	9d004f37930f6c87a1855351c0cb9a2599f0d900012dfdb16ce2b15bf45b80b6
g04_neat1_5p_2048_chr22__warmup__baseline__0/run-config.json	1815	3b94cef6ed8b0238833aacd5ce41f8796255d4b10edbff634284e1196fb49f64
g04_neat1_5p_2048_chr22__warmup__baseline__0/stderr.log	99004	21fb4911d5e5c1646f9c79ba123c9dee80e9a3e2fb2963d4a57024e5f20b1a81
g04_neat1_5p_2048_chr22__warmup__baseline__0/stdout.log	87	287cfe914d000efb5d1bdb32e3b98983589b113f0b85f727aaa09b6a83902ac9
g04_neat1_5p_2048_chr22__warmup__baseline__0/summary.json	111394	19e0824fc5edf478fedf6c9d24749076f604a9294b64d78f35cf5eaca42ffd14
g04_neat1_5p_2048_chr22__warmup__baseline__0/time.txt	1411	ac756f0abbaf82e463bfe5c5e879309ab81970207b2dfeea4711b1005c7c1f92
g04_neat1_5p_2048_chr22__warmup__candidate__0/correctness.json	65	a278541fd198bfff0e1fbca1ef8e939bbc1f5b5432d8a6289fe649582d1a7f5e
g04_neat1_5p_2048_chr22__warmup__candidate__0/environment.json	25043	7a2e609623bb649bbf13f5925d0f698f3c3591312221d6ba7869c83b22e67c3b
g04_neat1_5p_2048_chr22__warmup__candidate__0/execution.json	1152	a9894a8e73837993842ff4dec0f7ce31691574c1642e7a64208ad9e29566a546
g04_neat1_5p_2048_chr22__warmup__candidate__0/gpu-memory.csv	2559	c507622397b628c84d7d81ef3d3f0f114df048d5ed005e9f5997967e2d613e69
g04_neat1_5p_2048_chr22__warmup__candidate__0/inputs/query.fa	2088	614e5b44acb00236de18f16da9e27d778f43c9ead0414007cf7b6f8475f167aa
g04_neat1_5p_2048_chr22__warmup__candidate__0/inputs/target.fa	2025031	d015b3099e682e4d70df1439a9c5cc71a67af0af36adc96f31e46c1e71b1fcf7
g04_neat1_5p_2048_chr22__warmup__candidate__0/output/chr22-NEAT1_0_2048-target-TFOsorted	913630	fd5ab6e11b298662fa25edf30f35bb180fda8e18212687cb2e6cf4e429db51ee
g04_neat1_5p_2048_chr22__warmup__candidate__0/run-complete.json	467	a23d75f7dfa2752611449ee99464038a7bedd06f43bd7b492104156c6f23b4c5
g04_neat1_5p_2048_chr22__warmup__candidate__0/run-config.json	1818	ff04b31826396f9de40dd50de57eb8f9784b16d9c17e510d42cadbca0cb0287b
g04_neat1_5p_2048_chr22__warmup__candidate__0/stderr.log	112074	ad47c0be5ad4e25e52bb83c1f2887d79062579a853175b48f47f08d74992a46e
g04_neat1_5p_2048_chr22__warmup__candidate__0/stdout.log	87	ec4ed285e3e8b99f08cb9e6d690c14b86fa6ee80530fdc06f00af80e680089a0
g04_neat1_5p_2048_chr22__warmup__candidate__0/summary.json	126354	19e69e5d8faa77a75ae98bad6206ccc239e06a8e7ccdded2e4a1db8d3678f43e
g04_neat1_5p_2048_chr22__warmup__candidate__0/time.txt	1632	e91e01cd89f19e6b6fc6f90c7796f6efcf6bf431c01c8ebc39c24ced0ca76972
g05_neat1_mid_2812_chr11__pair01__baseline__0/correctness.json	65	a278541fd198bfff0e1fbca1ef8e939bbc1f5b5432d8a6289fe649582d1a7f5e
g05_neat1_mid_2812_chr11__pair01__baseline__0/environment.json	25043	caf371a891261911adc3ce671ff8bedb7bcb200e7587463ef7795b8ecb5b6f0e
g05_neat1_mid_2812_chr11__pair01__baseline__0/execution.json	892	0283b9472f3b6abbc5da744f5889cfb1cab715a98c8efd539752cdbf1c8c551b
g05_neat1_mid_2812_chr11__pair01__baseline__0/gpu-memory.csv	41679	28a93d2f5ac491f6e24ad7139344349dfbb0f4d7248ebeffdfedf5170174f83b
g05_neat1_mid_2812_chr11__pair01__baseline__0/inputs/query.fa	2866	f2316dac2bedff6ed9d53093af0adbd45cae8327c1f3d5747522632c9d981848
g05_neat1_mid_2812_chr11__pair01__baseline__0/inputs/target.fa	2025031	d6c66bdad5c631c9057f18fe2b33b146038bdb5681c9e1dba451d3eee3a09449
g05_neat1_mid_2812_chr11__pair01__baseline__0/output/chr11-NEAT1_9977_12789-target-TFOsorted	2851627	9dc80d9d7c42d79064dd5dd1610de46a42a243ca881ed61a0efc4da8188b3665
g05_neat1_mid_2812_chr11__pair01__baseline__0/run-complete.json	467	c9fe96d34308cbed73dc6c8fb2d279b4eb4c2c5e6e78881fad94888502569dc7
g05_neat1_mid_2812_chr11__pair01__baseline__0/run-config.json	1825	5ab32c1bc3598c169ea4e2e5c1f487fe1f7cb444427083bb19b60782df2a635c
g05_neat1_mid_2812_chr11__pair01__baseline__0/stderr.log	99004	106a5636c9c735f2ef854607cd2aff15453f095799a064f4b114e93081c40ded
g05_neat1_mid_2812_chr11__pair01__baseline__0/stdout.log	91	ed75537064c65e777cbb56265f0ec23ab719831ee43f5bf83459454c3268b1d7
g05_neat1_mid_2812_chr11__pair01__baseline__0/summary.json	111399	584cdcf6799a1c55bd43c62739015932c881655e16d3488102786148dbe469e9
g05_neat1_mid_2812_chr11__pair01__baseline__0/time.txt	1414	ccfd35294e25ab8a744b5dc300ff75eb849ddd72083a1a43e052c4e9d959e97d
g05_neat1_mid_2812_chr11__pair01__candidate__0/correctness.json	65	a278541fd198bfff0e1fbca1ef8e939bbc1f5b5432d8a6289fe649582d1a7f5e
g05_neat1_mid_2812_chr11__pair01__candidate__0/environment.json	25043	8007aca7399cb4146b22b1c03c7ba8d17662cbd8842a8006332007e15df1965c
g05_neat1_mid_2812_chr11__pair01__candidate__0/execution.json	1155	f02b29d3a816f2790ee71133dc036b5626cfa0c55c2d538b064275f0f340a5f1
g05_neat1_mid_2812_chr11__pair01__candidate__0/gpu-memory.csv	2568	e80438b54a1c5bae0608a21107d3905f276f663cf2d2786785ad0f7bd3bd02e6
g05_neat1_mid_2812_chr11__pair01__candidate__0/inputs/query.fa	2866	f2316dac2bedff6ed9d53093af0adbd45cae8327c1f3d5747522632c9d981848
g05_neat1_mid_2812_chr11__pair01__candidate__0/inputs/target.fa	2025031	d6c66bdad5c631c9057f18fe2b33b146038bdb5681c9e1dba451d3eee3a09449
g05_neat1_mid_2812_chr11__pair01__candidate__0/output/chr11-NEAT1_9977_12789-target-TFOsorted	2854708	244ebf409ece528faa4730124cb8ce31fd65659d41c8eb547c8f518a3360d476
g05_neat1_mid_2812_chr11__pair01__candidate__0/run-complete.json	468	5901b3f66f0c57d76f2da8a783c4f86f2ef22447a3c0d3dfa53200cefa31e872
g05_neat1_mid_2812_chr11__pair01__candidate__0/run-config.json	1828	8bdc71711a57615955ebc9a83c191b75a798b7020b8f350c16f9020fa128d18d
g05_neat1_mid_2812_chr11__pair01__candidate__0/stderr.log	112077	7714e222df268026514f9d5eaeb7fa4b2887a9627fc3295d603a32fe46aa3bad
g05_neat1_mid_2812_chr11__pair01__candidate__0/stdout.log	91	0d0d18ec0441dd2e6d280be2cfaf42b3a9be0decf665312b1dda6bf896907d7f
g05_neat1_mid_2812_chr11__pair01__candidate__0/summary.json	126362	616a86b5e0f02500f66d18a92f1f1e932599c25a83a91ebbb0a32b3030427a0e
g05_neat1_mid_2812_chr11__pair01__candidate__0/time.txt	1635	644c1984857e7b46112de12cae65851009501a050b65637044f829fcd06cd54c
g05_neat1_mid_2812_chr11__pair02__baseline__0/correctness.json	65	a278541fd198bfff0e1fbca1ef8e939bbc1f5b5432d8a6289fe649582d1a7f5e
g05_neat1_mid_2812_chr11__pair02__baseline__0/environment.json	25043	f0c5551fdb532dd11f47bac2479069e9b47853fc67ab9868366a72e0d01ecbb7
g05_neat1_mid_2812_chr11__pair02__baseline__0/execution.json	892	b8c3a6797da451afecdf5498549dcfd1a50a9fd60fd12f0f785fc19cfd88c393
g05_neat1_mid_2812_chr11__pair02__baseline__0/gpu-memory.csv	41541	a6919871b9c39275314be09d734b20761f52ddbc33f44fbb69406c84716d7366
g05_neat1_mid_2812_chr11__pair02__baseline__0/inputs/query.fa	2866	f2316dac2bedff6ed9d53093af0adbd45cae8327c1f3d5747522632c9d981848
g05_neat1_mid_2812_chr11__pair02__baseline__0/inputs/target.fa	2025031	d6c66bdad5c631c9057f18fe2b33b146038bdb5681c9e1dba451d3eee3a09449
g05_neat1_mid_2812_chr11__pair02__baseline__0/output/chr11-NEAT1_9977_12789-target-TFOsorted	2851627	9dc80d9d7c42d79064dd5dd1610de46a42a243ca881ed61a0efc4da8188b3665
g05_neat1_mid_2812_chr11__pair02__baseline__0/run-complete.json	467	ff52c22081f245467389e0c89fa84b215160b5bc976eff7878d92c3782431014
g05_neat1_mid_2812_chr11__pair02__baseline__0/run-config.json	1825	f7d45492ac8d766926ebdeb17ad1a0f3976cb5deb3280e27c5a9e435c8ced124
g05_neat1_mid_2812_chr11__pair02__baseline__0/stderr.log	99004	106a5636c9c735f2ef854607cd2aff15453f095799a064f4b114e93081c40ded
g05_neat1_mid_2812_chr11__pair02__baseline__0/stdout.log	91	efc835b0129f689a6ceeb742a03b461f618e82f29f6370c7c1a385ac9d5c42f2
g05_neat1_mid_2812_chr11__pair02__baseline__0/summary.json	111399	acc40587608d0bdaac67f396e49da64238b7669fc993aac9ab94868f841b9ae1
g05_neat1_mid_2812_chr11__pair02__baseline__0/time.txt	1414	0ac54aab3df3e9c82e4ad840a891a6682fe1d76b3e5ce9c9bd6d48f337eb5d66
g05_neat1_mid_2812_chr11__pair02__candidate__0/correctness.json	65	a278541fd198bfff0e1fbca1ef8e939bbc1f5b5432d8a6289fe649582d1a7f5e
g05_neat1_mid_2812_chr11__pair02__candidate__0/environment.json	25043	125c8986365009b7c35f544ebec1dbd0e18bcaecbf8ae81ed5ff50aec1862a58
g05_neat1_mid_2812_chr11__pair02__candidate__0/execution.json	1155	2d889ed6d33aed65b07fc56d77e10df6164d3e5b563c0e644fca44acffe758b1
g05_neat1_mid_2812_chr11__pair02__candidate__0/gpu-memory.csv	2565	8401c8d02dadc9b86861a27a4569c685f44e6e0c29a0837ab2ff7bd3bdd1cccd
g05_neat1_mid_2812_chr11__pair02__candidate__0/inputs/query.fa	2866	f2316dac2bedff6ed9d53093af0adbd45cae8327c1f3d5747522632c9d981848
g05_neat1_mid_2812_chr11__pair02__candidate__0/inputs/target.fa	2025031	d6c66bdad5c631c9057f18fe2b33b146038bdb5681c9e1dba451d3eee3a09449
g05_neat1_mid_2812_chr11__pair02__candidate__0/output/chr11-NEAT1_9977_12789-target-TFOsorted	2854901	dd91a8c6ddad6d41770feaf33479247801075ed9cd5e06ee33a6101d266a609a
g05_neat1_mid_2812_chr11__pair02__candidate__0/run-complete.json	468	9caf8827f68ad5ea760ed75dec988bca9a3c3e041b4e13e4a37c6ebc1f1823da
g05_neat1_mid_2812_chr11__pair02__candidate__0/run-config.json	1828	daa1a4a9126fa1103d16733bf1e7946798f5f98b9d85fa426b51aa1f15cd80cf
g05_neat1_mid_2812_chr11__pair02__candidate__0/stderr.log	112080	9eda16c458a38bd0388b362763640c50da0a48bfe9be188f7492d94d893b1af8
g05_neat1_mid_2812_chr11__pair02__candidate__0/stdout.log	91	4314aa9441ac3e6bd37d2ee6e1acc9b834c99aa5620a6c501e99500969fc62c1
g05_neat1_mid_2812_chr11__pair02__candidate__0/summary.json	126365	664eee0aa3409ef8365851aa03546c9c7768d51c4540172d5a08d67db1ddcf35
g05_neat1_mid_2812_chr11__pair02__candidate__0/time.txt	1635	26ac89e7695403977102da3a1b800b4fb325e2788bc3903032724c26a7d4648f
g05_neat1_mid_2812_chr11__pair03__baseline__0/correctness.json	65	a278541fd198bfff0e1fbca1ef8e939bbc1f5b5432d8a6289fe649582d1a7f5e
g05_neat1_mid_2812_chr11__pair03__baseline__0/environment.json	25043	878e347c5a228a15ab53217b56c8537b32a835e3e03482c24c32adb9977e3697
g05_neat1_mid_2812_chr11__pair03__baseline__0/execution.json	892	2c219ac0fc22777d0e5264c9fd7525ba0f91e93d1fb1497b0f6693184c4e2c6a
g05_neat1_mid_2812_chr11__pair03__baseline__0/gpu-memory.csv	41685	44e641ed1a6294e546f49dd732c8e30a22748c1c8593bca203c944086690646e
g05_neat1_mid_2812_chr11__pair03__baseline__0/inputs/query.fa	2866	f2316dac2bedff6ed9d53093af0adbd45cae8327c1f3d5747522632c9d981848
g05_neat1_mid_2812_chr11__pair03__baseline__0/inputs/target.fa	2025031	d6c66bdad5c631c9057f18fe2b33b146038bdb5681c9e1dba451d3eee3a09449
g05_neat1_mid_2812_chr11__pair03__baseline__0/output/chr11-NEAT1_9977_12789-target-TFOsorted	2851627	9dc80d9d7c42d79064dd5dd1610de46a42a243ca881ed61a0efc4da8188b3665
g05_neat1_mid_2812_chr11__pair03__baseline__0/run-complete.json	467	59e81785099a8175da05ac184443a1517d86dc63ac74f45dbef3e0d8d57e6160
g05_neat1_mid_2812_chr11__pair03__baseline__0/run-config.json	1825	4808b6979d83ee15bd131bb66b8128c6862092fc116e0ae8dab546bddbf80414
g05_neat1_mid_2812_chr11__pair03__baseline__0/stderr.log	99004	106a5636c9c735f2ef854607cd2aff15453f095799a064f4b114e93081c40ded
g05_neat1_mid_2812_chr11__pair03__baseline__0/stdout.log	91	f81867360f4a8f39e773fdcba818322ee39d7573337f661b044099da4f4e0c24
g05_neat1_mid_2812_chr11__pair03__baseline__0/summary.json	111401	5029b92d911f09301a9750cbb68aea999fc57e4a439b68d8a3d9c750dd4ee717
g05_neat1_mid_2812_chr11__pair03__baseline__0/time.txt	1414	a7b8b8cf0e73965f84eacd1277c89121df86e3d63868e68658d3352de72b3a46
g05_neat1_mid_2812_chr11__pair03__candidate__0/correctness.json	65	a278541fd198bfff0e1fbca1ef8e939bbc1f5b5432d8a6289fe649582d1a7f5e
g05_neat1_mid_2812_chr11__pair03__candidate__0/environment.json	25043	4e21de72bc6120751ad5ab64d86efa29f87dd0f3bc69d148547d4adc1c1ff36f
g05_neat1_mid_2812_chr11__pair03__candidate__0/execution.json	1155	038d6331708b1e01dd2e23d08bc103965e3d85e298d06371a00cc3d7b0b61038
g05_neat1_mid_2812_chr11__pair03__candidate__0/gpu-memory.csv	2570	c164411f735742107d81219928a0cf003c436eff6b2c86203db0afdcd963ac17
g05_neat1_mid_2812_chr11__pair03__candidate__0/inputs/query.fa	2866	f2316dac2bedff6ed9d53093af0adbd45cae8327c1f3d5747522632c9d981848
g05_neat1_mid_2812_chr11__pair03__candidate__0/inputs/target.fa	2025031	d6c66bdad5c631c9057f18fe2b33b146038bdb5681c9e1dba451d3eee3a09449
g05_neat1_mid_2812_chr11__pair03__candidate__0/output/chr11-NEAT1_9977_12789-target-TFOsorted	2854711	5ab8ae3fbcbbc1da3f854fc6bd0dce8bfc5b00e2d20af10e2721b178c35861a2
g05_neat1_mid_2812_chr11__pair03__candidate__0/run-complete.json	468	24756f5d46f1cf33c39b3ab4f0c379a78cbebd244a40644bd66f219f5e69cbd0
g05_neat1_mid_2812_chr11__pair03__candidate__0/run-config.json	1828	0d3a4a37f251244d5e793f1676c99aab6ee9975bcc4a8b1e42491fb503ea7664
g05_neat1_mid_2812_chr11__pair03__candidate__0/stderr.log	112081	87dc6b13a163f22bdc8b67deb85e78ab08a661199b220c1e8dec2b5eac3f4674
g05_neat1_mid_2812_chr11__pair03__candidate__0/stdout.log	91	b145993bd422c3822a285ffb90b53a4f12b1458f7fc0400dff72b1919a6c2826
g05_neat1_mid_2812_chr11__pair03__candidate__0/summary.json	126366	cd8d8a10294d1e01b91b04a9ff28cffbdc8c9e8c7a197f66dd450a0a44b76f42
g05_neat1_mid_2812_chr11__pair03__candidate__0/time.txt	1635	9f53d2c8014fd5ba75a71796df97820d8c53d9f606dbbc4404a800250e718ada
g05_neat1_mid_2812_chr11__warmup__baseline__0/correctness.json	65	a278541fd198bfff0e1fbca1ef8e939bbc1f5b5432d8a6289fe649582d1a7f5e
g05_neat1_mid_2812_chr11__warmup__baseline__0/environment.json	25043	e4fc01bb293c7b3e547ed76746204a5a01f5ef2a6a624557b029f9ceebeb3dc7
g05_neat1_mid_2812_chr11__warmup__baseline__0/execution.json	892	f51b1aaacbfbfdafb0dca40445c292e3d698dd5438837b8ba9b53394696953a5
g05_neat1_mid_2812_chr11__warmup__baseline__0/gpu-memory.csv	41409	d3930ad35fbe3738769c3ca39a5b6d0f4cf254ba65c2d5a7ef62d85efc2e86f3
g05_neat1_mid_2812_chr11__warmup__baseline__0/inputs/query.fa	2866	f2316dac2bedff6ed9d53093af0adbd45cae8327c1f3d5747522632c9d981848
g05_neat1_mid_2812_chr11__warmup__baseline__0/inputs/target.fa	2025031	d6c66bdad5c631c9057f18fe2b33b146038bdb5681c9e1dba451d3eee3a09449
g05_neat1_mid_2812_chr11__warmup__baseline__0/output/chr11-NEAT1_9977_12789-target-TFOsorted	2851627	9dc80d9d7c42d79064dd5dd1610de46a42a243ca881ed61a0efc4da8188b3665
g05_neat1_mid_2812_chr11__warmup__baseline__0/run-complete.json	467	ca1730b5c07bc52da46c1144fa7693c2cf811b06ae502f02751b59561137ae78
g05_neat1_mid_2812_chr11__warmup__baseline__0/run-config.json	1824	a5b3d0570070723d9bd0bafb49df43526cfe6fa90b92e328b31e5848caf7271e
g05_neat1_mid_2812_chr11__warmup__baseline__0/stderr.log	99004	106a5636c9c735f2ef854607cd2aff15453f095799a064f4b114e93081c40ded
g05_neat1_mid_2812_chr11__warmup__baseline__0/stdout.log	91	e876277526463c010c52153fd51c292477d8df7ade14351fa51eac6233927cc3
g05_neat1_mid_2812_chr11__warmup__baseline__0/summary.json	111401	7075c084421607252a9e31d39803500e443bb792683f34f6bd405f825dbe7209
g05_neat1_mid_2812_chr11__warmup__baseline__0/time.txt	1413	ad33c8a32dc616fe55814c64d75dbe5a582346652ca21b0cfb9fccf73e2e3916
g05_neat1_mid_2812_chr11__warmup__candidate__0/correctness.json	65	a278541fd198bfff0e1fbca1ef8e939bbc1f5b5432d8a6289fe649582d1a7f5e
g05_neat1_mid_2812_chr11__warmup__candidate__0/environment.json	25043	fbaf1f0ba4aa31b92683df7f87ab3b560185020237dd94c9e9d06228ef2ca250
g05_neat1_mid_2812_chr11__warmup__candidate__0/execution.json	1155	6c3f34a78de1a83071df98f9bbc231817a4b7abc35a9fd7c53fdb481797ac87a
g05_neat1_mid_2812_chr11__warmup__candidate__0/gpu-memory.csv	2569	7847cca80a3d33de8d97c4e1e417f5f0b01e8229c4aaf4a5f811765583f2aa4b
g05_neat1_mid_2812_chr11__warmup__candidate__0/inputs/query.fa	2866	f2316dac2bedff6ed9d53093af0adbd45cae8327c1f3d5747522632c9d981848
g05_neat1_mid_2812_chr11__warmup__candidate__0/inputs/target.fa	2025031	d6c66bdad5c631c9057f18fe2b33b146038bdb5681c9e1dba451d3eee3a09449
g05_neat1_mid_2812_chr11__warmup__candidate__0/output/chr11-NEAT1_9977_12789-target-TFOsorted	2854711	64d0be5a9f73118eaecb79954fb8d434d5dc2c778e6b7c6b11da3381c1ba04d7
g05_neat1_mid_2812_chr11__warmup__candidate__0/run-complete.json	468	1f48694c47583672cf10af5a7c0564e781481d3512bdcec6bbfbac0a0f063f32
g05_neat1_mid_2812_chr11__warmup__candidate__0/run-config.json	1827	0c0c325855faccf4a04771c77a06d6605e55ef36e98fb6056fdf2ecab337df0e
g05_neat1_mid_2812_chr11__warmup__candidate__0/stderr.log	112079	c4742f14ec9bfa84e28b11ae793a25e9c336473f00d4e33849e3caf46ba243e2
g05_neat1_mid_2812_chr11__warmup__candidate__0/stdout.log	91	83d3c54da162967d384ea368bf66afc886aa9e80210429b2283597639fae2ae7
g05_neat1_mid_2812_chr11__warmup__candidate__0/summary.json	126364	55072bf6b84359670025a36bef4b1822e1548608df965c5d7133dcab142b5562
g05_neat1_mid_2812_chr11__warmup__candidate__0/time.txt	1635	fa51d4ebd55c660c5f4e01475235b41fe9c42a2ca0dd53976c9a628c51e28ccd
g06_neat1_3p_1024_chr21__pair01__baseline__0/correctness.json	65	a278541fd198bfff0e1fbca1ef8e939bbc1f5b5432d8a6289fe649582d1a7f5e
g06_neat1_3p_1024_chr21__pair01__baseline__0/environment.json	25043	84820d67755908f77f382accfd6b7ae2317ae7abe373597a5763ba3e19eedcd4
g06_neat1_3p_1024_chr21__pair01__baseline__0/execution.json	889	727cd3c313492096f7d2fd1d2fbd3ad564af5980acb8c957b370a546a406d296
g06_neat1_3p_1024_chr21__pair01__baseline__0/gpu-memory.csv	22911	54189d9d7b88bff23b118575261a73b2bb354aaee2418eb2315eb9ac39e0b177
g06_neat1_3p_1024_chr21__pair01__baseline__0/inputs/query.fa	1056	23ef739d5f8d8cd9769c789328fad1c89afe7860cf5c07daa64904557e37eee7
g06_neat1_3p_1024_chr21__pair01__baseline__0/inputs/target.fa	2025031	c7ceaecd1ddc49dd6020ae5d07cb46a8a4b0e49f70bb1e56ecf1ee01a5541351
g06_neat1_3p_1024_chr21__pair01__baseline__0/output/chr21-NEAT1_21743_22767-target-TFOsorted	162686	b4af9d00385a972bbf3a0e98dc935daf6218be806148b36f016a3e61c0d370a2
g06_neat1_3p_1024_chr21__pair01__baseline__0/run-complete.json	466	cea69d209b8150a3d4633005a0c2739ab4f58b5dfa8e8d7d45ed8a08b6eed869
g06_neat1_3p_1024_chr21__pair01__baseline__0/run-config.json	1821	649203705606d8ee42913732ed1d9685f92209c9cbdcaa4e49089f8f80dc5e63
g06_neat1_3p_1024_chr21__pair01__baseline__0/stderr.log	99004	afb82b73b58ccf403f9ec0a00940767856f69c3e049da1d5d22ae843a9ec15bc
g06_neat1_3p_1024_chr21__pair01__baseline__0/stdout.log	92	d3e403746942b9eab7909d44f3afe06b8b10a010f75bf3543d7863b309632e41
g06_neat1_3p_1024_chr21__pair01__baseline__0/summary.json	111393	ab69f062670f25882ef625f440fb92b9697e9393f2aa55b36cab612081c88b5a
g06_neat1_3p_1024_chr21__pair01__baseline__0/time.txt	1409	6aade829fc21307d3b96c6de3700e7f115b4f1d59622c7793da736306af825bd
g06_neat1_3p_1024_chr21__pair01__candidate__0/correctness.json	65	a278541fd198bfff0e1fbca1ef8e939bbc1f5b5432d8a6289fe649582d1a7f5e
g06_neat1_3p_1024_chr21__pair01__candidate__0/environment.json	25043	e5ce36e5b59c521f5d3d6b776cd3d085c4e9fcefc9067f6070a473e5100506d5
g06_neat1_3p_1024_chr21__pair01__candidate__0/execution.json	1152	717016c3be1302bb5f5c398e346b1219dde59cd9d9ae185aff3620dfb2dc64ea
g06_neat1_3p_1024_chr21__pair01__candidate__0/gpu-memory.csv	1835	971ac1216fecdc3e1df4e42260570d5bef73ca2ada7399e9dbab3eb190bdad73
g06_neat1_3p_1024_chr21__pair01__candidate__0/inputs/query.fa	1056	23ef739d5f8d8cd9769c789328fad1c89afe7860cf5c07daa64904557e37eee7
g06_neat1_3p_1024_chr21__pair01__candidate__0/inputs/target.fa	2025031	c7ceaecd1ddc49dd6020ae5d07cb46a8a4b0e49f70bb1e56ecf1ee01a5541351
g06_neat1_3p_1024_chr21__pair01__candidate__0/output/chr21-NEAT1_21743_22767-target-TFOsorted	163285	abd52c2bde13d1d8ff639ef8234b695cbff8660a827dee1fbb2a875f601df8dd
g06_neat1_3p_1024_chr21__pair01__candidate__0/run-complete.json	467	0c2ef57cbf4c0789ade36b293715b4ccd73419898b153d63d1e825f2135e0a35
g06_neat1_3p_1024_chr21__pair01__candidate__0/run-config.json	1824	62a54ed8f1a2130049940485d4e6e7c67494ace4c45ef62c6d81d2953bc9196e
g06_neat1_3p_1024_chr21__pair01__candidate__0/stderr.log	112067	a5288e23b44261fa69e03ce2669fcea7989d978e7407a6648f904a01afe90018
g06_neat1_3p_1024_chr21__pair01__candidate__0/stdout.log	92	01df78b10f6979350af98a0d3dbbea14c030720a17beed0ca1cb8cec6604f0ae
g06_neat1_3p_1024_chr21__pair01__candidate__0/summary.json	126345	d242fd6e29f99d733c95f389b03cdc6b3ea77452d50f491fcaa63eff8183394d
g06_neat1_3p_1024_chr21__pair01__candidate__0/time.txt	1631	d24aee5865475d29307d5d227c99b4e5d2303940c89333ed4f9577de5ef3d7c1
g06_neat1_3p_1024_chr21__pair02__baseline__0/correctness.json	65	a278541fd198bfff0e1fbca1ef8e939bbc1f5b5432d8a6289fe649582d1a7f5e
g06_neat1_3p_1024_chr21__pair02__baseline__0/environment.json	25043	273c241c238496ed2421106bd39fe95d2798094ccc7e2cda36ec9734b55eac54
g06_neat1_3p_1024_chr21__pair02__baseline__0/execution.json	890	6db1b868cd9a3af03a1d989f60505a37f17b6906471a2fe0c394687826e6aeb7
g06_neat1_3p_1024_chr21__pair02__baseline__0/gpu-memory.csv	22911	f283f1adf5cb488ff6cd0618eb631b0a5a4333e022f46bb15f585298013cc74b
g06_neat1_3p_1024_chr21__pair02__baseline__0/inputs/query.fa	1056	23ef739d5f8d8cd9769c789328fad1c89afe7860cf5c07daa64904557e37eee7
g06_neat1_3p_1024_chr21__pair02__baseline__0/inputs/target.fa	2025031	c7ceaecd1ddc49dd6020ae5d07cb46a8a4b0e49f70bb1e56ecf1ee01a5541351
g06_neat1_3p_1024_chr21__pair02__baseline__0/output/chr21-NEAT1_21743_22767-target-TFOsorted	162686	b4af9d00385a972bbf3a0e98dc935daf6218be806148b36f016a3e61c0d370a2
g06_neat1_3p_1024_chr21__pair02__baseline__0/run-complete.json	466	6de6538bcc9b3a7afd12772c7a6073f5b3c493a50821baaeea7d6c19d64d7a9f
g06_neat1_3p_1024_chr21__pair02__baseline__0/run-config.json	1821	fa7ae0a41870f8b30abb73da305dc20c543099b5dcc03282ee53b0723ce1a1c4
g06_neat1_3p_1024_chr21__pair02__baseline__0/stderr.log	99004	afb82b73b58ccf403f9ec0a00940767856f69c3e049da1d5d22ae843a9ec15bc
g06_neat1_3p_1024_chr21__pair02__baseline__0/stdout.log	92	1795afa7b9b1271753eaaab2c609950f613c3e925b30912a5f6edff5f6497956
g06_neat1_3p_1024_chr21__pair02__baseline__0/summary.json	111395	5c7e1b5db8fd12687cb9b2b1f7b88cf9c1a492e09a95613211b6e3c2d6959578
g06_neat1_3p_1024_chr21__pair02__baseline__0/time.txt	1409	f28fb0fa4b3db1380a82be29d7c5194f9d5dfa5d927b3b458dc568805665b35e
g06_neat1_3p_1024_chr21__pair02__candidate__0/correctness.json	65	a278541fd198bfff0e1fbca1ef8e939bbc1f5b5432d8a6289fe649582d1a7f5e
g06_neat1_3p_1024_chr21__pair02__candidate__0/environment.json	25043	32c104bdb59cc18a0359c11c1bd390f33f4703ff15ac1e41cc74b264759faf1c
g06_neat1_3p_1024_chr21__pair02__candidate__0/execution.json	1152	d647b206f86e7cfc6ce01c6e67edcb01a50913f138597b584482509395542bf2
g06_neat1_3p_1024_chr21__pair02__candidate__0/gpu-memory.csv	1836	b58029c8030360524ec6e71f3b9ee09240f5a1ea317dc789c521cfd3b4d7515b
g06_neat1_3p_1024_chr21__pair02__candidate__0/inputs/query.fa	1056	23ef739d5f8d8cd9769c789328fad1c89afe7860cf5c07daa64904557e37eee7
g06_neat1_3p_1024_chr21__pair02__candidate__0/inputs/target.fa	2025031	c7ceaecd1ddc49dd6020ae5d07cb46a8a4b0e49f70bb1e56ecf1ee01a5541351
g06_neat1_3p_1024_chr21__pair02__candidate__0/output/chr21-NEAT1_21743_22767-target-TFOsorted	163285	abd52c2bde13d1d8ff639ef8234b695cbff8660a827dee1fbb2a875f601df8dd
g06_neat1_3p_1024_chr21__pair02__candidate__0/run-complete.json	467	9743e3531f7fd09633f845cc1f664db8725aba4106e5bc58ab163a7650e37eea
g06_neat1_3p_1024_chr21__pair02__candidate__0/run-config.json	1824	1d12d495bcf6566845899417620d05c7805474d6c35befb9274d2ff4d53cfcce
g06_neat1_3p_1024_chr21__pair02__candidate__0/stderr.log	112077	4a141328aa0158734357351e25914e88c815c146d6550cef844e2c1af250f9dd
g06_neat1_3p_1024_chr21__pair02__candidate__0/stdout.log	92	46987d8c18aa5945d3f61783086d8eab1b666cfdba1860ca7cd53f8e86c62c2b
g06_neat1_3p_1024_chr21__pair02__candidate__0/summary.json	126355	813315ca1d23154cfe87624b3671010ee5c20f7be38d9e1278115658b64a7143
g06_neat1_3p_1024_chr21__pair02__candidate__0/time.txt	1630	47999e8e762a7ddcdfd4d77ebd5b7887f329bf5adeace017dfd9a11613dffb2f
g06_neat1_3p_1024_chr21__pair03__baseline__0/correctness.json	65	a278541fd198bfff0e1fbca1ef8e939bbc1f5b5432d8a6289fe649582d1a7f5e
g06_neat1_3p_1024_chr21__pair03__baseline__0/environment.json	25043	6ece960d4ef6a9826fc945d1e99ee26ebb375525afc88ef864c993f6ee2a7751
g06_neat1_3p_1024_chr21__pair03__baseline__0/execution.json	889	780912c1b92eaaef62a43ed1714cc4c57a4dd85bc4a173d346c171e071ea73b6
g06_neat1_3p_1024_chr21__pair03__baseline__0/gpu-memory.csv	22773	deff4bd3252a62d5d6f5905e288f064e5b91c758cccc606d9f71b7fb56a93a85
g06_neat1_3p_1024_chr21__pair03__baseline__0/inputs/query.fa	1056	23ef739d5f8d8cd9769c789328fad1c89afe7860cf5c07daa64904557e37eee7
g06_neat1_3p_1024_chr21__pair03__baseline__0/inputs/target.fa	2025031	c7ceaecd1ddc49dd6020ae5d07cb46a8a4b0e49f70bb1e56ecf1ee01a5541351
g06_neat1_3p_1024_chr21__pair03__baseline__0/output/chr21-NEAT1_21743_22767-target-TFOsorted	162686	b4af9d00385a972bbf3a0e98dc935daf6218be806148b36f016a3e61c0d370a2
g06_neat1_3p_1024_chr21__pair03__baseline__0/run-complete.json	466	a8f50e18bfa42d7b06804a1d04d26cda74552b63420c4ecf8004d5da545bd681
g06_neat1_3p_1024_chr21__pair03__baseline__0/run-config.json	1821	52fa572f5eea1a2d31ca0ed50c5b82698a4b972675531000936276337421176c
g06_neat1_3p_1024_chr21__pair03__baseline__0/stderr.log	99004	afb82b73b58ccf403f9ec0a00940767856f69c3e049da1d5d22ae843a9ec15bc
g06_neat1_3p_1024_chr21__pair03__baseline__0/stdout.log	91	ab80e8af3eac55725a57695ad3aa9e1827001bda27785be2198cae5ebbfdc791
g06_neat1_3p_1024_chr21__pair03__baseline__0/summary.json	111394	8d82dc8cc1f1ae00fe6d0e2d8850392bdf9a457e3b87e4f20e372f9109d7c6f3
g06_neat1_3p_1024_chr21__pair03__baseline__0/time.txt	1409	d1c2d362ffdfca3e8f4fd5dd68f9303044119afe98d522ab2704b3432c3b746a
g06_neat1_3p_1024_chr21__pair03__candidate__0/correctness.json	65	a278541fd198bfff0e1fbca1ef8e939bbc1f5b5432d8a6289fe649582d1a7f5e
g06_neat1_3p_1024_chr21__pair03__candidate__0/environment.json	25043	ce47d791749ae972f3d538dcb0d1539aca5b5b7e57fe51f75ab2fffb7790db07
g06_neat1_3p_1024_chr21__pair03__candidate__0/execution.json	1153	66c4f72b834ef343ecf2ac6a8c9cd7ecbe1a5c72c6aaf9ba6e2b0c06210b5cc1
g06_neat1_3p_1024_chr21__pair03__candidate__0/gpu-memory.csv	1835	32c57ba4bfd2113031e4042ac23a46c382a9694b936a050ab0c215affc44f01e
g06_neat1_3p_1024_chr21__pair03__candidate__0/inputs/query.fa	1056	23ef739d5f8d8cd9769c789328fad1c89afe7860cf5c07daa64904557e37eee7
g06_neat1_3p_1024_chr21__pair03__candidate__0/inputs/target.fa	2025031	c7ceaecd1ddc49dd6020ae5d07cb46a8a4b0e49f70bb1e56ecf1ee01a5541351
g06_neat1_3p_1024_chr21__pair03__candidate__0/output/chr21-NEAT1_21743_22767-target-TFOsorted	163285	abd52c2bde13d1d8ff639ef8234b695cbff8660a827dee1fbb2a875f601df8dd
g06_neat1_3p_1024_chr21__pair03__candidate__0/run-complete.json	467	471e79c803aec205335838cd14bdc5f4d4cfb06a8ef2231676003e34c5816745
g06_neat1_3p_1024_chr21__pair03__candidate__0/run-config.json	1824	5585ec334e8a5dac4f3ad46dbcfe637e9eff21223e16efeb18f4ded75300c85a
g06_neat1_3p_1024_chr21__pair03__candidate__0/stderr.log	112076	78b58556f71d9eec77e2addac86903b7db2824bdaffd17b0ea0232ee88950efe
g06_neat1_3p_1024_chr21__pair03__candidate__0/stdout.log	92	14a4d6f69602fb3f340cb52da7ebde961a7b5f3fdcf9aa586a85eea96f3208d7
g06_neat1_3p_1024_chr21__pair03__candidate__0/summary.json	126355	bc6fc791b67f0bb842d0f5663c11a65e521af1a011ab6993bc13f29b69d5b573
g06_neat1_3p_1024_chr21__pair03__candidate__0/time.txt	1631	8b79cddb902d986a414205b3f035a9f9c1387aa5fcd74ca139246bf869f5f564
g06_neat1_3p_1024_chr21__warmup__baseline__0/correctness.json	65	a278541fd198bfff0e1fbca1ef8e939bbc1f5b5432d8a6289fe649582d1a7f5e
g06_neat1_3p_1024_chr21__warmup__baseline__0/environment.json	25043	029e8f08f56ce418635b7b26879e4848fab774bf98a9838873abad747393ac2d
g06_neat1_3p_1024_chr21__warmup__baseline__0/execution.json	889	dada385fbadae5516ac52d251bae3cda22d03744365a333009cbd32ad5fa04dc
g06_neat1_3p_1024_chr21__warmup__baseline__0/gpu-memory.csv	22911	2caab4ab772064e74706887c69f7d5a79b1b013a9f6bd77c780c93722f45a003
g06_neat1_3p_1024_chr21__warmup__baseline__0/inputs/query.fa	1056	23ef739d5f8d8cd9769c789328fad1c89afe7860cf5c07daa64904557e37eee7
g06_neat1_3p_1024_chr21__warmup__baseline__0/inputs/target.fa	2025031	c7ceaecd1ddc49dd6020ae5d07cb46a8a4b0e49f70bb1e56ecf1ee01a5541351
g06_neat1_3p_1024_chr21__warmup__baseline__0/output/chr21-NEAT1_21743_22767-target-TFOsorted	162686	b4af9d00385a972bbf3a0e98dc935daf6218be806148b36f016a3e61c0d370a2
g06_neat1_3p_1024_chr21__warmup__baseline__0/run-complete.json	466	d16612194bc428bdb3d76ddc81d9533dbf6f8fdb8e88c3a8a4edbdf863f08eac
g06_neat1_3p_1024_chr21__warmup__baseline__0/run-config.json	1820	3249ebec808747d82cf1c06d5dc90ad5e6d3cd558acb52c9693371cf2c4c54fe
g06_neat1_3p_1024_chr21__warmup__baseline__0/stderr.log	99004	afb82b73b58ccf403f9ec0a00940767856f69c3e049da1d5d22ae843a9ec15bc
g06_neat1_3p_1024_chr21__warmup__baseline__0/stdout.log	91	727d64d7603189091eaa08a2215b775a463531582de3c8c24a2f69071a4a1da4
g06_neat1_3p_1024_chr21__warmup__baseline__0/summary.json	111394	647f6e7ec9b33662ced7d8715f915426baf8ab47f1ec0ac7db12a93b00149f4d
g06_neat1_3p_1024_chr21__warmup__baseline__0/time.txt	1409	472e01d7dd353ac4d9cd74621b8478cfdb5132651711cef0034016f2bd74c83b
g06_neat1_3p_1024_chr21__warmup__candidate__0/correctness.json	65	a278541fd198bfff0e1fbca1ef8e939bbc1f5b5432d8a6289fe649582d1a7f5e
g06_neat1_3p_1024_chr21__warmup__candidate__0/environment.json	25043	7526ec0c18fe6de0a82a888b9975640421dd1b5af001382608dc2f4fc6b4b1d4
g06_neat1_3p_1024_chr21__warmup__candidate__0/execution.json	1152	5cb107cac7c4d381fe4369d0d895ea06c327a48de1f836feff878390c4e805d5
g06_neat1_3p_1024_chr21__warmup__candidate__0/gpu-memory.csv	1837	b9777ae1ae4e83a72937f871f6852575868603eede3b8807b8ff5238a1653c7a
g06_neat1_3p_1024_chr21__warmup__candidate__0/inputs/query.fa	1056	23ef739d5f8d8cd9769c789328fad1c89afe7860cf5c07daa64904557e37eee7
g06_neat1_3p_1024_chr21__warmup__candidate__0/inputs/target.fa	2025031	c7ceaecd1ddc49dd6020ae5d07cb46a8a4b0e49f70bb1e56ecf1ee01a5541351
g06_neat1_3p_1024_chr21__warmup__candidate__0/output/chr21-NEAT1_21743_22767-target-TFOsorted	163285	abd52c2bde13d1d8ff639ef8234b695cbff8660a827dee1fbb2a875f601df8dd
g06_neat1_3p_1024_chr21__warmup__candidate__0/run-complete.json	467	95ffcba1cb6c6eb3656a6a6e03d7fa1e5259ce757b7dee6f9164b7c175355da7
g06_neat1_3p_1024_chr21__warmup__candidate__0/run-config.json	1823	5fbcbaed415731e479dcd9c53bdfddd21b42ba0d7044fb6a9e6466d026ca6fa9
g06_neat1_3p_1024_chr21__warmup__candidate__0/stderr.log	112070	cf75a7020ccefe21573e1041b9f475ed34df6aabffc18668e8f6982e7646b361
g06_neat1_3p_1024_chr21__warmup__candidate__0/stdout.log	92	59d5bcb6b9e079085f2be282bfb60617cc9ba371a54129370ddce065e679ac9a
g06_neat1_3p_1024_chr21__warmup__candidate__0/summary.json	126348	a562cd4e31da4a044683be7950d0e60aa339f71ad6ab8aa8fa5395eb9e60fa61
g06_neat1_3p_1024_chr21__warmup__candidate__0/time.txt	1630	70c4e12adce584b692fa066f461a1bcf7c0a1a94deb799888f5fea2690e4503e
g07_kcnq1ot1_5p_2812_chr21__pair01__baseline__0/correctness.json	65	a278541fd198bfff0e1fbca1ef8e939bbc1f5b5432d8a6289fe649582d1a7f5e
g07_kcnq1ot1_5p_2812_chr21__pair01__baseline__0/environment.json	25043	31d6f8f3a01a8dd52c3c5668834d1d371d92ae21441daa0bd822349f1041780f
g07_kcnq1ot1_5p_2812_chr21__pair01__baseline__0/execution.json	899	d63a2bd1ab4bd4f6bc506fa43673b438be05b549e8b23dba1d4ed756ec8816b5
g07_kcnq1ot1_5p_2812_chr21__pair01__baseline__0/gpu-memory.csv	50649	1dbf42b62121f8bb5ccdcd97fa2eb0d36c5332749b1a5038675f9aa2aae7689e
g07_kcnq1ot1_5p_2812_chr21__pair01__baseline__0/inputs/query.fa	2874	239fd57dc78dfa392601d14f344bbfd4e2b0e6f349ac90ac9576c77be5c6a175
g07_kcnq1ot1_5p_2812_chr21__pair01__baseline__0/inputs/target.fa	2025031	c7ceaecd1ddc49dd6020ae5d07cb46a8a4b0e49f70bb1e56ecf1ee01a5541351
g07_kcnq1ot1_5p_2812_chr21__pair01__baseline__0/output/chr21-ENST00000597346.1_0_2812-target-TFOsorted	208264	538d2af5b3bb47e8b74f33f00462c6824bba73fd4b250f2658e1f6584f287ada
g07_kcnq1ot1_5p_2812_chr21__pair01__baseline__0/run-complete.json	469	d42fcf7ee743c4e453c76bdf670eca90e137445381cd847308a1034f25a2d3e7
g07_kcnq1ot1_5p_2812_chr21__pair01__baseline__0/run-config.json	1845	6f8323f4b7413fb8a80579dafea450e8b4b8924bf0c336ed953dc08afa33e1aa
g07_kcnq1ot1_5p_2812_chr21__pair01__baseline__0/stderr.log	99004	106a5636c9c735f2ef854607cd2aff15453f095799a064f4b114e93081c40ded
g07_kcnq1ot1_5p_2812_chr21__pair01__baseline__0/stdout.log	99	8c97227c29000fbfb178058791c2677c4ff730ffd2f1216a697eef35a598d5b0
g07_kcnq1ot1_5p_2812_chr21__pair01__baseline__0/summary.json	111410	c58501c57d23405093bd873dc399586150bab724bb05cc1c13d59999614a62e9
g07_kcnq1ot1_5p_2812_chr21__pair01__baseline__0/time.txt	1419	65214cf6cb3c0e46448221154a2d873674001edf500d4df74d518a5436065507
g07_kcnq1ot1_5p_2812_chr21__pair01__candidate__0/correctness.json	65	a278541fd198bfff0e1fbca1ef8e939bbc1f5b5432d8a6289fe649582d1a7f5e
g07_kcnq1ot1_5p_2812_chr21__pair01__candidate__0/environment.json	25043	28ec585844eed52ddfdf3d81b6cdfd7b7afc2acd64e392f1d2a28f0e9abc99e3
g07_kcnq1ot1_5p_2812_chr21__pair01__candidate__0/execution.json	1161	5471f258c53dc75b6f8e2acd19a7d294de92429f3d783bacd89fd7263af3e70b
g07_kcnq1ot1_5p_2812_chr21__pair01__candidate__0/gpu-memory.csv	2423	9b64a93fc7a9603d495f794d92716270942a3413677f883e8ec1e35a28aad70b
g07_kcnq1ot1_5p_2812_chr21__pair01__candidate__0/inputs/query.fa	2874	239fd57dc78dfa392601d14f344bbfd4e2b0e6f349ac90ac9576c77be5c6a175
g07_kcnq1ot1_5p_2812_chr21__pair01__candidate__0/inputs/target.fa	2025031	c7ceaecd1ddc49dd6020ae5d07cb46a8a4b0e49f70bb1e56ecf1ee01a5541351
g07_kcnq1ot1_5p_2812_chr21__pair01__candidate__0/output/chr21-ENST00000597346.1_0_2812-target-TFOsorted	208265	cc12b0786b4fd4f43f586afe4da90c65899f66e8ce53f8084f6f9e698dbebbb4
g07_kcnq1ot1_5p_2812_chr21__pair01__candidate__0/run-complete.json	470	4e2f5119f8aec5371c275bff86846d59b9edcb498fa24033166626e306f7981b
g07_kcnq1ot1_5p_2812_chr21__pair01__candidate__0/run-config.json	1848	520f2aafc48ac5ab1147354a44fdbb93436d88deaa379435e151e64ae77b8d55
g07_kcnq1ot1_5p_2812_chr21__pair01__candidate__0/stderr.log	112072	81660d553bf9ee52bb709ca8b25acd38ea0b9ae690a70284cb4dccb395a3f77a
g07_kcnq1ot1_5p_2812_chr21__pair01__candidate__0/stdout.log	99	70cc4ab888b274b6bab4aff5875cde429c6ca40ffedb6886eebc428bfab92822
g07_kcnq1ot1_5p_2812_chr21__pair01__candidate__0/summary.json	126367	842e02dd47b515131aa43381b075cb2dfe9348e86ab6043ada7f27dd533d19b3
g07_kcnq1ot1_5p_2812_chr21__pair01__candidate__0/time.txt	1640	6726034b47867b51a59948ee2baccf1d3d0fa5b42c676fdcedd75e5011372b2e
g07_kcnq1ot1_5p_2812_chr21__pair02__baseline__0/correctness.json	65	a278541fd198bfff0e1fbca1ef8e939bbc1f5b5432d8a6289fe649582d1a7f5e
g07_kcnq1ot1_5p_2812_chr21__pair02__baseline__0/environment.json	25043	ece160970427c71042991dedc1e082fc8c4dea48c9af18f957d5e9d534d0344b
g07_kcnq1ot1_5p_2812_chr21__pair02__baseline__0/execution.json	899	9413de1c0388a8f35390f92626bae597851495055c5754800e88b741860f5108
g07_kcnq1ot1_5p_2812_chr21__pair02__baseline__0/gpu-memory.csv	50925	d315453cb947ef1409defd131de2474f40f2fb096b633c3c0820d391e68bc8ed
g07_kcnq1ot1_5p_2812_chr21__pair02__baseline__0/inputs/query.fa	2874	239fd57dc78dfa392601d14f344bbfd4e2b0e6f349ac90ac9576c77be5c6a175
g07_kcnq1ot1_5p_2812_chr21__pair02__baseline__0/inputs/target.fa	2025031	c7ceaecd1ddc49dd6020ae5d07cb46a8a4b0e49f70bb1e56ecf1ee01a5541351
g07_kcnq1ot1_5p_2812_chr21__pair02__baseline__0/output/chr21-ENST00000597346.1_0_2812-target-TFOsorted	208264	538d2af5b3bb47e8b74f33f00462c6824bba73fd4b250f2658e1f6584f287ada
g07_kcnq1ot1_5p_2812_chr21__pair02__baseline__0/run-complete.json	469	77e181127aa77fc2d146fc7bc58c1f653ed41b2f76a28b52578404f131a00647
g07_kcnq1ot1_5p_2812_chr21__pair02__baseline__0/run-config.json	1845	a43c31a5adb755ca254b711719fb8c6ee75fbcaeed9e58fd541699523875c0c6
g07_kcnq1ot1_5p_2812_chr21__pair02__baseline__0/stderr.log	99004	106a5636c9c735f2ef854607cd2aff15453f095799a064f4b114e93081c40ded
g07_kcnq1ot1_5p_2812_chr21__pair02__baseline__0/stdout.log	99	5e42a5ba7dd7203734ad752bcbc9b7edc1c03b8aeb579d1f4052bf000596d955
g07_kcnq1ot1_5p_2812_chr21__pair02__baseline__0/summary.json	111410	38d5b647bc31e9254615c89334c29187bdd46577f627a0731d5a9850c56af9bc
g07_kcnq1ot1_5p_2812_chr21__pair02__baseline__0/time.txt	1419	f35d0cafe62a6a098bac0619a070b4759b05ab342953de850556caa2f0c3d7af
g07_kcnq1ot1_5p_2812_chr21__pair02__candidate__0/correctness.json	65	a278541fd198bfff0e1fbca1ef8e939bbc1f5b5432d8a6289fe649582d1a7f5e
g07_kcnq1ot1_5p_2812_chr21__pair02__candidate__0/environment.json	25043	aa53d699a7e66dfb74c5ece50c3ba6349cf607a8b138ce652008424625d3fd93
g07_kcnq1ot1_5p_2812_chr21__pair02__candidate__0/execution.json	1161	afa8aeeef1da215306479232e85ebe2aa4d081d5d8145f0afb5b38804f22f31a
g07_kcnq1ot1_5p_2812_chr21__pair02__candidate__0/gpu-memory.csv	2426	d05d0307da8a98fe2096e4dc968fd7a8dd2ced412a747b0ad27040f2171fbbac
g07_kcnq1ot1_5p_2812_chr21__pair02__candidate__0/inputs/query.fa	2874	239fd57dc78dfa392601d14f344bbfd4e2b0e6f349ac90ac9576c77be5c6a175
g07_kcnq1ot1_5p_2812_chr21__pair02__candidate__0/inputs/target.fa	2025031	c7ceaecd1ddc49dd6020ae5d07cb46a8a4b0e49f70bb1e56ecf1ee01a5541351
g07_kcnq1ot1_5p_2812_chr21__pair02__candidate__0/output/chr21-ENST00000597346.1_0_2812-target-TFOsorted	208265	cc12b0786b4fd4f43f586afe4da90c65899f66e8ce53f8084f6f9e698dbebbb4
g07_kcnq1ot1_5p_2812_chr21__pair02__candidate__0/run-complete.json	470	bfabc308c4d2e53603c90fd488d42abd7a961891bfb92f4fa302666100427f8f
g07_kcnq1ot1_5p_2812_chr21__pair02__candidate__0/run-config.json	1848	5f1f9ef4860ff012cfd66e9cec2fc37bb25ddf6aeec1e73061eec935060fe0eb
g07_kcnq1ot1_5p_2812_chr21__pair02__candidate__0/stderr.log	112068	165477bac4496c0532d27b4a47c5bbd36af53cd118a7f5e89b4d8bc57405c54d
g07_kcnq1ot1_5p_2812_chr21__pair02__candidate__0/stdout.log	99	899dbe935307853945506b2419dffd33ff92bb38421bf9373d38e6310bd99055
g07_kcnq1ot1_5p_2812_chr21__pair02__candidate__0/summary.json	126363	221796595608bdc64eb17e6aa9fe6c8ac3b83a0cb91fe8acddb844f00335c1f4
g07_kcnq1ot1_5p_2812_chr21__pair02__candidate__0/time.txt	1640	ed42fc31c81c578ef3f0200efc7bf0b160425d170ef02bdf351182b2e0b68eca
g07_kcnq1ot1_5p_2812_chr21__pair03__baseline__0/correctness.json	65	a278541fd198bfff0e1fbca1ef8e939bbc1f5b5432d8a6289fe649582d1a7f5e
g07_kcnq1ot1_5p_2812_chr21__pair03__baseline__0/environment.json	25043	fea81571c671014810ac2d0653e70b1b04c3487d20769b808a0a5f6c1ba18dae
g07_kcnq1ot1_5p_2812_chr21__pair03__baseline__0/execution.json	899	ff03e251c1723b2b8295b057df70ddcff04cfee3a165090ebaed1e0340ed0cb5
g07_kcnq1ot1_5p_2812_chr21__pair03__baseline__0/gpu-memory.csv	51063	ba50a7ff703c05168e9e46d3fb8c93dd8a0ea850951ec28d97208af145b17838
g07_kcnq1ot1_5p_2812_chr21__pair03__baseline__0/inputs/query.fa	2874	239fd57dc78dfa392601d14f344bbfd4e2b0e6f349ac90ac9576c77be5c6a175
g07_kcnq1ot1_5p_2812_chr21__pair03__baseline__0/inputs/target.fa	2025031	c7ceaecd1ddc49dd6020ae5d07cb46a8a4b0e49f70bb1e56ecf1ee01a5541351
g07_kcnq1ot1_5p_2812_chr21__pair03__baseline__0/output/chr21-ENST00000597346.1_0_2812-target-TFOsorted	208264	538d2af5b3bb47e8b74f33f00462c6824bba73fd4b250f2658e1f6584f287ada
g07_kcnq1ot1_5p_2812_chr21__pair03__baseline__0/run-complete.json	469	39b7248f8adc7ab27b844bf93676f145cc6853603f291ff04bc5b528d637c799
g07_kcnq1ot1_5p_2812_chr21__pair03__baseline__0/run-config.json	1845	a9085d65dc7cbd14d690a4a09d87f0cb1bcbd95f5056902052004cd95d22809e
g07_kcnq1ot1_5p_2812_chr21__pair03__baseline__0/stderr.log	99004	106a5636c9c735f2ef854607cd2aff15453f095799a064f4b114e93081c40ded
g07_kcnq1ot1_5p_2812_chr21__pair03__baseline__0/stdout.log	99	3098f9b1ceb3e38c78b12e3fad83c5e4d989b3973480907d0ef06d9d5a4dc80e
g07_kcnq1ot1_5p_2812_chr21__pair03__baseline__0/summary.json	111410	580371291fc72e41374218be5590047621164e95545c9686a26a5ee4c884d053
g07_kcnq1ot1_5p_2812_chr21__pair03__baseline__0/time.txt	1419	8eff7fad16e7f97fbd9a297f1bb6a2fe7f54bd029d649ce4769b2e333608fc1e
g07_kcnq1ot1_5p_2812_chr21__pair03__candidate__0/correctness.json	65	a278541fd198bfff0e1fbca1ef8e939bbc1f5b5432d8a6289fe649582d1a7f5e
g07_kcnq1ot1_5p_2812_chr21__pair03__candidate__0/environment.json	25043	0dcf82a7bc89df559cea5f19f61fa61fc057d66f4136176e8bbd986e1971395b
g07_kcnq1ot1_5p_2812_chr21__pair03__candidate__0/execution.json	1161	e507e46c6985ac94b64be201f435ae85e9c85309f44153310a68e584cf99b369
g07_kcnq1ot1_5p_2812_chr21__pair03__candidate__0/gpu-memory.csv	2425	6676191d1bd7771a16ac1c6b67d4529591956d972995c813457394f31fb99854
g07_kcnq1ot1_5p_2812_chr21__pair03__candidate__0/inputs/query.fa	2874	239fd57dc78dfa392601d14f344bbfd4e2b0e6f349ac90ac9576c77be5c6a175
g07_kcnq1ot1_5p_2812_chr21__pair03__candidate__0/inputs/target.fa	2025031	c7ceaecd1ddc49dd6020ae5d07cb46a8a4b0e49f70bb1e56ecf1ee01a5541351
g07_kcnq1ot1_5p_2812_chr21__pair03__candidate__0/output/chr21-ENST00000597346.1_0_2812-target-TFOsorted	208265	cc12b0786b4fd4f43f586afe4da90c65899f66e8ce53f8084f6f9e698dbebbb4
g07_kcnq1ot1_5p_2812_chr21__pair03__candidate__0/run-complete.json	470	3ec0248cb1d732033364a0e32149cbde72c1d08fb00f867d66848a29e717f45e
g07_kcnq1ot1_5p_2812_chr21__pair03__candidate__0/run-config.json	1848	c99c9b1c58b05c40fab7e6351896658a39116b902bd50522ec2d3064b0384ebe
g07_kcnq1ot1_5p_2812_chr21__pair03__candidate__0/stderr.log	112072	e30ce47c826f7a6a751e062f0af39af688bb98acc4c0aff5dd4885d175b3201f
g07_kcnq1ot1_5p_2812_chr21__pair03__candidate__0/stdout.log	99	61907dd91a1340b4efa171da6f3d7cf660369ca808cbb7e91ddac8bc1de063ab
g07_kcnq1ot1_5p_2812_chr21__pair03__candidate__0/summary.json	126367	3d27c0394ca81a0910961e21e9f21257438754690af8cc69b5659c97c07c93e9
g07_kcnq1ot1_5p_2812_chr21__pair03__candidate__0/time.txt	1640	1bf181600dc90a44e4e2907c57c440d69d6d16bcfc5b5eb580391cdc1c6b8f88
g07_kcnq1ot1_5p_2812_chr21__warmup__baseline__0/correctness.json	65	a278541fd198bfff0e1fbca1ef8e939bbc1f5b5432d8a6289fe649582d1a7f5e
g07_kcnq1ot1_5p_2812_chr21__warmup__baseline__0/environment.json	25043	a655cd212ccfd50cd988912063703cd4ededb0c662e5a4d0dce4f031c08cd4e6
g07_kcnq1ot1_5p_2812_chr21__warmup__baseline__0/execution.json	899	a37c24cc5f5409f10b51966671eff3b467dacf0769f8425a6cdb94867cb10262
g07_kcnq1ot1_5p_2812_chr21__warmup__baseline__0/gpu-memory.csv	50511	b9561d4c0574eb43af076d8355d220cdb2dfcfb094d001cd5e558b69120e42ce
g07_kcnq1ot1_5p_2812_chr21__warmup__baseline__0/inputs/query.fa	2874	239fd57dc78dfa392601d14f344bbfd4e2b0e6f349ac90ac9576c77be5c6a175
g07_kcnq1ot1_5p_2812_chr21__warmup__baseline__0/inputs/target.fa	2025031	c7ceaecd1ddc49dd6020ae5d07cb46a8a4b0e49f70bb1e56ecf1ee01a5541351
g07_kcnq1ot1_5p_2812_chr21__warmup__baseline__0/output/chr21-ENST00000597346.1_0_2812-target-TFOsorted	208264	538d2af5b3bb47e8b74f33f00462c6824bba73fd4b250f2658e1f6584f287ada
g07_kcnq1ot1_5p_2812_chr21__warmup__baseline__0/run-complete.json	469	b06fdf030c89faedbf8270b8324ec1ffa8f69f46477846ef6b4da194a7b73a97
g07_kcnq1ot1_5p_2812_chr21__warmup__baseline__0/run-config.json	1844	08db4b40de80e919dab8431b15c2f8a9a843b5b215567083fb6f50c49176fd30
g07_kcnq1ot1_5p_2812_chr21__warmup__baseline__0/stderr.log	99004	106a5636c9c735f2ef854607cd2aff15453f095799a064f4b114e93081c40ded
g07_kcnq1ot1_5p_2812_chr21__warmup__baseline__0/stdout.log	99	44c85869827a4ce7d6dc0f6869d9af37f080358bb0a357543ab843187a47277f
g07_kcnq1ot1_5p_2812_chr21__warmup__baseline__0/summary.json	111410	cbab91890fab2bf9187182b62956b5056eb484dc0c8ef799f0e7487e8d31a086
g07_kcnq1ot1_5p_2812_chr21__warmup__baseline__0/time.txt	1419	03be4f48035daf3a0a705f09e7a34f7d92a1c8f7915f60926fdc594303437c7c
g07_kcnq1ot1_5p_2812_chr21__warmup__candidate__0/correctness.json	65	a278541fd198bfff0e1fbca1ef8e939bbc1f5b5432d8a6289fe649582d1a7f5e
g07_kcnq1ot1_5p_2812_chr21__warmup__candidate__0/environment.json	25043	5ecac2d16b22907c4dd34f0e9efae2346f44788c99e6caea9e6cf4370fd001a9
g07_kcnq1ot1_5p_2812_chr21__warmup__candidate__0/execution.json	1162	f0c41695e1a5f04d80cfd42585c18bf772eba7d74c281bd5084f1e3004e22c5e
g07_kcnq1ot1_5p_2812_chr21__warmup__candidate__0/gpu-memory.csv	2426	226954c9981c7d92e2a6c68dab0774a7e5f9a9d2700a81816b15a53c6207637f
g07_kcnq1ot1_5p_2812_chr21__warmup__candidate__0/inputs/query.fa	2874	239fd57dc78dfa392601d14f344bbfd4e2b0e6f349ac90ac9576c77be5c6a175
g07_kcnq1ot1_5p_2812_chr21__warmup__candidate__0/inputs/target.fa	2025031	c7ceaecd1ddc49dd6020ae5d07cb46a8a4b0e49f70bb1e56ecf1ee01a5541351
g07_kcnq1ot1_5p_2812_chr21__warmup__candidate__0/output/chr21-ENST00000597346.1_0_2812-target-TFOsorted	208265	cc12b0786b4fd4f43f586afe4da90c65899f66e8ce53f8084f6f9e698dbebbb4
g07_kcnq1ot1_5p_2812_chr21__warmup__candidate__0/run-complete.json	470	f3d91ec1b902bdbd1b7f79ddb747f17c79e3b764ab36243e01c48ceeb529e64a
g07_kcnq1ot1_5p_2812_chr21__warmup__candidate__0/run-config.json	1847	0e5c27a76c890314b67a66e61f259d2428575108b50b45a8a3357dc4cbcc820e
g07_kcnq1ot1_5p_2812_chr21__warmup__candidate__0/stderr.log	112073	5320ad07292bd70073d64461804c1c1cc5fbd8db04599283ad0836cf17ba5dbf
g07_kcnq1ot1_5p_2812_chr21__warmup__candidate__0/stdout.log	99	9757c363911bd5189f4c9d1300f90eb4b9b000be2b063bff73afefbe129c7c09
g07_kcnq1ot1_5p_2812_chr21__warmup__candidate__0/summary.json	126369	df555dc361b7afec19c99efe4e1c6dfeb6f0d61d244f282bd693363e53d1854a
g07_kcnq1ot1_5p_2812_chr21__warmup__candidate__0/time.txt	1640	d0f45f4a7aef9687a24258617700faa075ef8885b6bcc7a2e5c5002ac8716b7f
g08_kcnq1ot1_mid_1024_chr22__pair01__baseline__0/correctness.json	65	a278541fd198bfff0e1fbca1ef8e939bbc1f5b5432d8a6289fe649582d1a7f5e
g08_kcnq1ot1_mid_1024_chr22__pair01__baseline__0/environment.json	25043	bbb9306cb05f635aefaefceab5d17d8ad8026a05413ddd5021d2c37b1035bfc9
g08_kcnq1ot1_mid_1024_chr22__pair01__baseline__0/execution.json	901	f995905c88480e2c26645cc97bd60bd00fd9001b8bd415914aa7ac885e01680a
g08_kcnq1ot1_mid_1024_chr22__pair01__baseline__0/gpu-memory.csv	23187	67b44d4972913121609067ae89d9984adf2371627c9037d52f1b5df8849acf01
g08_kcnq1ot1_mid_1024_chr22__pair01__baseline__0/inputs/query.fa	1068	9d4ffbcb7da03f569c5b08b2029e146dc036ee63b3f973810c18b12cd85c62e0
g08_kcnq1ot1_mid_1024_chr22__pair01__baseline__0/inputs/target.fa	2025031	d015b3099e682e4d70df1439a9c5cc71a67af0af36adc96f31e46c1e71b1fcf7
g08_kcnq1ot1_mid_1024_chr22__pair01__baseline__0/output/chr22-ENST00000597346.1_45321_46345-target-TFOsorted	735201	ac2ff5ad6e5a0837855873c336939f947dcb164096e64b887498eb1f95c6f4ad
g08_kcnq1ot1_mid_1024_chr22__pair01__baseline__0/run-complete.json	470	700e29f3c5901183ffbc64ab475fc3deafd9c9d3e1dc856c9c32d3c08c4bbc13
g08_kcnq1ot1_mid_1024_chr22__pair01__baseline__0/run-config.json	1855	f603f4667b2b0d71a6c0a70c33902f9be770a5e3d30a7be87768d767126b3c26
g08_kcnq1ot1_mid_1024_chr22__pair01__baseline__0/stderr.log	99004	afb82b73b58ccf403f9ec0a00940767856f69c3e049da1d5d22ae843a9ec15bc
g08_kcnq1ot1_mid_1024_chr22__pair01__baseline__0/stdout.log	103	8ee4424e06be919b01ae6de73076e25c0e564a2767b8e2c137a02c7a0ee9c178
g08_kcnq1ot1_mid_1024_chr22__pair01__baseline__0/summary.json	111414	82790c035b52d5aa0b2a6d0606c29c66c704d22b2fa2f35f449544fe4460a399
g08_kcnq1ot1_mid_1024_chr22__pair01__baseline__0/time.txt	1422	d9c419a2664a542cd8bfff85bbda15f938f23d346926bd071ba90eb92c70802c
g08_kcnq1ot1_mid_1024_chr22__pair01__candidate__0/correctness.json	65	a278541fd198bfff0e1fbca1ef8e939bbc1f5b5432d8a6289fe649582d1a7f5e
g08_kcnq1ot1_mid_1024_chr22__pair01__candidate__0/environment.json	25043	99e6d6b48645c152f7e090dd325c64589d09aa2b06666488a5d819a6193cb94b
g08_kcnq1ot1_mid_1024_chr22__pair01__candidate__0/execution.json	1164	428ba4165b63ef52c7fdc6e222db8f23189401c68ed0eadc7d24b6ddc12a143f
g08_kcnq1ot1_mid_1024_chr22__pair01__candidate__0/gpu-memory.csv	1836	06898b7e942838603a1c30b1396729b05a59335af45650657961a479ee902807
g08_kcnq1ot1_mid_1024_chr22__pair01__candidate__0/inputs/query.fa	1068	9d4ffbcb7da03f569c5b08b2029e146dc036ee63b3f973810c18b12cd85c62e0
g08_kcnq1ot1_mid_1024_chr22__pair01__candidate__0/inputs/target.fa	2025031	d015b3099e682e4d70df1439a9c5cc71a67af0af36adc96f31e46c1e71b1fcf7
g08_kcnq1ot1_mid_1024_chr22__pair01__candidate__0/output/chr22-ENST00000597346.1_45321_46345-target-TFOsorted	733695	9b7f6588d9181e63d610f30ad448eb18129009c979550398639d0407f25ca24e
g08_kcnq1ot1_mid_1024_chr22__pair01__candidate__0/run-complete.json	471	dcd757661a9f5d804a951c8ab016255518e53a81fc2f514c1c63759300535aad
g08_kcnq1ot1_mid_1024_chr22__pair01__candidate__0/run-config.json	1858	72ae3befecb3db2a53629f345b6f740666e8ab70a45a81f8e49bd254341b0bb0
g08_kcnq1ot1_mid_1024_chr22__pair01__candidate__0/stderr.log	112076	da23ceea860c78b97eb98430158a802267878349a47ee2c25eb725a89e9c00ca
g08_kcnq1ot1_mid_1024_chr22__pair01__candidate__0/stdout.log	104	09f8215a573b14ef8a54573c6cc0d239af6f1287a278b571609e73a00fe5dd5b
g08_kcnq1ot1_mid_1024_chr22__pair01__candidate__0/summary.json	126373	0a1e902df6bfa3b48b2496338ebda999215e1edd8030cb07e70406257824bfe3
g08_kcnq1ot1_mid_1024_chr22__pair01__candidate__0/time.txt	1644	4adba0205068def5a48d73fe2b958a70cd2f17a1371b3130c2a398deff970044
g08_kcnq1ot1_mid_1024_chr22__pair02__baseline__0/correctness.json	65	a278541fd198bfff0e1fbca1ef8e939bbc1f5b5432d8a6289fe649582d1a7f5e
g08_kcnq1ot1_mid_1024_chr22__pair02__baseline__0/environment.json	25043	a55d1b6b5a2d1dbb5b71ebd361421aa11496331fabe3f9d434f0e63fc9a217d2
g08_kcnq1ot1_mid_1024_chr22__pair02__baseline__0/execution.json	902	4521cc4f50f221aecdea9d1cf829a512d455c55f63ac02347dfd7eb7e347d2a0
g08_kcnq1ot1_mid_1024_chr22__pair02__baseline__0/gpu-memory.csv	23187	0f5b4ef01e532132ca601dbb9e685db971926e19c136518ef1a00dd4a65c4581
g08_kcnq1ot1_mid_1024_chr22__pair02__baseline__0/inputs/query.fa	1068	9d4ffbcb7da03f569c5b08b2029e146dc036ee63b3f973810c18b12cd85c62e0
g08_kcnq1ot1_mid_1024_chr22__pair02__baseline__0/inputs/target.fa	2025031	d015b3099e682e4d70df1439a9c5cc71a67af0af36adc96f31e46c1e71b1fcf7
g08_kcnq1ot1_mid_1024_chr22__pair02__baseline__0/output/chr22-ENST00000597346.1_45321_46345-target-TFOsorted	735201	ac2ff5ad6e5a0837855873c336939f947dcb164096e64b887498eb1f95c6f4ad
g08_kcnq1ot1_mid_1024_chr22__pair02__baseline__0/run-complete.json	470	e34d655088e349342c8d5df4e0c1830ac8d4d0c9d9e3393ff4eef3ed37e34ee0
g08_kcnq1ot1_mid_1024_chr22__pair02__baseline__0/run-config.json	1855	e7fa2f65ad9592f3d9a405e4bca6a6270ac8039d3b1c44eadc9ea65bbe6d0a81
g08_kcnq1ot1_mid_1024_chr22__pair02__baseline__0/stderr.log	99004	afb82b73b58ccf403f9ec0a00940767856f69c3e049da1d5d22ae843a9ec15bc
g08_kcnq1ot1_mid_1024_chr22__pair02__baseline__0/stdout.log	104	f84986f9161aaa498b33aa9a1ed1d5c5dd2764794fe6468c2947a9e585d0a44e
g08_kcnq1ot1_mid_1024_chr22__pair02__baseline__0/summary.json	111415	254896420c8e180cbd612218fa64046e5b518021cb6ed259bb3602b9d674abfc
g08_kcnq1ot1_mid_1024_chr22__pair02__baseline__0/time.txt	1422	b23bbacaa33ecedeadc17cbe9709bee0a1f0cf98eb13ef813671231bf4e0d6aa
g08_kcnq1ot1_mid_1024_chr22__pair02__candidate__0/correctness.json	65	a278541fd198bfff0e1fbca1ef8e939bbc1f5b5432d8a6289fe649582d1a7f5e
g08_kcnq1ot1_mid_1024_chr22__pair02__candidate__0/environment.json	25043	4dae5ec32317ea7a0473f4ea6884f6e3a6fdb35e562f994d98aa262873187132
g08_kcnq1ot1_mid_1024_chr22__pair02__candidate__0/execution.json	1165	c87258b9ae5369589afe90fe34896ddb2d856c6819da4e11a2824e68cb3f97e8
g08_kcnq1ot1_mid_1024_chr22__pair02__candidate__0/gpu-memory.csv	1833	376b6fe833b0e80090dd3a06c76f07b2be742b07a5e1a0a1fd7214ff57e6e2ce
g08_kcnq1ot1_mid_1024_chr22__pair02__candidate__0/inputs/query.fa	1068	9d4ffbcb7da03f569c5b08b2029e146dc036ee63b3f973810c18b12cd85c62e0
g08_kcnq1ot1_mid_1024_chr22__pair02__candidate__0/inputs/target.fa	2025031	d015b3099e682e4d70df1439a9c5cc71a67af0af36adc96f31e46c1e71b1fcf7
g08_kcnq1ot1_mid_1024_chr22__pair02__candidate__0/output/chr22-ENST00000597346.1_45321_46345-target-TFOsorted	733695	9b7f6588d9181e63d610f30ad448eb18129009c979550398639d0407f25ca24e
g08_kcnq1ot1_mid_1024_chr22__pair02__candidate__0/run-complete.json	471	fd652beea00f699f6bb296ee356b808a0501366b8cb214e4719981084e6db354
g08_kcnq1ot1_mid_1024_chr22__pair02__candidate__0/run-config.json	1858	06a54cb6de4cad1177791737916295bf5dbcda17d230964ae28ee3c3160c5540
g08_kcnq1ot1_mid_1024_chr22__pair02__candidate__0/stderr.log	112076	d5a894624f633c203dd1d6430150af72baecf742f97ee898de0417ad0521d296
g08_kcnq1ot1_mid_1024_chr22__pair02__candidate__0/stdout.log	104	21a2fb4b8dc018bcddb0e117f9edf856b42a763e49046159cce2179868bf41ba
g08_kcnq1ot1_mid_1024_chr22__pair02__candidate__0/summary.json	126375	35f142ec1111ef98fddc8a98b71b9e44ee7db1b67dbe10e0f4753593e0b9cc40
g08_kcnq1ot1_mid_1024_chr22__pair02__candidate__0/time.txt	1644	29db975c3963f1315c3d98707ada99f4bc4a8a735530167ec8ecfa55ed84fda0
g08_kcnq1ot1_mid_1024_chr22__pair03__baseline__0/correctness.json	65	a278541fd198bfff0e1fbca1ef8e939bbc1f5b5432d8a6289fe649582d1a7f5e
g08_kcnq1ot1_mid_1024_chr22__pair03__baseline__0/environment.json	25043	c5647b09dfb767a3ec4f0fbdf571a8442be31c0877f7cac601c64a7e4ff03af4
g08_kcnq1ot1_mid_1024_chr22__pair03__baseline__0/execution.json	901	1641c41c474f60ad256d9f9282a5909990f1b978d56b2dcbf49bce56cebb6d3c
g08_kcnq1ot1_mid_1024_chr22__pair03__baseline__0/gpu-memory.csv	23049	cef869b82eec29260db6f4054f6a3df8b0104dd40e9b1337f4f85c4d01dbe2fa
g08_kcnq1ot1_mid_1024_chr22__pair03__baseline__0/inputs/query.fa	1068	9d4ffbcb7da03f569c5b08b2029e146dc036ee63b3f973810c18b12cd85c62e0
g08_kcnq1ot1_mid_1024_chr22__pair03__baseline__0/inputs/target.fa	2025031	d015b3099e682e4d70df1439a9c5cc71a67af0af36adc96f31e46c1e71b1fcf7
g08_kcnq1ot1_mid_1024_chr22__pair03__baseline__0/output/chr22-ENST00000597346.1_45321_46345-target-TFOsorted	735201	ac2ff5ad6e5a0837855873c336939f947dcb164096e64b887498eb1f95c6f4ad
g08_kcnq1ot1_mid_1024_chr22__pair03__baseline__0/run-complete.json	470	f6d8719fccace736a02e5232595d0307d12bf2b2d92fcbeac3d5a7bd04c19510
g08_kcnq1ot1_mid_1024_chr22__pair03__baseline__0/run-config.json	1855	16a9cd989d2e30979403562683b92ca9a07213b91d82ecf2c0305bd4cfa314f4
g08_kcnq1ot1_mid_1024_chr22__pair03__baseline__0/stderr.log	99004	afb82b73b58ccf403f9ec0a00940767856f69c3e049da1d5d22ae843a9ec15bc
g08_kcnq1ot1_mid_1024_chr22__pair03__baseline__0/stdout.log	104	640a97c24ca1c7ffba9b2fb8c38ccd301998a67337d975906d69c38860b5856f
g08_kcnq1ot1_mid_1024_chr22__pair03__baseline__0/summary.json	111414	0a630a6fa0b182e7bd29bca0840fa832e337a6f5eb3fd9cf8480d1bb2d9a2e0e
g08_kcnq1ot1_mid_1024_chr22__pair03__baseline__0/time.txt	1422	156fb526ea12fc09e55b9b1bb82aa09c7194e1c39d2a976d88ac8ce49f3cc366
g08_kcnq1ot1_mid_1024_chr22__pair03__candidate__0/correctness.json	65	a278541fd198bfff0e1fbca1ef8e939bbc1f5b5432d8a6289fe649582d1a7f5e
g08_kcnq1ot1_mid_1024_chr22__pair03__candidate__0/environment.json	25043	b3e4be466d224dc53ab2279c18d286f22248769353cb7ba1304dc62b32f17d8c
g08_kcnq1ot1_mid_1024_chr22__pair03__candidate__0/execution.json	1164	fa229d2122a6c2a6be2aac93875a77bdb4cc804f3fabfdd7d811a9c890e8b18f
g08_kcnq1ot1_mid_1024_chr22__pair03__candidate__0/gpu-memory.csv	1838	fe9b59d6b444fc8bd8e173c63b2013c6439ecaa741f47d2cec96d37b8dcd896e
g08_kcnq1ot1_mid_1024_chr22__pair03__candidate__0/inputs/query.fa	1068	9d4ffbcb7da03f569c5b08b2029e146dc036ee63b3f973810c18b12cd85c62e0
g08_kcnq1ot1_mid_1024_chr22__pair03__candidate__0/inputs/target.fa	2025031	d015b3099e682e4d70df1439a9c5cc71a67af0af36adc96f31e46c1e71b1fcf7
g08_kcnq1ot1_mid_1024_chr22__pair03__candidate__0/output/chr22-ENST00000597346.1_45321_46345-target-TFOsorted	733695	9b7f6588d9181e63d610f30ad448eb18129009c979550398639d0407f25ca24e
g08_kcnq1ot1_mid_1024_chr22__pair03__candidate__0/run-complete.json	471	6c962ae8be87f8ab8bc5b6d1ee06e64c45d969a219305d1d45aacc9ae564ac19
g08_kcnq1ot1_mid_1024_chr22__pair03__candidate__0/run-config.json	1858	741ede5da05628f7811b2b3354d0023daca2e2977a1985c5a524c4d5ad3017c9
g08_kcnq1ot1_mid_1024_chr22__pair03__candidate__0/stderr.log	112073	bf2fe9875530c100521c91526a92a3df0e362714dfebb6621078412a58c9f04e
g08_kcnq1ot1_mid_1024_chr22__pair03__candidate__0/stdout.log	104	c05d87bd195f4a05b74bf02cb954b17e934a7fa570a54ca1446cb2c48c2f1521
g08_kcnq1ot1_mid_1024_chr22__pair03__candidate__0/summary.json	126371	7f05d714ce48d6a564f73deeea0634661972a7f849457b94148c17b2b40fc1f0
g08_kcnq1ot1_mid_1024_chr22__pair03__candidate__0/time.txt	1644	c2ca46c956561f6fb91d66479f34a132d8eff9a0ec91fa0a54336abd5a202a78
g08_kcnq1ot1_mid_1024_chr22__warmup__baseline__0/correctness.json	65	a278541fd198bfff0e1fbca1ef8e939bbc1f5b5432d8a6289fe649582d1a7f5e
g08_kcnq1ot1_mid_1024_chr22__warmup__baseline__0/environment.json	25043	ae84bb204bfeab81ecc4909886d785a063119f62f4e4f94ef2ea62ac8a98d8dc
g08_kcnq1ot1_mid_1024_chr22__warmup__baseline__0/execution.json	901	85353a2eaa0abb455ee40b284d7dc17dcdaed85a91f6c85a1710df66cf35fbb0
g08_kcnq1ot1_mid_1024_chr22__warmup__baseline__0/gpu-memory.csv	23325	3b49bc8d84ec8c7261ebe3bf559bddaad8898c6b761f58c3d2e00af1aa8b80b1
g08_kcnq1ot1_mid_1024_chr22__warmup__baseline__0/inputs/query.fa	1068	9d4ffbcb7da03f569c5b08b2029e146dc036ee63b3f973810c18b12cd85c62e0
g08_kcnq1ot1_mid_1024_chr22__warmup__baseline__0/inputs/target.fa	2025031	d015b3099e682e4d70df1439a9c5cc71a67af0af36adc96f31e46c1e71b1fcf7
g08_kcnq1ot1_mid_1024_chr22__warmup__baseline__0/output/chr22-ENST00000597346.1_45321_46345-target-TFOsorted	735201	ac2ff5ad6e5a0837855873c336939f947dcb164096e64b887498eb1f95c6f4ad
g08_kcnq1ot1_mid_1024_chr22__warmup__baseline__0/run-complete.json	470	e60b9a7a37043ad1f53b42b180e92884e6fe40d0fc27d9a7aede1bd444072a6d
g08_kcnq1ot1_mid_1024_chr22__warmup__baseline__0/run-config.json	1854	abd026f7384f14b143c83f3d7cffb0050879b5c49e2f707eeed544f06c66ee57
g08_kcnq1ot1_mid_1024_chr22__warmup__baseline__0/stderr.log	99004	afb82b73b58ccf403f9ec0a00940767856f69c3e049da1d5d22ae843a9ec15bc
g08_kcnq1ot1_mid_1024_chr22__warmup__baseline__0/stdout.log	104	ddfe9c068d10c4f633c9453c328e1768034986a530ab8cd28f1bdd031760cf34
g08_kcnq1ot1_mid_1024_chr22__warmup__baseline__0/summary.json	111414	bb961fa2a3c09d9dbed7c36075e7fe2cf06f9e42eafa1ecf4d6581043a6cdb7e
g08_kcnq1ot1_mid_1024_chr22__warmup__baseline__0/time.txt	1422	b3743633b73e4aec3548de0d56d928b8b3946f1d84e43194466d1e777427997f
g08_kcnq1ot1_mid_1024_chr22__warmup__candidate__0/correctness.json	65	a278541fd198bfff0e1fbca1ef8e939bbc1f5b5432d8a6289fe649582d1a7f5e
g08_kcnq1ot1_mid_1024_chr22__warmup__candidate__0/environment.json	25043	cd06a2ae69de5dc670104db647b36e9199b1ce852ae33bc93d4620526d588635
g08_kcnq1ot1_mid_1024_chr22__warmup__candidate__0/execution.json	1164	30b4dfb641f78b62aa00b8bdb23d8681924623a8885c191313179382e85a9576
g08_kcnq1ot1_mid_1024_chr22__warmup__candidate__0/gpu-memory.csv	1834	21240c16c73554d9b2c932d0835371351c8462b6c95257ec413380f61a7be370
g08_kcnq1ot1_mid_1024_chr22__warmup__candidate__0/inputs/query.fa	1068	9d4ffbcb7da03f569c5b08b2029e146dc036ee63b3f973810c18b12cd85c62e0
g08_kcnq1ot1_mid_1024_chr22__warmup__candidate__0/inputs/target.fa	2025031	d015b3099e682e4d70df1439a9c5cc71a67af0af36adc96f31e46c1e71b1fcf7
g08_kcnq1ot1_mid_1024_chr22__warmup__candidate__0/output/chr22-ENST00000597346.1_45321_46345-target-TFOsorted	733695	9b7f6588d9181e63d610f30ad448eb18129009c979550398639d0407f25ca24e
g08_kcnq1ot1_mid_1024_chr22__warmup__candidate__0/run-complete.json	471	9b560f645b4e6c1357ef7d53ecf966396906be17da50f384930a416825e92653
g08_kcnq1ot1_mid_1024_chr22__warmup__candidate__0/run-config.json	1857	5d2cf17ddd36568be88f087fab4a73564f394308ab6d903eae67646defc617e7
g08_kcnq1ot1_mid_1024_chr22__warmup__candidate__0/stderr.log	112074	8d19351f47e4a7f90877cb97526efa4d518922fb57a7902f3c1fa664ee6fed84
g08_kcnq1ot1_mid_1024_chr22__warmup__candidate__0/stdout.log	102	8872f0702a908973a287f29f610f0490c0140134d3b2408e5a2fb71eaa647c21
g08_kcnq1ot1_mid_1024_chr22__warmup__candidate__0/summary.json	126372	21eeec62fa5d0f59774c3165c19106b119080d016ed9651b2a45e67a9577e24e
g08_kcnq1ot1_mid_1024_chr22__warmup__candidate__0/time.txt	1644	aae87ce8f7593ee8aa5823d946181541db1f426afb12e53e62314e6f5ada70b6
g09_kcnq1ot1_3p_2048_chr11__pair01__baseline__0/correctness.json	65	a278541fd198bfff0e1fbca1ef8e939bbc1f5b5432d8a6289fe649582d1a7f5e
g09_kcnq1ot1_3p_2048_chr11__pair01__baseline__0/environment.json	25043	c0a4597c3a7c3f34a1ed67dc3729e2ec0326052b1d7f4b624b98aaa49ae1ba8f
g09_kcnq1ot1_3p_2048_chr11__pair01__baseline__0/execution.json	898	4953c3b0409b5026faabf4f1549a623ad4af77c97cb3209f3068c2feb5b768de
g09_kcnq1ot1_3p_2048_chr11__pair01__baseline__0/gpu-memory.csv	31881	ad8d941f0da4e45e0551903cd77fe37dca85812772ec37306fc83837e1ee0efc
g09_kcnq1ot1_3p_2048_chr11__pair01__baseline__0/inputs/query.fa	2105	5565c66b877bd7a1e8935ebde286ebbbd2370bc218e380c6bf19b909d1fcdddc
g09_kcnq1ot1_3p_2048_chr11__pair01__baseline__0/inputs/target.fa	2025031	d6c66bdad5c631c9057f18fe2b33b146038bdb5681c9e1dba451d3eee3a09449
g09_kcnq1ot1_3p_2048_chr11__pair01__baseline__0/output/chr11-ENST00000597346.1_89619_91667-target-TFOsorted	744960	0887ac8c3653ce29f0958fb4c1275a702e8520d146648c942cb4dfb9a9c21ccf
g09_kcnq1ot1_3p_2048_chr11__pair01__baseline__0/run-complete.json	469	123872a5c95815ea591962e4339c17dde59b4e746f92a2a477ecf286ddf4c638
g09_kcnq1ot1_3p_2048_chr11__pair01__baseline__0/run-config.json	1850	6a8d06c81085a65122f69c058b297c6c23491807a365a85177e88eccc0d986eb
g09_kcnq1ot1_3p_2048_chr11__pair01__baseline__0/stderr.log	99004	21fb4911d5e5c1646f9c79ba123c9dee80e9a3e2fb2963d4a57024e5f20b1a81
g09_kcnq1ot1_3p_2048_chr11__pair01__baseline__0/stdout.log	104	7bf854ab31d951257f34e2e96abffdb6dc1bfc4ba312c760646f2e11233697aa
g09_kcnq1ot1_3p_2048_chr11__pair01__baseline__0/summary.json	111409	55f4979675bdd703bad01f290ee590b7d1d10fe22a92aa19959a6740da766b2c
g09_kcnq1ot1_3p_2048_chr11__pair01__baseline__0/time.txt	1419	67827b96b593f61fe334416a2b080c4c7fb61e085e7263f4ded5083e7ce6e90f
g09_kcnq1ot1_3p_2048_chr11__pair01__candidate__0/correctness.json	65	a278541fd198bfff0e1fbca1ef8e939bbc1f5b5432d8a6289fe649582d1a7f5e
g09_kcnq1ot1_3p_2048_chr11__pair01__candidate__0/environment.json	25043	cf6568cf1bd27ebed1103c6b69dce55eac9cbfea1c57ec8dcf4883247d30fef8
g09_kcnq1ot1_3p_2048_chr11__pair01__candidate__0/execution.json	1161	4a877b68f8069be9fc7846c331be927f2ac62438f850fa8b590d064039a6f497
g09_kcnq1ot1_3p_2048_chr11__pair01__candidate__0/gpu-memory.csv	1709	bacf9ca7808331f0dc0f104670eca3e9edccfd6cda40a6dd5233109f10212f10
g09_kcnq1ot1_3p_2048_chr11__pair01__candidate__0/inputs/query.fa	2105	5565c66b877bd7a1e8935ebde286ebbbd2370bc218e380c6bf19b909d1fcdddc
g09_kcnq1ot1_3p_2048_chr11__pair01__candidate__0/inputs/target.fa	2025031	d6c66bdad5c631c9057f18fe2b33b146038bdb5681c9e1dba451d3eee3a09449
g09_kcnq1ot1_3p_2048_chr11__pair01__candidate__0/output/chr11-ENST00000597346.1_89619_91667-target-TFOsorted	746800	65a746f5ee2045bc7702678f425c18e7549f9324e06a476b5a8788706f6c83d6
g09_kcnq1ot1_3p_2048_chr11__pair01__candidate__0/run-complete.json	470	f419cec0520f05d64ee4e1114bb14c056157ed5888a51c82a782cb25867c6414
g09_kcnq1ot1_3p_2048_chr11__pair01__candidate__0/run-config.json	1853	9fae32bd26cd8464ffe4d10783cb4952f9a04184a88cb8817985a8d0af2ba92f
g09_kcnq1ot1_3p_2048_chr11__pair01__candidate__0/stderr.log	112065	46d813033b7d0202ac70c51bdad060780640b1ebc013ec028a16a3d0e0d9642b
g09_kcnq1ot1_3p_2048_chr11__pair01__candidate__0/stdout.log	104	e45643efd381f5a75391cbb2111fa79fddda2903f3a19934cf895c1aea888526
g09_kcnq1ot1_3p_2048_chr11__pair01__candidate__0/summary.json	126360	3b8a7aa82a652f0cfaace9a65ae43ae1dfc23a81b30af5b0eed1dbefe0db275f
g09_kcnq1ot1_3p_2048_chr11__pair01__candidate__0/time.txt	1641	0e0b91a81a0523cbd73fdbbaabe0e6b4ec3aa02201b493f7df70defc78578cde
g09_kcnq1ot1_3p_2048_chr11__pair02__baseline__0/correctness.json	65	a278541fd198bfff0e1fbca1ef8e939bbc1f5b5432d8a6289fe649582d1a7f5e
g09_kcnq1ot1_3p_2048_chr11__pair02__baseline__0/environment.json	25043	7d82fe590025d4d33b080eb3cb959462f79ad93624c72536df88e0f6804d57b4
g09_kcnq1ot1_3p_2048_chr11__pair02__baseline__0/execution.json	898	00affc23594a24ba247bf1ef15c9e73a578f241b6a9ed2ec59f5f789c9478051
g09_kcnq1ot1_3p_2048_chr11__pair02__baseline__0/gpu-memory.csv	32019	79fc26ad56a5e393a5e88ee2023b36a2dc0c5b5be6fbf1851d80d15024d13aef
g09_kcnq1ot1_3p_2048_chr11__pair02__baseline__0/inputs/query.fa	2105	5565c66b877bd7a1e8935ebde286ebbbd2370bc218e380c6bf19b909d1fcdddc
g09_kcnq1ot1_3p_2048_chr11__pair02__baseline__0/inputs/target.fa	2025031	d6c66bdad5c631c9057f18fe2b33b146038bdb5681c9e1dba451d3eee3a09449
g09_kcnq1ot1_3p_2048_chr11__pair02__baseline__0/output/chr11-ENST00000597346.1_89619_91667-target-TFOsorted	744960	0887ac8c3653ce29f0958fb4c1275a702e8520d146648c942cb4dfb9a9c21ccf
g09_kcnq1ot1_3p_2048_chr11__pair02__baseline__0/run-complete.json	469	ad54759f52bf1d105071ff7e10ab695bf6608b27669e1e856c18750dfb7fc847
g09_kcnq1ot1_3p_2048_chr11__pair02__baseline__0/run-config.json	1850	eb539e16d069d2c77e92fdd583ed4d3103bbda295cc76ba0ad6fd2eb6e255e14
g09_kcnq1ot1_3p_2048_chr11__pair02__baseline__0/stderr.log	99004	21fb4911d5e5c1646f9c79ba123c9dee80e9a3e2fb2963d4a57024e5f20b1a81
g09_kcnq1ot1_3p_2048_chr11__pair02__baseline__0/stdout.log	104	09fb7eaf71d9a199f333535a529929e8f2228eb59f652c1251deead1cc006656
g09_kcnq1ot1_3p_2048_chr11__pair02__baseline__0/summary.json	111408	17e506daf94ac5e9b3ec2c0a0cb5d627de29eeb381bb80a7853e38f36a585c32
g09_kcnq1ot1_3p_2048_chr11__pair02__baseline__0/time.txt	1419	6576aeca3b249d0c25dfa6d0da843dbab149e090df99a31945a8099a2512de9a
g09_kcnq1ot1_3p_2048_chr11__pair02__candidate__0/correctness.json	65	a278541fd198bfff0e1fbca1ef8e939bbc1f5b5432d8a6289fe649582d1a7f5e
g09_kcnq1ot1_3p_2048_chr11__pair02__candidate__0/environment.json	25043	ebf11b93525741f481e6409738cf3040afc0280df41b9d7428219eb334ddcc30
g09_kcnq1ot1_3p_2048_chr11__pair02__candidate__0/execution.json	1162	e98c74ecfbf3e6ef54cbcbd9df70fa6b34cbd35970560d1a85a99f0635186d2d
g09_kcnq1ot1_3p_2048_chr11__pair02__candidate__0/gpu-memory.csv	1709	34f51de2e084b28c3797d6067539e249497c53a5c1e6f395da39ea5a7dac1511
g09_kcnq1ot1_3p_2048_chr11__pair02__candidate__0/inputs/query.fa	2105	5565c66b877bd7a1e8935ebde286ebbbd2370bc218e380c6bf19b909d1fcdddc
g09_kcnq1ot1_3p_2048_chr11__pair02__candidate__0/inputs/target.fa	2025031	d6c66bdad5c631c9057f18fe2b33b146038bdb5681c9e1dba451d3eee3a09449
g09_kcnq1ot1_3p_2048_chr11__pair02__candidate__0/output/chr11-ENST00000597346.1_89619_91667-target-TFOsorted	746800	65a746f5ee2045bc7702678f425c18e7549f9324e06a476b5a8788706f6c83d6
g09_kcnq1ot1_3p_2048_chr11__pair02__candidate__0/run-complete.json	470	ac4cbadba6ffe6da7fa76100419bf5953f0fb2e5c48e359c8d02d187943fe1a2
g09_kcnq1ot1_3p_2048_chr11__pair02__candidate__0/run-config.json	1853	5b117beec1255e3bfec389c558dd879c2f9a30eff7f482e857257eec2ba40572
g09_kcnq1ot1_3p_2048_chr11__pair02__candidate__0/stderr.log	112070	1769e8fa0e184560b284aacf45aea5a8c319b3f73f137993b42c479244f39886
g09_kcnq1ot1_3p_2048_chr11__pair02__candidate__0/stdout.log	104	63cf14d620ad307343af4d6b184734577305c20e1dc0657b1528cc64be99c5f9
g09_kcnq1ot1_3p_2048_chr11__pair02__candidate__0/summary.json	126366	28a516e5287b7dd29062f3ad9beb4039412c7e721242bf5457c6ca66380b69ed
g09_kcnq1ot1_3p_2048_chr11__pair02__candidate__0/time.txt	1641	2f8345322d1323cc4ec5559ba4d4e7add25b8e6ca6c0715810635b493a9f4d2b
g09_kcnq1ot1_3p_2048_chr11__pair03__baseline__0/correctness.json	65	a278541fd198bfff0e1fbca1ef8e939bbc1f5b5432d8a6289fe649582d1a7f5e
g09_kcnq1ot1_3p_2048_chr11__pair03__baseline__0/environment.json	25043	5ddf07cfa5b9b6a145e123ff1ad0a45161dc8719c5eb15f9c14eb28812fe400f
g09_kcnq1ot1_3p_2048_chr11__pair03__baseline__0/execution.json	898	59fad8820f029ee0fd3d414b17845840d6918f9b238edb69cef1ce55f23ab911
g09_kcnq1ot1_3p_2048_chr11__pair03__baseline__0/gpu-memory.csv	31752	0fb6b5868c4702ac353d51481e1128274f2e032cdb76ce0560b3aba1ed6a7fdb
g09_kcnq1ot1_3p_2048_chr11__pair03__baseline__0/inputs/query.fa	2105	5565c66b877bd7a1e8935ebde286ebbbd2370bc218e380c6bf19b909d1fcdddc
g09_kcnq1ot1_3p_2048_chr11__pair03__baseline__0/inputs/target.fa	2025031	d6c66bdad5c631c9057f18fe2b33b146038bdb5681c9e1dba451d3eee3a09449
g09_kcnq1ot1_3p_2048_chr11__pair03__baseline__0/output/chr11-ENST00000597346.1_89619_91667-target-TFOsorted	744960	0887ac8c3653ce29f0958fb4c1275a702e8520d146648c942cb4dfb9a9c21ccf
g09_kcnq1ot1_3p_2048_chr11__pair03__baseline__0/run-complete.json	469	fe4e2c0e4858e9eafab9c9c7f9c34d7daf5e108e5da4603fc28c44badb42a8de
g09_kcnq1ot1_3p_2048_chr11__pair03__baseline__0/run-config.json	1850	cb85737b6ff4933d2d956716542ccaf959b7a84ba5cb0408f3b38b03f064ff9a
g09_kcnq1ot1_3p_2048_chr11__pair03__baseline__0/stderr.log	99004	21fb4911d5e5c1646f9c79ba123c9dee80e9a3e2fb2963d4a57024e5f20b1a81
g09_kcnq1ot1_3p_2048_chr11__pair03__baseline__0/stdout.log	104	114805e02d609f8f178a58eeb92bc2c4799edd45d3940a6b4fb0468c2eb3827c
g09_kcnq1ot1_3p_2048_chr11__pair03__baseline__0/summary.json	111411	68e8fbe54aae1111c73839dd6d2b096c1e71eccccc1b38abb1622237af713503
g09_kcnq1ot1_3p_2048_chr11__pair03__baseline__0/time.txt	1419	4faae870c2991d373bf8fc34982ceea1715ea5cd69ae80a87ba78412885757e7
g09_kcnq1ot1_3p_2048_chr11__pair03__candidate__0/correctness.json	65	a278541fd198bfff0e1fbca1ef8e939bbc1f5b5432d8a6289fe649582d1a7f5e
g09_kcnq1ot1_3p_2048_chr11__pair03__candidate__0/environment.json	25043	077d20117e4397b8836e20dac9564faabfdb569c204340c62e76b208fdc36a9d
g09_kcnq1ot1_3p_2048_chr11__pair03__candidate__0/execution.json	1162	77d5955451021d2c02758101deee1ecdaa4ed23618bb0fea3b1ce363d6390cdd
g09_kcnq1ot1_3p_2048_chr11__pair03__candidate__0/gpu-memory.csv	1852	0629e433a2436ee2a7652622c94c8f518cffa5adba577c5e843b37e045f7a987
g09_kcnq1ot1_3p_2048_chr11__pair03__candidate__0/inputs/query.fa	2105	5565c66b877bd7a1e8935ebde286ebbbd2370bc218e380c6bf19b909d1fcdddc
g09_kcnq1ot1_3p_2048_chr11__pair03__candidate__0/inputs/target.fa	2025031	d6c66bdad5c631c9057f18fe2b33b146038bdb5681c9e1dba451d3eee3a09449
g09_kcnq1ot1_3p_2048_chr11__pair03__candidate__0/output/chr11-ENST00000597346.1_89619_91667-target-TFOsorted	746800	65a746f5ee2045bc7702678f425c18e7549f9324e06a476b5a8788706f6c83d6
g09_kcnq1ot1_3p_2048_chr11__pair03__candidate__0/run-complete.json	470	2d0c48d2a7834572173e0f74ec6b36292ac746c8bd2af4afa172b5ba7bf356ff
g09_kcnq1ot1_3p_2048_chr11__pair03__candidate__0/run-config.json	1853	a9e6fb524bfa27443d112bfc282c64c114ef5b9bd752ec27c955c5f16a4b1947
g09_kcnq1ot1_3p_2048_chr11__pair03__candidate__0/stderr.log	112070	84c7761b5ccb6c65e3e104ba5c9b86219ba92c8030dd5b1e08b0802a2d4399e1
g09_kcnq1ot1_3p_2048_chr11__pair03__candidate__0/stdout.log	104	4b8ed39949e3f8c8a8c6608688a9bc2ab8a71d20c125a4822c77154a95c60bb7
g09_kcnq1ot1_3p_2048_chr11__pair03__candidate__0/summary.json	126366	e33720b688b757fa335b5ca2cbf1469338a06387568d0c3e49f9e1e89546a466
g09_kcnq1ot1_3p_2048_chr11__pair03__candidate__0/time.txt	1641	2d85fdf8dee7b34220d5dc6dc7674cdaff910d5f0d873923fdc3e735198b42bf
g09_kcnq1ot1_3p_2048_chr11__warmup__baseline__0/correctness.json	65	a278541fd198bfff0e1fbca1ef8e939bbc1f5b5432d8a6289fe649582d1a7f5e
g09_kcnq1ot1_3p_2048_chr11__warmup__baseline__0/environment.json	25043	4adca7c3735028790525155fafd5e48cf70d76c54ee813983856931ff771eba2
g09_kcnq1ot1_3p_2048_chr11__warmup__baseline__0/execution.json	897	116191824df09307d98f2b62420af06592c00b5e96b40c49bf84ba87b82f3c67
g09_kcnq1ot1_3p_2048_chr11__warmup__baseline__0/gpu-memory.csv	31881	3df222152410805b21aa94c4aa257b7116b1c5df5830ece39ca408de725df315
g09_kcnq1ot1_3p_2048_chr11__warmup__baseline__0/inputs/query.fa	2105	5565c66b877bd7a1e8935ebde286ebbbd2370bc218e380c6bf19b909d1fcdddc
g09_kcnq1ot1_3p_2048_chr11__warmup__baseline__0/inputs/target.fa	2025031	d6c66bdad5c631c9057f18fe2b33b146038bdb5681c9e1dba451d3eee3a09449
g09_kcnq1ot1_3p_2048_chr11__warmup__baseline__0/output/chr11-ENST00000597346.1_89619_91667-target-TFOsorted	744960	0887ac8c3653ce29f0958fb4c1275a702e8520d146648c942cb4dfb9a9c21ccf
g09_kcnq1ot1_3p_2048_chr11__warmup__baseline__0/run-complete.json	469	ed1ef1a470f691ae5d4a2dcf687f3322bb5b83cda9d92d70550a287ea0af1c98
g09_kcnq1ot1_3p_2048_chr11__warmup__baseline__0/run-config.json	1849	a3449887e09cf5004e4d9d8c10026de2014b860bff1f03662e0cc613397a7879
g09_kcnq1ot1_3p_2048_chr11__warmup__baseline__0/stderr.log	99004	21fb4911d5e5c1646f9c79ba123c9dee80e9a3e2fb2963d4a57024e5f20b1a81
g09_kcnq1ot1_3p_2048_chr11__warmup__baseline__0/stdout.log	104	ad61048daecfdac8f0eb1194b11aa56831473c1ce6a897b493ed2743d8c1c5e2
g09_kcnq1ot1_3p_2048_chr11__warmup__baseline__0/summary.json	111407	62bfd4351464cf28298259b61b0b01bf5a9737d6f041c5f0465b340bd00c2163
g09_kcnq1ot1_3p_2048_chr11__warmup__baseline__0/time.txt	1419	e1f02d848b8d05909f1cb0e94669ecbd536905ac8c0fd47eec7acc361dad1581
g09_kcnq1ot1_3p_2048_chr11__warmup__candidate__0/correctness.json	65	a278541fd198bfff0e1fbca1ef8e939bbc1f5b5432d8a6289fe649582d1a7f5e
g09_kcnq1ot1_3p_2048_chr11__warmup__candidate__0/environment.json	25043	a51d283e18dbf63ed26c0fcabcf6fea086ed0be5bb5b4d559e53cd1c42ef9741
g09_kcnq1ot1_3p_2048_chr11__warmup__candidate__0/execution.json	1162	6cca6cb09715b5246a100a29f629cfdb79baa9e3e1cf740779cd6ee603651567
g09_kcnq1ot1_3p_2048_chr11__warmup__candidate__0/gpu-memory.csv	1708	397de2b2f9afe919b1af381b6d6138384c709381651bbe503730a699ed0e3a1e
g09_kcnq1ot1_3p_2048_chr11__warmup__candidate__0/inputs/query.fa	2105	5565c66b877bd7a1e8935ebde286ebbbd2370bc218e380c6bf19b909d1fcdddc
g09_kcnq1ot1_3p_2048_chr11__warmup__candidate__0/inputs/target.fa	2025031	d6c66bdad5c631c9057f18fe2b33b146038bdb5681c9e1dba451d3eee3a09449
g09_kcnq1ot1_3p_2048_chr11__warmup__candidate__0/output/chr11-ENST00000597346.1_89619_91667-target-TFOsorted	746800	65a746f5ee2045bc7702678f425c18e7549f9324e06a476b5a8788706f6c83d6
g09_kcnq1ot1_3p_2048_chr11__warmup__candidate__0/run-complete.json	470	71b203ecba9b19d1001a3538d8b93ffd173e80664cab9d1c711ac546971dc8ef
g09_kcnq1ot1_3p_2048_chr11__warmup__candidate__0/run-config.json	1852	01a36df3540b3eace5e6eb24649a738692a17960fe8af3cf457ab8db87302e2e
g09_kcnq1ot1_3p_2048_chr11__warmup__candidate__0/stderr.log	112075	b80e217e0af54785fea6a8afc3c31d55545df3e390f69df6644fa4981074853d
g09_kcnq1ot1_3p_2048_chr11__warmup__candidate__0/stdout.log	104	c86a98acae17987a2d327b997f76defe7f87a274888f9ab7c48d84cbf340336b
g09_kcnq1ot1_3p_2048_chr11__warmup__candidate__0/summary.json	126371	49a5c0821c3da312f6cf987e452dba5095f787bd05d47665f8cfd97b7147ebca
g09_kcnq1ot1_3p_2048_chr11__warmup__candidate__0/time.txt	1641	55ad111f93033b3100fc7d47daa5c74d25952afaa217e0ee6dc37dcde0a97f04
g10_h19_full_chr11__pair01__baseline__0/correctness.json	65	a278541fd198bfff0e1fbca1ef8e939bbc1f5b5432d8a6289fe649582d1a7f5e
g10_h19_full_chr11__pair01__baseline__0/environment.json	25043	db1e61884cfabee358523dde6b96d0e34ba60e25ad74f0a14f9fccc2ef1a2491
g10_h19_full_chr11__pair01__baseline__0/execution.json	875	580561e4afbf4e8b2ffc40be7678301f9a53db2057493683c667b69e4524d035
g10_h19_full_chr11__pair01__baseline__0/gpu-memory.csv	52167	e77c1bd30fdf1cf6fe39a8027322e2f051e82e753a53f12c21f292646eec65c7
g10_h19_full_chr11__pair01__baseline__0/inputs/query.fa	2860	18b082f717a1e6b5f076272916e14ab549142acf7443d692bc3928bdff0d0cbb
g10_h19_full_chr11__pair01__baseline__0/inputs/target.fa	2025031	d6c66bdad5c631c9057f18fe2b33b146038bdb5681c9e1dba451d3eee3a09449
g10_h19_full_chr11__pair01__baseline__0/output/chr11-H19_0_2812-target-TFOsorted	5251926	f0867184db0445866f2c93c5ea8f83120e5c0ca5ef07d64317cc65e8e066df09
g10_h19_full_chr11__pair01__baseline__0/run-complete.json	461	11c5a6cdd6cffb3c1545d6b3aa3c46a1cc09d99381e65ae80500f405feb76a15
g10_h19_full_chr11__pair01__baseline__0/run-config.json	1746	8b2b9e24c6afb8b2da3f1c8fb5bdcb7f5df7dd40e16b3d84f0f1e99becbc9b13
g10_h19_full_chr11__pair01__baseline__0/stderr.log	99004	106a5636c9c735f2ef854607cd2aff15453f095799a064f4b114e93081c40ded
g10_h19_full_chr11__pair01__baseline__0/stdout.log	85	835235dfdd3d45247e1855cbbd18d1c2185a61f2c1dc0ce0b2b49b1b25d619f0
g10_h19_full_chr11__pair01__baseline__0/summary.json	111370	dfb77e8348f2c7ffbd1efa4e2bd698f78785e5aca6b8938e1b95809c44bb3a7d
g10_h19_full_chr11__pair01__baseline__0/time.txt	1398	a5148decb892a32ea9ab95ce0f583cbba609a88c545200353621a6d3eda24f77
g10_h19_full_chr11__pair01__candidate__0/correctness.json	65	a278541fd198bfff0e1fbca1ef8e939bbc1f5b5432d8a6289fe649582d1a7f5e
g10_h19_full_chr11__pair01__candidate__0/environment.json	25044	9650ab907bb89ef8a7c94cfc5183edb3b0cfaeb79df4be9e6564a87f00ba63eb
g10_h19_full_chr11__pair01__candidate__0/execution.json	1137	51c884b5470144667abb01e09e71bde3340e4adf84b538e596bac07f1391b1af
g10_h19_full_chr11__pair01__candidate__0/gpu-memory.csv	2855	35fdb79ca14ec8afe44cedd37f86269b8907921272a6afd7637a2dcaee876099
g10_h19_full_chr11__pair01__candidate__0/inputs/query.fa	2860	18b082f717a1e6b5f076272916e14ab549142acf7443d692bc3928bdff0d0cbb
g10_h19_full_chr11__pair01__candidate__0/inputs/target.fa	2025031	d6c66bdad5c631c9057f18fe2b33b146038bdb5681c9e1dba451d3eee3a09449
g10_h19_full_chr11__pair01__candidate__0/output/chr11-H19_0_2812-target-TFOsorted	5258935	6ba1fc2e98eccc5e51da50b27ea6dd6e968b4a31641245d44bf9337490f40ba8
g10_h19_full_chr11__pair01__candidate__0/run-complete.json	462	a7fc58a2cb1777bc186de1bcace0554e451bfff8932a343dd219631f45151403
g10_h19_full_chr11__pair01__candidate__0/run-config.json	1749	26ff50cb860adc8b24310dde6b6aa9ff2a1b42b970f6dd898dd26f571894ce7a
g10_h19_full_chr11__pair01__candidate__0/stderr.log	112076	e9d442ecda99a3a704f7e072fd12668603ee6879aa13dd9b92e7dec4d1a1320c
g10_h19_full_chr11__pair01__candidate__0/stdout.log	85	a7ebeb4d5d85ef4c969eb804bd62c7156672f9072b1c9a38bcb7dddd008fb9ec
g10_h19_full_chr11__pair01__candidate__0/summary.json	126331	ec42a7797e579438a15ac7412b637ed5947ac365dcfe50ca92130d8069073db0
g10_h19_full_chr11__pair01__candidate__0/time.txt	1618	adf5e6f86c5644293a7f54a0d87dd5c4526234df1500456b4dfc79ee7ca9f2f3
g10_h19_full_chr11__warmup__baseline__0/correctness.json	65	a278541fd198bfff0e1fbca1ef8e939bbc1f5b5432d8a6289fe649582d1a7f5e
g10_h19_full_chr11__warmup__baseline__0/environment.json	25043	996e8f20c1aa5c2da8a91b9aa9de01404eb18fc0c2a621794160d83056aca37a
g10_h19_full_chr11__warmup__baseline__0/execution.json	875	86c0af4934b6b24af1a4363f4ab3d34a51f6f1b754efde5b3ec0aca579c06562
g10_h19_full_chr11__warmup__baseline__0/gpu-memory.csv	52305	44f263c83c234a68a57ea31ebc806c1cf4b319eda04c39d85db25148bba98ea2
g10_h19_full_chr11__warmup__baseline__0/inputs/query.fa	2860	18b082f717a1e6b5f076272916e14ab549142acf7443d692bc3928bdff0d0cbb
g10_h19_full_chr11__warmup__baseline__0/inputs/target.fa	2025031	d6c66bdad5c631c9057f18fe2b33b146038bdb5681c9e1dba451d3eee3a09449
g10_h19_full_chr11__warmup__baseline__0/output/chr11-H19_0_2812-target-TFOsorted	5251926	f0867184db0445866f2c93c5ea8f83120e5c0ca5ef07d64317cc65e8e066df09
g10_h19_full_chr11__warmup__baseline__0/run-complete.json	461	5c7ffdba32d6bad4bd1d23fb5348679743af12690337fa0fd4da0610b94613bf
g10_h19_full_chr11__warmup__baseline__0/run-config.json	1745	80e942034286902dc4090748ae69ed1be6982707a6edd80d5779c6507c5730ec
g10_h19_full_chr11__warmup__baseline__0/stderr.log	99004	106a5636c9c735f2ef854607cd2aff15453f095799a064f4b114e93081c40ded
g10_h19_full_chr11__warmup__baseline__0/stdout.log	85	72bb5c8e04fa1a2c1a68bb98b3a0f370af5d50042169834d4a77c47dcbfef00c
g10_h19_full_chr11__warmup__baseline__0/summary.json	111370	4e655e81028b17ebf530eff0c09c01c7e36414e32d664c108bf009ed7cf88ec4
g10_h19_full_chr11__warmup__baseline__0/time.txt	1398	ead94429b6743b693bf5f7290c808b23aaf254f69766fa099de12476dad3c891
g10_h19_full_chr11__warmup__candidate__0/correctness.json	65	a278541fd198bfff0e1fbca1ef8e939bbc1f5b5432d8a6289fe649582d1a7f5e
g10_h19_full_chr11__warmup__candidate__0/environment.json	25043	8463fae55326233ef35aac2bd0c3a6bad760d17b614417e09991f342ec945c65
g10_h19_full_chr11__warmup__candidate__0/execution.json	1137	4b0ffd814842e1218d3cce3e672b27726e5a84a3598775c8a876810cb6d4ae14
g10_h19_full_chr11__warmup__candidate__0/gpu-memory.csv	2854	3364d5f710b36d72ebb3908ac00c8bb6c182a1689b779715fa143ebbc615eb98
g10_h19_full_chr11__warmup__candidate__0/inputs/query.fa	2860	18b082f717a1e6b5f076272916e14ab549142acf7443d692bc3928bdff0d0cbb
g10_h19_full_chr11__warmup__candidate__0/inputs/target.fa	2025031	d6c66bdad5c631c9057f18fe2b33b146038bdb5681c9e1dba451d3eee3a09449
g10_h19_full_chr11__warmup__candidate__0/output/chr11-H19_0_2812-target-TFOsorted	5258935	6ba1fc2e98eccc5e51da50b27ea6dd6e968b4a31641245d44bf9337490f40ba8
g10_h19_full_chr11__warmup__candidate__0/run-complete.json	462	2a257e62c5ca365691dc8c887eba7324358ce527e404b34bf0c5a5622d82ab26
g10_h19_full_chr11__warmup__candidate__0/run-config.json	1748	b897893b89bc2e98bd56a966393a210c77959cca4d3e00210da4fe5a1639106e
g10_h19_full_chr11__warmup__candidate__0/stderr.log	112070	31d055caccdbfc3ab27845ab2e74fb676aba0643c37ca62736418564e2de9403
g10_h19_full_chr11__warmup__candidate__0/stdout.log	85	9a9a1374af3120e89c6975a7fd88e4371189fda268d470b2353f9011bc762c6b
g10_h19_full_chr11__warmup__candidate__0/summary.json	126325	82048f2e74ab7a9d5b589664691404b2806078f911b1e8d586a9c13e02dd40d6
g10_h19_full_chr11__warmup__candidate__0/time.txt	1618	56f3e8c1f15f634a08e5ec51a5bcb329d2bd9648a80ee88d8cfbd257e75b7354
g11_h19_full_chr21__pair01__baseline__0/correctness.json	65	a278541fd198bfff0e1fbca1ef8e939bbc1f5b5432d8a6289fe649582d1a7f5e
g11_h19_full_chr21__pair01__baseline__0/environment.json	25043	443989027de47b196f683788179aaa7a37f46812f67cd8bb252b5f0406c61a0b
g11_h19_full_chr21__pair01__baseline__0/execution.json	875	8b7d1455d024775e7e679c7ea54202f7edef847bfa89bfaae831f2da3e941140
g11_h19_full_chr21__pair01__baseline__0/gpu-memory.csv	51201	e5d223f167b0700194580d2a26f2e1ca35a35f4539a9c0fcbdec2f8677ead05e
g11_h19_full_chr21__pair01__baseline__0/inputs/query.fa	2860	18b082f717a1e6b5f076272916e14ab549142acf7443d692bc3928bdff0d0cbb
g11_h19_full_chr21__pair01__baseline__0/inputs/target.fa	2025031	c7ceaecd1ddc49dd6020ae5d07cb46a8a4b0e49f70bb1e56ecf1ee01a5541351
g11_h19_full_chr21__pair01__baseline__0/output/chr21-H19_0_2812-target-TFOsorted	2012109	b0fd9093b7726cda7ad74b0ec8359c8c0cc964662cbc655993dbd76a02952a90
g11_h19_full_chr21__pair01__baseline__0/run-complete.json	461	806eda0c6fc2981720d68bef0975e242113b42461b50ca70ee0ebfc833bee7c8
g11_h19_full_chr21__pair01__baseline__0/run-config.json	1746	1d15d2b098969acd973b9d20f47ac5facca7e750d92e0b578820923428dd6fbd
g11_h19_full_chr21__pair01__baseline__0/stderr.log	99004	106a5636c9c735f2ef854607cd2aff15453f095799a064f4b114e93081c40ded
g11_h19_full_chr21__pair01__baseline__0/stdout.log	85	9c62ea49e872702e729b799f94335ca1972fbd89dc61f2a57a0714268e5499d4
g11_h19_full_chr21__pair01__baseline__0/summary.json	111370	479dbc330fd96bb6683ed7e1e1e6c07db4684a9e0b339cfe95c587673e140d7a
g11_h19_full_chr21__pair01__baseline__0/time.txt	1397	3283a12c5645c9f4d7be16aaf8b1b475e2b6f9ab80afb12105d9781af60b8ae8
g11_h19_full_chr21__pair01__candidate__0/correctness.json	65	a278541fd198bfff0e1fbca1ef8e939bbc1f5b5432d8a6289fe649582d1a7f5e
g11_h19_full_chr21__pair01__candidate__0/environment.json	25043	a5db4747e98268bc8d5a39c479fdc473f38e196324edfd81054a9f13e78162b9
g11_h19_full_chr21__pair01__candidate__0/execution.json	1137	c653c5d39c5b6104394560318ca0eeab03ea4e735174276f26b06cd443ff9b70
g11_h19_full_chr21__pair01__candidate__0/gpu-memory.csv	2713	94586cf9d6483e47af54e4ff874e0a03f6d032e012f65be60aa34412af5f9380
g11_h19_full_chr21__pair01__candidate__0/inputs/query.fa	2860	18b082f717a1e6b5f076272916e14ab549142acf7443d692bc3928bdff0d0cbb
g11_h19_full_chr21__pair01__candidate__0/inputs/target.fa	2025031	c7ceaecd1ddc49dd6020ae5d07cb46a8a4b0e49f70bb1e56ecf1ee01a5541351
g11_h19_full_chr21__pair01__candidate__0/output/chr21-H19_0_2812-target-TFOsorted	2012398	a275eeb7fb027ebaee16f08281989ab9a17c506169ad8d934de61a8cd3247ca8
g11_h19_full_chr21__pair01__candidate__0/run-complete.json	462	45d33ee6000e8174d3dcc787bb55dd4729d5f1b90420a66a09fe0eafccd65d03
g11_h19_full_chr21__pair01__candidate__0/run-config.json	1749	20e3c8373e952e5735a090db6e99e83c82e078a380faec34ff956dac1f7b5dfe
g11_h19_full_chr21__pair01__candidate__0/stderr.log	112064	0f2f9c970b3a92ffc5b0f673948e5e8e650cee1721df0530df753e60e6061ce7
g11_h19_full_chr21__pair01__candidate__0/stdout.log	84	795dfa29c53a4eb7eb7ab26add8a4030c50706c34c1e5a70a8f7e9a91851af75
g11_h19_full_chr21__pair01__candidate__0/summary.json	126319	facb5389cc0e274cb88d47822aee46b6315e7cf37adc681d5c7ae858076b9927
g11_h19_full_chr21__pair01__candidate__0/time.txt	1617	6d64b8c394a8c6546103d3b68ef792e2dc1e06bc1330344189620461c81d17ff
g11_h19_full_chr21__warmup__baseline__0/correctness.json	65	a278541fd198bfff0e1fbca1ef8e939bbc1f5b5432d8a6289fe649582d1a7f5e
g11_h19_full_chr21__warmup__baseline__0/environment.json	25043	01d6802e539e0b9541c318d2598c3f1679fb54ac30c4f297f3a8a5c755f5aea0
g11_h19_full_chr21__warmup__baseline__0/execution.json	875	3157cf526eb1968276fb067fabed166a42a24b4a73bec4a40da6647532c87e94
g11_h19_full_chr21__warmup__baseline__0/gpu-memory.csv	51339	c44b7a1c9af1ad5e01190c4de40b885f7444156d96c6312f6362e72d5728fd72
g11_h19_full_chr21__warmup__baseline__0/inputs/query.fa	2860	18b082f717a1e6b5f076272916e14ab549142acf7443d692bc3928bdff0d0cbb
g11_h19_full_chr21__warmup__baseline__0/inputs/target.fa	2025031	c7ceaecd1ddc49dd6020ae5d07cb46a8a4b0e49f70bb1e56ecf1ee01a5541351
g11_h19_full_chr21__warmup__baseline__0/output/chr21-H19_0_2812-target-TFOsorted	2012109	b0fd9093b7726cda7ad74b0ec8359c8c0cc964662cbc655993dbd76a02952a90
g11_h19_full_chr21__warmup__baseline__0/run-complete.json	461	c456c138ef622b8e21cd1d16cbd96ddecd81809cdf139b2c2c3b70befc6676bd
g11_h19_full_chr21__warmup__baseline__0/run-config.json	1745	245e2e18af5af82b45f516a7d47902e8fcfe1ed50e29115c6716c6410d6cbe63
g11_h19_full_chr21__warmup__baseline__0/stderr.log	99004	106a5636c9c735f2ef854607cd2aff15453f095799a064f4b114e93081c40ded
g11_h19_full_chr21__warmup__baseline__0/stdout.log	85	b86eee16b95f8fa4212b41f4c24dfea02c1fe749df6577c3838bf2ac9791aacc
g11_h19_full_chr21__warmup__baseline__0/summary.json	111370	abac4c7b9dd49a913ffd20acaf091476936e7ccd0f50147accd5bceea8def9a4
g11_h19_full_chr21__warmup__baseline__0/time.txt	1396	ba8b1160ab47164ccbd84b153770f952cc4a003f6d3829cf909cb86e4f203d12
g11_h19_full_chr21__warmup__candidate__0/correctness.json	65	a278541fd198bfff0e1fbca1ef8e939bbc1f5b5432d8a6289fe649582d1a7f5e
g11_h19_full_chr21__warmup__candidate__0/environment.json	25043	19dbf49b7a502f9ae0f657f33d4bc2a905c4659ca736cd08e5b4499a9fb2488b
g11_h19_full_chr21__warmup__candidate__0/execution.json	1138	296a9066ea6567baf2606284d3e85beee75c027e863460123a532c5d74954d72
g11_h19_full_chr21__warmup__candidate__0/gpu-memory.csv	2713	eaf89e67810e1c99ff0960bad7612561e007528399b8c80ccf757bc9b6eb14f5
g11_h19_full_chr21__warmup__candidate__0/inputs/query.fa	2860	18b082f717a1e6b5f076272916e14ab549142acf7443d692bc3928bdff0d0cbb
g11_h19_full_chr21__warmup__candidate__0/inputs/target.fa	2025031	c7ceaecd1ddc49dd6020ae5d07cb46a8a4b0e49f70bb1e56ecf1ee01a5541351
g11_h19_full_chr21__warmup__candidate__0/output/chr21-H19_0_2812-target-TFOsorted	2012398	a275eeb7fb027ebaee16f08281989ab9a17c506169ad8d934de61a8cd3247ca8
g11_h19_full_chr21__warmup__candidate__0/run-complete.json	462	445654b2e1179485d7ec62ee639ee17ab609fc4ce2d133f86cbcf1dc34ae1106
g11_h19_full_chr21__warmup__candidate__0/run-config.json	1748	df6db769ed2e1a57d511dce92b4f446f84ad2e0e3b6810e20d3bdde24db9af4d
g11_h19_full_chr21__warmup__candidate__0/stderr.log	112072	d8547bcdd8ff7a9984c5d6bfa8ca99f809dcfee6ab94b65944c563bb68d4068d
g11_h19_full_chr21__warmup__candidate__0/stdout.log	85	c29399be76a91acfac1bb3733cc30084d44d08743bcd9a0d91e46a5b007ce482
g11_h19_full_chr21__warmup__candidate__0/summary.json	126328	5088c48587c7d975f89bb87e1f5b698014945fdfacd77e991e842663c9c25291
g11_h19_full_chr21__warmup__candidate__0/time.txt	1617	9c9775c9966de6ceb9ab2d18d44964697fd627b42e6234392a636862e912953d
g12_h19_full_chr22__pair01__baseline__0/correctness.json	65	a278541fd198bfff0e1fbca1ef8e939bbc1f5b5432d8a6289fe649582d1a7f5e
g12_h19_full_chr22__pair01__baseline__0/environment.json	25043	311a14f34b9c75a1287875885180c63ab1fbcfab621c9024eac2b1b132d25659
g12_h19_full_chr22__pair01__baseline__0/execution.json	875	eb3f5f1a94daf45dac44ba1952e8f2aa55fb47504b47ab6fe1cd1e5067090106
g12_h19_full_chr22__pair01__baseline__0/gpu-memory.csv	52167	aad58bc077bd08e62f80ec697be270a2f3282fae5611fd82ede038236c98170e
g12_h19_full_chr22__pair01__baseline__0/inputs/query.fa	2860	18b082f717a1e6b5f076272916e14ab549142acf7443d692bc3928bdff0d0cbb
g12_h19_full_chr22__pair01__baseline__0/inputs/target.fa	2025031	d015b3099e682e4d70df1439a9c5cc71a67af0af36adc96f31e46c1e71b1fcf7
g12_h19_full_chr22__pair01__baseline__0/output/chr22-H19_0_2812-target-TFOsorted	4103119	3f33189fea77bac940ac316a6b1976e015663a99a940f9724455563cb5ec44bb
g12_h19_full_chr22__pair01__baseline__0/run-complete.json	461	ef0d58375b348b3d91b1eb3104b3f786d5f5cbce84f291b23632d106a4de3011
g12_h19_full_chr22__pair01__baseline__0/run-config.json	1746	ede913e75473bb3232279874d4e67bd1126b2e2435942e05d9cb714d2db3bcc6
g12_h19_full_chr22__pair01__baseline__0/stderr.log	99004	106a5636c9c735f2ef854607cd2aff15453f095799a064f4b114e93081c40ded
g12_h19_full_chr22__pair01__baseline__0/stdout.log	85	8addf969d02bf7c9e1df404e582739e223cfd162d25a48537b07e9ba944bcdba
g12_h19_full_chr22__pair01__baseline__0/summary.json	111370	1e658d229f9c11d6ab783584942d419c73106b766eaca58e1b6cb704a269d050
g12_h19_full_chr22__pair01__baseline__0/time.txt	1397	6871b73b21d656fb19bc570b332e4d927d9ac524f06872577518e72b8924124c
g12_h19_full_chr22__pair01__candidate__0/correctness.json	65	a278541fd198bfff0e1fbca1ef8e939bbc1f5b5432d8a6289fe649582d1a7f5e
g12_h19_full_chr22__pair01__candidate__0/environment.json	25043	98480afef11e81d9fc0047d79fa73a05343c849af3547053268747ce1225b3a3
g12_h19_full_chr22__pair01__candidate__0/execution.json	1137	2c8a9feff77fabb914d383e2f282beeb5087ff40029fd848e09b9b4fbc2f769b
g12_h19_full_chr22__pair01__candidate__0/gpu-memory.csv	2855	4fd549d39b9ac97dd506c7e28b217f9d1b4f4f64f6a6692d37da4fc7af7f133f
g12_h19_full_chr22__pair01__candidate__0/inputs/query.fa	2860	18b082f717a1e6b5f076272916e14ab549142acf7443d692bc3928bdff0d0cbb
g12_h19_full_chr22__pair01__candidate__0/inputs/target.fa	2025031	d015b3099e682e4d70df1439a9c5cc71a67af0af36adc96f31e46c1e71b1fcf7
g12_h19_full_chr22__pair01__candidate__0/output/chr22-H19_0_2812-target-TFOsorted	4107358	aabbdd6f1aa3db8f88025a1e740a55a5a529b97f4e6651ab9f6347d2e715cb56
g12_h19_full_chr22__pair01__candidate__0/run-complete.json	462	f840d2e027b0d5feb93d1310fec4b5dba880d07f6fb2e53a14ac86d141205490
g12_h19_full_chr22__pair01__candidate__0/run-config.json	1749	35cc2d5e51eb72629294bc938f308798ff40cb73505fb9d1408fcfc9669fdb22
g12_h19_full_chr22__pair01__candidate__0/stderr.log	112073	b0794de4ea08fc3c8fe67656902d1ac83274fcc9c9d82ccd29bed5c81f3cbaa4
g12_h19_full_chr22__pair01__candidate__0/stdout.log	85	97ae2f7bbaa18d56c82aac7a3fb12a7e17509c2040efa2af87a62e916c23e1d6
g12_h19_full_chr22__pair01__candidate__0/summary.json	126328	241a85406fc9c626ab423dc77002ef606ceccd72205a6c28314cb7ee9203af82
g12_h19_full_chr22__pair01__candidate__0/time.txt	1617	7b53d1bb21c47cd0c8ab74105ba25ad030c71a7dd5ce96d9fe077acc52e9dff7
g12_h19_full_chr22__warmup__baseline__0/correctness.json	65	a278541fd198bfff0e1fbca1ef8e939bbc1f5b5432d8a6289fe649582d1a7f5e
g12_h19_full_chr22__warmup__baseline__0/environment.json	25043	1237148e404a6857b73d82f42d98e73d7e5f5fe6d14c603be26a6f2914a0e0bc
g12_h19_full_chr22__warmup__baseline__0/execution.json	875	a83df07119c6f271fc600f8dbf9bf7e9480651ff1550fd725ce8bbcfd6a46b95
g12_h19_full_chr22__warmup__baseline__0/gpu-memory.csv	51615	3283ea86b0004294525b1d868f87fa4638f79a4f054bd956468fb4275100fc02
g12_h19_full_chr22__warmup__baseline__0/inputs/query.fa	2860	18b082f717a1e6b5f076272916e14ab549142acf7443d692bc3928bdff0d0cbb
g12_h19_full_chr22__warmup__baseline__0/inputs/target.fa	2025031	d015b3099e682e4d70df1439a9c5cc71a67af0af36adc96f31e46c1e71b1fcf7
g12_h19_full_chr22__warmup__baseline__0/output/chr22-H19_0_2812-target-TFOsorted	4103119	3f33189fea77bac940ac316a6b1976e015663a99a940f9724455563cb5ec44bb
g12_h19_full_chr22__warmup__baseline__0/run-complete.json	461	283537b06c93fddf30eff0118fb05f6fb2e8f3c5fb4fdddbbb1e73ea6a6293bb
g12_h19_full_chr22__warmup__baseline__0/run-config.json	1745	ac3e76504bc79332259b1306a9d7cd3346c9514ad3ec217f779ec9141766b7c2
g12_h19_full_chr22__warmup__baseline__0/stderr.log	99004	106a5636c9c735f2ef854607cd2aff15453f095799a064f4b114e93081c40ded
g12_h19_full_chr22__warmup__baseline__0/stdout.log	84	89e9480d74aa8d45e0e92818fb0206f329de176cda06d9f4297e589c104de21d
g12_h19_full_chr22__warmup__baseline__0/summary.json	111370	719e4aedf5df7f587060323b6cded6c4efc8bca043e112c746aec19fd61e47a2
g12_h19_full_chr22__warmup__baseline__0/time.txt	1396	de437d472175a71c680e8dab111f78d79bad0c45bd4308bc66c686c75e034265
g12_h19_full_chr22__warmup__candidate__0/correctness.json	65	a278541fd198bfff0e1fbca1ef8e939bbc1f5b5432d8a6289fe649582d1a7f5e
g12_h19_full_chr22__warmup__candidate__0/environment.json	25043	a2aad7520825a23ffc57c9fccbb52c9acacdc9cbb58ccec7516dfd0d6e582c3a
g12_h19_full_chr22__warmup__candidate__0/execution.json	1138	5f4a374b30d6fec302fa2d442b258c97aa8e352974ae0e2d8c2be9781d76aace
g12_h19_full_chr22__warmup__candidate__0/gpu-memory.csv	2855	329738741106301fdf4dc91b4910681086b64b5863876ed7115af2fe45b1b40d
g12_h19_full_chr22__warmup__candidate__0/inputs/query.fa	2860	18b082f717a1e6b5f076272916e14ab549142acf7443d692bc3928bdff0d0cbb
g12_h19_full_chr22__warmup__candidate__0/inputs/target.fa	2025031	d015b3099e682e4d70df1439a9c5cc71a67af0af36adc96f31e46c1e71b1fcf7
g12_h19_full_chr22__warmup__candidate__0/output/chr22-H19_0_2812-target-TFOsorted	4107358	aabbdd6f1aa3db8f88025a1e740a55a5a529b97f4e6651ab9f6347d2e715cb56
g12_h19_full_chr22__warmup__candidate__0/run-complete.json	462	0632002df2db309d16637e3d421344e1f4255351500c727faaf3197193d0728b
g12_h19_full_chr22__warmup__candidate__0/run-config.json	1748	813f38dab4ac9513b64da5a2b3768408941696f55107e2b8e998e457f3a2be12
g12_h19_full_chr22__warmup__candidate__0/stderr.log	112070	78a83002fdfd77203da257b524b55bdbb019dce62f8809598dc718311198bc19
g12_h19_full_chr22__warmup__candidate__0/stdout.log	85	f5dd41563f4afb36099b466d36e694e2fd4ce11179371d6e5c78ccc309c321c5
g12_h19_full_chr22__warmup__candidate__0/summary.json	126326	d47cc3df481887160af0d65cf25e62eac00b410a3e24ecd2ec29667cbd544b59
g12_h19_full_chr22__warmup__candidate__0/time.txt	1617	07531a94b4a16c9736376055be4545d54a7852ea0ac3df5d88bc7f0d6404234a
g13_meg3_full_chr11__pair01__baseline__0/correctness.json	65	a278541fd198bfff0e1fbca1ef8e939bbc1f5b5432d8a6289fe649582d1a7f5e
g13_meg3_full_chr11__pair01__baseline__0/environment.json	25043	02eab47a20c54b18a695697c9808bcdda9d840bc0d5e9e2ea8d46e7f5cc73d2c
g13_meg3_full_chr11__pair01__baseline__0/execution.json	877	016e07d616cdfcdf3d4b2e219277843b4564f2ca8befecea4d9acee5234fccbe
g13_meg3_full_chr11__pair01__baseline__0/gpu-memory.csv	31881	2f2e8d612631acdbf356581741d394872b50fb78b83e63e6dc71a9cdb5c4fedd
g13_meg3_full_chr11__pair01__baseline__0/inputs/query.fa	1631	5c26072fb8512c409c2b759ba06733c76f664ccdaf8a4cb8e3505da5117198a8
g13_meg3_full_chr11__pair01__baseline__0/inputs/target.fa	2025031	d6c66bdad5c631c9057f18fe2b33b146038bdb5681c9e1dba451d3eee3a09449
g13_meg3_full_chr11__pair01__baseline__0/output/chr11-MEG3-ENST00000451743_0_1582-target-TFOsorted	1663348	b3234b87e5c3da8f7fb2a6d8d6ca7f87c4b173d955958b210c163cbd94a1cb7e
g13_meg3_full_chr11__pair01__baseline__0/run-complete.json	462	ec5b93e0495ae078f793965657fbcc924a805f2dabcd0514ab0ed13cf9d72d2f
g13_meg3_full_chr11__pair01__baseline__0/run-config.json	1803	3aefafcaeea993cabfb44c7bfdcab64f7995f596ff22cbd50f988664ebc1b5b3
g13_meg3_full_chr11__pair01__baseline__0/stderr.log	99004	20a6cca3e270e928e1676280a3b235ece5a375a2636c746752b9ba225988b722
g13_meg3_full_chr11__pair01__baseline__0/stdout.log	102	71edff76472f1fd96056e455ee9feaae734f75ba5c6729b42f24a7fcc82f5dcd
g13_meg3_full_chr11__pair01__baseline__0/summary.json	111373	d6b48f31312b7f7c84958e6b31c7f660f5b94364b0ac94018e364052731e18ee
g13_meg3_full_chr11__pair01__baseline__0/time.txt	1398	1dbbbce134749e53c72b6cca795b264b5694bbc2f406c800ab7ec14726c5f4bc
g13_meg3_full_chr11__pair01__candidate__0/correctness.json	65	a278541fd198bfff0e1fbca1ef8e939bbc1f5b5432d8a6289fe649582d1a7f5e
g13_meg3_full_chr11__pair01__candidate__0/environment.json	25043	880a71e98aac8a99cecc2c5babdd16e07764943e40f1001fab0f3377169a4036
g13_meg3_full_chr11__pair01__candidate__0/execution.json	1140	64c29bd93e2121c9f7e1f1a3eb2bc967eb656e4648c63cf6a977fda77bd841f8
g13_meg3_full_chr11__pair01__candidate__0/gpu-memory.csv	2273	9eb1cc025e29c71e5b533bc4959dc0dcde493c377d6204717a7b486c2fff5e7b
g13_meg3_full_chr11__pair01__candidate__0/inputs/query.fa	1631	5c26072fb8512c409c2b759ba06733c76f664ccdaf8a4cb8e3505da5117198a8
g13_meg3_full_chr11__pair01__candidate__0/inputs/target.fa	2025031	d6c66bdad5c631c9057f18fe2b33b146038bdb5681c9e1dba451d3eee3a09449
g13_meg3_full_chr11__pair01__candidate__0/output/chr11-MEG3-ENST00000451743_0_1582-target-TFOsorted	1660724	7e4b9d1902efb4a73ee8b6e6337eafd4d07f033446b946fe1b85301b7b8feeac
g13_meg3_full_chr11__pair01__candidate__0/run-complete.json	463	dd50a2dc9a21d4c1a645c08bfb01539fc28a36e80de6e07cb0f6906de3f17582
g13_meg3_full_chr11__pair01__candidate__0/run-config.json	1806	45dd49e1ffbc9bbae4582f35c0ea9b3fe0204098f3826976d0147f8db6464ec9
g13_meg3_full_chr11__pair01__candidate__0/stderr.log	112075	0380ceec8d86004a28003ef46589d4e3f93a4c625e06b6f65e22aebc95755aed
g13_meg3_full_chr11__pair01__candidate__0/stdout.log	102	c8c2a9b5ebc11f635251cfb9391509657ea1f16f3f4379c6b4f2e85c34c81bf7
g13_meg3_full_chr11__pair01__candidate__0/summary.json	126335	fc16b2b87b353bfe49e79f4a8ef9d4cde1437afb4621a00794044e3525e4caec
g13_meg3_full_chr11__pair01__candidate__0/time.txt	1620	87bbb0aee33570dc340d3827e7c21ea64afce21996ca74429d9d37d145a03b39
g13_meg3_full_chr11__warmup__baseline__0/correctness.json	65	a278541fd198bfff0e1fbca1ef8e939bbc1f5b5432d8a6289fe649582d1a7f5e
g13_meg3_full_chr11__warmup__baseline__0/environment.json	25043	615d64c0e6ea14b49fb65b60d3530a74002eb99dbd27039db99bdfe79444f87f
g13_meg3_full_chr11__warmup__baseline__0/execution.json	876	65aca09b02c868525fbee25e8532f8717c8ce128f07c28c7195fc0bde725ba42
g13_meg3_full_chr11__warmup__baseline__0/gpu-memory.csv	31743	8cbb997ce70950286de90b0a91af97bbf4f295ed5f632c80f2c066ecb712cc7f
g13_meg3_full_chr11__warmup__baseline__0/inputs/query.fa	1631	5c26072fb8512c409c2b759ba06733c76f664ccdaf8a4cb8e3505da5117198a8
g13_meg3_full_chr11__warmup__baseline__0/inputs/target.fa	2025031	d6c66bdad5c631c9057f18fe2b33b146038bdb5681c9e1dba451d3eee3a09449
g13_meg3_full_chr11__warmup__baseline__0/output/chr11-MEG3-ENST00000451743_0_1582-target-TFOsorted	1663348	b3234b87e5c3da8f7fb2a6d8d6ca7f87c4b173d955958b210c163cbd94a1cb7e
g13_meg3_full_chr11__warmup__baseline__0/run-complete.json	462	5a16e01de22846b1049a17e58c26edd380913a9d1eaebff3e99c86ef5306d1e2
g13_meg3_full_chr11__warmup__baseline__0/run-config.json	1802	f5284287791e61194b6d7eae59e618cd42de5208415b66fc87231aef5ebb963e
g13_meg3_full_chr11__warmup__baseline__0/stderr.log	99004	20a6cca3e270e928e1676280a3b235ece5a375a2636c746752b9ba225988b722
g13_meg3_full_chr11__warmup__baseline__0/stdout.log	102	b5e3b820d1eac7dea0fff6e0b9a935f392ec880151440d9760d88102cc2a9816
g13_meg3_full_chr11__warmup__baseline__0/summary.json	111373	3904bfdcb017b454552e48df7039359f144d746360ecb240fda483cd37df39c4
g13_meg3_full_chr11__warmup__baseline__0/time.txt	1398	c37786beda52c8f4c9abe4d58ff7f87bf8c9e7e88e7f4b7d17556bc95b0cda5b
g13_meg3_full_chr11__warmup__candidate__0/correctness.json	65	a278541fd198bfff0e1fbca1ef8e939bbc1f5b5432d8a6289fe649582d1a7f5e
g13_meg3_full_chr11__warmup__candidate__0/environment.json	25043	87b1133cafd43b2e8ca5d55e6344c59b3a13aac18ea105797feaa8fbbcd15d60
g13_meg3_full_chr11__warmup__candidate__0/execution.json	1140	5dea48c445fd231482cf6991df21ed540115361bc15958412e0f77a0f2cd18df
g13_meg3_full_chr11__warmup__candidate__0/gpu-memory.csv	2270	f599580408f79bc7ddfe0aa68eb1a589317cb8588e8e3bfaf5f2f9b1abab34d2
g13_meg3_full_chr11__warmup__candidate__0/inputs/query.fa	1631	5c26072fb8512c409c2b759ba06733c76f664ccdaf8a4cb8e3505da5117198a8
g13_meg3_full_chr11__warmup__candidate__0/inputs/target.fa	2025031	d6c66bdad5c631c9057f18fe2b33b146038bdb5681c9e1dba451d3eee3a09449
g13_meg3_full_chr11__warmup__candidate__0/output/chr11-MEG3-ENST00000451743_0_1582-target-TFOsorted	1660724	7e4b9d1902efb4a73ee8b6e6337eafd4d07f033446b946fe1b85301b7b8feeac
g13_meg3_full_chr11__warmup__candidate__0/run-complete.json	463	4d9abbc372b0291f9e97268e73d65b08a8664f64d706295b726dca21b397ebd1
g13_meg3_full_chr11__warmup__candidate__0/run-config.json	1805	c5148b38e517653db77e9b0e5fd294689ae423a7ee58c4b5c9e9887f5d5d96ba
g13_meg3_full_chr11__warmup__candidate__0/stderr.log	112076	6edad26455e35c20eca5fccd47ee4d34becc2815c0e3dad73d4769fe77bd5ef5
g13_meg3_full_chr11__warmup__candidate__0/stdout.log	102	5315668894ecbd9e8e4b6e93784b84c832bc9971b3c3f8903858fe6f68b3dfb4
g13_meg3_full_chr11__warmup__candidate__0/summary.json	126336	c47ef464e193d0f7f01bfcba4ba30a43cb7837f2fc89a0aec83ac506d8693ebc
g13_meg3_full_chr11__warmup__candidate__0/time.txt	1619	fae6cf55a1a345846e61353e8d8629eec167a1fcd340736c7e1de6f8e6f00974
n01_malat1_full_guard__pair00__preflight__0/correctness.json	108	d3a0533fb1d308eee9ee7f6ba2a4fff38680826160c10a0e4d043de8c3ec6c6f
n01_malat1_full_guard__pair00__preflight__0/environment.json	25043	13522354820b57a6d2ad12c13505c3aa4fbdbae757322243203d52f413992707
n01_malat1_full_guard__pair00__preflight__0/execution.json	105	e113efe10a387fbc7850b78579cc1e6b120a7096d6206cdd4a799bb1ff204260
n01_malat1_full_guard__pair00__preflight__0/gpu-memory.csv	279	82889e95d016e9a105236dbcedc06282543df0c7c4fed02d26f6466ac538ab4c
n01_malat1_full_guard__pair00__preflight__0/inputs/query.fa	8832	4be95d0ec954d6bda4fa1b106b404d59eeff35dae03e077aaa540c8ecdb07bda
n01_malat1_full_guard__pair00__preflight__0/run-complete.json	465	c8746df5fe01d1e90491a4d567ab0e91ae36a873771e00237e00a1aad451f817
n01_malat1_full_guard__pair00__preflight__0/run-config.json	1758	7bbfd331d04287676a9bf6e16dd5d557fd2885afba4ba6825d358e77caea09b1
n01_malat1_full_guard__pair00__preflight__0/stderr.log	0	e3b0c44298fc1c149afbf4c8996fb92427ae41e4649b934ca495991b7852b855
n01_malat1_full_guard__pair00__preflight__0/stdout.log	15	43ba2acddd00041f99176fef0c705b6a08f923ed96cf53d1e036d27cf53855e1
n01_malat1_full_guard__pair00__preflight__0/summary.json	1219	baceec357e1b9de32af9d5da7ccbff37a1a1bfd82112c4e10ff28ce4012f38d5
n01_malat1_full_guard__pair00__preflight__0/time.txt	0	e3b0c44298fc1c149afbf4c8996fb92427ae41e4649b934ca495991b7852b855
n02_neat1_full_guard__pair00__preflight__0/correctness.json	108	d3a0533fb1d308eee9ee7f6ba2a4fff38680826160c10a0e4d043de8c3ec6c6f
n02_neat1_full_guard__pair00__preflight__0/environment.json	25043	bbc162a64183aa460cfba768f7c02e1a56e080558558b8b1f80deeb7e3eccf86
n02_neat1_full_guard__pair00__preflight__0/execution.json	105	e113efe10a387fbc7850b78579cc1e6b120a7096d6206cdd4a799bb1ff204260
n02_neat1_full_guard__pair00__preflight__0/gpu-memory.csv	279	64db6f634affcbdfc131d25b09afbec62578b5aead729b922d9d0b8d03af36c5
n02_neat1_full_guard__pair00__preflight__0/inputs/query.fa	23067	04d7b4b4f1527e553d240d5d0367714854ede48a605494ee660a0366bce5101b
n02_neat1_full_guard__pair00__preflight__0/run-complete.json	464	000fe39f2bdb86c8928954f2ddc2580f813c72b92ab56bb5d94f9ed4747a25a4
n02_neat1_full_guard__pair00__preflight__0/run-config.json	1750	be2cba15d28e4088ab6ec0a0f94bd7143f9ba6d515ef31f9080e22f07c30299e
n02_neat1_full_guard__pair00__preflight__0/stderr.log	0	e3b0c44298fc1c149afbf4c8996fb92427ae41e4649b934ca495991b7852b855
n02_neat1_full_guard__pair00__preflight__0/stdout.log	15	43ba2acddd00041f99176fef0c705b6a08f923ed96cf53d1e036d27cf53855e1
n02_neat1_full_guard__pair00__preflight__0/summary.json	1214	9e663649d4d3a9b267a177f945f3c22e5ba3c1ca7fbaa995d0fb6ba77cab528b
n02_neat1_full_guard__pair00__preflight__0/time.txt	0	e3b0c44298fc1c149afbf4c8996fb92427ae41e4649b934ca495991b7852b855
n03_kcnq1ot1_full_guard__pair00__preflight__0/correctness.json	108	d3a0533fb1d308eee9ee7f6ba2a4fff38680826160c10a0e4d043de8c3ec6c6f
n03_kcnq1ot1_full_guard__pair00__preflight__0/environment.json	25043	fe4d9b8b6846b7a43c02c0d17fd34b28607bbafe9c880799b1e20a2adee8934d
n03_kcnq1ot1_full_guard__pair00__preflight__0/execution.json	105	e113efe10a387fbc7850b78579cc1e6b120a7096d6206cdd4a799bb1ff204260
n03_kcnq1ot1_full_guard__pair00__preflight__0/gpu-memory.csv	279	1c8e7362c7fc6d733f8ccb1470f72b2a1f10d7b9fde67ed89c305464794e84ed
n03_kcnq1ot1_full_guard__pair00__preflight__0/inputs/query.fa	92840	fdf4dc2f0c02addb9b6995b5c381719c7c4114903c21aa8cccd4ae6eef31c664
n03_kcnq1ot1_full_guard__pair00__preflight__0/run-complete.json	467	46925ea2f4087a29cecd1f1629d4a244039d0aa86e342a40497652c7be785501
n03_kcnq1ot1_full_guard__pair00__preflight__0/run-config.json	1779	7205845eb4fd9dfe883ad71ba765cc702a0fe5656cbe1c0865a6ca8029b67e35
n03_kcnq1ot1_full_guard__pair00__preflight__0/stderr.log	0	e3b0c44298fc1c149afbf4c8996fb92427ae41e4649b934ca495991b7852b855
n03_kcnq1ot1_full_guard__pair00__preflight__0/stdout.log	15	43ba2acddd00041f99176fef0c705b6a08f923ed96cf53d1e036d27cf53855e1
n03_kcnq1ot1_full_guard__pair00__preflight__0/summary.json	1229	856bf30462bf7546b1affcf5d471513f02b423566350f9dcb267d74747218c1c
n03_kcnq1ot1_full_guard__pair00__preflight__0/time.txt	0	e3b0c44298fc1c149afbf4c8996fb92427ae41e4649b934ca495991b7852b855
pairs-v1/g01_malat1_5p_1024_chr11__pair01__0/comparator.stderr.log	0	e3b0c44298fc1c149afbf4c8996fb92427ae41e4649b934ca495991b7852b855
pairs-v1/g01_malat1_5p_1024_chr11__pair01__0/comparator.stdout.log	894	9cea813392f3775d69b6420a8fa0ae81a6592aaad7b8ecd40e5118cc96524d9d
pairs-v1/g01_malat1_5p_1024_chr11__pair01__0/pair-complete.json	289	7b2f3150b8b85b95b47d9768c03267ee874630fd54e10f5fece558446b194397
pairs-v1/g01_malat1_5p_1024_chr11__pair01__0/pair-config.json	1016	08191b39ce550dee4f3d9ceca9eb32ae73fe9feeb04d1d4f2fba42dd7a6e4b50
pairs-v1/g01_malat1_5p_1024_chr11__pair01__0/pair-summary.json	2277	f763047cd339a640c1d97db8c441343aa48ed679e414d8c4b62a67f2ed403bcf
pairs-v1/g01_malat1_5p_1024_chr11__pair01__0/top5-details.tsv	17790	2809cb549d488e0333bbfc8173275182732f42e1f70a0f56a9b8cbb61984e36f
pairs-v1/g01_malat1_5p_1024_chr11__pair02__0/comparator.stderr.log	0	e3b0c44298fc1c149afbf4c8996fb92427ae41e4649b934ca495991b7852b855
pairs-v1/g01_malat1_5p_1024_chr11__pair02__0/comparator.stdout.log	894	bc2f604dbf2bb0d5f2012175663b7b22ba775871dfdca4d49730ab58d6230736
pairs-v1/g01_malat1_5p_1024_chr11__pair02__0/pair-complete.json	289	bf9f91cc6ab82461ac44a103a7662f4adf5a9169e9d985a904f6082983b74968
pairs-v1/g01_malat1_5p_1024_chr11__pair02__0/pair-config.json	1016	1c05bc9fc4b3908ab635bac25125901b65d9baf66623a077e922ed1aede3a237
pairs-v1/g01_malat1_5p_1024_chr11__pair02__0/pair-summary.json	2277	2816c3c3e25e903612bc52ce195c6d6a8ca63e26100b62c11f2abf1d13c4923e
pairs-v1/g01_malat1_5p_1024_chr11__pair02__0/top5-details.tsv	17790	2809cb549d488e0333bbfc8173275182732f42e1f70a0f56a9b8cbb61984e36f
pairs-v1/g01_malat1_5p_1024_chr11__pair03__0/comparator.stderr.log	0	e3b0c44298fc1c149afbf4c8996fb92427ae41e4649b934ca495991b7852b855
pairs-v1/g01_malat1_5p_1024_chr11__pair03__0/comparator.stdout.log	894	82a0b75fe3ace820d29fca06f9003d33af3d7d18095fe67b01921304176328fb
pairs-v1/g01_malat1_5p_1024_chr11__pair03__0/pair-complete.json	289	1bc679286f1bdde13cefa1dc37449c46bc5b6ac302b83229230a6d1ff1948dc6
pairs-v1/g01_malat1_5p_1024_chr11__pair03__0/pair-config.json	1016	cf8d0f6dbd6c5c6c8518ff67ef702bd544bea271f0e154dc910c0034aca2e2d8
pairs-v1/g01_malat1_5p_1024_chr11__pair03__0/pair-summary.json	2276	6dfb0fc793ddefe360c92e082403337d7b084234dc8909b0c13d694a5729f6cd
pairs-v1/g01_malat1_5p_1024_chr11__pair03__0/top5-details.tsv	17790	2809cb549d488e0333bbfc8173275182732f42e1f70a0f56a9b8cbb61984e36f
pairs-v1/g02_malat1_mid_2048_chr21__pair01__0/comparator.stderr.log	0	e3b0c44298fc1c149afbf4c8996fb92427ae41e4649b934ca495991b7852b855
pairs-v1/g02_malat1_mid_2048_chr21__pair01__0/comparator.stdout.log	902	9a6df279eecdb6a4309cbfb95d9a130360be3ec063018f0c35414ad40dd4c100
pairs-v1/g02_malat1_mid_2048_chr21__pair01__0/pair-complete.json	290	eb42a1f950dc8c30fbe182206c8230b4a59c1aa78feea8650b6b9046dc930aa2
pairs-v1/g02_malat1_mid_2048_chr21__pair01__0/pair-config.json	1021	9c1b084f8a4c6020a7fe450e6e970beedb1715e0da18f56711a4d26a80ee8bcd
pairs-v1/g02_malat1_mid_2048_chr21__pair01__0/pair-summary.json	2289	d14506b29461f97dfc9e7e3a02c2555485f87d5a029d0d2089d5223d42ee5f2f
pairs-v1/g02_malat1_mid_2048_chr21__pair01__0/top5-details.tsv	18612	b29ef465ebbe22beec553318ff36f190a30e98212f53436fb849dd3e8affc4c9
pairs-v1/g02_malat1_mid_2048_chr21__pair02__0/comparator.stderr.log	0	e3b0c44298fc1c149afbf4c8996fb92427ae41e4649b934ca495991b7852b855
pairs-v1/g02_malat1_mid_2048_chr21__pair02__0/comparator.stdout.log	902	58380b707be26af0e02c9b061790f504793911daf038c381943c97c311a0fd8c
pairs-v1/g02_malat1_mid_2048_chr21__pair02__0/pair-complete.json	290	65489e2802053ef9584abf404ee3a0a28ec834b2aa6f125832f29cdc453d624d
pairs-v1/g02_malat1_mid_2048_chr21__pair02__0/pair-config.json	1021	e1442c3b7cbe383591574b31ded5b98009c5a2f2f6ef09ec69b9663f23fdfc0d
pairs-v1/g02_malat1_mid_2048_chr21__pair02__0/pair-summary.json	2290	4ce8a57fded1d2f7087310eded570e5eb9f6a395ffbc02da34b036e6a4584a7c
pairs-v1/g02_malat1_mid_2048_chr21__pair02__0/top5-details.tsv	18612	b29ef465ebbe22beec553318ff36f190a30e98212f53436fb849dd3e8affc4c9
pairs-v1/g02_malat1_mid_2048_chr21__pair03__0/comparator.stderr.log	0	e3b0c44298fc1c149afbf4c8996fb92427ae41e4649b934ca495991b7852b855
pairs-v1/g02_malat1_mid_2048_chr21__pair03__0/comparator.stdout.log	902	24dddfb282b04c87adddec24d0a70f99c594692275dbdf977fd7fab2a5159988
pairs-v1/g02_malat1_mid_2048_chr21__pair03__0/pair-complete.json	290	c388ef7e4ae727ccee34aa1b4119a55ba81c676c2af61b62d884069f4488e0d2
pairs-v1/g02_malat1_mid_2048_chr21__pair03__0/pair-config.json	1021	b6c3aa8dc7e74296f92c5d1b60a7dd8b1697832be0f9bed37bc6d4805edba491
pairs-v1/g02_malat1_mid_2048_chr21__pair03__0/pair-summary.json	2291	9a8872cdaa40ebade07430932940a0d8418177de30aa378e34811c316bb693e3
pairs-v1/g02_malat1_mid_2048_chr21__pair03__0/top5-details.tsv	18612	b29ef465ebbe22beec553318ff36f190a30e98212f53436fb849dd3e8affc4c9
pairs-v1/g03_malat1_3p_2812_chr22__pair01__0/comparator.stderr.log	0	e3b0c44298fc1c149afbf4c8996fb92427ae41e4649b934ca495991b7852b855
pairs-v1/g03_malat1_3p_2812_chr22__pair01__0/comparator.stdout.log	900	52fb3a5119be0b136460477ef3726625907008e99d53e2f83cf26f851aabcea4
pairs-v1/g03_malat1_3p_2812_chr22__pair01__0/pair-complete.json	289	ad8612e36191f8927adbb9627cdf615478a2103a68720de4930c38dfbdc4d7e1
pairs-v1/g03_malat1_3p_2812_chr22__pair01__0/pair-config.json	1016	c56f5eb96df5b946056b13034307482ba463b1d992908e7553c38eef8b4428dc
pairs-v1/g03_malat1_3p_2812_chr22__pair01__0/pair-summary.json	2278	567ed9529dd041d2573ee72c8b517da8e268b5a8ba4d55566c9e45ce08d2418b
pairs-v1/g03_malat1_3p_2812_chr22__pair01__0/top5-details.tsv	17920	2dc6315b5035eb7eda47d496a27711266630b3bfdbf8aba3974624f30066ad72
pairs-v1/g03_malat1_3p_2812_chr22__pair02__0/comparator.stderr.log	0	e3b0c44298fc1c149afbf4c8996fb92427ae41e4649b934ca495991b7852b855
pairs-v1/g03_malat1_3p_2812_chr22__pair02__0/comparator.stdout.log	900	d91d89d046e89677a394d935bfa55439d293dbba533a007b745ca6cdd458207a
pairs-v1/g03_malat1_3p_2812_chr22__pair02__0/pair-complete.json	289	902bcc1a172c561a3e389a232cc9b8cc7d3b28b9507e3479e9cb1ecf86e152c2
pairs-v1/g03_malat1_3p_2812_chr22__pair02__0/pair-config.json	1016	6118ad0079bd17ae19c0e7d6a1671492bd68ec8c7be0200ec7561f9f681edfb8
pairs-v1/g03_malat1_3p_2812_chr22__pair02__0/pair-summary.json	2277	2aaf827869725ac3bde9cbba1a7931c44706a9b7ea410542d896cab84328ce89
pairs-v1/g03_malat1_3p_2812_chr22__pair02__0/top5-details.tsv	17920	2dc6315b5035eb7eda47d496a27711266630b3bfdbf8aba3974624f30066ad72
pairs-v1/g03_malat1_3p_2812_chr22__pair03__0/comparator.stderr.log	0	e3b0c44298fc1c149afbf4c8996fb92427ae41e4649b934ca495991b7852b855
pairs-v1/g03_malat1_3p_2812_chr22__pair03__0/comparator.stdout.log	900	cbf83e01a516b695751e022ed95a707d8cd2dc96e5d57c37b6542a3b3aabdeda
pairs-v1/g03_malat1_3p_2812_chr22__pair03__0/pair-complete.json	289	cad85164d7540040056b3e0e12b968da0de5d3241c6c23fc14d8fc56534c75e5
pairs-v1/g03_malat1_3p_2812_chr22__pair03__0/pair-config.json	1016	84d50e53f577a6cbe898725e3baa25d9b81a7b9dfc8c692e988c98b36a32667c
pairs-v1/g03_malat1_3p_2812_chr22__pair03__0/pair-summary.json	2277	0b8b9a89c0f0fbb144b2897b84932bf67d15db878e47498fd283a126af8fe737
pairs-v1/g03_malat1_3p_2812_chr22__pair03__0/top5-details.tsv	17920	2dc6315b5035eb7eda47d496a27711266630b3bfdbf8aba3974624f30066ad72
pairs-v1/g04_neat1_5p_2048_chr22__pair01__0/comparator.stderr.log	0	e3b0c44298fc1c149afbf4c8996fb92427ae41e4649b934ca495991b7852b855
pairs-v1/g04_neat1_5p_2048_chr22__pair01__0/comparator.stdout.log	890	c07cc9b36ce4f25d38553abe1e11968bf9d926bacf89edbaef268e8748bcd78f
pairs-v1/g04_neat1_5p_2048_chr22__pair01__0/pair-complete.json	288	015c9df238a8e01075a7418a3ab40aa3f0f4ce9e4b0936cbfa0047e9f3bd7b06
pairs-v1/g04_neat1_5p_2048_chr22__pair01__0/pair-config.json	1011	dbc894455947500c5b812de7f1387cdfbfe3b161355f0070b32970f6564144c4
pairs-v1/g04_neat1_5p_2048_chr22__pair01__0/pair-summary.json	2271	0c0c42ab8785ce46e091655c00fed04dfb8fcb23793613110c94040072f1fed1
pairs-v1/g04_neat1_5p_2048_chr22__pair01__0/top5-details.tsv	20130	47e5f906fb584628d1cde1e27701d58fc7f9f8a485cf73b52ff9384ce9a6ee04
pairs-v1/g04_neat1_5p_2048_chr22__pair02__0/comparator.stderr.log	0	e3b0c44298fc1c149afbf4c8996fb92427ae41e4649b934ca495991b7852b855
pairs-v1/g04_neat1_5p_2048_chr22__pair02__0/comparator.stdout.log	890	87e9fde1841812fe4f517d36dac696f71d82fb49be75583b57f892bbab5987ce
pairs-v1/g04_neat1_5p_2048_chr22__pair02__0/pair-complete.json	288	24e851054c1398089998fc0b2ca8b91a1a49e8a471adbe74c49e70be838c3d90
pairs-v1/g04_neat1_5p_2048_chr22__pair02__0/pair-config.json	1011	c81c58deff5aeb03d351be0809a22bff8f7a96a909864c636c1e1a07022679ba
pairs-v1/g04_neat1_5p_2048_chr22__pair02__0/pair-summary.json	2272	7349ee057ab5fa3564fc6f597f302e6da53bad0346811be33d489bf23788e4b6
pairs-v1/g04_neat1_5p_2048_chr22__pair02__0/top5-details.tsv	20130	47e5f906fb584628d1cde1e27701d58fc7f9f8a485cf73b52ff9384ce9a6ee04
pairs-v1/g04_neat1_5p_2048_chr22__pair03__0/comparator.stderr.log	0	e3b0c44298fc1c149afbf4c8996fb92427ae41e4649b934ca495991b7852b855
pairs-v1/g04_neat1_5p_2048_chr22__pair03__0/comparator.stdout.log	890	9093cd127694f8e1477e5670cf21959c8cda204d4d9a4aa0eb24d7f8dec7a46d
pairs-v1/g04_neat1_5p_2048_chr22__pair03__0/pair-complete.json	288	be5ec9f5e60f5e4ecf63b7ece58f616f53e30e5fa7300890c3e573390d14f78c
pairs-v1/g04_neat1_5p_2048_chr22__pair03__0/pair-config.json	1011	79b393342c070e08ebb37cb4fadf4f9dd54d316f7db10544d4a6a284651e7371
pairs-v1/g04_neat1_5p_2048_chr22__pair03__0/pair-summary.json	2272	31fa67d19e8acddcd48ac2a43513957ae5f19bfa24d76765b25614f8b9c437ab
pairs-v1/g04_neat1_5p_2048_chr22__pair03__0/top5-details.tsv	20130	47e5f906fb584628d1cde1e27701d58fc7f9f8a485cf73b52ff9384ce9a6ee04
pairs-v1/g05_neat1_mid_2812_chr11__pair01__0/comparator.stderr.log	0	e3b0c44298fc1c149afbf4c8996fb92427ae41e4649b934ca495991b7852b855
pairs-v1/g05_neat1_mid_2812_chr11__pair01__0/comparator.stdout.log	908	bb1ee315b527fd8294426366e7620d41f7b67aad5e4640f747dbadfefea808c0
pairs-v1/g05_neat1_mid_2812_chr11__pair01__0/pair-complete.json	289	950a335b589d4e1fa39aee862240b884afd3d35f9813ebf1b8ad087eefeed642
pairs-v1/g05_neat1_mid_2812_chr11__pair01__0/pair-config.json	1016	dc9edbe899137f26a9dc2c83aeaf6482c064384648f14dfdc2f8a45b6d49378c
pairs-v1/g05_neat1_mid_2812_chr11__pair01__0/pair-summary.json	2281	4490923b37c919b8e5bd75ce223f400dd3d259a31cc9b15747b2d67eba35dbd6
pairs-v1/g05_neat1_mid_2812_chr11__pair01__0/top5-details.tsv	21191	c42929534bdb6a3f9db588c72a8e3858df8bf241951e298ad49775513e349d8e
pairs-v1/g05_neat1_mid_2812_chr11__pair02__0/comparator.stderr.log	0	e3b0c44298fc1c149afbf4c8996fb92427ae41e4649b934ca495991b7852b855
pairs-v1/g05_neat1_mid_2812_chr11__pair02__0/comparator.stdout.log	908	49d0ee0da8464410cbf0d1250cadd74d88bd5e739500ec1e5d558178932cadc8
pairs-v1/g05_neat1_mid_2812_chr11__pair02__0/pair-complete.json	289	0609cf21175af68e793dc258e5579aa3abbdd88b3118e32e768a4849fb94db32
pairs-v1/g05_neat1_mid_2812_chr11__pair02__0/pair-config.json	1016	dc315b1c948e6ce9126e732d956f58f1c663ac92ec502affc757d13657fb23ae
pairs-v1/g05_neat1_mid_2812_chr11__pair02__0/pair-summary.json	2281	5542d163cc4b8e44265c6798a08f5c2f62e7b5969a72fe47a61398a8d7300be5
pairs-v1/g05_neat1_mid_2812_chr11__pair02__0/top5-details.tsv	21191	c42929534bdb6a3f9db588c72a8e3858df8bf241951e298ad49775513e349d8e
pairs-v1/g05_neat1_mid_2812_chr11__pair03__0/comparator.stderr.log	0	e3b0c44298fc1c149afbf4c8996fb92427ae41e4649b934ca495991b7852b855
pairs-v1/g05_neat1_mid_2812_chr11__pair03__0/comparator.stdout.log	908	9a645bd970e55b1acbb5b9e35a23d209b7f88221dbb33131800d5226b41b11f0
pairs-v1/g05_neat1_mid_2812_chr11__pair03__0/pair-complete.json	289	0ec10f925fe85fa0bc0a102466817ed9a1b0a5a5d465baae079fa5aca802841c
pairs-v1/g05_neat1_mid_2812_chr11__pair03__0/pair-config.json	1016	5cb4f83f5fef039cd96987507e263a684f17114890ee5a779e6b4ebcc3cc495e
pairs-v1/g05_neat1_mid_2812_chr11__pair03__0/pair-summary.json	2282	3d5461e2dd857f211d93bb49748f07413ad9d66bebb859a1b7ae573debaa56a6
pairs-v1/g05_neat1_mid_2812_chr11__pair03__0/top5-details.tsv	21191	c42929534bdb6a3f9db588c72a8e3858df8bf241951e298ad49775513e349d8e
pairs-v1/g06_neat1_3p_1024_chr21__pair01__0/comparator.stderr.log	0	e3b0c44298fc1c149afbf4c8996fb92427ae41e4649b934ca495991b7852b855
pairs-v1/g06_neat1_3p_1024_chr21__pair01__0/comparator.stdout.log	894	1a42d01d2cb280421f0e43b9ae91b6b881c381e8d7b3ce78ce219fbbe7b0c0c0
pairs-v1/g06_neat1_3p_1024_chr21__pair01__0/pair-complete.json	288	88febce1b92d5bd803bfa051873432f933fa24bda3eb5dc8d4ae868065e326b3
pairs-v1/g06_neat1_3p_1024_chr21__pair01__0/pair-config.json	1011	0a3d34a92616d3a2cc374f5eb248602a6db5c89ef0902e7bac1ba55173f067fd
pairs-v1/g06_neat1_3p_1024_chr21__pair01__0/pair-summary.json	2268	460f1265a4e312ee9cfa3cf941861a1b45f39fd353f162814c9986a730620bde
pairs-v1/g06_neat1_3p_1024_chr21__pair01__0/top5-details.tsv	16132	f9f45f354822bcb8086369de80ca1d5ae1fab2c6cbdd1cd59e9654d799ce72d9
pairs-v1/g06_neat1_3p_1024_chr21__pair02__0/comparator.stderr.log	0	e3b0c44298fc1c149afbf4c8996fb92427ae41e4649b934ca495991b7852b855
pairs-v1/g06_neat1_3p_1024_chr21__pair02__0/comparator.stdout.log	894	c7d9dec995070c699a6b43fb4f4c37ffdaeeeaa285b462fb4f92fd37da385efa
pairs-v1/g06_neat1_3p_1024_chr21__pair02__0/pair-complete.json	288	fce5342adb2d7738d8f514dc83d0b25ac55625778e77b9fa5b1fce2b2f66db32
pairs-v1/g06_neat1_3p_1024_chr21__pair02__0/pair-config.json	1011	8fddced37b854bc70a5f32daad8cac6c40793833eb6bd3516e937d0b12ec6de5
pairs-v1/g06_neat1_3p_1024_chr21__pair02__0/pair-summary.json	2269	930caa51ee0fdc3831223496812d24bc28c6b0bc7737d8d894681e86f91817bc
pairs-v1/g06_neat1_3p_1024_chr21__pair02__0/top5-details.tsv	16132	f9f45f354822bcb8086369de80ca1d5ae1fab2c6cbdd1cd59e9654d799ce72d9
pairs-v1/g06_neat1_3p_1024_chr21__pair03__0/comparator.stderr.log	0	e3b0c44298fc1c149afbf4c8996fb92427ae41e4649b934ca495991b7852b855
pairs-v1/g06_neat1_3p_1024_chr21__pair03__0/comparator.stdout.log	894	f1292fe694c2062c548e8c66932d0d4aadabb67c75b780514560b5eddee9c266
pairs-v1/g06_neat1_3p_1024_chr21__pair03__0/pair-complete.json	288	b1d71d1a7afe2e7a346d2dd56454477d67fc9797d1816f451ba08d1fbe1d5f1d
pairs-v1/g06_neat1_3p_1024_chr21__pair03__0/pair-config.json	1011	308b5dda4b853ce25a84baf33006b79b46d44a963ac704ca707d83f7e181c4c9
pairs-v1/g06_neat1_3p_1024_chr21__pair03__0/pair-summary.json	2269	2564a272cfd7a14470498070ae6edc2955525b30eab2646ef94afd2ce9c3e884
pairs-v1/g06_neat1_3p_1024_chr21__pair03__0/top5-details.tsv	16132	f9f45f354822bcb8086369de80ca1d5ae1fab2c6cbdd1cd59e9654d799ce72d9
pairs-v1/g07_kcnq1ot1_5p_2812_chr21__pair01__0/comparator.stderr.log	0	e3b0c44298fc1c149afbf4c8996fb92427ae41e4649b934ca495991b7852b855
pairs-v1/g07_kcnq1ot1_5p_2812_chr21__pair01__0/comparator.stdout.log	914	bb8d660fbb4ccc9b0ad3d4161f7d1d324cda6fd55abc8dff9d226ea90a010e0f
pairs-v1/g07_kcnq1ot1_5p_2812_chr21__pair01__0/pair-complete.json	291	aaa75e2d116460128cbfd3ab0403d4c9daa1028defcd2f46a3200fd1973e2e6c
pairs-v1/g07_kcnq1ot1_5p_2812_chr21__pair01__0/pair-config.json	1026	eb59956e0bdbd8b800faae1f77372c96012b4d5037eadceb339b07aa2f07e71f
pairs-v1/g07_kcnq1ot1_5p_2812_chr21__pair01__0/pair-summary.json	2288	529acf388c879ae037958e1fda938aa7aaaf586c6ccb147952b3cadfd65cc740
pairs-v1/g07_kcnq1ot1_5p_2812_chr21__pair01__0/top5-details.tsv	19110	46fa60fd8dd4090e5823ab06402489288d41756d1c475055cf2678f2c6528a51
pairs-v1/g07_kcnq1ot1_5p_2812_chr21__pair02__0/comparator.stderr.log	0	e3b0c44298fc1c149afbf4c8996fb92427ae41e4649b934ca495991b7852b855
pairs-v1/g07_kcnq1ot1_5p_2812_chr21__pair02__0/comparator.stdout.log	914	b84f09426412e8f554afd3e1dd9b680647159879fde4f85689800ad6085f4ea7
pairs-v1/g07_kcnq1ot1_5p_2812_chr21__pair02__0/pair-complete.json	291	ab281a9204b64fc6f6498a7344d56796bfc359e5f9765f0e12516d9ecd6f976a
pairs-v1/g07_kcnq1ot1_5p_2812_chr21__pair02__0/pair-config.json	1026	7896f3310c9b4f95f5fff14e3d25770609bc33b6c2fe4fdd6e1f3bcd45bab060
pairs-v1/g07_kcnq1ot1_5p_2812_chr21__pair02__0/pair-summary.json	2287	a33515010a6074845e63f5e3297f1f7ac7dd7e7c9574756ac2e90414a3f7a64a
pairs-v1/g07_kcnq1ot1_5p_2812_chr21__pair02__0/top5-details.tsv	19110	46fa60fd8dd4090e5823ab06402489288d41756d1c475055cf2678f2c6528a51
pairs-v1/g07_kcnq1ot1_5p_2812_chr21__pair03__0/comparator.stderr.log	0	e3b0c44298fc1c149afbf4c8996fb92427ae41e4649b934ca495991b7852b855
pairs-v1/g07_kcnq1ot1_5p_2812_chr21__pair03__0/comparator.stdout.log	914	32cdd65a4ff3a61e18793a4bf0a856685bc2e6f87a71afcd3dfb62d88fcc7944
pairs-v1/g07_kcnq1ot1_5p_2812_chr21__pair03__0/pair-complete.json	291	bf4a38e2bd21bb0bb44eab2ec2f6b5ca8d66c8a2a99ca98cff8050c5fc4f0990
pairs-v1/g07_kcnq1ot1_5p_2812_chr21__pair03__0/pair-config.json	1026	318146a8ef06f6287bd6b275f0f56df352c96f3ab00503eb849a653479862ed8
pairs-v1/g07_kcnq1ot1_5p_2812_chr21__pair03__0/pair-summary.json	2288	9146065b9f73dd7f877271372c922b9c40d1a7e47f22ebfd54df2bb77271856d
pairs-v1/g07_kcnq1ot1_5p_2812_chr21__pair03__0/top5-details.tsv	19110	46fa60fd8dd4090e5823ab06402489288d41756d1c475055cf2678f2c6528a51
pairs-v1/g08_kcnq1ot1_mid_1024_chr22__pair01__0/comparator.stderr.log	0	e3b0c44298fc1c149afbf4c8996fb92427ae41e4649b934ca495991b7852b855
pairs-v1/g08_kcnq1ot1_mid_1024_chr22__pair01__0/comparator.stdout.log	932	f9fb42dcd432d3fd9ed5331ecfb9865653a75e23cacba086ebebf65cc2f669a7
pairs-v1/g08_kcnq1ot1_mid_1024_chr22__pair01__0/pair-complete.json	292	32fab1aa32f197f751dbbb54a648a9d8acd4a2fceb0f4edacc35eec27608e74f
pairs-v1/g08_kcnq1ot1_mid_1024_chr22__pair01__0/pair-config.json	1031	bb07efa6f4df987fc298345672308c9bb994bbed3bdf98516674824491c991d4
pairs-v1/g08_kcnq1ot1_mid_1024_chr22__pair01__0/pair-summary.json	2292	94cc22b86e49131e834c71c25ab831ed470272ade7d7982c680fd268a966021a
pairs-v1/g08_kcnq1ot1_mid_1024_chr22__pair01__0/top5-details.tsv	18890	d971fcca9e47787a94c59ce0047071ffc78ff8626ccf224cd21c18fc2014d95d
pairs-v1/g08_kcnq1ot1_mid_1024_chr22__pair02__0/comparator.stderr.log	0	e3b0c44298fc1c149afbf4c8996fb92427ae41e4649b934ca495991b7852b855
pairs-v1/g08_kcnq1ot1_mid_1024_chr22__pair02__0/comparator.stdout.log	932	c1137d5990c99dacde12f3b63caf4cc33360ae3e7cecd67f34d463861be5e5c3
pairs-v1/g08_kcnq1ot1_mid_1024_chr22__pair02__0/pair-complete.json	292	1b6d0336317bf71339b5941bd1af5dbf6d16eedc2e753ce2f960039d647ba3c3
pairs-v1/g08_kcnq1ot1_mid_1024_chr22__pair02__0/pair-config.json	1031	e01d4e5ef6ee8364c261cf1d7d88906f57c7ad8a84d25357f017f0b3a5935fde
pairs-v1/g08_kcnq1ot1_mid_1024_chr22__pair02__0/pair-summary.json	2296	8b0b72236985a624e4227c7efbaeee07a390dee58bc2ddf8cbbd85f66099d33b
pairs-v1/g08_kcnq1ot1_mid_1024_chr22__pair02__0/top5-details.tsv	18890	d971fcca9e47787a94c59ce0047071ffc78ff8626ccf224cd21c18fc2014d95d
pairs-v1/g08_kcnq1ot1_mid_1024_chr22__pair03__0/comparator.stderr.log	0	e3b0c44298fc1c149afbf4c8996fb92427ae41e4649b934ca495991b7852b855
pairs-v1/g08_kcnq1ot1_mid_1024_chr22__pair03__0/comparator.stdout.log	932	1887e6534ec3230aed459c2fe3966c1a9476d350d17289d31cbd95d6eb69096d
pairs-v1/g08_kcnq1ot1_mid_1024_chr22__pair03__0/pair-complete.json	292	fb96803b59d0f5a5ee78d5fdb43bd8bf06a39865c788a580f4e45056991f5f41
pairs-v1/g08_kcnq1ot1_mid_1024_chr22__pair03__0/pair-config.json	1031	b19c67825ec333cb237e0b3d0f1b2eedefaebdd04ac274a8bbff87f81c8d0d5a
pairs-v1/g08_kcnq1ot1_mid_1024_chr22__pair03__0/pair-summary.json	2294	d057b509d66a9f00eec2bbe709e25628d7e3943b020cda3b3eeb80fff76ec130
pairs-v1/g08_kcnq1ot1_mid_1024_chr22__pair03__0/top5-details.tsv	18890	d971fcca9e47787a94c59ce0047071ffc78ff8626ccf224cd21c18fc2014d95d
pairs-v1/g09_kcnq1ot1_3p_2048_chr11__pair01__0/comparator.stderr.log	0	e3b0c44298fc1c149afbf4c8996fb92427ae41e4649b934ca495991b7852b855
pairs-v1/g09_kcnq1ot1_3p_2048_chr11__pair01__0/comparator.stdout.log	930	a7bfc09fc42926ea06a98e6a2257982e02dd6ce83da5d5bc7d3d4eaf3e115641
pairs-v1/g09_kcnq1ot1_3p_2048_chr11__pair01__0/pair-complete.json	291	1495b77bf33fe040bfd0d7696e30834ba463328a306d4fd0d6700e38c374a1b1
pairs-v1/g09_kcnq1ot1_3p_2048_chr11__pair01__0/pair-config.json	1026	a756c7caebe5aec8fe3bcc8b26ceb5ab4826eeef4ce2cc8796bf301e2e189b03
pairs-v1/g09_kcnq1ot1_3p_2048_chr11__pair01__0/pair-summary.json	2295	71b57e06ca4273b3025d5ca36d9f56296932ff940e0df2a6df95c75bb113ae04
pairs-v1/g09_kcnq1ot1_3p_2048_chr11__pair01__0/top5-details.tsv	22105	81b82bc655846d8073907b57139712b2953f2ce19a8cd1f6b141e06a5b0b6967
pairs-v1/g09_kcnq1ot1_3p_2048_chr11__pair02__0/comparator.stderr.log	0	e3b0c44298fc1c149afbf4c8996fb92427ae41e4649b934ca495991b7852b855
pairs-v1/g09_kcnq1ot1_3p_2048_chr11__pair02__0/comparator.stdout.log	930	ca16ad627ba90d0fa9998d9647b63cb89451c640e5c33f2217cd825dc5dd21cd
pairs-v1/g09_kcnq1ot1_3p_2048_chr11__pair02__0/pair-complete.json	291	c2efd5c21239d7c89779b9f58481f9904eb39f27e0e4d8ecf67fb77e56c9fae1
pairs-v1/g09_kcnq1ot1_3p_2048_chr11__pair02__0/pair-config.json	1026	d13e0097ca8385c9a5a00d000fe68759f63d2f00e5e0c2813dede02f04b1f7f9
pairs-v1/g09_kcnq1ot1_3p_2048_chr11__pair02__0/pair-summary.json	2296	cd9d8cde4d9e450cb1fd612f3dae4fab0b70eae6e3fc0e7001f816340c06593f
pairs-v1/g09_kcnq1ot1_3p_2048_chr11__pair02__0/top5-details.tsv	22105	81b82bc655846d8073907b57139712b2953f2ce19a8cd1f6b141e06a5b0b6967
pairs-v1/g09_kcnq1ot1_3p_2048_chr11__pair03__0/comparator.stderr.log	0	e3b0c44298fc1c149afbf4c8996fb92427ae41e4649b934ca495991b7852b855
pairs-v1/g09_kcnq1ot1_3p_2048_chr11__pair03__0/comparator.stdout.log	930	99ccad0c001b3202eda17029fbb927ab7e802abaccc677e4f7aea0ac687b7392
pairs-v1/g09_kcnq1ot1_3p_2048_chr11__pair03__0/pair-complete.json	291	a5690fde3289da1a7ebc0a70dea050e4277069eefa303a1c3535104873c55d1c
pairs-v1/g09_kcnq1ot1_3p_2048_chr11__pair03__0/pair-config.json	1026	b51103ce570a5d7517e5987301432265a3ffd84be770b42f995039b746109635
pairs-v1/g09_kcnq1ot1_3p_2048_chr11__pair03__0/pair-summary.json	2297	65d58f7c2526716a13503d55d08b963bc258d9f6554ab6502c99a5a87adc12fd
pairs-v1/g09_kcnq1ot1_3p_2048_chr11__pair03__0/top5-details.tsv	22105	81b82bc655846d8073907b57139712b2953f2ce19a8cd1f6b141e06a5b0b6967
pairs-v1/g10_h19_full_chr11__pair01__0/comparator.stderr.log	0	e3b0c44298fc1c149afbf4c8996fb92427ae41e4649b934ca495991b7852b855
pairs-v1/g10_h19_full_chr11__pair01__0/comparator.stdout.log	882	1fd7696272a5e789ad4274ddfcf0bacfbaa956add682eb93267827a0b2061033
pairs-v1/g10_h19_full_chr11__pair01__0/pair-complete.json	283	7446c46f69696b2d1e7d53d7eb91e2e5fa2804c64d3a60ac45d2e8bf8ca1fcc4
pairs-v1/g10_h19_full_chr11__pair01__0/pair-config.json	979	249a6225144d273b1b29956205fc1dc68f469ea29908838206377124ba2459ba
pairs-v1/g10_h19_full_chr11__pair01__0/pair-summary.json	2238	e23d664215aef60553159a53d0802913c16f771560e2f9f22f6604a77d77d9ca
pairs-v1/g10_h19_full_chr11__pair01__0/top5-details.tsv	22360	053aed7108671fd730f09e83c0765985e49d057abb054bbe4989b1b093d45c90
pairs-v1/g11_h19_full_chr21__pair01__0/comparator.stderr.log	0	e3b0c44298fc1c149afbf4c8996fb92427ae41e4649b934ca495991b7852b855
pairs-v1/g11_h19_full_chr21__pair01__0/comparator.stdout.log	878	4b99a030096657e76b97ea7bb1de1a2c3d2cc93dc4e0cc1097d6e06132db2d75
pairs-v1/g11_h19_full_chr21__pair01__0/pair-complete.json	283	27047ed882eb85811da2c95235a76f3ae65a3b967ec21a03b84840530449af7d
pairs-v1/g11_h19_full_chr21__pair01__0/pair-config.json	979	78dbaf6e48f1e891c05b7b1831c06a703fd69b9c87d746648222892a954dc662
pairs-v1/g11_h19_full_chr21__pair01__0/pair-summary.json	2238	d5b378f295d410b113997b5eef0964e5260b88f262bb2f9198b26988b0578c43
pairs-v1/g11_h19_full_chr21__pair01__0/top5-details.tsv	19760	e3dc6efadb5bc303fd9248e8dc2b121cf07c9d7cf0addd665e6d4d02850eef4f
pairs-v1/g12_h19_full_chr22__pair01__0/comparator.stderr.log	0	e3b0c44298fc1c149afbf4c8996fb92427ae41e4649b934ca495991b7852b855
pairs-v1/g12_h19_full_chr22__pair01__0/comparator.stdout.log	882	17626d9b46a94c482acc70966c8d767cdbb4ecd5ac627d845e33d23b7d757271
pairs-v1/g12_h19_full_chr22__pair01__0/pair-complete.json	283	5b9b69514fcc2f0cba3247c8e3b53282fa624627da6658988f24b0080e29b72f
pairs-v1/g12_h19_full_chr22__pair01__0/pair-config.json	979	45f774a2df1ac9d2893de04c02461dd3212129bdc142879112d3aa3d099ccd6d
pairs-v1/g12_h19_full_chr22__pair01__0/pair-summary.json	2244	c0a8337ba8b11aeff3daaa8e2074ddf8a955039f516eab8e45dbc6a7f3ba674a
pairs-v1/g12_h19_full_chr22__pair01__0/top5-details.tsv	23476	7f81e79f1a7dc6c63035c349ef9d8ec32bf2497762efabb853b2cb1f6f2f9789
pairs-v1/g13_meg3_full_chr11__pair01__0/comparator.stderr.log	0	e3b0c44298fc1c149afbf4c8996fb92427ae41e4649b934ca495991b7852b855
pairs-v1/g13_meg3_full_chr11__pair01__0/comparator.stdout.log	912	90a6241fdf6a78e0c37e115c7247784c9c5f9bdb1664d1b3035263a064901154
pairs-v1/g13_meg3_full_chr11__pair01__0/pair-complete.json	284	5addb31154c1f4819ebd8323b0c74a027235ad012513b83b88fdf2f14c7ebeda
pairs-v1/g13_meg3_full_chr11__pair01__0/pair-config.json	984	4d20420eebca441ddcebc81f422dac70ba271d86fa668bd32bb63c33bd016472
pairs-v1/g13_meg3_full_chr11__pair01__0/pair-summary.json	2241	77287cb5628ec63f36604a773d4d8cd035d680ce6048bc2006babfe4e0eadd74
pairs-v1/g13_meg3_full_chr11__pair01__0/top5-details.tsv	18528	3b5e6823fc9fbbebf430afd9e16e787661511a6c1775fa3d2a05f44bb65b072c
phase3-failures.tsv	56	bfae78f0af6532fed96bd0e5a5dd999f68e360e59d3d0bfed09ff79e24884e21
phase3-guards.tsv	995	afbbd84f756d1e4006e0898cd92a1b14d27487ac362cc9d800251c4cae0319b7
phase3-pairs.tsv	24632	c5c49cb22514d97f4c6ba700c5fd66b084cb2af335bedf1095471409ab5c2854
phase3-runs.tsv	40881	88eab38d9e942cf10c46d39033a9bac05ebae99706958f1837bf82c347e20066
