path	evidence_group	size_bytes	sha256	git_blob_sha1
README.md	historical_support	8038	79e00af7c7481adec285715f99a6a846ab796111ae56d5cd2d546ae2a6c19c02	0aa4cbbba6e62a7e07a622c39e71ce6566703421
config/gasal2_longtarget_contracts.json	historical_support	8372	41a972eec8ffe96c581e82846d89ca8e26c92f01514aa8b08f1d5d5891390ee9	747bdc7d28f91021ab59ee682b72d4676b49e1a9
goal-bioinformatics.md	historical_support	61651	06959a7e9550ec6ca367d7dd29ec76bcb331495e122e814e2f246e9c998fc0a2	6e4c7403a1d518c5ec2279b072e2c857152e67ef
goal-final.md	historical_support	53196	3b2a54c2ca1eaf8af4b516c5bbc817764d45ad6335db8d45a0217029b01cfbd0	524e0c0f13a31aae43482b0ac2ba758046d020ca
goal.md	historical_support	45511	8489d7a4e37c9a2d4bdee78fcee40158230c513bfc6adcea9993abd7b8c71509	d8e1742f41b6e02d038172804c956d8f20964999
paper/PAPER_PREP_STATUS.md	historical_support	4578	37331c6d8eb989fb11122ca7bf77aa64aa9ddbeffb1213ec2406705cbec9b0c0	accfb271a6d1d79b4f6fdf91e36ae469619911f4
paper/bioinformatics/README.md	historical_support	5395	c84a6f24857556c87d40bc569857e3f45ff22fda377444092e2fa162eb4daca8	9f8c5a2fcfd7720ec5b8d1ff570f6ce75a9bd91b
paper/bioinformatics/application_attempt_plan.sha256	phase3_application_pilot	95	2a6a1f304fd4fdeaa675ecf4f4ddce46507d515976d21ba97063c21b6dcb4fc4	a2e43c1880ea65ca73bdf1d1f51468573871072a
paper/bioinformatics/application_attempt_plan.tsv	phase3_application_pilot	21214	b071692a3429414003a122b9388e2601ef5f1f41b6ace077a247424ff91175dd	bf4c773e88919afe8f1cf45b52870d43e216e8ce
paper/bioinformatics/application_input_summary.tsv	phase3_application_pilot	382	88f1273c81cd368d99e51a61214f1aa6dfe38fb40749d4459ebcf0541e4f05a2	370acd6ca5a2c16317c1c18be70373ad17f772f9
paper/bioinformatics/application_manifest.sha256	phase3_application_pilot	91	c3fff03ab83a99f266913b5abdcfbf87532e3e88c04f6a69663d9228fda7e811	c55a58995a844b66960b907486dd339bccaea757
paper/bioinformatics/application_manifest.tsv	phase3_application_pilot	553011	e8c5441c36db8fb4ae28492aee20f7e1af5f357148216ef58fae03c7f52c78bc	3fbb5c611736a96439feece2928791531dab1d77
paper/bioinformatics/application_pilot_artifacts.sha256	phase3_application_pilot	98	e08a6b635823eac31311f6d182dbb7ff09417a91d3de277310ca93832908322a	6b0afb78154f9ef9a84a3fdb400c13f5d980eca9
paper/bioinformatics/application_pilot_artifacts.tsv	phase3_application_pilot	14502	0e2d2f7f17acc1d7a9f435f17ab397ebad577963d62575aee8bde229f8772422	1fadb356142c00d7fd4dacbebd8185911711d819
paper/bioinformatics/application_pilot_receipt.json	phase3_application_pilot	4674	34d3183c08d8d315e268f2ac7be18f6b1e7646639a9989c24f9b113bccc65436	793d2a11f6ba327abdb23cefcbf8e64ab017b6f2
paper/bioinformatics/application_protocol.md	phase3_application_pilot	8281	494fdd5d255a02932a9a43187bdc74a6a9100a0fd73a0e260e72421190161c51	65b636afe5e9e4be19e557f1394e0daf7c57e2aa
paper/bioinformatics/application_repeat_subset.tsv	phase3_application_pilot	9256	4011e0bd452d0fcbdf22388a21b8f92aed71240209f8176b52364212675b7e12	841b9f33839dcbe9c8a2266eea5f7a7cefcf4e8e
paper/bioinformatics/application_resource_projection.json	phase3_application_pilot	2605	b1152d74aa29a368a69ae47b47a4dce722cdbda83bec486a0cd7f3e4d76a85ec	3c3a6b4b255547cc6d42f9fcb490f236a65ed1fd
paper/bioinformatics/application_selection.json	phase3_application_pilot	316390	de7248b64bd534367204ad436e7911e1047702df23de84f0f41e347e5c7699f5	1db3071de417c02c347e15e66bb4afbb10183c00
paper/bioinformatics/application_sources.tsv	phase3_application_pilot	3370	7f31057f361d441681c446c6be8f3451c626c52a0bb75d616e1cafcf0d847a64	28ad35b5de33f31cb7e6f373fdc05d3132d9a441
paper/bioinformatics/canonical_hybrid_v2_holdout.sha256	canonical_hybrid_v2	427	cdf6c0b935db9c86da5ae6697ef11f49b54ad3db1c0a452f14482ccd32d8dc2f	07b1db538dc6333fbeadf0247b0b298644371cd7
paper/bioinformatics/canonical_hybrid_v2_holdout_artifacts.tsv	canonical_hybrid_v2	393135	eb7f418874a3c53c864e757671ff08a8801f64dae55f3e9e3896830ea30bf70f	7e3e6906fd7bf54df3f4a287532bec3a54bcff47
paper/bioinformatics/canonical_hybrid_v2_holdout_decision.md	canonical_hybrid_v2	2043	3adb58bc896eb3e3f1ea83c7a44f42e6ed757a6a1fb113c359e40890477c50b9	f62283df28680991f7f6a5e126e8401cee9bd028
paper/bioinformatics/canonical_hybrid_v2_holdout_freeze.sha256	canonical_hybrid_v2	432	85e3b24ae97dcc6160cd93bdd215315f1def35f1a43e23748575782bc5b4b03f	9cea367ec52b446a5788ca1a9efd2cee0f813655
paper/bioinformatics/canonical_hybrid_v2_holdout_plan.sha256	canonical_hybrid_v2	103	d3fad849bcc85710e3e915fcd85782a5c1ee9beca171351a50a082a7ccf54eb8	30c4c293acace6e3d4ceaeb95b71e731284b2adc
paper/bioinformatics/canonical_hybrid_v2_holdout_plan.tsv	canonical_hybrid_v2	102819	a27c246ccb4f25c34703aa76de442ead9421e529284b314e6f3884dbd1428206	8a8bc2d696c7f90fc5a271a2b26d3923bea0fb29
paper/bioinformatics/canonical_hybrid_v2_holdout_plan_receipt.json	canonical_hybrid_v2	2642	24049036de9cb7f8e22a7f40a8932f764f4918c29bc83bdb92deb49dfb4e93c6	0287a7c2fa099059a01fabecb20cbad8e3bb5e8f
paper/bioinformatics/canonical_hybrid_v2_holdout_receipt.json	canonical_hybrid_v2	3394	1b370b0d85f721dedf20a9eaab7ca19fa2e5245396ca3c331e88958cafe2d77c	805e5887abb633bae2e4eee05fb6298275573def
paper/bioinformatics/canonical_hybrid_v2_holdout_results.tsv	canonical_hybrid_v2	31774	38cc22b87c92d61f4ded98a30dac66d12ad37af37832e999f23ef6982d1b6535	69c0ce16021048f6fb7af6f027359f02026d3f9d
paper/bioinformatics/canonical_hybrid_v2_holdout_selection.json	canonical_hybrid_v2	5520	c211d5b82ed6d518f3f6bc345b05138edfb2a15c7a37f2afb4023db099e540e5	cc29c9710bbd8a26552658246d4d2231adcec75f
paper/bioinformatics/canonical_hybrid_v2_holdout_workloads.tsv	canonical_hybrid_v2	16055	5a6185f6ce00bac7aef5b6b675a22c690901b73b944f18bd7c9c2f9e904d1dc5	4895a985ce69dc274f20c035e74f1eba2b9e8ed3
paper/bioinformatics/canonical_hybrid_v2_performance.sha256	canonical_hybrid_v2	443	c12d63bb628dcd819551cee8e05859e20b849d24c23147bfdcde87df5abc7e05	7c6894ac2cbff2f66233c3e122fdb54471ffe64c
paper/bioinformatics/canonical_hybrid_v2_performance_artifacts.tsv	canonical_hybrid_v2	122189	bc03c0176794e22518024fdd98a902c7e4341b7bcd7ffbfc22b94769ecd6fefd	29d5f64ba729bbcc8206a213d8d22deb80ac1b31
paper/bioinformatics/canonical_hybrid_v2_performance_decision.md	canonical_hybrid_v2	1976	71edaabd0339352df0ca7bd648f33787071d4d2c1097ea09d00aa5572f9999d1	bdf58f4c41a04a1eb3860a174c157a555de8ce21
paper/bioinformatics/canonical_hybrid_v2_performance_freeze.sha256	canonical_hybrid_v2	448	58f80877944f784aa5b982a81cdbcaf311981359f31828448ff84f12135a5958	1040f053b4419191792bd945defeb3ecbba93da4
paper/bioinformatics/canonical_hybrid_v2_performance_plan.sha256	canonical_hybrid_v2	107	0824c9d058821f4528c22f8c1a0ca1d65cf6aba8ef36b7bc3cc1a2ec1c8fecbe	d75bdb9a5a09110b5e82be5059078802e3f4e5a1
paper/bioinformatics/canonical_hybrid_v2_performance_plan.tsv	canonical_hybrid_v2	31434	93e1a6040093e625e22d563556434b0b40144ded2caccc7420efec647296ed59	edbd149bbddb8240ab54294ef22f495da11ec166
paper/bioinformatics/canonical_hybrid_v2_performance_plan_receipt.json	canonical_hybrid_v2	2510	35a61de2ae47ad128839457dda2f5d2add1a7d2558cfe26f454979c09c06e148	b07fa8f25d06798d38dd7722f70caae702d25714
paper/bioinformatics/canonical_hybrid_v2_performance_receipt.json	canonical_hybrid_v2	3973	765a77c9f3ee5a4a544a1d59a11a20868c94217843aa433942332c860dec7219	0bea93671eb55d576c432080c4853d0bd789061e
paper/bioinformatics/canonical_hybrid_v2_performance_results.tsv	canonical_hybrid_v2	9191	2c432945df6e43978dc3788aa0f8dca0743cb890699d7726e36bc29f768c1ff6	6673f55bf106f47668656d80d00aaab82165fc94
paper/bioinformatics/canonical_hybrid_v2_performance_selection.json	canonical_hybrid_v2	2481	b99f7b6fc297457f78d2c7cc8a2b90e763e326d267b55aee5e13698c189d9653	d110e0827ad63e11607ec7c2a1c53caaa028b26b
paper/bioinformatics/canonical_hybrid_v2_performance_workloads.tsv	canonical_hybrid_v2	2173	62f1ddbeac9f86bbe02754959fb695806d26bb205b0237d12c80c9057b50ec94	b3765ac63c8c616082110a6245999ded8ecc2253
paper/bioinformatics/canonical_hybrid_v2_protocol.md	canonical_hybrid_v2	5858	f202b96557a056f4b6222bfb3d22f28724efc95c98d132e3e483e2e907f3c98d	970153f46d1a52437c3f1b5ffd4fc17bc88366ee
paper/bioinformatics/canonical_hybrid_v2_regression.sha256	canonical_hybrid_v2	330	a83e485e65ba08e49f69f8f91a5203b2739d1461a282c4794f80cd1484121b7a	c8e08027d93283f2449645f05b70c6c5a4d8b57b
paper/bioinformatics/canonical_hybrid_v2_regression_artifacts.tsv	canonical_hybrid_v2	143745	7f718dca267c034e1ca1f90bb1d8f52ea55d638f4dc4696d9297242f823d3fa5	8cec698c0262ac01f9a321689baf7fae132527f5
paper/bioinformatics/canonical_hybrid_v2_regression_decision.md	canonical_hybrid_v2	3103	193eca076f0bd22aa5317a0b09717133d67355cf2f4a04cc06317289e58d7862	a4294e0c36c805a8c33a4eadc065f4baac830538
paper/bioinformatics/canonical_hybrid_v2_regression_plan.sha256	canonical_hybrid_v2	106	d64897d58583979b2e786446af0632240aba9b5cce185d40d38faef1ebfd9b1f	7a9a66a79c5f616a896c1171910feaff7c888847
paper/bioinformatics/canonical_hybrid_v2_regression_plan.tsv	canonical_hybrid_v2	40650	d8a795a18e2414e62a41c4cd34601f4ef4196fc9dfb6b379a4587ace992111dd	a3d14c21334a52557b1bf524ed8f9aef0ef79634
paper/bioinformatics/canonical_hybrid_v2_regression_plan_receipt.json	canonical_hybrid_v2	1017	1ce5a041bb3ece7e9440fb0550c76984f63892d992bf89d83a1f6e4412804c91	b3bbe65e7868588235b23aa283ab5365e7fe8a65
paper/bioinformatics/canonical_hybrid_v2_regression_receipt.json	canonical_hybrid_v2	3377	d75b57609eeed12761ab0e9312a1dfe7bc4826cc5a77ee8e5c2c58fe915b34ae	7614b64f5512234d2e3d7d56918418abd078d868
paper/bioinformatics/canonical_hybrid_v2_regression_results.tsv	canonical_hybrid_v2	25555	cb055068df043c64b6c81e63022fa202da633a094d355b17418285691267cacc	3cdd0374a12b7673ebb18e0b81bc0e0ad29b6b7c
paper/bioinformatics/canonical_hybrid_v2_runtime.json	canonical_hybrid_v2	5645	5bf81a89ff0177c3616c635f81b64c48a36f63f6dc675a10c3eeccc8d9e865bd	ccf4e0e601ea09abc8b062e07f79e9ff0ecd292a
paper/bioinformatics/claim_evidence.tsv	historical_support	4654	656037b8882e12158cb72a10a5ba10e4f23943a67f95134149dd8a59963b70bb	144a39b054c9c389409f52202f2fe44736b5a600
paper/bioinformatics/development_query_exclusions.tsv	historical_support	1761	da31259ed67480770ad0d7094a63e9fad772eccc608a45e8fa2730c14ecde2b8	9590d65d7465c4b3eda531a5e6a889714ca87e01
paper/bioinformatics/frozen_contract_matrix.tsv	historical_support	10032	594935107210ceb7e9ad960ee72ff01935e56433a444a0b0c28a5f279cec84a5	0e1391c92d9ebd60b83ea9ed7e61169cdd483445
paper/bioinformatics/gap_register.tsv	historical_support	3512	b7994ba2d5e6c738a0157dc16f73453a73cb5bd2d09ad65d4097919983cda6e9	5779336ef4f7fdaa2cbc0fa9ad6c3c7725c9fb2a
paper/bioinformatics/holdout_attempt_results.tsv	phase2_holdout	13673	96ef4142298274ae9a463e94a490fe70898e748e7d3fbcf94be2b090985b2357	1b741094a158470bd24fd9c3cf98cdf17b9e7c58
paper/bioinformatics/holdout_execution_protocol.md	phase2_holdout	2705	ddbbc5eb8942e6b7e8f6a710c30b55b595725812474ccaaf45541f788051c8c4	62a7566f253535e8310b70ed70354ded5db0a397
paper/bioinformatics/holdout_manifest.sha256	phase2_holdout	87	c138fde58e349302ff4313211dfbb4d85b1d2c53da3fd70dae68e64e7db9c21c	28b9ecfa074b97a408c15eec5f0c0595fcbef445
paper/bioinformatics/holdout_manifest.tsv	phase2_holdout	17807	9e293b2c3e8d0462e399fe64ff6f684e9c53f7dd428e9c88265b510909cee8c6	f7509c34b7b0002dfc928d75eaa84670d01d9a7c
paper/bioinformatics/holdout_mismatch_details.tsv	phase2_holdout	7896	cdc6f8a9c8b01fbac11f658d8362c4c5effa24a7764c535e53aa2ec84ab1a951	18545b63d5e5896c7c858fa93fe720b41fd73815
paper/bioinformatics/holdout_mode_results.tsv	phase2_holdout	18437	adb827fd37a0665abf4065c8c4d3bc8af97002394b07e2ca650460de7a8cf8a2	713df50d54a024549d8add273d494c13538e3f32
paper/bioinformatics/holdout_protocol.md	phase2_holdout	3746	53f7c600bf23af7df9d7c09848c791e78521fd01e9f447e8fe435e1eb618716a	8745d1bb0e010b19cff5cafc6212e035bbeb3f2f
paper/bioinformatics/holdout_rank_results.tsv	phase2_holdout	36376	f9c4ee0e79ea7f4c78fa29ca4967ceba3353826b554f6184fdbd19af6e1bcece	267deed3a113b9b64179f635cb22b43ff7644b07
paper/bioinformatics/holdout_raw_artifacts.tsv	phase2_holdout	246004	c197fb0e67a1986b651176f9af9d1bd8cf8544437c86e4772ab27b5e313e9a52	4388f53789be6047e28c0453166956e8e4bd47d2
paper/bioinformatics/holdout_selection.json	phase2_holdout	7810	f90bdad1960006e22daa39a9a8922d81e52024e2be184cb32eafd92be72ce46b	027ff48990d7ebf8f6301f34289fbad49a200be4
paper/bioinformatics/holdout_sources.tsv	phase2_holdout	2992	f330517fe70c8fbc1e7fcc752035efc0dcc55fa7c78ddb48c9bfc897827e6480	0883e785a6113ff37144c0e318bb0e8a59d7b1ae
paper/bioinformatics/holdout_summary.json	phase2_holdout	2192	ed5d01871764cf1fe8281fd4e087eaa5eca6eb66df933bf245fcf36458fdd471	7b82fdd8dd962b0be656941e04f38c5506772bf7
paper/bioinformatics/holdout_workload_results.tsv	phase2_holdout	2520	fd5be2062125ba5273d46c07185429e650a2e9a24eec82f18aca3a9dd68ec249	fa9369e90a5098b839cee9c9d8ec34980d5ae4e2
paper/bioinformatics/journal_requirements.md	historical_support	4158	fd4996ae1e5f28a42296d04fbcf91732450f71ff9acfe6b0002f05ade3e25fd9	c49a3d09442e6cec7872a73f7b96621090ee50f1
paper/bioinformatics/mismatch_analysis.md	historical_support	4800	3a6f1b8444f2cba469f31bdc090a1b8a9ddec888c97176af1006a8414fae3f25	c9e677be4e56fa4da9843bd3f14120ec1442924c
paper/bioinformatics/mismatch_feature_matrix.tsv	historical_support	38013	4182f48f249db5525eb7a0430688ad8cfe679f2e56273edd2d89b08f4f0f299b	3be69fc24db7e46982de2b9b46878a48dbdee312
paper/bioinformatics/owner_metadata_needed.md	historical_support	2059	32fbcc9bff636f2483f552661e91a7f4ededba98d65482221f33bc4e4607ec4e	4bdd9d7d960558461739391b16745d5bb9224d29
paper/bioinformatics/phase1_validation.md	historical_support	2569	ce8a99c1a45031057593b568a2bc91f54165ecdb031446e8916ae6afe0edbc59	d6afc9695dd8203d87a88ae18a61f0390f757d5e
paper/bioinformatics/phase2_decision.md	phase2_holdout	2044	44167694cc44b6e0b46cae598f4b90451806ba7ef902eebdf9858076a859b9b6	c245466d71a1d15ebc514b2d164adf3263b2d505
paper/bioinformatics/phase2_traceback_replay.sha256	phase2_traceback_replay	394	7123e678743654d34a058e6bf80c7c171960284bf9bcdc9c265bff503359a61f	31e7beb0d766d93aa8c85c14bd175e5110748995
paper/bioinformatics/phase2_traceback_replay.tsv	phase2_traceback_replay	2611	1cdbda7fe518e68f03cda170ea5d740cb8361582a89c735825cd074fd8fe7071	f92a4908c45b0eff722a942a0d9d56f645de5145
paper/bioinformatics/phase2_traceback_replay_plan.json	phase2_traceback_replay	6140	8dffd1437daad40a6e6551eb110b71ee9cb64d3b4a9b9508f0412924fe5a590d	b5de931d4ea6950e44e9916a293398691ce26400
paper/bioinformatics/phase2_traceback_replay_receipt.json	phase2_traceback_replay	18539	d5d8d1b72c3cbfe4f977e38a63a103babf4cb14d4957bdcbd09ed85dcf7f2d85	7230855e84a2fab4bb958b3dc7d436bd5f6495dc
paper/bioinformatics/phase2_traceback_root_cause.md	phase2_traceback_replay	6545	280a5c16b9ac2acb23a06ffa1c6b8340289407f91abe4d3218f50af87e52ddd7	0a0bd5cbf5d1d8f6bf6313bf28148340a9d420c5
paper/bioinformatics/phase3_postpilot_decision.json	phase3_application_pilot	1317	471898d688386f46b4e7f13b932b6b4f9874d9ed74641240b5c2fd4ad71851fe	b4831cfa361202dc3cb6fab733882951c18704f0
paper/bioinformatics/phase3_preexecution_decision.json	phase3_application_pilot	2428	4402a5ba8bf39566e7fb52125fe50b00efd8c8f0b91bfe4e0dfa56b1cc51f8f3	6286564aacdff44dc8dfbb3c4ce2745ac2d65cfe
paper/bioinformatics/submission_manifest.tsv	historical_support	10665	ceb5fe23cca683a2f11a2b9be0a5a314883f555ad7cd87e2b42edad2d792dba1	91e899326dc805a2aab6256639894caf7ef5d7b8
paper/source_data/DATA_FREEZE.md	historical_paper	3406	e814955b3d6e9fc704b1365cf9d076c0b5fc0f513078bf98212357a329c85326	52e3ef07758484c44f13a06b91b326a198cfd816
paper/source_data/ablation.tsv	historical_paper	2216	497e10a216071617893ea238c0fa15e66d36ddb07c91f3505af53122cd44c5f0	9314a1564b762b454080ff8cfdeda9ab4b2ea70d
paper/source_data/ablation_linked_contrasts_pre_freeze.tsv	historical_paper	933	76969b9735267b88358f887ff9ee9a8351eecf328c77e9cb6852677f34714203	4df6625350c8efd21282485d0cbf3b26556ebf58
paper/source_data/ablation_resource_failures_pre_freeze.tsv	historical_paper	28	c0ccedf03293d17f7f012640d1622f504489d9dbd0c19e198affb9794712c9f2	cdbbd7ef4ee1b186366e084503f4cb532f67dfd1
paper/source_data/ablation_resource_pairs_pre_freeze.tsv	historical_paper	9769	324f15cc04bc46dde76f270bf01cdd88fb19e2c5f9ef6900a266b6bbd2059ce5	6b426ab1a362d847b129a8e621ddba07c3137e6a
paper/source_data/ablation_resource_runs_pre_freeze.tsv	historical_paper	8169	344103407045f6e2d1663cefa3915d52c035b2788311a0b65f599d764f85864f	39b71fd934f2c696313aac6fa73367f06f8f6ce4
paper/source_data/ablation_resource_summary_pre_freeze.tsv	historical_paper	2002	f4d62a0e64ebfb22f7160a1c014561e645f165daf7ebd603c4e6c36e9904f7e4	02cb5cc8d2a7861458753d17016635c873a9237a
paper/source_data/archive_first.tsv	historical_paper	2670	ff7fddde636663c59f79cc19977e0071a39738b094a37e8144a74f43860c09e0	30c45f00c359ccbc0f2ed25057d7238f8c7e4c38
paper/source_data/benchmark_runs.tsv	historical_paper	88313	d120fbce6af2170d34b124cefd31ed0192b6990faa79c1a4656762e5728777a3	1164f0ab867ebb30159154dd011628a667a27af5
paper/source_data/core_benchmark_failures_pre_freeze.tsv	historical_paper	1395	f90c858b7143f22ca3cc894382409724fc3d61a00d244409e9a3c987ce5a3e2e	289a09788e36308ac9620a5be426834e5ccad8bd
paper/source_data/core_benchmark_pairs_pre_freeze.tsv	historical_paper	7689	9215279e763975445824441dfe9cf005d8d18b34fbf654a98abc5b996f09c187	2e3568a4282851610d0ce030f7e286db4c38d7a2
paper/source_data/core_benchmark_runs_pre_freeze.tsv	historical_paper	11889	11ed62a9d82cb68bf37e81c48a701eaabdce0d37dc65ea6fe907be26310a54f0	b49a01e168dd9cc9b0ff4daf8517ac8635fca90a
paper/source_data/core_benchmark_summary_pre_freeze.tsv	historical_paper	2171	4cda2662e13586782d477b6be9b9419fd40e77c7f9900a3cdcba4de4d94e02ce	ca012d2c406ebb77b299c4ee003055fbda1095df
paper/source_data/core_operating_envelope_pre_freeze.tsv	historical_paper	1514	3074bc96a4bcc0d147bf737d830ed10eb96b01905d14542a046c6271ac4d547e	8f362ea6d680204192be028623607ecbb6e8537b
paper/source_data/correctness.tsv	historical_paper	18359	f169ebe401b44dc19167a7ca055219301d1793b693b9a06866dbbf66df013e2a	58514d5b6888d9e9c3c2b7c2b164e869356b75af
paper/source_data/exclusions.tsv	historical_paper	18000	063d3a235e57c44999f35b26b02d0fa36a5b458e7f33c17c25e3b7fcc6245233	4f01610345fa458170b7488244b0b9519fca9bbd
paper/source_data/generalization.tsv	historical_paper	3243	d136e5380b9c9c40cdc96238dc07c8c07925f1ab8e1c543088259550e05bc589	79f891df882ef04e1ca6f61d5e2469b7efaced35
paper/source_data/generalization_failures_pre_freeze.tsv	historical_paper	56	bfae78f0af6532fed96bd0e5a5dd999f68e360e59d3d0bfed09ff79e24884e21	d573004abb72fcb9d3951548cd875cfaa69b63ab
paper/source_data/generalization_guards_pre_freeze.tsv	historical_paper	674	a76eea5449cd5518138fd03e9be8b0d33525c8b2d977f9b0c41eac822116bdec	df653827f414681ba35ba1e5a6e518ecd4b3679c
paper/source_data/generalization_mismatch_top5_pre_freeze.tsv	historical_paper	174140	8c82690b26d5c8c3714e2d659a61274f9a53d416f19c8d1a6bbb10b533231d32	2e2df83dc90367c5dfcb72abf325f63c85f4bae3
paper/source_data/generalization_pairs_pre_freeze.tsv	historical_paper	17998	3086b5e0d45513a21babeb3c59b30d44ca248f3a8fed1fd2b7773f9d0b7bb449	ec939fe6693e2709db2195e5598c62f5744c020c
paper/source_data/generalization_runs_pre_freeze.tsv	historical_paper	31144	af77f849936b7988b2e0d075052a1bf78a409ffd22c70590195ca10ae9099942	73834f321cae2af4b2c42cadfe6741cb5e9b41de
paper/source_data/generalization_workloads_pre_freeze.tsv	historical_paper	5399	ae84d571aba972268b417ec6790d6cc6f5c0da2be77c6dd71599eb768fb04204	6feba6c01d3c09013f50f4aa153aea28bfb62338
paper/source_data/operating_envelope.tsv	historical_paper	2051	4c8c0fad548dec9e224c699eee3b3f69f20ec19349ce80cce7d1e7a988d174b4	f570ee83e3eca7b233054f40386bf66e8b6e665a
paper/source_data/paired_speedup_summary.json	historical_paper	30412	927176644c4800a311f83352c7b0ebf60264d3c6c56eb57c323e34f3dd00cb0b	ee634418ed7121f782bc38c07e7dd5e7312ab435
paper/source_data/paired_speedup_summary.tsv	historical_paper	11180	f8bbfc76dbd7edc1855e14c25deaad96bbde44972cf930ef6834aad76236ecae	2442b465e9891f32dd2a7753b0c3b3356737990f
paper/source_data/paired_speedups.tsv	historical_paper	30445	1d28a8cb9c7acb1f2e8c7e0189ea2b7d1f5b9b7f9a440c4395e8bfb10f205ae5	f3f7fd143ff48f172afbe334b521b8516813ea7a
paper/source_data/resource_boundary_pre_freeze.tsv	historical_paper	2946	3216fef03edaff3f5b58f6dad22e7b694bd1b7a1e3e6a89badeb406e537574a4	aa13e969bc05deda0e4160b49244e24792439f5f
paper/source_data/resources.tsv	historical_paper	3353	127e2c8f9bf0fad5444f86de167e806a7d19500077571a9781d0313665658c96	fec84b28d2013f150ecfbc3fde16c0c29906505e
paper/source_data/source_data_manifest.tsv	historical_paper	1457	55f8bc9d44d0fc63f5a111f37130a7e91684ba99e9aa00a8d3a0e3b234b57663	eb1050381cf99feb275171209ba567d00b20e3ce
paper/workload_manifest.tsv	historical_paper	13414	b099762257b60ce2922a7e19920bad30e05b9cdf2af4381c60596a41ca3cb7d3	33f5966045669ff74b7d0132ae705c3a350bf247
patches/gasal2-fasim-bridge.patch	historical_support	28510	9551a4a1ba948828cd3d6ae845c241b0f4801945b514b72a1a530c329a054036	3646fb79150eabb7f2d5e6333b8b3c3bc2fd5654
reproduce/bioinformatics/analyze_frozen_contracts.py	historical_support	59454	9d0ea9d987fd3f8d15fc5dbbb0a416c2b8e4ba5200159027d9fc807a1975aa62	fa72979abb2b4a82517bf77a93943f722522b8b9
reproduce/bioinformatics/analyze_holdout_results.py	historical_support	76599	366ad2ce2402b02804a2926d28ba2d5731fb73fd280b4fee3ecd28e87bacd5c8	cf0e5a77e3224efd918a1edecc7405858a657ba0
reproduce/bioinformatics/application_inputs/queries/aq001.fa	phase3_application_inputs	743	75349e957e58b3912f743be683782b40cbe5bd63b7cf23a4ba505d2e9b7603be	779e054d77f109956f8c2b1c415ef8ec21945b43
reproduce/bioinformatics/application_inputs/queries/aq002.fa	phase3_application_inputs	893	8d7d9e59f5649e6d5f8e6aec3ffd097e4d02773ee278573aef6a0902e1d2b0f2	adb819543a33eef546692acaaf8f6861e70e9a00
reproduce/bioinformatics/application_inputs/queries/aq003.fa	phase3_application_inputs	665	0a22c6a54a7c56ebf849dbe8b9c6f2f8c0847c241264875fcfcf0e8bbad4429d	f7b5decbe6f036c144d4de512396c0f2029d2263
reproduce/bioinformatics/application_inputs/queries/aq004.fa	phase3_application_inputs	1023	290e1e2a9916a4295651f85c34ad75cc95a5b99a0c0704a3ba26f4c7eca177a7	4ec24bfef75b10459b6bb05ae005adab1e7f96ac
reproduce/bioinformatics/application_inputs/queries/aq005.fa	phase3_application_inputs	852	a29f6bd6b84b79c9bc6f728ed8c6080eeb1ae18dc0cd27c55a2eed6e2efd66bc	0a10a746ca925e750fe5117dc295690bfaf415fc
reproduce/bioinformatics/application_inputs/queries/aq006.fa	phase3_application_inputs	1328	832f62e446364f2a06553d0501ea14aa6463dc2378e07aec57d28bf532441cb6	76d9e06d5b6e80738c17b6507d79937adb5e890d
reproduce/bioinformatics/application_inputs/queries/aq007.fa	phase3_application_inputs	1996	0ace6c108a46610c611dcd887e39ae38e31f064f67eb467d71d60db6c463e055	36a6cde757701ad7b32d0f7d7fbe57dad0f7088b
reproduce/bioinformatics/application_inputs/queries/aq008.fa	phase3_application_inputs	2839	cb08018a8969fa0191ee288cc5d3215139d49286e2b05b2e7b44d21a19a767f9	e51ecffe289a29b0c2b3905349a70b48804fbd80
reproduce/bioinformatics/application_inputs/queries/aq009.fa	phase3_application_inputs	2667	5d8fa17fc9140e732bd2dc65e4bd494e85fa482dbdd115840b81cc6768fb86ef	23500c92d602516c89e32e70fb9dc189afa50f78
reproduce/bioinformatics/application_inputs/queries/aq010.fa	phase3_application_inputs	2539	54aa27a248cac8100025f2e8c6f5f1c5ccb6e8658e64781b9d2f3d5fe0a58e50	85dea52474fca3e8ff156e53f2f58c144feeb819
reproduce/bioinformatics/application_inputs/queries/aq011.fa	phase3_application_inputs	633	a7787019734f846f86b6d2eba2c7c763adedf02c3fbd7d9229db0bf699ea37f3	8075f8c41cd8fc1cf313faad64d50d26b744f5b7
reproduce/bioinformatics/application_inputs/queries/aq012.fa	phase3_application_inputs	1766	f1937d4f63c34bbfa962ed75b54255a860fc5277e84cb86724a2db81bc5e70cd	fed2309c7734ee4d989f98796ac040478c191610
reproduce/bioinformatics/application_inputs/queries/aq013.fa	phase3_application_inputs	930	a13aa36c935477a19e8a1f8a6c78718c3b792ce924409398952b65b69a002a6e	5b9a9a2b4b1c7b33d38e5bddee69d7fdab53a3eb
reproduce/bioinformatics/application_inputs/queries/aq014.fa	phase3_application_inputs	2408	a94ce49e31f1ddeb042a8cc61ba2e493f7719077b8ded3d19a407f283612f4c5	b4babfd07157e0b71911d141c5d0c3056a7529ce
reproduce/bioinformatics/application_inputs/queries/aq015.fa	phase3_application_inputs	652	d8613d74c377b8cba09c516b717c57c15cc1cb80505ed9152a1bc61090519642	cab79630e3dc7911dafaaf6f49c257f6ca65c17d
reproduce/bioinformatics/application_inputs/queries/aq016.fa	phase3_application_inputs	890	1be5f387dbc600cdeb26849376175370e9d9b315f97f4e92a2ff2397eeebafbf	3f20c0d97171fd3ae5055cf4ebdb21b88c2946e1
reproduce/bioinformatics/application_inputs/queries/aq017.fa	phase3_application_inputs	786	4b401799ce011d24bb28b181ec1449ed10e4e8d3df76bf52ab28dd0672331dbd	e6b2f261fd371cc18b99f86df9dfab59c7f54dae
reproduce/bioinformatics/application_inputs/queries/aq018.fa	phase3_application_inputs	1054	2b9c5eed1825b7bdbd86761e34ca2a1854f35b5f9d1527eca25fc95731cebdff	37dc407b765ba51c16571f1d582003bf25511766
reproduce/bioinformatics/application_inputs/queries/aq019.fa	phase3_application_inputs	1392	7a55053c5771097a4983070bcdf60b8adc6e5e267fd4e784ed5edb4599c16d92	593c9e26e5597dfe6dc6ab1d518682be397a20af
reproduce/bioinformatics/application_inputs/queries/aq020.fa	phase3_application_inputs	1087	48eb72a67bf5b20b5f4cbfc9cf74853f7a5b54c6c9391da50d4af8322b4129c9	5d79259b8017cfce39d1bf4a15c22a680faa3dbc
reproduce/bioinformatics/application_inputs/queries/aq021.fa	phase3_application_inputs	1405	3118e9b41703a4fd9ff7dbec2cdf7724463615047ae3eaedb28f5b6b844eb722	58d75b813b846c298cd1ad2ad6afa38e2beb818b
reproduce/bioinformatics/application_inputs/queries/aq022.fa	phase3_application_inputs	950	ab27216e0066101ae579dffdaf07f5bc85c5241de871d2acc576dcfa5f1b5408	3bf854374cf153bc796c7f7ede6716b983405b83
reproduce/bioinformatics/application_inputs/queries/aq023.fa	phase3_application_inputs	1347	e41c200dbf7dab52ec106abb2abbb3cfdb8efd84596b9dc4b556ddb63ffc67ed	c7061c31e02afdbd067d21aa11dd9cfe5f7c4839
reproduce/bioinformatics/application_inputs/queries/aq024.fa	phase3_application_inputs	770	1ef0974344417e9065e3eedcdb824defd837157734522fef26ac315c5739d0ad	d5ee84fabdc8727a453197a7e3dc07e32923cfd9
reproduce/bioinformatics/application_inputs/queries/aq025.fa	phase3_application_inputs	1836	5001cfacbfeb18115dee527970d59fb62d74d400ed85fd2af430bede13cdd2cf	63abe51d99e2c78f82fd2b2a418f315aa7616c0e
reproduce/bioinformatics/application_inputs/queries/aq026.fa	phase3_application_inputs	750	3443af316b437196853489744ffb0157a6a89647b2441409d9ba594e0a2ed9d2	3e1d36cf5f0bc7279a2f4ec0c01e52f398dfa634
reproduce/bioinformatics/application_inputs/queries/aq027.fa	phase3_application_inputs	1589	e673dc5bce3fc42ad32a55526d064136e6871f0f4175e854adc2cc0ffca771d8	04b86735162fc88c3a7855928935f5b7b542794c
reproduce/bioinformatics/application_inputs/queries/aq028.fa	phase3_application_inputs	1462	906f84e0728ac6d3f4cedbac6fe4e0286929b6de02f8be9ae981870f2c0174aa	f194f3d2c9ace53abaa516131bddd22287304a44
reproduce/bioinformatics/application_inputs/queries/aq029.fa	phase3_application_inputs	1557	d21336efb134551941701909602bbc2471722b1e40c56b61bdaa0997e4733faa	3f8dbabe263238ec375b7ce4ded29df1ce702a20
reproduce/bioinformatics/application_inputs/queries/aq030.fa	phase3_application_inputs	2099	4d02402f1321f65de0a0c95f9102b3b464cb2f4dae0d6a2e066ea27320c5044b	7d7c95309befb3125e4beb2a6fc5511bfaf50bf3
reproduce/bioinformatics/application_inputs/queries/aq031.fa	phase3_application_inputs	684	2dd2656f3537659005b4cda631665094a16377d2588485c97dca7bee881d84f9	b1797932d6f768f1c0e1fba56a30e4bf873b1e96
reproduce/bioinformatics/application_inputs/queries/aq032.fa	phase3_application_inputs	1098	16452ad70991c0e030fc28012e68223c12553ffefb1331fa7baeb44eed5b4a6c	00544ff94419b9188da0c114d21b0fba18297999
reproduce/bioinformatics/application_inputs/queries/aq033.fa	phase3_application_inputs	876	769152ca4da1bf99120edede88a0176737b94a6d9c49e75d4443f23439a61aec	8a368257ac68dbd4d5c701c76c1c089316091d86
reproduce/bioinformatics/application_inputs/queries/aq034.fa	phase3_application_inputs	1107	8eb12a1af77b9543c724c37b794d81e93589196ec3677b7b45876dae76f6a380	f702274cc8db351cdf55b949be58331f72621848
reproduce/bioinformatics/application_inputs/queries/aq035.fa	phase3_application_inputs	742	03c9bfd697afb54e96e14382b400f92c7bfe36fbd78c18cbe51094c19aa4842e	b9fc1568942de0da0a25a35666212cab2d7d48ba
reproduce/bioinformatics/application_inputs/queries/aq036.fa	phase3_application_inputs	1805	65ca13e873d24f51c2e35ee749182051b2578a2c34aa6140e8cad43686b73af3	efc4e9f5c5bf2f992e6cf599e53a72cd5d8689a5
reproduce/bioinformatics/application_inputs/queries/aq037.fa	phase3_application_inputs	1466	6569b17dc8dbb26fe0c0ec4e7a0b2271fa207903e76fb234f03b91cb6957f245	7e945953e2b5b5bd0b02bfd2369c789f85a1706f
reproduce/bioinformatics/application_inputs/queries/aq038.fa	phase3_application_inputs	872	a3915527458fbc67068b8cba49e885478a498f3e0074bf5dab8da79ecc4172ee	0c665f0248ec20ba921b4d04b0ca6b139222eef8
reproduce/bioinformatics/application_inputs/queries/aq039.fa	phase3_application_inputs	1691	f6c707dd58c095c73bbfb236e707f21c793ffbbfcfafceaea5f685cc0169055e	c65a3e5cfdd6336a7c5cb9429e01433de295b1f5
reproduce/bioinformatics/application_inputs/queries/aq040.fa	phase3_application_inputs	663	61dc7cdba190a272c7d55bf4e9898a7dd5d7fe781da22a1b0a79a6d24e5625d3	a1f8b71363840126656c7272babbb44f10685761
reproduce/bioinformatics/application_inputs/queries/aq041.fa	phase3_application_inputs	1835	cd574f95a258068e39af92b00b2bb7458f674f368627c3c690c0683ae34296cb	92db48f1acbf753bf73b41b3d3b5003af340bcf8
reproduce/bioinformatics/application_inputs/queries/aq042.fa	phase3_application_inputs	1189	c12fb0962de314f6ab7c47becd28d91bb01645cafc379355ee2d470a76b44e94	459d4a6c1348573f33c776d64337883fcf4cc2e6
reproduce/bioinformatics/application_inputs/queries/aq043.fa	phase3_application_inputs	689	368987b3b82fdefb082e002a7ffadf3dfbf5ee85bc94cc08815e7f597cc5ae8f	11cb38739d1b27a32a95c4e885c2d59ef3f1cc40
reproduce/bioinformatics/application_inputs/queries/aq044.fa	phase3_application_inputs	616	11c25de53e9fc0a3b0f78156625eaa6dd5cc26a54e9507dbf0600088744686f9	006d61d8aed71055a95d6cd8dcd4d997badaa7b9
reproduce/bioinformatics/application_inputs/queries/aq045.fa	phase3_application_inputs	1120	78208d2ebd7518f42fd3ed83cbffa925d051a5d2f0337bff5c17d5753bcd3f24	ca02478f18e4c0110a9352198bd37f9d6e19ccc1
reproduce/bioinformatics/application_inputs/queries/aq046.fa	phase3_application_inputs	892	34b099980d61d8516c1de451321d2382d962f202a542278c8b33aaf97965dd14	410f4424acb007e6951eb398ba4fa16f75b0d5f6
reproduce/bioinformatics/application_inputs/queries/aq047.fa	phase3_application_inputs	1168	94766989bef5f442c26d0ea460d3e8f02b466c2929a2c849d97ec1bcf260aff0	d4c69e975dcacf939a88fdfb35c33f3d6c644767
reproduce/bioinformatics/application_inputs/queries/aq048.fa	phase3_application_inputs	1100	1773960e607b10ef5de8dd400757c52c691f05f02ba15ca31db67b42f3947a7f	13998798c27677f1e20d9ea3b00977a5b378eab7
reproduce/bioinformatics/application_inputs/queries/aq049.fa	phase3_application_inputs	648	dee0f8b76f0e065ec2e4dcc3d6997b8edefe28250eb104dafcf094fb1ac2430a	9dec1aa0d12faabdc0fbe9f87b1a8a0411353cf6
reproduce/bioinformatics/application_inputs/queries/aq050.fa	phase3_application_inputs	688	c3719f466248f3cc5dc9d28fa88c390e8f05d6f738561b53e473f02c65a58173	a894546734427c52fa084e65998b660523cceebe
reproduce/bioinformatics/application_inputs/targets/at0001.fa	phase3_application_inputs	2638	38d060eba0a994044c2cb731e2fce427dfabb8221d29c880835095136572f104	688b0adc2b0e1cfdb0458b71010abe0deb58e0e7
reproduce/bioinformatics/application_inputs/targets/at0002.fa	phase3_application_inputs	2640	7c1e330cf70e940ebeaaece2ad6cfafdc2a32315c0219458812cfba6ca612653	574ad241cdfaab939a1d5cbec727eb53cd3ebda4
reproduce/bioinformatics/application_inputs/targets/at0003.fa	phase3_application_inputs	2639	75d7aacd2becb8386a51baf4dbce59aed2d48b2805be97848a552d2b6c167a6d	6a5a4e4ab731d72aa9315667b7062411aa0a0fe6
reproduce/bioinformatics/application_inputs/targets/at0004.fa	phase3_application_inputs	2640	63c3a1ac651ac6a608613f4177f4e4bafa571930ee37a64654790ac478744866	6eadf70a9788e77816fc152235e599f157ce2d91
reproduce/bioinformatics/application_inputs/targets/at0005.fa	phase3_application_inputs	2640	880276f0eab6db6aac9ae0ad47a96a6fcf022d862d21adb80e9743269de2dedf	50b749250a834b8d54c79e2a80f03f378dda013c
reproduce/bioinformatics/application_inputs/targets/at0006.fa	phase3_application_inputs	2641	1ba6c34316323a8072bc45f9133c725fae4c0451277870b015f58dde1e5e1622	0ebb31066b2ae571810d4fa3b1fd3280285da11d
reproduce/bioinformatics/application_inputs/targets/at0007.fa	phase3_application_inputs	2640	0322148e11e3ae2102bc1cd7a38ba324a1597edbac6df1a2d45f39c00a816500	3780aa709352588632d571422dbf3bc3abecf718
reproduce/bioinformatics/application_inputs/targets/at0008.fa	phase3_application_inputs	2640	dbeb432c23a5cd973b388234d266ccf9129fbcd0c35b98f2b65708fd24e50e11	57ce882ccda6f22364568371d9c0fe9a69c0c606
reproduce/bioinformatics/application_inputs/targets/at0009.fa	phase3_application_inputs	2641	85f0c1035872f61dfbddc2e51c924169c2b5ebb749aca88ae181f4edd926c183	3ffbaf5fa7062d11ff6d85e818837753477c52f5
reproduce/bioinformatics/application_inputs/targets/at0010.fa	phase3_application_inputs	2639	ceecde9b4532c9095300f38235b09c2b09c4ee8b14a72aec0c1053300d0489df	1dab2fbc2adf1c6bb241896244879be618b78f8e
reproduce/bioinformatics/application_inputs/targets/at0011.fa	phase3_application_inputs	2643	77a9ba6a8b8a3b0fa46e2c1c733a011befcd5897f1ee1eb3f563b6a2ed3f7f0a	0133f7cc0aa633e845ae5fa8973d81ec82588ba4
reproduce/bioinformatics/application_inputs/targets/at0012.fa	phase3_application_inputs	2640	71bd4091185bb93b8df38eb34344d4a21041a23fa428cdf521b53354f232d044	60174766d3c81238db4199c3c93fc201ffb97617
reproduce/bioinformatics/application_inputs/targets/at0013.fa	phase3_application_inputs	2642	af6a4b26715a20c0c3d42508c6d6e89f28b940d56f388f511bf1c4b642094cd1	22e861d1a6fc9fe37fbdb5eaf5359272ecf857a3
reproduce/bioinformatics/application_inputs/targets/at0014.fa	phase3_application_inputs	2640	ad643bbac468d544277aa48d584ba21c638ab498559bc24d0c98aee8cc0e648d	1744422245be3bbb183510bb3f4ebd89aa35da4e
reproduce/bioinformatics/application_inputs/targets/at0015.fa	phase3_application_inputs	2641	2ff08ec9cc172d50ff88c6576920c1542ceda069d36e4b022df21d7ff32f2ad4	2b06b6bdea8cf721090b064a20405fd7bc91edd2
reproduce/bioinformatics/application_inputs/targets/at0016.fa	phase3_application_inputs	2639	b0eccea3bce30f2115c62058dc1186ca51c1da8ab2e4ae2c1d8c4c02ea80e4b0	0a22cae45f9124ae28694f0878a0c051880121dc
reproduce/bioinformatics/application_inputs/targets/at0017.fa	phase3_application_inputs	2641	f694b279bfcd6dbebf8dbe61f94d76d239eb8ff5b45436e5fff16bc6f1ac45fe	467e7f7774184ea700ef24175d0222edbc9a4299
reproduce/bioinformatics/application_inputs/targets/at0018.fa	phase3_application_inputs	2640	4b12417c35b1bf5335b6433ef0834c0c2beb3361ff357c46fb31759f44557ba8	964adb945c4ea3337d8b810dcf420dc571f19444
reproduce/bioinformatics/application_inputs/targets/at0019.fa	phase3_application_inputs	2638	42327f1aa47b3480fb1efa1ae767999547ea9d36222462c45a58a71510476a1a	a7790db55715f48e0c704ac61983c52a1de2a889
reproduce/bioinformatics/application_inputs/targets/at0020.fa	phase3_application_inputs	2640	ddbfde403d22af299210553c03c24326c1338176323ed6ce38079fa7356c9e7a	dcf81285eaa7d56a2d28796ec8fd23922365ae8c
reproduce/bioinformatics/application_inputs/targets/at0021.fa	phase3_application_inputs	2642	c20d90f4a202496a35bc840b901208c7f325c31e71b826392ad300df55322d47	59109e86fcb4f8b88a58ea90391347737682de6f
reproduce/bioinformatics/application_inputs/targets/at0022.fa	phase3_application_inputs	2641	3da772171a7a77827cc68f4e0e688d52f467f9b4557e384b185ece8733b93cf9	41026345b6f391bc29f797779bb837cb21e5c9d0
reproduce/bioinformatics/application_inputs/targets/at0023.fa	phase3_application_inputs	2641	bf4313be7a682e82f9370233cb74a2396ba92810447d8dc64a3859116c04fe26	7aa7951db094482fc595883d87367e7b22335f21
reproduce/bioinformatics/application_inputs/targets/at0024.fa	phase3_application_inputs	2640	534e91f4e5149761ce7bdc57e42dd3fd301a67918b850754dbcbbd368f98554c	650024f6b6bc56303dca07652af72587ce0377ae
reproduce/bioinformatics/application_inputs/targets/at0025.fa	phase3_application_inputs	2640	bbd52ab6c79aefcce546b15ad4786dd097709026171ace1042a2894747a15671	b01e22db23bdfec291623895db5d87e346f283fa
reproduce/bioinformatics/application_inputs/targets/at0026.fa	phase3_application_inputs	2640	da0f01547bb98d90d18cae79fd3bf4c2566268f1daadb2c3e2dcc817a8f2584d	5882890bdb8d62a6e8f818fabc615a293dacaf81
reproduce/bioinformatics/application_inputs/targets/at0027.fa	phase3_application_inputs	2639	b898c637752cc5f776314245e96177077ebf0d833e937707c84e50133bca1837	e67d2bb02370a04694af5b0afc59cd51cf7e0b95
reproduce/bioinformatics/application_inputs/targets/at0028.fa	phase3_application_inputs	2643	cd6b941f8c34c49454398c9bf9761c0aa1758bb9e0b5714ca9c31bdf6c435511	5f00c468c1a1be3920728863971b398c9e831cee
reproduce/bioinformatics/application_inputs/targets/at0029.fa	phase3_application_inputs	2640	25d5edc4c0419e9b69634d32bfff96d2c7ebd2b3193b10ae984beaff5f7ec124	a3a5a86714e13c0d5fd521c7c54fdd976af73731
reproduce/bioinformatics/application_inputs/targets/at0030.fa	phase3_application_inputs	2640	4a628b3f7c7a2a427ebc88cb4c4cd9757ddeb028c7b3fbc43d715b1a488a42ad	fc5b2a13a3d026ef8b63e46eb618971d51244004
reproduce/bioinformatics/application_inputs/targets/at0031.fa	phase3_application_inputs	2640	109ea68f05160cfc99ba1d385f9c9d795f4b38d620c6c1046e1106e4d3b26bc4	98082578569bacaf20f4cfcd0893d60481d02959
reproduce/bioinformatics/application_inputs/targets/at0032.fa	phase3_application_inputs	2639	fb596fd5500d838be487cdc0dcfd2fcad771b5209cf91040b6b6d82a04553be8	6f54b4ad9952d4fdeb253d5b4f44934cc0cba492
reproduce/bioinformatics/application_inputs/targets/at0033.fa	phase3_application_inputs	2643	a9c0aa7ff8b0c38ae623bd34e118d1d49ac782b435e9d6c96f923ad298456861	6658375cd3fbff6de8b96ed50efe03e502ba3c81
reproduce/bioinformatics/application_inputs/targets/at0034.fa	phase3_application_inputs	2643	981ea4b0d97f8a086fb94d88c86e083da1b6f35d8a3429754f64fb5cb221b038	3619c812ec7e492aa5722ebe689973d27874933c
reproduce/bioinformatics/application_inputs/targets/at0035.fa	phase3_application_inputs	2643	6301a8e82e9bccabcbc219cac0163ae119cb07851d823dfe8856f501476348a4	f5027ad9b1966150b48e6f533435cff961adaf75
reproduce/bioinformatics/application_inputs/targets/at0036.fa	phase3_application_inputs	2643	c6e36f3392cfe7f1086e47cc0587a4f1a8f9b15d6f9718f19ddaa9d6787abad2	4081ba48013f2ca5294bc1a81b2dfcf3742c1a34
reproduce/bioinformatics/application_inputs/targets/at0037.fa	phase3_application_inputs	2643	87dca6138d130af739268c46654bb60028c17f444638c933be4dbbac2089b894	be1c4cd38635d773c656430ca13caa5f1d0a0bdc
reproduce/bioinformatics/application_inputs/targets/at0038.fa	phase3_application_inputs	2643	33a83988b7dcb2219820e37b97f99962ebcffb643fb774a649c250d90c4bf403	0d4f26909cf469bf36394e60606b40dc07f0ef2f
reproduce/bioinformatics/application_inputs/targets/at0039.fa	phase3_application_inputs	2643	680fd0b3b4953843266db44061dddd4fd9decac4e2924f332920f5c1ca59ea8d	c7b91ce20901379a42c78ad2b0bcbd0b3eae3e61
reproduce/bioinformatics/application_inputs/targets/at0040.fa	phase3_application_inputs	2643	c596ae4fd68232624554f3482fe2b5c5b15922fc9cf15a988b3a1ab61e194a6c	2f70b1e964317dece95804f83d82b22ca354ed37
reproduce/bioinformatics/application_inputs/targets/at0041.fa	phase3_application_inputs	2643	e2943bb4b8d7ad2032deffa2519028d571eb50f2102b51a4da6347f3ae2bbefb	4253b18d1331b4e63dd3012c344322549db8458a
reproduce/bioinformatics/application_inputs/targets/at0042.fa	phase3_application_inputs	2643	2442850d4f0cbe9144febc53b23ae5bd0fcc9ff4088f091328fe2d80aa948e19	7c505bc09d35dcd755d81dac11c5d0b757f99d3b
reproduce/bioinformatics/application_inputs/targets/at0043.fa	phase3_application_inputs	2643	94adf6f59a26ed3389c33aa8ff6a308641d480c4593c9e23455d5b39f82d12d7	82ffacec4d0d734bd30016e4d183e34ad23fc850
reproduce/bioinformatics/application_inputs/targets/at0044.fa	phase3_application_inputs	2643	a73fdf3dd9221b9d647a0a39edd4848afb57f5bc828a3b1924031a2743aa387c	f100334a00ddea213d2be65b1ae6558cf9adcf3a
reproduce/bioinformatics/application_inputs/targets/at0045.fa	phase3_application_inputs	2643	7f2fb7dfdcb3eb571317c05b2784f8b60aaed472ce5bc93b5b77e920e42c9c75	ac30992d3caa252891505be997bf50b1969bbe40
reproduce/bioinformatics/application_inputs/targets/at0046.fa	phase3_application_inputs	2643	c73e25dcac69311ddb8e3bde0754731f9838f4562ab639783fc8321611ff576a	55e5409d9a667526dc9fce3ff0ada2eeb7ac0dc8
reproduce/bioinformatics/application_inputs/targets/at0047.fa	phase3_application_inputs	2643	cf450c62808b67155f3655ebf6cfdd017f30ced557242b285cba2215144a8886	c1661c9a7f033210fcfe0699326a3fee74a0d93d
reproduce/bioinformatics/application_inputs/targets/at0048.fa	phase3_application_inputs	2643	76aedfdbb087e70203296517bb36fe2548a989a08470fa2a61eb2d8b937a74ec	548cc2c7ee02e186debf5bacef6ddab47d1128e7
reproduce/bioinformatics/application_inputs/targets/at0049.fa	phase3_application_inputs	2643	709882d109f96f5ca4dce6e0d68346109a58647b4040ca033c07e1ee7291a9ef	ae5dd4b1efd6889f5255cb9a459a57337c679569
reproduce/bioinformatics/application_inputs/targets/at0050.fa	phase3_application_inputs	2643	6cd363618749c746b1064249b0fa82bea3b9d8207af49829ca97e6398fb1c23a	65d1ab7284bf8618f9acd74890b5009a3c48daf4
reproduce/bioinformatics/application_inputs/targets/at0051.fa	phase3_application_inputs	2642	22dc150a94d4900eeb598bc736cd0b3b776be6e8f0d91f2e2ca7ebdda2f8e065	1c4ab2af04be4eb885e5d067453e77aa64439993
reproduce/bioinformatics/application_inputs/targets/at0052.fa	phase3_application_inputs	2642	8fbdb3e7911e00400e1c27e0293454c47f75e5fc571ea01a6ede798eb6073089	6921db23a42ad09d633af9a467f0ee112f848875
reproduce/bioinformatics/application_inputs/targets/at0053.fa	phase3_application_inputs	2643	eae0ef0e96eebad177a079d0199e2ad10fcff568186c4114d39ab39672cf6dd2	7190ae28544d3591601449c8e7eac0d2c2fa96aa
reproduce/bioinformatics/application_inputs/targets/at0054.fa	phase3_application_inputs	2642	c77ad50a287de949f03923c6d88b42fc4e4d75c0bba97e313a1ce953605af075	776a0a09ed5ceb2d455c956782d71fdc0b43eec5
reproduce/bioinformatics/application_inputs/targets/at0055.fa	phase3_application_inputs	2643	82bb9f568c6dec1e594f0c9035c4a48fdda6eb322eb4729824398fa8f5c7ad7a	08feaa4f7c38ecf0e8f6ba0825ff3e379ec814d9
reproduce/bioinformatics/application_inputs/targets/at0056.fa	phase3_application_inputs	2643	7ce2ca5cdd5e428cb63f7abcae2893c7f224bc5bb5c89d6b3abb482c8cd10e29	f41d9ceeca9934f5bb1fc77b459760111d8d2bbe
reproduce/bioinformatics/application_inputs/targets/at0057.fa	phase3_application_inputs	2643	4466ba6d5d13627a1e409797add38076d83f1ef8889b6425f82bc293e636c49e	ff536c275077b58b5980ee61a2871c5235993d52
reproduce/bioinformatics/application_inputs/targets/at0058.fa	phase3_application_inputs	2643	7346401494d8203420f35abbd35e981e6de01133922364eb9e5df755bfbd9c43	78534afa8dfb4747753e2f50a43d63a33c913039
reproduce/bioinformatics/application_inputs/targets/at0059.fa	phase3_application_inputs	2643	15917afb473dd9403f5bfb7677a40ca045d779c52797c8d98187b31eb3116434	1e804122bd792a262438074e77c4e601b9f722ba
reproduce/bioinformatics/application_inputs/targets/at0060.fa	phase3_application_inputs	2643	b364d5c3eb2b8d975b7a679d3fe0c576881660872b597dee70f778e6922309cf	708db23621ad5ce2148035980adfd155eea933d3
reproduce/bioinformatics/application_inputs/targets/at0061.fa	phase3_application_inputs	2643	05f030dc2641f7951ae35da0d4cbc1b3ca8c12fbf61e22f4120f07e0abcca4a5	2a5a746c623d0c5cb0ca8b68436a6729e511f7bc
reproduce/bioinformatics/application_inputs/targets/at0062.fa	phase3_application_inputs	2642	78793f04f3dd9cce001bee7e44622ee60454ed0f584bf51ed18f8392d24baac0	77afee0712389b59c4cb80857f830dfcf9b3e839
reproduce/bioinformatics/application_inputs/targets/at0063.fa	phase3_application_inputs	2642	4d760f218ccaac2faef5633a9c70277b586e62f6efafa911fe8eab22b107057c	bb7b37c470c3e17b30c6b3ba0b18088586e3b812
reproduce/bioinformatics/application_inputs/targets/at0064.fa	phase3_application_inputs	2643	81cf7acb9f4106c312cb92416a85e2cb4d6b034551ebfed073274e839458a3c8	f3f5c60a06e945d43fce6ea1e09fb2ac46a3ad3c
reproduce/bioinformatics/application_inputs/targets/at0065.fa	phase3_application_inputs	2643	6c14752c9a1c886ba00a4af37c57923fc0c64cdc5b224b8d6bc33fe243760a49	e17b900dc9f0653021f6de2a1e9aff49c4fc5c9f
reproduce/bioinformatics/application_inputs/targets/at0066.fa	phase3_application_inputs	2640	c7ce5cf9696a0fa1a9b47b3118450307357a5e6f3104e9f0e644cd9532a06a69	d8996fa32968ceda25089283b602f56a10266b61
reproduce/bioinformatics/application_inputs/targets/at0067.fa	phase3_application_inputs	2640	170c497d4d2355bfabfed67b56b363d5ab6d7b6a5893cfc4068b10f531d6cfb6	10046d3eceee233b1abadfad255654b83cd6c50b
reproduce/bioinformatics/application_inputs/targets/at0068.fa	phase3_application_inputs	2641	31270613685af73a3446ffca444237757c40435e6e565242bb72bf6e0f9c1c97	a2446e229988d264a88cf9fdcf5d4cf4bec86a42
reproduce/bioinformatics/application_inputs/targets/at0069.fa	phase3_application_inputs	2639	81cb3aae9a3e297727774c57363817f1b881cc8f6a876b5c55604827c06a98a4	71a88b09309e136aecf71f02668a26a1eed258d9
reproduce/bioinformatics/application_inputs/targets/at0070.fa	phase3_application_inputs	2640	be2906b0f3e9caf96d4f7f3d64a6046ba8a6a71af7ac0834110e4bbe658aadfb	06d7aa020f256cfc3258ebe7fea5c6729bfaaf3c
reproduce/bioinformatics/application_inputs/targets/at0071.fa	phase3_application_inputs	2640	01233270a236fe3670594d0e2bd0039b4200524c7f0bcc35a98293d21e97bee5	d6b86298dd1106f3565ad65f35b62c5b945ddc66
reproduce/bioinformatics/application_inputs/targets/at0072.fa	phase3_application_inputs	2638	9ffff64e4b59da32d52b51a9faede2087451866b63266b53cc2463a737480d05	39f1ff409bfcd3462281a28780f85bcb77a77a4f
reproduce/bioinformatics/application_inputs/targets/at0073.fa	phase3_application_inputs	2640	0a8f5a9617de0fdddb893656b963c3b9c7f7395496a10227ee161e1dc402434e	4b90549e5de4a79e481a27fe5afc5f854c085a74
reproduce/bioinformatics/application_inputs/targets/at0074.fa	phase3_application_inputs	2641	5887d3871e19f619e7f38695f42b54e3e947a3caf25d310591a397271c99dcbb	dd323181f3ea76923b8574940a21c5518887f170
reproduce/bioinformatics/application_inputs/targets/at0075.fa	phase3_application_inputs	2642	7746b6f96a519d921d225a515bc21e1c23af31f1da1740d6f9b2f581107fa196	6b043517c1bc04a27a353880ad2ecba810383093
reproduce/bioinformatics/application_inputs/targets/at0076.fa	phase3_application_inputs	2649	72d9da5afa146e46f6fa3c307c52a81b27820a3c3ca4de12fdb2b5ef242f0cc1	116be1db14b6f4224983362ddd160691fb435baf
reproduce/bioinformatics/application_inputs/targets/at0077.fa	phase3_application_inputs	2640	b7a0924a2187474e0006ff6bd5abcfdaa36ebec5d5f9cc3d8619134070641037	8bc085efb99565033daa4200c319e10c5fad0b67
reproduce/bioinformatics/application_inputs/targets/at0078.fa	phase3_application_inputs	2641	17ce4cf814490010f50f341a6e6a1bec5f27526dcd88dd31618a44175fdd2c57	577dd856642953372d12f5c476e26db0a96ed9e6
reproduce/bioinformatics/application_inputs/targets/at0079.fa	phase3_application_inputs	2640	64228f980eb12ae3b28faef2e4412a72e29f235b0e46b7ae8f2f0397edefe3e8	50130b25211ae60a4ed7da213ede1e4aedcb6700
reproduce/bioinformatics/application_inputs/targets/at0080.fa	phase3_application_inputs	2639	a4ed13236136b81af7e6f76c634bc299402264d4736ef3b7ccbaa3bfd1cd42d1	ddf0b06dcdb1a4b6497834339101498fd970cd74
reproduce/bioinformatics/application_inputs/targets/at0081.fa	phase3_application_inputs	2640	110c86c18a1d2cda2c5327261de68ab06d1730603946e87c61b56ba393112b30	73cdf0b2911494bda52dbce8b0fb45015fedaaa9
reproduce/bioinformatics/application_inputs/targets/at0082.fa	phase3_application_inputs	2641	f7bf88eb432ba029e56a2a5b8de64d602f22135bf7ad4e19464e50f3b726f67b	0f21cd45904fff1939e7336c76450248f9057f7b
reproduce/bioinformatics/application_inputs/targets/at0083.fa	phase3_application_inputs	2648	698ddb5d1bb00cad4178a3fa0dc9f36b6c3383215399d44ef474870fc9e5ba1c	a176237c1a4dd501e831a858489fe6f08cab68c0
reproduce/bioinformatics/application_inputs/targets/at0084.fa	phase3_application_inputs	2641	e541c27aacd7b1d2b4f3e6da4d389dde321b5a128fd045053426a48b6517eda1	6693282706a17b65576fab655a2e12a09da1d6d1
reproduce/bioinformatics/application_inputs/targets/at0085.fa	phase3_application_inputs	2641	b9296dd4128238265a8c8eae0a54790f71a261c485e80250b9b30fa3f3fb9030	0547997f876cc5c33154c5e0a065e3117a9c173d
reproduce/bioinformatics/application_inputs/targets/at0086.fa	phase3_application_inputs	2642	a478fb6358ecc272637a17a1e99611a0a6090f814680c08a8222c96e675e3e2c	004eaacfdf82c057c9503030e468ac5a6e341624
reproduce/bioinformatics/application_inputs/targets/at0087.fa	phase3_application_inputs	2642	3636dd51ea221580a2ab9ff66db98804be18d53d6213aa3c8ae86726d7068867	4c37eabbdcef1b62c60ea6da59ca80db3f68cc0a
reproduce/bioinformatics/application_inputs/targets/at0088.fa	phase3_application_inputs	2642	1fe89a0dbd2c22253f9da4a414895ef582ee500be95b1f695e3ae1691c50b809	977b96d13a8965d62a3b922b9f7e3c24fa84a6ce
reproduce/bioinformatics/application_inputs/targets/at0089.fa	phase3_application_inputs	2639	11f0420de0d3e9113eb330e3280e697ad11d484a07fcf4ea251c10a36b78644f	2a05a24a0b5ea418b06ed14bd75a3604e30f12cd
reproduce/bioinformatics/application_inputs/targets/at0090.fa	phase3_application_inputs	2639	be2cadadf7b5b10f5f7c68cf9dda519837d6401d82acd6266f2bdab4ecebf5c0	65172ddc06567993b72abc5dc15f99555ba21cdc
reproduce/bioinformatics/application_inputs/targets/at0091.fa	phase3_application_inputs	2642	841b4356938aaebfdb4f45eb30ffdfc2647610c9500ce2fee58162ec97b64abb	3d0edf9253a2c593f712b368160e2bc910c9f21f
reproduce/bioinformatics/application_inputs/targets/at0092.fa	phase3_application_inputs	2641	45917095eaf127834f3b9ce70043795aa64459c4671af7087611e9b696bcba4b	fc5eb4746c4df17bb3a055aaadaed8a4f4680ed2
reproduce/bioinformatics/application_inputs/targets/at0093.fa	phase3_application_inputs	2640	ca7dd90276fa0848e467c4cf3ce87d71eec5306dda3bc6f80fff6c9f74756a7b	9a06cf3e5fa458b79ce52975b0d744a3059e89fd
reproduce/bioinformatics/application_inputs/targets/at0094.fa	phase3_application_inputs	2640	a97efa4c1bf32eb4d9df69bd21e92829de8b00f47dad397c94d3a89b69d2c470	7d0e4279b4164536e65eecae51843f23eb712a4a
reproduce/bioinformatics/application_inputs/targets/at0095.fa	phase3_application_inputs	2649	d3ec15510db2539d45d3084ec9a90d3b0a514645cbb8956f7672572867f9a331	389d33cd44e85050fe6fd1bb3631606f699ee056
reproduce/bioinformatics/application_inputs/targets/at0096.fa	phase3_application_inputs	2649	b4e2a4c29111cc76201dcac15009a232a08e0f838f7347ec74c81303b9c05a1b	e13c8f8f782b536baee93a06547a9ef28af9bba1
reproduce/bioinformatics/application_inputs/targets/at0097.fa	phase3_application_inputs	2640	725cc9d77447c3e04f2f73c17892a10d5a637a3fe58209f4efa16c7acbed3195	0c0feb2b55adb5e460eee6875d9a03833e3f18ba
reproduce/bioinformatics/application_inputs/targets/at0098.fa	phase3_application_inputs	2639	9c0d96f5a549a8273b57a230b1d944d028c4a3ed21f2b857a6ae1dd2389e83fd	e8edd1d655929ac29b0ed188017826698d9de846
reproduce/bioinformatics/application_inputs/targets/at0099.fa	phase3_application_inputs	2639	4e7d31a115c270aa1ca3a8ba3b949171b7f54b97828b18fff9bdf983223c3e42	c1ef7e4dcab32ab618467399e39ec4a50bff3529
reproduce/bioinformatics/application_inputs/targets/at0100.fa	phase3_application_inputs	2641	50691a51847d40e1c10776156d6cde8542f5044c4bb73301fbe78f4689c96dad	360dd946493a661a3fd6cb6c098b314080ace95a
reproduce/bioinformatics/application_inputs/targets/at0101.fa	phase3_application_inputs	2643	4369db20581f97d4d0716ac15d4042278428f234e516fc216c35d2d22d714936	72a5d8147ffb09051e903dc3fa6ab9d1e7dda681
reproduce/bioinformatics/application_inputs/targets/at0102.fa	phase3_application_inputs	2640	f8bf86f7c733d2edc92bf1c9d0af9e8f9e0f3d48371d5bcca4a7372e3a99f7ca	dbc9fc1d69e4627f8c65589a08d6099a969cb401
reproduce/bioinformatics/application_inputs/targets/at0103.fa	phase3_application_inputs	2640	3795660312e39fd93acca9ebd2e999b8059a36fad62d30d69506812d504a016e	ea5581640b42d2aa3014bc69be0ffdb16e9b2325
reproduce/bioinformatics/application_inputs/targets/at0104.fa	phase3_application_inputs	2649	ee0c7fd216c21e612a6c5ba2d5d2209be12abd431dbb9c73e7960adea5a41305	b4c1451ea0ded54992d2a1ae68af596bfaac05bc
reproduce/bioinformatics/application_inputs/targets/at0105.fa	phase3_application_inputs	2640	d02321a25460a035aeb89add8ae145cb21d133906bf1d4b6dc67629b35a2126d	7e661674a4dffb7221f2ec99292bd5f03782ea6c
reproduce/bioinformatics/application_inputs/targets/at0106.fa	phase3_application_inputs	2640	b03d79d2378cfd26ecbf3ec8ceeefe0022bcb03c067f01a8e490089b698ac52a	102357d6292cc42db475ac8fbc39af3a410db7de
reproduce/bioinformatics/application_inputs/targets/at0107.fa	phase3_application_inputs	2640	5e6e1b99596e55f0ee4c237114cae7dcddb997a88554186ef6d2bd3de8d596c2	1d13e0a73971b7f6f75a5f00746ad7b5b249e376
reproduce/bioinformatics/application_inputs/targets/at0108.fa	phase3_application_inputs	2640	59b2938ad9070351b8ab3b61ee9bc766ff4acd0ab604cc1c1914548776df111f	b5ef32ba36248f3c702b77d570eee049d09e26d7
reproduce/bioinformatics/application_inputs/targets/at0109.fa	phase3_application_inputs	2640	ca2baaa266223bb023a3e172e5cb776112898e3234b0a7d369fbd58e16776233	f387feb2402588766e728a11396fe5697082c4bd
reproduce/bioinformatics/application_inputs/targets/at0110.fa	phase3_application_inputs	2638	fbb2392cb9e6a2ba775c1cc3e3c095aff244fe9f026adb3ad56b247a0bd6f319	e58d0c69cb1e0efd781f7c63b4c262688a378375
reproduce/bioinformatics/application_inputs/targets/at0111.fa	phase3_application_inputs	2640	b2eacbfa18fefcd3afcf443b26e0512b56e948237404a41c587e9b9f5fa6f676	0970ef75f1b2f910c62dee627c256c6f4c839111
reproduce/bioinformatics/application_inputs/targets/at0112.fa	phase3_application_inputs	2640	3352a9869cb0797fc98e3fa451606bd3061caed14120d938dcfd729ae4bd689b	a45ac60076b471495be454740624b6655c5b338f
reproduce/bioinformatics/application_inputs/targets/at0113.fa	phase3_application_inputs	2640	032bf8993d17c166ebf1123402f1941c61259f10104d6a5cb653d6e10362f471	7b322d6c46b06fe154a07be339b8bcaaa3eef4e8
reproduce/bioinformatics/application_inputs/targets/at0114.fa	phase3_application_inputs	2641	1e303d0c802cf154823b5490db54c214f293110bb131cfe3871a648ca438b984	49825c13f13176946bad82a3c2f7eeed8f210c8a
reproduce/bioinformatics/application_inputs/targets/at0115.fa	phase3_application_inputs	2640	2d41b26884a429fcd6ee67c45cae2f846f6ff3f6cd8c894a73133c84fe7d4f4e	842fc1f6de7fb1eb808254f376c349e8ae7e42d5
reproduce/bioinformatics/application_inputs/targets/at0116.fa	phase3_application_inputs	2639	2e999a66756841657d38f04fbcbe22cf00190a7e54e4e41f567a8613f68d3f95	eb8cfca25daa8ae8fabd86643f56dcf6fe522395
reproduce/bioinformatics/application_inputs/targets/at0117.fa	phase3_application_inputs	2641	d52d825de84eac50296ebfcaa19b3c7fab6d1225bf2ae811ba93f09caaae00c3	7c877d01c1aa5e7fdd633b7a396ac8ffdb6b4710
reproduce/bioinformatics/application_inputs/targets/at0118.fa	phase3_application_inputs	2639	ea449ac6c0d4dfaacdb8ef56173572e3c3b7f945813a4e25e545a1f354be3462	0735e59c2a7c81ae3268d6e4d2d190329b5e3b36
reproduce/bioinformatics/application_inputs/targets/at0119.fa	phase3_application_inputs	2639	01f60a9e91dc5a38a47ce50510ccf4efef065717f8cdd0fbc7471fcaf3ccff7b	770c3593d46cb543a0efc0a1937e6a4ed2786ba8
reproduce/bioinformatics/application_inputs/targets/at0120.fa	phase3_application_inputs	2642	54dcb251fb8c7966e3abb455aed305f3ed144eb1be328f81560625ed0f06d4ad	3792d49f58afc77a36a651601580cdce55ebeaba
reproduce/bioinformatics/application_inputs/targets/at0121.fa	phase3_application_inputs	2641	78f427d0142fb7a21cf9277934ff4c978b013a799e0e01d1cdb2f82ffcfa9d22	52a83d3d84819e9522adb5cdee2ab71c9ab64efa
reproduce/bioinformatics/application_inputs/targets/at0122.fa	phase3_application_inputs	2640	0f11f403da536e4d55fddbddea1379dacd68ec3e9b3c764180b0c2450974180c	872f4e46f1988ec7aa4371c9ce91de91ef501f29
reproduce/bioinformatics/application_inputs/targets/at0123.fa	phase3_application_inputs	2641	e1f9ffc2ccf3de054d901b90bda073a0526b376c90f2737abcb7f97c23909d23	440a1666f83cead9e32c76d13a5f6027073ed1da
reproduce/bioinformatics/application_inputs/targets/at0124.fa	phase3_application_inputs	2639	8fa891ff1ebe9c88528924bb8ed25545cbca1ce4a4f421a6a5b41f22f4359352	2370286f218059c416bf998391a7b66678a1cdda
reproduce/bioinformatics/application_inputs/targets/at0125.fa	phase3_application_inputs	2639	e0325311ecbfc88b1262d6f23ad5bbc1f5d820c89db63cefdbbf2ba2f79e0db6	2e1a5c8221afe9ab76e040bce60a5a654bf65f5c
reproduce/bioinformatics/application_inputs/targets/at0126.fa	phase3_application_inputs	2640	25e09f10baffae0c6eadb3156221fbc30f0b0c277d32313be2737c605ca8197a	37a3433c1889ea4f5f68035d7d9e6afa0b0aa71e
reproduce/bioinformatics/application_inputs/targets/at0127.fa	phase3_application_inputs	2640	9130192be761f62282474ffbc9e8e472bf8cfda05536bccd0f16a10d4ac3a769	afed46d68b2b0c3d810ddc5aed13561ca6168822
reproduce/bioinformatics/application_inputs/targets/at0128.fa	phase3_application_inputs	2641	d45cbbe00febbe2feaa38a47adc70ce23fb7e8245d8a29820f4a7d2a4b40bdd0	5ff617b085fa2c18aee05d52c9770c72b5784da2
reproduce/bioinformatics/application_inputs/targets/at0129.fa	phase3_application_inputs	2639	60426aa5e5cc9b69ffa80989145615f98b0565b766fccf7ecf44ad7b1bb35e3e	4402ced8dec2c21048d278ef63dd277e1afe718f
reproduce/bioinformatics/application_inputs/targets/at0130.fa	phase3_application_inputs	2645	a2993930847f1e83a06a124613a38d208fc5cdc0763ec68c5f26ea45ef4fa94b	15ceef7c22b5071f9376b0abf8659d17312d4121
reproduce/bioinformatics/application_inputs/targets/at0131.fa	phase3_application_inputs	2640	f745d4d6fcb29f09bbeb8c844c3984068cad3d6ab8e40ae0581e7340b21b6365	76fd0be26878e8d2ea973d13a588b4908832a0e3
reproduce/bioinformatics/application_inputs/targets/at0132.fa	phase3_application_inputs	2642	ca230a081c38d897d6b4094050ead95ed651714c0c4dc7b076c4a4fbfcdd83f6	17a3ab84ba1413827b385a4d9c7e6a5aa5080b1a
reproduce/bioinformatics/application_inputs/targets/at0133.fa	phase3_application_inputs	2642	965394d7aa3e43657a8d08bd46bdf58c397e73bdc4cb6f01dfbf64fcd9581321	e6a8156143357b7c390bb4c720fd619f80245f9d
reproduce/bioinformatics/application_inputs/targets/at0134.fa	phase3_application_inputs	2639	2d39b7aae7241f8509dfbf0e80e05d4b0321d2e3fe3eff2d5cff9499dff0544b	49fa7712a4606b8d6a58bc8dfa00f1c10ef4d606
reproduce/bioinformatics/application_inputs/targets/at0135.fa	phase3_application_inputs	2640	c797496d0a02e79a8856725ddabc1700fecefa57d1a18865de8bd1373d04d769	902490ca72938fb808c62e6e4a37cff0fcad3e48
reproduce/bioinformatics/application_inputs/targets/at0136.fa	phase3_application_inputs	2640	9966ec88d75cd36f7474d4fb8c2bf18dff186514bdefa0660d6ae2011cb48e24	3591eadc95fbab564282559fe063b3c73ebef455
reproduce/bioinformatics/application_inputs/targets/at0137.fa	phase3_application_inputs	2641	ff5b53946e9be96f93634d11983e9d95992a4c11a74f4c230561880c435f2e31	af95dc6062f286fc357e7492cbc3f3f7e3294799
reproduce/bioinformatics/application_inputs/targets/at0138.fa	phase3_application_inputs	2640	cd34942766a1a8a3e678e71f70449855d91b0fb17ce79e2a55050e4254c1505e	5cd67c7b4d1929de7f1ecca2dd329258f7fcf632
reproduce/bioinformatics/application_inputs/targets/at0139.fa	phase3_application_inputs	2638	8fa59598af8e15f81ca74609ce5563d8f71d5b99ab336f54b2face21a0203478	5ba0f4ab18e75ce2215f820dc0f942948b2b7792
reproduce/bioinformatics/application_inputs/targets/at0140.fa	phase3_application_inputs	2638	245490b6ca7778289c1db397675845ebe56576d584c3cad2cd12b08e0800c9a4	b9546617cf151b2b58c44bf02c5b1e64a5a9b1a0
reproduce/bioinformatics/application_inputs/targets/at0141.fa	phase3_application_inputs	2643	3f9b581433f2ff6cd85cda013d86c81c24a191956fabd4b2b82448cc6a57f030	a1e4f091df25a7b95549d62843ff9f7393fdf1ef
reproduce/bioinformatics/application_inputs/targets/at0142.fa	phase3_application_inputs	2640	56e9fe4c1fd859eec3ed92ea60f5b85a09651f71de5a88f4bf6d23e15e49de4d	b437bbd1c141f1690151b4c962193f9ff2f5d05c
reproduce/bioinformatics/application_inputs/targets/at0143.fa	phase3_application_inputs	2641	c6d1121def8bbc1212d7ade86d3b90b6e1f65ce4a831659526f6824185c88300	a5a3d23c6c22acb02b325a33c6178a1ea57f61ef
reproduce/bioinformatics/application_inputs/targets/at0144.fa	phase3_application_inputs	2640	32521bca37fe067b3efa0409da60cdc6a18c0c134b045470f0651916860890ef	cd6d70775de001fa048f85b2fad4204e1bf302c2
reproduce/bioinformatics/application_inputs/targets/at0145.fa	phase3_application_inputs	2642	cd40506ae6f7c1ccd937b276f26ad4b4a3d1930ec58ca10faa2b48932a2d7782	687063c1176bdcf1a80b56ae949d65493e5d7cac
reproduce/bioinformatics/application_inputs/targets/at0146.fa	phase3_application_inputs	2641	7543a2de55f772b44ce307c158d9afb53e8651e57f8b1133dc17801e6cc2b4f3	d504cceac24f769a45163ae5cd1b682c42f1e07c
reproduce/bioinformatics/application_inputs/targets/at0147.fa	phase3_application_inputs	2640	756c558dc1a60e89d2ba21f966650d6ebc852063171eec3a74b678181840c185	ad6c92735eb1649156db6097def512e361d237eb
reproduce/bioinformatics/application_inputs/targets/at0148.fa	phase3_application_inputs	2639	c772f1474c3e55778744db5a3daff43baf81e7ea124d820b99c6d8581818ef29	bb4bec822ebbdafb7c64625f037413528ed2cf30
reproduce/bioinformatics/application_inputs/targets/at0149.fa	phase3_application_inputs	2638	aade40f9db89d0d347824d89007b080fe604ebdc15d9da6b35e3ccb4b390b2bd	9261e67a7e3283250ae6cf7832d3692b6ff083d0
reproduce/bioinformatics/application_inputs/targets/at0150.fa	phase3_application_inputs	2638	e3f62cbc8cab3cdd1c7a360ae9c152a31f7ca61997bfbd15aa5a38cd09fd1095	80e8823f9c2d683b070010e499f3362b96fb00df
reproduce/bioinformatics/application_inputs/targets/at0151.fa	phase3_application_inputs	2642	c1cb2c1964a880da2e641e2cbeed9a33d362078e143a165b46650df2d543626c	c51ef5bb8e03950a3b11a43e27af8de63a1c3b7e
reproduce/bioinformatics/application_inputs/targets/at0152.fa	phase3_application_inputs	2643	83ec6ea16a8b102b44f4df73aea60c7d776c4f5ca8750d3eda64970f9f3520f3	3da4986e90f88cfbdd06463e778ff8eb550d3999
reproduce/bioinformatics/application_inputs/targets/at0153.fa	phase3_application_inputs	2640	da0f4e8d47bcd073c273ec503352b6956b42045c63f1aeb442cc878b8f43f568	90c4e75cb0915b79000521bb4f2653d55de34ea6
reproduce/bioinformatics/application_inputs/targets/at0154.fa	phase3_application_inputs	2642	f795eb3ad8c2ceae43c6409b2d0af28f74e26f1380d3f04864e3a3ae7525f3de	54618c93e7e9969e0a52833db7c8830fba4a6633
reproduce/bioinformatics/application_inputs/targets/at0155.fa	phase3_application_inputs	2641	0f87fbbcbc0cf4062a95ffe125f6453d57afa17ee1bad60e9a96dedd130cf068	cbdb60dd8238076a7eb2e1cfd4dfd8deae0336de
reproduce/bioinformatics/application_inputs/targets/at0156.fa	phase3_application_inputs	2639	b64b5c39bcf257e5387f72812e2ae0a98d6f07b4b399495296d15b5ecafe0ca4	151d36ba11522764ab74a418972652d59fc1f5ae
reproduce/bioinformatics/application_inputs/targets/at0157.fa	phase3_application_inputs	2641	14709e7ef75507880ef39e2bcd7e40274e37cea8173a86943463fe7c3844972d	13e887150555036fca9e930a3779c41fe414e6ac
reproduce/bioinformatics/application_inputs/targets/at0158.fa	phase3_application_inputs	2642	5210e8b372e0c0028c3993e30be1593fcb4d4e470e626977f3ff64577a36d15a	9862d33f37c18e73ccef5663085bdd178703499b
reproduce/bioinformatics/application_inputs/targets/at0159.fa	phase3_application_inputs	2642	dc839942ca9e60bdba6751b3af45e22b579fd07feceaaaeb97cc065c2ed1faeb	c2c238c23dde72e5259772f285a885ba16a49c68
reproduce/bioinformatics/application_inputs/targets/at0160.fa	phase3_application_inputs	2638	bc5bae6efb1b2fe3a9bd3ab32d4359fd82bdd4baef1a2109ec1962d6bf6f6bd5	948c4a678a2b8233ef7c7c894766ce6316344193
reproduce/bioinformatics/application_inputs/targets/at0161.fa	phase3_application_inputs	2640	80342c344f2c5255c5a2b42c4fe48dadb4fd401f0686a4963e93903b48d49742	7fcb07fc17f4927dd98a40d581f3fe53c69728f4
reproduce/bioinformatics/application_inputs/targets/at0162.fa	phase3_application_inputs	2639	5d76840b9603778682eb6fa0b27663a28ddb77b14958f3d7cb1785bd2d8262fd	19fd7f1284f99a8fbe75f44e7f6d3e00edea4c77
reproduce/bioinformatics/application_inputs/targets/at0163.fa	phase3_application_inputs	2639	a544db5e253ab70e8716695bc0be2978470d93c2825b99d94e7b6f0a0df83b00	39ad679de6127d0f4fbaed7e237935568a434f9d
reproduce/bioinformatics/application_inputs/targets/at0164.fa	phase3_application_inputs	2641	26b0a4343a75add7b0c6ba94e249c324cf388a9652bd6b757abaa80cb5fce04b	d81a2fda338b3959df71af7025c80c998359a05c
reproduce/bioinformatics/application_inputs/targets/at0165.fa	phase3_application_inputs	2641	40e3fed0b78b1997301ba48f6cd2f402ef314151fecfa2e8b5d943d7c6435e1d	aaf90551f1c8ecbf59cbdc16794cacb85e40a872
reproduce/bioinformatics/application_inputs/targets/at0166.fa	phase3_application_inputs	2640	45cc5c69440b91e207cfa2e4b1098bdc3f1204a8091da753a71b026a1de78d1c	94e2f6d53194d5e43b4fd8e6a683cc2385376293
reproduce/bioinformatics/application_inputs/targets/at0167.fa	phase3_application_inputs	2639	cf54a33b22b73562f9d2f3e2f4f615aea94b040ee693f6621ed204d7debb3d4c	d8dafed0f87a2fd684c85f32fbb6ff5d91b5b3d7
reproduce/bioinformatics/application_inputs/targets/at0168.fa	phase3_application_inputs	2639	21f882a5a899c9fbe3307175c23530285935c1ae2ccfb32357474217b01be7e3	c13a23ac4caf7797c1e4c596b2c98fe5a06c0ea5
reproduce/bioinformatics/application_inputs/targets/at0169.fa	phase3_application_inputs	2639	40692a3c11fb215848db2e00b5ed76d46b683d846d3b1b0f4b00d80ac27afd80	bbb378e6a64840ec9e14724fde2bfbf75083c9c2
reproduce/bioinformatics/application_inputs/targets/at0170.fa	phase3_application_inputs	2642	bf45fc6917a2b1e9aac81b962586d8ef7bb080c5966c6617362696a1194fa1e0	2f1bb2719618665fb4a04101b56eb0b326f91825
reproduce/bioinformatics/application_inputs/targets/at0171.fa	phase3_application_inputs	2649	7d2e93d26c7f605627571a7af8f4759c3c9449992932eaa1b0c052ac2da08154	0a2b001193c3bbed50bc66a5bf6e05596c4be26f
reproduce/bioinformatics/application_inputs/targets/at0172.fa	phase3_application_inputs	2643	3a6844920fc53b0c84c392cd87adf6cd0fa3869a6ce4f53d66571c4f1578c392	7c15c657aa7e640717adcf7d729cd4253ad85192
reproduce/bioinformatics/application_inputs/targets/at0173.fa	phase3_application_inputs	2639	7b3354d8d347ae0b31d71bc29b58ce275c51fe7bf02ec2b82e71e9056cfec7c0	f21f9401966928b5db2088ab7e22514551c6d4b2
reproduce/bioinformatics/application_inputs/targets/at0174.fa	phase3_application_inputs	2641	0475478ded2f018ec087bdd7225d4d93cf30401d99d1f04e821b1ba8718247ce	9a0884a0714a0cd9d7fbaf0579007e66e9db27aa
reproduce/bioinformatics/application_inputs/targets/at0175.fa	phase3_application_inputs	2641	7a7887b39f8507ef1d0c1cb8deb0f0ebe6164b065f24b14e4b7b90c51a9f3824	c7aee5b7cd8141cb8e6a1cb2bc64e91983d1ca83
reproduce/bioinformatics/application_inputs/targets/at0176.fa	phase3_application_inputs	2640	fd146b710a1ba76424478fc40514f5259ab012c0f23135808f8a89858b56ea7c	b807add22d435632fdfa058c3cc129b7c7d5fa98
reproduce/bioinformatics/application_inputs/targets/at0177.fa	phase3_application_inputs	2639	f6e2b85e1c9930827d24fcd3f570b3113fefd20da08423d3ed630582223cf1b2	ba76ba2f78e65d71bde763e1653908a1095e562a
reproduce/bioinformatics/application_inputs/targets/at0178.fa	phase3_application_inputs	2639	df4e1ab1c6f0cdbdd0442bec47cebfb326523903bf91e8e4f0575ae5f4e9149e	2692ac743c3afef0e24a5bb9fb2325358d7ad794
reproduce/bioinformatics/application_inputs/targets/at0179.fa	phase3_application_inputs	2642	88929ef43729901ea14b04f0de3f21cb39283b7292d34a1a0466582ca769d094	ba83400fde861523bde8ec7df4881200e62ecce7
reproduce/bioinformatics/application_inputs/targets/at0180.fa	phase3_application_inputs	2640	a87619f8a269f260860314710a77cce09b60a684987a4ef77ca2b83ea7070148	5fc62a2c6fb8571dca7e367cc7ed3dfafa933918
reproduce/bioinformatics/application_inputs/targets/at0181.fa	phase3_application_inputs	2639	e7a71a0fd1500a07274ed0e2d0e10e18ff5275bfaf24412a0f1996d0458af5d7	ce28b933e1ddc911efe40ac77ebc757fa2f18b9a
reproduce/bioinformatics/application_inputs/targets/at0182.fa	phase3_application_inputs	2643	f8a2ecff2e8dc0ec7e8a3342b024db39114f188538c0b7e788f70421246e6c85	0345c7dfd37e491733e55545bb4fcfd0b0594329
reproduce/bioinformatics/application_inputs/targets/at0183.fa	phase3_application_inputs	2643	af1afae4ffeccb6b24ce03d41cec3582d6be3116e72f9121719aadba58d6ea57	6436f006e1b6a1d9e1c196ee679e046fb851eb75
reproduce/bioinformatics/application_inputs/targets/at0184.fa	phase3_application_inputs	2643	7625cc751d75fb109141518ce681bf5faa325acb9f2ead29f0dbe3293d1fa629	23a8ae400ddd646f1b6913839abc2b39b0b06440
reproduce/bioinformatics/application_inputs/targets/at0185.fa	phase3_application_inputs	2643	e45aaa456b08520cc0454ac67050325a15a3433eaf7d737ed5d66284e50685fc	0d952c309fea3d4a037117f0672ef52a48eff5a9
reproduce/bioinformatics/application_inputs/targets/at0186.fa	phase3_application_inputs	2643	c514be313288f43fc4a661f91602ca2213af4e80a78292cc8970fb0cd3961267	f0ed0cc982c9f69dc4b3266df67a1746d09c3ea5
reproduce/bioinformatics/application_inputs/targets/at0187.fa	phase3_application_inputs	2644	548cf6954cfcccbcdb1eee8795ec784d8de5317d2b9a91a0400058caad460bb5	108d432a8af96244716f6373b8af1988781a0568
reproduce/bioinformatics/application_inputs/targets/at0188.fa	phase3_application_inputs	2643	e5f6d9db8ea6ec41621284a213c1cbd98f3eab2cee4e845b896d489b6718e44f	0b372b575c017b937530c3c88fde9c32dc52e1f0
reproduce/bioinformatics/application_inputs/targets/at0189.fa	phase3_application_inputs	2643	0e68492a005cfa37f0938414f0c7de6d7bb1b43538269e334f8d1fd205919a54	c5b8ae12ac865685f314d2eab55fc550bd3e0ba9
reproduce/bioinformatics/application_inputs/targets/at0190.fa	phase3_application_inputs	2643	27ca055f5090b492f4d914696da37c68522263ba66532a414774c655ef14c5d9	cd00804bce24b50840b8e050035e7c6314bb1b03
reproduce/bioinformatics/application_inputs/targets/at0191.fa	phase3_application_inputs	2644	9ffa19baee84f0c1c858a4c18455add66a40253852df5bb414e00535b8070127	d678c72f38594e024b7de98bf68d9d712ce39538
reproduce/bioinformatics/application_inputs/targets/at0192.fa	phase3_application_inputs	2644	696478238d88eaa2bec6ac2e81a37d13d2f1384ca2bced1004772926fb9147c8	3be90a3b3e581b8892a6f2e52956ce63e6103f7c
reproduce/bioinformatics/application_inputs/targets/at0193.fa	phase3_application_inputs	2643	8b2008e3f59c31a3fa3d9fe3383dacd8d8a07482dd656b2cd5b505638f6c75cf	27492c603597a7b5d5910300f648ddef45fdccff
reproduce/bioinformatics/application_inputs/targets/at0194.fa	phase3_application_inputs	2644	707d5cfe655e4eaf2889322dc5922cd00771fd50ea2ccc8f94126f198b3037f7	caffed0c066bdbc697f9d4727b81101b88fc1e0e
reproduce/bioinformatics/application_inputs/targets/at0195.fa	phase3_application_inputs	2643	ff0d9f4bb5a627272b913c1c63eeb632f9d4a5f6e8908c4332dbd182c219bc98	ae4d98e0abaabfad961cc86b27e8436a48842dd7
reproduce/bioinformatics/application_inputs/targets/at0196.fa	phase3_application_inputs	2643	89e657624fb4c30b912d084b94253f997afbf98dc16a7e9927ca3cdd1a9c00f9	02e1fa1ad50f268b6a00fb699786e8a85c2d89e5
reproduce/bioinformatics/application_inputs/targets/at0197.fa	phase3_application_inputs	2644	3409fba9d0956632c483d38940b9f39d60ff5a2adae13716be94ce837691be2a	a28eb340735137011c1b5e0a98fc9fe990bf8757
reproduce/bioinformatics/application_inputs/targets/at0198.fa	phase3_application_inputs	2641	43eb42e6c684bdb5d3c0c4b177eee332be263e5d678136964981424bde2b72cf	2824f6da34eca609e204cb3cadb96becb29d014c
reproduce/bioinformatics/application_inputs/targets/at0199.fa	phase3_application_inputs	2641	6faa299bddd51b8be2cd5172ce080a57283be634f6fc4dd2c0c132bf73fd8f51	d309ea6de915c243af9ecb444dac0cbe0afaf56f
reproduce/bioinformatics/application_inputs/targets/at0200.fa	phase3_application_inputs	2641	a1eee5994efd5ddf82f4e576af718d7a0aef682e4bb0fefc264315d15b2e76b3	9a4cdd242e086404bcda0b6fbda4a8283ae021bc
reproduce/bioinformatics/application_inputs/targets/at0201.fa	phase3_application_inputs	2642	17b52e278d1c5e85c1e097c2d4839467f88adf9f72f60a62e1512c041cf13aa1	bd94bbafb82491e73cf039592fc59fc25e6f1c08
reproduce/bioinformatics/application_inputs/targets/at0202.fa	phase3_application_inputs	2640	0a3eccf3819c3db82c30253d6dcbdba13b0bbb5cc5cb8e0702b285aec5045f8b	15c384daf1bfb8c99d4967b8603a098418ae2f1f
reproduce/bioinformatics/application_inputs/targets/at0203.fa	phase3_application_inputs	2640	80205aac093d2c997204bba44580fe4e9c57d5fda7b1614d56d62128736faaa4	4492a5875aa64cddf2c53cbec9e8e6f28232489d
reproduce/bioinformatics/application_inputs/targets/at0204.fa	phase3_application_inputs	2641	775b26027ee8b21e6baccadd20a67b7d9ead1656ad80b829dbcbd997eddeec2f	70676e14a1c18eefbb9b7a529b8edb4e06fd799c
reproduce/bioinformatics/application_inputs/targets/at0205.fa	phase3_application_inputs	2642	d92aad82d823c4b3380b49d8174210e5a1d684b6a0893eb06d97c46d6455e117	763fbf5f311a9d7973a670fd915be66415804769
reproduce/bioinformatics/application_inputs/targets/at0206.fa	phase3_application_inputs	2642	cdbe75b57135b57016cf6c1d23d36b8e9032fa190f23c42ad5bf605739698620	ae553a3bbe035d2128a6bb4f42a180bc886c222a
reproduce/bioinformatics/application_inputs/targets/at0207.fa	phase3_application_inputs	2642	f090187b1e4883cb285166c6dc2baae4cf877395f0ac2aeaa36e740536981357	fe387707ef4f036a002ca60de0578130fa5f6d68
reproduce/bioinformatics/application_inputs/targets/at0208.fa	phase3_application_inputs	2640	b7c05f43a4c12d6d6104772fd77a0fd7f6433edfcc19fb573f6de73164e66c94	7fba1d051d927f7c8064a3621a59eb7e752d29c9
reproduce/bioinformatics/application_inputs/targets/at0209.fa	phase3_application_inputs	2641	fad89d23f9967f947b473a41d321c9bc3b57b56fd5b1ae14c0e9f364e4ecbcda	ade3a270ab094d5dc6564109f5dfdf764c2170d5
reproduce/bioinformatics/application_inputs/targets/at0210.fa	phase3_application_inputs	2641	9ec6cd5010e34bddf5cc76528c9737a68e986fff31fb28db4b8b059be785c92b	af48b494efbb63be3d3d9915ba1475c508979692
reproduce/bioinformatics/application_inputs/targets/at0211.fa	phase3_application_inputs	2639	8863b45633136a3b3839435e80fffcfa1518a045cf02712a7ff87fce4659f51d	a6d0c0fae291ad6084683555a85d56b732a39751
reproduce/bioinformatics/application_inputs/targets/at0212.fa	phase3_application_inputs	2642	c17af1c9c0e22a3da9bd9b3d0d90fdc70ce33e769579b04572c7ae7b2748b107	5b0565e114e55997392a939c9016c1a133559fc8
reproduce/bioinformatics/application_inputs/targets/at0213.fa	phase3_application_inputs	2638	768caa02c06516a1ab1be29c991cefc2432068cc1e8e8b0eb5a9f631fd2140a4	5aee2b46dd9ddec9b30a7df8f0304031112bde62
reproduce/bioinformatics/application_inputs/targets/at0214.fa	phase3_application_inputs	2641	0dc21c3f76aef3cffec3b6d4131dbb2a41e98ecf32ea01b8618418a0884f630c	18fdc6389a184b50c8d407b31c8991181bd63c91
reproduce/bioinformatics/application_inputs/targets/at0215.fa	phase3_application_inputs	2639	dd00f60443aab838ce4cbbba8cf1a7f53ef6c09a5b63ad0aae201ee69a959c1a	b28e85ae1b4509d742eaf8576470445fe9529fa4
reproduce/bioinformatics/application_inputs/targets/at0216.fa	phase3_application_inputs	2644	f2aebf4ba256b3fbc2bd7deeecf2a0dcba53125aa8bd7055b3237b776e6313b9	b678e64d48c08d2c46fe4d9e35c9ee29dd6d45f9
reproduce/bioinformatics/application_inputs/targets/at0217.fa	phase3_application_inputs	2640	d3c869ac40e9875c9c0c75d9fc88e32b8d92f9296e98fe913ed7bca7dcf96a9b	ce4d0b10aba9eff81954e0f7f5cb7eb538f5d60d
reproduce/bioinformatics/application_inputs/targets/at0218.fa	phase3_application_inputs	2649	f5bd8c8d1e66f9815f7ea244a179c4401cfc3cf4f0c5dfafa355a0b6c9593459	6a257f8f07078d86d9503dea9524c8b17634c278
reproduce/bioinformatics/application_inputs/targets/at0219.fa	phase3_application_inputs	2640	5a6c001fced7e6c22b86f6f189f6a309a71bdca14d509c81fb93c15e14bb0833	16d397ac618e0f1237546844df44b8503e908223
reproduce/bioinformatics/application_inputs/targets/at0220.fa	phase3_application_inputs	2640	eca9b746c23561040f8caa4c5a635b1e71d6ff081f897f1b6af116b6f1f30c76	6b6fbbfeeaf60a1323bf6c28d0d82cd1cb78a62c
reproduce/bioinformatics/application_inputs/targets/at0221.fa	phase3_application_inputs	2640	24a8662e2ec701c5225a4232f7271e80c5ca9d324e4ab998fd0c9282e281c76e	92139dd9c58be67483b891e86e5501bf8d0a748f
reproduce/bioinformatics/application_inputs/targets/at0222.fa	phase3_application_inputs	2640	1ff4abaccffff35c447c7b632e059a24794418886f851aa10827868b4ad496da	54956297c30f37a2657c143e4b69a116507f679c
reproduce/bioinformatics/application_inputs/targets/at0223.fa	phase3_application_inputs	2641	acb74ee9223a7c4c753d514f1400092f22631d1eaa1a7cb4052996727734c4e4	1865f6fda0f00f9340561db89a04a8bc72b6beeb
reproduce/bioinformatics/application_inputs/targets/at0224.fa	phase3_application_inputs	2640	21074cf39919416357e247e714eb23b858fe20fec20b5a8b7f72d12fd33bc024	0de51212e901121942bdc050c2bd22ac6d39d8f7
reproduce/bioinformatics/application_inputs/targets/at0225.fa	phase3_application_inputs	2638	e9b50d8f9a6029f2333bba9aab5f9a6ff78eeba3be74db01c70f50815e9ab2e1	d911cf1fee9b44365eb1e656c9a35ee94fa2c646
reproduce/bioinformatics/application_inputs/targets/at0226.fa	phase3_application_inputs	2638	148366ef4726ba4f09b21a60d29590ec43ba9cfc96120d832e27411f8654845a	f2259bca9f79e4a2037ba3d6f29aa0d903684966
reproduce/bioinformatics/application_inputs/targets/at0227.fa	phase3_application_inputs	2642	6e25f05d20aacc271d72a5752b75610248ae06019c69d5fea6aa1c81f962372e	639743b8c49a459135ada21d37d72d98429e96b4
reproduce/bioinformatics/application_inputs/targets/at0228.fa	phase3_application_inputs	2642	413c4d3bf3576323445883dc590df074e943f84633b4fcf9f7e9e986ab74a27f	f54fcba1845b76ce5abda6aef95a0a91a95d197d
reproduce/bioinformatics/application_inputs/targets/at0229.fa	phase3_application_inputs	2640	f3d64b84b913df4eab0740998d2207242628413aa34ffad2efbb198ac422463b	2651cee594c59cc47eb64f072798d62c9455823d
reproduce/bioinformatics/application_inputs/targets/at0230.fa	phase3_application_inputs	2639	308dd4d18455d43f3fb5a5fa025e2c93d02e8c6d71a699f8b5aa358998c0fdd9	507e0908645f0c41e6c9bb5cbd8dde3c44c5b25e
reproduce/bioinformatics/application_inputs/targets/at0231.fa	phase3_application_inputs	2641	2eef357c46a70bd6c1a6dbb1315a85ab5a23e117ff21a2f4b3a8f1d535a2c2eb	eb2f94952a7e16703993ed749b4e13deb04a0445
reproduce/bioinformatics/application_inputs/targets/at0232.fa	phase3_application_inputs	2644	016ef91e756fc11857f871936d2ba7973c5c622fb6f6bf8f520a50d694a721b7	796a6a7bd10b1f6ad19319d2501dbe453fec5fff
reproduce/bioinformatics/application_inputs/targets/at0233.fa	phase3_application_inputs	2644	721fe580d556cb348b5e9da2e7b3f40358c54abd2d5ec7cb3847d65f657b316a	62005b12a62acda2eceea3e627aec6074aea62b2
reproduce/bioinformatics/application_inputs/targets/at0234.fa	phase3_application_inputs	2643	d8f75075e80e3375eeb4ea846c43e6b883402ba662500a17d30e8918852e8932	8275aba4c437453cf6e92268f2e78ec630c35657
reproduce/bioinformatics/application_inputs/targets/at0235.fa	phase3_application_inputs	2638	b6f22be519a0dbc615dc004ac4c4dca8912a744f5e3f632d330272bb190377fd	fd6f15238a8ca14a6fb946a332cd8096019ff63c
reproduce/bioinformatics/application_inputs/targets/at0236.fa	phase3_application_inputs	2640	642da44ffbcd1d58ceab4d93c7732943d28a5c47e7a6395e75fee839f90c518d	4e54757789f26b50b1287e18a919f0610c625a02
reproduce/bioinformatics/application_inputs/targets/at0237.fa	phase3_application_inputs	2649	659e0bf3c5a0c479a3f2843f4b027dc5e542d94937d21ed41c8ce45fd03f491f	42d4f2c71acc6cf08f33b8cfc01f89b0c872f9dc
reproduce/bioinformatics/application_inputs/targets/at0238.fa	phase3_application_inputs	2640	0feff4ae41dce4769d403df6c0409abe1c5ff2d8fc3354c617c69688ed1078ee	7234dcef9535a64c052c3ef6d3de7ccd5cc9ff40
reproduce/bioinformatics/application_inputs/targets/at0239.fa	phase3_application_inputs	2640	ed6673483d219aaa19733b697f09ce7b85a025a639768091527706770cd7d644	a69e035b88df5744995af275f10582e87bf8c08b
reproduce/bioinformatics/application_inputs/targets/at0240.fa	phase3_application_inputs	2640	cd5945d5845ac6b4599b97b4c7f0045ee77d2133361afff50a07f2150f0afd77	c27018cd3d856eeefbb69edd1bd9b03bc62a7511
reproduce/bioinformatics/application_inputs/targets/at0241.fa	phase3_application_inputs	2640	20dd2dfb4c8f2fbff32ab4d79e80454f4b7855b3548836c5749eead16a031fb8	e3f747fab091cd9fe71a462a28065ae5d9e115d4
reproduce/bioinformatics/application_inputs/targets/at0242.fa	phase3_application_inputs	2642	390efe25ca5a57405a58c907ae356a66aeea6dc80d247d7cd1a3de06e627e4fb	79980ab7ed56e0224cf1ba98b0365a6ed57a44ea
reproduce/bioinformatics/application_inputs/targets/at0243.fa	phase3_application_inputs	2640	bc14c6846e5593dacd3e477427f6373b1ac3b8ac8a5ea94a19e1d92c46ddb945	77bcc9e68ef3c2d61959de246f8ec273e8fa5ed1
reproduce/bioinformatics/application_inputs/targets/at0244.fa	phase3_application_inputs	2641	f8ba3235c10112e6752acbe8f91c550bf0f85c462fe88f5b689117d2559a1520	d08f2e10f9c346cc0a9d2c429c5ba0b5721460ce
reproduce/bioinformatics/application_inputs/targets/at0245.fa	phase3_application_inputs	2649	a087c1fc0681420f6b190fe94b0a5063038edd3fbed3506e1d662664f533460e	c18657de68f0fb61c99bc433639c9b7b3f76ed2f
reproduce/bioinformatics/application_inputs/targets/at0246.fa	phase3_application_inputs	2641	359c05566d36c70a2e7062b3d780d33744bc7847bcc0d0e389ab6bddf344fadd	73b64c69211b7590997b1eba426024a1e1b1dee2
reproduce/bioinformatics/application_inputs/targets/at0247.fa	phase3_application_inputs	2641	59f75316c110bf51dc58fafbcb87386b9d28de5026f62e20b957eb7f4962b77c	9689303bf15ee2bbbb1c41e91ece241dc814ff38
reproduce/bioinformatics/application_inputs/targets/at0248.fa	phase3_application_inputs	2641	6a54ab64d5d6babf78e5eafdeff0558881c9eeb77fb96060d6db0e7122e6e16e	ad6c79b0f342075f66ef1766d412c3702af4267d
reproduce/bioinformatics/application_inputs/targets/at0249.fa	phase3_application_inputs	2641	a46b63e72d2d1cf92226c45f164df51221e1d61fd5b820197c63003398669e12	ec481c2eca90fee839fbac9e588fe910aeadbad8
reproduce/bioinformatics/application_inputs/targets/at0250.fa	phase3_application_inputs	2639	a07034feb31aa20e4e78399763a032cfd5bc8dd0b0d207f0c8f642e0caf781f3	129229c191e50648bc330a6feb4eb0a5d6695172
reproduce/bioinformatics/application_inputs/targets/at0251.fa	phase3_application_inputs	2640	4f681522250b811bf9e1e53c431ae88c2f9da6a62e3728f2214ee09ce9b9239b	257722911498d04cd0491336819a0e294549f086
reproduce/bioinformatics/application_inputs/targets/at0252.fa	phase3_application_inputs	2638	fff4b2865fc01fa89911234108a8190e2500d466e6e9322ab3804f972b44e9e8	17456540b5800dc392e3adec12987ccc77b3f241
reproduce/bioinformatics/application_inputs/targets/at0253.fa	phase3_application_inputs	2643	97f76514c413704fefb0eedc15e2a2748410fe0a41e3d64a3fe36e73614015fe	c8c8d910bd0bfc8db33c8a606a0bb1ad690426a6
reproduce/bioinformatics/application_inputs/targets/at0254.fa	phase3_application_inputs	2641	7128556e89332802170ba9fb457699cc020ebf96e9355f5ef6c46391f46a369a	964b189c9b4cb79c3b68a767b7916207bd393857
reproduce/bioinformatics/application_inputs/targets/at0255.fa	phase3_application_inputs	2639	e9b7442a5d44471dc279d491c9d20b55e153df611cd13900303404dade577e9b	b42268e273456758ba1416ea14d99681b7d67620
reproduce/bioinformatics/application_inputs/targets/at0256.fa	phase3_application_inputs	2641	7b7b24403f590b941cb14491eb2fa947e202e53a0d76192da7db133527e67734	8d428d0f46e73cc4f9507ce00c63498b02688b0c
reproduce/bioinformatics/application_inputs/targets/at0257.fa	phase3_application_inputs	2643	c66fee49663868d70e0d85eda64686803d68ea428d2c9e514c02f3d290e4b136	17024342cb094d1b6af053e4758bbb5df8ace9f1
reproduce/bioinformatics/application_inputs/targets/at0258.fa	phase3_application_inputs	2640	6903faa7d6e3c645895ed9bcbc18f58671605c10f6e05606dbadbf15e987c05b	0b39b4f4b9ae1ad15cc87df1b211df99ce39b972
reproduce/bioinformatics/application_inputs/targets/at0259.fa	phase3_application_inputs	2640	2b6fa194ffdd30c8a4d664238ee0778d5eb4eee762e17ad554fab418e46f234c	3a6d69c0d1f69a142c94ae7fd211243c9d72de5d
reproduce/bioinformatics/application_inputs/targets/at0260.fa	phase3_application_inputs	2640	4acecdbcc63365cdb3e910bfdc09520f088e40134d7bd4aa85fc92e7247c9456	182b774ed40dc9eed277bd21fd10820628f9d830
reproduce/bioinformatics/application_inputs/targets/at0261.fa	phase3_application_inputs	2642	06ec5106951487fbb0444462fe7b46d58197cc12cd127bbbf21bc9adadaf4854	5c46492f8a23b529cb309e1ff5105cd9f2fc9ebc
reproduce/bioinformatics/application_inputs/targets/at0262.fa	phase3_application_inputs	2649	fdacb6585b2a57bbf6490ed20d24c4793d4b476fb85be32e0fe5184d08203a80	8111a78cba7b5b6da16efc4205527b9e37713713
reproduce/bioinformatics/application_inputs/targets/at0263.fa	phase3_application_inputs	2639	ab607b7cb5b2831d8156b5aae0185dbb280283d3b5f43012e364561efac262cb	d828ed75e0ace1c1539df58c9bb4bf4eefca0877
reproduce/bioinformatics/application_inputs/targets/at0264.fa	phase3_application_inputs	2639	4d3d0b644519a44cea316fc22c4c10ac606d1062b200d506c85156d58daff1bf	e8153082a368321a52268264c2a16f7b6c8e59cc
reproduce/bioinformatics/application_inputs/targets/at0265.fa	phase3_application_inputs	2641	347a337f637c3f9ca2dca3cd4cce7fe8ff6d5e5c295caea2d91711939b23484f	9fc3c605b46dfd97229677f17d3ebc9555e777cd
reproduce/bioinformatics/application_inputs/targets/at0266.fa	phase3_application_inputs	2639	6fa62dbb87107ef9e6a4c173b3be5cb991918252a092890f760a5065f62a8d63	65c419260bcdb575755def769156b879769a6e77
reproduce/bioinformatics/application_inputs/targets/at0267.fa	phase3_application_inputs	2640	22355f05fe14cfbf22cc50d95a7f5ae391998d7cda27ae20c0138023011ac536	6d065483db85973af1faa90c579ff6df1e005b0d
reproduce/bioinformatics/application_inputs/targets/at0268.fa	phase3_application_inputs	2641	30206682704f3c5dac5c3265527646c7643f12b4ebe1dd37dd2a1690f70cf93c	4f0d69970d9ca212d9d97b49ee07d50cc1758df0
reproduce/bioinformatics/application_inputs/targets/at0269.fa	phase3_application_inputs	2640	2153ed17f0c2a0f05f994d4e5194d5d7166d3a222465492cf77f0540b22ae895	552192ddc0e3c3e283294950c6ab44e3cce339dc
reproduce/bioinformatics/application_inputs/targets/at0270.fa	phase3_application_inputs	2641	b455ce687313271208b2bc89821dcc12f5ebd470180c311fa725c9986e1f7e53	5e18c6b8b142d653cd1ca29cda4919fcb830b374
reproduce/bioinformatics/application_inputs/targets/at0271.fa	phase3_application_inputs	2640	f8c7f703fdd4e5085d939b49903b51e64dc95a9d1df90d1d5bd490e37404c5c0	9f7f8e8b7da011cf04fb38c603e6a307e5fa3bdc
reproduce/bioinformatics/application_inputs/targets/at0272.fa	phase3_application_inputs	2641	b43bb60d6f847ceb681de97a75c29e61ef1d94e9bb6d2a6c06738e1d6b85669f	e2d884f6611a072246c3386656b758304d3911f9
reproduce/bioinformatics/application_inputs/targets/at0273.fa	phase3_application_inputs	2642	e177d3526eb4ad254f4edb0d156fe80b4b15a1892389b955cbdab6b3c7a9b87d	4482387fe10566c714bfe7a8c14a8b587e70cd0d
reproduce/bioinformatics/application_inputs/targets/at0274.fa	phase3_application_inputs	2642	9c19825417abac2163de2f4af28a9805cb049fae034f35628265c377b5a18776	054a27c28844d7c3020cd728811abd937e563c3a
reproduce/bioinformatics/application_inputs/targets/at0275.fa	phase3_application_inputs	2641	4856e6c79a83e8819ce8d9e2fc9ac33d4e0de1fcff897b2400d7efc877e6d508	923ae4d9fc8978f02933cd0a8f13508963793c16
reproduce/bioinformatics/application_inputs/targets/at0276.fa	phase3_application_inputs	2640	6d8976986c71799c8770219affab2d8a8eeac632be3aa6a74918414ea8c3fd03	df7bf89c09ea1846f2d6cfef8792debe6263ed49
reproduce/bioinformatics/application_inputs/targets/at0277.fa	phase3_application_inputs	2641	1bbc4a4a78b0a3ed579cd590c8fd7370ba68660b8ab76b37dff6714b03f97f40	9fe4a94fcca370e2e1738846614d3914dbda9b94
reproduce/bioinformatics/application_inputs/targets/at0278.fa	phase3_application_inputs	2640	c58a28dcd33bf88112b008cc93e3d6a9a3023a38192ef4c5ff9ddc5a9c05940b	a23aa1593ceee6c1abb6fe3f0914a6aa609d481e
reproduce/bioinformatics/application_inputs/targets/at0279.fa	phase3_application_inputs	2641	94c9d8aad219b4cd6f9d065a669ffe08de1f0cc9f47dcf87c314573ca4a70156	a579007574f699fee3c44fb5352a72963e16d921
reproduce/bioinformatics/application_inputs/targets/at0280.fa	phase3_application_inputs	2649	f15947e505b311b338f1c5755957802740e32122f3c25da779d57ca934e523d9	5cbf5504cac26541feaa40ec1496ab6a88462ec6
reproduce/bioinformatics/application_inputs/targets/at0281.fa	phase3_application_inputs	2641	ecebaee6f02ee4c03176d4612abb49299041b5c715211ce78d81d14aba2f1c55	a35a980ca86fe816e17db04f51f1ea63bd314f6d
reproduce/bioinformatics/application_inputs/targets/at0282.fa	phase3_application_inputs	2641	828f06f9eff6f0b4270acbc5aa3636e076ba8d188bf644e8507c6d682b07baf0	92ebbeebad78f13e955fce75f7ddf9202c3ef785
reproduce/bioinformatics/application_inputs/targets/at0283.fa	phase3_application_inputs	2644	475f96915dbac9477c254a762451e95d72822bb41dbcbb0919bea693c3d17f02	5d94105bbbd7532246d89d029a5be18d9bbdaa1b
reproduce/bioinformatics/application_inputs/targets/at0284.fa	phase3_application_inputs	2641	0168111979828da2a0a68f4ac76b8cb0fc05b3fa0ee9a1a6de34fd0ccf607594	5f294814276b057d3e20a138c73da39e1bff0d87
reproduce/bioinformatics/application_inputs/targets/at0285.fa	phase3_application_inputs	2642	0dba12bf8a650d3589fe70f7b1e2ca4f62336e83637031933c81a23cd36b0a7f	fc31d2d0317f77055627c3f394f9c1d8d79bb279
reproduce/bioinformatics/application_inputs/targets/at0286.fa	phase3_application_inputs	2639	6c61bc43a361494121e05d06e737f54c9b6f03076107bb203b9666f921877ca1	9e5711a45ba69e34156c69014475c94ad77abbdc
reproduce/bioinformatics/application_inputs/targets/at0287.fa	phase3_application_inputs	2640	3d452d0302dc0eaaea368c2306d3a37f40566b5fe50412b9bb205dd054eea0d6	37d4e906d83faffaa04b1201255c53eb171b9973
reproduce/bioinformatics/application_inputs/targets/at0288.fa	phase3_application_inputs	2640	4688db9b0dc50c13118a64af3c66533222ba20eecff3a3bf334734ed4e6a0eec	92444c905aa7feb6073fcb9cd35696d728aeded8
reproduce/bioinformatics/application_inputs/targets/at0289.fa	phase3_application_inputs	2640	dedc04c062ba4e50531fda3118e8fe70108f74c44c6cae7c0474834e9053c7b6	fa0d3490a8b4cf2eb0234f9b33e10d953f76de69
reproduce/bioinformatics/application_inputs/targets/at0290.fa	phase3_application_inputs	2641	e3a920e4d4942d622ff5e48333110ab580b9501642e3d29b637e40de10dd8e9a	06fd94608ff0a77c208a45fbc09410db2cd7b23d
reproduce/bioinformatics/application_inputs/targets/at0291.fa	phase3_application_inputs	2640	36250687da898ce0bbfe503d1f682dffb31d8bdd2bbbf725e395a95cc59b7727	3d6796d73c43a5beb44e3e80fbdc3cfbcede0ad4
reproduce/bioinformatics/application_inputs/targets/at0292.fa	phase3_application_inputs	2641	d7913e6614d239714996b8485e76fde8d53c81abef318c3d809d9d3e862ac932	4d998c858c23b01ad4f5697a5e0baa7a3fbbca11
reproduce/bioinformatics/application_inputs/targets/at0293.fa	phase3_application_inputs	2649	8d5f192f697f5c487a217602cbbb2de5a91ade43be21c7be5c2a7dbb70111d81	54215faa0c4189092c2fd1c65569e5a85c48a53f
reproduce/bioinformatics/application_inputs/targets/at0294.fa	phase3_application_inputs	2642	604ff02ac1514b03cb889227df8166786c5aba44f474033a4662d938c005d2eb	547b4b1ecb0d777fbfdf87c32cd1b6e3599a2ed5
reproduce/bioinformatics/application_inputs/targets/at0295.fa	phase3_application_inputs	2641	5c44c3b380468e37ea8a6219fa2f7eb5082660cad673ad12ac1e1c9e90eacaef	8f8314f1e275ded4972b2f3611edc5b28ee64f13
reproduce/bioinformatics/application_inputs/targets/at0296.fa	phase3_application_inputs	2641	88ab8446d08a24261b2612dd6b2a504e53533c5cd23c5adf6bf138f96aab903d	7efdd8402ed57d8e28ac155f198795cc0fe03427
reproduce/bioinformatics/application_inputs/targets/at0297.fa	phase3_application_inputs	2639	a5d3e853b4ce4cd136b29acf437a2107bffa7b99117486e1153debc511bf1811	77382a70cc445390f2fdda5df90326d6c7d463d7
reproduce/bioinformatics/application_inputs/targets/at0298.fa	phase3_application_inputs	2643	fe7ed69132c1fd42930d89ee94c67b8be28cb8999cb99160c491551aff3f37c3	f5ac408477c1c1c0af6977bffe623c99af323dcf
reproduce/bioinformatics/application_inputs/targets/at0299.fa	phase3_application_inputs	2641	020d870fdfb881f6e0458938a0c4c321212ca6b984bfd162e5706226a3e3fa96	cf8e3043a167d672e4ecc7488c5c3e0195c9daa7
reproduce/bioinformatics/application_inputs/targets/at0300.fa	phase3_application_inputs	2641	33c94095df803c14ae4e71b5f7ecb12d95a75a2fd6e7d3fa5bac73068be5fae5	fea0b96a601741100ffa50ed7a94165ef4c41fcf
reproduce/bioinformatics/application_inputs/targets/at0301.fa	phase3_application_inputs	2640	5a10c56f633d642177c11444fca004598e870074fb5ec371455dc272d2d29f05	26808c104cd0f78cc7c99001e4ce7f7a52939225
reproduce/bioinformatics/application_inputs/targets/at0302.fa	phase3_application_inputs	2642	ed579f8d0f64eafaf2ceb03d2abfae19c1bba2502e9775dd7bec4901f1e93176	cf6fe6d7627f1c6c48e3786d5b6abc6b0dc395d8
reproduce/bioinformatics/application_inputs/targets/at0303.fa	phase3_application_inputs	2640	32c6553e97da6d1d20a523602161e869568d9b3d7155f17c38683ded39ff4039	217cfb8acd375718102cfa4e41cbbf31a2d621e2
reproduce/bioinformatics/application_inputs/targets/at0304.fa	phase3_application_inputs	2640	dea76402e37bb48301dc400dee2478a286ac994868fca0553d5205945d90c6ae	4d53be940a675a5883f48a755b6e50667dd18010
reproduce/bioinformatics/application_inputs/targets/at0305.fa	phase3_application_inputs	2640	b27f9f2a523f0626949f8f1aa7670fccdb95d7feeeac66b2e7b5f396079d567b	6638867db5c4834f242339ba0b2384b1bafb83f8
reproduce/bioinformatics/application_inputs/targets/at0306.fa	phase3_application_inputs	2641	254f75b2c419b356004c40ce4d7f34c6a38770b2cfde6d5c8e787c30804f9e59	974b2dd60cc127e905db57d3e7a61d3297d6d741
reproduce/bioinformatics/application_inputs/targets/at0307.fa	phase3_application_inputs	2641	67c68bb14478cd96594cc07f9b1e05749495215364e48e3360933b7e63817ee8	38af77e82f1de56d51b1361207c9994b61200a82
reproduce/bioinformatics/application_inputs/targets/at0308.fa	phase3_application_inputs	2641	72e426571d1656a842e396b9d49222f0e5d5083c455f137817c488a063e4e3f6	4a708b4e11059add3a3079526d7191791aecb909
reproduce/bioinformatics/application_inputs/targets/at0309.fa	phase3_application_inputs	2640	bc854c91457a97f9390e326c804e5c188916d2f1b41e7f560f1c99f3dc498466	0c7347d49eb63bc52a8ef49ba69ea6788ef9910e
reproduce/bioinformatics/application_inputs/targets/at0310.fa	phase3_application_inputs	2641	0387ff8197c2cd2a4a8a81c9ae7bba89925a1e1bd689056992adafd63ebf62ca	4b99395e7e4078017f1fa10a279b2da9dfb3d4cc
reproduce/bioinformatics/application_inputs/targets/at0311.fa	phase3_application_inputs	2641	a250dea49961d00fbb1f7595b4642d8f1fdee0458adf22e477475064c477ef05	187039d5f004ae55f8f08aaea26f60a88a8dd51e
reproduce/bioinformatics/application_inputs/targets/at0312.fa	phase3_application_inputs	2640	3fdcba983e402a3e2b21e59e7cce813fd67fc2482e85e90bea652f0cf07774d3	68900b457bb8a1a8a9355e9d1993f54ba640631d
reproduce/bioinformatics/application_inputs/targets/at0313.fa	phase3_application_inputs	2641	53704f566ee5db6f68bdde92de9d4dbcff997c6a6b3d88e8e5946dd83b4cbf0a	fbb4ef670cddc84fd659abc50c8b93f7a602d1cf
reproduce/bioinformatics/application_inputs/targets/at0314.fa	phase3_application_inputs	2639	ad81879e28598827aec3a18be1df30a32906ab6725d6ecaa5765c339fac3cbd8	6d9f41262793cf9ca036cdeddff49ed4f8dc9e7a
reproduce/bioinformatics/application_inputs/targets/at0315.fa	phase3_application_inputs	2639	994fb1d858b4d8a1062659e35201d81068f530f2d36dede622c506557b3db73b	50aae65065dfdff5fb53c42878d587a7cfe37227
reproduce/bioinformatics/application_inputs/targets/at0316.fa	phase3_application_inputs	2641	a1020120317951af3089a277ef5731b37d7b41cf2200ba441e8df7b0bb31808c	808bf06b7c5c3453bef2572bded0648e6b570d17
reproduce/bioinformatics/application_inputs/targets/at0317.fa	phase3_application_inputs	2640	ad977b0d16f47fc72676d4d7fee5571a02847a52a9cd0662f3204178fb27be8f	b7355d049aaa5e4767bd9fb285b1c37634563a26
reproduce/bioinformatics/application_inputs/targets/at0318.fa	phase3_application_inputs	2639	38e0a7aa66ee11b6f22e79615502296a8829e5e53aa769d4f02852c6e0ac4f7b	0823247d3669ff254b444ca04e16c027d06e034c
reproduce/bioinformatics/application_inputs/targets/at0319.fa	phase3_application_inputs	2639	4533e54dc84e383e33f674f88bb2ddac610c33255b7e2f7f113b776ad8bd89c4	137e6f11da5624d205d14fa22d0ff1189e026342
reproduce/bioinformatics/application_inputs/targets/at0320.fa	phase3_application_inputs	2641	7e683395fbb67dcb6d6dd1b127974f9295d6cfd521795a4c2ec4c9eb8b6446f6	5b320e613775fd3c40f94b436ab989c8e1968302
reproduce/bioinformatics/application_inputs/targets/at0321.fa	phase3_application_inputs	2640	5f55d25d094849c4616ada61def1516aec280ecea0b731d1850444986d2c8122	2631dbdc8b7245aa8cbc507116cf9a5689d81ed6
reproduce/bioinformatics/application_inputs/targets/at0322.fa	phase3_application_inputs	2639	f2e28abc8aa98c5a110bc678559062e3a764e640a659aa1bba181a641b9e4268	f32f789a12ed222c74dab7f57b8782a240526808
reproduce/bioinformatics/application_inputs/targets/at0323.fa	phase3_application_inputs	2640	e7a9252885018699a47aea7b5c7018f4c4ee570d07c276465033ed365a98b16b	709bde359dfd29d3d6052c8fc5ec2297aff18393
reproduce/bioinformatics/application_inputs/targets/at0324.fa	phase3_application_inputs	2643	57fd424bb372277c852d2431ca51ad01bd4bc2c5ffb1a57face93800d6cea299	478c91e3c405977cda673c15081bc2e3f2de7800
reproduce/bioinformatics/application_inputs/targets/at0325.fa	phase3_application_inputs	2642	dc66bf9a0fce8426818224d539e0ec1926339e9ea8ecd0bb848656b8663fd4f2	226d1a41fb40b6bd025a2b761e4b01f8360f0fac
reproduce/bioinformatics/application_inputs/targets/at0326.fa	phase3_application_inputs	2640	faacd90f58e7a99cba341f35005b31bc460922f876612c1fe3f21ce4b69f148f	449ae2f2cd28b31af774686ed1a397b4c5c3ef84
reproduce/bioinformatics/application_inputs/targets/at0327.fa	phase3_application_inputs	2642	511440393c9c0c609cf368de925c0f00e42e85d6297cd1fa7d457d04a4149427	7e4b1ca63ca3135187ec2aecc5cf76591a399784
reproduce/bioinformatics/application_inputs/targets/at0328.fa	phase3_application_inputs	2641	ac790693993f5325b790f49b378c956fc7ed0e11a5bfe84195a47a4f561631c9	f3b6db4208fbd865899de83bc241bee768bf45f0
reproduce/bioinformatics/application_inputs/targets/at0329.fa	phase3_application_inputs	2642	49c502e9165bf5fec9a0ab3ef37ecff5128ac6d36227c6985623142da2895cd7	2fd8007fb2c7586f4ca32f4921abff18404f0365
reproduce/bioinformatics/application_inputs/targets/at0330.fa	phase3_application_inputs	2649	a883479f00ccd2f1ef2b7d57792d157529e1a26328e38623a430f27c25a0750c	52a23fe0a6780f1169921798bd45f1e06a3600da
reproduce/bioinformatics/application_inputs/targets/at0331.fa	phase3_application_inputs	2637	7db050018820854e2499edfe179b072d1d2b71a4d21d86ddbbfb070bd3927a3e	d7162b53d7f75b265f17c2987a6a4f27e1d816ac
reproduce/bioinformatics/application_inputs/targets/at0332.fa	phase3_application_inputs	2641	59c671a5ac3275bc0355b5f32eeea12ffefd485a9f1a5515aff6cea448f59397	edfdeac04562cd71e836be00e260818d54ea4a68
reproduce/bioinformatics/application_inputs/targets/at0333.fa	phase3_application_inputs	2638	d97da6be23f4bef890cca3b650a630b6cd0e5519d411937217523c9ffe9288f0	91a20337d477fd9e4a10641e0c23e0b1f550f0ad
reproduce/bioinformatics/application_inputs/targets/at0334.fa	phase3_application_inputs	2638	e596546064407777252972c7ed66c750da5a4cdb6addc552df90b49cc3225db8	1f9cf3e5608579f40175aeb63cc510c7e5851786
reproduce/bioinformatics/application_inputs/targets/at0335.fa	phase3_application_inputs	2640	05e4cdba50f10c1c45d469e7030b3b6b8c4e67c6c4c531d2b6ec9cd22b9cde91	181e2b0409d1e3e7eb7622f580749ee25e573c15
reproduce/bioinformatics/application_inputs/targets/at0336.fa	phase3_application_inputs	2639	53c304d363f77ba4afc6a33ff84d272565db0383549117df78b38fef7c67793e	5dcc074a02ae41c80ff9786fbf00006d7f7567e4
reproduce/bioinformatics/application_inputs/targets/at0337.fa	phase3_application_inputs	2642	39413f43335d2d5c942826c82732d2550aecd0cb678b660a70882e9407699a42	7f02991a9f919e6bc70d13c4325edfcb50287872
reproduce/bioinformatics/application_inputs/targets/at0338.fa	phase3_application_inputs	2640	b71e7fbc56b9f4a44576f497f91008c932e26348a35e5979aab6e0d3ec57418a	b0f633a5e5abb5a352cdf0f971c144a8f2ac104e
reproduce/bioinformatics/application_inputs/targets/at0339.fa	phase3_application_inputs	2640	1a3e2e29a8991d71c76ea5a2f7a9c098a53c0d1df5772188b96cea8b58905e07	30374e8c0f2b0b24ac7406c49be2ecef69669006
reproduce/bioinformatics/application_inputs/targets/at0340.fa	phase3_application_inputs	2643	c42395722d70e5210b33378a9594416f247e902a9df8d579c89028bff0390a50	402ef90ea36a40b6d1ee249f4b0e252961ec0798
reproduce/bioinformatics/application_inputs/targets/at0341.fa	phase3_application_inputs	2649	bc3e869e2b3066f26228fb698812a16bafa10a741ef597f3b7ca188d07629c05	cd019af2cbf74e0b8f0c7d986ca6d4b7494e49fb
reproduce/bioinformatics/application_inputs/targets/at0342.fa	phase3_application_inputs	2643	8519f36ff7f8c7891714efe05ba2b0454a6ab89aca65e6ae844208b82612dec2	cd161c41d2219c5bcd6cdcaf52e42cbdf93968cc
reproduce/bioinformatics/application_inputs/targets/at0343.fa	phase3_application_inputs	2640	97a8977759e60a826c02df458869e59363c98b487b9d49278e38313c0a8a624a	8db3f290c7b86f8aeb0a37a5ae3ef6ba2dcb450e
reproduce/bioinformatics/application_inputs/targets/at0344.fa	phase3_application_inputs	2640	da14a8b4f6fb686c8d96e5e97d1ff31531b5018065573882def34d5e765138f1	f1f6bb32b5f26194217306b44e33fc8a4c52d688
reproduce/bioinformatics/application_inputs/targets/at0345.fa	phase3_application_inputs	2641	37b20abd5fd90bf3348264a576705a8f5916e4efc870c43c761015c1068345f9	73dd980de4aa2f9ca6869dafc7b1873ff7e65cf8
reproduce/bioinformatics/application_inputs/targets/at0346.fa	phase3_application_inputs	2649	4b2727867ada027b0e8ffffc4290f408aa9bacc647c8995fd0258fce75ead39c	d933bb8f3e6eedbfb12969c004ec4417dd5f0680
reproduce/bioinformatics/application_inputs/targets/at0347.fa	phase3_application_inputs	2643	00daf4b55e486e431fa92ece9ec070714833dcbe846d6558009e7ee27a2555d5	a1560e3fb170600b119853b1db2b8334dcb05554
reproduce/bioinformatics/application_inputs/targets/at0348.fa	phase3_application_inputs	2639	c2cec23283a01a4fc12e0fb3e0ad4f631ea8c2918c7ccf28d723b589eb97eb8e	df60e2bebca2528e33aae69e056b9387ea404a99
reproduce/bioinformatics/application_inputs/targets/at0349.fa	phase3_application_inputs	2641	22f5ab5c63cd48708d082b51fcc515e9103811f484653efcb60879c560f1803b	8adddce85f5ca37a1509cddd05d29e983f0d4f81
reproduce/bioinformatics/application_inputs/targets/at0350.fa	phase3_application_inputs	2640	29fc67c5aa8e369e631b1bec4a4c84a54c789e7c31a4f555ab247334a0047678	8449dc778d3488c69f39b158136dc9f5d1c65091
reproduce/bioinformatics/application_inputs/targets/at0351.fa	phase3_application_inputs	2640	c1ff49e3d7abbc4d16e85a590c2e9353cde6c2ce94d0ec23ad9f3bfa914cd89d	58908e0c92e1b694d61913f58ba738ff26c66e4e
reproduce/bioinformatics/application_inputs/targets/at0352.fa	phase3_application_inputs	2643	7ff7b47522b728e205ca68034a6b756bb7b3a54c37fdf36be880b3414779d785	2866f12778b40990cb4e9f47674404b6d1dd9de2
reproduce/bioinformatics/application_inputs/targets/at0353.fa	phase3_application_inputs	2641	e34dd069f85f4eeb828a32bd79f7ec6bbe253f006d41506ebd19a697892ad539	39f12a6dd7922484178d4d35775ab4bd690d7ebf
reproduce/bioinformatics/application_inputs/targets/at0354.fa	phase3_application_inputs	2640	ae3001e4a53a62846097acb665978ca818ee3feeaf5c8e8dd653aace9a02ae5c	6d40c5991fcd247234228f08c4763c14ab12ca0d
reproduce/bioinformatics/application_inputs/targets/at0355.fa	phase3_application_inputs	2640	153ab6db636d6334a6d2a48670a001dd8eef64ccd4d542c764347408d8d54734	a3059a2d253fb98d559d213a4d82f964bccaae48
reproduce/bioinformatics/application_inputs/targets/at0356.fa	phase3_application_inputs	2642	10f9ecb05af054c23fcbc46d8248b5548e7f3c10fde71edeb78696652ae4b42b	eed8fa45d1dd0b2512b2e2f5e33fa70e67319fb8
reproduce/bioinformatics/application_inputs/targets/at0357.fa	phase3_application_inputs	2641	31b75a692daa7ebb97dc3c9dda1ab7347451fa3139d1b3da910d507e81289530	e5e30cf0b49fb8aca1b0def073bc163d7a19381d
reproduce/bioinformatics/application_inputs/targets/at0358.fa	phase3_application_inputs	2640	a78ca381c65d59ff9c709d0d9ad20f7f56b1e9ba2b020f938d629b588ff173d9	c04475d81fc6b7d63367614de41a77a5c92d2b53
reproduce/bioinformatics/application_inputs/targets/at0359.fa	phase3_application_inputs	2639	35c5e3cb3e01eca7e7ed69b1cc21f393e1a63a0d4434f7f2ccf9c04fc9be5b2d	e5dae6fc3d55aaca7447b577480e49d45aa7cd62
reproduce/bioinformatics/application_inputs/targets/at0360.fa	phase3_application_inputs	2640	3d949f72fc75d2beda070de21badf887e321238c95122a3cffac247668b2bcf6	c0f560d82da652519179daedde2dda65a3814067
reproduce/bioinformatics/application_inputs/targets/at0361.fa	phase3_application_inputs	2641	4a0f1c24d1a8ceb3aabc89f8b23bd897b6b95f28f797c101864123f4e0ca6635	ee9138fde1389f198cf2a7ab2376a727bdbe18b6
reproduce/bioinformatics/application_inputs/targets/at0362.fa	phase3_application_inputs	2640	255ac7c55ca3b25df41e203aa0d5bd8cbb4a3f5e04da7c81d452af2d73c10dca	c4fcbf8ba67384e7963df7a86e41e72c96b85c73
reproduce/bioinformatics/application_inputs/targets/at0363.fa	phase3_application_inputs	2640	7d98f9bdce37fd443c00b67fbbdba778f3c42850bd7c802e972c09eb7a57af2c	c81ff418c42bd24f910b63d8a84e60b5a0ed475d
reproduce/bioinformatics/application_inputs/targets/at0364.fa	phase3_application_inputs	2640	999d6cab86e8b1bbc4210f76d6ccd6693b86842e046857610a142ad2e2642544	63a462d4c7b568332215336bbd4a2f539a59ab69
reproduce/bioinformatics/application_inputs/targets/at0365.fa	phase3_application_inputs	2637	da2f958ff871bbf9dc915e02797644bb10f9c83d358257a249e8f9be19941e92	0572cdfe041f22c7afdcbd0e637954d9ffe90f2c
reproduce/bioinformatics/application_inputs/targets/at0366.fa	phase3_application_inputs	2642	eb47dd99e22031029edd45a3646eb6f16e16c974d7ed7ababa3f187ec03221a3	0513beea4d76629b878a942cdd27132eae059da2
reproduce/bioinformatics/application_inputs/targets/at0367.fa	phase3_application_inputs	2640	8b3a3a2baa3010eb45e4f3e38dbbc4417e046d20b6f1a6f3298ddbf5a2348596	ee529798ca728591bdf6deb01278e5205e85fd50
reproduce/bioinformatics/application_inputs/targets/at0368.fa	phase3_application_inputs	2640	d32f2573e461e3e87148c004fd4c5b7000d0b9a9b9845396cc3dd88164016a30	38881865fc10958c451c2fe14a8f9932b1f616d9
reproduce/bioinformatics/application_inputs/targets/at0369.fa	phase3_application_inputs	2639	699c4eb71ef51035f536385b6fd2895d6b675963b93f4a50acc027edb27ed1ea	f2c2f7434b06cdd9f2e04cea799afe7aa0d3d0a4
reproduce/bioinformatics/application_inputs/targets/at0370.fa	phase3_application_inputs	2642	b5d352f3b025005d919d26d6ed48c26d2bcf0b9d8a245894ed59115a01fa3608	6ea237351abeab9fa84ade451f5a15e01799c917
reproduce/bioinformatics/application_inputs/targets/at0371.fa	phase3_application_inputs	2639	cf91befbb11999ae49759b6251a72f6333e19d728d50d7772c303e4b15647f0c	dae6afa6d2f2282bdfce7e41d9903c6f532e5f07
reproduce/bioinformatics/application_inputs/targets/at0372.fa	phase3_application_inputs	2640	5e2060f546b2b0b352223dbb583825e2029e79223561f2d044fe4caff2af25cb	15b89e243ac1807cf686d9f0cdc33a31ac526eb7
reproduce/bioinformatics/application_inputs/targets/at0373.fa	phase3_application_inputs	2642	f4d674ff33d1679e83d2e288c2d96b4122a530c93cad9606f1afed2de47703fe	d9efa832a2793ef123d18f5af4d411327fd35f6d
reproduce/bioinformatics/application_inputs/targets/at0374.fa	phase3_application_inputs	2642	43ac0659195c6fce6955e37bc1bc7a700c476fa1cae6387b4fb31b1125fdcbb6	d302dc2dc04bd86f2baec5d84dc1cedf17ad4de9
reproduce/bioinformatics/application_inputs/targets/at0375.fa	phase3_application_inputs	2641	7b8ae592b52c246996744f4d0077101f40d7807cc778d91da630d8b984c97799	9f8915d871b07fc06a3ecf16d16ee111fc2db662
reproduce/bioinformatics/application_inputs/targets/at0376.fa	phase3_application_inputs	2642	517023fa0f18ba5fe9a4dd94aea1d0564f29ba8d42e00fdad17580f8d46b7655	8295b823d26382a696195ecae3036b3c41ae7b8b
reproduce/bioinformatics/application_inputs/targets/at0377.fa	phase3_application_inputs	2640	2d3847ad727840e53f648ab3596820ebbc9cc27ae79d88e70b63247cb5970bd5	eb1bd765b7d990bc09a85ba79756c1b3052ed44f
reproduce/bioinformatics/application_inputs/targets/at0378.fa	phase3_application_inputs	2641	f0d389405dbe66bd06008dba75240b9d46eb6f7bdd725927ccc713e882da6d5c	0e5c2f782563e6ac7f461ed639efddd8cc5a2291
reproduce/bioinformatics/application_inputs/targets/at0379.fa	phase3_application_inputs	2642	d76ba2fdb34892ec7cacc5d2427023a4f045efddd2e64a3fdd433b7675418066	6756dd7274a6bfbfb19f0c61af1fc98da5173ee7
reproduce/bioinformatics/application_inputs/targets/at0380.fa	phase3_application_inputs	2640	2c483739707fa916df9085916e7ddf769d8fbceaaaa6150e7029020b3c129a7f	6a992efeb961c3ec07d5e0ddbe868c59e6213445
reproduce/bioinformatics/application_inputs/targets/at0381.fa	phase3_application_inputs	2639	ac258b37c502639aed9441278b3c632ae3be1dd3dd3274e239b35185b05b1c90	40e5d47ffe5bd1592150d59fc1245e9c469dc15b
reproduce/bioinformatics/application_inputs/targets/at0382.fa	phase3_application_inputs	2639	55d95657f15cc15cadffe42060fbb6bd1a677d7f21c85457e505135d9281ede1	9bdcb6092a59af0c2544c103355e303c590917ad
reproduce/bioinformatics/application_inputs/targets/at0383.fa	phase3_application_inputs	2640	fc064b243eb11340967500f83355b53ff84727a606933851137d7696603b1d9f	a6a57d9c9af02c94a40d9e3e9316a5ef2ed9a7b3
reproduce/bioinformatics/application_inputs/targets/at0384.fa	phase3_application_inputs	2644	838d7465826db5ffc1bc84ea469f59440f678ee44c6268a2129562a8917548cf	e41c52e4c59b518dca3753ab83d82351ae7fb22c
reproduce/bioinformatics/application_inputs/targets/at0385.fa	phase3_application_inputs	2639	cb52f82d7789fbc42a5065e217b2fddb5cb947c88086190286158b784823f3b1	7f429f36f6c7d946ca41b5ca82f110fb9fc8dbb4
reproduce/bioinformatics/application_inputs/targets/at0386.fa	phase3_application_inputs	2639	7ef5deb94d76f696fe8539afbf44b68dcdbc571198bffcd6f12bff08b9099e9e	85f3daa066fba937d3ec4e4681c07f999260aae1
reproduce/bioinformatics/application_inputs/targets/at0387.fa	phase3_application_inputs	2640	c0198887e80eea85914c3694e80bfa0a31761c812022aef7ffa88cddca3bf568	a980249d974dbcdb8d23ca4c4454940aa57d54b2
reproduce/bioinformatics/application_inputs/targets/at0388.fa	phase3_application_inputs	2641	42ddfc04342587b24d57eb09cd4025fd6fa7892a6f9236440df22b1c6c4d14b1	1b430dbb857e0ba75e0d331af22605088147ba65
reproduce/bioinformatics/application_inputs/targets/at0389.fa	phase3_application_inputs	2640	28787f2724779014a19422108a77600738c0fd01a1390332a3f4397147d48ea7	bd059a68106c16b1972adb3e9bd45f14204561bf
reproduce/bioinformatics/application_inputs/targets/at0390.fa	phase3_application_inputs	2640	2270bf0f48d4e0a623045064a0582278845b43003a65523c0ccf2149ba3e1f59	c2f72a47bdbedd5e0df6d950f2d0a2f2340a4cea
reproduce/bioinformatics/application_inputs/targets/at0391.fa	phase3_application_inputs	2643	5aa991b4bfd1f41081e3161bda4c59e0aae190b882cf9fc075b92e1f603c88c6	07f74411bdbc68845a351ce04e0f9407d18168be
reproduce/bioinformatics/application_inputs/targets/at0392.fa	phase3_application_inputs	2637	0331b54adcf910eb2a29596b1d51ba62be983dba9045195002cea050da96dc50	9044be73aba2b572c1919203cbb31319e6a76ca1
reproduce/bioinformatics/application_inputs/targets/at0393.fa	phase3_application_inputs	2637	bd13c70fbfbcb124458158cf80c1b2e813ff799cc32bc496c3f6ea961fff7ce9	a3aab980ae28c84261248d1f1614820e4a4a0d09
reproduce/bioinformatics/application_inputs/targets/at0394.fa	phase3_application_inputs	2641	30375a5801fb3bd32c77777a5381594ef18a0fdc079fc1b7f0284837b7b21611	189f326b6be83de1bf064e2aa9d94eed496c10f6
reproduce/bioinformatics/application_inputs/targets/at0395.fa	phase3_application_inputs	2649	f0bc458c2020835b2ce103bd2ad9964475ec93c726fffaf3a85da453aca4e836	5394a2b7e7ab76aa2e52f2853708eba86e923d78
reproduce/bioinformatics/application_inputs/targets/at0396.fa	phase3_application_inputs	2644	314528b7964e2c5446fba582c1e2dc1557af53bc0c1d3d7ee54cc97f8176f9f7	1fef2e31b764fd3dfc92fabc2a16d4993c8c3d2a
reproduce/bioinformatics/application_inputs/targets/at0397.fa	phase3_application_inputs	2641	6c801aaf53aeaf0fc85739dba99ae25c70b79f4d82a47d996c18075d778c3152	054f8472e6de4bc168a39a3f3e27cff51926b9c6
reproduce/bioinformatics/application_inputs/targets/at0398.fa	phase3_application_inputs	2642	2bf5c8fddfd3e527b137c0a7a3e4a352437dd586f23963af5df75e932a32590b	29d7cb9a6d63201f9e3b950966836733832eb363
reproduce/bioinformatics/application_inputs/targets/at0399.fa	phase3_application_inputs	2641	6b04e3e759d0a03771f3ed5b710a0106cca9a6196e1002d5d83c8978948acc98	15221d3174bf8cf3b948ddf4f4813ef395a2f52d
reproduce/bioinformatics/application_inputs/targets/at0400.fa	phase3_application_inputs	2642	c1d80018a4c7ac77d16f5051b6ce164b9036af0f1e14753b322235287c4ae835	c0cb5528aed04b6443f3e37908bc52859a583da3
reproduce/bioinformatics/application_inputs/targets/at0401.fa	phase3_application_inputs	2649	b7ff420cc2d05511a564d26eb2e201aa8f3e7263dcfcbc5ac91608837020375a	5004b05595d166183f601d094d41f4017505e65f
reproduce/bioinformatics/application_inputs/targets/at0402.fa	phase3_application_inputs	2640	d58aa0dcb2e007bf430b94d12174f5e407d496f6a39cfd6302a262e4164a1796	0c939f14a030204119422e852fd3756f517ec3a0
reproduce/bioinformatics/application_inputs/targets/at0403.fa	phase3_application_inputs	2642	e0e5f495b10c8ded572942937c089f63f02d252fe5feeca19bddf4491cdd8874	9f158769eacf4e9498b6c8252436a4856efb4d17
reproduce/bioinformatics/application_inputs/targets/at0404.fa	phase3_application_inputs	2643	dda324e93d61edc64f7a9426f2b8e523faeefdfcac3bc5627c45917073b12f77	35f12b46bdeebbd4e376f010e7b0018909a9b092
reproduce/bioinformatics/application_inputs/targets/at0405.fa	phase3_application_inputs	2641	c7c06d38191c6da77e8d06334759e3e67ecadec64496cdff881c5ad9617cb650	778b97dd8ac0c964e194b73ff7e6ec6ddd6b6ad7
reproduce/bioinformatics/application_inputs/targets/at0406.fa	phase3_application_inputs	2642	5197fad42a6147b38af35356504108167246c31189c31452d337be34c00a3dbe	095b37a9298a25195047dbf808f66d2fb6923b7e
reproduce/bioinformatics/application_inputs/targets/at0407.fa	phase3_application_inputs	2640	21fcd043a9ef85793884b2bfec66836121390f0398f8d1b8e1fa2a134858b375	00c8fe22a9079f9cc3d54f5ae6b50a04fc961b03
reproduce/bioinformatics/application_inputs/targets/at0408.fa	phase3_application_inputs	2639	5371bdb0bbb7b37a5315d23aed84b6f12cd3e44f1ebaf2fdfde20b9504bd2168	064c3ece72331497123e1eb24028b380a89cd13c
reproduce/bioinformatics/application_inputs/targets/at0409.fa	phase3_application_inputs	2642	08e9cef09840cdf082fa5340ecd2e0228e26a96f57d6ce109fda5e6ddbfebabf	233f5b15f54ee7a042c66bb7f5a0202567971a56
reproduce/bioinformatics/application_inputs/targets/at0410.fa	phase3_application_inputs	2641	fdfba8765353ec832427455bf43a402427a4f9bca84c44a816fe3e32466cbd55	96f4a803336b935b25b57ca74ee226f4f4bb4472
reproduce/bioinformatics/application_inputs/targets/at0411.fa	phase3_application_inputs	2641	fa912b0fa1e08ff6cf0696be4804d21d3190794aa7296b4ae6856c6e60bba96e	aa249e86540a336ec48bf55af0dfd99c91edecf2
reproduce/bioinformatics/application_inputs/targets/at0412.fa	phase3_application_inputs	2640	657114d589cf2adab2bd6fbd741bdf5820a4132fae48410303596b0b105ff5d2	bb8c685706b207e7bf8d148522d18c1aa42439b7
reproduce/bioinformatics/application_inputs/targets/at0413.fa	phase3_application_inputs	2639	154116c6279a2fae265a3b6a12db9e0162e975d41f0c0f639ab3ea9b58574749	38873cd664b60924de010b8b9dfd1aa218ef9eb2
reproduce/bioinformatics/application_inputs/targets/at0414.fa	phase3_application_inputs	2640	cb7ce564e259ff38378f6edd69c0b3a0ac46cd0cee7aa77cbc0ec54474c33603	180539e9236071e44d87b869c66a21e8315ddeb4
reproduce/bioinformatics/application_inputs/targets/at0415.fa	phase3_application_inputs	2642	aa9cab8cd5c80d4019703e0253d26290343eddb87829a13195028b5ad01bf9d7	93e9ae11fee9ddc19c06437fa484e69d77fa6a31
reproduce/bioinformatics/application_inputs/targets/at0416.fa	phase3_application_inputs	2642	ae748ef91849cfad9cdc177baec3911d817cb8f441501666efd9e7cb6d4c2aed	5d8cd366e449e33eb557c81ee7690cca7916ecec
reproduce/bioinformatics/application_inputs/targets/at0417.fa	phase3_application_inputs	2640	6021e20b3ea8a1192f4117b636a4041010129309452a519568a17c2a25d268ab	56bf97f348d5b67133a3d3c01f0ddd823aa4d6be
reproduce/bioinformatics/application_inputs/targets/at0418.fa	phase3_application_inputs	2642	a74f938b2be815034037d0f6424d08d9639c47f5729d51c124277000491f2dc8	84d930096411cad9dfea19545a3539091b8efb10
reproduce/bioinformatics/application_inputs/targets/at0419.fa	phase3_application_inputs	2640	57956fc8b3c306300c2e644888debf82f1f3d2f70344a88ad82abd3c54a2bb5d	2d0c20bd8756e8b77120dbe79dfa832faccf39ea
reproduce/bioinformatics/application_inputs/targets/at0420.fa	phase3_application_inputs	2643	e9964b72852857b79c867ad8ee22cb6db37c895b9180bd15f904d608f257ceb2	923d0042d319badf6ea0f5de0344abff5f5f88ce
reproduce/bioinformatics/application_inputs/targets/at0421.fa	phase3_application_inputs	2641	f0cf21e34fc9b12204a20edfd221628aa944ace92e9b7ebbd7339f32937212b5	b437e2c586157c1d570020423f44a341bdfe689d
reproduce/bioinformatics/application_inputs/targets/at0422.fa	phase3_application_inputs	2639	f905c25f74e2b2141f79947e38449f3f0e3bfbf3547778bd8419b5ec69eed481	22b8eac4aaa382d4f2c9c9170d172f72d8910bcd
reproduce/bioinformatics/application_inputs/targets/at0423.fa	phase3_application_inputs	2645	80a0c92292ae6e55791487bccbb0cfb82951bb6f737ad3f305169ddfbbca41ac	d1a1bb3a0b303a6ebaebc5a1277a88a9768f5fe6
reproduce/bioinformatics/application_inputs/targets/at0424.fa	phase3_application_inputs	2639	779ccc2cd5cafd5e92a8fde2095a25dbc920b18c080ec3fade12a481d894441d	d66a447cc0d2453c4ce940fe935c94359056b68d
reproduce/bioinformatics/application_inputs/targets/at0425.fa	phase3_application_inputs	2639	3a68e6866d8969748d97d701b725ebc735ee34570d5fd36bde7c49aad519dd40	3536dacd7115adbe7608cb9ca592caa91a60e1c3
reproduce/bioinformatics/application_inputs/targets/at0426.fa	phase3_application_inputs	2642	ffb343051b2e343853381e60feb5b6e06e9cb0e4e13bda2d3acdb388ac5129c1	8a36151bfc539e4b19bc01c4805d86944fa75d4b
reproduce/bioinformatics/application_inputs/targets/at0427.fa	phase3_application_inputs	2641	b440f20f91ff1d707e9645da7acdd3df2116c135beacb2d92b72f6a93aa3cd16	32c9efd659f67c703c5173e3dfa40858e87f0233
reproduce/bioinformatics/application_inputs/targets/at0428.fa	phase3_application_inputs	2649	b2c5f41135d9a4f9ef359ffcb4f125b642f918927c595e642957e96f99ccc383	32c57aef45d9add4c597a7adf5d107201fd1efdd
reproduce/bioinformatics/application_inputs/targets/at0429.fa	phase3_application_inputs	2640	885360c9df422c8675a57b808671b0742cef7eb6f63f36408bef5a11b7d2fd41	3b11d6a568589be955102a4df5bd428c9a322022
reproduce/bioinformatics/application_inputs/targets/at0430.fa	phase3_application_inputs	2641	e72fda34997b78ee5d3d2a7a40d8a81494e7603e4fd68de96b7eb4d591f13b73	84cf6687438ac9d86b08b3a65c0262c7ba78935b
reproduce/bioinformatics/application_inputs/targets/at0431.fa	phase3_application_inputs	2642	572d1b70488057fda8eb7cd89f1a126c741946aa1f6f5afea2d3df2036c20328	cfa2958c146c9e0747530527e4292d4528c4a3b5
reproduce/bioinformatics/application_inputs/targets/at0432.fa	phase3_application_inputs	2640	17878a20b74566170b7a11d90620d341a4d767626f50e6086034a36e440b0660	fd38b222a06d689bbb126ab2b7d71474b8a8a879
reproduce/bioinformatics/application_inputs/targets/at0433.fa	phase3_application_inputs	2640	fe5e310127c961a3d8cf7c1e8528c69a505682128d4170d42e5878e126cbf5da	cd15f5fd5d0241941e51fc80ecc5280227b09b35
reproduce/bioinformatics/application_inputs/targets/at0434.fa	phase3_application_inputs	2640	c952d21818dcd3eeabb98183f59ed035c7f87c872d5793e8205116204b172cc6	c6237278f3857b5e3f9743dae76a0f76e315a789
reproduce/bioinformatics/application_inputs/targets/at0435.fa	phase3_application_inputs	2639	595ac5394b603fef757876649043e5a0bad7d1880cfa5a4fbb26eb738f8beb70	e06b8bd0760fb1893c28965813014717fe7c7e09
reproduce/bioinformatics/application_inputs/targets/at0436.fa	phase3_application_inputs	2640	4de2ccb015c430823bed06b338831da5a70390c920efcab37ad615cc1b839160	665cd0eee2f7bdc62e88bce4b0d9361f511f7332
reproduce/bioinformatics/application_inputs/targets/at0437.fa	phase3_application_inputs	2641	24c6d35d67166bf9a6dab4478de0c97fa4edf4c822b096079abc91d827717fb0	86396c7712e60b7de6a9a2dcd15d033daf5a7134
reproduce/bioinformatics/application_inputs/targets/at0438.fa	phase3_application_inputs	2640	da776d1c43208e6e7d3754761ee9b70365182030f5c763f588e86d4c9f32e25a	1cc05dd6b205f4418818283f3c80bc7d877849ae
reproduce/bioinformatics/application_inputs/targets/at0439.fa	phase3_application_inputs	2639	c2874eb52c200fc56147314ac0701cc66289a185ddf0c2573e60cff9a17ae3ad	ebd4cb12741a8cd01c0f54e9011b72a17a9384e8
reproduce/bioinformatics/application_inputs/targets/at0440.fa	phase3_application_inputs	2641	643781d7252ed8d629a553ef05b27cd0bcf6035c315741598eb48701c2a9a9be	ec685e1af1c14ac88a58b852dfb69362e2ed8074
reproduce/bioinformatics/application_inputs/targets/at0441.fa	phase3_application_inputs	2638	0dee402852cacb1196aa6ad83dce278bddacb3f956579c88a617f3fefcd72663	8beb9eb15cbe3b3b2becf765f60aee4495df933b
reproduce/bioinformatics/application_inputs/targets/at0442.fa	phase3_application_inputs	2641	de2a011b28fdedbe32366609deccb5f840c558ab58c005832c7c43a2bf3657dd	26760913c22b43b0b79517c89f57af2c21f2e595
reproduce/bioinformatics/application_inputs/targets/at0443.fa	phase3_application_inputs	2639	338650cade00a53a22c3948334083ca4c15c551667412c3ec372b818f56eaed9	d730decd2c0b8ce5790eafc3a81c30ea2fa2fa3d
reproduce/bioinformatics/application_inputs/targets/at0444.fa	phase3_application_inputs	2640	7f828a9896e8c44ffcdfd2dc381130c595a24e2bce133dfce0a66ad3d8f3ab16	88437fcea42082f2e0ed9dcdd423565f65ef477c
reproduce/bioinformatics/application_inputs/targets/at0445.fa	phase3_application_inputs	2639	8fa11a09bef6054fb7fb10e360ec8b687bfb1ea5749ba5cb51c599bbd38b84ea	e6a17f42916cba80bcf6615e0e72752defcb71ec
reproduce/bioinformatics/application_inputs/targets/at0446.fa	phase3_application_inputs	2639	3e41758238a1224dd45162fcc0fc2ef21fe26a675931ab07522677f08fd7a546	9c3d0a48b6ca6f216b36e6727ada632cf8f25051
reproduce/bioinformatics/application_inputs/targets/at0447.fa	phase3_application_inputs	2637	a5467d2537ff98498fc89866d3f0e30435e9539c29db42ee0c2a9d480bf2d6ad	9e5b648b93a0c735039b6e55b87752abca86a64d
reproduce/bioinformatics/application_inputs/targets/at0448.fa	phase3_application_inputs	2639	cbc3f4cb01553ab51755897f447ccdff13560f3b247e5b4906242161b0cb5be2	73ad3687cff42b57d3cddfc34a63f19f58883595
reproduce/bioinformatics/application_inputs/targets/at0449.fa	phase3_application_inputs	2639	845d18b92e27804c1691f1cccf9eedd9ed846a28eb30b5c797a23dee15d2c724	b836bea13f50de753173b4472712c336c4ec92b8
reproduce/bioinformatics/application_inputs/targets/at0450.fa	phase3_application_inputs	2641	e6acebdf76a6414d94b3f5627a9094f7b145ffbaba73e84f0831de7b88978b4b	7981da4cad0ffee00a95629a65ed82e7be9da3a2
reproduce/bioinformatics/application_inputs/targets/at0451.fa	phase3_application_inputs	2640	8db7deefd6904e0248186ccf36009ec4f4556e4894d3e6b48fbc6176e5a24b8e	72f8f31fbdfe04f2a843f0e3e1a0c37975603fb0
reproduce/bioinformatics/application_inputs/targets/at0452.fa	phase3_application_inputs	2640	3484392b0c392c7d032dd940ced3912957ec561dd017e836601ba8b51828b782	e72ea361ac36632a30cbc087c2e15eb6bbdbc874
reproduce/bioinformatics/application_inputs/targets/at0453.fa	phase3_application_inputs	2641	b580952ab0272ce213c39a275897ef9dd19fd0dd1544b7c2c222976cf79449e6	1785870d15f2dabdfbb1388c087eb8cbc8dbd769
reproduce/bioinformatics/application_inputs/targets/at0454.fa	phase3_application_inputs	2640	9d713e691dbc9b00385534ee9f304231b33cd35d844a921d1bf455b839ee3e6c	080da31948811395ab4efe4ff8fee91e1aae1596
reproduce/bioinformatics/application_inputs/targets/at0455.fa	phase3_application_inputs	2640	7dae870b408e0291942359f8345d2de62a44acb63b37e1a42781d4e46c9200c7	4d78bde4a0a375cc32511095086165d08a4807cd
reproduce/bioinformatics/application_inputs/targets/at0456.fa	phase3_application_inputs	2639	8eab7fa7d353634ac6756af74e2e1c21f3b0461cfabc4a62b148d6bcaff24313	8f3acfdf28b75c600a4d3022f0dac93addeb670d
reproduce/bioinformatics/application_inputs/targets/at0457.fa	phase3_application_inputs	2642	d7d67c6f4f4312fe3e1879c62ea2d5fb726b245e1f9e8c829ab95a0669b4b1a3	7fae46a401af1969ae728bfced681e4f7a53e663
reproduce/bioinformatics/application_inputs/targets/at0458.fa	phase3_application_inputs	2641	3035917e1a79c6a2732ae12e72181a8e1b70e87634763bf006cd1425b0085c65	d7c7cc18c74b3d8d1555c65c6fff09737ae5f122
reproduce/bioinformatics/application_inputs/targets/at0459.fa	phase3_application_inputs	2640	06c24207c4395376052874759f47e921b8f5037c344573171c856b7d62f38785	bd0708852a37ce1c50b57586710dd233123c8ed7
reproduce/bioinformatics/application_inputs/targets/at0460.fa	phase3_application_inputs	2640	36bbc07f0414d6277cb1e25b3cf9ffd13df3e53dc1f7589979fa8151b14c16db	14ba0e05c1ccb0a0cc74f74f5ed5fad44bbc08a6
reproduce/bioinformatics/application_inputs/targets/at0461.fa	phase3_application_inputs	2640	85e97bde0a56f9f4693e012186f2073235ad8d11b974372b847087560600837c	07f31c6d39d8bc9e72aa7a0ff048198f2e51983e
reproduce/bioinformatics/application_inputs/targets/at0462.fa	phase3_application_inputs	2640	8fc8ed63132b35528918f1d2dad068be6989195e10d0985d20915e2c8d9356b8	412fe21d35767eca33f0f6519d73b6fe268ead79
reproduce/bioinformatics/application_inputs/targets/at0463.fa	phase3_application_inputs	2641	4e3ee808fe18684807848500a7d5ec8c05f146bbf24898f08f013d85e5f0d444	7315124db8357e70efcc72e853869b2363868abb
reproduce/bioinformatics/application_inputs/targets/at0464.fa	phase3_application_inputs	2641	1e0b06616e00d20f891ef9c60dbfa6afd7d7779ae673c24e318c38f20c9a36e5	52b653329e7f2d573ff98f95a85156ff8eeb3423
reproduce/bioinformatics/application_inputs/targets/at0465.fa	phase3_application_inputs	2638	89e56a0b8e3f7cc1f7913e834090a1f8ad7b4027bbd3900427aaa43357746aa4	96eb91a693f3d3c1d275c56a250411b66df0f578
reproduce/bioinformatics/application_inputs/targets/at0466.fa	phase3_application_inputs	2639	50ca24d217af45e5b100d6c954af346f5af344fcc906443ef6cf4d44ad9f4eb0	5e4dfb323da4da997375cb267b4508c529ef8053
reproduce/bioinformatics/application_inputs/targets/at0467.fa	phase3_application_inputs	2641	dc15a05f8293ed1ddde014cc5c85a4b0de2263eac87a73a5dc9fe24b8ea52011	967e70e5e96990de72dbcadbb1ad180d80c7b20c
reproduce/bioinformatics/application_inputs/targets/at0468.fa	phase3_application_inputs	2642	c86c8577aac845d04010a854ae5c05250e8bb5ab39417eb7b735b586549a5bd0	83b74e57fce3bf7c4cecdf7c5aacfbb5adbb7b3f
reproduce/bioinformatics/application_inputs/targets/at0469.fa	phase3_application_inputs	2641	122d129674b372ec838a9ef72ee858de1ecafe8739e6cebad8c12891fed293f3	cd760e996c757e1cc6b5b227e67134d1494ee305
reproduce/bioinformatics/application_inputs/targets/at0470.fa	phase3_application_inputs	2642	9c872de93dea8cab9412460aa2115c2540d30323552adbf42d5c21764591d165	a9dcdb8626559adff0f64195c285120dbf291bd8
reproduce/bioinformatics/application_inputs/targets/at0471.fa	phase3_application_inputs	2639	1e3b26f240051b1dd6d9f95449487bdc0a4b3042e675033d93c964f4cfdeaf60	db069c045a94a37acf35872d77e5b0c4395f8908
reproduce/bioinformatics/application_inputs/targets/at0472.fa	phase3_application_inputs	2640	979e3859c0bbe286bd6ad4cc9eda31040f158ec4f29cec0f28358f23ed086654	c3b3777306bdb11da9e867c666cd1b20811a1bb5
reproduce/bioinformatics/application_inputs/targets/at0473.fa	phase3_application_inputs	2641	d577ac5b5e377eb4714743eb73013e4068408d9131bd0ce210c54083b09c4ebe	b25a190cff7541d7b0c23d2aa387060338366aef
reproduce/bioinformatics/application_inputs/targets/at0474.fa	phase3_application_inputs	2640	d179fbf8a04882555fc81034d18764efb0421e580a410214420d25bb1d53dbe7	1a82687b81347bfc502d79c5f8a81bc4ccf2d4fd
reproduce/bioinformatics/application_inputs/targets/at0475.fa	phase3_application_inputs	2639	ef916e60c4f2cde3e90a2e1bf4c15601e8f3111104ba1c07a47f2c07f50c6612	ec87a4a6a81595fc2541cfc09d6a54a19ad27462
reproduce/bioinformatics/application_inputs/targets/at0476.fa	phase3_application_inputs	2642	250cda8a3edebc2c8de36988c7e696abebbca9c9dcdf22ddeb94fa65375290e9	6735cb96cbc259cd300c3682b6d266ae6771b351
reproduce/bioinformatics/application_inputs/targets/at0477.fa	phase3_application_inputs	2642	4013d2d19ac40bd549d2f6e8ef36b256e5ba3fe16d867ac3b66a5517a91ed1b7	215a9a49b10b276b7e5cb11175a5a1a3fca2527a
reproduce/bioinformatics/application_inputs/targets/at0478.fa	phase3_application_inputs	2640	0b8c5aa5b5a8c3985dab4e84989e65766001e96ea5e811d28971bcfd444c916b	ce47fa1b9e4216e72cc3203fa81927fc6a092414
reproduce/bioinformatics/application_inputs/targets/at0479.fa	phase3_application_inputs	2639	c30c0e87df097d1a04c28e4e76fddd00f84687d271f0ea33963877fd5e163ef5	3eeab632985e519506ce87169b560f6813816b23
reproduce/bioinformatics/application_inputs/targets/at0480.fa	phase3_application_inputs	2641	9b4322388cfecbc4ce4f99e46fb47456454e1f0f0fe13b08ee8c3e74c0b03d3f	cf8c506ecfb721b234d5c1891b4e8dd509c78fd5
reproduce/bioinformatics/application_inputs/targets/at0481.fa	phase3_application_inputs	2649	ee8b932be17c4bdac67a1401415d9e966a336d1fa3ce7bf7b1bb081c56f63dc0	5854d9123aa98504a2b95aa634ed20cafe7200c7
reproduce/bioinformatics/application_inputs/targets/at0482.fa	phase3_application_inputs	2638	8b938ed6d82165e3134a1aad321c6696c09d8cc74efb3611328e0d3cfeb9e5e1	6275eae2e141e26d21401d97b8cf5b5687e8a4a7
reproduce/bioinformatics/application_inputs/targets/at0483.fa	phase3_application_inputs	2642	373c576fd8781258dccf2274f1c61bb56981be2bbe0971bcc210f301eccdbcdf	342d8bf5e556144279588a368daeeba4a312cc92
reproduce/bioinformatics/application_inputs/targets/at0484.fa	phase3_application_inputs	2639	613ec6f2a8d61bdb8c6f5d59a3ac76b9923f46072d3f52c76fc458f8350a5a3e	62487273bae4745f7b3e12cadd86267b4243b318
reproduce/bioinformatics/application_inputs/targets/at0485.fa	phase3_application_inputs	2650	e7112d58e70e60dd38b4a6bdcdf28918e24bf46aa7cec078ff26f922f437705d	03910040009c9b03fcfed369dc1bccb500cda08b
reproduce/bioinformatics/application_inputs/targets/at0486.fa	phase3_application_inputs	2641	5876b8fad785780f090a25c99d0dc5e884b887b958d22b5a69bfc35e9670e6af	65be7c75177fb11320c2651bcdfc280db2b6edf4
reproduce/bioinformatics/application_inputs/targets/at0487.fa	phase3_application_inputs	2638	1e26468987cf865f30e2798fc09094fb7e1b9bdb706a3951698ea8078fee1719	24782440b4acfd4606d7d6d24667ddd7fbd03697
reproduce/bioinformatics/application_inputs/targets/at0488.fa	phase3_application_inputs	2640	be97fc8bf0ce63feb23466f8e27ba398b221bc4d32148658c47a2d480f1741f8	433868a7c054c0732369104093e3b266e3a7c810
reproduce/bioinformatics/application_inputs/targets/at0489.fa	phase3_application_inputs	2639	8c168cdb3620ccae8ba5cecfd70445450c3da46de5fb08a358c0159c20ca4636	7063f1f6f1eb19da2adbe3072bd091e2470e957e
reproduce/bioinformatics/application_inputs/targets/at0490.fa	phase3_application_inputs	2642	f11713bce46af70c0f5de00f631068ad006818bcd3d04c7eba04cbe683b06d9f	b092588d40e62fac531d0645b1379d7cdeccf274
reproduce/bioinformatics/application_inputs/targets/at0491.fa	phase3_application_inputs	2640	513443b1a8921947c8d6c04e7c14c5ce585522ddd716ffada9890016bd29b40e	4237c2aef26639ca396b753684fcedacefdffd1a
reproduce/bioinformatics/application_inputs/targets/at0492.fa	phase3_application_inputs	2643	17744cdab3672e1c5049c760ba87382b6a568733ba70937c4cfee46830efb4ad	0fbc5ac12310dd7fbaeff607a68465d50ffcff22
reproduce/bioinformatics/application_inputs/targets/at0493.fa	phase3_application_inputs	2643	fab31abcc400785ff8ac52bfc7342350f1ab9b26452a18584054e8e2ade8c081	01872adb36c3efaa79e62561343951404d33ab72
reproduce/bioinformatics/application_inputs/targets/at0494.fa	phase3_application_inputs	2641	6a7986e4c67f8e2a561127853c0247c448893004090059d3a3eabb7b21c9b422	837ceb2b5f9f6e55bb4a3efafb3081513c779797
reproduce/bioinformatics/application_inputs/targets/at0495.fa	phase3_application_inputs	2640	1f8b7edc45c8e5c177055721c0c17d966c13d1afc63c196a9b9637abdd85ed06	2c4ce11efdfd29e7b1d774500050f507827a56d5
reproduce/bioinformatics/application_inputs/targets/at0496.fa	phase3_application_inputs	2640	d8af304878931f12fad1e1891a6425cf46c47a421bc218bd9d3b6d0a99ab898d	e9944ae334d8fc52b0e5d3c62e68835b63cc31df
reproduce/bioinformatics/application_inputs/targets/at0497.fa	phase3_application_inputs	2642	174aeb9473feb44c4effc439a0f2b57de16588350238cd605f354acdb928b62c	d99b2be6b6556c64e9b24bb3aa113ff5d81c95fd
reproduce/bioinformatics/application_inputs/targets/at0498.fa	phase3_application_inputs	2643	9876d2a744d6154ba2757a31e4bbe99ff52e5e6d265a4b50246bb2382a2127cc	d327313c0853184232bd457ef4b01f7f3a069e2e
reproduce/bioinformatics/application_inputs/targets/at0499.fa	phase3_application_inputs	2641	3e1dcc81d2fd9b6e0ebe94903222eed1841164a83f6ff65e56a1ef4563731be8	02b3d3b1558d6430a4261d193714c571c13fdf3c
reproduce/bioinformatics/application_inputs/targets/at0500.fa	phase3_application_inputs	2639	e7a9d5877fe03f621947f66ad88e3f3d6665870dc0e146fa6200ed43e2ec38bf	5b7ba8c459edddef52a0f15115ba24add03e9941
reproduce/bioinformatics/application_inputs/targets/at0501.fa	phase3_application_inputs	2643	979cf57c66478bc2634b105a37b0f3cc5fe5af9883495d08c56662e72f36db66	934f616d0d6cc8cd3a6da1c0733c1fc00f1e3f8b
reproduce/bioinformatics/application_inputs/targets/at0502.fa	phase3_application_inputs	2641	2d6d27523a833e20dbb64232d4f8c74f2891fa062d960c16244556409a7eaed0	166b96b83cf464d4a9b1a0f43b332c65c708297f
reproduce/bioinformatics/application_inputs/targets/at0503.fa	phase3_application_inputs	2647	64df505897de07430a737e9aa0789b7c3702b27812c0133ed6aebe40e4f70eab	6ae15fc3b3aa7cfb8698b31565e2bdd8e2795106
reproduce/bioinformatics/application_inputs/targets/at0504.fa	phase3_application_inputs	2639	355489e1a0a1be328e1ae91bf4a598bab2627e0069602dd4e7ca0962179e4b2d	c54389e116988ba920dd204df7be74057da4ba6d
reproduce/bioinformatics/application_inputs/targets/at0505.fa	phase3_application_inputs	2641	026c686b679ef32f97b3a418cf4d8d8cacc3c3e40d9596d8c587d3791689cc76	bb833c7f725364956ad702f409d1ff64a9d73799
reproduce/bioinformatics/application_inputs/targets/at0506.fa	phase3_application_inputs	2640	e084a8e8db7e421928a17c92850a8a2320fe905b44423c365940bd4e68aad370	f8c61f161da862b33a6a8a74d81876ad4cf9a96b
reproduce/bioinformatics/application_inputs/targets/at0507.fa	phase3_application_inputs	2639	477f82713a3098bcc2917534152fb883e71a2bf2b5ff0d53e61c9f6c56d050b6	c70a628bdcdf12278b01672b102e22df19c5c934
reproduce/bioinformatics/application_inputs/targets/at0508.fa	phase3_application_inputs	2642	705d7011c4846900c0f0830d2584cd5636a3043356e9009f7c9422c9c46706cb	b74f124a937d71d5b487e2d7fbee6eebc2e2c915
reproduce/bioinformatics/application_inputs/targets/at0509.fa	phase3_application_inputs	2639	b158ec9ffbb1cb64879f318aed2f8de3e8ed4501e163d43939bd7e2cc0798624	616bb4b196c92594fdd36e914a386aa4e5878ea0
reproduce/bioinformatics/application_inputs/targets/at0510.fa	phase3_application_inputs	2640	1f38558ed41d7a492b626cad0e71eb609147689b405372676e3deb92292fdd5d	fd9ce46989f6aaad16267022b335d36a90e41757
reproduce/bioinformatics/application_inputs/targets/at0511.fa	phase3_application_inputs	2640	f92efea110ce453618eef424dc900713e66e24dbf08d68f42e186c06d4c3ed9a	6f8965615b020749b7ddcf06b0192558af57e49d
reproduce/bioinformatics/application_inputs/targets/at0512.fa	phase3_application_inputs	2642	79d72e4796d081fcdf86c06f91e513ddf0b564680ac38dca6304d58ef58ef98a	f7430d7492ba29c0ddb6c97b51c800900229ef5b
reproduce/bioinformatics/application_inputs/targets/at0513.fa	phase3_application_inputs	2639	f5c8c456ff9357febf721e6fc4b7a9af0cf821950e7f96223be491afbfdc48a1	ba2f8cadea0d26cd3f4c4f3a941f907de69c60e8
reproduce/bioinformatics/application_inputs/targets/at0514.fa	phase3_application_inputs	2640	e6f26a5ffdfb71c4cb471ee839db28abac0aa2550e730c0b8458d050a8887639	c5c42d2356e5e75ef3f21fc6155a656e3523623a
reproduce/bioinformatics/application_inputs/targets/at0515.fa	phase3_application_inputs	2639	42d96ffa99fd587f017a45204ee04613953ef6ba109c5c3784b54576ee99504e	4c8c7269b83a81110537e9a42ed75d890f954e45
reproduce/bioinformatics/application_inputs/targets/at0516.fa	phase3_application_inputs	2639	6c95e359e5cc958c84cab966417df8f5424dc873bce1991ad922974db9921fed	1f76d60917d91845bd0bb28b86dcb009d99ce952
reproduce/bioinformatics/application_inputs/targets/at0517.fa	phase3_application_inputs	2643	39d06738dece8d65dbb47b48f46ae7e10fa44d84319ae02982568ab284a730b0	3fcf91daaf2249059aa60acb2d97e172c4ffc34c
reproduce/bioinformatics/application_inputs/targets/at0518.fa	phase3_application_inputs	2643	0ba03ee5166d967d556c33acca95afb62966d65596aeb56affc5087fbaa78623	fdd55defea75991bdf9d7e06efa9a6052ac9e2ae
reproduce/bioinformatics/application_inputs/targets/at0519.fa	phase3_application_inputs	2642	de825230883f282fc939c2452090ba1b0bd73490124cc7db0a5c63da4fa63a58	8bfe2ee47047410a451c41aa8a19dad040ee98a0
reproduce/bioinformatics/application_inputs/targets/at0520.fa	phase3_application_inputs	2649	1e67e91f227c0d3cd23303168fa2171f31a74119abab627069c4359caf974edb	c31fc7490e7b32331bd61efaf59f1b2f57039537
reproduce/bioinformatics/application_inputs/targets/at0521.fa	phase3_application_inputs	2644	e4ccf3a1d10923adfaf86f415c8b79f1105954f3d68d90f410840ab3d98e8965	8f1844aa5e65ff4f7a8323e1e098eeb29849f101
reproduce/bioinformatics/application_inputs/targets/at0522.fa	phase3_application_inputs	2644	70de448639ec7d4eab58e1019ff6dd044ab426a364727c8c484592e03943a7c9	9aeff26bcbf21b020e0b977c5e5fc98324f4d624
reproduce/bioinformatics/application_inputs/targets/at0523.fa	phase3_application_inputs	2643	da9e4efd2650631014035dc75dff6091a354b5c9ba60cd299248d1d7d914cc00	b6fb5da61e3b22753c7b1bf903fdfc5277cabc26
reproduce/bioinformatics/application_inputs/targets/at0524.fa	phase3_application_inputs	2643	0f8f610b2c3a5194e7bd9136c98451bdb3ba708c3e2a466190c2412e1a5d5ba1	b285feb226307881f82f0c78244baf8f50f0b9c8
reproduce/bioinformatics/application_inputs/targets/at0525.fa	phase3_application_inputs	2640	cbcd0099637f1e2deb83360590303c13fd33901821ece0e95efcc79f79a723b5	143e570ff0c11a344bba59646623dc5d9bdbbbf9
reproduce/bioinformatics/application_inputs/targets/at0526.fa	phase3_application_inputs	2641	2b84d1dfc30853e00d2ca42a878ae89786e7ab0ab58fbd377bb8f07447031bcf	1fd5636e6c842fa76e7f78d049cd578aed383958
reproduce/bioinformatics/application_inputs/targets/at0527.fa	phase3_application_inputs	2639	8ffcc42aba2988dbe20d22ca4c8485792d28e1c559fcaa3be9e4a61c10bc3697	0f14d92418b70932d696df5b458d79ab6289105b
reproduce/bioinformatics/application_inputs/targets/at0528.fa	phase3_application_inputs	2642	1a38db7002021fe2ecf1632e62b2ce4385049f2eefde0a1807439535d0ce968f	07da1f98f56b5c2a2dceca7315cd65aadb48e3d7
reproduce/bioinformatics/application_inputs/targets/at0529.fa	phase3_application_inputs	2640	2a4c6936a45462645c9de7e5d1b310cf953e3dce8c34791a84927e13ccc4232c	809b9d880190641e04a422c93bd1feb8732b96ef
reproduce/bioinformatics/application_inputs/targets/at0530.fa	phase3_application_inputs	2640	9fd206908c022a3671022cf955f4129b130b89d37be996b2ab0a18ad7ac224ce	1f918346699a6d4e36c059179526df971bc78c0d
reproduce/bioinformatics/application_inputs/targets/at0531.fa	phase3_application_inputs	2640	3d6220af3f40da118e7de7425b761fac976cd85ba0cd8043ea4312555f6ba184	dfc233707a5004b4b916c13aea5af04d9dceb286
reproduce/bioinformatics/application_inputs/targets/at0532.fa	phase3_application_inputs	2639	a2bef1595af34dc51b2ddb4105dcf372c907b21fd9e2ceae1acd81c5bd14330a	a50c0d8c8b093bbb111415cac03d2ebfe63a9dcd
reproduce/bioinformatics/application_inputs/targets/at0533.fa	phase3_application_inputs	2639	5ef9787877261bcf6baacebd3b29599673a55484f50d131e2de7c8d22b9f5d13	bdd71deb84fcde512a653979a539c47533128bb7
reproduce/bioinformatics/application_inputs/targets/at0534.fa	phase3_application_inputs	2643	961abc2782526dc44c35e3e56c19f3b2ece7b0919190fc48e7a166991be84e50	aeeb7b215d86d88438545fb6ca60b5247853d94f
reproduce/bioinformatics/application_inputs/targets/at0535.fa	phase3_application_inputs	2642	8b8415a136686c0fcd795e059c9f218a4bc2cebbf77debc59b532ea99bf24869	13d89bf2c356aef3f414d59822966242650a5604
reproduce/bioinformatics/application_inputs/targets/at0536.fa	phase3_application_inputs	2641	e791ad4ddd23905aeaeeb855e326def7b6c191e61b105611730123991342a788	0f3618b7f14d2528055b203fbb44eb68b37e8243
reproduce/bioinformatics/application_inputs/targets/at0537.fa	phase3_application_inputs	2640	0a31d95c598390945e07316c6bcf3e6f34d17599263b936ad4784dd738a59e88	6361c3f7052062ee5e2dcd78b9521b27fd7c3a46
reproduce/bioinformatics/application_inputs/targets/at0538.fa	phase3_application_inputs	2639	4bddb557206d7d2cbd3b0f8d331e7354b4a13a39917ffae9616fe9dd82b7a3f1	c569c50294e4f4f8f091a95dcb73be17567fa8ab
reproduce/bioinformatics/application_inputs/targets/at0539.fa	phase3_application_inputs	2642	8fd50ad21a90729914c18c53de1586c07a4c1c308d3b39b82068d5cd3dd9e45b	7b61c42c267f3559a46512438a464daa5f11ec55
reproduce/bioinformatics/application_inputs/targets/at0540.fa	phase3_application_inputs	2641	93bcbc6f0f0a0bcc649e90fdfe9cca7a1fdef0a4bb6ac53ffbe49cdb343d11cb	18d8d54cceb6a803b050f3a968f86a9babfee127
reproduce/bioinformatics/application_inputs/targets/at0541.fa	phase3_application_inputs	2639	7cc530a1cde6cf1d2da5b437bcf969a2eafba3442dbd317a1e977b18a610cc24	36a08659dff4fecbfa4511ce72daa666cd2eab8f
reproduce/bioinformatics/application_inputs/targets/at0542.fa	phase3_application_inputs	2649	4ed1a6fe2cb03fd2145201486077774cd03ae91dce1ce9814864ae574d68cc69	033d830dbcb637777ae974b2f9dd26324295ca58
reproduce/bioinformatics/application_inputs/targets/at0543.fa	phase3_application_inputs	2641	e82662cbd6b2b6ca162fa8e3bf4772d014cef686a7ac46d89b926697bdd49762	b33521c8004b68c1a4c0c434c557f38faede383d
reproduce/bioinformatics/application_inputs/targets/at0544.fa	phase3_application_inputs	2641	dfdf58d12e7b52f8af9c9c8cd5c2ead2fe1570b1c6de3a3fc0a32746bca751af	dd42f7c1d98f7378c068129130afe8a1c4f4ea4e
reproduce/bioinformatics/application_inputs/targets/at0545.fa	phase3_application_inputs	2639	e45d94a98569d9fe3aa966e2354a1447dac16ee193751d55d3049c6e81a59d21	cd74d04678b36090a3d6295811e46b0e696ef6b2
reproduce/bioinformatics/application_inputs/targets/at0546.fa	phase3_application_inputs	2643	733c8a14c20ae2e861eec1d41d76d487b6c52cd3584ed53d8dc06c98d2cd655e	e88a0103fcc08c8fbbeeb658c7511ff494529320
reproduce/bioinformatics/application_inputs/targets/at0547.fa	phase3_application_inputs	2639	04fd43f44e2352ae73d228392b5f83b23b7e880e235946e9ed6363421d82da96	eb495b8127fadef542ba53b1e0b551193f44fa9e
reproduce/bioinformatics/application_inputs/targets/at0548.fa	phase3_application_inputs	2642	79e64b9cd3b056d77716690100a3dafb5b94b9f24a3ce1b24e772dd033ec381a	1ff5da269699f0adfdfda5b1169b03e2169b28ea
reproduce/bioinformatics/application_inputs/targets/at0549.fa	phase3_application_inputs	2640	f47e3c231ec1c7526e76368c97a03c97c6229e3cefa66da62803d59057998870	29fb03862f001f54fbffc502b0cbbbced07213c3
reproduce/bioinformatics/application_inputs/targets/at0550.fa	phase3_application_inputs	2639	ac82f2a26f4f6607480fdb46de07bccf482eea65c00af0cafd307f4abb082728	aa33d48cee75c9898163296a9df443e9d81159ca
reproduce/bioinformatics/application_inputs/targets/at0551.fa	phase3_application_inputs	2640	56742e3478853eed067ead99b372c076f456ce06acb1f2972381ced5f9ff080b	592f8f2370f7aa90d0b00e91ce7da0561c52f32e
reproduce/bioinformatics/application_inputs/targets/at0552.fa	phase3_application_inputs	2643	bee6d01b7c062f64e3f911b2234555528e033a6e3e02d3e57d8b5583ec5dad97	674696434b47184ea33176006cf549ff875dffbf
reproduce/bioinformatics/application_inputs/targets/at0553.fa	phase3_application_inputs	2641	e1da91bfc12451c22b82a597a08962931685a75b1d7033abfb8639787000e3ec	bca9856a92094f242c8e2fbacf143ff85ffd46b7
reproduce/bioinformatics/application_inputs/targets/at0554.fa	phase3_application_inputs	2642	0d19b236153a877ac4f2fc584bfdc80544271051f480ed39c862e05c43e0ea31	94f48cd555de577092bca167b82c6862ce633849
reproduce/bioinformatics/application_inputs/targets/at0555.fa	phase3_application_inputs	2641	af00eccde7ce716a4b5c339ca3d8a2292332b3795fff468591f2c4a322afd2fa	9682609fbda383ecd82d20d8b50d6d791ee6eb44
reproduce/bioinformatics/application_inputs/targets/at0556.fa	phase3_application_inputs	2638	be72a51418bb40cc4ce823095b8ec5f65b135a5418afd46088b0506e3c044a0c	94ca6ecd3cf438ab423d66faaaa82b413c8af495
reproduce/bioinformatics/application_inputs/targets/at0557.fa	phase3_application_inputs	2638	05876baaeaf4cf9ee32e9b3ed66db2fe18c8644d76b40ba1a2d11624ef9d113f	cc5f325a8650858b6505ff70af5b2b83f2ede432
reproduce/bioinformatics/application_inputs/targets/at0558.fa	phase3_application_inputs	2639	3dbf9b08200a85cd885ce50e31f443f86cd9fe892aa377ed1cfb0c661d880549	b4c12a8a715b822372076daf0166b4fb6f21f0a5
reproduce/bioinformatics/application_inputs/targets/at0559.fa	phase3_application_inputs	2639	b89cf9ff3a0e771e1997a8ad638b8641525af0bea0e5d24b7fa8977250050b69	9be1212d8c2e8882a042092834c55813229312b3
reproduce/bioinformatics/application_inputs/targets/at0560.fa	phase3_application_inputs	2641	baab9ecdb77447f2bc04ee4c7f12136233a3e06c39f526c42cc987402547370d	1fb1e1964815d7b66c7dab9fd16b94000358544f
reproduce/bioinformatics/application_inputs/targets/at0561.fa	phase3_application_inputs	2641	849f007a2b2f5c99ae228b2f632b757c43c3925b7eab8c6ac01b16d751775007	912ce2002fd7241e29eabac4a7879f8320ee3166
reproduce/bioinformatics/application_inputs/targets/at0562.fa	phase3_application_inputs	2639	75c8a8b6e12277f2bf169dfab8eb32b6c392479ee6bff0cab9af3b26ea054995	08e1eaa0f87a052cfeca2819ec44f89116cb9c4d
reproduce/bioinformatics/application_inputs/targets/at0563.fa	phase3_application_inputs	2639	d178fd1f30c9f5b71806c6cb2bea3a4beebd6cd3f6ac2ce3338914fb4153eb65	0b0e8b043c7983d5f78f79d62b8eadbd8e209fff
reproduce/bioinformatics/application_inputs/targets/at0564.fa	phase3_application_inputs	2640	0031505dacff2aab37b39f87b86a31a2500499ae168b2f742c43bc2c933d192a	c9c21d21a88906e48a9320cd7e503c6feb0bf33d
reproduce/bioinformatics/application_inputs/targets/at0565.fa	phase3_application_inputs	2640	b5890711785372a0e7bc45f30ebe29b8c3a70ce0e17702b2e3280d06fd125038	340534132babd09cea2dae7d37656d8633e8275c
reproduce/bioinformatics/application_inputs/targets/at0566.fa	phase3_application_inputs	2639	8c4b25edffad443af97918fb82913ea114dd59bedb2001b665d714102d178a0a	c40f6b547ece02c999270f89c068001429705c6e
reproduce/bioinformatics/application_inputs/targets/at0567.fa	phase3_application_inputs	2642	05d00375dfcd5983a8a4ab486b913303d62df1369aae26601a306898d3ae8441	a685d624b9d8c73b4f4f29a938e950241b978560
reproduce/bioinformatics/application_inputs/targets/at0568.fa	phase3_application_inputs	2641	124ce34c630e932c042646b20031f61649814b4c4dda0ad55d157e4b624d0123	979c17ed954ca7eab5d6da78ef97b10b0874a7af
reproduce/bioinformatics/application_inputs/targets/at0569.fa	phase3_application_inputs	2640	f2655e143ff2b19accfb99ce9913a72964fb337fbddcde2483c43a7ce8043f12	a14a074447c103e31bddd0f1edf6d063e1f0df4c
reproduce/bioinformatics/application_inputs/targets/at0570.fa	phase3_application_inputs	2643	ef3e7078809f1ce0fb931beb98d1293ab648e6c148da5bffb6d46e4c0d19f7bf	41afcf600d376c6d50fbd146d689167d874624a5
reproduce/bioinformatics/application_inputs/targets/at0571.fa	phase3_application_inputs	2641	2dec1a56c96dae764ae9c3fda023fd29294bff56c7d11d3333aaaa2fad8b187a	7b6e93418f7ff19b9fecb1540bbc6afaeedce29c
reproduce/bioinformatics/application_inputs/targets/at0572.fa	phase3_application_inputs	2641	1efb119d7033c0976c05a0885bfa6fb6f27a792f935596d362a0f2de7ca9e11c	9b69180d67f4dd9e63eb7ee930b94c7e8ca3650f
reproduce/bioinformatics/application_inputs/targets/at0573.fa	phase3_application_inputs	2642	1d4e4894d088773bdc337e96d7954268774d4d05e74d2e77c6ee75c40cbf04e5	15d5f4261795e2ef676cf7920e1c0b696bfc8fd1
reproduce/bioinformatics/application_inputs/targets/at0574.fa	phase3_application_inputs	2642	eaae185e5dcdc94d132f7f1b4047c8ba78210affaf7e4b285e9c8f8bb1fa14d4	dd6d0faf6ccbc843c65f0beb279b1fe9760445fa
reproduce/bioinformatics/application_inputs/targets/at0575.fa	phase3_application_inputs	2639	c75f864ea4277ba7044acf3040aac07bbd25918dd1e43d3b9809b0a255a0809f	5ffeaec267d8434908e04ac064c3fbfa4f875636
reproduce/bioinformatics/application_inputs/targets/at0576.fa	phase3_application_inputs	2641	8345c4a2f52fe0e28374607fc299be82838773568ad1115c1b36a8b34a7fbfdd	da8c70894be724f0c3426e19187eca846d21739b
reproduce/bioinformatics/application_inputs/targets/at0577.fa	phase3_application_inputs	2640	462e7e1511ef820a3c8b87853c67e57d11e697e0bdff7708387b1650ba263212	8f6b7cdbf7aa82a952b894c8d975ab72308c9b21
reproduce/bioinformatics/application_inputs/targets/at0578.fa	phase3_application_inputs	2641	0dda9c91510a41309d3b35a26af77f20446e82b99d2713cab8d9b5a0fc6dfeef	3d030c5a93d8dbd466b9afad6daf37c8928cab44
reproduce/bioinformatics/application_inputs/targets/at0579.fa	phase3_application_inputs	2641	07fba6332204153dd0d33459f1e13899e614305c5c1d0cc8b8ad6fcbb915fa36	47c2461c3afb4e85ca6d9989a6fedb4478143132
reproduce/bioinformatics/application_inputs/targets/at0580.fa	phase3_application_inputs	2641	c0d6f4c1816b231e8825e4fb0bf4308b235b79e1eea1b09f7ab990d6e2b396a5	ea05f1c761556c9bcc5dcd2dcdde5074423ee1a7
reproduce/bioinformatics/application_inputs/targets/at0581.fa	phase3_application_inputs	2640	9323a32054f05fdc51a6b8a7ee65748c3aa856e9413e4b41edcfc243361ba78a	10af6bf290df913aad387e9378dc608f7451060a
reproduce/bioinformatics/application_inputs/targets/at0582.fa	phase3_application_inputs	2640	f169280d7e0c20cf2331d71edad84c7448bea497a9ac9b0f0b827b0a3309b569	8e4545f574b96e6d51a55bd42b90db1e8fa809da
reproduce/bioinformatics/application_inputs/targets/at0583.fa	phase3_application_inputs	2640	0d05df6b8b2f4fc881bace38eb1a817ad1e8ca5f3e18d20aed0e4200df59f980	b735beca9211cdd2b6cff7b2a0c014f473b0d83f
reproduce/bioinformatics/application_inputs/targets/at0584.fa	phase3_application_inputs	2642	70eefde34c4572ecadac04105c340299fb2988d64c4e4e096a667c744f618897	5e194940581d6d6768ec2b4fbb9185ed4c33173d
reproduce/bioinformatics/application_inputs/targets/at0585.fa	phase3_application_inputs	2643	32c07ceae2b6226a9b33364fb7218be83fe0dade33391d029af51195e03c84a4	7be938440ce56621a42d41c180db1ac84982d0ee
reproduce/bioinformatics/application_inputs/targets/at0586.fa	phase3_application_inputs	2649	f22f2ebb7b953e425695abdcc29d72b9f196293a9795d669081e126f6ec68012	455246317f72f7e768cbf2229092ae24d2ad9370
reproduce/bioinformatics/application_inputs/targets/at0587.fa	phase3_application_inputs	2641	789b750376d8a78bc6d2ea0fe9130bff1a1c19f03bf9bd20e6413f8418205d27	e04ea9b264b318c421d2b9105c6b510c5abba604
reproduce/bioinformatics/application_inputs/targets/at0588.fa	phase3_application_inputs	2642	1a729d07cc504d67d1cbe852c69cfc3641674368f97cda21e4f26e656b52f5f9	589473c0c525094bc241d83c5cdf6c45ff997454
reproduce/bioinformatics/application_inputs/targets/at0589.fa	phase3_application_inputs	2641	41782000ff35a05a14d265fd861e16bb14a9336d430a4c7d66f9d9a85fc1a0ae	c28b93731a6730165b4193655d24dfd121990b37
reproduce/bioinformatics/application_inputs/targets/at0590.fa	phase3_application_inputs	2643	3a18f6e72059cd4a29f4592f7164a3a74067b52d4522f1086f10349c0d726bd3	27b54a8b7971ce4df8e9ff9234a70e2135a26891
reproduce/bioinformatics/application_inputs/targets/at0591.fa	phase3_application_inputs	2642	945b02bee55317b71d53feed3c67faa772bce83ce5066b56725a9461757e1eec	bf73fe88f74dec0d6661bd19479921e140582ca0
reproduce/bioinformatics/application_inputs/targets/at0592.fa	phase3_application_inputs	2641	5dccc9bfdf1c95204b736bb328f09bade136384231d02e9402295414b5634add	4b8f621aca61a514c4d9afff54c462d68d552b9b
reproduce/bioinformatics/application_inputs/targets/at0593.fa	phase3_application_inputs	2637	b173be0d24fd45b491696a542dfff8832f29b42bf5d23e01f8407740a69a5d64	41989d8d2359b92a0de9216d4439d733dc3d1e77
reproduce/bioinformatics/application_inputs/targets/at0594.fa	phase3_application_inputs	2640	acf3be356f41b664e9cfe7d317af5e5dd2459dc10d0c426a8d016a01c1078c59	bbe5782d94dc5ea773adb2ad72562133a5fa876d
reproduce/bioinformatics/application_inputs/targets/at0595.fa	phase3_application_inputs	2639	5f76829b54d357ce60dfa1ed0e4528038fc3090734af1e5cb7d5588b48befc9e	64c7ba3a378ea396ac9e491dbe6f5705e8ab61f3
reproduce/bioinformatics/application_inputs/targets/at0596.fa	phase3_application_inputs	2641	0ac08100746190aaa0abb36491e167b975a5c47790395f54209fdea05bb7de12	470b2f1e9f060a0f9cc85cc68508a2ac4948bc41
reproduce/bioinformatics/application_inputs/targets/at0597.fa	phase3_application_inputs	2641	698b4d8621b0afd8981e67443300b61da6e12baccdc469baa8d758d843174500	cbc005cf05af1408a99cc766b8e2e1df05db155e
reproduce/bioinformatics/application_inputs/targets/at0598.fa	phase3_application_inputs	2641	52e7b44905d06c85e41033c603989172b75279b42001a3402dec7f5970ef7e5a	520091fbe45b5efadddc1746e1a923791a49b1d1
reproduce/bioinformatics/application_inputs/targets/at0599.fa	phase3_application_inputs	2642	4d0f579e9ed88af9ef315fccdab73babea106282406c8ed8b788a4409e2f071d	9aa55b3fedff6e061b1cc51320d3afa98f3216e4
reproduce/bioinformatics/application_inputs/targets/at0600.fa	phase3_application_inputs	2642	29f41ce30e345258a20b38a4a4ffe9d8223a4993950279318406c07260a53339	70dd0df0403e8ced4385b91ffb11282386a3ad0f
reproduce/bioinformatics/application_inputs/targets/at0601.fa	phase3_application_inputs	2641	d88e18352760aa0a023a247bb7074352bd137669d0dc40e5187a38f0a534d8bb	ca3f90b9e6651e8e93737d2447560906797fb2d5
reproduce/bioinformatics/application_inputs/targets/at0602.fa	phase3_application_inputs	2641	792d9384764a756a53eae0f59272851e7d2bab994f42cad0b3e1ae157a42674e	99a90517890f607f54b9a1cd90fc2003cd4e8cc6
reproduce/bioinformatics/application_inputs/targets/at0603.fa	phase3_application_inputs	2641	3ea176b40ee35c674039d579888478f11ed4447e60da8282505726580b45425e	895034eca342fd7b05083aa08e619d86d197474c
reproduce/bioinformatics/application_inputs/targets/at0604.fa	phase3_application_inputs	2641	3f8da953fe40ddd30ec67e853f299506ac977f954c969343a1e3c8eb0e064e2b	29e27673f393763df68ed6eeaf6c0bfe0bb136e3
reproduce/bioinformatics/application_inputs/targets/at0605.fa	phase3_application_inputs	2640	fe881d6c1241fa9666525abe960a87b357be8fc1eece58c1ceb326af9a1376de	e3592c41847a0186751a16f8de5f1e76542a03aa
reproduce/bioinformatics/application_inputs/targets/at0606.fa	phase3_application_inputs	2641	5464be05fef2da27fe902b125d72bb5f45a49390b006f2776026d5ea72e760da	2cf3f6c35327c45b9f6250442c042778d630b383
reproduce/bioinformatics/application_inputs/targets/at0607.fa	phase3_application_inputs	2638	826c86a87afc55a63cd74037618cb87d81424c4608d5da6b683e6da6fbffe85b	77c1ced195eb9e1b1429b6c4079d2cc949ab9122
reproduce/bioinformatics/application_inputs/targets/at0608.fa	phase3_application_inputs	2640	506a56a072b84052974afff08ed10c57c8a608f69105dee0e58b4d7a2772f881	a0150efadfd637ff725c619019b55aa3f77fe9b4
reproduce/bioinformatics/application_inputs/targets/at0609.fa	phase3_application_inputs	2648	5251a30f2e58e450cc3d080730e8a8ce04484b24926b0e191fc25672c19a2725	f93ff42ebec5559f01d4d4c1dc3485f273e1077e
reproduce/bioinformatics/application_inputs/targets/at0610.fa	phase3_application_inputs	2643	3c59f3d65ed328f23bedf10e6a64c890fb0edd263dea0519dee5d7ad2c09f07d	cadb5a7ff22bc618f3a2b27c90cebee1b4346519
reproduce/bioinformatics/application_inputs/targets/at0611.fa	phase3_application_inputs	2642	73963a0bb23808677df4363baff9c21e8089f6a02f7754fea08f9c769e7f60e2	8c14dfac29fc6671422b0480ba1c44bd027a5fec
reproduce/bioinformatics/application_inputs/targets/at0612.fa	phase3_application_inputs	2640	062b0ccd578f1a372406bc59760365a1c39be055ecde3f9f296a4df272b793c4	dfe46fdef7865bd6cfda7cb1f59ef5af8e5a59d6
reproduce/bioinformatics/application_inputs/targets/at0613.fa	phase3_application_inputs	2644	2c9706407c2348fc03352b926be2c6353fbd0a19ab302d8692bc18d0b18c5cc4	ea8a42c7ac86cffd884d499dad4f7a5ff3e9a80c
reproduce/bioinformatics/application_inputs/targets/at0614.fa	phase3_application_inputs	2640	ed97bab13a8d0845e98868801719f6533bdb94c76afc4e966b62a302ed8b654c	46d48558b293bf12ac0b83289e8ba38a5fa51689
reproduce/bioinformatics/application_inputs/targets/at0615.fa	phase3_application_inputs	2642	534c6719a7c22e76c4fe09516e042bdb6fb16a8de54f20de671f865edb08fd8e	9b4d995d539579b24aca1d9926bde1abeb38bdd4
reproduce/bioinformatics/application_inputs/targets/at0616.fa	phase3_application_inputs	2640	14fba8903649ce4280f56bc6c4fd49a5b5cb3652e62282e659c2b658c110d8e1	83e09467365d277bc06b97b19739a999981e9741
reproduce/bioinformatics/application_inputs/targets/at0617.fa	phase3_application_inputs	2639	f9ab22b063ab0d494059ca72061dcd68ca47c49e2f44a50000d344d0fa44abd5	815e12585a4ec7b7c601a46c99019bcc7e19676b
reproduce/bioinformatics/application_inputs/targets/at0618.fa	phase3_application_inputs	2641	83d51c217c7c5f4ead5a8a6b4b30f1bb2dbf3ebef41f673186d9aba9f8244848	04f9ce62568df1076df5e7e9ac5202e807cb12f8
reproduce/bioinformatics/application_inputs/targets/at0619.fa	phase3_application_inputs	2642	6e366298e5117d7d70721a4963acffbf238a92499c6b90dd24d2f95ec7003952	fc3695defd8a7cdf5b8c26259df42a591c2040b6
reproduce/bioinformatics/application_inputs/targets/at0620.fa	phase3_application_inputs	2640	aab28b375abcd2f139a55b7d619fe92ec4d4bcac53e32337053594041cde812a	6839149041a4f8a1eb2462b84d496ce74230f922
reproduce/bioinformatics/application_inputs/targets/at0621.fa	phase3_application_inputs	2640	38268ca4fd4d89f9cae2e606a496addc76cfd5a9a4e6c240d021cdc448f6a5cf	3bfc88115890946a676ed101495fc50cb50572be
reproduce/bioinformatics/application_inputs/targets/at0622.fa	phase3_application_inputs	2640	12759db3384793eb65769b97ecfc7c5f406cbcdf4b10a19151173cf2609f2ca4	b54d6f8dc175a2ee956e32c8db91bf8e583e0cb5
reproduce/bioinformatics/application_inputs/targets/at0623.fa	phase3_application_inputs	2640	69bb57364f3b3058592269ec8a00abf9195e37842d6038f78ab7469bb3553eaf	7d7f8077dad2e1e51ac2dd222335ea47bc330caa
reproduce/bioinformatics/application_inputs/targets/at0624.fa	phase3_application_inputs	2640	b1bf748b007b3009e4bfea41c3137fa52a2ca64ac2aff1a3d54c088930602087	d6187c4b96dcdf3076b0cca0edc94150daad9d03
reproduce/bioinformatics/application_inputs/targets/at0625.fa	phase3_application_inputs	2640	6bc185527ce0ef925b29ae15f44d6cfb3cd6116e8a08d642dc390f4dd9d9e5c0	dc407b27c4ddf1019c2dfba188977f0ed94d4899
reproduce/bioinformatics/application_inputs/targets/at0626.fa	phase3_application_inputs	2639	dc501bf44a53a5ee9cbe84ea6bd1dc8db9458f0d24966cee3a708a3e647ae6c9	840798119a60606828cce53dd64ebc7429d0af92
reproduce/bioinformatics/application_inputs/targets/at0627.fa	phase3_application_inputs	2641	5e8a8bdd3d1d33d433835f4822136868ac553b6e9dd5264c499e5b0a87236a06	4e20ad4580c47a59c7432e9710cd6926c61f9fee
reproduce/bioinformatics/application_inputs/targets/at0628.fa	phase3_application_inputs	2641	d12dbebf04e2e2771055dc1189e80a2d8c5b7ae5ba5179cdadd61853296509ac	4d0b7a2a2dc5c6c6166946512148d91178ceae32
reproduce/bioinformatics/application_inputs/targets/at0629.fa	phase3_application_inputs	2640	372c7f9d074bd5db15b87fd628039621811d948b83288bdcd0b5c1db4ecff5ef	f447b698e599dce6959f1d210b0f8e302fd02a84
reproduce/bioinformatics/application_inputs/targets/at0630.fa	phase3_application_inputs	2643	c9783db57d599169cf521f48a72905532e2962470a328f1938f803ef8a6b4f84	b7289bb5db46767d9183f1dbdca2c01cf960e741
reproduce/bioinformatics/application_inputs/targets/at0631.fa	phase3_application_inputs	2640	51294010bc8b5c09f5bb473616844a121cdd84a50dac13718cdb248a85b119ee	336254683bb2843b41ba3f8a90f171aa390b0a51
reproduce/bioinformatics/application_inputs/targets/at0632.fa	phase3_application_inputs	2639	336199446b211dd93b7141a3c3b9aae19131a266490058e814bc9225134418df	17951248a2a19d43fa06fe846314e31081ed9f8a
reproduce/bioinformatics/application_inputs/targets/at0633.fa	phase3_application_inputs	2639	82090a0bdef65429bc40af8ff982082c50d4afa09ab92e2f0ec05abfebb20fa6	18421ab36567d8fc3002368d336bafb9fc04504e
reproduce/bioinformatics/application_inputs/targets/at0634.fa	phase3_application_inputs	2641	6b8ace52877716514d783b830e027d16f75c31c03b8ffa3d9ad96454460f8f6b	cdaafbd9b72d1b18aab244ac3b4bfe6d5c1f9a94
reproduce/bioinformatics/application_inputs/targets/at0635.fa	phase3_application_inputs	2641	136a71230fed198deda438335a2268f58271c602c27dd1f43a69ee48db3924f1	525db56f821e23a7181dfcf733c9d5e8f3026557
reproduce/bioinformatics/application_inputs/targets/at0636.fa	phase3_application_inputs	2638	b11e337a28c1fb5f4b5c061fdde24a48e8d9620e2079b446780c9edc5f70ca6d	297056cc6c211ae0bcf459d5102eeff13e4e9466
reproduce/bioinformatics/application_inputs/targets/at0637.fa	phase3_application_inputs	2642	51703c8f005d35fb46cff5e7746304f858b84cc8a5ec131cf971b29d0a19745c	ef6050383b94c6e7ef4d76089338f17c10775291
reproduce/bioinformatics/application_inputs/targets/at0638.fa	phase3_application_inputs	2640	d8bea1b0d10cdf22ae60e4c6f1c96544352745f5373811dd0f72c52104e994d0	9aa94a1d8123789fb01818ff827df209d8edd1a8
reproduce/bioinformatics/application_inputs/targets/at0639.fa	phase3_application_inputs	2640	7eb48a8954d94553bd8ce6cf4706f48e8eb484eda5f645f2a76aa8fbd49cddcc	1645d429f76674e6c42fff442f6c2fd06ba9a352
reproduce/bioinformatics/application_inputs/targets/at0640.fa	phase3_application_inputs	2643	a156bcbe8183430fbf4ccbdf08d06e33b69f5205201e82ececa9c67edc7009f1	943da53dff756ce5f1fd8b12563cf45469168412
reproduce/bioinformatics/application_inputs/targets/at0641.fa	phase3_application_inputs	2640	a6aaa27c0b0f2ec73a6a6f45e2929ac471bb5b8ea21c5b4f3b849fa4397f1298	4e7aea01a7789c024250fc50687027fe5af39eb9
reproduce/bioinformatics/application_inputs/targets/at0642.fa	phase3_application_inputs	2640	c20626556c05f8e5e86f91e42ccab592a4b981fd89ede860d241961dfd45e6a0	5dcfd68eb362c7df26c941b89dda9f8c29afb51e
reproduce/bioinformatics/application_inputs/targets/at0643.fa	phase3_application_inputs	2642	2823a97c06815cff4a83d24280b6e13278586b6fb443e6b9c44d09adcb785d16	41ceebf57e204009cd5a33b04d96b949c2dc8a01
reproduce/bioinformatics/application_inputs/targets/at0644.fa	phase3_application_inputs	2643	8064ca6308f90bc8147e6cec70eca527ab9039a0eb72077befa4d5a93c9d5f6e	05a34942e72924d233ddd63ffe6ebfb82e67bec7
reproduce/bioinformatics/application_inputs/targets/at0645.fa	phase3_application_inputs	2642	56510700b820a6167181ba0952d473486e1d4c83136b5c58f20ff757fff7a54b	9856cf6a81f544deafd4248f83cd92ad9d8eec60
reproduce/bioinformatics/application_inputs/targets/at0646.fa	phase3_application_inputs	2642	0a7eb6b5e63fc999ed988ce1c3e0f9332978f9799d79fce609bd5c938dedfaaf	77995191f9046203a5e53d0c4c57c33315881e7b
reproduce/bioinformatics/application_inputs/targets/at0647.fa	phase3_application_inputs	2642	e1977e5751f435cfa23b9b0b9454060d6af02ef52f586f31e5d2dd238dcefe42	ca6e56bafbd05f61c8514dffe660b6fd9df0c6ac
reproduce/bioinformatics/application_inputs/targets/at0648.fa	phase3_application_inputs	2641	c4761ea7d36537b999c8eff3f73c9e6784b1cf2dc8783049d5f2931c5f76ccb6	cd39d95a6b3db0987efa72e76c04d3fddb0491fb
reproduce/bioinformatics/application_inputs/targets/at0649.fa	phase3_application_inputs	2642	d467389cb8e0cf63ae512566a0bddc0729e634330a14dc45a33eb7780634a85e	7329fc23c3178cc2b0c2e4ed0266799eec268203
reproduce/bioinformatics/application_inputs/targets/at0650.fa	phase3_application_inputs	2641	79caba44538019f4a25c0d9f42d9dcd3776ed0a287aec66cc1c0e930ff4ac658	7fb09c61ca85feddb7798dc34b0d4d6ffcd8b942
reproduce/bioinformatics/application_inputs/targets/at0651.fa	phase3_application_inputs	2639	63f3e7830a941669ceabab3bc45e05cf79d0d27614f6335c7e701b7e7d55cc22	365a2e516ba75bf397c9a9eef5a98a15a62d9f5a
reproduce/bioinformatics/application_inputs/targets/at0652.fa	phase3_application_inputs	2638	b4745c6f3cc44f0cf1f6619f196e48f6e57e8e7e4966b56d2fce6c95f4e6c55b	efd23fdcdc479fa15674b30daae015fdc02f7ab2
reproduce/bioinformatics/application_inputs/targets/at0653.fa	phase3_application_inputs	2640	4f4e7f8887b9139959470d83123a88db004367b773bc81b3b79f4815cb15aa6e	dbb16760393e4b8985308c18a7cb9b95ae07ff4a
reproduce/bioinformatics/application_inputs/targets/at0654.fa	phase3_application_inputs	2639	4558cff19a3017955cc89de62ecf4a620858684b9093d76c6b1be365ee4245b9	3837eeee6a852819b7bece484dcb049dc8dd7061
reproduce/bioinformatics/application_inputs/targets/at0655.fa	phase3_application_inputs	2641	39685f984391b974262a5fcb2df211fdc8554ef97b6d336e85f5720fa217e655	4823d48cebb7b9a38cc1b1f4d4600199b00f0a4f
reproduce/bioinformatics/application_inputs/targets/at0656.fa	phase3_application_inputs	2638	52559047c59f30c0f5436c50095f4d391a6ee4ba3d83906085c6c5475882b820	48f7d1b46aa4745e2c7d0604b3d7b76454ff2c24
reproduce/bioinformatics/application_inputs/targets/at0657.fa	phase3_application_inputs	2639	2b09c1aafcff11e9048ce943fbd9007da6e1938b5756f5365bffe289cd5a9b29	e59629c1cbfd805c05f379bc5f0c8882e7f8bdbd
reproduce/bioinformatics/application_inputs/targets/at0658.fa	phase3_application_inputs	2642	b46a18a24c596eed4ab716e38a69523f042a9d663f2d269528cdc1f914eeb40c	a0c65ee0dafd4f3ebbd11e8e91a39653eb492505
reproduce/bioinformatics/application_inputs/targets/at0659.fa	phase3_application_inputs	2642	1acc2c481c0da3cf177fd5db4b517b656a8d4592dcf4bc149f6db416a1c44063	e61c470a4ed89f0b042e09ba1235e939aac7a8f9
reproduce/bioinformatics/application_inputs/targets/at0660.fa	phase3_application_inputs	2639	94d129b83acc46565941c7a3bd29e0f65792d79dc3147226d41d6342e62100e9	d897e7d6ebfb62f4e666fa4f1ced6af0cc11398f
reproduce/bioinformatics/application_inputs/targets/at0661.fa	phase3_application_inputs	2641	55c2253f8e5f2bdbead209c1ccbbe105b8dbc79b783e06a6edced012359a5155	83e4bbd545d1c2f18db4685ecc36007dd0d3a94b
reproduce/bioinformatics/application_inputs/targets/at0662.fa	phase3_application_inputs	2644	7c880aa651c4e4912d8d940a5d637913154151ddd5b577d47dda7fe53eb2cc66	4a3b905db5abc9e60d74978ff911dbd0f8fceed9
reproduce/bioinformatics/application_inputs/targets/at0663.fa	phase3_application_inputs	2639	7e285495a01f41b2d2c64608aeffe290817e2b0744169cff2506cf1c961f768d	ff18bf1806e2058fb034eb32b1b249fe8f7dc0ff
reproduce/bioinformatics/application_inputs/targets/at0664.fa	phase3_application_inputs	2643	0be429dd9b643174af589ee8ae6751ceac32e2877386a858d21e728b5789470e	d539a2390f397b63e7751c038ee538ba67ef424b
reproduce/bioinformatics/application_inputs/targets/at0665.fa	phase3_application_inputs	2640	2a83c650bd34b6c25689c38d0fedb21af353f72bc51133d6e644e1b394fb25fa	1127f2eafc2a3fbcdaf30979293f4ba9058de1f4
reproduce/bioinformatics/application_inputs/targets/at0666.fa	phase3_application_inputs	2641	e368d7179a526f45d0c6c6a8b330965b6d14d838ef64bdec339f22f2b2a1456f	ded905f77a7bce279c7316ec9d930d8193db44bc
reproduce/bioinformatics/application_inputs/targets/at0667.fa	phase3_application_inputs	2639	bea75f191afed96037802d427a277adee708a25832e11b3beb39abb7d01b4c00	8aa84ed31e9cd54f41bc7ba3d5ea4cd93167decd
reproduce/bioinformatics/application_inputs/targets/at0668.fa	phase3_application_inputs	2641	2bac9874b8f48895b6599680988b3aeb8c520e8675e161ef66ee1bf26153a0f2	8b166ac0faa0c75317b9a12cc70e8e980089fea3
reproduce/bioinformatics/build_application_panel.py	historical_support	174267	678e20f6262a71981c3f538466c409da944208921993a8b64efc6a8a5d6534c9	5a802cf4aa3eb2eb1c4ef46d58b5ca082719e641
reproduce/bioinformatics/build_holdout_panel.py	historical_support	26492	a05f53734e87235395c97f466d9e15b7f559b61529dee874ab357c694f9340a1	26edce0ed7dd699a4bf6dd9703aeceb94d5dc340
reproduce/bioinformatics/fetch_application_inputs.sh	historical_support	22158	4c237de89c747973d6db74ff897c49e1e490d03dab23295c5757148ce26593de	7780fd6e4a9c8637ee8d8c762047dd920b55d702
reproduce/bioinformatics/fetch_holdout_inputs.sh	historical_support	4143	cdb8461bfc0a6a259783566c54cb42fe039b718a015126172929e45898cf36ac	94635519c411d9e2b20e1bddf93577bb84d056ec
reproduce/bioinformatics/holdout_inputs/queries/hq01_ENSG00000276454_ENST00000615076.fa	phase2_holdout_inputs	522	f1a033aeaffe55eab472636b7b3dbcf9f6c6b267781aa68f71c66142b8da7ce7	03734700cd444e9e809b11d0882a4f442ab2f67d
reproduce/bioinformatics/holdout_inputs/queries/hq02_ENSG00000235494_ENST00000420204.fa	phase2_holdout_inputs	357	4350bf870072265c11088a52eb8190c138d0e59aade2e798e017c317b3304525	fe58e2dcb5231a3f59759869374600a28e0d39f1
reproduce/bioinformatics/holdout_inputs/queries/hq03_ENSG00000224359_ENST00000457477.fa	phase2_holdout_inputs	434	2d5c1f90ec02adea0810e86d405d9cb289141fc278ee5a13c76ec2434898ad43	6f202e2cb30e7b0b9f1431ac567d4998481c7554
reproduce/bioinformatics/holdout_inputs/queries/hq04_ENSG00000296969_ENST00000743921.fa	phase2_holdout_inputs	574	d362aa46a045be67df64fd327dea74ed06a0f222dc318075c72ee0048125dc96	3e58de39f2eb550e21270b58d90497b1246d7ec2
reproduce/bioinformatics/holdout_inputs/queries/hq05_ENSG00000236772_ENST00000442179.fa	phase2_holdout_inputs	1071	55f3941f733c2f0788dd8e104e9fc114d0a86c71c92aa879784cc6f79c285377	b8161235d53294704dc498a81ada0c3c2ad973eb
reproduce/bioinformatics/holdout_inputs/queries/hq06_ENSG00000301151_ENST00000776628.fa	phase2_holdout_inputs	1051	3d2c69c0025e3d2b7efa6aa1d71164148b043046c7574f34decf4ff3f347e19e	3a7372192160d19a5a88c369868c6e56af92e319
reproduce/bioinformatics/holdout_inputs/queries/hq07_ENSG00000257677_ENST00000552060.fa	phase2_holdout_inputs	1139	cf07512acfe9e9a119228e469c39509de57d1a172a310fe5eb11a89a3473c327	c9550210f8fbb4d5767ee5919066c3c9d8e695c2
reproduce/bioinformatics/holdout_inputs/queries/hq08_ENSG00000287213_ENST00000661904.fa	phase2_holdout_inputs	1018	4ac575244a2d4bcac4ed84ebab1c8cc4d566197c3cd544a1ab2a9de36381f226	aed888dc37486bc959c951cddea0c504af125755
reproduce/bioinformatics/holdout_inputs/queries/hq09_ENSG00000229956_ENST00000670550.fa	phase2_holdout_inputs	2266	21bd1f4b7fcf310e919d6adb87d09a1dcc5a64ad496aa860361782447de676f4	a17a591fc43a029efec0ed36d27add8dcf3cbb3d
reproduce/bioinformatics/holdout_inputs/queries/hq10_ENSG00000178248_ENST00000785836.fa	phase2_holdout_inputs	1996	97edb4ee3631b3b725198e39ffcc7d788a31aaa4a964069ff4d3d032ee073b5b	d4cd7d98f904d610f7c90b70dacccd930f963ee1
reproduce/bioinformatics/holdout_inputs/queries/hq11_ENSG00000255857_ENST00000667017.fa	phase2_holdout_inputs	2636	a29a008465ae05e377a26d30fbbca1f8f8a324706eec0b3535cac65089a131b9	c6842a2c468461e907102aae99f44c6d91e0eacc
reproduce/bioinformatics/holdout_inputs/queries/hq12_ENSG00000299841_ENST00000766729.fa	phase2_holdout_inputs	1796	6ef792cbf32fb5ca064b9615f1f217cda72aeaf4d324620101ec54411ca9eb93	30fb1bc26859984554353365d21ec8af18a5a471
reproduce/bioinformatics/holdout_inputs/targets/ht01_ENSG00000159423_chr1_18902299_18904799.fa	phase2_holdout_inputs	2608	075b0bcbe0f5f232b030e44a25f27ac4cb05ad4ced6743bac8a0450286cbea43	6335c13b541d3daab630d8e854eec52adf44a8d7
reproduce/bioinformatics/holdout_inputs/targets/ht02_ENSG00000198722_chr9_35159829_35162329.fa	phase2_holdout_inputs	2608	15b67727bcbfe8138a9caa1f5100f822c8b021a6008878c65b361caa83fe224e	7bd26dadc025a7d8c5bde798f88b98616e71a579
reproduce/bioinformatics/replay_phase2_traceback_cases.py	phase2_traceback_replay	18628	2fce2a52c2ba48675ed47ccb985f5700906f829b8abda95fe9964e2f0e491db8	b7f60438ecabbb4d67842f248d2f0ba33aa7092d
reproduce/bioinformatics/run_application.py	historical_support	76087	0fa369148b1e9cb081368b716e470b0c7aad9956ef7e50fb3e881921a490cd98	05af1105c8ff37d5b3067f48b315743a9ac049ad
reproduce/bioinformatics/run_canonical_hybrid_v2.py	canonical_hybrid_v2	49183	41e19d9195dfa1b19746f58a2f225ea7923ca3fe8d23a614370bd74b095e8e6d	35890cf77a0365f26b9497aa7a0f7c62f6145247
reproduce/bioinformatics/run_holdout.py	historical_support	99974	6a1e3d5cc91dae5b9d03eaffbc02af347c7e80f2d385f08151fd061e9ffb813b	2b541fe106f822ca1f76b5e719f28c3dcca0f6d3
schemas/canonical_hybrid_v2_attempt_telemetry.schema.json	canonical_hybrid_v2	1358	0dfcc075907e0e53922c6e0473cfda5e4e98f621f2d55316d2be3868c2017a21	01c8c09d2e8eeb09fe81f23fdb82f5cfd67036d7
schemas/gasal2_longtarget_contracts.schema.json	historical_support	13121	a7f327ce02aff9f33865ef410ea40ba2dce01133069058ed7649e3804a1c5eab	411c2e8d45cad06285191fab042ba60c214bef1b
schemas/gasal2_longtarget_run_report.schema.json	historical_support	10315	fcf4831173746d31e8fd8105e1bf1fcc834b79a13e864d5009aa034de183399b	c0cc8e0d7f16890f6a0a64dcfe102ec2c2bdca65
scripts/canonical_hybrid_v2_telemetry.py	canonical_hybrid_v2	12003	eab9e765e7c2c1af3078a3d9bec446e2a5d95480ac0ccc12c9855f4dfdc5476f	93af0852d7fc8a567ac6d19068fd0e187a049329
scripts/check_bioinformatics_canonical_hybrid_v2.sh	canonical_hybrid_v2	7232	067960bb6c0fc458b5a9f672b9a48b48698ebf1986f98f547f89dc0b4f542816	82dfc2f4d6686ac1d98ad8bb89a7cf6af0309579
scripts/check_bioinformatics_canonical_hybrid_v2_holdout.sh	canonical_hybrid_v2	3718	f66dfe708a43ffcb3564cbb0d36ff5bce7c0d367f6be6efc81d02074718e1eb8	77ec92c5bbf4b57cee724a43b3ce31c765993306
scripts/check_bioinformatics_canonical_hybrid_v2_holdout_preexecution.sh	canonical_hybrid_v2	3881	bc0e94db3e1e0d9e4f55212313d1af1b8cae5de366ed38aafc385a69994bf666	12c4030607e9232a6b73a50074ec42d1d4dc714a
scripts/check_bioinformatics_canonical_hybrid_v2_performance.sh	canonical_hybrid_v2	4043	0ed5bbf6266f43132f19ec3290cee1c237fe67271dd2482a67ea90c2b9bd2fb1	347775bce5f435948ad396391f0a0eff94209fbc
scripts/check_bioinformatics_canonical_hybrid_v2_performance_preexecution.sh	canonical_hybrid_v2	3840	51757e457fc33fde6e4e0abde1a8dbbfd4f2c77ba5814d3ef215decc17d74ddb	2edcf0e0cf211e2d35ad9b7806051cb4571cbf08
scripts/check_bioinformatics_canonical_hybrid_v2_regression.sh	canonical_hybrid_v2	4360	bcca1e246ef827832c3cc56109005ff265d0ee90219f2db8e2151cf8dcc4a083	37f39fc7f0f66f57b055c669104be3fb36b539c1
scripts/check_bioinformatics_phase0.sh	historical_support	9391	08a0f24f06c7278892cf4cb68c012cf401a32fc89768482203261040c3e84985	0642e8c46977effdb1d0a3c3b1633e575f89bf48
scripts/check_bioinformatics_phase1.sh	historical_support	7788	fb7c33d2faa1e31fc6724abb8dae101b061b7868b13f669f944c52e978c0dfeb	938362ae9ab4e21af706530639a048b642e70b44
scripts/check_bioinformatics_phase2.sh	phase2_holdout	8915	f018b623cb0695a8156598e239ed7cdccdf6ccb06db8dea9a4727922c3fc901f	7edc818bc97807edddcf046c685e3afbdd5f40a4
scripts/check_bioinformatics_phase2_freeze.sh	phase2_holdout	2444	533e6acb2e758082c5d89c668a3007787aba080d6834dd671bdb14aadfeadf00	255c5ef06f227e5c9ca9dc74f4c8dc0eacd720e7
scripts/check_bioinformatics_phase2_preexecution.sh	phase2_holdout	4821	f125f3461fb959d5b249936efef2c35281a31ea0be6d02ebd7ea10cc57bed5c2	221086a7852e2cf70ea45d00d6ec046a268cdd8c
scripts/check_bioinformatics_phase3_freeze.sh	phase3_application_pilot	134940	a86f0a33a9b2e9a4f08a24ebd583949956b56d21144579c06633c29b97f85ca9	c295b8763811d0cf8b341c1f498dce6b1873a994
scripts/check_bioinformatics_phase3_pilot.sh	phase3_application_pilot	7828	44753c4e71f55e29946ad8f45a3e07030337f322208116df053f53ca155db84f	4b66ab58cafd2624208707f341ddbd818ef2c374
scripts/check_bioinformatics_phase3_preexecution.sh	phase3_application_pilot	6981	8af89571abbea7ee8a18dce3dcffef9afb545400547d2a6291f1d81467bb5a21	6b2131e49551e3af9656cd8dc67ce41708d1dac5
scripts/check_bioinformatics_traceback_replay.sh	historical_support	5342	fa5f771a2f2f2ba33e7615c5e2b8a7f0fb4e9d2ad94e0c9003ee5955a956af56	aef13524b8dc2c4b4609a1eecda197692dd1c039
scripts/collect_bioinformatics_canonical_hybrid_v2_holdout.py	canonical_hybrid_v2	23612	ba9825982c044527d513ec42deff708839b331d81c0203cb16b209638a592c05	1ba1f0e880c6cfe3740a75150da625e723db0d8c
scripts/collect_bioinformatics_canonical_hybrid_v2_performance.py	canonical_hybrid_v2	25264	ed4266c439a1ad12dcd1339e055d51c8a994dc8d83df4655c3f585fc4ae1d340	981c5e414c18afca0fe2a6c2f5537a79d152138e
scripts/collect_bioinformatics_canonical_hybrid_v2_regression.py	canonical_hybrid_v2	20805	78a32434efbfbef0ebd435c7d57fb532ba9264b8fa501e4665261e2f4f0487d6	8a5a83461e191a1fd979160ce4309b97fa4e3e18
scripts/compare_fasim_full_run_determinism.py	historical_support	11528	7ce6085aacf6bc05240cbdf49d5c84d9782df287df0fcddb017635bdf1101b4a	08e3dc365e3499af4e044ee30bc756e2003bc5d3
scripts/compare_fasim_gasal2_long_query_integrated.py	historical_support	17469	61d43104220629b3a3d6f67cb12f20dcd1d2927e341a8f65e8219d45dc6009eb	ca7e4f1187912d5556891a99dce7f59755eeb09d
scripts/compare_fasim_lite_full_equivalence.py	historical_support	7728	dc191fbdacb1ac8d6cbf593fff9dd81a8c7d0ef1d997c7f5937a509722cb6590	59ff27a6aa53d85cdf43b0740084e9014de10368
scripts/compare_fasim_lite_offline_cluster_topk.py	historical_support	7410	2765d76b6c8e742596b1072a413309a88ef415f3576c9de62be67213ee76dc80	66cf97e9a15181bf1f36a60e6ab708880fad2c8e
scripts/compare_fasim_lite_topk.py	historical_support	3521	a85afb88372842bbe5365927148eadd5ab1c87f494b85aa5c7d47e0569ee159e	938753e2ea7f44eab335e299d54e257ad7410627
scripts/compare_fasim_segmented_contract.py	historical_support	9852	6a589d7960a69be7c84a410f1bbd9d3ea34de929f8f04943d9c7ae033d682eda	b672cc7e2d6898f4e4c9797f5e93c116bdb2e614
scripts/compare_fasim_tfosorted_tfo_contract.py	historical_support	8312	300b8f4fb50654f4896555e1fa49e10aa382d86a17455f9d30e7fcfd763cc1b1	1e614edc60be42e4521ed10fb9d69f3d1fde6aec
scripts/freeze_bioinformatics_canonical_hybrid_v2.py	canonical_hybrid_v2	21231	1a691d2b71f6c86165a25963e62343d3b873a14eedcf884da6d6f9bf5a85c85d	3141cdb90a47e684e6cf4905a871b491ec004cd4
scripts/freeze_bioinformatics_canonical_hybrid_v2_holdout.py	canonical_hybrid_v2	23784	d1a1f04fff85817edbf6371f398e36db6866e503394a23e5ba415aadda6b1cbc	70f1001d5b9382f0b9f5b116eb950057792690ae
scripts/freeze_bioinformatics_canonical_hybrid_v2_performance.py	canonical_hybrid_v2	22971	a0208f4490d51a0adafa1ef95c168c30238ea4b02445b42824cb9c9a1619b3df	cc705da30d0bc444f2154ebdf3a305111dbd9f88
scripts/gasal2_longtarget.py	historical_support	54610	42a1c90f9850d28b3e7226140362fa488fdcf46730e2d858cd540c8a0762b91c	d66d86d863525de2f414920caf0dc6c3c31a71d2
scripts/replay_phase2_traceback_cases.sh	phase2_traceback_replay	190	3295d2d64970f868b819f2c1f5a18e041e296edeed837f060fea37d2bb9d2b3e	8c6bb6883d0e0d238e5dafd4f367cc0866c158c3
tests/check_analyze_bioinformatics_frozen_contracts.py	historical_support	19473	1076905feeb023b966e8c153850b90e83e0de095e7a98aeba35a3500c774c95e	c5271b8a2741d6e532c19444e556da30b2d0d53a
tests/check_analyze_bioinformatics_phase2.py	phase2_holdout	44317	3218821c3fc30e0242ed59e419fdfa11a2325e3c89ac38569a39bfa781f68861	6dae82fdcff827f428a606995b4b47030dd9821f
tests/check_bioinformatics_phase2.py	phase2_holdout	11531	6ebde68d8b37cb25431c88ab4e315c21bf9646fc280bb1b70e2bd4d476656dca	20f4ed1a2312a407cf0d6c650bac775265f123d3
tests/check_bioinformatics_phase2_freeze.py	phase2_holdout	49898	9586f7f41bab3252d9e4b15281a7e7e7f47cae6f6bc35a55ed098ab47baa5ce4	0d96a16516a10837eb7f7194e94f65a33e145a68
tests/check_build_bioinformatics_application_panel.py	historical_support	403452	6e89ce60bbdbda57c31c0f82c3d051b10cf64896310c5f9dfceec282aa77ff75	fb412ffc415817a2246fb9694ee422a324102c29
tests/check_build_bioinformatics_holdout_panel.py	historical_support	11906	ee0a5bfd41b34f010d9a8531586ce7d6e22943bd20beabfecc75ddb9b2f0e2b2	e3a9d49276edb7268c0786c5129291c371e19c66
tests/check_canonical_hybrid_v2.py	canonical_hybrid_v2	17165	bfa07dd5cd6f263008d3b9b81a02b7bbbbb6edeac02533472b336a260d6c85d6	5a970056cae9d96d568abfef6cf3265118c50c5a
tests/check_canonical_hybrid_v2_holdout_freeze.py	canonical_hybrid_v2	3469	9c6f5545e7636874c07583133f44d3a469e38c6fb34297f9f8648492cfe17a7d	fe74106f38e8fe418d38a49046ebd7ca72025d2b
tests/check_canonical_hybrid_v2_performance_freeze.py	canonical_hybrid_v2	3143	7b0fdd18bbb88eb277a5687e4b9c42bfcecb84468845643d56d0ea494e8286e4	b5755e4b2f053b0f9fa6041294a7ce226ce86151
tests/check_gasal2_longtarget_cli.py	historical_support	34784	0f64bf803df3274c0d0d6488e1c05ba1bcc86448e4deb92743f169fcdb8e791e	892c70a79a9a2ef305635f501d5b9d3c1cb56cbb
tests/check_replay_bioinformatics_phase2_traceback.py	phase2_traceback_replay	6016	2a6cedfcded543ed17f2487ca1d7cae4c1a42a3d5897845a74870bc81be1cf7f	80ed7b023bc35e1d9959400e53f2dfdbe5ae67f2
tests/check_run_bioinformatics_application.py	historical_support	31755	edcfa029185378c742c326bc23f9dc5002e5157d0ec01864cfedfc37888ab632	b74894ca5a5e77a5878c979cd1bf60c7589d04ef
tests/check_run_bioinformatics_holdout.py	historical_support	91059	a4f0d084e561a24ef82f4f1c9ae8d4f69e22d9107f94fa80b2e3500a55bae495	81f34c5cffa201e85dfa68aed0725d5b8c56adcc
