attempt_id	execution_stage	repeat_id	device	case_id	corpus_partition	case_class	execution_tier	source_kind	query_sha256	reference_sha256	pair_digest	threshold	query_length	reference_length	expected_status	observed_status	numeric_path	cpu_column_digest	gpu_column_digest	column_equal	cpu_scoreinfo_digest	gpu_scoreinfo_digest	scoreinfo_equal	driver_returncode	formal_contract
p5-primary-tiny	primary	0	0	tiny-ac-q00-r00	tiny_exhaustive	ac_lengths_1_to_3	compact	generated	559aead08264d5795d3909718cdd05abd49572e84fe55590eef31a88a08fdffd	559aead08264d5795d3909718cdd05abd49572e84fe55590eef31a88a08fdffd	0f9b57a6d733d54b263696680d1cd9ec05cc91f0959de7eeb87a0edb9e62879a	4	1	1	ok	complete	byte8	af132f815a1fbf27	af132f815a1fbf27	1	6b449f74be9c1be7	6b449f74be9c1be7	1	0	L1_L2_exact
p5-primary-tiny	primary	0	0	tiny-ac-q00-r01	tiny_exhaustive	ac_lengths_1_to_3	compact	generated	559aead08264d5795d3909718cdd05abd49572e84fe55590eef31a88a08fdffd	6b23c0d5f35d1b11f9b683f0b0a617355deb11277d91ae091d399c655b87940d	79da5284a74518c64fb59a82d6ea003f7ba6b14a9257291c3e39b6b58e5454c8	4	1	1	ok	complete	byte8	842360170b01e222	842360170b01e222	1	47fe0d7eaf8e51e3	47fe0d7eaf8e51e3	1	0	L1_L2_exact
p5-primary-tiny	primary	0	0	tiny-ac-q00-r02	tiny_exhaustive	ac_lengths_1_to_3	compact	generated	559aead08264d5795d3909718cdd05abd49572e84fe55590eef31a88a08fdffd	58bb119c35513a451d24dc20ef0e9031ec85b35bfc919d263e7e5d9868909cb5	907a35b7f6afb7fb4052991290a71722c5f02c156fd35c6df6d4dfc0e5fcc8a7	4	1	2	ok	complete	byte8	215a0901648ef4c1	215a0901648ef4c1	1	6b449f74be9c1be7	6b449f74be9c1be7	1	0	L1_L2_exact
p5-primary-tiny	primary	0	0	tiny-ac-q00-r03	tiny_exhaustive	ac_lengths_1_to_3	compact	generated	559aead08264d5795d3909718cdd05abd49572e84fe55590eef31a88a08fdffd	472e73d796e20aa8ff9059e6316f218e0322548f661ec4dc267507ed66317404	7850821f04c430f6b21ac183bb8d95b68ff3044a2cee790454b35aa3c0bce20a	4	1	2	ok	complete	byte8	215a0901648ef4c1	215a0901648ef4c1	1	6b449f74be9c1be7	6b449f74be9c1be7	1	0	L1_L2_exact
p5-primary-tiny	primary	0	0	tiny-ac-q00-r04	tiny_exhaustive	ac_lengths_1_to_3	compact	generated	559aead08264d5795d3909718cdd05abd49572e84fe55590eef31a88a08fdffd	4b650e5c4785025dee7bd65e3c5c527356717d7a1c0bfef5b4ada8ca1e9cbe17	ef8fd9bd21e2c4dfc8bf77fa0327b75772f524694298f7748127e1ee19f9b345	4	1	2	ok	complete	byte8	87578ffe9ecfc724	87578ffe9ecfc724	1	7c4d272abbd29fe6	7c4d272abbd29fe6	1	0	L1_L2_exact
p5-primary-tiny	primary	0	0	tiny-ac-q00-r05	tiny_exhaustive	ac_lengths_1_to_3	compact	generated	559aead08264d5795d3909718cdd05abd49572e84fe55590eef31a88a08fdffd	a56362a10c816abf206d72cb914e2d5ca454eb9c7e744f88b1a1422c379e9942	1475687e0dc7ce532d7902425909fd98d7dc42fffd9a165fd79f801688ddb20f	4	1	2	ok	complete	byte8	9a5d4ea665907e61	9a5d4ea665907e61	1	47fe0d7eaf8e51e3	47fe0d7eaf8e51e3	1	0	L1_L2_exact
p5-primary-tiny	primary	0	0	tiny-ac-q00-r06	tiny_exhaustive	ac_lengths_1_to_3	compact	generated	559aead08264d5795d3909718cdd05abd49572e84fe55590eef31a88a08fdffd	cb1ad2119d8fafb69566510ee712661f9f14b83385006ef92aec47f523a38358	1192e7bded93dc1330a9a79ea18c08ba9fef7f9a71dcbf431a728ed421777f1e	4	1	3	ok	complete	byte8	812e4eeda7d68605	812e4eeda7d68605	1	6b449f74be9c1be7	6b449f74be9c1be7	1	0	L1_L2_exact
p5-primary-tiny	primary	0	0	tiny-ac-q00-r07	tiny_exhaustive	ac_lengths_1_to_3	compact	generated	559aead08264d5795d3909718cdd05abd49572e84fe55590eef31a88a08fdffd	d5ced0c0b64bf1582582acb55425f70c12991c397368a8bbad06bb0a5d2cfeb7	a24a757afc77634f0b47766d0325d92aacf138421155b634c4d20432fd049924	4	1	3	ok	complete	byte8	812e4eeda7d68605	812e4eeda7d68605	1	6b449f74be9c1be7	6b449f74be9c1be7	1	0	L1_L2_exact
p5-primary-tiny	primary	0	0	tiny-ac-q00-r08	tiny_exhaustive	ac_lengths_1_to_3	compact	generated	559aead08264d5795d3909718cdd05abd49572e84fe55590eef31a88a08fdffd	b32062bf7b8bed45bc6c7bedfe1c093bf2d45c0b87973bab9e1ef4b85497f469	95c2fa1d7057c6229f8e35464ceaa703d9793bee12dfd0c86cc5723eaee97284	4	1	3	ok	complete	byte8	812e4eeda7d68605	812e4eeda7d68605	1	6b449f74be9c1be7	6b449f74be9c1be7	1	0	L1_L2_exact
p5-primary-tiny	primary	0	0	tiny-ac-q00-r09	tiny_exhaustive	ac_lengths_1_to_3	compact	generated	559aead08264d5795d3909718cdd05abd49572e84fe55590eef31a88a08fdffd	2dde6d03ddaa287e3ac95b4befe8f38e8766a35092fc01e47e28d86c7a29e412	4f80389281128bce14596a1de027bdd6fcf0fc9dbd09377af68e362aa8161536	4	1	3	ok	complete	byte8	812e4eeda7d68605	812e4eeda7d68605	1	6b449f74be9c1be7	6b449f74be9c1be7	1	0	L1_L2_exact
p5-primary-tiny	primary	0	0	tiny-ac-q00-r10	tiny_exhaustive	ac_lengths_1_to_3	compact	generated	559aead08264d5795d3909718cdd05abd49572e84fe55590eef31a88a08fdffd	084696b5b2f035fe1cafbccda422b6aa15b40d1d73bc98d7782beb4d83a5bc7f	9f8759873bbee2784c74767cf42f37a431774f17cc9f956fe27387010f20dd81	4	1	3	ok	complete	byte8	41281cdda7121d00	41281cdda7121d00	1	7c4d272abbd29fe6	7c4d272abbd29fe6	1	0	L1_L2_exact
p5-primary-tiny	primary	0	0	tiny-ac-q00-r11	tiny_exhaustive	ac_lengths_1_to_3	compact	generated	559aead08264d5795d3909718cdd05abd49572e84fe55590eef31a88a08fdffd	803859f5b9d6d170d5714b2d798c8bf5fbc9bd1806f6c108ed02adc6e6116004	62e759358be50ff8184c1ad48e3c0baabffb402ed75ee3bb9e6908e7eec5ab3a	4	1	3	ok	complete	byte8	41281cdda7121d00	41281cdda7121d00	1	7c4d272abbd29fe6	7c4d272abbd29fe6	1	0	L1_L2_exact
p5-primary-tiny	primary	0	0	tiny-ac-q00-r12	tiny_exhaustive	ac_lengths_1_to_3	compact	generated	559aead08264d5795d3909718cdd05abd49572e84fe55590eef31a88a08fdffd	89932f8285bde9d693a0691a3400ba249f0d5c1357fe157dae3254112e489143	2e43f07507faaf941858537ac1044c679ca904c481253648d4ba1c0495b2f83b	4	1	3	ok	complete	byte8	e51b31ecf73183a5	e51b31ecf73183a5	1	cd4873e49871eb65	cd4873e49871eb65	1	0	L1_L2_exact
p5-primary-tiny	primary	0	0	tiny-ac-q00-r13	tiny_exhaustive	ac_lengths_1_to_3	compact	generated	559aead08264d5795d3909718cdd05abd49572e84fe55590eef31a88a08fdffd	8c55ff95a660f37cb05e644e7691e6c66593f453cb2cbaa4d64aa59b40ae8032	0701c2d2b1061f474ed254fa746880ff32eb3303bd7ad9a7f6af7912524dd752	4	1	3	ok	complete	byte8	ba2b6282a813a6a0	ba2b6282a813a6a0	1	47fe0d7eaf8e51e3	47fe0d7eaf8e51e3	1	0	L1_L2_exact
p5-primary-tiny	primary	0	0	tiny-ac-q01-r00	tiny_exhaustive	ac_lengths_1_to_3	compact	generated	6b23c0d5f35d1b11f9b683f0b0a617355deb11277d91ae091d399c655b87940d	559aead08264d5795d3909718cdd05abd49572e84fe55590eef31a88a08fdffd	cb1672a4164366da35178e36afdc64b01928103eb50817e3c3e853e570f6af10	4	1	1	ok	complete	byte8	842360170b01e222	842360170b01e222	1	47fe0d7eaf8e51e3	47fe0d7eaf8e51e3	1	0	L1_L2_exact
p5-primary-tiny	primary	0	0	tiny-ac-q01-r01	tiny_exhaustive	ac_lengths_1_to_3	compact	generated	6b23c0d5f35d1b11f9b683f0b0a617355deb11277d91ae091d399c655b87940d	6b23c0d5f35d1b11f9b683f0b0a617355deb11277d91ae091d399c655b87940d	b8017dae394bf931b74884c58b450f451db51b717c3fd876d95e07a6c1be0676	4	1	1	ok	complete	byte8	af132f815a1fbf27	af132f815a1fbf27	1	6b449f74be9c1be7	6b449f74be9c1be7	1	0	L1_L2_exact
p5-primary-tiny	primary	0	0	tiny-ac-q01-r02	tiny_exhaustive	ac_lengths_1_to_3	compact	generated	6b23c0d5f35d1b11f9b683f0b0a617355deb11277d91ae091d399c655b87940d	58bb119c35513a451d24dc20ef0e9031ec85b35bfc919d263e7e5d9868909cb5	fd6181f5623e887ce9601f627a229589e4f1f500ce54f87686614591fa522836	4	1	2	ok	complete	byte8	9a5d4ea665907e61	9a5d4ea665907e61	1	47fe0d7eaf8e51e3	47fe0d7eaf8e51e3	1	0	L1_L2_exact
p5-primary-tiny	primary	0	0	tiny-ac-q01-r03	tiny_exhaustive	ac_lengths_1_to_3	compact	generated	6b23c0d5f35d1b11f9b683f0b0a617355deb11277d91ae091d399c655b87940d	472e73d796e20aa8ff9059e6316f218e0322548f661ec4dc267507ed66317404	dbe02e95b83a42af2bbe21d16ddc7b7da693888a6770781b5d4c2c0824aa7afb	4	1	2	ok	complete	byte8	87578ffe9ecfc724	87578ffe9ecfc724	1	7c4d272abbd29fe6	7c4d272abbd29fe6	1	0	L1_L2_exact
p5-primary-tiny	primary	0	0	tiny-ac-q01-r04	tiny_exhaustive	ac_lengths_1_to_3	compact	generated	6b23c0d5f35d1b11f9b683f0b0a617355deb11277d91ae091d399c655b87940d	4b650e5c4785025dee7bd65e3c5c527356717d7a1c0bfef5b4ada8ca1e9cbe17	c721392ce5f52aeaba78c891ee9515fc45b7a6f6abebb84063ed19a71703cee0	4	1	2	ok	complete	byte8	215a0901648ef4c1	215a0901648ef4c1	1	6b449f74be9c1be7	6b449f74be9c1be7	1	0	L1_L2_exact
p5-primary-tiny	primary	0	0	tiny-ac-q01-r05	tiny_exhaustive	ac_lengths_1_to_3	compact	generated	6b23c0d5f35d1b11f9b683f0b0a617355deb11277d91ae091d399c655b87940d	a56362a10c816abf206d72cb914e2d5ca454eb9c7e744f88b1a1422c379e9942	2b012e46487092bd3eb6b282583e7ced09f461b2a43f34d3db36ba80aba2218e	4	1	2	ok	complete	byte8	215a0901648ef4c1	215a0901648ef4c1	1	6b449f74be9c1be7	6b449f74be9c1be7	1	0	L1_L2_exact
p5-primary-tiny	primary	0	0	tiny-ac-q01-r06	tiny_exhaustive	ac_lengths_1_to_3	compact	generated	6b23c0d5f35d1b11f9b683f0b0a617355deb11277d91ae091d399c655b87940d	cb1ad2119d8fafb69566510ee712661f9f14b83385006ef92aec47f523a38358	260b28ae7dc16c0bc36275329037eee76c87944b88ace94bbbaca4b1e4b5833a	4	1	3	ok	complete	byte8	ba2b6282a813a6a0	ba2b6282a813a6a0	1	47fe0d7eaf8e51e3	47fe0d7eaf8e51e3	1	0	L1_L2_exact
p5-primary-tiny	primary	0	0	tiny-ac-q01-r07	tiny_exhaustive	ac_lengths_1_to_3	compact	generated	6b23c0d5f35d1b11f9b683f0b0a617355deb11277d91ae091d399c655b87940d	d5ced0c0b64bf1582582acb55425f70c12991c397368a8bbad06bb0a5d2cfeb7	15690251d905e651c6b005cee3d80f7357780ca2d98aa39863b3955266338c46	4	1	3	ok	complete	byte8	e51b31ecf73183a5	e51b31ecf73183a5	1	cd4873e49871eb65	cd4873e49871eb65	1	0	L1_L2_exact
p5-primary-tiny	primary	0	0	tiny-ac-q01-r08	tiny_exhaustive	ac_lengths_1_to_3	compact	generated	6b23c0d5f35d1b11f9b683f0b0a617355deb11277d91ae091d399c655b87940d	b32062bf7b8bed45bc6c7bedfe1c093bf2d45c0b87973bab9e1ef4b85497f469	e3309952fb1b3623700ef01d95c6d59157e1dba29204cea9a1f4298814219c65	4	1	3	ok	complete	byte8	41281cdda7121d00	41281cdda7121d00	1	7c4d272abbd29fe6	7c4d272abbd29fe6	1	0	L1_L2_exact
p5-primary-tiny	primary	0	0	tiny-ac-q01-r09	tiny_exhaustive	ac_lengths_1_to_3	compact	generated	6b23c0d5f35d1b11f9b683f0b0a617355deb11277d91ae091d399c655b87940d	2dde6d03ddaa287e3ac95b4befe8f38e8766a35092fc01e47e28d86c7a29e412	94822820472f017982947a7a9532e0f751a8b9559e10832ac27cc6643a1e1d59	4	1	3	ok	complete	byte8	41281cdda7121d00	41281cdda7121d00	1	7c4d272abbd29fe6	7c4d272abbd29fe6	1	0	L1_L2_exact
p5-primary-tiny	primary	0	0	tiny-ac-q01-r10	tiny_exhaustive	ac_lengths_1_to_3	compact	generated	6b23c0d5f35d1b11f9b683f0b0a617355deb11277d91ae091d399c655b87940d	084696b5b2f035fe1cafbccda422b6aa15b40d1d73bc98d7782beb4d83a5bc7f	99699447bf2fa175fc8617406ac20ee58e775e6f1e46968ea6cc1e1aa211f599	4	1	3	ok	complete	byte8	812e4eeda7d68605	812e4eeda7d68605	1	6b449f74be9c1be7	6b449f74be9c1be7	1	0	L1_L2_exact
p5-primary-tiny	primary	0	0	tiny-ac-q01-r11	tiny_exhaustive	ac_lengths_1_to_3	compact	generated	6b23c0d5f35d1b11f9b683f0b0a617355deb11277d91ae091d399c655b87940d	803859f5b9d6d170d5714b2d798c8bf5fbc9bd1806f6c108ed02adc6e6116004	12c14ffff0d8b58ec251cb713134cfd362a3315acd009e5bb5e72da9ea816c6a	4	1	3	ok	complete	byte8	812e4eeda7d68605	812e4eeda7d68605	1	6b449f74be9c1be7	6b449f74be9c1be7	1	0	L1_L2_exact
p5-primary-tiny	primary	0	0	tiny-ac-q01-r12	tiny_exhaustive	ac_lengths_1_to_3	compact	generated	6b23c0d5f35d1b11f9b683f0b0a617355deb11277d91ae091d399c655b87940d	89932f8285bde9d693a0691a3400ba249f0d5c1357fe157dae3254112e489143	39289c4fdfa8b0f6b113cc0741970e15e0feab97c707d81adcdba7a8a472ce33	4	1	3	ok	complete	byte8	812e4eeda7d68605	812e4eeda7d68605	1	6b449f74be9c1be7	6b449f74be9c1be7	1	0	L1_L2_exact
p5-primary-tiny	primary	0	0	tiny-ac-q01-r13	tiny_exhaustive	ac_lengths_1_to_3	compact	generated	6b23c0d5f35d1b11f9b683f0b0a617355deb11277d91ae091d399c655b87940d	8c55ff95a660f37cb05e644e7691e6c66593f453cb2cbaa4d64aa59b40ae8032	e8ccb2ca18a82adc1ea10f518a3021c6a4cb166b09eaf3d4f3e77a4347cdcf3c	4	1	3	ok	complete	byte8	812e4eeda7d68605	812e4eeda7d68605	1	6b449f74be9c1be7	6b449f74be9c1be7	1	0	L1_L2_exact
p5-primary-tiny	primary	0	0	tiny-ac-q02-r00	tiny_exhaustive	ac_lengths_1_to_3	compact	generated	58bb119c35513a451d24dc20ef0e9031ec85b35bfc919d263e7e5d9868909cb5	559aead08264d5795d3909718cdd05abd49572e84fe55590eef31a88a08fdffd	d42c1baa4e521b541fa8c81d29a306eea30b6015c8f4a038a33b0c4abf8d362e	4	2	1	ok	complete	byte8	af132f815a1fbf27	af132f815a1fbf27	1	6b449f74be9c1be7	6b449f74be9c1be7	1	0	L1_L2_exact
p5-primary-tiny	primary	0	0	tiny-ac-q02-r01	tiny_exhaustive	ac_lengths_1_to_3	compact	generated	58bb119c35513a451d24dc20ef0e9031ec85b35bfc919d263e7e5d9868909cb5	6b23c0d5f35d1b11f9b683f0b0a617355deb11277d91ae091d399c655b87940d	879d9e892429317ab40710b609dde290b011c53cb6cfbd602b268940ae31a95f	4	2	1	ok	complete	byte8	842360170b01e222	842360170b01e222	1	47fe0d7eaf8e51e3	47fe0d7eaf8e51e3	1	0	L1_L2_exact
p5-primary-tiny	primary	0	0	tiny-ac-q02-r02	tiny_exhaustive	ac_lengths_1_to_3	compact	generated	58bb119c35513a451d24dc20ef0e9031ec85b35bfc919d263e7e5d9868909cb5	58bb119c35513a451d24dc20ef0e9031ec85b35bfc919d263e7e5d9868909cb5	7d9dc66a97eeb511fc31b78fad91ebbe4bccd25a75fc2c42157753ab87b5ff39	9	2	2	ok	complete	byte8	6433e92e3c09f78e	6433e92e3c09f78e	1	903d855fe3c4c2c9	903d855fe3c4c2c9	1	0	L1_L2_exact
p5-primary-tiny	primary	0	0	tiny-ac-q02-r03	tiny_exhaustive	ac_lengths_1_to_3	compact	generated	58bb119c35513a451d24dc20ef0e9031ec85b35bfc919d263e7e5d9868909cb5	472e73d796e20aa8ff9059e6316f218e0322548f661ec4dc267507ed66317404	508810e2787533f6b6043bf36d300363e240454441a10d19bc42e15d106f3b56	9	2	2	ok	complete	byte8	215a0901648ef4c1	215a0901648ef4c1	1	47fe0d7eaf8e51e3	47fe0d7eaf8e51e3	1	0	L1_L2_exact
p5-primary-tiny	primary	0	0	tiny-ac-q02-r04	tiny_exhaustive	ac_lengths_1_to_3	compact	generated	58bb119c35513a451d24dc20ef0e9031ec85b35bfc919d263e7e5d9868909cb5	4b650e5c4785025dee7bd65e3c5c527356717d7a1c0bfef5b4ada8ca1e9cbe17	3d9eab7955a13dddd3e5e4c0da4eea920df358aa40ed36b504e50ff41379ce25	9	2	2	ok	complete	byte8	87578ffe9ecfc724	87578ffe9ecfc724	1	47fe0d7eaf8e51e3	47fe0d7eaf8e51e3	1	0	L1_L2_exact
p5-primary-tiny	primary	0	0	tiny-ac-q02-r05	tiny_exhaustive	ac_lengths_1_to_3	compact	generated	58bb119c35513a451d24dc20ef0e9031ec85b35bfc919d263e7e5d9868909cb5	a56362a10c816abf206d72cb914e2d5ca454eb9c7e744f88b1a1422c379e9942	0b924db80b724434aacbc084b023cf11b732a4a3ab7fec7badefc61d5b4fe8c7	9	2	2	ok	complete	byte8	9a5d4ea665907e61	9a5d4ea665907e61	1	47fe0d7eaf8e51e3	47fe0d7eaf8e51e3	1	0	L1_L2_exact
p5-primary-tiny	primary	0	0	tiny-ac-q02-r06	tiny_exhaustive	ac_lengths_1_to_3	compact	generated	58bb119c35513a451d24dc20ef0e9031ec85b35bfc919d263e7e5d9868909cb5	cb1ad2119d8fafb69566510ee712661f9f14b83385006ef92aec47f523a38358	b88ac98ce2e6a7f10f6a8372829d8d910344b4685d11e9a66f0cb4d971c70fc9	9	2	3	ok	complete	byte8	16247dfea4d1e925	16247dfea4d1e925	1	903d855fe3c4c2c9	903d855fe3c4c2c9	1	0	L1_L2_exact
p5-primary-tiny	primary	0	0	tiny-ac-q02-r07	tiny_exhaustive	ac_lengths_1_to_3	compact	generated	58bb119c35513a451d24dc20ef0e9031ec85b35bfc919d263e7e5d9868909cb5	d5ced0c0b64bf1582582acb55425f70c12991c397368a8bbad06bb0a5d2cfeb7	30bbb24f836709f9690eb16d197c406fee599876c6a0bbef5b015c562618a080	9	2	3	ok	complete	byte8	16247dfea4d1e925	16247dfea4d1e925	1	903d855fe3c4c2c9	903d855fe3c4c2c9	1	0	L1_L2_exact
p5-primary-tiny	primary	0	0	tiny-ac-q02-r08	tiny_exhaustive	ac_lengths_1_to_3	compact	generated	58bb119c35513a451d24dc20ef0e9031ec85b35bfc919d263e7e5d9868909cb5	b32062bf7b8bed45bc6c7bedfe1c093bf2d45c0b87973bab9e1ef4b85497f469	e3d59a0b4af4dbc44d5db0266a0d4cf804e8838776bb95ddf4ddb985996f1a4d	9	2	3	ok	complete	byte8	812e4eeda7d68605	812e4eeda7d68605	1	47fe0d7eaf8e51e3	47fe0d7eaf8e51e3	1	0	L1_L2_exact
p5-primary-tiny	primary	0	0	tiny-ac-q02-r09	tiny_exhaustive	ac_lengths_1_to_3	compact	generated	58bb119c35513a451d24dc20ef0e9031ec85b35bfc919d263e7e5d9868909cb5	2dde6d03ddaa287e3ac95b4befe8f38e8766a35092fc01e47e28d86c7a29e412	985666ea1a0c0ae2fffc9354a5c9902834e978e11d6d09f9425d0aa4740fcbf3	9	2	3	ok	complete	byte8	812e4eeda7d68605	812e4eeda7d68605	1	47fe0d7eaf8e51e3	47fe0d7eaf8e51e3	1	0	L1_L2_exact
p5-primary-tiny	primary	0	0	tiny-ac-q02-r10	tiny_exhaustive	ac_lengths_1_to_3	compact	generated	58bb119c35513a451d24dc20ef0e9031ec85b35bfc919d263e7e5d9868909cb5	084696b5b2f035fe1cafbccda422b6aa15b40d1d73bc98d7782beb4d83a5bc7f	9bee6df70f7770c1b5261cf54e6373b2b3162011acceb93684e6af4ffdb1af90	9	2	3	ok	complete	byte8	c1f78b1c946bb40f	c1f78b1c946bb40f	1	3f4238a60725774a	3f4238a60725774a	1	0	L1_L2_exact
p5-primary-tiny	primary	0	0	tiny-ac-q02-r11	tiny_exhaustive	ac_lengths_1_to_3	compact	generated	58bb119c35513a451d24dc20ef0e9031ec85b35bfc919d263e7e5d9868909cb5	803859f5b9d6d170d5714b2d798c8bf5fbc9bd1806f6c108ed02adc6e6116004	153d5136d2a1e5edc036b0c589057921ee11a8287cfc29d743f54d18a6da34b6	9	2	3	ok	complete	byte8	41281cdda7121d00	41281cdda7121d00	1	47fe0d7eaf8e51e3	47fe0d7eaf8e51e3	1	0	L1_L2_exact
p5-primary-tiny	primary	0	0	tiny-ac-q02-r12	tiny_exhaustive	ac_lengths_1_to_3	compact	generated	58bb119c35513a451d24dc20ef0e9031ec85b35bfc919d263e7e5d9868909cb5	89932f8285bde9d693a0691a3400ba249f0d5c1357fe157dae3254112e489143	061d84935c362be082d740a4443a0b46d2d192648b2d7a50e313e7091444ef0b	9	2	3	ok	complete	byte8	e51b31ecf73183a5	e51b31ecf73183a5	1	47fe0d7eaf8e51e3	47fe0d7eaf8e51e3	1	0	L1_L2_exact
p5-primary-tiny	primary	0	0	tiny-ac-q02-r13	tiny_exhaustive	ac_lengths_1_to_3	compact	generated	58bb119c35513a451d24dc20ef0e9031ec85b35bfc919d263e7e5d9868909cb5	8c55ff95a660f37cb05e644e7691e6c66593f453cb2cbaa4d64aa59b40ae8032	7e4c761944f376e555f75f92d7cebca4cb5b7dc3f26aaa5eae3a5f9b9b0cac70	9	2	3	ok	complete	byte8	ba2b6282a813a6a0	ba2b6282a813a6a0	1	47fe0d7eaf8e51e3	47fe0d7eaf8e51e3	1	0	L1_L2_exact
p5-primary-tiny	primary	0	0	tiny-ac-q03-r00	tiny_exhaustive	ac_lengths_1_to_3	compact	generated	472e73d796e20aa8ff9059e6316f218e0322548f661ec4dc267507ed66317404	559aead08264d5795d3909718cdd05abd49572e84fe55590eef31a88a08fdffd	4ac8d810006d8eb8c70768337da3ad491a637f23f93a4985868b5837f94c1070	4	2	1	ok	complete	byte8	af132f815a1fbf27	af132f815a1fbf27	1	6b449f74be9c1be7	6b449f74be9c1be7	1	0	L1_L2_exact
p5-primary-tiny	primary	0	0	tiny-ac-q03-r01	tiny_exhaustive	ac_lengths_1_to_3	compact	generated	472e73d796e20aa8ff9059e6316f218e0322548f661ec4dc267507ed66317404	6b23c0d5f35d1b11f9b683f0b0a617355deb11277d91ae091d399c655b87940d	882d3f6e4d005a42a71febf0c9d2c4634fa6621e215c0b41e872c3e05f923df6	4	2	1	ok	complete	byte8	af132f815a1fbf27	af132f815a1fbf27	1	6b449f74be9c1be7	6b449f74be9c1be7	1	0	L1_L2_exact
p5-primary-tiny	primary	0	0	tiny-ac-q03-r02	tiny_exhaustive	ac_lengths_1_to_3	compact	generated	472e73d796e20aa8ff9059e6316f218e0322548f661ec4dc267507ed66317404	58bb119c35513a451d24dc20ef0e9031ec85b35bfc919d263e7e5d9868909cb5	b31f24ebb2e4f0090f4044bcbfd569434a3200d8ed27411e7eb94cc49970579d	9	2	2	ok	complete	byte8	215a0901648ef4c1	215a0901648ef4c1	1	47fe0d7eaf8e51e3	47fe0d7eaf8e51e3	1	0	L1_L2_exact
p5-primary-tiny	primary	0	0	tiny-ac-q03-r03	tiny_exhaustive	ac_lengths_1_to_3	compact	generated	472e73d796e20aa8ff9059e6316f218e0322548f661ec4dc267507ed66317404	472e73d796e20aa8ff9059e6316f218e0322548f661ec4dc267507ed66317404	d470eb347c22e20ea2fb1c37bf0be4e88ec03569b6df1c733c01fbf52701af79	9	2	2	ok	complete	byte8	6433e92e3c09f78e	6433e92e3c09f78e	1	903d855fe3c4c2c9	903d855fe3c4c2c9	1	0	L1_L2_exact
p5-primary-tiny	primary	0	0	tiny-ac-q03-r04	tiny_exhaustive	ac_lengths_1_to_3	compact	generated	472e73d796e20aa8ff9059e6316f218e0322548f661ec4dc267507ed66317404	4b650e5c4785025dee7bd65e3c5c527356717d7a1c0bfef5b4ada8ca1e9cbe17	b9b44336efa0d348a2665af388df252d899b64448a5b801ede98f99e3953a7bc	9	2	2	ok	complete	byte8	215a0901648ef4c1	215a0901648ef4c1	1	47fe0d7eaf8e51e3	47fe0d7eaf8e51e3	1	0	L1_L2_exact
p5-primary-tiny	primary	0	0	tiny-ac-q03-r05	tiny_exhaustive	ac_lengths_1_to_3	compact	generated	472e73d796e20aa8ff9059e6316f218e0322548f661ec4dc267507ed66317404	a56362a10c816abf206d72cb914e2d5ca454eb9c7e744f88b1a1422c379e9942	9e1013bdd58d9fb7a5f885c5244c8608510e907f4a36e15f68addc4d11b574fb	9	2	2	ok	complete	byte8	215a0901648ef4c1	215a0901648ef4c1	1	47fe0d7eaf8e51e3	47fe0d7eaf8e51e3	1	0	L1_L2_exact
p5-primary-tiny	primary	0	0	tiny-ac-q03-r06	tiny_exhaustive	ac_lengths_1_to_3	compact	generated	472e73d796e20aa8ff9059e6316f218e0322548f661ec4dc267507ed66317404	cb1ad2119d8fafb69566510ee712661f9f14b83385006ef92aec47f523a38358	9181639ec2042df3da8bd9264c545145eff71b8a563f3d45e55fb21ecdd506b1	9	2	3	ok	complete	byte8	812e4eeda7d68605	812e4eeda7d68605	1	47fe0d7eaf8e51e3	47fe0d7eaf8e51e3	1	0	L1_L2_exact
p5-primary-tiny	primary	0	0	tiny-ac-q03-r07	tiny_exhaustive	ac_lengths_1_to_3	compact	generated	472e73d796e20aa8ff9059e6316f218e0322548f661ec4dc267507ed66317404	d5ced0c0b64bf1582582acb55425f70c12991c397368a8bbad06bb0a5d2cfeb7	149b47f35e03ec55ba6d3a54ff9592a5e762314df73dde95fc5a48edcafd4aaf	9	2	3	ok	complete	byte8	ac1e1e57f6f4630a	ac1e1e57f6f4630a	1	3f4238a60725774a	3f4238a60725774a	1	0	L1_L2_exact
p5-primary-tiny	primary	0	0	tiny-ac-q03-r08	tiny_exhaustive	ac_lengths_1_to_3	compact	generated	472e73d796e20aa8ff9059e6316f218e0322548f661ec4dc267507ed66317404	b32062bf7b8bed45bc6c7bedfe1c093bf2d45c0b87973bab9e1ef4b85497f469	b5b5a2b9adb1b97bb56a7eceaa9f6e5e6475171c6e73ce59de98aae82620e0a7	9	2	3	ok	complete	byte8	16247dfea4d1e925	16247dfea4d1e925	1	903d855fe3c4c2c9	903d855fe3c4c2c9	1	0	L1_L2_exact
p5-primary-tiny	primary	0	0	tiny-ac-q03-r09	tiny_exhaustive	ac_lengths_1_to_3	compact	generated	472e73d796e20aa8ff9059e6316f218e0322548f661ec4dc267507ed66317404	2dde6d03ddaa287e3ac95b4befe8f38e8766a35092fc01e47e28d86c7a29e412	5ac666203cd57e1bbfba7371ec8dcca949adc2f3a8686aedf85b65a9e0d4aaaa	9	2	3	ok	complete	byte8	16247dfea4d1e925	16247dfea4d1e925	1	903d855fe3c4c2c9	903d855fe3c4c2c9	1	0	L1_L2_exact
p5-primary-tiny	primary	0	0	tiny-ac-q03-r10	tiny_exhaustive	ac_lengths_1_to_3	compact	generated	472e73d796e20aa8ff9059e6316f218e0322548f661ec4dc267507ed66317404	084696b5b2f035fe1cafbccda422b6aa15b40d1d73bc98d7782beb4d83a5bc7f	e468e175a1e85855af893a7b06b0e34be78f0f7f9d061cfba768237b1646f83e	9	2	3	ok	complete	byte8	812e4eeda7d68605	812e4eeda7d68605	1	47fe0d7eaf8e51e3	47fe0d7eaf8e51e3	1	0	L1_L2_exact
p5-primary-tiny	primary	0	0	tiny-ac-q03-r11	tiny_exhaustive	ac_lengths_1_to_3	compact	generated	472e73d796e20aa8ff9059e6316f218e0322548f661ec4dc267507ed66317404	803859f5b9d6d170d5714b2d798c8bf5fbc9bd1806f6c108ed02adc6e6116004	9b316eb61aaef505d4535b2705145defb696bb75a695be892ef516335e7f5833	9	2	3	ok	complete	byte8	ac1e1e57f6f4630a	ac1e1e57f6f4630a	1	3f4238a60725774a	3f4238a60725774a	1	0	L1_L2_exact
p5-primary-tiny	primary	0	0	tiny-ac-q03-r12	tiny_exhaustive	ac_lengths_1_to_3	compact	generated	472e73d796e20aa8ff9059e6316f218e0322548f661ec4dc267507ed66317404	89932f8285bde9d693a0691a3400ba249f0d5c1357fe157dae3254112e489143	6cf82dccde3d86b8d04c7d16c00ac4eb799fb78958d4ea9fbdfdee64eb429580	9	2	3	ok	complete	byte8	812e4eeda7d68605	812e4eeda7d68605	1	47fe0d7eaf8e51e3	47fe0d7eaf8e51e3	1	0	L1_L2_exact
p5-primary-tiny	primary	0	0	tiny-ac-q03-r13	tiny_exhaustive	ac_lengths_1_to_3	compact	generated	472e73d796e20aa8ff9059e6316f218e0322548f661ec4dc267507ed66317404	8c55ff95a660f37cb05e644e7691e6c66593f453cb2cbaa4d64aa59b40ae8032	69cd4d20a98c06103fd12d51589ef6ef76e8858dcadf825c7f94591dc9b7a9a0	9	2	3	ok	complete	byte8	812e4eeda7d68605	812e4eeda7d68605	1	47fe0d7eaf8e51e3	47fe0d7eaf8e51e3	1	0	L1_L2_exact
p5-primary-tiny	primary	0	0	tiny-ac-q04-r00	tiny_exhaustive	ac_lengths_1_to_3	compact	generated	4b650e5c4785025dee7bd65e3c5c527356717d7a1c0bfef5b4ada8ca1e9cbe17	559aead08264d5795d3909718cdd05abd49572e84fe55590eef31a88a08fdffd	bb6c538c1a3e89e1c7505d5119e8dd37232e9b7540f6eaa0af1c90c0601cfc18	4	2	1	ok	complete	byte8	af132f815a1fbf27	af132f815a1fbf27	1	6b449f74be9c1be7	6b449f74be9c1be7	1	0	L1_L2_exact
p5-primary-tiny	primary	0	0	tiny-ac-q04-r01	tiny_exhaustive	ac_lengths_1_to_3	compact	generated	4b650e5c4785025dee7bd65e3c5c527356717d7a1c0bfef5b4ada8ca1e9cbe17	6b23c0d5f35d1b11f9b683f0b0a617355deb11277d91ae091d399c655b87940d	cb8ade92e18e3bc0ac96759b4664e900f5d252a4a5e3bf43f51a85f57521ef10	4	2	1	ok	complete	byte8	af132f815a1fbf27	af132f815a1fbf27	1	6b449f74be9c1be7	6b449f74be9c1be7	1	0	L1_L2_exact
p5-primary-tiny	primary	0	0	tiny-ac-q04-r02	tiny_exhaustive	ac_lengths_1_to_3	compact	generated	4b650e5c4785025dee7bd65e3c5c527356717d7a1c0bfef5b4ada8ca1e9cbe17	58bb119c35513a451d24dc20ef0e9031ec85b35bfc919d263e7e5d9868909cb5	7518c399fa1f409055a1e3a53f4bd5995e775aecc7f3acc4235655cc148969ac	9	2	2	ok	complete	byte8	215a0901648ef4c1	215a0901648ef4c1	1	47fe0d7eaf8e51e3	47fe0d7eaf8e51e3	1	0	L1_L2_exact
p5-primary-tiny	primary	0	0	tiny-ac-q04-r03	tiny_exhaustive	ac_lengths_1_to_3	compact	generated	4b650e5c4785025dee7bd65e3c5c527356717d7a1c0bfef5b4ada8ca1e9cbe17	472e73d796e20aa8ff9059e6316f218e0322548f661ec4dc267507ed66317404	6006a73fdea004fdbed111820bd26fbfcfb12a9e0a15ab69be406702bb6afe62	9	2	2	ok	complete	byte8	215a0901648ef4c1	215a0901648ef4c1	1	47fe0d7eaf8e51e3	47fe0d7eaf8e51e3	1	0	L1_L2_exact
p5-primary-tiny	primary	0	0	tiny-ac-q04-r04	tiny_exhaustive	ac_lengths_1_to_3	compact	generated	4b650e5c4785025dee7bd65e3c5c527356717d7a1c0bfef5b4ada8ca1e9cbe17	4b650e5c4785025dee7bd65e3c5c527356717d7a1c0bfef5b4ada8ca1e9cbe17	ac08ed7403d66ed95e75c748c6f0d6672862010d40bbd9bf4b3cd4ea07febe14	9	2	2	ok	complete	byte8	6433e92e3c09f78e	6433e92e3c09f78e	1	903d855fe3c4c2c9	903d855fe3c4c2c9	1	0	L1_L2_exact
p5-primary-tiny	primary	0	0	tiny-ac-q04-r05	tiny_exhaustive	ac_lengths_1_to_3	compact	generated	4b650e5c4785025dee7bd65e3c5c527356717d7a1c0bfef5b4ada8ca1e9cbe17	a56362a10c816abf206d72cb914e2d5ca454eb9c7e744f88b1a1422c379e9942	bb1de656ff4b63883b835d8a402bbc9d7ca1a17a5cf35b9a336db52e96651b8e	9	2	2	ok	complete	byte8	215a0901648ef4c1	215a0901648ef4c1	1	47fe0d7eaf8e51e3	47fe0d7eaf8e51e3	1	0	L1_L2_exact
p5-primary-tiny	primary	0	0	tiny-ac-q04-r06	tiny_exhaustive	ac_lengths_1_to_3	compact	generated	4b650e5c4785025dee7bd65e3c5c527356717d7a1c0bfef5b4ada8ca1e9cbe17	cb1ad2119d8fafb69566510ee712661f9f14b83385006ef92aec47f523a38358	ff8a47aeaa3b29b19ac3164d860eec0338fae8dbdc885a4c043da7651efc592b	9	2	3	ok	complete	byte8	812e4eeda7d68605	812e4eeda7d68605	1	47fe0d7eaf8e51e3	47fe0d7eaf8e51e3	1	0	L1_L2_exact
p5-primary-tiny	primary	0	0	tiny-ac-q04-r07	tiny_exhaustive	ac_lengths_1_to_3	compact	generated	4b650e5c4785025dee7bd65e3c5c527356717d7a1c0bfef5b4ada8ca1e9cbe17	d5ced0c0b64bf1582582acb55425f70c12991c397368a8bbad06bb0a5d2cfeb7	4f35ed5d729dbedc18ab04ab7782ac27242cc7ffb620a7fa07f4cabe9513c006	9	2	3	ok	complete	byte8	812e4eeda7d68605	812e4eeda7d68605	1	47fe0d7eaf8e51e3	47fe0d7eaf8e51e3	1	0	L1_L2_exact
p5-primary-tiny	primary	0	0	tiny-ac-q04-r08	tiny_exhaustive	ac_lengths_1_to_3	compact	generated	4b650e5c4785025dee7bd65e3c5c527356717d7a1c0bfef5b4ada8ca1e9cbe17	b32062bf7b8bed45bc6c7bedfe1c093bf2d45c0b87973bab9e1ef4b85497f469	eefa8d2282b309f341f0b754f8b86198969c3cd2771d241b7953770f77e5f3ee	9	2	3	ok	complete	byte8	ac1e1e57f6f4630a	ac1e1e57f6f4630a	1	3f4238a60725774a	3f4238a60725774a	1	0	L1_L2_exact
p5-primary-tiny	primary	0	0	tiny-ac-q04-r09	tiny_exhaustive	ac_lengths_1_to_3	compact	generated	4b650e5c4785025dee7bd65e3c5c527356717d7a1c0bfef5b4ada8ca1e9cbe17	2dde6d03ddaa287e3ac95b4befe8f38e8766a35092fc01e47e28d86c7a29e412	a2e27161b8ab630803aa03774c8bf1369186d90f7c4920cbb030b198ed6b669c	9	2	3	ok	complete	byte8	812e4eeda7d68605	812e4eeda7d68605	1	47fe0d7eaf8e51e3	47fe0d7eaf8e51e3	1	0	L1_L2_exact
p5-primary-tiny	primary	0	0	tiny-ac-q04-r10	tiny_exhaustive	ac_lengths_1_to_3	compact	generated	4b650e5c4785025dee7bd65e3c5c527356717d7a1c0bfef5b4ada8ca1e9cbe17	084696b5b2f035fe1cafbccda422b6aa15b40d1d73bc98d7782beb4d83a5bc7f	56883f2c948b98aaf388492055853e282e676cd7d72581f4ca113caa6d49227a	9	2	3	ok	complete	byte8	16247dfea4d1e925	16247dfea4d1e925	1	903d855fe3c4c2c9	903d855fe3c4c2c9	1	0	L1_L2_exact
p5-primary-tiny	primary	0	0	tiny-ac-q04-r11	tiny_exhaustive	ac_lengths_1_to_3	compact	generated	4b650e5c4785025dee7bd65e3c5c527356717d7a1c0bfef5b4ada8ca1e9cbe17	803859f5b9d6d170d5714b2d798c8bf5fbc9bd1806f6c108ed02adc6e6116004	15cf6123e9633a28b6fb1a543711208fe2b73073ee6ee449e9f8d2f11035cf10	9	2	3	ok	complete	byte8	16247dfea4d1e925	16247dfea4d1e925	1	903d855fe3c4c2c9	903d855fe3c4c2c9	1	0	L1_L2_exact
p5-primary-tiny	primary	0	0	tiny-ac-q04-r12	tiny_exhaustive	ac_lengths_1_to_3	compact	generated	4b650e5c4785025dee7bd65e3c5c527356717d7a1c0bfef5b4ada8ca1e9cbe17	89932f8285bde9d693a0691a3400ba249f0d5c1357fe157dae3254112e489143	4d12aece7fb281176a4f7b63a5c19d3c6752729314cba88f116bcb70ad8cf0e6	9	2	3	ok	complete	byte8	ac1e1e57f6f4630a	ac1e1e57f6f4630a	1	3f4238a60725774a	3f4238a60725774a	1	0	L1_L2_exact
p5-primary-tiny	primary	0	0	tiny-ac-q04-r13	tiny_exhaustive	ac_lengths_1_to_3	compact	generated	4b650e5c4785025dee7bd65e3c5c527356717d7a1c0bfef5b4ada8ca1e9cbe17	8c55ff95a660f37cb05e644e7691e6c66593f453cb2cbaa4d64aa59b40ae8032	1b320ff55ab534ff3f4e7682c924544dcdfd1a40da32dbba53a33dd45489175c	9	2	3	ok	complete	byte8	812e4eeda7d68605	812e4eeda7d68605	1	47fe0d7eaf8e51e3	47fe0d7eaf8e51e3	1	0	L1_L2_exact
p5-primary-tiny	primary	0	0	tiny-ac-q05-r00	tiny_exhaustive	ac_lengths_1_to_3	compact	generated	a56362a10c816abf206d72cb914e2d5ca454eb9c7e744f88b1a1422c379e9942	559aead08264d5795d3909718cdd05abd49572e84fe55590eef31a88a08fdffd	04ca5c5ab69e4904d95f60c7657e3cc017377a45d3eb146a2d794b50b1c5133e	4	2	1	ok	complete	byte8	842360170b01e222	842360170b01e222	1	47fe0d7eaf8e51e3	47fe0d7eaf8e51e3	1	0	L1_L2_exact
p5-primary-tiny	primary	0	0	tiny-ac-q05-r01	tiny_exhaustive	ac_lengths_1_to_3	compact	generated	a56362a10c816abf206d72cb914e2d5ca454eb9c7e744f88b1a1422c379e9942	6b23c0d5f35d1b11f9b683f0b0a617355deb11277d91ae091d399c655b87940d	5c3117ffac4c5b2a62c0ac0d9390ae1328e274e0848978ba8b9df98b7523dadb	4	2	1	ok	complete	byte8	af132f815a1fbf27	af132f815a1fbf27	1	6b449f74be9c1be7	6b449f74be9c1be7	1	0	L1_L2_exact
p5-primary-tiny	primary	0	0	tiny-ac-q05-r02	tiny_exhaustive	ac_lengths_1_to_3	compact	generated	a56362a10c816abf206d72cb914e2d5ca454eb9c7e744f88b1a1422c379e9942	58bb119c35513a451d24dc20ef0e9031ec85b35bfc919d263e7e5d9868909cb5	651ad7fd5bab2cc255cb9aa7e6b449265217a94da6a68aefd188e6b678db5c5e	9	2	2	ok	complete	byte8	9a5d4ea665907e61	9a5d4ea665907e61	1	47fe0d7eaf8e51e3	47fe0d7eaf8e51e3	1	0	L1_L2_exact
p5-primary-tiny	primary	0	0	tiny-ac-q05-r03	tiny_exhaustive	ac_lengths_1_to_3	compact	generated	a56362a10c816abf206d72cb914e2d5ca454eb9c7e744f88b1a1422c379e9942	472e73d796e20aa8ff9059e6316f218e0322548f661ec4dc267507ed66317404	6f58a3363b343a8c07ab52a33a06cb4e2bb8e78a9a55ade0f1597f5ca6d85ab4	9	2	2	ok	complete	byte8	87578ffe9ecfc724	87578ffe9ecfc724	1	47fe0d7eaf8e51e3	47fe0d7eaf8e51e3	1	0	L1_L2_exact
p5-primary-tiny	primary	0	0	tiny-ac-q05-r04	tiny_exhaustive	ac_lengths_1_to_3	compact	generated	a56362a10c816abf206d72cb914e2d5ca454eb9c7e744f88b1a1422c379e9942	4b650e5c4785025dee7bd65e3c5c527356717d7a1c0bfef5b4ada8ca1e9cbe17	535df755a26af94ce70bba4b14776a14c6a178a5f453babed4b880e7d2e9c6e7	9	2	2	ok	complete	byte8	215a0901648ef4c1	215a0901648ef4c1	1	47fe0d7eaf8e51e3	47fe0d7eaf8e51e3	1	0	L1_L2_exact
p5-primary-tiny	primary	0	0	tiny-ac-q05-r05	tiny_exhaustive	ac_lengths_1_to_3	compact	generated	a56362a10c816abf206d72cb914e2d5ca454eb9c7e744f88b1a1422c379e9942	a56362a10c816abf206d72cb914e2d5ca454eb9c7e744f88b1a1422c379e9942	343e02abac195d88308574684b4298743391ee92583db6fa1796ee74581cc94f	9	2	2	ok	complete	byte8	6433e92e3c09f78e	6433e92e3c09f78e	1	903d855fe3c4c2c9	903d855fe3c4c2c9	1	0	L1_L2_exact
p5-primary-tiny	primary	0	0	tiny-ac-q05-r06	tiny_exhaustive	ac_lengths_1_to_3	compact	generated	a56362a10c816abf206d72cb914e2d5ca454eb9c7e744f88b1a1422c379e9942	cb1ad2119d8fafb69566510ee712661f9f14b83385006ef92aec47f523a38358	592fa06b9e2290aa8dd6704e7c2266ed4bdb8adc63413e466457b19708fb9d51	9	2	3	ok	complete	byte8	ba2b6282a813a6a0	ba2b6282a813a6a0	1	47fe0d7eaf8e51e3	47fe0d7eaf8e51e3	1	0	L1_L2_exact
p5-primary-tiny	primary	0	0	tiny-ac-q05-r07	tiny_exhaustive	ac_lengths_1_to_3	compact	generated	a56362a10c816abf206d72cb914e2d5ca454eb9c7e744f88b1a1422c379e9942	d5ced0c0b64bf1582582acb55425f70c12991c397368a8bbad06bb0a5d2cfeb7	c7a491b8d3f147437fabd784ad1c93c6777d2ef7106d802522319c0685164a82	9	2	3	ok	complete	byte8	e51b31ecf73183a5	e51b31ecf73183a5	1	47fe0d7eaf8e51e3	47fe0d7eaf8e51e3	1	0	L1_L2_exact
p5-primary-tiny	primary	0	0	tiny-ac-q05-r08	tiny_exhaustive	ac_lengths_1_to_3	compact	generated	a56362a10c816abf206d72cb914e2d5ca454eb9c7e744f88b1a1422c379e9942	b32062bf7b8bed45bc6c7bedfe1c093bf2d45c0b87973bab9e1ef4b85497f469	80c2315a829fc8c90b116ddd7789ae6f6888c47bf7df999ec21220cdc0947894	9	2	3	ok	complete	byte8	41281cdda7121d00	41281cdda7121d00	1	47fe0d7eaf8e51e3	47fe0d7eaf8e51e3	1	0	L1_L2_exact
p5-primary-tiny	primary	0	0	tiny-ac-q05-r09	tiny_exhaustive	ac_lengths_1_to_3	compact	generated	a56362a10c816abf206d72cb914e2d5ca454eb9c7e744f88b1a1422c379e9942	2dde6d03ddaa287e3ac95b4befe8f38e8766a35092fc01e47e28d86c7a29e412	e83cdf0cde79d224698295924d0e13bd00a333c77b738a3e1310f37e5c7d6b43	9	2	3	ok	complete	byte8	c1f78b1c946bb40f	c1f78b1c946bb40f	1	3f4238a60725774a	3f4238a60725774a	1	0	L1_L2_exact
p5-primary-tiny	primary	0	0	tiny-ac-q05-r10	tiny_exhaustive	ac_lengths_1_to_3	compact	generated	a56362a10c816abf206d72cb914e2d5ca454eb9c7e744f88b1a1422c379e9942	084696b5b2f035fe1cafbccda422b6aa15b40d1d73bc98d7782beb4d83a5bc7f	684a60307c2c24395dc56a5eeb08056e63be6659054c017f291009076d4d499a	9	2	3	ok	complete	byte8	812e4eeda7d68605	812e4eeda7d68605	1	47fe0d7eaf8e51e3	47fe0d7eaf8e51e3	1	0	L1_L2_exact
p5-primary-tiny	primary	0	0	tiny-ac-q05-r11	tiny_exhaustive	ac_lengths_1_to_3	compact	generated	a56362a10c816abf206d72cb914e2d5ca454eb9c7e744f88b1a1422c379e9942	803859f5b9d6d170d5714b2d798c8bf5fbc9bd1806f6c108ed02adc6e6116004	5f5419a4edf0e47731e4f5e3971907f71fe231669411acc242618952a20438cd	9	2	3	ok	complete	byte8	812e4eeda7d68605	812e4eeda7d68605	1	47fe0d7eaf8e51e3	47fe0d7eaf8e51e3	1	0	L1_L2_exact
p5-primary-tiny	primary	0	0	tiny-ac-q05-r12	tiny_exhaustive	ac_lengths_1_to_3	compact	generated	a56362a10c816abf206d72cb914e2d5ca454eb9c7e744f88b1a1422c379e9942	89932f8285bde9d693a0691a3400ba249f0d5c1357fe157dae3254112e489143	bf9d51d2920623908644ccc21c4de2dcc10332f9edde54ec275a2124d89afc65	9	2	3	ok	complete	byte8	16247dfea4d1e925	16247dfea4d1e925	1	903d855fe3c4c2c9	903d855fe3c4c2c9	1	0	L1_L2_exact
p5-primary-tiny	primary	0	0	tiny-ac-q05-r13	tiny_exhaustive	ac_lengths_1_to_3	compact	generated	a56362a10c816abf206d72cb914e2d5ca454eb9c7e744f88b1a1422c379e9942	8c55ff95a660f37cb05e644e7691e6c66593f453cb2cbaa4d64aa59b40ae8032	6c3e9586eb45aa55652e29b50eae81761c52d63230c2d314e814ebafe81b0641	9	2	3	ok	complete	byte8	16247dfea4d1e925	16247dfea4d1e925	1	903d855fe3c4c2c9	903d855fe3c4c2c9	1	0	L1_L2_exact
p5-primary-tiny	primary	0	0	tiny-ac-q06-r00	tiny_exhaustive	ac_lengths_1_to_3	compact	generated	cb1ad2119d8fafb69566510ee712661f9f14b83385006ef92aec47f523a38358	559aead08264d5795d3909718cdd05abd49572e84fe55590eef31a88a08fdffd	b1ce87bdd13764e92b73a5b16c64ed58b72ad54fafc1623353715b5cb3c46072	4	3	1	ok	complete	byte8	af132f815a1fbf27	af132f815a1fbf27	1	6b449f74be9c1be7	6b449f74be9c1be7	1	0	L1_L2_exact
p5-primary-tiny	primary	0	0	tiny-ac-q06-r01	tiny_exhaustive	ac_lengths_1_to_3	compact	generated	cb1ad2119d8fafb69566510ee712661f9f14b83385006ef92aec47f523a38358	6b23c0d5f35d1b11f9b683f0b0a617355deb11277d91ae091d399c655b87940d	b7337c4efab13a13abe5872e156b0a6e4856c7341f46a834cd5bfa37538f6520	4	3	1	ok	complete	byte8	842360170b01e222	842360170b01e222	1	47fe0d7eaf8e51e3	47fe0d7eaf8e51e3	1	0	L1_L2_exact
p5-primary-tiny	primary	0	0	tiny-ac-q06-r02	tiny_exhaustive	ac_lengths_1_to_3	compact	generated	cb1ad2119d8fafb69566510ee712661f9f14b83385006ef92aec47f523a38358	58bb119c35513a451d24dc20ef0e9031ec85b35bfc919d263e7e5d9868909cb5	60d13e0ddf4e191ebd79711a77631cff26d85308213fc5ea040e59245fb2749d	9	3	2	ok	complete	byte8	6433e92e3c09f78e	6433e92e3c09f78e	1	903d855fe3c4c2c9	903d855fe3c4c2c9	1	0	L1_L2_exact
p5-primary-tiny	primary	0	0	tiny-ac-q06-r03	tiny_exhaustive	ac_lengths_1_to_3	compact	generated	cb1ad2119d8fafb69566510ee712661f9f14b83385006ef92aec47f523a38358	472e73d796e20aa8ff9059e6316f218e0322548f661ec4dc267507ed66317404	88e98e59492ea5a8eb878057c23d515eddb3b35917157ed19d595207ba783b8c	9	3	2	ok	complete	byte8	215a0901648ef4c1	215a0901648ef4c1	1	47fe0d7eaf8e51e3	47fe0d7eaf8e51e3	1	0	L1_L2_exact
p5-primary-tiny	primary	0	0	tiny-ac-q06-r04	tiny_exhaustive	ac_lengths_1_to_3	compact	generated	cb1ad2119d8fafb69566510ee712661f9f14b83385006ef92aec47f523a38358	4b650e5c4785025dee7bd65e3c5c527356717d7a1c0bfef5b4ada8ca1e9cbe17	d6868493c3e1a878661785d72decb5b738336ad822d450bbeb0aabda9fc314ed	9	3	2	ok	complete	byte8	87578ffe9ecfc724	87578ffe9ecfc724	1	47fe0d7eaf8e51e3	47fe0d7eaf8e51e3	1	0	L1_L2_exact
p5-primary-tiny	primary	0	0	tiny-ac-q06-r05	tiny_exhaustive	ac_lengths_1_to_3	compact	generated	cb1ad2119d8fafb69566510ee712661f9f14b83385006ef92aec47f523a38358	a56362a10c816abf206d72cb914e2d5ca454eb9c7e744f88b1a1422c379e9942	69a9d76137465805d27d03e29c753734f4b78388eea78a2d056b4d8501933caf	9	3	2	ok	complete	byte8	9a5d4ea665907e61	9a5d4ea665907e61	1	47fe0d7eaf8e51e3	47fe0d7eaf8e51e3	1	0	L1_L2_exact
p5-primary-tiny	primary	0	0	tiny-ac-q06-r06	tiny_exhaustive	ac_lengths_1_to_3	compact	generated	cb1ad2119d8fafb69566510ee712661f9f14b83385006ef92aec47f523a38358	cb1ad2119d8fafb69566510ee712661f9f14b83385006ef92aec47f523a38358	8d5d57f336b4c3a7ea1d42ed770b1eb8d1fb58b0d8dda8a6187f583356d35933	14	3	3	ok	complete	byte8	eb34ae9455b40c20	eb34ae9455b40c20	1	f12ec26b5541caaf	f12ec26b5541caaf	1	0	L1_L2_exact
p5-primary-tiny	primary	0	0	tiny-ac-q06-r07	tiny_exhaustive	ac_lengths_1_to_3	compact	generated	cb1ad2119d8fafb69566510ee712661f9f14b83385006ef92aec47f523a38358	d5ced0c0b64bf1582582acb55425f70c12991c397368a8bbad06bb0a5d2cfeb7	d2887860b7b4da5db3678e3f1e7914aab64c2d5d6ce14a0ab371acee82bd1d1e	14	3	3	ok	complete	byte8	16247dfea4d1e925	16247dfea4d1e925	1	47fe0d7eaf8e51e3	47fe0d7eaf8e51e3	1	0	L1_L2_exact
p5-primary-tiny	primary	0	0	tiny-ac-q06-r08	tiny_exhaustive	ac_lengths_1_to_3	compact	generated	cb1ad2119d8fafb69566510ee712661f9f14b83385006ef92aec47f523a38358	b32062bf7b8bed45bc6c7bedfe1c093bf2d45c0b87973bab9e1ef4b85497f469	c92310f68801e52e34cdf41900e39ca2dd9bc143da705848b8fad0f6863723c7	14	3	3	ok	complete	byte8	7025c737aaa00206	7025c737aaa00206	1	47fe0d7eaf8e51e3	47fe0d7eaf8e51e3	1	0	L1_L2_exact
p5-primary-tiny	primary	0	0	tiny-ac-q06-r09	tiny_exhaustive	ac_lengths_1_to_3	compact	generated	cb1ad2119d8fafb69566510ee712661f9f14b83385006ef92aec47f523a38358	2dde6d03ddaa287e3ac95b4befe8f38e8766a35092fc01e47e28d86c7a29e412	6a5d3020d96f863c28909369760595371b7a60714024503421418e26354320d0	14	3	3	ok	complete	byte8	812e4eeda7d68605	812e4eeda7d68605	1	47fe0d7eaf8e51e3	47fe0d7eaf8e51e3	1	0	L1_L2_exact
p5-primary-tiny	primary	0	0	tiny-ac-q06-r10	tiny_exhaustive	ac_lengths_1_to_3	compact	generated	cb1ad2119d8fafb69566510ee712661f9f14b83385006ef92aec47f523a38358	084696b5b2f035fe1cafbccda422b6aa15b40d1d73bc98d7782beb4d83a5bc7f	a4de2a08ca5abf0c15f70a52b3ff843bd29dd9e0cac82aecbaaf6821e5f5c245	14	3	3	ok	complete	byte8	c1f78b1c946bb40f	c1f78b1c946bb40f	1	47fe0d7eaf8e51e3	47fe0d7eaf8e51e3	1	0	L1_L2_exact
p5-primary-tiny	primary	0	0	tiny-ac-q06-r11	tiny_exhaustive	ac_lengths_1_to_3	compact	generated	cb1ad2119d8fafb69566510ee712661f9f14b83385006ef92aec47f523a38358	803859f5b9d6d170d5714b2d798c8bf5fbc9bd1806f6c108ed02adc6e6116004	d1b3bf7c216b8d05fe749a414e3af7abe5cfbb87b0bc1ae20c8d479eebd3e1bd	14	3	3	ok	complete	byte8	41281cdda7121d00	41281cdda7121d00	1	47fe0d7eaf8e51e3	47fe0d7eaf8e51e3	1	0	L1_L2_exact
p5-primary-tiny	primary	0	0	tiny-ac-q06-r12	tiny_exhaustive	ac_lengths_1_to_3	compact	generated	cb1ad2119d8fafb69566510ee712661f9f14b83385006ef92aec47f523a38358	89932f8285bde9d693a0691a3400ba249f0d5c1357fe157dae3254112e489143	2e2db3a1a1a4ebebe36b2dba511d46cebc63fa969e562c6a71a1641fc130583d	14	3	3	ok	complete	byte8	e51b31ecf73183a5	e51b31ecf73183a5	1	47fe0d7eaf8e51e3	47fe0d7eaf8e51e3	1	0	L1_L2_exact
p5-primary-tiny	primary	0	0	tiny-ac-q06-r13	tiny_exhaustive	ac_lengths_1_to_3	compact	generated	cb1ad2119d8fafb69566510ee712661f9f14b83385006ef92aec47f523a38358	8c55ff95a660f37cb05e644e7691e6c66593f453cb2cbaa4d64aa59b40ae8032	e457ef126bf8b18b479b41a4cc780648ac30892ef46ac09bceea0be6b2ae34ee	14	3	3	ok	complete	byte8	ba2b6282a813a6a0	ba2b6282a813a6a0	1	47fe0d7eaf8e51e3	47fe0d7eaf8e51e3	1	0	L1_L2_exact
p5-primary-tiny	primary	0	0	tiny-ac-q07-r00	tiny_exhaustive	ac_lengths_1_to_3	compact	generated	d5ced0c0b64bf1582582acb55425f70c12991c397368a8bbad06bb0a5d2cfeb7	559aead08264d5795d3909718cdd05abd49572e84fe55590eef31a88a08fdffd	97f310b04e665e3fe454bb2413a226a36d1eb54deb64f22c902c453d9afa7c54	4	3	1	ok	complete	byte8	af132f815a1fbf27	af132f815a1fbf27	1	6b449f74be9c1be7	6b449f74be9c1be7	1	0	L1_L2_exact
p5-primary-tiny	primary	0	0	tiny-ac-q07-r01	tiny_exhaustive	ac_lengths_1_to_3	compact	generated	d5ced0c0b64bf1582582acb55425f70c12991c397368a8bbad06bb0a5d2cfeb7	6b23c0d5f35d1b11f9b683f0b0a617355deb11277d91ae091d399c655b87940d	543ad63c194afdc86a49eb0992a565c35f8228ac710a8234486c14a4e2273c23	4	3	1	ok	complete	byte8	af132f815a1fbf27	af132f815a1fbf27	1	6b449f74be9c1be7	6b449f74be9c1be7	1	0	L1_L2_exact
p5-primary-tiny	primary	0	0	tiny-ac-q07-r02	tiny_exhaustive	ac_lengths_1_to_3	compact	generated	d5ced0c0b64bf1582582acb55425f70c12991c397368a8bbad06bb0a5d2cfeb7	58bb119c35513a451d24dc20ef0e9031ec85b35bfc919d263e7e5d9868909cb5	806c63af7e19081251aa9e27fddac41a908b5006fbac1a2a41ca6c22cace42be	9	3	2	ok	complete	byte8	6433e92e3c09f78e	6433e92e3c09f78e	1	903d855fe3c4c2c9	903d855fe3c4c2c9	1	0	L1_L2_exact
p5-primary-tiny	primary	0	0	tiny-ac-q07-r03	tiny_exhaustive	ac_lengths_1_to_3	compact	generated	d5ced0c0b64bf1582582acb55425f70c12991c397368a8bbad06bb0a5d2cfeb7	472e73d796e20aa8ff9059e6316f218e0322548f661ec4dc267507ed66317404	aa104ee5c0ffcacae3232573a4188080f622e188e890c048102096f113ad0dfd	9	3	2	ok	complete	byte8	6433e92e3c09f78e	6433e92e3c09f78e	1	903d855fe3c4c2c9	903d855fe3c4c2c9	1	0	L1_L2_exact
p5-primary-tiny	primary	0	0	tiny-ac-q07-r04	tiny_exhaustive	ac_lengths_1_to_3	compact	generated	d5ced0c0b64bf1582582acb55425f70c12991c397368a8bbad06bb0a5d2cfeb7	4b650e5c4785025dee7bd65e3c5c527356717d7a1c0bfef5b4ada8ca1e9cbe17	881e0ad2d7095d965a3e59f6cd8f8a62e0e63ba0371e260081182c3b8a859e86	9	3	2	ok	complete	byte8	215a0901648ef4c1	215a0901648ef4c1	1	47fe0d7eaf8e51e3	47fe0d7eaf8e51e3	1	0	L1_L2_exact
p5-primary-tiny	primary	0	0	tiny-ac-q07-r05	tiny_exhaustive	ac_lengths_1_to_3	compact	generated	d5ced0c0b64bf1582582acb55425f70c12991c397368a8bbad06bb0a5d2cfeb7	a56362a10c816abf206d72cb914e2d5ca454eb9c7e744f88b1a1422c379e9942	6d2cee80744dbef0723f609aa8ac935a5fdd21ff7d33a958dbed7776787a20a5	9	3	2	ok	complete	byte8	215a0901648ef4c1	215a0901648ef4c1	1	47fe0d7eaf8e51e3	47fe0d7eaf8e51e3	1	0	L1_L2_exact
p5-primary-tiny	primary	0	0	tiny-ac-q07-r06	tiny_exhaustive	ac_lengths_1_to_3	compact	generated	d5ced0c0b64bf1582582acb55425f70c12991c397368a8bbad06bb0a5d2cfeb7	cb1ad2119d8fafb69566510ee712661f9f14b83385006ef92aec47f523a38358	572f07213b266c82b144c9ac479f398f0373f1c8809d426086a736d87ceb515c	14	3	3	ok	complete	byte8	16247dfea4d1e925	16247dfea4d1e925	1	47fe0d7eaf8e51e3	47fe0d7eaf8e51e3	1	0	L1_L2_exact
p5-primary-tiny	primary	0	0	tiny-ac-q07-r07	tiny_exhaustive	ac_lengths_1_to_3	compact	generated	d5ced0c0b64bf1582582acb55425f70c12991c397368a8bbad06bb0a5d2cfeb7	d5ced0c0b64bf1582582acb55425f70c12991c397368a8bbad06bb0a5d2cfeb7	5ed80215e8f131d2815af429c100f99ed679a5ff961c8bf9582b4d3bb468ad1a	14	3	3	ok	complete	byte8	eb34ae9455b40c20	eb34ae9455b40c20	1	f12ec26b5541caaf	f12ec26b5541caaf	1	0	L1_L2_exact
p5-primary-tiny	primary	0	0	tiny-ac-q07-r08	tiny_exhaustive	ac_lengths_1_to_3	compact	generated	d5ced0c0b64bf1582582acb55425f70c12991c397368a8bbad06bb0a5d2cfeb7	b32062bf7b8bed45bc6c7bedfe1c093bf2d45c0b87973bab9e1ef4b85497f469	01c6fd9facc40e97d69667904135c8fd0099a83470113c06e8deef57651e185c	14	3	3	ok	complete	byte8	16247dfea4d1e925	16247dfea4d1e925	1	47fe0d7eaf8e51e3	47fe0d7eaf8e51e3	1	0	L1_L2_exact
p5-primary-tiny	primary	0	0	tiny-ac-q07-r09	tiny_exhaustive	ac_lengths_1_to_3	compact	generated	d5ced0c0b64bf1582582acb55425f70c12991c397368a8bbad06bb0a5d2cfeb7	2dde6d03ddaa287e3ac95b4befe8f38e8766a35092fc01e47e28d86c7a29e412	34f9be36f2dc25f325689218edccc46d1c24229cb707551c9b1200508a9aef3a	14	3	3	ok	complete	byte8	16247dfea4d1e925	16247dfea4d1e925	1	47fe0d7eaf8e51e3	47fe0d7eaf8e51e3	1	0	L1_L2_exact
p5-primary-tiny	primary	0	0	tiny-ac-q07-r10	tiny_exhaustive	ac_lengths_1_to_3	compact	generated	d5ced0c0b64bf1582582acb55425f70c12991c397368a8bbad06bb0a5d2cfeb7	084696b5b2f035fe1cafbccda422b6aa15b40d1d73bc98d7782beb4d83a5bc7f	183a662060323fac0f3f063e9416ffe0bf567f6f8a3a3fd578483995b5739c5f	14	3	3	ok	complete	byte8	ac1e1e57f6f4630a	ac1e1e57f6f4630a	1	47fe0d7eaf8e51e3	47fe0d7eaf8e51e3	1	0	L1_L2_exact
p5-primary-tiny	primary	0	0	tiny-ac-q07-r11	tiny_exhaustive	ac_lengths_1_to_3	compact	generated	d5ced0c0b64bf1582582acb55425f70c12991c397368a8bbad06bb0a5d2cfeb7	803859f5b9d6d170d5714b2d798c8bf5fbc9bd1806f6c108ed02adc6e6116004	813823673718b6ed8b0018df0217d845ca1e23a1b27d3f4e29e6bad21bbfcc89	14	3	3	ok	complete	byte8	ac1e1e57f6f4630a	ac1e1e57f6f4630a	1	47fe0d7eaf8e51e3	47fe0d7eaf8e51e3	1	0	L1_L2_exact
p5-primary-tiny	primary	0	0	tiny-ac-q07-r12	tiny_exhaustive	ac_lengths_1_to_3	compact	generated	d5ced0c0b64bf1582582acb55425f70c12991c397368a8bbad06bb0a5d2cfeb7	89932f8285bde9d693a0691a3400ba249f0d5c1357fe157dae3254112e489143	fa6892a2335fa14189366e597289c6041427455b4c8408d8eaf144fe1ae720c7	14	3	3	ok	complete	byte8	812e4eeda7d68605	812e4eeda7d68605	1	47fe0d7eaf8e51e3	47fe0d7eaf8e51e3	1	0	L1_L2_exact
p5-primary-tiny	primary	0	0	tiny-ac-q07-r13	tiny_exhaustive	ac_lengths_1_to_3	compact	generated	d5ced0c0b64bf1582582acb55425f70c12991c397368a8bbad06bb0a5d2cfeb7	8c55ff95a660f37cb05e644e7691e6c66593f453cb2cbaa4d64aa59b40ae8032	d1c54c0c1d6b374a41969aee42554e5bb800c9d92264e8fa5aba8841fd0a8a03	14	3	3	ok	complete	byte8	812e4eeda7d68605	812e4eeda7d68605	1	47fe0d7eaf8e51e3	47fe0d7eaf8e51e3	1	0	L1_L2_exact
p5-primary-tiny	primary	0	0	tiny-ac-q08-r00	tiny_exhaustive	ac_lengths_1_to_3	compact	generated	b32062bf7b8bed45bc6c7bedfe1c093bf2d45c0b87973bab9e1ef4b85497f469	559aead08264d5795d3909718cdd05abd49572e84fe55590eef31a88a08fdffd	938d35b2f25182d35282fb33a122a697df8e4376225d5091afa44716270aff69	4	3	1	ok	complete	byte8	af132f815a1fbf27	af132f815a1fbf27	1	6b449f74be9c1be7	6b449f74be9c1be7	1	0	L1_L2_exact
p5-primary-tiny	primary	0	0	tiny-ac-q08-r01	tiny_exhaustive	ac_lengths_1_to_3	compact	generated	b32062bf7b8bed45bc6c7bedfe1c093bf2d45c0b87973bab9e1ef4b85497f469	6b23c0d5f35d1b11f9b683f0b0a617355deb11277d91ae091d399c655b87940d	af93e1b8d3490a0f72b5bc76ae20f736d9ec3caa34c583b44badc19d5b4fd236	4	3	1	ok	complete	byte8	af132f815a1fbf27	af132f815a1fbf27	1	6b449f74be9c1be7	6b449f74be9c1be7	1	0	L1_L2_exact
p5-primary-tiny	primary	0	0	tiny-ac-q08-r02	tiny_exhaustive	ac_lengths_1_to_3	compact	generated	b32062bf7b8bed45bc6c7bedfe1c093bf2d45c0b87973bab9e1ef4b85497f469	58bb119c35513a451d24dc20ef0e9031ec85b35bfc919d263e7e5d9868909cb5	3ea4d84416f8ec3a1528d10173602c41572df32dcec2fb1276abce01b8f8d255	9	3	2	ok	complete	byte8	215a0901648ef4c1	215a0901648ef4c1	1	47fe0d7eaf8e51e3	47fe0d7eaf8e51e3	1	0	L1_L2_exact
p5-primary-tiny	primary	0	0	tiny-ac-q08-r03	tiny_exhaustive	ac_lengths_1_to_3	compact	generated	b32062bf7b8bed45bc6c7bedfe1c093bf2d45c0b87973bab9e1ef4b85497f469	472e73d796e20aa8ff9059e6316f218e0322548f661ec4dc267507ed66317404	3f0154dd679a7c126649c5bcadbd340c1c9d9b4f8ad2fc71262f524612f5ffdc	9	3	2	ok	complete	byte8	6433e92e3c09f78e	6433e92e3c09f78e	1	903d855fe3c4c2c9	903d855fe3c4c2c9	1	0	L1_L2_exact
p5-primary-tiny	primary	0	0	tiny-ac-q08-r04	tiny_exhaustive	ac_lengths_1_to_3	compact	generated	b32062bf7b8bed45bc6c7bedfe1c093bf2d45c0b87973bab9e1ef4b85497f469	4b650e5c4785025dee7bd65e3c5c527356717d7a1c0bfef5b4ada8ca1e9cbe17	a320f4c7eabafe1b8eab52c0aaae6653f03ae356c905b92ab50c9937e28187d7	9	3	2	ok	complete	byte8	6433e92e3c09f78e	6433e92e3c09f78e	1	903d855fe3c4c2c9	903d855fe3c4c2c9	1	0	L1_L2_exact
p5-primary-tiny	primary	0	0	tiny-ac-q08-r05	tiny_exhaustive	ac_lengths_1_to_3	compact	generated	b32062bf7b8bed45bc6c7bedfe1c093bf2d45c0b87973bab9e1ef4b85497f469	a56362a10c816abf206d72cb914e2d5ca454eb9c7e744f88b1a1422c379e9942	0f855a5f439922a85c987e187f2efe069cd0db98efed032b10c9c37b29239cbe	9	3	2	ok	complete	byte8	215a0901648ef4c1	215a0901648ef4c1	1	47fe0d7eaf8e51e3	47fe0d7eaf8e51e3	1	0	L1_L2_exact
p5-primary-tiny	primary	0	0	tiny-ac-q08-r06	tiny_exhaustive	ac_lengths_1_to_3	compact	generated	b32062bf7b8bed45bc6c7bedfe1c093bf2d45c0b87973bab9e1ef4b85497f469	cb1ad2119d8fafb69566510ee712661f9f14b83385006ef92aec47f523a38358	7bab89d7fc3c5974a56136ff85ceb1f1beb0c0adb88f7d24cde1f66c8ace4375	14	3	3	ok	complete	byte8	7025c737aaa00206	7025c737aaa00206	1	47fe0d7eaf8e51e3	47fe0d7eaf8e51e3	1	0	L1_L2_exact
p5-primary-tiny	primary	0	0	tiny-ac-q08-r07	tiny_exhaustive	ac_lengths_1_to_3	compact	generated	b32062bf7b8bed45bc6c7bedfe1c093bf2d45c0b87973bab9e1ef4b85497f469	d5ced0c0b64bf1582582acb55425f70c12991c397368a8bbad06bb0a5d2cfeb7	0c1c941a88b16b803794423a48fb9ad488244771340369e43ecc95ba7119a9aa	14	3	3	ok	complete	byte8	ac1e1e57f6f4630a	ac1e1e57f6f4630a	1	47fe0d7eaf8e51e3	47fe0d7eaf8e51e3	1	0	L1_L2_exact
p5-primary-tiny	primary	0	0	tiny-ac-q08-r08	tiny_exhaustive	ac_lengths_1_to_3	compact	generated	b32062bf7b8bed45bc6c7bedfe1c093bf2d45c0b87973bab9e1ef4b85497f469	b32062bf7b8bed45bc6c7bedfe1c093bf2d45c0b87973bab9e1ef4b85497f469	60684eb677d28b4fcae5119bf9a10ab91a9181a2e91acede7ee5978a66c9e4e6	14	3	3	ok	complete	byte8	eb34ae9455b40c20	eb34ae9455b40c20	1	f12ec26b5541caaf	f12ec26b5541caaf	1	0	L1_L2_exact
p5-primary-tiny	primary	0	0	tiny-ac-q08-r09	tiny_exhaustive	ac_lengths_1_to_3	compact	generated	b32062bf7b8bed45bc6c7bedfe1c093bf2d45c0b87973bab9e1ef4b85497f469	2dde6d03ddaa287e3ac95b4befe8f38e8766a35092fc01e47e28d86c7a29e412	e799252da83a4c583cc018ea97c7475ce1fa3811ef961c4266abd757bcf59f47	14	3	3	ok	complete	byte8	521cd51ef1264a29	521cd51ef1264a29	1	47fe0d7eaf8e51e3	47fe0d7eaf8e51e3	1	0	L1_L2_exact
p5-primary-tiny	primary	0	0	tiny-ac-q08-r10	tiny_exhaustive	ac_lengths_1_to_3	compact	generated	b32062bf7b8bed45bc6c7bedfe1c093bf2d45c0b87973bab9e1ef4b85497f469	084696b5b2f035fe1cafbccda422b6aa15b40d1d73bc98d7782beb4d83a5bc7f	d588164ac1c4fb4d30b31738329177672e4c54cc2b17ce49152c49650fec2825	14	3	3	ok	complete	byte8	16247dfea4d1e925	16247dfea4d1e925	1	47fe0d7eaf8e51e3	47fe0d7eaf8e51e3	1	0	L1_L2_exact
p5-primary-tiny	primary	0	0	tiny-ac-q08-r11	tiny_exhaustive	ac_lengths_1_to_3	compact	generated	b32062bf7b8bed45bc6c7bedfe1c093bf2d45c0b87973bab9e1ef4b85497f469	803859f5b9d6d170d5714b2d798c8bf5fbc9bd1806f6c108ed02adc6e6116004	ab7b05e0849dfe97a979a9612d66a7c28a69b660614911e6d3c70358e2e77d5e	14	3	3	ok	complete	byte8	16247dfea4d1e925	16247dfea4d1e925	1	47fe0d7eaf8e51e3	47fe0d7eaf8e51e3	1	0	L1_L2_exact
p5-primary-tiny	primary	0	0	tiny-ac-q08-r12	tiny_exhaustive	ac_lengths_1_to_3	compact	generated	b32062bf7b8bed45bc6c7bedfe1c093bf2d45c0b87973bab9e1ef4b85497f469	89932f8285bde9d693a0691a3400ba249f0d5c1357fe157dae3254112e489143	342882fe7688ca26a58f6c1467f4f8417484f2e025bfbed8a5ab166d924d2aff	14	3	3	ok	complete	byte8	ac1e1e57f6f4630a	ac1e1e57f6f4630a	1	47fe0d7eaf8e51e3	47fe0d7eaf8e51e3	1	0	L1_L2_exact
p5-primary-tiny	primary	0	0	tiny-ac-q08-r13	tiny_exhaustive	ac_lengths_1_to_3	compact	generated	b32062bf7b8bed45bc6c7bedfe1c093bf2d45c0b87973bab9e1ef4b85497f469	8c55ff95a660f37cb05e644e7691e6c66593f453cb2cbaa4d64aa59b40ae8032	ade62ed0d71c1f3224b30faa523e7eb2b0226d0553fd04eb7bf1a0f1b14a58ea	14	3	3	ok	complete	byte8	812e4eeda7d68605	812e4eeda7d68605	1	47fe0d7eaf8e51e3	47fe0d7eaf8e51e3	1	0	L1_L2_exact
p5-primary-tiny	primary	0	0	tiny-ac-q09-r00	tiny_exhaustive	ac_lengths_1_to_3	compact	generated	2dde6d03ddaa287e3ac95b4befe8f38e8766a35092fc01e47e28d86c7a29e412	559aead08264d5795d3909718cdd05abd49572e84fe55590eef31a88a08fdffd	2e041261579f1dc5f125359e5d76f7152a7fc8f21c73ce165ff61b0c16cf6159	4	3	1	ok	complete	byte8	af132f815a1fbf27	af132f815a1fbf27	1	6b449f74be9c1be7	6b449f74be9c1be7	1	0	L1_L2_exact
p5-primary-tiny	primary	0	0	tiny-ac-q09-r01	tiny_exhaustive	ac_lengths_1_to_3	compact	generated	2dde6d03ddaa287e3ac95b4befe8f38e8766a35092fc01e47e28d86c7a29e412	6b23c0d5f35d1b11f9b683f0b0a617355deb11277d91ae091d399c655b87940d	4c47a373675a8b3fbc4c84734692fb5bc2c0cbe824b98da0aa93e820961dc901	4	3	1	ok	complete	byte8	af132f815a1fbf27	af132f815a1fbf27	1	6b449f74be9c1be7	6b449f74be9c1be7	1	0	L1_L2_exact
p5-primary-tiny	primary	0	0	tiny-ac-q09-r02	tiny_exhaustive	ac_lengths_1_to_3	compact	generated	2dde6d03ddaa287e3ac95b4befe8f38e8766a35092fc01e47e28d86c7a29e412	58bb119c35513a451d24dc20ef0e9031ec85b35bfc919d263e7e5d9868909cb5	da2e4268c662a0daf7f68651ce32927ac922420d54ec1d7ecdccdb559dd447f4	9	3	2	ok	complete	byte8	215a0901648ef4c1	215a0901648ef4c1	1	47fe0d7eaf8e51e3	47fe0d7eaf8e51e3	1	0	L1_L2_exact
p5-primary-tiny	primary	0	0	tiny-ac-q09-r03	tiny_exhaustive	ac_lengths_1_to_3	compact	generated	2dde6d03ddaa287e3ac95b4befe8f38e8766a35092fc01e47e28d86c7a29e412	472e73d796e20aa8ff9059e6316f218e0322548f661ec4dc267507ed66317404	32333eab074ea95194966c8ea2023418cf02cf01d3ad2043838c0b6e342f8f2a	9	3	2	ok	complete	byte8	6433e92e3c09f78e	6433e92e3c09f78e	1	903d855fe3c4c2c9	903d855fe3c4c2c9	1	0	L1_L2_exact
p5-primary-tiny	primary	0	0	tiny-ac-q09-r04	tiny_exhaustive	ac_lengths_1_to_3	compact	generated	2dde6d03ddaa287e3ac95b4befe8f38e8766a35092fc01e47e28d86c7a29e412	4b650e5c4785025dee7bd65e3c5c527356717d7a1c0bfef5b4ada8ca1e9cbe17	af167fd98075508a04a9909cd30802d37e6172871b2dedbcf7316cd8a4c5a364	9	3	2	ok	complete	byte8	215a0901648ef4c1	215a0901648ef4c1	1	47fe0d7eaf8e51e3	47fe0d7eaf8e51e3	1	0	L1_L2_exact
p5-primary-tiny	primary	0	0	tiny-ac-q09-r05	tiny_exhaustive	ac_lengths_1_to_3	compact	generated	2dde6d03ddaa287e3ac95b4befe8f38e8766a35092fc01e47e28d86c7a29e412	a56362a10c816abf206d72cb914e2d5ca454eb9c7e744f88b1a1422c379e9942	4134a747a9fa86e17d25d388fb0e1895bb7d8da7b12042769fc236c01ba19fac	9	3	2	ok	complete	byte8	6433e92e3c09f78e	6433e92e3c09f78e	1	903d855fe3c4c2c9	903d855fe3c4c2c9	1	0	L1_L2_exact
p5-primary-tiny	primary	0	0	tiny-ac-q09-r06	tiny_exhaustive	ac_lengths_1_to_3	compact	generated	2dde6d03ddaa287e3ac95b4befe8f38e8766a35092fc01e47e28d86c7a29e412	cb1ad2119d8fafb69566510ee712661f9f14b83385006ef92aec47f523a38358	70536bc4afd850b89b0bacd2549d057be78a8d08d9cbef88f29ce916f224ca45	14	3	3	ok	complete	byte8	812e4eeda7d68605	812e4eeda7d68605	1	47fe0d7eaf8e51e3	47fe0d7eaf8e51e3	1	0	L1_L2_exact
p5-primary-tiny	primary	0	0	tiny-ac-q09-r07	tiny_exhaustive	ac_lengths_1_to_3	compact	generated	2dde6d03ddaa287e3ac95b4befe8f38e8766a35092fc01e47e28d86c7a29e412	d5ced0c0b64bf1582582acb55425f70c12991c397368a8bbad06bb0a5d2cfeb7	6dd549af6f2d3fb7b79855bc7d75818c8dd66bebd8afff907dfd4e0902df4b9a	14	3	3	ok	complete	byte8	ac1e1e57f6f4630a	ac1e1e57f6f4630a	1	47fe0d7eaf8e51e3	47fe0d7eaf8e51e3	1	0	L1_L2_exact
p5-primary-tiny	primary	0	0	tiny-ac-q09-r08	tiny_exhaustive	ac_lengths_1_to_3	compact	generated	2dde6d03ddaa287e3ac95b4befe8f38e8766a35092fc01e47e28d86c7a29e412	b32062bf7b8bed45bc6c7bedfe1c093bf2d45c0b87973bab9e1ef4b85497f469	c2f3a7158f9ac0567b4a694889a23bff47644aeb17575e73cae40e4623c90c28	14	3	3	ok	complete	byte8	521cd51ef1264a29	521cd51ef1264a29	1	47fe0d7eaf8e51e3	47fe0d7eaf8e51e3	1	0	L1_L2_exact
p5-primary-tiny	primary	0	0	tiny-ac-q09-r09	tiny_exhaustive	ac_lengths_1_to_3	compact	generated	2dde6d03ddaa287e3ac95b4befe8f38e8766a35092fc01e47e28d86c7a29e412	2dde6d03ddaa287e3ac95b4befe8f38e8766a35092fc01e47e28d86c7a29e412	a54192e380f61aef0e23c448ee5bc62f7447505ca90b2089abd883fe20d671a2	14	3	3	ok	complete	byte8	eb34ae9455b40c20	eb34ae9455b40c20	1	f12ec26b5541caaf	f12ec26b5541caaf	1	0	L1_L2_exact
p5-primary-tiny	primary	0	0	tiny-ac-q09-r10	tiny_exhaustive	ac_lengths_1_to_3	compact	generated	2dde6d03ddaa287e3ac95b4befe8f38e8766a35092fc01e47e28d86c7a29e412	084696b5b2f035fe1cafbccda422b6aa15b40d1d73bc98d7782beb4d83a5bc7f	e9373c7d58c1cc3cabd6a5bf804c2309e36241372ac76781294358aedc8d6600	14	3	3	ok	complete	byte8	812e4eeda7d68605	812e4eeda7d68605	1	47fe0d7eaf8e51e3	47fe0d7eaf8e51e3	1	0	L1_L2_exact
p5-primary-tiny	primary	0	0	tiny-ac-q09-r11	tiny_exhaustive	ac_lengths_1_to_3	compact	generated	2dde6d03ddaa287e3ac95b4befe8f38e8766a35092fc01e47e28d86c7a29e412	803859f5b9d6d170d5714b2d798c8bf5fbc9bd1806f6c108ed02adc6e6116004	fe8cfd2e90ae3fa834b14c30f1990ee3bc810cab0cacc0a2933a1ef9a3a51c0f	14	3	3	ok	complete	byte8	ac1e1e57f6f4630a	ac1e1e57f6f4630a	1	47fe0d7eaf8e51e3	47fe0d7eaf8e51e3	1	0	L1_L2_exact
p5-primary-tiny	primary	0	0	tiny-ac-q09-r12	tiny_exhaustive	ac_lengths_1_to_3	compact	generated	2dde6d03ddaa287e3ac95b4befe8f38e8766a35092fc01e47e28d86c7a29e412	89932f8285bde9d693a0691a3400ba249f0d5c1357fe157dae3254112e489143	54e30e7b3c6bbd0efb5b8701df366e2ab248e387571b08237feafd6ab62f1eab	14	3	3	ok	complete	byte8	16247dfea4d1e925	16247dfea4d1e925	1	47fe0d7eaf8e51e3	47fe0d7eaf8e51e3	1	0	L1_L2_exact
p5-primary-tiny	primary	0	0	tiny-ac-q09-r13	tiny_exhaustive	ac_lengths_1_to_3	compact	generated	2dde6d03ddaa287e3ac95b4befe8f38e8766a35092fc01e47e28d86c7a29e412	8c55ff95a660f37cb05e644e7691e6c66593f453cb2cbaa4d64aa59b40ae8032	cdf131cb0f70f3277c398e8d94f585be89cfe7437a83221cc4570e8e0732941d	14	3	3	ok	complete	byte8	16247dfea4d1e925	16247dfea4d1e925	1	47fe0d7eaf8e51e3	47fe0d7eaf8e51e3	1	0	L1_L2_exact
p5-primary-tiny	primary	0	0	tiny-ac-q10-r00	tiny_exhaustive	ac_lengths_1_to_3	compact	generated	084696b5b2f035fe1cafbccda422b6aa15b40d1d73bc98d7782beb4d83a5bc7f	559aead08264d5795d3909718cdd05abd49572e84fe55590eef31a88a08fdffd	f3f8703c3bf656daa3e3bdb773a7ae9bd603c28548a0bd1b72684eda34b13876	4	3	1	ok	complete	byte8	af132f815a1fbf27	af132f815a1fbf27	1	6b449f74be9c1be7	6b449f74be9c1be7	1	0	L1_L2_exact
p5-primary-tiny	primary	0	0	tiny-ac-q10-r01	tiny_exhaustive	ac_lengths_1_to_3	compact	generated	084696b5b2f035fe1cafbccda422b6aa15b40d1d73bc98d7782beb4d83a5bc7f	6b23c0d5f35d1b11f9b683f0b0a617355deb11277d91ae091d399c655b87940d	f9408ccdac3411c4b8e3f298efa48c1ad7333891f5cf959f0194ecd250538df9	4	3	1	ok	complete	byte8	af132f815a1fbf27	af132f815a1fbf27	1	6b449f74be9c1be7	6b449f74be9c1be7	1	0	L1_L2_exact
p5-primary-tiny	primary	0	0	tiny-ac-q10-r02	tiny_exhaustive	ac_lengths_1_to_3	compact	generated	084696b5b2f035fe1cafbccda422b6aa15b40d1d73bc98d7782beb4d83a5bc7f	58bb119c35513a451d24dc20ef0e9031ec85b35bfc919d263e7e5d9868909cb5	f42fd7d4c8ea9c54c130e74f7f220770d485b9d4d9127074b59c2923ec443587	9	3	2	ok	complete	byte8	6433e92e3c09f78e	6433e92e3c09f78e	1	903d855fe3c4c2c9	903d855fe3c4c2c9	1	0	L1_L2_exact
p5-primary-tiny	primary	0	0	tiny-ac-q10-r03	tiny_exhaustive	ac_lengths_1_to_3	compact	generated	084696b5b2f035fe1cafbccda422b6aa15b40d1d73bc98d7782beb4d83a5bc7f	472e73d796e20aa8ff9059e6316f218e0322548f661ec4dc267507ed66317404	a9b396683c577b171c787a571d0c0ee795ee5998cf965f0308c4bcb214253b52	9	3	2	ok	complete	byte8	215a0901648ef4c1	215a0901648ef4c1	1	47fe0d7eaf8e51e3	47fe0d7eaf8e51e3	1	0	L1_L2_exact
p5-primary-tiny	primary	0	0	tiny-ac-q10-r04	tiny_exhaustive	ac_lengths_1_to_3	compact	generated	084696b5b2f035fe1cafbccda422b6aa15b40d1d73bc98d7782beb4d83a5bc7f	4b650e5c4785025dee7bd65e3c5c527356717d7a1c0bfef5b4ada8ca1e9cbe17	999506322675b1d3f6226a6e2c2ef730b1b7e2856b96dd7ba00770fbc66ba06a	9	3	2	ok	complete	byte8	6433e92e3c09f78e	6433e92e3c09f78e	1	903d855fe3c4c2c9	903d855fe3c4c2c9	1	0	L1_L2_exact
p5-primary-tiny	primary	0	0	tiny-ac-q10-r05	tiny_exhaustive	ac_lengths_1_to_3	compact	generated	084696b5b2f035fe1cafbccda422b6aa15b40d1d73bc98d7782beb4d83a5bc7f	a56362a10c816abf206d72cb914e2d5ca454eb9c7e744f88b1a1422c379e9942	541af4904a7b403cde10d36e13da488cc2d3d2b65acbdb44c8cc9a74fe641336	9	3	2	ok	complete	byte8	215a0901648ef4c1	215a0901648ef4c1	1	47fe0d7eaf8e51e3	47fe0d7eaf8e51e3	1	0	L1_L2_exact
p5-primary-tiny	primary	0	0	tiny-ac-q10-r06	tiny_exhaustive	ac_lengths_1_to_3	compact	generated	084696b5b2f035fe1cafbccda422b6aa15b40d1d73bc98d7782beb4d83a5bc7f	cb1ad2119d8fafb69566510ee712661f9f14b83385006ef92aec47f523a38358	d9d0a2b8ac6b1d45c471a4e54fd5394cfcae65c5d6de8ac58ed736093c3c27c3	14	3	3	ok	complete	byte8	16247dfea4d1e925	16247dfea4d1e925	1	47fe0d7eaf8e51e3	47fe0d7eaf8e51e3	1	0	L1_L2_exact
p5-primary-tiny	primary	0	0	tiny-ac-q10-r07	tiny_exhaustive	ac_lengths_1_to_3	compact	generated	084696b5b2f035fe1cafbccda422b6aa15b40d1d73bc98d7782beb4d83a5bc7f	d5ced0c0b64bf1582582acb55425f70c12991c397368a8bbad06bb0a5d2cfeb7	abaaec665475a747154438ed21500076fa06e45cec372874d394e3364987a39d	14	3	3	ok	complete	byte8	16247dfea4d1e925	16247dfea4d1e925	1	47fe0d7eaf8e51e3	47fe0d7eaf8e51e3	1	0	L1_L2_exact
p5-primary-tiny	primary	0	0	tiny-ac-q10-r08	tiny_exhaustive	ac_lengths_1_to_3	compact	generated	084696b5b2f035fe1cafbccda422b6aa15b40d1d73bc98d7782beb4d83a5bc7f	b32062bf7b8bed45bc6c7bedfe1c093bf2d45c0b87973bab9e1ef4b85497f469	6b58014c57bd1f2183d962d403d8134765625b8be58413c685162aae57e62aab	14	3	3	ok	complete	byte8	ac1e1e57f6f4630a	ac1e1e57f6f4630a	1	47fe0d7eaf8e51e3	47fe0d7eaf8e51e3	1	0	L1_L2_exact
p5-primary-tiny	primary	0	0	tiny-ac-q10-r09	tiny_exhaustive	ac_lengths_1_to_3	compact	generated	084696b5b2f035fe1cafbccda422b6aa15b40d1d73bc98d7782beb4d83a5bc7f	2dde6d03ddaa287e3ac95b4befe8f38e8766a35092fc01e47e28d86c7a29e412	d5ce798b253710518a03a0f2afc42928e7f8a8ed5ac181a7255c17fb35a0a8c4	14	3	3	ok	complete	byte8	812e4eeda7d68605	812e4eeda7d68605	1	47fe0d7eaf8e51e3	47fe0d7eaf8e51e3	1	0	L1_L2_exact
p5-primary-tiny	primary	0	0	tiny-ac-q10-r10	tiny_exhaustive	ac_lengths_1_to_3	compact	generated	084696b5b2f035fe1cafbccda422b6aa15b40d1d73bc98d7782beb4d83a5bc7f	084696b5b2f035fe1cafbccda422b6aa15b40d1d73bc98d7782beb4d83a5bc7f	9992efe1299856150ac14d798067e038d9af15a12e942e3df0b2cafe19ba01c4	14	3	3	ok	complete	byte8	eb34ae9455b40c20	eb34ae9455b40c20	1	f12ec26b5541caaf	f12ec26b5541caaf	1	0	L1_L2_exact
p5-primary-tiny	primary	0	0	tiny-ac-q10-r11	tiny_exhaustive	ac_lengths_1_to_3	compact	generated	084696b5b2f035fe1cafbccda422b6aa15b40d1d73bc98d7782beb4d83a5bc7f	803859f5b9d6d170d5714b2d798c8bf5fbc9bd1806f6c108ed02adc6e6116004	55aff1f98ccebcfde7021e0614eee79b7d158a43fda934f96316e8b54d643914	14	3	3	ok	complete	byte8	521cd51ef1264a29	521cd51ef1264a29	1	47fe0d7eaf8e51e3	47fe0d7eaf8e51e3	1	0	L1_L2_exact
p5-primary-tiny	primary	0	0	tiny-ac-q10-r12	tiny_exhaustive	ac_lengths_1_to_3	compact	generated	084696b5b2f035fe1cafbccda422b6aa15b40d1d73bc98d7782beb4d83a5bc7f	89932f8285bde9d693a0691a3400ba249f0d5c1357fe157dae3254112e489143	649730cd5da48b6e33fc6668c579b187fc75e14137ef5e52166ac9b016ad7681	14	3	3	ok	complete	byte8	ac1e1e57f6f4630a	ac1e1e57f6f4630a	1	47fe0d7eaf8e51e3	47fe0d7eaf8e51e3	1	0	L1_L2_exact
p5-primary-tiny	primary	0	0	tiny-ac-q10-r13	tiny_exhaustive	ac_lengths_1_to_3	compact	generated	084696b5b2f035fe1cafbccda422b6aa15b40d1d73bc98d7782beb4d83a5bc7f	8c55ff95a660f37cb05e644e7691e6c66593f453cb2cbaa4d64aa59b40ae8032	f58a334669ff584ccc1532b70aaf5b618aaadb0f02744a4cfa2ccc0e9b646b61	14	3	3	ok	complete	byte8	812e4eeda7d68605	812e4eeda7d68605	1	47fe0d7eaf8e51e3	47fe0d7eaf8e51e3	1	0	L1_L2_exact
p5-primary-tiny	primary	0	0	tiny-ac-q11-r00	tiny_exhaustive	ac_lengths_1_to_3	compact	generated	803859f5b9d6d170d5714b2d798c8bf5fbc9bd1806f6c108ed02adc6e6116004	559aead08264d5795d3909718cdd05abd49572e84fe55590eef31a88a08fdffd	0f2ff483a5949b3bc0f97e97e92bb7c296c8e6c3201f1e023d9d2d8c366a489e	4	3	1	ok	complete	byte8	af132f815a1fbf27	af132f815a1fbf27	1	6b449f74be9c1be7	6b449f74be9c1be7	1	0	L1_L2_exact
p5-primary-tiny	primary	0	0	tiny-ac-q11-r01	tiny_exhaustive	ac_lengths_1_to_3	compact	generated	803859f5b9d6d170d5714b2d798c8bf5fbc9bd1806f6c108ed02adc6e6116004	6b23c0d5f35d1b11f9b683f0b0a617355deb11277d91ae091d399c655b87940d	b0d93db116ab20f1072f8dca6ba1e5d445c8b17febcc5b49f52ca95fa066b385	4	3	1	ok	complete	byte8	af132f815a1fbf27	af132f815a1fbf27	1	6b449f74be9c1be7	6b449f74be9c1be7	1	0	L1_L2_exact
p5-primary-tiny	primary	0	0	tiny-ac-q11-r02	tiny_exhaustive	ac_lengths_1_to_3	compact	generated	803859f5b9d6d170d5714b2d798c8bf5fbc9bd1806f6c108ed02adc6e6116004	58bb119c35513a451d24dc20ef0e9031ec85b35bfc919d263e7e5d9868909cb5	7b99ac40db01e4e2b3882b3452135029dba389169aafef9d78a75e35da6fe887	9	3	2	ok	complete	byte8	215a0901648ef4c1	215a0901648ef4c1	1	47fe0d7eaf8e51e3	47fe0d7eaf8e51e3	1	0	L1_L2_exact
p5-primary-tiny	primary	0	0	tiny-ac-q11-r03	tiny_exhaustive	ac_lengths_1_to_3	compact	generated	803859f5b9d6d170d5714b2d798c8bf5fbc9bd1806f6c108ed02adc6e6116004	472e73d796e20aa8ff9059e6316f218e0322548f661ec4dc267507ed66317404	b0f31f70c97cf55afcb3a50de52b509a261b10e469c4dfd613edfe3da1c0cf21	9	3	2	ok	complete	byte8	6433e92e3c09f78e	6433e92e3c09f78e	1	903d855fe3c4c2c9	903d855fe3c4c2c9	1	0	L1_L2_exact
p5-primary-tiny	primary	0	0	tiny-ac-q11-r04	tiny_exhaustive	ac_lengths_1_to_3	compact	generated	803859f5b9d6d170d5714b2d798c8bf5fbc9bd1806f6c108ed02adc6e6116004	4b650e5c4785025dee7bd65e3c5c527356717d7a1c0bfef5b4ada8ca1e9cbe17	5387db9fd8127b23bd8392ea1aa279338cfa5820a6e01e40ae2ecde863d56914	9	3	2	ok	complete	byte8	6433e92e3c09f78e	6433e92e3c09f78e	1	903d855fe3c4c2c9	903d855fe3c4c2c9	1	0	L1_L2_exact
p5-primary-tiny	primary	0	0	tiny-ac-q11-r05	tiny_exhaustive	ac_lengths_1_to_3	compact	generated	803859f5b9d6d170d5714b2d798c8bf5fbc9bd1806f6c108ed02adc6e6116004	a56362a10c816abf206d72cb914e2d5ca454eb9c7e744f88b1a1422c379e9942	f768f3bf4db23635d233a9910e28cdc552394bf42e95fb34807ee0425c6f1944	9	3	2	ok	complete	byte8	215a0901648ef4c1	215a0901648ef4c1	1	47fe0d7eaf8e51e3	47fe0d7eaf8e51e3	1	0	L1_L2_exact
p5-primary-tiny	primary	0	0	tiny-ac-q11-r06	tiny_exhaustive	ac_lengths_1_to_3	compact	generated	803859f5b9d6d170d5714b2d798c8bf5fbc9bd1806f6c108ed02adc6e6116004	cb1ad2119d8fafb69566510ee712661f9f14b83385006ef92aec47f523a38358	9b20381dcad2d84983ff0f99e5ac9a509d9d861583c7ae716fd167866634756a	14	3	3	ok	complete	byte8	812e4eeda7d68605	812e4eeda7d68605	1	47fe0d7eaf8e51e3	47fe0d7eaf8e51e3	1	0	L1_L2_exact
p5-primary-tiny	primary	0	0	tiny-ac-q11-r07	tiny_exhaustive	ac_lengths_1_to_3	compact	generated	803859f5b9d6d170d5714b2d798c8bf5fbc9bd1806f6c108ed02adc6e6116004	d5ced0c0b64bf1582582acb55425f70c12991c397368a8bbad06bb0a5d2cfeb7	b895bdcaee7559c1cad1effc1cce318737d57561b0d0e488df0ccfea07a3df39	14	3	3	ok	complete	byte8	ac1e1e57f6f4630a	ac1e1e57f6f4630a	1	47fe0d7eaf8e51e3	47fe0d7eaf8e51e3	1	0	L1_L2_exact
p5-primary-tiny	primary	0	0	tiny-ac-q11-r08	tiny_exhaustive	ac_lengths_1_to_3	compact	generated	803859f5b9d6d170d5714b2d798c8bf5fbc9bd1806f6c108ed02adc6e6116004	b32062bf7b8bed45bc6c7bedfe1c093bf2d45c0b87973bab9e1ef4b85497f469	83855c2dcc5d435ff4f132bf1b78c89db21a436d0fd8af33f05f5cfd67453f6c	14	3	3	ok	complete	byte8	16247dfea4d1e925	16247dfea4d1e925	1	47fe0d7eaf8e51e3	47fe0d7eaf8e51e3	1	0	L1_L2_exact
p5-primary-tiny	primary	0	0	tiny-ac-q11-r09	tiny_exhaustive	ac_lengths_1_to_3	compact	generated	803859f5b9d6d170d5714b2d798c8bf5fbc9bd1806f6c108ed02adc6e6116004	2dde6d03ddaa287e3ac95b4befe8f38e8766a35092fc01e47e28d86c7a29e412	c862c2239347bcbb0079a5a6d98c97703b22dda521bc1a167f6a03e824b96188	14	3	3	ok	complete	byte8	16247dfea4d1e925	16247dfea4d1e925	1	47fe0d7eaf8e51e3	47fe0d7eaf8e51e3	1	0	L1_L2_exact
p5-primary-tiny	primary	0	0	tiny-ac-q11-r10	tiny_exhaustive	ac_lengths_1_to_3	compact	generated	803859f5b9d6d170d5714b2d798c8bf5fbc9bd1806f6c108ed02adc6e6116004	084696b5b2f035fe1cafbccda422b6aa15b40d1d73bc98d7782beb4d83a5bc7f	9a03b9cd6c07f7edd3bd37b517d32472b8ac99fc7280758eba18867f7f037a90	14	3	3	ok	complete	byte8	521cd51ef1264a29	521cd51ef1264a29	1	47fe0d7eaf8e51e3	47fe0d7eaf8e51e3	1	0	L1_L2_exact
p5-primary-tiny	primary	0	0	tiny-ac-q11-r11	tiny_exhaustive	ac_lengths_1_to_3	compact	generated	803859f5b9d6d170d5714b2d798c8bf5fbc9bd1806f6c108ed02adc6e6116004	803859f5b9d6d170d5714b2d798c8bf5fbc9bd1806f6c108ed02adc6e6116004	c896f2473f2c1480cd4f67ce7fe7e1cdcb8cd0ae81f849d19d7c6c6c6afa90e6	14	3	3	ok	complete	byte8	eb34ae9455b40c20	eb34ae9455b40c20	1	f12ec26b5541caaf	f12ec26b5541caaf	1	0	L1_L2_exact
p5-primary-tiny	primary	0	0	tiny-ac-q11-r12	tiny_exhaustive	ac_lengths_1_to_3	compact	generated	803859f5b9d6d170d5714b2d798c8bf5fbc9bd1806f6c108ed02adc6e6116004	89932f8285bde9d693a0691a3400ba249f0d5c1357fe157dae3254112e489143	57081421dd744baaea1833ed098b5f1052a26ff6260eac85eb0e0903291cbb7e	14	3	3	ok	complete	byte8	ac1e1e57f6f4630a	ac1e1e57f6f4630a	1	47fe0d7eaf8e51e3	47fe0d7eaf8e51e3	1	0	L1_L2_exact
p5-primary-tiny	primary	0	0	tiny-ac-q11-r13	tiny_exhaustive	ac_lengths_1_to_3	compact	generated	803859f5b9d6d170d5714b2d798c8bf5fbc9bd1806f6c108ed02adc6e6116004	8c55ff95a660f37cb05e644e7691e6c66593f453cb2cbaa4d64aa59b40ae8032	044055427836ed5b71740f964457fa7a1fead664356d6edf791bba4f53b3d820	14	3	3	ok	complete	byte8	7025c737aaa00206	7025c737aaa00206	1	47fe0d7eaf8e51e3	47fe0d7eaf8e51e3	1	0	L1_L2_exact
p5-primary-tiny	primary	0	0	tiny-ac-q12-r00	tiny_exhaustive	ac_lengths_1_to_3	compact	generated	89932f8285bde9d693a0691a3400ba249f0d5c1357fe157dae3254112e489143	559aead08264d5795d3909718cdd05abd49572e84fe55590eef31a88a08fdffd	aa7237efdf095e2c7f5209cce239f23b2f31b4c2eceb0d5650131b28f92a60b7	4	3	1	ok	complete	byte8	af132f815a1fbf27	af132f815a1fbf27	1	6b449f74be9c1be7	6b449f74be9c1be7	1	0	L1_L2_exact
p5-primary-tiny	primary	0	0	tiny-ac-q12-r01	tiny_exhaustive	ac_lengths_1_to_3	compact	generated	89932f8285bde9d693a0691a3400ba249f0d5c1357fe157dae3254112e489143	6b23c0d5f35d1b11f9b683f0b0a617355deb11277d91ae091d399c655b87940d	0138be8c308731266c012022d8e0bd37136b6f650ff397cfef3b894f3b5d30a5	4	3	1	ok	complete	byte8	af132f815a1fbf27	af132f815a1fbf27	1	6b449f74be9c1be7	6b449f74be9c1be7	1	0	L1_L2_exact
p5-primary-tiny	primary	0	0	tiny-ac-q12-r02	tiny_exhaustive	ac_lengths_1_to_3	compact	generated	89932f8285bde9d693a0691a3400ba249f0d5c1357fe157dae3254112e489143	58bb119c35513a451d24dc20ef0e9031ec85b35bfc919d263e7e5d9868909cb5	db8c7b0cc975cb0f54830daf7ad7fe7bee5bc3d9112065810c250ea4429a4a08	9	3	2	ok	complete	byte8	215a0901648ef4c1	215a0901648ef4c1	1	47fe0d7eaf8e51e3	47fe0d7eaf8e51e3	1	0	L1_L2_exact
p5-primary-tiny	primary	0	0	tiny-ac-q12-r03	tiny_exhaustive	ac_lengths_1_to_3	compact	generated	89932f8285bde9d693a0691a3400ba249f0d5c1357fe157dae3254112e489143	472e73d796e20aa8ff9059e6316f218e0322548f661ec4dc267507ed66317404	8cffc138ddc680806da9a04dda469995e8caeba83fafaee37876dffc350ed601	9	3	2	ok	complete	byte8	215a0901648ef4c1	215a0901648ef4c1	1	47fe0d7eaf8e51e3	47fe0d7eaf8e51e3	1	0	L1_L2_exact
p5-primary-tiny	primary	0	0	tiny-ac-q12-r04	tiny_exhaustive	ac_lengths_1_to_3	compact	generated	89932f8285bde9d693a0691a3400ba249f0d5c1357fe157dae3254112e489143	4b650e5c4785025dee7bd65e3c5c527356717d7a1c0bfef5b4ada8ca1e9cbe17	92f03b05678ac39da4a806c5404990a80a37e62df9f78059fe48bbd40153ca12	9	3	2	ok	complete	byte8	6433e92e3c09f78e	6433e92e3c09f78e	1	903d855fe3c4c2c9	903d855fe3c4c2c9	1	0	L1_L2_exact
p5-primary-tiny	primary	0	0	tiny-ac-q12-r05	tiny_exhaustive	ac_lengths_1_to_3	compact	generated	89932f8285bde9d693a0691a3400ba249f0d5c1357fe157dae3254112e489143	a56362a10c816abf206d72cb914e2d5ca454eb9c7e744f88b1a1422c379e9942	7fb923b0ef22d2f698f8c8d0fd9afbd64edd289b672a59316aebd8992d256310	9	3	2	ok	complete	byte8	6433e92e3c09f78e	6433e92e3c09f78e	1	903d855fe3c4c2c9	903d855fe3c4c2c9	1	0	L1_L2_exact
p5-primary-tiny	primary	0	0	tiny-ac-q12-r06	tiny_exhaustive	ac_lengths_1_to_3	compact	generated	89932f8285bde9d693a0691a3400ba249f0d5c1357fe157dae3254112e489143	cb1ad2119d8fafb69566510ee712661f9f14b83385006ef92aec47f523a38358	741624020ac9c3321cf8065a43a2d951a0a3c23ab40c40214c0974b00c03de3e	14	3	3	ok	complete	byte8	812e4eeda7d68605	812e4eeda7d68605	1	47fe0d7eaf8e51e3	47fe0d7eaf8e51e3	1	0	L1_L2_exact
p5-primary-tiny	primary	0	0	tiny-ac-q12-r07	tiny_exhaustive	ac_lengths_1_to_3	compact	generated	89932f8285bde9d693a0691a3400ba249f0d5c1357fe157dae3254112e489143	d5ced0c0b64bf1582582acb55425f70c12991c397368a8bbad06bb0a5d2cfeb7	72b379b36f51fb33e6a3a8762e70dc404dfaf473bc7ab757db5abb63a83a75ae	14	3	3	ok	complete	byte8	812e4eeda7d68605	812e4eeda7d68605	1	47fe0d7eaf8e51e3	47fe0d7eaf8e51e3	1	0	L1_L2_exact
p5-primary-tiny	primary	0	0	tiny-ac-q12-r08	tiny_exhaustive	ac_lengths_1_to_3	compact	generated	89932f8285bde9d693a0691a3400ba249f0d5c1357fe157dae3254112e489143	b32062bf7b8bed45bc6c7bedfe1c093bf2d45c0b87973bab9e1ef4b85497f469	25690b8dbaff62b9a8dfa6c8ff76fec4c425642c1658699be1d41bda8d6dd13b	14	3	3	ok	complete	byte8	ac1e1e57f6f4630a	ac1e1e57f6f4630a	1	47fe0d7eaf8e51e3	47fe0d7eaf8e51e3	1	0	L1_L2_exact
p5-primary-tiny	primary	0	0	tiny-ac-q12-r09	tiny_exhaustive	ac_lengths_1_to_3	compact	generated	89932f8285bde9d693a0691a3400ba249f0d5c1357fe157dae3254112e489143	2dde6d03ddaa287e3ac95b4befe8f38e8766a35092fc01e47e28d86c7a29e412	842a6e35f2ca418231aaa2c62510c0369666f1648561acb4469750c6db4529d1	14	3	3	ok	complete	byte8	ac1e1e57f6f4630a	ac1e1e57f6f4630a	1	47fe0d7eaf8e51e3	47fe0d7eaf8e51e3	1	0	L1_L2_exact
p5-primary-tiny	primary	0	0	tiny-ac-q12-r10	tiny_exhaustive	ac_lengths_1_to_3	compact	generated	89932f8285bde9d693a0691a3400ba249f0d5c1357fe157dae3254112e489143	084696b5b2f035fe1cafbccda422b6aa15b40d1d73bc98d7782beb4d83a5bc7f	06b5bce7324bd399d7d44a847689545b0866f55f7479c1c63f649885df0bfba7	14	3	3	ok	complete	byte8	16247dfea4d1e925	16247dfea4d1e925	1	47fe0d7eaf8e51e3	47fe0d7eaf8e51e3	1	0	L1_L2_exact
p5-primary-tiny	primary	0	0	tiny-ac-q12-r11	tiny_exhaustive	ac_lengths_1_to_3	compact	generated	89932f8285bde9d693a0691a3400ba249f0d5c1357fe157dae3254112e489143	803859f5b9d6d170d5714b2d798c8bf5fbc9bd1806f6c108ed02adc6e6116004	d690d2bc7bab3383e133685910652effbbf9f8cacce6f177c9a3516e3a53e6ec	14	3	3	ok	complete	byte8	16247dfea4d1e925	16247dfea4d1e925	1	47fe0d7eaf8e51e3	47fe0d7eaf8e51e3	1	0	L1_L2_exact
p5-primary-tiny	primary	0	0	tiny-ac-q12-r12	tiny_exhaustive	ac_lengths_1_to_3	compact	generated	89932f8285bde9d693a0691a3400ba249f0d5c1357fe157dae3254112e489143	89932f8285bde9d693a0691a3400ba249f0d5c1357fe157dae3254112e489143	b4be9297867aa8a6510dd164d73792c5cd21fac6611a6ce7fafeae783e5297a5	14	3	3	ok	complete	byte8	eb34ae9455b40c20	eb34ae9455b40c20	1	f12ec26b5541caaf	f12ec26b5541caaf	1	0	L1_L2_exact
p5-primary-tiny	primary	0	0	tiny-ac-q12-r13	tiny_exhaustive	ac_lengths_1_to_3	compact	generated	89932f8285bde9d693a0691a3400ba249f0d5c1357fe157dae3254112e489143	8c55ff95a660f37cb05e644e7691e6c66593f453cb2cbaa4d64aa59b40ae8032	fb0be8343a76d5c44f85c5bc54421200376cd7bf3f9b8f69436938a1389eba99	14	3	3	ok	complete	byte8	16247dfea4d1e925	16247dfea4d1e925	1	47fe0d7eaf8e51e3	47fe0d7eaf8e51e3	1	0	L1_L2_exact
p5-primary-tiny	primary	0	0	tiny-ac-q13-r00	tiny_exhaustive	ac_lengths_1_to_3	compact	generated	8c55ff95a660f37cb05e644e7691e6c66593f453cb2cbaa4d64aa59b40ae8032	559aead08264d5795d3909718cdd05abd49572e84fe55590eef31a88a08fdffd	10b20ed746c56af6b53b6562154276165267d6d12c9a0a357b08996e43987727	4	3	1	ok	complete	byte8	842360170b01e222	842360170b01e222	1	47fe0d7eaf8e51e3	47fe0d7eaf8e51e3	1	0	L1_L2_exact
p5-primary-tiny	primary	0	0	tiny-ac-q13-r01	tiny_exhaustive	ac_lengths_1_to_3	compact	generated	8c55ff95a660f37cb05e644e7691e6c66593f453cb2cbaa4d64aa59b40ae8032	6b23c0d5f35d1b11f9b683f0b0a617355deb11277d91ae091d399c655b87940d	9c64cc38850c449d8d1ff2c44e1274ff2d58e3411f08304c802d52e84bf150ae	4	3	1	ok	complete	byte8	af132f815a1fbf27	af132f815a1fbf27	1	6b449f74be9c1be7	6b449f74be9c1be7	1	0	L1_L2_exact
p5-primary-tiny	primary	0	0	tiny-ac-q13-r02	tiny_exhaustive	ac_lengths_1_to_3	compact	generated	8c55ff95a660f37cb05e644e7691e6c66593f453cb2cbaa4d64aa59b40ae8032	58bb119c35513a451d24dc20ef0e9031ec85b35bfc919d263e7e5d9868909cb5	8516c9acf4ff53e21799eae62d51ccf4d78c75e29ace606359309f655890c2da	9	3	2	ok	complete	byte8	9a5d4ea665907e61	9a5d4ea665907e61	1	47fe0d7eaf8e51e3	47fe0d7eaf8e51e3	1	0	L1_L2_exact
p5-primary-tiny	primary	0	0	tiny-ac-q13-r03	tiny_exhaustive	ac_lengths_1_to_3	compact	generated	8c55ff95a660f37cb05e644e7691e6c66593f453cb2cbaa4d64aa59b40ae8032	472e73d796e20aa8ff9059e6316f218e0322548f661ec4dc267507ed66317404	b8ee3e092e60dbdc56207e86a40f503ac6691fe904de1eead3dec71eed1c236a	9	3	2	ok	complete	byte8	87578ffe9ecfc724	87578ffe9ecfc724	1	47fe0d7eaf8e51e3	47fe0d7eaf8e51e3	1	0	L1_L2_exact
p5-primary-tiny	primary	0	0	tiny-ac-q13-r04	tiny_exhaustive	ac_lengths_1_to_3	compact	generated	8c55ff95a660f37cb05e644e7691e6c66593f453cb2cbaa4d64aa59b40ae8032	4b650e5c4785025dee7bd65e3c5c527356717d7a1c0bfef5b4ada8ca1e9cbe17	1ae865ccae934292d750acf687a0e242050e6b24303584cd7fbd9df78885f566	9	3	2	ok	complete	byte8	215a0901648ef4c1	215a0901648ef4c1	1	47fe0d7eaf8e51e3	47fe0d7eaf8e51e3	1	0	L1_L2_exact
p5-primary-tiny	primary	0	0	tiny-ac-q13-r05	tiny_exhaustive	ac_lengths_1_to_3	compact	generated	8c55ff95a660f37cb05e644e7691e6c66593f453cb2cbaa4d64aa59b40ae8032	a56362a10c816abf206d72cb914e2d5ca454eb9c7e744f88b1a1422c379e9942	0490a89fa8d60d3c587fb24b3a7a973f9c0e93f6a7deb88486b4a1841836e928	9	3	2	ok	complete	byte8	6433e92e3c09f78e	6433e92e3c09f78e	1	903d855fe3c4c2c9	903d855fe3c4c2c9	1	0	L1_L2_exact
p5-primary-tiny	primary	0	0	tiny-ac-q13-r06	tiny_exhaustive	ac_lengths_1_to_3	compact	generated	8c55ff95a660f37cb05e644e7691e6c66593f453cb2cbaa4d64aa59b40ae8032	cb1ad2119d8fafb69566510ee712661f9f14b83385006ef92aec47f523a38358	fa5009d3ad831dff963ea10df59512aac43917ba364dd5d9c795ed4949af4860	14	3	3	ok	complete	byte8	ba2b6282a813a6a0	ba2b6282a813a6a0	1	47fe0d7eaf8e51e3	47fe0d7eaf8e51e3	1	0	L1_L2_exact
p5-primary-tiny	primary	0	0	tiny-ac-q13-r07	tiny_exhaustive	ac_lengths_1_to_3	compact	generated	8c55ff95a660f37cb05e644e7691e6c66593f453cb2cbaa4d64aa59b40ae8032	d5ced0c0b64bf1582582acb55425f70c12991c397368a8bbad06bb0a5d2cfeb7	5d6458a437713d4742fe7dfeeb5949007c8cd569d2e3e2171417e349ce3289ee	14	3	3	ok	complete	byte8	e51b31ecf73183a5	e51b31ecf73183a5	1	47fe0d7eaf8e51e3	47fe0d7eaf8e51e3	1	0	L1_L2_exact
p5-primary-tiny	primary	0	0	tiny-ac-q13-r08	tiny_exhaustive	ac_lengths_1_to_3	compact	generated	8c55ff95a660f37cb05e644e7691e6c66593f453cb2cbaa4d64aa59b40ae8032	b32062bf7b8bed45bc6c7bedfe1c093bf2d45c0b87973bab9e1ef4b85497f469	6ef54a751772a239d9ffd8e216d7c7ff6310f26c2e33055f591eee3e0a926cfc	14	3	3	ok	complete	byte8	41281cdda7121d00	41281cdda7121d00	1	47fe0d7eaf8e51e3	47fe0d7eaf8e51e3	1	0	L1_L2_exact
p5-primary-tiny	primary	0	0	tiny-ac-q13-r09	tiny_exhaustive	ac_lengths_1_to_3	compact	generated	8c55ff95a660f37cb05e644e7691e6c66593f453cb2cbaa4d64aa59b40ae8032	2dde6d03ddaa287e3ac95b4befe8f38e8766a35092fc01e47e28d86c7a29e412	774a23bbcdb05e31f6db8d273c0e70ae0c362019205c7cde620f585d27643adb	14	3	3	ok	complete	byte8	c1f78b1c946bb40f	c1f78b1c946bb40f	1	47fe0d7eaf8e51e3	47fe0d7eaf8e51e3	1	0	L1_L2_exact
p5-primary-tiny	primary	0	0	tiny-ac-q13-r10	tiny_exhaustive	ac_lengths_1_to_3	compact	generated	8c55ff95a660f37cb05e644e7691e6c66593f453cb2cbaa4d64aa59b40ae8032	084696b5b2f035fe1cafbccda422b6aa15b40d1d73bc98d7782beb4d83a5bc7f	c235c2464a11c005c59051b75892b080a535df3608bf6aa6dafc19a5091f6936	14	3	3	ok	complete	byte8	812e4eeda7d68605	812e4eeda7d68605	1	47fe0d7eaf8e51e3	47fe0d7eaf8e51e3	1	0	L1_L2_exact
p5-primary-tiny	primary	0	0	tiny-ac-q13-r11	tiny_exhaustive	ac_lengths_1_to_3	compact	generated	8c55ff95a660f37cb05e644e7691e6c66593f453cb2cbaa4d64aa59b40ae8032	803859f5b9d6d170d5714b2d798c8bf5fbc9bd1806f6c108ed02adc6e6116004	1024694a811cfcc117904c7fac07a7e5816ec22728330c5dc244f85f363505f5	14	3	3	ok	complete	byte8	7025c737aaa00206	7025c737aaa00206	1	47fe0d7eaf8e51e3	47fe0d7eaf8e51e3	1	0	L1_L2_exact
p5-primary-tiny	primary	0	0	tiny-ac-q13-r12	tiny_exhaustive	ac_lengths_1_to_3	compact	generated	8c55ff95a660f37cb05e644e7691e6c66593f453cb2cbaa4d64aa59b40ae8032	89932f8285bde9d693a0691a3400ba249f0d5c1357fe157dae3254112e489143	f051649ef953ba44383d2b7cb4aced4620c2ec14f7dc7983f043973e6ea6b39b	14	3	3	ok	complete	byte8	16247dfea4d1e925	16247dfea4d1e925	1	47fe0d7eaf8e51e3	47fe0d7eaf8e51e3	1	0	L1_L2_exact
p5-primary-tiny	primary	0	0	tiny-ac-q13-r13	tiny_exhaustive	ac_lengths_1_to_3	compact	generated	8c55ff95a660f37cb05e644e7691e6c66593f453cb2cbaa4d64aa59b40ae8032	8c55ff95a660f37cb05e644e7691e6c66593f453cb2cbaa4d64aa59b40ae8032	3f7c5fabfda7d62ea01ca3d3d9ff6aee1f99eac85c9e28e054465c9400aec500	14	3	3	ok	complete	byte8	eb34ae9455b40c20	eb34ae9455b40c20	1	f12ec26b5541caaf	f12ec26b5541caaf	1	0	L1_L2_exact
p5-primary-adversarial	primary	0	0	adv-homopolymer	adversarial	homopolymer	compact	generated	d53eda7a637c99cc7fb566d96e9fa109bf15c478410a3f5eb4d4c4e26cd081f6	d53eda7a637c99cc7fb566d96e9fa109bf15c478410a3f5eb4d4c4e26cd081f6	5d60065216c79aa99c697b1a884c03d594d172b5980450792f4342ddb796ab83	65	64	64	ok	complete	byte8	636a9edea756b43c	636a9edea756b43c	1	15a44e253e77a0c9	15a44e253e77a0c9	1	0	L1_L2_exact
p5-primary-adversarial	primary	0	0	adv-periodic-repeat	adversarial	periodic_repeat	compact	generated	79ede2b4ec3a5e9a3fcff0d0ff723f4ad16579425c8a115ea87b80347bfc3d31	7a42384a486b0a8c3e692f7471068cdb97d172df8e50aac8ca4ba4db84eb965d	af1e4ba1fcece01a971a24a3de8b13fd396cb66fa8349b3f18855b8d39c4c253	65	96	96	ok	complete	byte8	fbd8f7966ffb601c	fbd8f7966ffb601c	1	15a44e253e77a0c9	15a44e253e77a0c9	1	0	L1_L2_exact
p5-primary-adversarial	primary	0	0	adv-palindrome-rc	adversarial	palindrome_reverse_complement	compact	generated	b28b7e7e6b70661dfee15d5290c4bca097ca145f721c4fbc4de73ad1d1660b8b	2cb35d1cad24afb4438d4afcf238b198727eb56d876a1711fc9a1943035db1b8	e13b2203571a6936572efb86b758ffc9e5e355fe96a73e30184703cfe234654e	39	8	12	ok	complete	byte8	82bd64841416404b	82bd64841416404b	1	3a91510e732d21a3	3a91510e732d21a3	1	0	L1_L2_exact
p5-primary-adversarial	primary	0	0	adv-equal-forward	adversarial	equal_forward_endpoints	compact	generated	1dff3e84fe7877e0673b69bbddcf40124e396e3f9943dd890c91b6a09adb9af0	f9e75d6f5bbfb97918b349e0449df0df01d356685f367b81801d7819b327ca40	febad290803b6f7a0bec87adcdf53cd08acd7f6460b279456094b586cdccad70	19	4	12	ok	complete	byte8	9d089ae3b27af37b	9d089ae3b27af37b	1	0f6c9b1419656395	0f6c9b1419656395	1	0	L1_L2_exact
p5-primary-adversarial	primary	0	0	adv-equal-reverse	adversarial	equal_reverse_starts	compact	generated	cd260c34e43eba951195b86cdeaacc132cdf601f5d13b73139b1b0f43f510027	fd235f7188cdf12c0992ab998cae73a0464c9730635728bdafe7a730a0d189b2	9f876994e4eec56f63525b04fef7a5b50ce19baec5e4b525d46440a20402ee32	39	8	13	ok	complete	byte8	a63792236e7f562e	a63792236e7f562e	1	87922fe4bcb806a6	87922fe4bcb806a6	1	0	L1_L2_exact
p5-primary-adversarial	primary	0	0	adv-equal-gap	adversarial	equal_gap_placements	compact	generated	9110442a5cc980d63ab57747020f39cdadaea1e27563449f672d25aa8df36a78	61752705bee70deea8b1a84d27f4f0d16e3c31fe5ee505be67481f04869f9af8	5cf6df6152b5652b9b948beb5a002e3579f84066e9068cb2cc3fa5237f7951d2	29	8	6	ok	complete	byte8	20f6b11d089a5396	20f6b11d089a5396	1	595e66ea63b6b159	595e66ea63b6b159	1	0	L1_L2_exact
p5-primary-adversarial	primary	0	0	adv-open-extend	adversarial	open_extend_tie	compact	generated	cfab373a91652a5f16b75c1af5805bc48f0cf6e5880ac93d6d463fefd30f20ba	1d65bf29403e4fb1767522a107c827b8884d16640cf0e3b18c4c1dd107e0d49d	422bc2a9131114f43d69717c7d743c4b49ee5d2c5210d0859586036dc1517206	49	11	10	ok	complete	byte8	dd0680e8f62e66d5	dd0680e8f62e66d5	1	47fe0d7eaf8e51e3	47fe0d7eaf8e51e3	1	0	L1_L2_exact
p5-primary-adversarial	primary	0	0	adv-e-f	adversarial	e_f_tie	compact	generated	61752705bee70deea8b1a84d27f4f0d16e3c31fe5ee505be67481f04869f9af8	a81868d0303e7101bbe66a6e48c16066db8567144561422eb2ce3718800c48ff	95e321ebf88d9f6d7d7ce99d107ddbbf1915085902e40838bbc7c85aba4f2e58	29	6	6	ok	complete	byte8	d627f5290af683d1	d627f5290af683d1	1	47fe0d7eaf8e51e3	47fe0d7eaf8e51e3	1	0	L1_L2_exact
p5-primary-adversarial	primary	0	0	adv-diagonal-gap	adversarial	diagonal_gap_tie	compact	generated	41c4f474da40a0f838394e8433183016ecd43bc791fee8d52b949d6088fcb9bd	9a9844a8e6445b60c136760a025851197248b4e3c78d97b74077dfb466b41cf7	be3a4ab8884303c1923a2d8a16208cfba6b8afc83793a91f9450813e9bebad6a	34	7	7	ok	complete	byte8	717c416acdc2eda9	717c416acdc2eda9	1	47fe0d7eaf8e51e3	47fe0d7eaf8e51e3	1	0	L1_L2_exact
p5-primary-adversarial	primary	0	0	adv-supported-n	adversarial	supported_unknown_n	compact	generated	8eb0d5b2b32a923e8b5565419148979a6925a5327c82731a01282f6cde62578d	305d2733d91bb4417b99307b199d07394b18eca3cd504cebc50235799529d14f	c1915cadc6d64dea9055b6e9b2d062487811908d9582e560f4dec3a2d58de0ad	24	5	5	ok	complete	byte8	08fe57e258d9bbd4	08fe57e258d9bbd4	1	47fe0d7eaf8e51e3	47fe0d7eaf8e51e3	1	0	L1_L2_exact
p5-primary-adversarial	primary	0	0	adv-supported-u	adversarial	supported_u_translation	compact	generated	5997c9b2977c242898caeffb404646ea89c6192d592e42c787396f56ae4216b3	305d2733d91bb4417b99307b199d07394b18eca3cd504cebc50235799529d14f	5403b4ffbb6200df7088cff82e8284dfb9144e85bc4b6e501d0bd68078420feb	24	5	5	ok	complete	byte8	d3ded4983a726a2b	d3ded4983a726a2b	1	ac562f3fd736cc7f	ac562f3fd736cc7f	1	0	L1_L2_exact
p5-primary-adversarial	primary	0	0	adv-supported-lowercase	adversarial	supported_lowercase	compact	generated	48752e49fec8b5ae25860bf7c4f4a0f01cc3f12e142ba4bff4914e4f68374cde	1dff3e84fe7877e0673b69bbddcf40124e396e3f9943dd890c91b6a09adb9af0	27a499ccd11379087152de9e6b3ef1a5362e5029b6c68f89ddacc3e121bb8698	19	4	4	ok	complete	byte8	8100936b34bed573	8100936b34bed573	1	0f6c9b1419656395	0f6c9b1419656395	1	0	L1_L2_exact
p5-primary-adversarial	primary	0	0	adv-byte-boundary-253	adversarial	byte_boundary_253	compact	generated	9a185d379ac570597670cfa73588a51bb42ea477a0729d5c84aafefd7d94b40d	7b4ce97770f7df317a787643b19efb0c689c234c3b28791438f3f05766431a4b	db6634a9777670df3d8403b771d225c66dd5a84002d046f0b9e81cdc635b19ec	65	57	62	ok	complete	byte8	42fccd2a1d11636a	42fccd2a1d11636a	1	3803d1326a2d9886	3803d1326a2d9886	1	0	L1_L2_exact
p5-primary-adversarial	primary	0	0	adv-byte-boundary-254	adversarial	byte_boundary_254	compact	generated	ade484d3ece89530313051fb28c3761952bb24657d7c81bb22e179b8d6e12689	6562ddbe81263dab58f353ccd4e0685fcfd3797cdd17a707cb69c9cc8b4706a8	19b88bd706ee5672791fb6e3a68ea970bea025e51d44c3867ee3fc5dbe7d4fcc	65	54	55	ok	complete	byte8	c20f5820c5119df9	c20f5820c5119df9	1	18c579fa933b782e	18c579fa933b782e	1	0	L1_L2_exact
p5-primary-adversarial	primary	0	0	adv-byte-boundary-255	adversarial	byte_boundary_255	compact	generated	903bc1be0207a9e13a2df149dfe5aa9910c7154813b4198b0c008b2161d327e8	903bc1be0207a9e13a2df149dfe5aa9910c7154813b4198b0c008b2161d327e8	77925ec35c040fc8cf5bc389db973afa8b3b24af968cebc6586c870a88d88764	65	51	51	ok	complete	byte8	a0adbcbd0409432f	a0adbcbd0409432f	1	15a44e253e77a0c9	15a44e253e77a0c9	1	0	L1_L2_exact
p5-primary-adversarial	primary	0	0	adv-byte-boundary-256	adversarial	byte_boundary_256	compact	generated	9bd2e5e3e771ccb5d8bd3b97afb1e9228359f39a479a2d39d17716292d878f3b	ab59d0f30dfa75883db5ee02588d0a678d78829997df66ba14dcce974b3af43f	0aeebbf092bc69f7b1c7b5cdc374422cc1a02f4bf986522971613f3fa3e643ba	65	56	59	ok	complete	byte8	6571f73f8c6e3d8d	6571f73f8c6e3d8d	1	03fedf2cdeaf3d4c	03fedf2cdeaf3d4c	1	0	L1_L2_exact
p5-primary-adversarial	primary	0	0	adv-length-0031	adversarial	length_boundary	compact	generated	d340aae9dc4515ac5813dbd4cb19e3c56d33a6c5b4f4f096ff4387acbc891c91	624ce7a2283b5d27b5ece76c3cc9ab697de57af90e73ea43475d219d504818b4	56e31a32d44314d67377350fd5cdc7196e631af991e525a6fa50a1b51213915e	65	31	31	ok	complete	byte8	066575f77de810c0	066575f77de810c0	1	e4b28d84f12b38ce	e4b28d84f12b38ce	1	0	L1_L2_exact
p5-primary-adversarial	primary	0	0	adv-length-0032	adversarial	length_boundary	compact	generated	5b63fe1b91add0ff274cb0d3449e1abf53775cd5fc7b330dc76f9a99cc4cbffe	917ed1546d22b98ebdfed702d477fde4314bcf14a85f327a17e060d796a0472d	c13eb3033ffd0893221fa13f1885e58b59905e64e810796fcc40a7031a6201ea	65	32	32	ok	complete	byte8	bba23e1f8a0adcf3	bba23e1f8a0adcf3	1	2fb6f0bfa3d54e2a	2fb6f0bfa3d54e2a	1	0	L1_L2_exact
p5-primary-adversarial	primary	0	0	adv-length-0033	adversarial	length_boundary	compact	generated	91974a164c95843e5770e88b3f888cede5f767e350a3c9363a26b3722dd0f66b	8eb4be04513d3e9967cf5ddf82cee4616622bbf7b7652c17d590a1914738d1f8	e5716539391ef186dd0c1b4313d42c98237876fdc4a117c231dd507b17c45635	65	33	33	ok	complete	byte8	c143ae3992de39ee	c143ae3992de39ee	1	c0174157107d327e	c0174157107d327e	1	0	L1_L2_exact
p5-primary-adversarial	primary	0	0	adv-length-0063	adversarial	length_boundary	compact	generated	1f9cd9d5d99bb33014d76bb693ed88e6564adf37a6b67bb133fdf0ab9baa8086	c1fffe408a1d5d673b1a29f52ecac2f757dae5b63536f123362f4041b44ab284	e2d7842869d0c17f9840bab18c1dad6f82f478ef870829274a4002f22ddb69d5	65	63	63	ok	complete	byte8	f9b56d5366903c8c	f9b56d5366903c8c	1	2a0a5c7c6c30abc6	2a0a5c7c6c30abc6	1	0	L1_L2_exact
p5-primary-adversarial	primary	0	0	adv-length-0064	adversarial	length_boundary	compact	generated	5369e9f0ef18d3cab80dc0e79e90c2473ab0b492ee34b25d695287411f48a9fe	d7222a0e6e08c4c3831f5633b5db5aa689b9ee08c217718ba168ae889401d92e	d74f9c4c7c51ba6a726fa7bb35ef9d74f93294964dff85ddebb44fd3d1e45150	65	64	64	ok	complete	byte8	7d5aacb8967c6dc8	7d5aacb8967c6dc8	1	2a0a5c7c6c30abc6	2a0a5c7c6c30abc6	1	0	L1_L2_exact
p5-primary-adversarial	primary	0	0	adv-length-0065	adversarial	length_boundary	compact	generated	8f9f1ddb55b44538520ac5adbac06717fc0840702a9dc2728d1f99ec99911a5a	f49f667ef74b3be1ce9f4c4b2ffbf6b61bcf279768b8827610758e0ab2d09faf	8fb766b6590ba0f6c34e61689eb0f0bc41282472e083237cb0fd75f272aeefd4	65	65	65	ok	complete	byte8	9c00650eacf9b8e9	9c00650eacf9b8e9	1	2a0a5c7c6c30abc6	2a0a5c7c6c30abc6	1	0	L1_L2_exact
p5-primary-adversarial	primary	0	0	adv-length-0127	adversarial	length_boundary	compact	generated	c5dd89c17e3e9c39b0b5bc3d4dfb9226d65585fa5e83453c4873c285e476ba73	322cdd644fac9f07046c4ee6ffb5b9e8035a4f5f2696f7ffc8278f633a7f457c	a1b4dae919b9c16fb2e737c00bdcd7099dc0d83371081f10d4848b0e11623a0e	65	127	127	ok	complete	byte8	5ba003295c819b63	5ba003295c819b63	1	15a44e253e77a0c9	15a44e253e77a0c9	1	0	L1_L2_exact
p5-primary-adversarial	primary	0	0	adv-length-0128	adversarial	length_boundary	compact	generated	ec4fec99482dc489f8006c8c2544bc5b25ee610aaa930a862b2f8ae59566e4a5	c601f8ba367b0482fb9e554aaef35f4e5b40b6dbd049f761c42cbae88aa6917a	a216f91662e3e4e02b0f1ed06c180163fa8d1df487322415679f1864043e45d4	65	128	128	ok	complete	byte8	d37ffcaae0600bfc	d37ffcaae0600bfc	1	15a44e253e77a0c9	15a44e253e77a0c9	1	0	L1_L2_exact
p5-primary-adversarial	primary	0	0	adv-length-0129	adversarial	length_boundary	compact	generated	877a6a47b034fd77aeb0fd3bd541c91ba65a50074c2c47cca800eb9d40eebe87	3ced837a779bedeb8bfa6717d0773046bf20a3ab3b1610328b1d1ee9e1f674ce	072301e4709b95b1022b2186b7d94d5348c0ecd36c1a9fc6fce6c1dea97ba080	65	129	129	ok	complete	byte8	b706b079c53cde9d	b706b079c53cde9d	1	15a44e253e77a0c9	15a44e253e77a0c9	1	0	L1_L2_exact
p5-primary-adversarial	primary	0	0	adv-length-0253	adversarial	length_boundary	compact	generated	c498e2d85d961982a9467867dd05c3484e51f6a1405f74db394cc1a1f6796b23	e2755156be30b34038c85f39f0c539b634fdcfd8a29698a89457d4b265fcbf09	8c1f4631106554714a01b820625300b14dc6961ea2d1694ce15af36ca6fbc3a9	65	253	253	ok	complete	byte8	061b32cda3bab8a1	061b32cda3bab8a1	1	15a44e253e77a0c9	15a44e253e77a0c9	1	0	L1_L2_exact
p5-primary-adversarial	primary	0	0	adv-length-0254	adversarial	length_boundary	compact	generated	ca7bb28a379682c99dbc7e77a43ccf90980cb3dbd5b562b9e4e1a4a7b3b5fd04	7ac9456b1270c04ee3e9bf1ea54699d67637dce1c6da303e20797fb44b269bdc	3a08e7e792b53fa9400b2b9b4d6f6e10f2040522897d349c2259c319f6e3ce88	65	254	254	ok	complete	byte8	6304fd4aafa77942	6304fd4aafa77942	1	15a44e253e77a0c9	15a44e253e77a0c9	1	0	L1_L2_exact
p5-primary-adversarial	primary	0	0	adv-length-0255	adversarial	length_boundary	compact	generated	cc4a202c862d2e8dad927d7bb8219244b58fbbcb48a611b69a453d294b081fa6	8a5356c0d29022554a29553e28e73205c9fce6ab716f3ca90ce1ff5a43563a35	de8e733ec098dddbb2cd667fbc27bb072abf0b912e21a942b33a783b50cf55c4	65	255	255	ok	complete	byte8	18090d71c5666be3	18090d71c5666be3	1	15a44e253e77a0c9	15a44e253e77a0c9	1	0	L1_L2_exact
p5-primary-adversarial	primary	0	0	adv-length-0256	adversarial	length_boundary	compact	generated	a5502768913a84a6d3e310f72a98c8a1afce85e27a9da16cb5967cef8980d8a0	bf8fe7cf5a855853d6b5b2fa511ece51a9dd439c13f41993cb92143b1ca3f3d4	f6e35cc68ccc674ff5496cd7e0393a3afcf50cc069ca579ca87ba7e5561a4009	65	256	256	ok	complete	byte8	d6800c9c7090af57	d6800c9c7090af57	1	15a44e253e77a0c9	15a44e253e77a0c9	1	0	L1_L2_exact
p5-primary-adversarial	primary	0	0	adv-length-0257	adversarial	length_boundary	compact	generated	56de553eb28f548e2c601a7da23ef5418f925649503c5677eb8e2d40aa29e7d1	3009c0f0f0b8334a565497c5c24a28a295f154c6e03c4b915f39d33f8eebebaf	bf549649e1e98e28482ce9acfd5698b20f37ceff05fe2c9fb5e0ace6855dc90a	65	257	257	ok	complete	byte8	9eb57301f6f3bb42	9eb57301f6f3bb42	1	15a44e253e77a0c9	15a44e253e77a0c9	1	0	L1_L2_exact
p5-primary-compact-fuzz	primary	0	0	fuzz-compact-0000	deterministic_fuzz	compact_uniform	compact	generated	763b740fc266431235c232d78cbe3b7aae24ddf8144bd44ad1b4fa6f9de230a9	fd6cc8b6d4aa863b767993be33828dc33b0e682f820f5e5dd57381a5ee66ace8	312f5216d84b7f81a8895638a2c959cccb25f4d5ad0571bf6d177991b94027f8	65	17	77	ok	complete	byte8	dd5b02ab3f12af61	dd5b02ab3f12af61	1	47fe0d7eaf8e51e3	47fe0d7eaf8e51e3	1	0	L1_L2_exact
p5-primary-compact-fuzz	primary	0	0	fuzz-compact-0001	deterministic_fuzz	compact_gc_low	compact	generated	a57ef1f7f94c5433c577026b56982be7a89df0608ed8361f6b66e014c8044cd5	2145779f102ce700877763906fe8cff72361139ccfe5aee3f67885c843d1131c	edefee90b8055eca14c1b213f107a86d9e1a11749d076482aeb010633e0a319d	65	64	23	ok	complete	byte8	356d3dcf51532ecc	356d3dcf51532ecc	1	47fe0d7eaf8e51e3	47fe0d7eaf8e51e3	1	0	L1_L2_exact
p5-primary-compact-fuzz	primary	0	0	fuzz-compact-0002	deterministic_fuzz	compact_gc_high	compact	generated	21a78288747dc5209fa0c69ee7e987d5f1e9af91405f7f0caa78af5a3b5867d5	dfe21aaee86965ff8f3fb32fdc696411312d19ca146ae88ba4b9fe92c8da01ba	566f8b9e90e3678815d4824ccdc8086581a32cfe10ee6474a252be4cda4aeacb	65	18	26	ok	complete	byte8	4115019c4aac7d17	4115019c4aac7d17	1	47fe0d7eaf8e51e3	47fe0d7eaf8e51e3	1	0	L1_L2_exact
p5-primary-compact-fuzz	primary	0	0	fuzz-compact-0003	deterministic_fuzz	compact_repeat	compact	generated	9eca69f2944bb83c16168efaf4013d512f032ce9f011f1a85216c54496e47a65	449b3e150aee787e3388164307a58e1b0c72c918aae8992f63ed627303c61e65	363d5e01b60ca0ab45cad62034f8a9ff409e661d1943f0e3f1d77a13b69ff18f	34	7	114	ok	complete	byte8	8defcb7658df9566	8defcb7658df9566	1	47fe0d7eaf8e51e3	47fe0d7eaf8e51e3	1	0	L1_L2_exact
p5-primary-compact-fuzz	primary	0	0	fuzz-compact-0004	deterministic_fuzz	compact_uniform	compact	generated	3c996eb5595e11712d025d23062c754afd2c86226e4dc36a19c42d3d65681dbe	3b1b17b16918313d72ac516aca9370fb46c350caa3575a1a97580d9dfa5d0220	4e6a3914a823d108260b7fe1bd40ddb233bde3ebf8444ddb4f414c395b3f9908	65	88	112	ok	complete	byte8	c8ba24695c5200e7	c8ba24695c5200e7	1	47fe0d7eaf8e51e3	47fe0d7eaf8e51e3	1	0	L1_L2_exact
p5-primary-compact-fuzz	primary	0	0	fuzz-compact-0005	deterministic_fuzz	compact_gc_low	compact	generated	2edd37ad8f19ff0d6eef16df41115e18ee9a5931e97a6905041efc34a026dc49	59c37afdf2f8ccf6378f098583fc462de3d89ee94dc0c0352ca787337056d348	9bc9b9e3c9f17ae03b13e73a175fefbf24487abd01ea6080e20c83f43b3bc27e	65	94	124	ok	complete	byte8	aa76a0a0d4b0e4f9	aa76a0a0d4b0e4f9	1	47fe0d7eaf8e51e3	47fe0d7eaf8e51e3	1	0	L1_L2_exact
p5-primary-compact-fuzz	primary	0	0	fuzz-compact-0006	deterministic_fuzz	compact_gc_high	compact	generated	3570fbfb34e98e9b31d1457b8808f733e38c0f41364e49aa235744e0cdd80187	e3a9d5f8b09fb9921a9118e8391bd1a7f99f33a32661fbc7346a978fa47de8f7	1a29a33535e20703cf2ee9fac7b91b733a552747f35bc962f7a81f5a12895030	49	10	92	ok	complete	byte8	8ccaec1c72c23858	8ccaec1c72c23858	1	47fe0d7eaf8e51e3	47fe0d7eaf8e51e3	1	0	L1_L2_exact
p5-primary-compact-fuzz	primary	0	0	fuzz-compact-0007	deterministic_fuzz	compact_repeat	compact	generated	8b4847dd839fed8c58bc01031112f2fe3ac1e8c66d573923b2e39cbb8c782709	6b23c0d5f35d1b11f9b683f0b0a617355deb11277d91ae091d399c655b87940d	1b3c74e5507493e1df7e4c84f159e7b9e1ce6922c02ccd375b5c7b9a18aec721	4	53	1	ok	complete	byte8	af132f815a1fbf27	af132f815a1fbf27	1	6b449f74be9c1be7	6b449f74be9c1be7	1	0	L1_L2_exact
p5-primary-compact-fuzz	primary	0	0	fuzz-compact-0008	deterministic_fuzz	compact_uniform	compact	generated	51783bb999d0370a0346540df5811d5627abdde06e3100d476d1ad53a5a72c13	8a2689047cd2ab57f4fbf8b6e217d00c5b982c665e17ad2ed8977d09663b85c6	07ca290fb111027572e9f27c509f51c214e7303ed09ee978b10e187e65f6a165	65	88	63	ok	complete	byte8	29c9dbd04f51cc07	29c9dbd04f51cc07	1	47fe0d7eaf8e51e3	47fe0d7eaf8e51e3	1	0	L1_L2_exact
p5-primary-compact-fuzz	primary	0	0	fuzz-compact-0009	deterministic_fuzz	compact_gc_low	compact	generated	a2866397ec66e989f574778cd180b3c50bbd1354b6483826da84a91a4fbd6bdc	d85461a0d9191f96216dbe1f3845ded9a97be6889891bd92fe40132df6c9815a	4cad424a2462bb7e68639a1a706ee4fd9aa6de9afa2f650d53281707b5557437	34	7	37	ok	complete	byte8	67a890fffb1034ee	67a890fffb1034ee	1	47fe0d7eaf8e51e3	47fe0d7eaf8e51e3	1	0	L1_L2_exact
p5-primary-compact-fuzz	primary	0	0	fuzz-compact-0010	deterministic_fuzz	compact_gc_high	compact	generated	4cc737eefc689ee901c9253c69f83c0d3c216fab714329caea18bd0be452a97b	b7f20afb72b21e2ac31fcf9490e899cc5b981c7a9631b5e2ab1715e822c2c3f3	56b076c56690a2b6c110c36ac9d9c32f152e516e29cccd940a97e6359f6f4ab7	44	9	99	ok	complete	byte8	e5dd31a3d7b0f502	e5dd31a3d7b0f502	1	47fe0d7eaf8e51e3	47fe0d7eaf8e51e3	1	0	L1_L2_exact
p5-primary-compact-fuzz	primary	0	0	fuzz-compact-0011	deterministic_fuzz	compact_repeat	compact	generated	dc98a19977a1abd04fe02ea23be40ed8c572fd58bd4fe6e9332efc2fb56ee1ff	5144a32d57935c9b1652feed42107664361098a41b7e8965fdc4f92bb7cae0f7	d03df1cdedb96473986ff4f7d2c9388fa5578fa4e39959ae858ae2cfe2087e3b	65	19	110	ok	complete	byte8	35b16bd7c10123f8	35b16bd7c10123f8	1	47fe0d7eaf8e51e3	47fe0d7eaf8e51e3	1	0	L1_L2_exact
p5-primary-compact-fuzz	primary	0	0	fuzz-compact-0012	deterministic_fuzz	compact_uniform	compact	generated	0e77dea40411a836957d5db31b143f16d9617731a3ac8176606bfccae5f04ab8	8f22300ecb49ab7dc0e7513870071dc686a8f7a9d19e8386b45554ef4762780f	6c8151cbe5ca4ac08e3bfbf49ef5179cc62ef86c79a7d13a0ea5261cd670be18	34	7	109	ok	complete	byte8	f0fa7ff8acc7aea4	f0fa7ff8acc7aea4	1	47fe0d7eaf8e51e3	47fe0d7eaf8e51e3	1	0	L1_L2_exact
p5-primary-compact-fuzz	primary	0	0	fuzz-compact-0013	deterministic_fuzz	compact_gc_low	compact	generated	2ddfa499289c1b558ed2bd9814332b824bd733cb4c4b94b21c07757f6b09f692	87166a864ed2e47e169196fc036271f689ab3759f1fbf9e04c43ada1b083f61b	f16eb520b6a1c5cb9cf0473f054f5d154bf8c8e4520b211104592e156b570f22	19	47	4	ok	complete	byte8	45a5dee37da5b784	45a5dee37da5b784	1	47fe0d7eaf8e51e3	47fe0d7eaf8e51e3	1	0	L1_L2_exact
p5-primary-compact-fuzz	primary	0	0	fuzz-compact-0014	deterministic_fuzz	compact_gc_high	compact	generated	c49ea94b2c9f4a51a31491dc0d8791369b03ddbb082e2b17a26a39f3d003dd22	cd227829811b2203a3848c85c724ef556aa3728b63623a688bc83a1d6ec6d2d7	7b3dc7edd172a998a16aca1fd0363cef7b5886f179a07066b021d94e5ac1ea92	64	39	13	ok	complete	byte8	b38fe1b415338883	b38fe1b415338883	1	47fe0d7eaf8e51e3	47fe0d7eaf8e51e3	1	0	L1_L2_exact
p5-primary-compact-fuzz	primary	0	0	fuzz-compact-0015	deterministic_fuzz	compact_repeat	compact	generated	27801789cafd537897882630abac399accf7daabfb6f82ec4f28f89b3ef2057d	13055cf286626b71aa61d053f37863f5b59a11a1884a4bad8ce3e1ae8bd3813b	522022fd8a3eac43b8e9dffbc28a173a5ca4cbf6684697377982dd05db908b55	65	32	99	ok	complete	byte8	73aeb06358950259	73aeb06358950259	1	47fe0d7eaf8e51e3	47fe0d7eaf8e51e3	1	0	L1_L2_exact
p5-primary-compact-fuzz	primary	0	0	fuzz-compact-0016	deterministic_fuzz	compact_uniform	compact	generated	97a80eb1d64ccba06c0ec7fdfda4d9a8abb76e90ff585162f0533381ce50704b	ca2e8cc88730d062cb825fdef3043284ea3df3b92d3147ecf47c27594dba2939	48e127bd14661250084c5e1c3c4dc75ea910fa46921e2b0ca60dde09c318ce4c	65	95	28	ok	complete	byte8	8b3a09e5749f4d3f	8b3a09e5749f4d3f	1	47fe0d7eaf8e51e3	47fe0d7eaf8e51e3	1	0	L1_L2_exact
p5-primary-compact-fuzz	primary	0	0	fuzz-compact-0017	deterministic_fuzz	compact_gc_low	compact	generated	95068dc56a281118067522a3d15e7e54f0b4b7ee3cb82ed74ba8359899d310ba	024cdd4ece2617af7a150a63a9c3906f9a8fe70708805b211f9d72ad3d5e9900	8fac255ff34403c36fe6ce26dc7a4bdacbf296761a30c1953711511d7af9293c	65	14	34	ok	complete	byte8	74afe9b423f378ee	74afe9b423f378ee	1	47fe0d7eaf8e51e3	47fe0d7eaf8e51e3	1	0	L1_L2_exact
p5-primary-compact-fuzz	primary	0	0	fuzz-compact-0018	deterministic_fuzz	compact_gc_high	compact	generated	7ecaed2cda7055e8a20f0d7d6e8d44ff78f9dc78619b018a2fac0b1d84ba1efe	8932e94526bf70e7121dc65ca4bfe0c12dc421d8d07b62e86a49e2af1b4c6620	384684a5054354c3fb8b2475dfe25fe611a3131d3c53a0011a65bdf13f578e7d	65	66	30	ok	complete	byte8	33398390ac63549d	33398390ac63549d	1	47fe0d7eaf8e51e3	47fe0d7eaf8e51e3	1	0	L1_L2_exact
p5-primary-compact-fuzz	primary	0	0	fuzz-compact-0019	deterministic_fuzz	compact_repeat	compact	generated	9f0570194d30714564f6f9a185b3e634652cc0a98cb8d9dee1d24e829d3467c3	97dba041becccbb246847227ace889d9d33e60a108e4a26e4622f5a133382c89	498356a66ef456c6d4536749a5b6f427c8b6bcaf8f7ac5071a4d286d2779e69f	65	27	100	ok	complete	byte8	bdaa0656b8f799cd	bdaa0656b8f799cd	1	47fe0d7eaf8e51e3	47fe0d7eaf8e51e3	1	0	L1_L2_exact
p5-primary-compact-fuzz	primary	0	0	fuzz-compact-0020	deterministic_fuzz	compact_uniform	compact	generated	5596570fd604f819d1d69537f155c8623e0d8170030674a55f95c9435f3cfbf9	5c35ac95cf1f7c5e3010d2af4ce2448b11c91f7142bc92601896883e31be2b98	d46a55545799407c1cac075afa8b2c42ed6d776468a750ec98ded3822d2bd1cd	65	31	25	ok	complete	byte8	7444f77947d4a6cf	7444f77947d4a6cf	1	47fe0d7eaf8e51e3	47fe0d7eaf8e51e3	1	0	L1_L2_exact
p5-primary-compact-fuzz	primary	0	0	fuzz-compact-0021	deterministic_fuzz	compact_gc_low	compact	generated	386cc9b364fa2dded897a8d769e38b0ed84996d30f0286041436ebcfa2e4b172	954a4cf6ddae446618076aa82abad52d32bf2475c015b652b71f2903c972213e	39551f206acec39b5aae81a852ddad00f9a46c95803623d03d3c64d88679945e	65	82	71	ok	complete	byte8	8815e6241380019f	8815e6241380019f	1	47fe0d7eaf8e51e3	47fe0d7eaf8e51e3	1	0	L1_L2_exact
p5-primary-compact-fuzz	primary	0	0	fuzz-compact-0022	deterministic_fuzz	compact_gc_high	compact	generated	dce10a6e1a02401eed4e2b09cb292bd850c3157df24144d62725530742cfea59	6a989ca9df18443812da5b3a6bd917f2e40434da07c10f9c0811b6a8aae069b7	6c86ba89efca52340c88a0b053cbb641fa82b3b5adfbeb6816c09645277c2b4d	65	14	61	ok	complete	byte8	aa184650cff482d8	aa184650cff482d8	1	47fe0d7eaf8e51e3	47fe0d7eaf8e51e3	1	0	L1_L2_exact
p5-primary-compact-fuzz	primary	0	0	fuzz-compact-0023	deterministic_fuzz	compact_repeat	compact	generated	fb4af592e1e9fd3682d7039239ddbf3e90a05cafa84ab48bb8bdf217c485ea2c	c33d9c91172bc898a123c7089e22fdf7166274cc64d05c20dd811f5d13102702	5f566af61be03e25441d30a95eb9a4dc9f240ad84c8bb2af9004e88587120416	65	33	76	ok	complete	byte8	abe84ebd730ec05a	abe84ebd730ec05a	1	47fe0d7eaf8e51e3	47fe0d7eaf8e51e3	1	0	L1_L2_exact
p5-primary-compact-fuzz	primary	0	0	fuzz-compact-0024	deterministic_fuzz	compact_uniform	compact	generated	b5a4e4259bd30cc6172c6ed084558cc4eec7294ca8193b1ccae644769e4ddea0	3375c39a324ca03c5c80e7430e96dcad9ca89095cae889021ef66140b8aa1c36	54bf064a625e12cc83c1101bdf064ee34d0f8d1accbc2eb87d9c6c9a8537df10	65	86	108	ok	complete	byte8	afbe8d802488a9eb	afbe8d802488a9eb	1	47fe0d7eaf8e51e3	47fe0d7eaf8e51e3	1	0	L1_L2_exact
p5-primary-compact-fuzz	primary	0	0	fuzz-compact-0025	deterministic_fuzz	compact_gc_low	compact	generated	e0c627df0baa0b885c2106bfbec533c15daaff641d3003b460f88b60cf560972	04e7bf08b395c57ebab09c09fd98e851c137ee6bb4cae9b5092e2e11acbec553	851adfa4cea5e1a748a204f18b74833f33b6b96f1ff0b80e4ad383e76b7b0b7f	65	19	81	ok	complete	byte8	ce401671409872c4	ce401671409872c4	1	47fe0d7eaf8e51e3	47fe0d7eaf8e51e3	1	0	L1_L2_exact
p5-primary-compact-fuzz	primary	0	0	fuzz-compact-0026	deterministic_fuzz	compact_gc_high	compact	generated	2302a58e6db07e0f03f64348b1bc95cb25618f3ce113c32f31300bfb5f39cb75	e2e69b356490dfc93b24b0e3a82c9dc5c3fafaf86d55e8b1ecdd8fc39968fbde	371b240b2a58b3a27c9dd6d9811bc69de3a19f87856764a8055d1416f9958b34	65	74	117	ok	complete	byte8	57fa540aec76d3d6	57fa540aec76d3d6	1	47fe0d7eaf8e51e3	47fe0d7eaf8e51e3	1	0	L1_L2_exact
p5-primary-compact-fuzz	primary	0	0	fuzz-compact-0027	deterministic_fuzz	compact_repeat	compact	generated	469485de9ae72edf87889331e814370b8752229015e5bfd5d86a6dc828f58aaf	1f50cc704b548c249d8315ade99d23f82a1e14b013c0a8692920772a7f9c9fd6	d411f804e56438cbc9323f576d72496d559ba9913f1565d064ceba4870773184	24	5	117	ok	complete	byte8	4e78d62a8713671e	4e78d62a8713671e	1	47fe0d7eaf8e51e3	47fe0d7eaf8e51e3	1	0	L1_L2_exact
p5-primary-compact-fuzz	primary	0	0	fuzz-compact-0028	deterministic_fuzz	compact_uniform	compact	generated	7b303a595101ad5e6e5d3a115bb82a2beccc39513bb17f32e035d2e1161a7b55	50a7bb2ec4b13a36e93672f8eb6268891f1a89367c83c062f3979af76531f6b5	98b23bca0fdd0208092822a98e5a035d06818f8056214c9b377cbaef61eed69c	65	15	49	ok	complete	byte8	4cbe795e602511cd	4cbe795e602511cd	1	47fe0d7eaf8e51e3	47fe0d7eaf8e51e3	1	0	L1_L2_exact
p5-primary-compact-fuzz	primary	0	0	fuzz-compact-0029	deterministic_fuzz	compact_gc_low	compact	generated	8cdc31f95c014b62d6743e7efe094e45b1de54e39ac16452fcd4b7bb4949d118	6a7365966a94b7ea5e0018565998960ccc1ae45cf629d65915a175e6e54626f1	e2979f6aa072d175ff14c9bb673a38c10d48a672dc769e57f744007214b82e7f	65	57	78	ok	complete	byte8	9955bcaf4b4e7a19	9955bcaf4b4e7a19	1	47fe0d7eaf8e51e3	47fe0d7eaf8e51e3	1	0	L1_L2_exact
p5-primary-compact-fuzz	primary	0	0	fuzz-compact-0030	deterministic_fuzz	compact_gc_high	compact	generated	d62248aad97838bba04a1dedbede6ac43a262afaf5e64565f257b386b2089350	c309e7a328d3f7415af366ede1f93e670f938dc93a864e5f3740cce96d374ad7	8536f73489c66b8b8c43ff10183a637a0f06e4490ec99b49789c590d5f275289	65	88	94	ok	complete	byte8	8d02b712456da1e1	8d02b712456da1e1	1	47fe0d7eaf8e51e3	47fe0d7eaf8e51e3	1	0	L1_L2_exact
p5-primary-compact-fuzz	primary	0	0	fuzz-compact-0031	deterministic_fuzz	compact_repeat	compact	generated	0be0db85ce2a18213381f99ae692d945e04a95b6041eea9ad6c68613927c5e74	c2cd8128381dadcf1aee3d60e2ebf110104c747f32038d2224a26bb47dffa640	19dc6d2f090fbae0f1b59c663a513c6d032c2e773c19c975bc9b70916faf5010	65	23	61	ok	complete	byte8	8670f444c1b6df06	8670f444c1b6df06	1	47fe0d7eaf8e51e3	47fe0d7eaf8e51e3	1	0	L1_L2_exact
p5-primary-compact-fuzz	primary	0	0	fuzz-compact-0032	deterministic_fuzz	compact_uniform	compact	generated	f5076e982f845a1561e8c28d8d332aaeb0dfab6d39420f845dfdb8e4ef2a69c1	29520ac28e8af0211b05dda677290a7852eb286c084cfbee4f768a67df7e978d	8e47f214545c760a73a63329ae8d825d7f79c5531c2ab8c1c3816b434d8b73c0	65	66	90	ok	complete	byte8	a53e49e1a743cfa1	a53e49e1a743cfa1	1	47fe0d7eaf8e51e3	47fe0d7eaf8e51e3	1	0	L1_L2_exact
p5-primary-compact-fuzz	primary	0	0	fuzz-compact-0033	deterministic_fuzz	compact_gc_low	compact	generated	9f81ed04bfd008f5b7fc8278ae5979b97b12ae145b6692b8f9902ac1cd0b2455	648116fa1637661a2b6663408d40951f73d2b0d2d4a778925ef4ad3ed95ba1e1	0bc0bb6cfdc27b4d05bdc91fcc07534dcec82723aa5cd7649f03aeaf838f0cac	65	50	27	ok	complete	byte8	e09bbbaef96d555d	e09bbbaef96d555d	1	47fe0d7eaf8e51e3	47fe0d7eaf8e51e3	1	0	L1_L2_exact
p5-primary-compact-fuzz	primary	0	0	fuzz-compact-0034	deterministic_fuzz	compact_gc_high	compact	generated	ea0a35bb0083d7bf9dfa07bac6c21eba6492fb8685551e6d7bff251f9ded106c	97895029c0fb9b893d775326570f4ad0e814486ddece6421fd8c7aeff5ded242	adcd2f915dd5d2f53cbc2faf7206cd9c21564133567543dc0175d04f6bb3899d	29	6	74	ok	complete	byte8	8f195c91653f18aa	8f195c91653f18aa	1	47fe0d7eaf8e51e3	47fe0d7eaf8e51e3	1	0	L1_L2_exact
p5-primary-compact-fuzz	primary	0	0	fuzz-compact-0035	deterministic_fuzz	compact_repeat	compact	generated	dd62d9a90d428e6d185865e7607e67a1d680e6a4c51639cc08f439d40251667a	cd4bba74e0b30af86e8e9e6417125e1a1fd243317c1b6d1d8d26fda4d94cac9a	547e2d6089ee1564e0d042980755154473bb80ebd6cd81fae8da5a440f4ffb42	65	86	83	ok	complete	byte8	8a67d8f0b5233754	8a67d8f0b5233754	1	47fe0d7eaf8e51e3	47fe0d7eaf8e51e3	1	0	L1_L2_exact
p5-primary-compact-fuzz	primary	0	0	fuzz-compact-0036	deterministic_fuzz	compact_uniform	compact	generated	07087e51181974521ed51dd6fa914948133e560a439dde0179f2411f94b1a4dc	49f5ce714155c8e502cc0494cfd197ec554d76b897c32c0b52023d8cc529cef7	daf89179b0e0a88b335490fbe31e37dc20dccf8b9985c9dcb4cc4dbcabbe80da	54	35	11	ok	complete	byte8	60e51dfebd3251dd	60e51dfebd3251dd	1	47fe0d7eaf8e51e3	47fe0d7eaf8e51e3	1	0	L1_L2_exact
p5-primary-compact-fuzz	primary	0	0	fuzz-compact-0037	deterministic_fuzz	compact_gc_low	compact	generated	9cfdf47a0f5233fcfcba49a2db35786d79e3136a0570932d603d2cfff7609c78	1d19eb3a8eacd8b5e07393341896bc2ad536fde39f79c3632882e5fccefb0b7e	8bc92023cd090eb099d0e3b17a2e735ee7718378dc3673d6469b99f6fd1e37d3	44	80	9	ok	complete	byte8	b5e73f3b7cebc1ca	b5e73f3b7cebc1ca	1	47fe0d7eaf8e51e3	47fe0d7eaf8e51e3	1	0	L1_L2_exact
p5-primary-compact-fuzz	primary	0	0	fuzz-compact-0038	deterministic_fuzz	compact_gc_high	compact	generated	3e5cd9d95f174b225c733f4ab4e824ee15333dd8be52e16fa4c093c85788fdfd	4705d20b7333a9ecc3188ff76e7796263553e8b613a6a12c0f8ad983eaa52032	6051503676956414b2a9a9061503aab36f878a942f271dd913170ab8ba6725c6	65	85	22	ok	complete	byte8	2265d9b95e04b3fa	2265d9b95e04b3fa	1	47fe0d7eaf8e51e3	47fe0d7eaf8e51e3	1	0	L1_L2_exact
p5-primary-compact-fuzz	primary	0	0	fuzz-compact-0039	deterministic_fuzz	compact_repeat	compact	generated	0d7104ac41dcf315dea9b8451f5bef834c3dca3f3f71baabd571e0154bc4a545	235840a705f8cbf241ccd43287cef7b0a984496218ec50fc72a8a5331e0c365b	7e1a1e4ac1b74903ac5fc60cf1c0ac0586e024b41335bb2341965c97ceaf5e57	65	16	25	ok	complete	byte8	773d7ef5a6e46043	773d7ef5a6e46043	1	47fe0d7eaf8e51e3	47fe0d7eaf8e51e3	1	0	L1_L2_exact
p5-primary-compact-fuzz	primary	0	0	fuzz-compact-0040	deterministic_fuzz	compact_uniform	compact	generated	9c7db8768e5ed707e8bd11b7dee046e04404170b77a1d044212e4d967f67d869	3ff0bc33d34ebdf5a0e54a2a52ae6610b0e68be26dfb4f5c16a3dff9f781a8a1	1aeb1dd95066e203b9c06d6594fe47fedf9290034ecbeae8834c958f8c872ebb	65	63	22	ok	complete	byte8	e8ca3c4de5aaab53	e8ca3c4de5aaab53	1	47fe0d7eaf8e51e3	47fe0d7eaf8e51e3	1	0	L1_L2_exact
p5-primary-compact-fuzz	primary	0	0	fuzz-compact-0041	deterministic_fuzz	compact_gc_low	compact	generated	5cdddafd11d285d5f7525b31f226c86be384cfeb7b92cd2e797f184c7b5de4db	07056e48e2faa201fcfa998f3dae88f989bab52c47198731c9d63edca47d2ad4	8cb48adb7689610c9b36a3cf639909711f37bf0c203dd34d75cce61a0046ce11	65	70	115	ok	complete	byte8	f699503b25ffc203	f699503b25ffc203	1	47fe0d7eaf8e51e3	47fe0d7eaf8e51e3	1	0	L1_L2_exact
p5-primary-compact-fuzz	primary	0	0	fuzz-compact-0042	deterministic_fuzz	compact_gc_high	compact	generated	6063a0228cf19b1f3a428b1fe2efd818c13d00e2f2db5a2bf978e6654019ea86	4a03285fd0da29a6a7b8ab39bf687ed4db26ff3fd3355fe6f16c65fb65466cfe	0f96b60e487facd2c4600e0297c732581e257e0968cb906892c477906f3e7911	65	87	111	ok	complete	byte8	11bca27902d10061	11bca27902d10061	1	47fe0d7eaf8e51e3	47fe0d7eaf8e51e3	1	0	L1_L2_exact
p5-primary-compact-fuzz	primary	0	0	fuzz-compact-0043	deterministic_fuzz	compact_repeat	compact	generated	9379201178a189282cb3f8eb1d142bcb9e332088501ec64b10d0d74db8e70e74	d48001d61868bcc1b74c2f73fc21c6bc8e9db7f93fa055ad42287357adc4be3e	ada81d70d2b1314c127a520a416334bdb0e804ce9fe55bdff8a75dc06aa78a01	65	58	40	ok	complete	byte8	8a9e4a020382d55a	8a9e4a020382d55a	1	47fe0d7eaf8e51e3	47fe0d7eaf8e51e3	1	0	L1_L2_exact
p5-primary-compact-fuzz	primary	0	0	fuzz-compact-0044	deterministic_fuzz	compact_uniform	compact	generated	e9a6da9c283d33bedda9729e81181c74b0bfa43f9f0944c98030c4c636cb80a3	a44f34c7c47de8d90931d1d5ca709cfacb1335fe81d6e0fdc5928114c48d7b80	889097ae4bf00f756ab6b8a0e6be43b76d8f2e63106656260b3705ab81cd9d7d	64	13	106	ok	complete	byte8	97e6e77ae9935cdd	97e6e77ae9935cdd	1	47fe0d7eaf8e51e3	47fe0d7eaf8e51e3	1	0	L1_L2_exact
p5-primary-compact-fuzz	primary	0	0	fuzz-compact-0045	deterministic_fuzz	compact_gc_low	compact	generated	84e28b09df7148cf844a1a20a61972099facd3bb98ab2b61021b489d8ac79330	619214a9e39531e0b723b9359bcbef394e681b20416729bd7408067d7abc5021	d306ec01804dd4ab901872ace97790e78bf2dbd2bf43a95492e2e8cbb81758aa	39	57	8	ok	complete	byte8	3868c2d43c567a4f	3868c2d43c567a4f	1	47fe0d7eaf8e51e3	47fe0d7eaf8e51e3	1	0	L1_L2_exact
p5-primary-compact-fuzz	primary	0	0	fuzz-compact-0046	deterministic_fuzz	compact_gc_high	compact	generated	029dd5c1ce6d9941b9240e6732c93f6dbc2f0d127ce60c789731fd4774fb7e67	26fc06fb2e53493f356d1f865a95271fe70c9aca9bad03ca47faed9a2b264946	840ca99449dc7a10aef045ac5ce110bd911c499fd724afc287a3e089911fabbb	65	83	111	ok	complete	byte8	987d20062ab02fa1	987d20062ab02fa1	1	47fe0d7eaf8e51e3	47fe0d7eaf8e51e3	1	0	L1_L2_exact
p5-primary-compact-fuzz	primary	0	0	fuzz-compact-0047	deterministic_fuzz	compact_repeat	compact	generated	71dd9ac58f6788d640bde66ec911622396a486259f4f96b9882ceeac3aedf49d	3e8ba9705a803b0b2bc1b8aa99efc1b69ccccb3a442032ff77d55aef83e9490b	519bbbe7c3a6c34519e2e8180d3dbd1b6fc3fc24e175afb5c1cd73cb57b213df	19	4	20	ok	complete	byte8	c7e7b00298fe8e98	c7e7b00298fe8e98	1	47fe0d7eaf8e51e3	47fe0d7eaf8e51e3	1	0	L1_L2_exact
p5-primary-compact-fuzz	primary	0	0	fuzz-compact-0048	deterministic_fuzz	compact_uniform	compact	generated	052e75a6a5b4ada769cfedb5d9bbcad4f0ca4f4270798340615158db2e9cb935	b423d80814bfd744055f2ab33f01b7d9a704aa8627cd73a2e159fea31f7f2db9	42d474bc0e75083dbc59fd12b35fc147891e9a343717a46a2f5314c487d0ec91	24	5	32	ok	complete	byte8	e1f747fd0196dd25	e1f747fd0196dd25	1	47fe0d7eaf8e51e3	47fe0d7eaf8e51e3	1	0	L1_L2_exact
p5-primary-compact-fuzz	primary	0	0	fuzz-compact-0049	deterministic_fuzz	compact_gc_low	compact	generated	cf3b346c36d10912fd5d8bd48b88b38a869d8a37bead8ebf1a5d83a6e7e78943	0655276c9ef19eec796e0ecac5c5255a1b4871a474abe789de60ee98aae6eadc	4c3319dc94309be65cd0d3322ec1124174ba7c09aaf2f0a3b13797727049b9e1	34	58	7	ok	complete	byte8	580e96a6c3ece091	580e96a6c3ece091	1	47fe0d7eaf8e51e3	47fe0d7eaf8e51e3	1	0	L1_L2_exact
p5-primary-compact-fuzz	primary	0	0	fuzz-compact-0050	deterministic_fuzz	compact_gc_high	compact	generated	8b313646986f45af168d4fc9c8d0fb2924c8a05722d6283c920e66f684e34c70	0c9f3a7f2a3d2afd5882bb532f17168e747c141882d9119ac752702b9131e080	f436f5d8985833eebeb0c4e790b1e751228c37e27230084d9f8984b0e4948d18	65	62	103	ok	complete	byte8	510c241fe0ab2e4e	510c241fe0ab2e4e	1	47fe0d7eaf8e51e3	47fe0d7eaf8e51e3	1	0	L1_L2_exact
p5-primary-compact-fuzz	primary	0	0	fuzz-compact-0051	deterministic_fuzz	compact_repeat	compact	generated	bee30e5b6d59c1bdf10100ef331706553fd3c4e6b0a342a092c6f6f733b8be36	58abcc84e5531d1c670f75d79e5d32b6d6d0b1a84a94880fd585cc86fbf7f25f	8b3cc0f8c392bb62eb15da36218e9c3558d28079e1e123f204dfefd3272f6934	9	2	114	ok	complete	byte8	f8ff28e65fc6cc14	f8ff28e65fc6cc14	1	ec03f1d7c4024027	ec03f1d7c4024027	1	0	L1_L2_exact
p5-primary-compact-fuzz	primary	0	0	fuzz-compact-0052	deterministic_fuzz	compact_uniform	compact	generated	58bb119c35513a451d24dc20ef0e9031ec85b35bfc919d263e7e5d9868909cb5	8c6011e73e0eacc6d84acf4fe4a0ab02f785c54a2a83a6454486a9903aeefea7	53f9342ee99a1570726e2686cc6d731f4ff6adf049b5ee7007cf3d38d12ca5b0	9	2	73	ok	complete	byte8	91c3da97c75e98a0	91c3da97c75e98a0	1	eeadee34f4cf8b4d	eeadee34f4cf8b4d	1	0	L1_L2_exact
p5-primary-compact-fuzz	primary	0	0	fuzz-compact-0053	deterministic_fuzz	compact_gc_low	compact	generated	12cceb96704d4810baeef84ae26c82025f1d44f1a3e52be2b6661b880a28bd0d	3692250e829a389ee49522cc8b5e9675917979032e5bfcec4dce794c342b370f	e37b7a3c3670ee11bdf9c14b932ef57b7ec45392f524702be76658255c6a35c5	65	18	40	ok	complete	byte8	3bcf5ad0bd24205a	3bcf5ad0bd24205a	1	47fe0d7eaf8e51e3	47fe0d7eaf8e51e3	1	0	L1_L2_exact
p5-primary-compact-fuzz	primary	0	0	fuzz-compact-0054	deterministic_fuzz	compact_gc_high	compact	generated	62e1bdf89c0622bfe880011ece2cc67530657e3f586d8d523bc05a9fdf218c1e	8a4ae783b7c84ec3809cc3cd2b8d7040aa85a370c841849e73eb6562de583789	e7c79fa00beeb2fa1bdeecd0cf9d1d6b09ebafbb049abe7b1c12e79c9a23134e	65	15	87	ok	complete	byte8	d05e2013d69e4a1a	d05e2013d69e4a1a	1	47fe0d7eaf8e51e3	47fe0d7eaf8e51e3	1	0	L1_L2_exact
p5-primary-compact-fuzz	primary	0	0	fuzz-compact-0055	deterministic_fuzz	compact_repeat	compact	generated	72e45b52fd79b39860af95096942358b3f45fcba30aabfbe8e5c28bf35c92c8e	0dce372b4b0b76ba91a047af175716def030a22cbdd0bb5274331cc19c83e64d	c7e1212dba5bf66946997af84d70b0009f6401eb334126cf2c27aadba8323cdb	65	87	99	ok	complete	byte8	1482511f756e26ed	1482511f756e26ed	1	47fe0d7eaf8e51e3	47fe0d7eaf8e51e3	1	0	L1_L2_exact
p5-primary-compact-fuzz	primary	0	0	fuzz-compact-0056	deterministic_fuzz	compact_uniform	compact	generated	cccafd1b80b9aeca41d61323c82d38bfbde42c381fb6edbfd8503a4e7ca98e93	174652f2974775a6f9d6808da86509be05c995ae77da4a7bc3a0cd9c64cc0be5	b88813a0430141f063ab9b419220a801dc1711c0fa46adf452e1bad271c9b337	24	5	9	ok	complete	byte8	863933a4048d442b	863933a4048d442b	1	47fe0d7eaf8e51e3	47fe0d7eaf8e51e3	1	0	L1_L2_exact
p5-primary-compact-fuzz	primary	0	0	fuzz-compact-0057	deterministic_fuzz	compact_gc_low	compact	generated	b99f556b85a16f5f937a4af4cd3562a22ee5c9886d299c76dcc9d6cd686a0318	8f12ec4b53254a63462a1e9d4fb98e4a592355b2da801f6fa16b1c17656698fe	195707af91a89f7aa25054bb911d7ae44828b3a1ac1bea68fbe9919557ee9207	65	96	46	ok	complete	byte8	8a18bd7be3dbf5ef	8a18bd7be3dbf5ef	1	47fe0d7eaf8e51e3	47fe0d7eaf8e51e3	1	0	L1_L2_exact
p5-primary-compact-fuzz	primary	0	0	fuzz-compact-0058	deterministic_fuzz	compact_gc_high	compact	generated	d1df77f8cd7c40a830cf6cdb9aac18f55dd2b0ba7bfcf1a76f5ac4545288e443	a065b22c6708343ff4d3756f0141815bce355d859eff640336b1a9fe6e8f888d	e28087361cc341b13350611c11bec8389e6837e18164e625be04185767859f71	34	34	7	ok	complete	byte8	c6b31c8375b5ec59	c6b31c8375b5ec59	1	47fe0d7eaf8e51e3	47fe0d7eaf8e51e3	1	0	L1_L2_exact
p5-primary-compact-fuzz	primary	0	0	fuzz-compact-0059	deterministic_fuzz	compact_repeat	compact	generated	51bbf9d7ba98d1e9d2d6de805b3739168284b4f2e1ee91625ea987328fedc89e	c0792cd43964b8477f212292fc0ab4d58c2bd42e09cbabd037d42022ad933601	76ccc252fa7e3217fb20a7e7dfbf582a72aab64ffbcaff6fec55742701c803d6	65	35	77	ok	complete	byte8	d062a2d2be994829	d062a2d2be994829	1	47fe0d7eaf8e51e3	47fe0d7eaf8e51e3	1	0	L1_L2_exact
p5-primary-compact-fuzz	primary	0	0	fuzz-compact-0060	deterministic_fuzz	compact_uniform	compact	generated	e26613ab1a2fe775d6ba3b7ab1c6ee81f4a48d2581027d21f9e4af29a5b1ccfb	52a0d8ad680e3129d62d8f5f59bc5ce559a942679ab6b02eb4f6ae0332affb40	863a76e19159924cde4503fbf82167c7d52c27a7f1e26c0746ae29846410b501	44	66	9	ok	complete	byte8	22dbe3f3674222f3	22dbe3f3674222f3	1	47fe0d7eaf8e51e3	47fe0d7eaf8e51e3	1	0	L1_L2_exact
p5-primary-compact-fuzz	primary	0	0	fuzz-compact-0061	deterministic_fuzz	compact_gc_low	compact	generated	08687aa94677904cdfceae648fa8628aca18e2a918c4be4d6bbcd1ba91bafb4b	7c17a1e20c72bd05c447f0f245902e3d3b5053d10f4233d63d53990ac5be3d7b	c5e2eb1f628c60e4a161539d694cffb0bab744e41b67f5bac8fdbde75ebb8955	65	51	37	ok	complete	byte8	cde6ce707f773993	cde6ce707f773993	1	47fe0d7eaf8e51e3	47fe0d7eaf8e51e3	1	0	L1_L2_exact
p5-primary-compact-fuzz	primary	0	0	fuzz-compact-0062	deterministic_fuzz	compact_gc_high	compact	generated	e36b7c4d01b7b5767c50ba56a2cec5c57d099cb4bda39175de53da91a779981c	166ff3b14bf18a9632342206b36fc29ab965c99c46f99e26d4b5f5d5d1da78eb	49d4ea8e586ef045e5ba52a7110e78e271374723934032af4856a5a14cc1ee5c	19	37	4	ok	complete	byte8	12c63a12c26367e4	12c63a12c26367e4	1	47fe0d7eaf8e51e3	47fe0d7eaf8e51e3	1	0	L1_L2_exact
p5-primary-compact-fuzz	primary	0	0	fuzz-compact-0063	deterministic_fuzz	compact_repeat	compact	generated	a56362a10c816abf206d72cb914e2d5ca454eb9c7e744f88b1a1422c379e9942	184d7cfa1ab97459edf5f69e39b6ad4f10a2ef9e5c98d0e65a88ee3b055f72fc	75084dd7fe9fe7d60323f6cdf79ab50ed53a4a7ee506caa64a62466ca3d5547e	9	2	88	ok	complete	byte8	2767693a2de72e14	2767693a2de72e14	1	c35c970af3efcb4a	c35c970af3efcb4a	1	0	L1_L2_exact
p5-primary-compact-fuzz	primary	0	0	fuzz-compact-0064	deterministic_fuzz	compact_uniform	compact	generated	c39f5321e5dab4657fff181b6a5b7de91b519ba79a9031abc7ccbead2b1cfd34	5eab912c84fbe8529e21d44272677d2c1c7780d0f3e4f3841ad6083cf83274ab	cca7783dc1d0b76da3e1eff7cdaa5775a2b532d398ab9bdb770b446951affcec	65	25	51	ok	complete	byte8	ed49131f7dae7b09	ed49131f7dae7b09	1	47fe0d7eaf8e51e3	47fe0d7eaf8e51e3	1	0	L1_L2_exact
p5-primary-compact-fuzz	primary	0	0	fuzz-compact-0065	deterministic_fuzz	compact_gc_low	compact	generated	d03b2a00f0d3063036d00356a7edb70666f48e7099596ac24e8ff2d90aa7b1f7	35a5fbd9a586329dd0a5ebe832cf0788304d3b69a47085e0a87aa4eeb599081e	6c5b461936975ed1cf8c3aafa3b3a44fd8da97d0f448ca60c20c997105fa6e16	65	66	57	ok	complete	byte8	13460b6c1172bcbf	13460b6c1172bcbf	1	47fe0d7eaf8e51e3	47fe0d7eaf8e51e3	1	0	L1_L2_exact
p5-primary-compact-fuzz	primary	0	0	fuzz-compact-0066	deterministic_fuzz	compact_gc_high	compact	generated	c08134aba1e55e8e738d7f8485c6ff2e789eb9a44903d3495dd21c68e4c81ed4	10dd0f658ba90edcd8d0679b9f82cbe96f0513f3c42f11c0753ce0eab6b6a829	c8994c37eb4383c1809aa6e90dbf58ed1f17c16e7cfb0d821f9dfe7ac99d2955	54	11	85	ok	complete	byte8	f937fe06f2c724b8	f937fe06f2c724b8	1	47fe0d7eaf8e51e3	47fe0d7eaf8e51e3	1	0	L1_L2_exact
p5-primary-compact-fuzz	primary	0	0	fuzz-compact-0067	deterministic_fuzz	compact_repeat	compact	generated	7fde96467e57fd2c374c152a7d13c3e0bec5a23036777e44b851f79aac0c7c73	7cc333371fc155b5fb5dd0277a478ab9d9485428ac04a451f9b44a835824e069	e6e2025d85aeb4c51da42b6ca5e930c2892380b19b03dfd96d574e808b374bac	65	68	126	ok	complete	byte8	5ec42e70a32055c5	5ec42e70a32055c5	1	47fe0d7eaf8e51e3	47fe0d7eaf8e51e3	1	0	L1_L2_exact
p5-primary-compact-fuzz	primary	0	0	fuzz-compact-0068	deterministic_fuzz	compact_uniform	compact	generated	dd12f1b71ec3a1ea5d08a56d6ee99c0a0743e06725df6529cb5f47869783f22e	1b302b545416ad5c660e3f8d0a99dd76c4b1a9d7bf9f537a873ad82efbd3b945	7909aa15ee54c2547899f1e25f76879ea66f23c93441d8b279cc1291df4ecab9	29	26	6	ok	complete	byte8	cc0d36844bded771	cc0d36844bded771	1	47fe0d7eaf8e51e3	47fe0d7eaf8e51e3	1	0	L1_L2_exact
p5-primary-compact-fuzz	primary	0	0	fuzz-compact-0069	deterministic_fuzz	compact_gc_low	compact	generated	66ffc2c637e2bd9d6b5245115cf9e8c61339fbda4deac9c8aceec7e1e71e27f3	05c150cdee3b1f3ad0078ce00441425854047a92c8a4d167d74407ad20a02158	a9ed92b4ce5e5ae3ced9b685e55c8f7e970f130ec57361ad719b99416191c6db	65	84	128	ok	complete	byte8	883019b905907ab4	883019b905907ab4	1	47fe0d7eaf8e51e3	47fe0d7eaf8e51e3	1	0	L1_L2_exact
p5-primary-compact-fuzz	primary	0	0	fuzz-compact-0070	deterministic_fuzz	compact_gc_high	compact	generated	73c8aa4fa34f1adc25e5638eff6dd700ad41c2fdb2ae0ab3e98661bbfd06dc55	21a1c0f7d476c37916b0e4b745f28e7e905bea03606a1c40c2529f4b0c02a593	40cd26f7a7758f3bc38ddb21a12195491107ea576314aab673cc72382ad488b8	65	26	54	ok	complete	byte8	c054b76f05fc1946	c054b76f05fc1946	1	47fe0d7eaf8e51e3	47fe0d7eaf8e51e3	1	0	L1_L2_exact
p5-primary-compact-fuzz	primary	0	0	fuzz-compact-0071	deterministic_fuzz	compact_repeat	compact	generated	73e5f84362481337e01296071ed16696e9a89b068f12dae05f213a6676123cc0	2d62b5abe501a88eafd9a64ee803197c22dd7d3f6794fc6e128dd40faaaf2ec1	1fafb2f1fccab301997ef105682a84248e9d70a9a82593af7cf77180a3e0c109	49	10	21	ok	complete	byte8	58a52d8ec9b45386	58a52d8ec9b45386	1	47fe0d7eaf8e51e3	47fe0d7eaf8e51e3	1	0	L1_L2_exact
p5-primary-compact-fuzz	primary	0	0	fuzz-compact-0072	deterministic_fuzz	compact_uniform	compact	generated	3c63e19e399e1bd93b74d1798d0b37779af54c1c78ff6a875d192fd118f77b29	43434d1d942f2207c5d2ecda02291ad9944853cd5894e42b6f36779a9d60bd9c	042f5796de9ca7b55d310f8c13d211c5ce2c5d8cc5478b69dc4b4ce0c132046e	65	39	88	ok	complete	byte8	06c0ec94bedf16ee	06c0ec94bedf16ee	1	47fe0d7eaf8e51e3	47fe0d7eaf8e51e3	1	0	L1_L2_exact
p5-primary-compact-fuzz	primary	0	0	fuzz-compact-0073	deterministic_fuzz	compact_gc_low	compact	generated	6aa8dc743f4013ae4c8185c1dd8bf6f999c4e6f7ec13eb8a84415150b4a7c743	b9196ee30a28a804db758e2508ae39a832ab455748d9a5191dc0e6016a513054	efe4f7fc000ae1a91cca61163b6754552101e57c2eca09ab95d8cb36f602740f	65	48	25	ok	complete	byte8	86e1d045e6a03912	86e1d045e6a03912	1	47fe0d7eaf8e51e3	47fe0d7eaf8e51e3	1	0	L1_L2_exact
p5-primary-compact-fuzz	primary	0	0	fuzz-compact-0074	deterministic_fuzz	compact_gc_high	compact	generated	9b8a462be3aa64e5338cc45fc73c450b90c7cff4f7382cd7765f7a3ddc114c9b	19565ed68cabc97c903c10ff1649ed206c689f4be6e70816c80afe29f7f8444b	fa8b81be46d348bc771620cb78afec66c62bef34fb6c51593f8da34e685f8e8e	14	3	104	ok	complete	byte8	3b1041f52259f5c8	3b1041f52259f5c8	1	47fe0d7eaf8e51e3	47fe0d7eaf8e51e3	1	0	L1_L2_exact
p5-primary-compact-fuzz	primary	0	0	fuzz-compact-0075	deterministic_fuzz	compact_repeat	compact	generated	5922da4074d73f3c9feca0d5769f5a8a83dc5caca20b4712134a8614dcc56c48	7908c096427818f974803dbf6a36d734a65fb3c0a74b7fca3504cf24ccb377a8	4abb42cc4adc2c70e31fba394bdcb769d5f54c846818582d15ff16460b1b457c	65	43	59	ok	complete	byte8	09889e2b9df9446c	09889e2b9df9446c	1	47fe0d7eaf8e51e3	47fe0d7eaf8e51e3	1	0	L1_L2_exact
p5-primary-compact-fuzz	primary	0	0	fuzz-compact-0076	deterministic_fuzz	compact_uniform	compact	generated	5dc0cad09907e6d0adb46ce7757f24fbf7470ec9fbf91852754daf8bee92e24f	9ca8344f342324c9429f2d581c78b8385bb484a4ebb30ff6ff3d560d26d66dda	9513578e6c2589a1166d3777544ce191fb743aa8552b488edfc323972cfdcbbe	65	51	84	ok	complete	byte8	ad8d1ef7aa45512e	ad8d1ef7aa45512e	1	47fe0d7eaf8e51e3	47fe0d7eaf8e51e3	1	0	L1_L2_exact
p5-primary-compact-fuzz	primary	0	0	fuzz-compact-0077	deterministic_fuzz	compact_gc_low	compact	generated	05739c1d35eb8bda28e3d251e95792ccc6fad32841e5dc808aa1f164a1bc3e95	ee96ec391d3aeb9670e11870bbe9e269d51d3cbe052cb115b6a00894bbcd05f4	2c136ed49ab0ff9cc1c22bc742e45f2974fa6f9eb7dc0c76a978ae0975dfc803	24	5	77	ok	complete	byte8	136fbf6db0984c8d	136fbf6db0984c8d	1	47fe0d7eaf8e51e3	47fe0d7eaf8e51e3	1	0	L1_L2_exact
p5-primary-compact-fuzz	primary	0	0	fuzz-compact-0078	deterministic_fuzz	compact_gc_high	compact	generated	16035405d420db253f7c6efec90e00f3c71d8214fd90b7d6b5b2c689e99161be	b9b9712b5a3eff48a5309f991b55f980ae819b371c0115dd23a7bdac77d53701	dfd1b00fdb3b0e7985c3d65013ed6377172a3d08a3aa9e22232626d550be534c	65	49	43	ok	complete	byte8	a1efaf8e52b4d492	a1efaf8e52b4d492	1	47fe0d7eaf8e51e3	47fe0d7eaf8e51e3	1	0	L1_L2_exact
p5-primary-compact-fuzz	primary	0	0	fuzz-compact-0079	deterministic_fuzz	compact_repeat	compact	generated	0778b2d8096f1187f6796c68ea4c62a1fc559c0e0c69fae71421c069b541111a	1c7f05436134dc4c2408a0677c4b8d8e8ba5a857b808640539f0d65065ce1d33	fe2623e38cff81fda20ae15af19248c63d51730ce145279d823e5da2ad47e809	65	70	52	ok	complete	byte8	24be5377c6cdbf6c	24be5377c6cdbf6c	1	47fe0d7eaf8e51e3	47fe0d7eaf8e51e3	1	0	L1_L2_exact
p5-primary-compact-fuzz	primary	0	0	fuzz-compact-0080	deterministic_fuzz	compact_uniform	compact	generated	75f2ae86164ebddef709d6ae54c6e2c3c04f7695f5fd2fe703cd057350b51419	48ec6565adc32571a3287c0c1e8f6879513fefa96facda0541bbb6721934b153	04fb5e1ab898b62751fd6c2e0af02766f767ea21d6c86768fec7ac8b2042bcb5	65	54	84	ok	complete	byte8	c344c3f85422e918	c344c3f85422e918	1	47fe0d7eaf8e51e3	47fe0d7eaf8e51e3	1	0	L1_L2_exact
p5-primary-compact-fuzz	primary	0	0	fuzz-compact-0081	deterministic_fuzz	compact_gc_low	compact	generated	3095c6914eea877f965df60923985358d80856c4339819aa8189ea1cdfb756a9	52433faf8cc3734dbaa03df106244bae95d680222cdcbf51c08c5c0c5a716bde	cb8306847c55d80df3f3899b2d6efbce626f7d2e6c10384d53d23d2ff2ae82a9	65	41	83	ok	complete	byte8	222efb593738efdd	222efb593738efdd	1	47fe0d7eaf8e51e3	47fe0d7eaf8e51e3	1	0	L1_L2_exact
p5-primary-compact-fuzz	primary	0	0	fuzz-compact-0082	deterministic_fuzz	compact_gc_high	compact	generated	7010073379d0e19080dda5ff7b44c5cb35e88e875fe8582c2b7b2986205d8f98	1915f179a99d733f2f28bb1d37faf2189d72377b09c2ab7d70cc0ecb5c5e128d	d7afa9d64613d598221a6d494694873f25ca2c26efe463f6cfc2db8450f94167	65	34	119	ok	complete	byte8	e5d24073dac7cf09	e5d24073dac7cf09	1	47fe0d7eaf8e51e3	47fe0d7eaf8e51e3	1	0	L1_L2_exact
p5-primary-compact-fuzz	primary	0	0	fuzz-compact-0083	deterministic_fuzz	compact_repeat	compact	generated	3161205a18d91992dc767b21e4b9c8e00627cbe0bd0e7060518e8f6ac7012f5a	1e78f6d61bbc68e66145a82943f60051fec7869fd9894414332d1651da282b38	63c7f2880a9e973c8805b70ddb1fdedcc99e61b123903ed4d47c3fad96da79dd	65	83	69	ok	complete	byte8	2ea90ff7bd30cf70	2ea90ff7bd30cf70	1	47fe0d7eaf8e51e3	47fe0d7eaf8e51e3	1	0	L1_L2_exact
p5-primary-compact-fuzz	primary	0	0	fuzz-compact-0084	deterministic_fuzz	compact_uniform	compact	generated	4c3b5370d97923fc0e1d781d8364a0eddecc5d126756bddf1dff8404a719ab14	53952864d4da1135c58b6094a1c99351d797ef7c9c9dd55d8bf443cd545f0573	b165f42904cb4691b223b6703e7ac4a98b59f7a732485776b7b92a42ad13573c	65	54	40	ok	complete	byte8	2e1ee55c0eacb188	2e1ee55c0eacb188	1	47fe0d7eaf8e51e3	47fe0d7eaf8e51e3	1	0	L1_L2_exact
p5-primary-compact-fuzz	primary	0	0	fuzz-compact-0085	deterministic_fuzz	compact_gc_low	compact	generated	f70d623a22457e258e890930fd5d1f2d2c92dec6ec16ba3caf47afc1ca8b9244	14757ddaaeec278cc80a50986c0d5c41de23b4602a1def2eafd9d9241925d832	f29087821e7e3c48027ca71470c28cbf6b33da11a56b1f9245ef13630d1e2489	65	51	104	ok	complete	byte8	9e1ad508386ed05d	9e1ad508386ed05d	1	47fe0d7eaf8e51e3	47fe0d7eaf8e51e3	1	0	L1_L2_exact
p5-primary-compact-fuzz	primary	0	0	fuzz-compact-0086	deterministic_fuzz	compact_gc_high	compact	generated	3007aad66cd37b4055ce7d959f0b0637a043125814f4e5aca79e8cbecb2a8d12	13e38ddb42db60df968c3e02a10eea9f7241535bef1b295d5404fd1a59df4ca6	42bcb1c40c20cd3100532e23a6be4eecd72d3f2d543024d6dad3c21acac3c68a	65	48	101	ok	complete	byte8	93e3898a8c7d0cd5	93e3898a8c7d0cd5	1	ba41c98f62761ddb	ba41c98f62761ddb	1	0	L1_L2_exact
p5-primary-compact-fuzz	primary	0	0	fuzz-compact-0087	deterministic_fuzz	compact_repeat	compact	generated	7128fd3340cceccd433878adf9baf8b7050302362937a156ae607ee1ec872538	1e567769de1c6c6d7d86e9678247bf3c3f902bbfa853f47d2984b70622e1a60e	54444d71d5072f8ad3d8ec354532f8c1f381198ca435f4b95061629811a4212d	44	9	121	ok	complete	byte8	42ee469a375ba544	42ee469a375ba544	1	47fe0d7eaf8e51e3	47fe0d7eaf8e51e3	1	0	L1_L2_exact
p5-primary-compact-fuzz	primary	0	0	fuzz-compact-0088	deterministic_fuzz	compact_uniform	compact	generated	3e1d4c79bf6bd0b2c2f998a9a380b474d889ed81ac54af4b7f8364432f34c5c8	5d2090c63e4b4e1d1fbe932b3cad02f4ee67226e3c289e9932825aaba16fc4a1	5c1d4584cd6535c15dcc7f29b4763d4b73f9bf5eeea5f86812f29a3203a5673e	65	70	23	ok	complete	byte8	fe9120d951e0807d	fe9120d951e0807d	1	47fe0d7eaf8e51e3	47fe0d7eaf8e51e3	1	0	L1_L2_exact
p5-primary-compact-fuzz	primary	0	0	fuzz-compact-0089	deterministic_fuzz	compact_gc_low	compact	generated	fcdb5ebc371deab56a1af9c082d5adff7d63bfada68af30a77aa317525c61aff	09a202015ce218b3de16c4ebd31a3c9563e6c6f31bee558a0093ee0b43b37688	896364c5f1015737bab74ad1c0f5860f07e1b5c70d3cad32545d18b950e7fc41	65	25	98	ok	complete	byte8	533d643266051b2e	533d643266051b2e	1	47fe0d7eaf8e51e3	47fe0d7eaf8e51e3	1	0	L1_L2_exact
p5-primary-compact-fuzz	primary	0	0	fuzz-compact-0090	deterministic_fuzz	compact_gc_high	compact	generated	0f0cb7324e8f5073b96626812875d663cdca562b861ad98bb9463f1f65d4eafd	f5c67386ff4040676acf78d070018db396fe3275859c2916c33a4f2a00174eb0	61fd3d99b9c43319296d7e3ba46991c114164122675eecc08b553389c345575d	65	40	17	ok	complete	byte8	f4e3c74b4579be4b	f4e3c74b4579be4b	1	47fe0d7eaf8e51e3	47fe0d7eaf8e51e3	1	0	L1_L2_exact
p5-primary-compact-fuzz	primary	0	0	fuzz-compact-0091	deterministic_fuzz	compact_repeat	compact	generated	0e955f86f5b710e2586abf7fd29f57a653fd993bc581f9ab28bbb639a76116cc	578d65b234015472468c9de5a8e48fb72f8b016250d3c663a3b73239edd9ced8	eb8e7673bef1db560ebea076f6cb4c5e2173b4447eddeefe8ea72edc3f5b4288	65	35	86	ok	complete	byte8	1f85186a23f61e61	1f85186a23f61e61	1	47fe0d7eaf8e51e3	47fe0d7eaf8e51e3	1	0	L1_L2_exact
p5-primary-compact-fuzz	primary	0	0	fuzz-compact-0092	deterministic_fuzz	compact_uniform	compact	generated	8ba840c64ce4e484c38d2912fe6533a99c0bc7fe864db9be6d30c9acafc840a2	559aead08264d5795d3909718cdd05abd49572e84fe55590eef31a88a08fdffd	4b1f7c8056b900dd2391993813f9b06dbfbb3ee4d58e03ba8295c4924dd7b431	4	62	1	ok	complete	byte8	af132f815a1fbf27	af132f815a1fbf27	1	6b449f74be9c1be7	6b449f74be9c1be7	1	0	L1_L2_exact
p5-primary-compact-fuzz	primary	0	0	fuzz-compact-0093	deterministic_fuzz	compact_gc_low	compact	generated	0e895e628882eb59cf7d3cb75adeaa7ba8f647f949ef35c68cae75f68f60a04a	8b1704f80affe93d6c6dfd7b7dcd781c439cc1f47a3e94ddaf8595c1d6f5defb	9d7982bdabe38a6e7c2e4196b6309f6fa1acb7b22f5db8520b648b5810d7d5d2	65	94	107	ok	complete	byte8	518ac3aea7092a2b	518ac3aea7092a2b	1	47fe0d7eaf8e51e3	47fe0d7eaf8e51e3	1	0	L1_L2_exact
p5-primary-compact-fuzz	primary	0	0	fuzz-compact-0094	deterministic_fuzz	compact_gc_high	compact	generated	153174a2e3e651c8da658d4c85d4685906534a8a67ffbbfefed802ce204f670e	11e2d7488ec1bcb5c67c6d78ebe7f04328442d3afb5a9062087feecf2713e36c	07e3925a3cea8d657c88aa7a96f94ace85349afb01f0ab150ef6b465c48cc3dc	24	5	43	ok	complete	byte8	ab23552b7ffc7f46	ab23552b7ffc7f46	1	47fe0d7eaf8e51e3	47fe0d7eaf8e51e3	1	0	L1_L2_exact
p5-primary-compact-fuzz	primary	0	0	fuzz-compact-0095	deterministic_fuzz	compact_repeat	compact	generated	53da827930e9fd313704726f609133a7220acef6c90a293db91db2728b9da517	c9750f28d926f9618cbba8fd32d9a9043dc0cf6f377f5d6bd5487fff54f760c9	60df515549f9516552ee5f820133233633a1e5a4f359be3908e41921835cc703	65	29	90	ok	complete	byte8	1c0baaa25999c6fc	1c0baaa25999c6fc	1	47fe0d7eaf8e51e3	47fe0d7eaf8e51e3	1	0	L1_L2_exact
p5-primary-compact-fuzz	primary	0	0	fuzz-compact-0096	deterministic_fuzz	compact_uniform	compact	generated	fec1515c6dad22a38025a17680dac9aadb01f7023dbadef40257fd5fac9f7b52	7553aa5604363d166dfd79533b438cbd71a8425f165c6de52d22c2f6336ab482	3bec1fdd3a48fb7dd99846f7a6533c26ef340368d570802d12b9f391b5287356	65	41	71	ok	complete	byte8	f5fefa483348cb88	f5fefa483348cb88	1	47fe0d7eaf8e51e3	47fe0d7eaf8e51e3	1	0	L1_L2_exact
p5-primary-compact-fuzz	primary	0	0	fuzz-compact-0097	deterministic_fuzz	compact_gc_low	compact	generated	01b6967fdfe865f5af3f63ea915796f8d9791c9749729cdd533ef0a19880e205	b72a7ec493ffc5601d845f94342e9230024e0d570adac519c1daccefd6f54c6f	54e25455c4a53c68aca4d32eda34eefb7a9dc26ae5e441379f4f81c5375dcb57	65	37	123	ok	complete	byte8	6ed4820f518906f8	6ed4820f518906f8	1	47fe0d7eaf8e51e3	47fe0d7eaf8e51e3	1	0	L1_L2_exact
p5-primary-compact-fuzz	primary	0	0	fuzz-compact-0098	deterministic_fuzz	compact_gc_high	compact	generated	3f6fd9186df9a807a010ceabac5a72030c95d475425cbc080487b51891272944	a4897c4b83c52add42102a94cca10e555062f93fb037428d8a7d4ddd9516ecd3	2d70514a005512599f7a2a183f49be3e89bbc36993b600a056a6762e2bc4c229	65	31	99	ok	complete	byte8	72e9eb41c70cab8b	72e9eb41c70cab8b	1	47fe0d7eaf8e51e3	47fe0d7eaf8e51e3	1	0	L1_L2_exact
p5-primary-compact-fuzz	primary	0	0	fuzz-compact-0099	deterministic_fuzz	compact_repeat	compact	generated	e22a9ab2ea7fe3f55ed19599ea7cdfa139f65e26c97ac30ddad35ccf0b3fe55d	4d0e166560b00715e6b3787f225bff28de26cce439298ccaa940ccf421cfef14	7b25a4ba43d7348f6fb9df884765da8a5205f5d87875e595067f4ba55355f7d7	65	28	72	ok	complete	byte8	704d8a7b7ff7e694	704d8a7b7ff7e694	1	47fe0d7eaf8e51e3	47fe0d7eaf8e51e3	1	0	L1_L2_exact
p5-primary-compact-fuzz	primary	0	0	fuzz-compact-0100	deterministic_fuzz	compact_uniform	compact	generated	507e95b7d918dc25fd6f61d9b5d3704a2c264c49e38f722fd1db75ca8855e224	42d1db6988391e904bb8a42e3fe5ea8e27f96dbeb6da96468aa5826fe3978632	9a730dc48cdbd87f0d1797af1f5961862815425be091d844719a80896fc0cacf	44	9	54	ok	complete	byte8	da39797b6d27aabc	da39797b6d27aabc	1	47fe0d7eaf8e51e3	47fe0d7eaf8e51e3	1	0	L1_L2_exact
p5-primary-compact-fuzz	primary	0	0	fuzz-compact-0101	deterministic_fuzz	compact_gc_low	compact	generated	66ed4a8da81c7600c1e2330e152df848bfd1347008b68d02a01af05081e0516f	44892c93c4d84097c324fa445462421238be0a5e6735fe4b3759c490c920d133	5db2d9ef8781453435f9c18fca0ee478e93a026774a4ef0a946a8a245f5ebd79	65	33	19	ok	complete	byte8	144b9ba951ca3ece	144b9ba951ca3ece	1	47fe0d7eaf8e51e3	47fe0d7eaf8e51e3	1	0	L1_L2_exact
p5-primary-compact-fuzz	primary	0	0	fuzz-compact-0102	deterministic_fuzz	compact_gc_high	compact	generated	38c82750873a38b93bbea0ed11730c83d674d915252d5a187b1e7a691d95b5a2	98d9d9638e4c9c195fa5644225de1e036fe7e6edf9881c1e3b3af27ee0577522	e7727584d68a270524281bf371719b710150842c38e8339797e2dbadc1088b24	65	23	50	ok	complete	byte8	03eca934f0d9dbb0	03eca934f0d9dbb0	1	47fe0d7eaf8e51e3	47fe0d7eaf8e51e3	1	0	L1_L2_exact
p5-primary-compact-fuzz	primary	0	0	fuzz-compact-0103	deterministic_fuzz	compact_repeat	compact	generated	55bb73272c67dae1ed05e29ea67fbd2689f76aa1423570132b0f9d6744cd60e0	5ee6b0073e2a2eeb0106cfbf78f6a2d1b32518cf743c60735d90e3e3c628236c	37a558583a2c1ccbd21d9a29d15052ba2e5c5d9755892c510ccb8ac1054b0538	65	24	71	ok	complete	byte8	4cb7ecb384481cc3	4cb7ecb384481cc3	1	47fe0d7eaf8e51e3	47fe0d7eaf8e51e3	1	0	L1_L2_exact
p5-primary-compact-fuzz	primary	0	0	fuzz-compact-0104	deterministic_fuzz	compact_uniform	compact	generated	656fa7f3dfe504d38c48ba260a62759766f0f49ee12aa79c5e2de06d5be51dbc	eb4876109a092f65a47102b8c399e01d77f023f2b49c714e1711a5a6dc8f74a0	ea9f410b3edc9d6d039e97330b12a2b219acf9a320d752cea781203e723f53db	65	72	75	ok	complete	byte8	33e11417767052bc	33e11417767052bc	1	47fe0d7eaf8e51e3	47fe0d7eaf8e51e3	1	0	L1_L2_exact
p5-primary-compact-fuzz	primary	0	0	fuzz-compact-0105	deterministic_fuzz	compact_gc_low	compact	generated	0eb7c6b20f2f9ecc0039ff7df4730e88a53ec29a2e231719eb5206e15cf38394	ee9a34082d9fe396d6bf218ed30a151ba24f8d7da391a7736a629e33e880a72d	f30bf471618690898698af89d17b32d57e21a9b492204ee5c3b639705d074438	65	96	77	ok	complete	byte8	36101e27ad8d0bdc	36101e27ad8d0bdc	1	47fe0d7eaf8e51e3	47fe0d7eaf8e51e3	1	0	L1_L2_exact
p5-primary-compact-fuzz	primary	0	0	fuzz-compact-0106	deterministic_fuzz	compact_gc_high	compact	generated	78c6110bed6899be3a64c18df13490c1bb1cbfc007db83ca60b4c12e160d89fe	58d60e343e5c10b44d82f80ff7bd0ff5c193c881bb328b9fa99b3c2d88801aaf	aadf5a5dae6d5605407d3569a521fecfa8a68584772c322d5bcccc35d227ec6f	65	69	15	ok	complete	byte8	c22f1e30746af969	c22f1e30746af969	1	47fe0d7eaf8e51e3	47fe0d7eaf8e51e3	1	0	L1_L2_exact
p5-primary-compact-fuzz	primary	0	0	fuzz-compact-0107	deterministic_fuzz	compact_repeat	compact	generated	917678b78f31af08af3a8f87debc7c79723e5404c1f37861b93af331eb27e471	331220443e8d529039c818f0ffb9bbef9f093f592e3eb877ff0fd76cedaea567	d30566bfc633b7890fb7accc826ef47bf9de8853d03946a7cb88ecf4de02abba	65	43	95	ok	complete	byte8	ee6e5627255cc930	ee6e5627255cc930	1	47fe0d7eaf8e51e3	47fe0d7eaf8e51e3	1	0	L1_L2_exact
p5-primary-compact-fuzz	primary	0	0	fuzz-compact-0108	deterministic_fuzz	compact_uniform	compact	generated	3fe8503f75ccbebaeed6ef69e7761b9ce2facd6bb6193a8eb604e3d032143727	039ff96f7430969fd5120c1c6af3f896ea27275975a7a896c71b76ee1b189196	0ffb1251700f250b8c82a404546c8662836c216fe9b6189dfe0ec59693939735	65	77	31	ok	complete	byte8	780f825db765da85	780f825db765da85	1	47fe0d7eaf8e51e3	47fe0d7eaf8e51e3	1	0	L1_L2_exact
p5-primary-compact-fuzz	primary	0	0	fuzz-compact-0109	deterministic_fuzz	compact_gc_low	compact	generated	36a8a0a4bb343cc7fa3fd5d00a5e0b57f4af35e5df9aebb983890f1ee2dd0733	7403d3534f0f5fa7d04ddbcf9cc8b37dcc42a9e939ffa45ae2b1fb1b38c9b04c	a7bd6995464d202e6b3936be98157e06384813212719b9760e3342da65e681d6	44	9	44	ok	complete	byte8	e7cc37c8bcfa5b6f	e7cc37c8bcfa5b6f	1	47fe0d7eaf8e51e3	47fe0d7eaf8e51e3	1	0	L1_L2_exact
p5-primary-compact-fuzz	primary	0	0	fuzz-compact-0110	deterministic_fuzz	compact_gc_high	compact	generated	c23d2d50f344bf50d6c9293ad01e8d49771deeb9b5ec0b0e3eac8f06c722b611	3515bab84c228c2bcaefa088032afbe848d26dbf2f5ff54a138c540b35adf8ef	feeee2728aef414c29015a76d087041ed8cee78a6582cd880ad8479e589a66c5	65	87	47	ok	complete	byte8	07df013455440d01	07df013455440d01	1	47fe0d7eaf8e51e3	47fe0d7eaf8e51e3	1	0	L1_L2_exact
p5-primary-compact-fuzz	primary	0	0	fuzz-compact-0111	deterministic_fuzz	compact_repeat	compact	generated	fa78bb86cbda9829a16f42c5d1923c49c73a769e3cf1d69ab18226752c32bb8a	74e0177aad4266a14d8b81618f7f6fb9ba31dfbea181e2da31d01a2f4a5c6bc2	ead45139ec9356febc045355170ba5a9db311dddb9c096d1ae4e2469af9c2cfb	65	82	104	ok	complete	byte8	ddf28e87014d2233	ddf28e87014d2233	1	47fe0d7eaf8e51e3	47fe0d7eaf8e51e3	1	0	L1_L2_exact
p5-primary-compact-fuzz	primary	0	0	fuzz-compact-0112	deterministic_fuzz	compact_uniform	compact	generated	353d529809b0d6d9ea1e0633402509686f7d6965166844d773530106c4b8768b	be848ba3df086aadf6049b743bd18aefdc1cf7baef02044e9e9b649f570a2e0c	5a325da1ef025fb68ec2d3942a0787529d825f61a835158e3343f3080cb22aba	29	94	6	ok	complete	byte8	09f68491aec535dd	09f68491aec535dd	1	47fe0d7eaf8e51e3	47fe0d7eaf8e51e3	1	0	L1_L2_exact
p5-primary-compact-fuzz	primary	0	0	fuzz-compact-0113	deterministic_fuzz	compact_gc_low	compact	generated	52c8efdfa3bdf6f025121497b829737040073fdf3485cc6d822e1daff7d64cd6	347113dca7366a9724f72d1175239d92d3f39979dcb96cdcf8e6c4c4331781b7	a2776c4394525dd624ff131a6cbe09b91a0405d10a4deb6010f5da150f9ceb71	34	72	7	ok	complete	byte8	71a3788b2a8de50d	71a3788b2a8de50d	1	47fe0d7eaf8e51e3	47fe0d7eaf8e51e3	1	0	L1_L2_exact
p5-primary-compact-fuzz	primary	0	0	fuzz-compact-0114	deterministic_fuzz	compact_gc_high	compact	generated	00929c0b28c9efb9bf68efd2d11f5fe73fd5e98fd7e65518a6ee36b35444715a	4d88e4d6a7129fe6688e53aafefb0e9de1f28c91db0163f067ada80edad47d51	a5af2d72e11d4352b56d7c50508163ec14ba81104d97954b5892d26fd387e334	65	61	111	ok	complete	byte8	15e8814a589636c6	15e8814a589636c6	1	47fe0d7eaf8e51e3	47fe0d7eaf8e51e3	1	0	L1_L2_exact
p5-primary-compact-fuzz	primary	0	0	fuzz-compact-0115	deterministic_fuzz	compact_repeat	compact	generated	3672218be05c8106df278c14e80cfee92ff4dab9b80c44acb3f08c7fb0cab30d	6dddfde562d81657872782d065faca1aeba4abc6193901c3879a4c5754876a6f	be127e559e7792e82c354bc72de97576d4eb59004dff53a6fce17f4232f015f3	65	25	16	ok	complete	byte8	aac64227336ae950	aac64227336ae950	1	47fe0d7eaf8e51e3	47fe0d7eaf8e51e3	1	0	L1_L2_exact
p5-primary-compact-fuzz	primary	0	0	fuzz-compact-0116	deterministic_fuzz	compact_uniform	compact	generated	05012851ebe4b564972fd7b99fe6e7e9ec1270b5ab68d8865aa229ff408707f1	f278a404f96d6ad87f4da509d2db09ba7af6451ba31c2ea36276c8f8e7c4f0c8	d3eaed2906cc521a898d4d78df341949b481bc8c5bb75b3947241b30ca00d158	65	66	30	ok	complete	byte8	ed59fc95acf38668	ed59fc95acf38668	1	47fe0d7eaf8e51e3	47fe0d7eaf8e51e3	1	0	L1_L2_exact
p5-primary-compact-fuzz	primary	0	0	fuzz-compact-0117	deterministic_fuzz	compact_gc_low	compact	generated	85beae4d79e6acfdda6359357f262e56efc1b1360f21717218d01da9cfa1d99b	d6f700ac1e8eb6b8778536fc85e929ba5cfb9c173e34a8156f9a50f87002fc89	b738650df526e508bbc4474c63bb685b3933ff10f381df610a0ed60a78dacbf3	19	4	85	ok	complete	byte8	aecc4359bb18841b	aecc4359bb18841b	1	47fe0d7eaf8e51e3	47fe0d7eaf8e51e3	1	0	L1_L2_exact
p5-primary-compact-fuzz	primary	0	0	fuzz-compact-0118	deterministic_fuzz	compact_gc_high	compact	generated	8c553e1a821a06aa3308df63865cdff36d7ea105ad64ef4ffeccc429c5bc1e64	0912bab607181cad4c62295fd442e6c4e45e34548da5cbd9339b5f3d38856ce5	fec60079d12d9fd5b7a9718c60fddcd9ac11d2e604dd8481f1a17a64ca34388c	65	68	42	ok	complete	byte8	7efc57ece3da44e3	7efc57ece3da44e3	1	47fe0d7eaf8e51e3	47fe0d7eaf8e51e3	1	0	L1_L2_exact
p5-primary-compact-fuzz	primary	0	0	fuzz-compact-0119	deterministic_fuzz	compact_repeat	compact	generated	80f266c319c35117f6d8503e06737282f702df05e2f6536f770963f5a09e44f5	4c724f2f858cbf51a9b8b6b110c18aec433de4277d31e30aa3407e1fe408df3e	80ceda5f59af0aa7ffa7f290631658d38f3412dc25cd0f61a716df4435af969a	65	60	124	ok	complete	byte8	3ef1a253924c981a	3ef1a253924c981a	1	47fe0d7eaf8e51e3	47fe0d7eaf8e51e3	1	0	L1_L2_exact
p5-primary-compact-fuzz	primary	0	0	fuzz-compact-0120	deterministic_fuzz	compact_uniform	compact	generated	fc7cf18f2d51a4e8ed44c2fc293a01323653f7ff3b0207756f82c53fa7167f77	ed031d06bf3052dc91675e28f05ffbb094cc64bd2f13924a2640f56bffca3f2f	96d2a470189924ecea074de3a35578e7af5c71ec7bbf1917b81553e02e7f985e	39	8	36	ok	complete	byte8	2f9e19a6340b142c	2f9e19a6340b142c	1	47fe0d7eaf8e51e3	47fe0d7eaf8e51e3	1	0	L1_L2_exact
p5-primary-compact-fuzz	primary	0	0	fuzz-compact-0121	deterministic_fuzz	compact_gc_low	compact	generated	038c4d3611b12924a899ce32eee4e9bba64dec8bc04d17f5aa54d26c4a9ff26a	5c73fb2414224ff9ee6d0e08e74c8ee786f5cfcda8fa5ae4e6ed305ddd887426	4c3dc0b31b26a444c37978bfcae15d871b27c21c7e5c26d8676fec08d43bba0c	65	15	91	ok	complete	byte8	b74b422d4e9d5d98	b74b422d4e9d5d98	1	47fe0d7eaf8e51e3	47fe0d7eaf8e51e3	1	0	L1_L2_exact
p5-primary-compact-fuzz	primary	0	0	fuzz-compact-0122	deterministic_fuzz	compact_gc_high	compact	generated	5c638f083d3430df222d238734d006de4a823e2b1cb6ea836b0a882fe161ac4b	818f619ac55adf27c3452e95e57d5dc42696336198c37aa008107e02e0353534	26171546edbf0f47a582237a8bd70580147fc653db3b24c2dc46aea8b0f61b45	65	85	125	ok	complete	byte8	afd156c413719ebc	afd156c413719ebc	1	47fe0d7eaf8e51e3	47fe0d7eaf8e51e3	1	0	L1_L2_exact
p5-primary-compact-fuzz	primary	0	0	fuzz-compact-0123	deterministic_fuzz	compact_repeat	compact	generated	f47f91c5b13558d0bcd15607369c595a6417481ce05c983d3220e40de639bae8	0807d0856f075ec1a89b9b3d9d422f4a83d242bcec95aa2d5bf7e5afa2dde8c8	2376994544326b06802899762cbe60fe7253f88de65ecf4c30e2e4bdc99b0f1f	65	33	53	ok	complete	byte8	ffadd6b9e70d5818	ffadd6b9e70d5818	1	47fe0d7eaf8e51e3	47fe0d7eaf8e51e3	1	0	L1_L2_exact
p5-primary-compact-fuzz	primary	0	0	fuzz-compact-0124	deterministic_fuzz	compact_uniform	compact	generated	c14f79fc138ea8e9157f4fddd566142416937d11aae9a9fb6bd8995a6aadb8ee	8de9a78df275bcc29a9429612347cd846c43f57fc067c18a842ff33d178318fa	fa4d292fac74b71bdbcde2289f06d91f6035da3357d7f1cbfe2036d383f78d69	34	84	7	ok	complete	byte8	71a3788b2a8de50d	71a3788b2a8de50d	1	47fe0d7eaf8e51e3	47fe0d7eaf8e51e3	1	0	L1_L2_exact
p5-primary-compact-fuzz	primary	0	0	fuzz-compact-0125	deterministic_fuzz	compact_gc_low	compact	generated	5b2c7c5d484495ccbc2e7eb6d218227a028c0789ffa0b9fc38fcd1fc1a5af43c	7d034fcb848bb26b2c134c34c4ca2a2e3300fbc835ed560f4e57c6921985147c	118c85a6c60029a4ce6be441b4a9130760a58a642279b29973fc46b77008842f	65	15	59	ok	complete	byte8	fb10c7da455b343a	fb10c7da455b343a	1	47fe0d7eaf8e51e3	47fe0d7eaf8e51e3	1	0	L1_L2_exact
p5-primary-compact-fuzz	primary	0	0	fuzz-compact-0126	deterministic_fuzz	compact_gc_high	compact	generated	a2449d306d1dd5f2d43a207f8015eea84f6b3a3dca525b845c9e7070fd24372d	4ab7d5678b6b0fd3b13e2493268e6e8ddb568893c985f670b77be9454f37af6d	f34c13a013ea70114bf20c7739ec38ad3c90b2f66a2694af60a101df829661a7	65	58	70	ok	complete	byte8	baccebed4a526f6f	baccebed4a526f6f	1	47fe0d7eaf8e51e3	47fe0d7eaf8e51e3	1	0	L1_L2_exact
p5-primary-compact-fuzz	primary	0	0	fuzz-compact-0127	deterministic_fuzz	compact_repeat	compact	generated	1c88179e36defacc88a66a41feeb4feeff3ad15df6860bc5a2eb56c01988c379	91d184b88b453f458d81c8472731183226a8e7b2b7acc152598dc857280c74b8	525c83b6563c8d694147acd797e62f826c06a9d7a0d37fe02988ff93425b6055	65	67	124	ok	complete	byte8	cbff42e22f9ba9e2	cbff42e22f9ba9e2	1	47fe0d7eaf8e51e3	47fe0d7eaf8e51e3	1	0	L1_L2_exact
p5-primary-known	primary	0	0	known-hq10-ht02-traceback	historical_regression	known_mismatch	compact	historical_annotation	8357751b729a35a43767ad520b6550dacdd7f0669a58a6d3014c4b10f4f1a362	dd5cf8216eb638d071cd03bd9adc122c15ee07ea696b87724b240022829e4fd9	b47423ab540d3ef2acdbe41e434db20e62ea54b9adb9b51a7774209646232c00	65	1907	2501	ok	complete	byte8	4cdb83f5d1b579b4	4cdb83f5d1b579b4	1	cd26d8f9d4232140	cd26d8f9d4232140	1	0	L1_L2_exact
p5-primary-known	primary	0	0	known-hq11-ht02-endpoint	historical_regression	known_mismatch	compact	historical_annotation	746d6f71584aae394680e638d9651766dbeb06a1921aa885c1719f89ae29643f	dd5cf8216eb638d071cd03bd9adc122c15ee07ea696b87724b240022829e4fd9	c8ce9881a7d3ae94d80df39cb633244f9758cca9027fd3217619f9408e7b8d69	80	2540	2501	ok	complete	byte8	fcd5135e90526dfa	fcd5135e90526dfa	1	be91e70d98e8099c	be91e70d98e8099c	1	0	L1_L2_exact
p5-primary-large	primary	0	0	adv-length-0511	adversarial	length_boundary	large	generated	8ea5c9662cb5d10b7b315c322a0a080319065f6fc57b1f57073762fd0eb1cbd3	afc5171375a27fd7385a8c3dd8866dc4bae966ee8ba83a6655b591e180c093c3	0623f7ae754aa6b778b50a1a8c2bfa396c9cca8f7d1526c563e11c435b4fa879	65	511	511	ok	complete	byte8	488e7bf64a121908	488e7bf64a121908	1	15a44e253e77a0c9	15a44e253e77a0c9	1	0	L1_L2_exact
p5-primary-large	primary	0	0	adv-length-0512	adversarial	length_boundary	large	generated	24191b1133fb23e1912560250839730c6f4cbc0c6dcc3a8d38cf152ca67b0152	40711d2f20938d3e1671d061797bf32233a8ef3084312ee612b5a74c43146567	3ef831cfb4ed47cd464aced6317888ea4967f8767453e98e01b2f468e207c9b4	65	512	512	ok	complete	byte8	7586ba19c3d40232	7586ba19c3d40232	1	15a44e253e77a0c9	15a44e253e77a0c9	1	0	L1_L2_exact
p5-primary-large	primary	0	0	adv-length-0513	adversarial	length_boundary	large	generated	89393b9e7ab6c02cddbe22d3a3ed7405b1720f4f6d12118a4a52026a830a7eda	18facf3c67280c01f229e21a1c62f24c6ee514c8a8eabdac2e971ef795c6f764	b71f6df0ee3d36586e36adbd24a8fd43cf70a4250258717395ee44192696730a	65	513	513	ok	complete	byte8	d965d84d8f7f6867	d965d84d8f7f6867	1	15a44e253e77a0c9	15a44e253e77a0c9	1	0	L1_L2_exact
p5-primary-large	primary	0	0	adv-length-1023	adversarial	length_boundary	large	generated	128429b040a12c82f04e299e6fc5e3fd7d01313eddfe3d321cafb68af0daf43f	8c9f94246ea8ea40b99b3984fa49f5f3dd0c6174a7fe8c543a8fdc1a011af463	8bbcb9738d036a24423c1b43c4f078c453d82ff6aad51285cc5e592b074df301	65	1023	1023	ok	complete	byte8	2ba23a4c6ab8bebe	2ba23a4c6ab8bebe	1	15a44e253e77a0c9	15a44e253e77a0c9	1	0	L1_L2_exact
p5-primary-large	primary	0	0	adv-length-1024	adversarial	length_boundary	large	generated	11f32666327a903f8068ec86f06dcd1e45494391476c3cec4104ddc9c5ae47bf	2bceaf9b9958ff0ea5c5b6cce4e9180e2687b168ce86738dff31e22206eda83f	3e4b49b01f1fce8fb479d9bd23453dfc7adaaa351d5e2e33daa592497d2316f9	65	1024	1024	ok	complete	byte8	74751a7fabbc1110	74751a7fabbc1110	1	15a44e253e77a0c9	15a44e253e77a0c9	1	0	L1_L2_exact
p5-primary-large	primary	0	0	adv-length-1025	adversarial	length_boundary	large	generated	9d9c6f819851637827cbcf8d1a74f91c8d2565894b6aeff674f4e7b851e7956c	38f867ae0908944783d3d293f788b487ad5c447cc019131339eebe57288fbe0b	25e6fe0938447ad8eb80c1264808b323ac80939c1a78420af1867ba085d9b1e4	65	1025	1025	ok	complete	byte8	ec6dca7c9096c2b1	ec6dca7c9096c2b1	1	15a44e253e77a0c9	15a44e253e77a0c9	1	0	L1_L2_exact
p5-primary-large	primary	0	0	adv-length-2047	adversarial	length_boundary	large	generated	f7237ffc299c8e4921a2ec32be91842055f2a5ca776fe18c0e3530e20218507e	f53b34985afbf6d3956c46751aed0c2d730b87c6cb0d8b0131b1412a03b5c9fb	ec8c167038dcead72877250cbf147266c847031da18a2f1e102e2fa7beb8c6cf	65	2047	2047	ok	complete	byte8	4c014b87ec060a2a	4c014b87ec060a2a	1	15a44e253e77a0c9	15a44e253e77a0c9	1	0	L1_L2_exact
p5-primary-large	primary	0	0	adv-length-2048	adversarial	length_boundary	large	generated	2433f721ddb8e8d7b8a6bf84c93f95749c9ad5e7c045278b8da6c15814757f1b	f481f25d279b80d9bb76d0cee62b57c5da01a458131bd7eaa23ccc32c1313669	38f33eed7b0ada5e40541dcc1d733586bc8c703cab75603eab95df9b2f339dfc	65	2048	2048	ok	complete	byte8	2e65bf3a6767f354	2e65bf3a6767f354	1	15a44e253e77a0c9	15a44e253e77a0c9	1	0	L1_L2_exact
p5-primary-large	primary	0	0	adv-length-2049	adversarial	length_boundary	large	generated	198f860367958c8c6024ad85a66a7596385f6a6111992332fab45efb11adc6fc	3bb8b3d2c76759811a3231f1f934eb3acc2b7729d368567eb6202137a1b5c1e1	9525d13017fef08936340c6afb12966617acfd93bfbd5c071b59ff3384eaf0ef	65	2049	2049	ok	complete	byte8	572fcddef002a4f5	572fcddef002a4f5	1	15a44e253e77a0c9	15a44e253e77a0c9	1	0	L1_L2_exact
p5-primary-large	primary	0	0	adv-length-2811	adversarial	length_boundary	large	generated	35a6283175559fe1aa7a0eef11f60928ccd37c9f238072391d3e7bd1fc128d56	1318f94bf0ed28c540df1200df8214ede59ecac76bb14b20056fc07e8a58e0a2	60f712362704fe8c8b6b2a4a5255a1ce3d4d376814ce8102b9e1168e22659e39	65	2811	2811	ok	complete	byte8	5335b5364e8a52f5	5335b5364e8a52f5	1	15a44e253e77a0c9	15a44e253e77a0c9	1	0	L1_L2_exact
p5-primary-large	primary	0	0	adv-length-2812	adversarial	length_boundary	large	generated	523b88bf203f869fcb2249efebb2d4fafc623e645f52ac19701091fd2d110a26	816f780f786803ddad90c48dc466e26fae3a1503664ab201d12130e426234b34	c296389368331c5aee1d3c1bca0aa63804938af6178227c1851201be6ce80ab7	65	2812	2812	ok	complete	byte8	0e2bd7d5e03ae28e	0e2bd7d5e03ae28e	1	15a44e253e77a0c9	15a44e253e77a0c9	1	0	L1_L2_exact
p5-primary-large	primary	0	0	fuzz-large-0000	deterministic_fuzz	large_uniform	large	generated	654240de74a60d619285c96d36fbdd19433d4ea80bf0778cd5e6848d1f650a39	c6c53844e5c2b71683ba26efce6d113e4abb959587916e7a936d9748ef06db66	6820452a8d8ba003687756c55c6d6e772b16dea0a993a84570b6b45e8305c5b7	65	31	2812	ok	complete	byte8	8a164f02b7947f42	8a164f02b7947f42	1	47fe0d7eaf8e51e3	47fe0d7eaf8e51e3	1	0	L1_L2_exact
p5-primary-large	primary	0	0	fuzz-large-0001	deterministic_fuzz	large_gc_low	large	generated	2dd7242b6ffe5839d75facc9c0d567f8f5eaad1199e30be23cd1c1a7dd0c838a	8754ca28aee0e37af3673e67286df91d24fe0d84e42e52fc8af13f59f86c1784	66d7de67108bd0275de26b65956b1d5dd4afc5ed065cfa762c4c44093602ee87	65	32	2811	ok	complete	byte8	0ca5aa9e80ea2de3	0ca5aa9e80ea2de3	1	47fe0d7eaf8e51e3	47fe0d7eaf8e51e3	1	0	L1_L2_exact
p5-primary-large	primary	0	0	fuzz-large-0002	deterministic_fuzz	large_gc_high	large	generated	630cfad93f070c6c8648ca02b948cb664830a89e4b3d3a0b7a8360b18d6705f0	efd3edd505f75acd724e216f6eef233093db09c4c942e22e630934d331fc3616	ac18b667dc0e21c998b5fff52c9db65f081124ffb81275f684bfda8a4bb6bf2f	65	33	2049	ok	complete	byte8	47bdfea5803a11bd	47bdfea5803a11bd	1	47fe0d7eaf8e51e3	47fe0d7eaf8e51e3	1	0	L1_L2_exact
p5-primary-large	primary	0	0	fuzz-large-0003	deterministic_fuzz	large_repeat	large	generated	8cdda3af6f226dcd4b7fb4c2df90c8e15511c8a28b070bb555767c594766a3ce	eea3f91abd24486302da8b4ba396fd22332436f813f036e4c1f740b41b72502b	f9a7db566a01fd64bc709ac407cda8cb4053177d43f1a5a8df84b82b81c2dacb	65	63	2048	ok	complete	byte8	7393ae31552d4706	7393ae31552d4706	1	47fe0d7eaf8e51e3	47fe0d7eaf8e51e3	1	0	L1_L2_exact
p5-primary-large	primary	0	0	fuzz-large-0004	deterministic_fuzz	large_uniform	large	generated	fffa5254bba288a526586f7c96e4198370d321b6ad7cde8c50d3c75c811cad03	7a208393a892a8456f9f9a8865d3d2cd582aa429c310cd1c5ca0db3a49f4256a	b2b30736b6b7dad452e7f692c3163fee7c41e85420b5af24335d9ea6232a375f	65	64	2047	ok	complete	byte8	84c95e54779b1b24	84c95e54779b1b24	1	47fe0d7eaf8e51e3	47fe0d7eaf8e51e3	1	0	L1_L2_exact
p5-primary-large	primary	0	0	fuzz-large-0005	deterministic_fuzz	large_gc_low	large	generated	17e4e8919bfb1cf7d4e9c05b50f2c001615cd1d0abe82614fd4c5e385961489b	266ea6b337eb0dc4fef5c9f3e3404bc3b537895bdcb92e9c98a67915ab085306	608adce10b2251c7f5f46f86acb15186591340ae69580ea8457f1da0254df959	65	65	1025	ok	complete	byte8	729de787f9571705	729de787f9571705	1	47fe0d7eaf8e51e3	47fe0d7eaf8e51e3	1	0	L1_L2_exact
p5-primary-large	primary	0	0	fuzz-large-0006	deterministic_fuzz	large_gc_high	large	generated	2f2214b5a75ba550cf5af4ab24e034db806088c90d9b11b6521e4d65584dd373	12db99ed31a22538c031bfd67b7e77958255fe85738d1f91d095ddfede0da93a	f16b1eb86b09dd43d72d312b62c465fc67bd997abbf667e6cf0f376c5457d729	65	127	1024	ok	complete	byte8	3f96dbe319b417af	3f96dbe319b417af	1	47fe0d7eaf8e51e3	47fe0d7eaf8e51e3	1	0	L1_L2_exact
p5-primary-large	primary	0	0	fuzz-large-0007	deterministic_fuzz	large_repeat	large	generated	c28dd9d3234a9989fcaf9e2c9eaa7ac73dfa7e6d763cdf0be08492c4bb092261	506458e80da9cc26ed39a200acb69102485012a9189bca711d21005737f9a8a7	8ae9790a30d6f77d15f68266ff1344dfeb1082bfc440a3ac6aa0f883f6c1b47e	65	128	1023	ok	complete	byte8	0c906b54bcb1729f	0c906b54bcb1729f	1	47fe0d7eaf8e51e3	47fe0d7eaf8e51e3	1	0	L1_L2_exact
p5-primary-large	primary	0	0	fuzz-large-0008	deterministic_fuzz	large_uniform	large	generated	f023a2f258f3463a8eeaef7e614314ca69754b7a1ad6b28806b88d3009fc1915	bfbccfead6ca5059e4bf7a76a8c47c455f495ad417a344f6dcb3664b1b47ecc4	0d84f362616e1b84c8cf0be18198a07aefe70a3043b4336750044e6241d15bab	65	129	513	ok	complete	byte8	fe830260a6d9fd34	fe830260a6d9fd34	1	47fe0d7eaf8e51e3	47fe0d7eaf8e51e3	1	0	L1_L2_exact
p5-primary-large	primary	0	0	fuzz-large-0009	deterministic_fuzz	large_gc_low	large	generated	fd2b13e1070eb3f5aed48d9f89e0f2f0ab62ab79a6cf50d28671ea37f4cad358	f75a1c46a3b35618b1a4c7b1dd10e1306e6844aa0610363dc1c2004848819a16	4166bf59dc3efbe9862955854d453d88d3b1d9d909d53ce847aac377bc1020c1	65	253	512	ok	complete	byte8	b43516ef9c575633	b43516ef9c575633	1	47fe0d7eaf8e51e3	47fe0d7eaf8e51e3	1	0	L1_L2_exact
p5-primary-large	primary	0	0	fuzz-large-0010	deterministic_fuzz	large_gc_high	large	generated	2e5e0ad32069cecb714fbeda5fe02662341a293609febb443d4555ed292edcad	99943392f366e44146d8eccb7a00bda607a1b488a2a58c501b97b4c4e5cf7549	b2995561575e9cfed916bd16158ffe310222a7914a8032133c2bb9a5847f5939	65	254	511	ok	complete	byte8	6830be241f01af8d	6830be241f01af8d	1	a9007b7cf0a161a5	a9007b7cf0a161a5	1	0	L1_L2_exact
p5-primary-large	primary	0	0	fuzz-large-0011	deterministic_fuzz	large_repeat	large	generated	54e3339f5c5bcbb9e17c6b3721238a50961aebe492c536740ada56f89d57a640	8ee3180a313cf7cf08102520dd61dbf1d41b4f06c4ee3e93dc32f596601eec31	e4adbf2824a57d18af904cae8e2ca4f289f86e916675f714ee88de6842a4fbd0	65	255	257	ok	complete	byte8	1ed98bc23438c102	1ed98bc23438c102	1	47fe0d7eaf8e51e3	47fe0d7eaf8e51e3	1	0	L1_L2_exact
p5-primary-large	primary	0	0	fuzz-large-0012	deterministic_fuzz	large_uniform	large	generated	242db99a3a539046a6dd287bc12a4ec6b176ff13929dde7912937646d75dfad4	ccf890657393029781cab50ead07772805d391b326443b6ea9bc7e66fd8f52f4	fa7f9b6a74691f7e5dd6e8be4a7b0107f5b1c16bb0ec9197c5602e25778bce74	65	256	256	ok	complete	byte8	b1da6e73b2b1d99d	b1da6e73b2b1d99d	1	47fe0d7eaf8e51e3	47fe0d7eaf8e51e3	1	0	L1_L2_exact
p5-primary-large	primary	0	0	fuzz-large-0013	deterministic_fuzz	large_gc_low	large	generated	17704c0bad27c12432c077c74504b2b5e14649eefa3b7d5912e4830fb85328af	99963e55e99bf46b17aad6d42f3b5fcc60182ba336bb1c4bac417c0ade28459e	10a15a068949f4da72d1397e4fb4747cc9f6b93b9c36b95a9019898465c3a1b5	65	257	255	ok	complete	byte8	273387bbe60269f1	273387bbe60269f1	1	47fe0d7eaf8e51e3	47fe0d7eaf8e51e3	1	0	L1_L2_exact
p5-primary-large	primary	0	0	fuzz-large-0014	deterministic_fuzz	large_gc_high	large	generated	067912b74a066c743efa65c8c7c3f9c7fc83a354d91ac7948a12dbf377b4ad1a	c4da7ba6f20d5e4554d5f95f65a321bd09c5807ab440c8eac3dfbd2feab8f0c9	34da44f1668bb87a3fb32f7621e499e5ad93aa6d0d5965beb0d6d28779a147f1	65	511	254	ok	complete	byte8	a7111877b7f976e8	a7111877b7f976e8	1	47fe0d7eaf8e51e3	47fe0d7eaf8e51e3	1	0	L1_L2_exact
p5-primary-large	primary	0	0	fuzz-large-0015	deterministic_fuzz	large_repeat	large	generated	e7b5fc9d31edb1cb0a13904983e043cd494e2525aa78f5ab8077d71f7d94f494	980d8b678895b916b1d87c660653a421c11f9356bf7fe396724bfd04dc24907a	39914820bff62246bfa74d9a3230b3613d49a78fcfd7cdd7eafa9163d822dfd2	65	512	253	ok	complete	byte8	402dcd94e7cc53ca	402dcd94e7cc53ca	1	47fe0d7eaf8e51e3	47fe0d7eaf8e51e3	1	0	L1_L2_exact
p5-primary-large	primary	0	0	fuzz-large-0016	deterministic_fuzz	large_uniform	large	generated	4180b1e863683927c44c8d6de46c018e709079fdf8290079158af3e22eb5e186	59806b5ca5c06e683a5925afb09dcd03b2ba6aca5bb6a1ede3c9b3d56e4d4f23	05064d84270a8c0c7f8d32926efa9605f68baa007709c3998383bf54f6504996	65	513	129	ok	complete	byte8	de5f1d4f5f6471ec	de5f1d4f5f6471ec	1	47fe0d7eaf8e51e3	47fe0d7eaf8e51e3	1	0	L1_L2_exact
p5-primary-large	primary	0	0	fuzz-large-0017	deterministic_fuzz	large_gc_low	large	generated	187ccb63c460d8c0b3442a50c91d83a78e6d1f4e13fe1b7a723a165e2820868b	0cd277e0d312dfec9dac8f56234c216e8a15d52f8ccc17d7db59be23b3cf493d	9ef015ca74c21093c1ab3b0c8da86a9da2fa923c0f5c48de9daf0d1b0cbf6951	65	1023	128	ok	complete	byte8	ad4ec8e603192e9d	ad4ec8e603192e9d	1	47fe0d7eaf8e51e3	47fe0d7eaf8e51e3	1	0	L1_L2_exact
p5-primary-large	primary	0	0	fuzz-large-0018	deterministic_fuzz	large_gc_high	large	generated	1b1837926a087277f3c1e47434051055cbcc26beabdea3596650b863a4a715fc	70e34a7994d0702d8ad0acb88bb85afb29557959ac8b83c9cfe32d0dd4d5d3ef	2d146dec263035adcf16380a98eb3150277e178190821770b10a4e429486cc5b	65	1024	127	ok	complete	byte8	ca08646ee562ddfb	ca08646ee562ddfb	1	47fe0d7eaf8e51e3	47fe0d7eaf8e51e3	1	0	L1_L2_exact
p5-primary-large	primary	0	0	fuzz-large-0019	deterministic_fuzz	large_repeat	large	generated	466fd88ca52595b5e61af66b939d9cfe2d03e5e091fe0f2eb80ddec942c1629b	95558e8a3dce86b9e6bf1b0eeba6371d81ae9de7fe552a27403932e88ff2595b	32701c6ce78489ee70597d2d61e2120c685b377380d255e03495858fe29ac340	65	1025	65	ok	complete	byte8	89f704890e7b1d04	89f704890e7b1d04	1	47fe0d7eaf8e51e3	47fe0d7eaf8e51e3	1	0	L1_L2_exact
p5-primary-large	primary	0	0	fuzz-large-0020	deterministic_fuzz	large_uniform	large	generated	5e5c6cf5d6bde9340d1c762da4fdfc082136a963032b1735ce068004776cc82d	5a7fd67fed2477f93f372eb29c1f6e885501c998e7accb7e7bb5a4f57a0c2c33	4a879a342f0576fcc18b9044648ef768afc0c7acc687f4c4db078a907ee1da41	65	2047	64	ok	complete	byte8	71f0139ad4d44457	71f0139ad4d44457	1	47fe0d7eaf8e51e3	47fe0d7eaf8e51e3	1	0	L1_L2_exact
p5-primary-large	primary	0	0	fuzz-large-0021	deterministic_fuzz	large_gc_low	large	generated	736b3382f39c99480bf584d787c731f8ff6dd56c8a296fa29918ee1d720b0dd5	536175a0567e1c7f08497e4fcc0d6b424395319f0c4d2cbbcf3c826115e53cf9	5941ac418f8787506ecdfbb033f574f3a66144b85b9cd97b5738bcbdd152f863	65	2048	63	ok	complete	byte8	a75e35e8172f1f9f	a75e35e8172f1f9f	1	47fe0d7eaf8e51e3	47fe0d7eaf8e51e3	1	0	L1_L2_exact
p5-primary-large	primary	0	0	fuzz-large-0022	deterministic_fuzz	large_gc_high	large	generated	cd3e0a4b359326fe986820032b22b24f52d76e1c0a7ffbb11f08d197144cfb81	fe266d66a33822af39a9ba527b4d44876354c7c93e8500cdf62eea05645d5800	82e6106531d352e06de38a30f8ba0ff10e7eb01ab89256440603843adca134d9	65	2049	33	ok	complete	byte8	ec52093769347d95	ec52093769347d95	1	47fe0d7eaf8e51e3	47fe0d7eaf8e51e3	1	0	L1_L2_exact
p5-primary-large	primary	0	0	fuzz-large-0023	deterministic_fuzz	large_repeat	large	generated	2e77cccba5ffc102fbf6d00f275a45b0cf16803411f0fdd3409fec2914185b98	694469be89a766e13681b16aa11c1321bc1734f120f160e4c85f73d16481c3a8	eb6d6d057420c79a33b73f16f609c724218b3da91c6ddf2d456af842b0b0feed	65	2811	32	ok	complete	byte8	5e48f2ff1455f5a7	5e48f2ff1455f5a7	1	47fe0d7eaf8e51e3	47fe0d7eaf8e51e3	1	0	L1_L2_exact
p5-primary-large	primary	0	0	fuzz-large-0024	deterministic_fuzz	large_uniform	large	generated	635cddc9c6b617e1d36c8948db2c57919f1709b46cfa23137d7cdb2ffaf9249c	ca93d00edfe807011886d996027970f61051bd1e5dfd0252ba7903d93ea7869b	cd7e61054ab36df5e082b228bbab21ac38f4d4788c11535443aded45081eec49	65	2812	31	ok	complete	byte8	2a06b86d17b7cf70	2a06b86d17b7cf70	1	47fe0d7eaf8e51e3	47fe0d7eaf8e51e3	1	0	L1_L2_exact
p5-primary-large	primary	0	0	fuzz-large-0025	deterministic_fuzz	large_gc_low	large	generated	ee5d6950571d9ab6b1364f36c10fc1557fafe41de005061106ce1874d00c6fb5	a37a7f283714af5a76e20514a3d53363c2f0e1871a407311cc9879ccb46f99c9	0ee8bc5ecaa1034e33e9df4986d9d346af1a3a9b7a19e40cebe94aa374bf12d5	65	1264	556	ok	complete	byte8	e5f4676a6b088418	e5f4676a6b088418	1	47fe0d7eaf8e51e3	47fe0d7eaf8e51e3	1	0	L1_L2_exact
p5-primary-large	primary	0	0	fuzz-large-0026	deterministic_fuzz	large_gc_high	large	generated	79013670dc5882e965b019863ad5a4837e892f0c1b4d3545f0ef109002620300	bab901931cb4433897f8b9bfc8b76c199c97b8fe798442fcddc631090f9734a8	badf306444a60c7d853e07079897fa3774df41fbc5ee6ee0e147c7868e6cde8e	65	661	2578	ok	complete	byte8	3a71ffc62c9a07aa	3a71ffc62c9a07aa	1	47fe0d7eaf8e51e3	47fe0d7eaf8e51e3	1	0	L1_L2_exact
p5-primary-large	primary	0	0	fuzz-large-0027	deterministic_fuzz	large_repeat	large	generated	822183d279f4e763e9be9d8c76d96743ced52426fcdca354d646423a0ced3c77	c790b60d3ba8dcc8897e6938c5b98d3769ffb0a5ae96c3e9da80c1d3c057ec4a	c1e53a9479641e6e35c8dde6055f12da953f175c595a548f1eadfe7f23cd76a5	65	977	1668	ok	complete	byte8	06342620b79cfc73	06342620b79cfc73	1	47fe0d7eaf8e51e3	47fe0d7eaf8e51e3	1	0	L1_L2_exact
p5-primary-large	primary	0	0	fuzz-large-0028	deterministic_fuzz	large_uniform	large	generated	8fe0322806917a005f73684e9ecb5e942e4768e1865121ea0328bb92927966ff	7eaaf1a8bbec8cff1b08fa42772746beff406409f5954c499cab12ec66bdf3a3	ade1f2f81688bef241a0eb21fb2d32d0aed5ff64c51165b745d1f67476b442d4	65	2452	381	ok	complete	byte8	15314254fce8e55b	15314254fce8e55b	1	47fe0d7eaf8e51e3	47fe0d7eaf8e51e3	1	0	L1_L2_exact
p5-primary-large	primary	0	0	fuzz-large-0029	deterministic_fuzz	large_gc_low	large	generated	004f3e9c1b8133c29802d72c9b6f7431a16479cf2f70577a58700db41afa8607	a198bbb15fe6e259970af522f5b64d35e7442d83a15e20dc81f487ba63da6f3b	9bfa631902ba2dbe5157bb2628550db96e0f4894c5b780dbc3a76680cf7c29da	65	383	2505	ok	complete	byte8	7867a02359dd6b9c	7867a02359dd6b9c	1	47fe0d7eaf8e51e3	47fe0d7eaf8e51e3	1	0	L1_L2_exact
p5-primary-large	primary	0	0	fuzz-large-0030	deterministic_fuzz	large_gc_high	large	generated	2df81d4b06209f77bd8075467251ca2ae1a57d94e24700bfe5021d207899786c	246f7d600feab0899544bce038f1c590c357dbe4cd7005129c1b39647fa57017	8bbb1fc6f3225c86dc9b9ecbca78b6418183dac5bdf3c748d0ab2ad3827c6ea3	65	2587	977	ok	complete	byte8	f01f79f65bd4b3f2	f01f79f65bd4b3f2	1	d1b3f9d8b34d30f0	d1b3f9d8b34d30f0	1	0	L1_L2_exact
p5-primary-large	primary	0	0	fuzz-large-0031	deterministic_fuzz	large_repeat	large	generated	0a919ad23a9774a95618f3c9f5a8de067c44a9d60a942fa8b4bb877bf647b0a9	dabac84f5d85816a9b63b994872dec84a7d713ce13a9411bf7f2883b2cc300a7	cae84250b1ea072b83faa96568a7110f0b853dd19705d3844f508289c3ec5e96	65	2319	1967	ok	complete	byte8	fb3d9df5fb0de16f	fb3d9df5fb0de16f	1	47fe0d7eaf8e51e3	47fe0d7eaf8e51e3	1	0	L1_L2_exact
p5-primary-large	primary	0	0	fuzz-large-0032	deterministic_fuzz	large_uniform	large	generated	a7342300c5d82c1af64f17d5f64be083e669baec10f39e387ebd7a34bab9dc7d	90e47c460b15d59c22488c246f3d34071beeb940934cf868aa4d81a20868831f	455bcf0aa0239a88ee2427038c89886c89a5f9411950d6f80d1b7f2c63247f5b	65	2514	788	ok	complete	byte8	271a2feaa3f52320	271a2feaa3f52320	1	908c4d406e908671	908c4d406e908671	1	0	L1_L2_exact
p5-primary-large	primary	0	0	fuzz-large-0033	deterministic_fuzz	large_gc_low	large	generated	c1a0b98b88ee89cccb284f296e78feb958574b03cd8ee17ed25cae3a4b254d2a	b7c5050e4227f63b021882f046b29c556c2934a6d4c0f9a87c9cc7ecae4909b1	bc53dd93b96133fe1373dcbc27a1c384737925919af8c3e9c08d03ac60b1f96f	65	1505	1821	ok	complete	byte8	da8e74d4d4df6ef5	da8e74d4d4df6ef5	1	47fe0d7eaf8e51e3	47fe0d7eaf8e51e3	1	0	L1_L2_exact
p5-primary-large	primary	0	0	fuzz-large-0034	deterministic_fuzz	large_gc_high	large	generated	b5e025b39b15604f290c3ad31b92a1797d6d7a5111783da7069d659115b10466	b5189ce1cc8607662bf1df1246031186f0d76b0538d1078ce957619c9a125480	6bc0cc43e8be5894298c6dcff192f5184d2fea633fbe51b1ed1a7053bc89ba61	65	430	1812	ok	complete	byte8	3da317cace07a661	3da317cace07a661	1	47fe0d7eaf8e51e3	47fe0d7eaf8e51e3	1	0	L1_L2_exact
p5-primary-large	primary	0	0	fuzz-large-0035	deterministic_fuzz	large_repeat	large	generated	c0c4c9fdb26dba53707e8b63ae352d06b1d44205f7cfcba26b245f64310d108d	e2a0b44d0f4e40e03bace95a39b2d59112c174c972ab3825a9d96ebe7f9414b0	c8a2bf0d9c23dd91aaf8de7758b0b703387f5a99593b5723e4765ad14c292ddb	65	387	2334	ok	complete	byte8	86c25007a18a07bd	86c25007a18a07bd	1	acbcba23af26f0cd	acbcba23af26f0cd	1	0	L1_L2_exact
p5-primary-large	primary	0	0	fuzz-large-0036	deterministic_fuzz	large_uniform	large	generated	00a52567898cd5dbaa0329bad3bfc2a033dbb39ae893f5b9ceb8742838f985bd	56bfcf0df1fa4134df43f01ff5ab22d754caa9b3595e1eaa329abed209aba1d7	48392761a43c4981720dc8a91902be6de41c7c60e1bc162a15b7a04f988793d6	65	2668	301	ok	complete	byte8	2389f62f6505a4e8	2389f62f6505a4e8	1	9f320c89a5832c03	9f320c89a5832c03	1	0	L1_L2_exact
p5-primary-large	primary	0	0	fuzz-large-0037	deterministic_fuzz	large_gc_low	large	generated	a2bb4eb04fc7a43b3028404d3241d6bacaba0d703b01e4ecde2cc21ade9f4ac1	8438d95589d8fa475a543fb1c772a7a531ce8bc636dfa4d2320739d1aa0085ea	15879bc11d90b74e551b4df07fadc57aa2dbb3156d6f6445e2d82355ec0149bf	65	180	1763	ok	complete	byte8	28de46687bce3e34	28de46687bce3e34	1	47fe0d7eaf8e51e3	47fe0d7eaf8e51e3	1	0	L1_L2_exact
p5-primary-large	primary	0	0	fuzz-large-0038	deterministic_fuzz	large_gc_high	large	generated	cf3c63363f4a382bd8daaffbbab109ed1ad854e179b587bacab0c5ee7fc8c670	557851f249299060684863c58c3b79e488bfc6479fe487b63d5ca17245baaba6	207a0e917cb480f6854e6302fc12f76297aff46fabd57e2ccd1eb748b616956b	65	609	761	ok	complete	byte8	422a099698aa2f53	422a099698aa2f53	1	47fe0d7eaf8e51e3	47fe0d7eaf8e51e3	1	0	L1_L2_exact
p5-primary-large	primary	0	0	fuzz-large-0039	deterministic_fuzz	large_repeat	large	generated	86f7e81c3886e0c2b68d2616e882bc3cab45f73183f3dfdeb6b77942a30e3c18	0f59f259cb85ff11279124e0e66ff26e578e3fec1f2440783e9b9822f7bdc7de	84e83ffb7405f18079375ae41afd03bbaee1cbc248c7a086f6c0807a8c9f1fe1	65	1140	2028	ok	complete	byte8	8b217aebe4009333	8b217aebe4009333	1	8036955e498c0f10	8036955e498c0f10	1	0	L1_L2_exact
p5-primary-large	primary	0	0	fuzz-large-0040	deterministic_fuzz	large_uniform	large	generated	7bc155a04783ca1ae8fabc7e2322b3d0ba9e98d8d190d4489311b633094b5bf9	6fc55a92b1cda75eb089f87960acebfc53b3a68c5673f6cdd85c7d8eebcd6b1a	9002830a09d5ebda96472388238e38028e5580c15e8eb1a1f0c312c57a4baf2b	65	2477	2223	ok	complete	byte8	563f52540254c900	563f52540254c900	1	9841fa0ec682167c	9841fa0ec682167c	1	0	L1_L2_exact
p5-primary-large	primary	0	0	fuzz-large-0041	deterministic_fuzz	large_gc_low	large	generated	0f323109395f8a507bdbda00eec71ba11eda955875607666639edd72916602fc	14248696dd372deeca0f769a1826d2bd95e122b24be5cde2cf5b4a05a05d38c3	1ce3c7a102594f9a7ddc298ed071a28d4f35bada719542eed4ab2b0c486d9489	65	1790	999	ok	complete	byte8	d26cba68d9de2c23	d26cba68d9de2c23	1	47fe0d7eaf8e51e3	47fe0d7eaf8e51e3	1	0	L1_L2_exact
p5-primary-large	primary	0	0	fuzz-large-0042	deterministic_fuzz	large_gc_high	large	generated	b36dcce8cbf1d03ce319976f92ebea38b999f46943c2c3113bacd54df8038b6d	a4df197ed9f6810c23ded4b1afc64abced62e7d4bd59bd6f14c5c9ead84a9bcb	5b5a01c7d67fe13d4bcce0f90de55447c1d9018e151ef227d17386d346ee0cfc	65	1182	1053	ok	complete	byte8	13f626dca268c331	13f626dca268c331	1	47fe0d7eaf8e51e3	47fe0d7eaf8e51e3	1	0	L1_L2_exact
p5-primary-large	primary	0	0	fuzz-large-0043	deterministic_fuzz	large_repeat	large	generated	8687c08cb33575ed47bb7effa23b664c28670450abdfe344af51c6bea2e1a943	1562e66b2a37b7dc0aa1cca68c3885338783732fa410a1586875209e6f6f412c	f0023da7b9e8baf6dcb971b6fba8a766e92b4268fb074a11aef507f4fad1d0d1	65	2153	864	ok	complete	byte8	831cacd3f056a0e0	831cacd3f056a0e0	1	47fe0d7eaf8e51e3	47fe0d7eaf8e51e3	1	0	L1_L2_exact
p5-primary-large	primary	0	0	fuzz-large-0044	deterministic_fuzz	large_uniform	large	generated	8e4ed24fba46f2418bd4e949479f2e1a8d4b51f113068a02194f5f2f9b74926e	edaa185ffd5dd65061aac4b44876a163da50af4f80404fe136d9927821dc6ada	4645d92ad6638c20198729140134b34f929d32841091e71cf4ed7872889bec90	65	2675	2565	ok	complete	byte8	d8899a7f92eeee4f	d8899a7f92eeee4f	1	c4335e97f55563eb	c4335e97f55563eb	1	0	L1_L2_exact
p5-primary-large	primary	0	0	fuzz-large-0045	deterministic_fuzz	large_gc_low	large	generated	b2ff4e36019fc23b546ac354a7efa8203666a6adc19f96a69d19d4a45d9c5d5b	8dc491be3cdd31157b85b87d05cce35fe2c498cd3a8b9cf2bb79c4fd1c1a36c0	f010a0d7e49f0412b5ec9b6c09b82a2dd86ce17e103fe82e48b10dadab3a73b0	65	890	2121	ok	complete	byte8	a4b0b56b96a4cb26	a4b0b56b96a4cb26	1	47fe0d7eaf8e51e3	47fe0d7eaf8e51e3	1	0	L1_L2_exact
p5-primary-large	primary	0	0	fuzz-large-0046	deterministic_fuzz	large_gc_high	large	generated	b4760586eef0459e0fecb39c06c7f4d67f3a95d7dc5ad6894a17287903bccd39	e6bd077392ef5fc2f78fd00260dcf2add9965a30015dc2ec43889bfc53a0058b	ff30953cee2f9a709c2aac8e767e1ad6cb146fb714657b20a7ab1dcc9e850adf	65	80	796	ok	complete	byte8	d7995c904bf9594c	d7995c904bf9594c	1	47fe0d7eaf8e51e3	47fe0d7eaf8e51e3	1	0	L1_L2_exact
p5-primary-large	primary	0	0	fuzz-large-0047	deterministic_fuzz	large_repeat	large	generated	2da488b0bb2f386a4c3a9bae7e3d6f7fcc777f9150be0889cf3cd5563930419b	d246b92f13d44a894a1268cca6cf66076ce92173ea9e6f5c1585e864e793838d	494c63341173c4009f539be0b60ef3c4035039151d6ec6419e4dca620419b5f8	65	1987	1301	ok	complete	byte8	3a3cb71379f1a797	3a3cb71379f1a797	1	47fe0d7eaf8e51e3	47fe0d7eaf8e51e3	1	0	L1_L2_exact
p5-primary-large	primary	0	0	fuzz-large-0048	deterministic_fuzz	large_uniform	large	generated	043570413c4d74a5c9c57cfe20b31cb8d14e47915ea4929f4337492a6fd72d25	566cd6a0693eff0d875f49718365d4636709223024e8e8690a8905881dc4949e	40fd7e801230f6921a2139d105dfe9cc71a8951936add9fc961302a29156dec4	65	654	1615	ok	complete	byte8	144552f713de0726	144552f713de0726	1	47fe0d7eaf8e51e3	47fe0d7eaf8e51e3	1	0	L1_L2_exact
p5-primary-large	primary	0	0	fuzz-large-0049	deterministic_fuzz	large_gc_low	large	generated	60b0843c57355419f8b54e6aa336b165ceb5bf98f06d25930e642466b6ce7277	3c007044632d3fa0043793ec6a8c01a8ab44ad7d2d1ab62b3c0c11911e8ac9d7	3e623fb4e474ffaf8baf458a35c56b8244efa43d3b1e37dabe20036da5e7283d	65	1375	1167	ok	complete	byte8	ab0d9508bd922628	ab0d9508bd922628	1	47fe0d7eaf8e51e3	47fe0d7eaf8e51e3	1	0	L1_L2_exact
p5-primary-large	primary	0	0	fuzz-large-0050	deterministic_fuzz	large_gc_high	large	generated	fb912abe45b11af729b0636229f87c01011740d9d04eef7945b7eb57feaa13b9	3a416f9b1f9b5e296cfbaea0780943b66ebae95ab8b8c9c335e8b192649ed6e9	78d69a3b6a514c610f89065bf657c01eab9208b9c3856d025b63c90c3c1f546f	65	109	1247	ok	complete	byte8	6931dea15991c1dc	6931dea15991c1dc	1	47fe0d7eaf8e51e3	47fe0d7eaf8e51e3	1	0	L1_L2_exact
p5-primary-large	primary	0	0	fuzz-large-0051	deterministic_fuzz	large_repeat	large	generated	c7cd26071c4c14866f9a2a9d3f89a056acf9df5c11b139c05999eef0d6ada393	7ec6f349c51f29edfa21d30b87394234fa9642e1051f8877d8b6dcb6c494882a	d73ec62341f4711d506f099d6b25f8f6ae3386700061a2693e5a5e19ffad1b0e	65	634	2270	ok	complete	byte8	3b3084bd64027201	3b3084bd64027201	1	47fe0d7eaf8e51e3	47fe0d7eaf8e51e3	1	0	L1_L2_exact
p5-primary-large	primary	0	0	fuzz-large-0052	deterministic_fuzz	large_uniform	large	generated	848e5451cac17372287c38128f7126ae32b25c6085bcb71160ce25dece73513d	59447cd542c6ba510edf636611d222a6c73403f95e571493b8e8c6d8d585c38a	ce32ece3e8f78489f1893c07ba1f083db6a29f6045866e3b4734f795e9613b15	65	535	644	ok	complete	byte8	8cda3e43e7d1bcc6	8cda3e43e7d1bcc6	1	47fe0d7eaf8e51e3	47fe0d7eaf8e51e3	1	0	L1_L2_exact
p5-primary-large	primary	0	0	fuzz-large-0053	deterministic_fuzz	large_gc_low	large	generated	3b87abfc1bb17916795629fe90fbd792c326d507e31e46be6f2360fac0f4f657	6caab26a26925ab5a28f6d60bda95beb723c2b733305ecbe6f1cb762d664607e	3fb5124e7da101c4ef03314129442fedc6104570633e4e9105746b6543987f3f	65	1752	2790	ok	complete	byte8	93ba4f318c567e45	93ba4f318c567e45	1	47fe0d7eaf8e51e3	47fe0d7eaf8e51e3	1	0	L1_L2_exact
p5-primary-large	primary	0	0	fuzz-large-0054	deterministic_fuzz	large_gc_high	large	generated	c49026168bf58cdc3a7c59390eff7ab44c2e089f42dc51db0e2bfcc370a33119	b32170e05306f0e4499208db8c3e3539538c0d6a91260b2f4100112dadb07d71	ed43c9790ab1fddba8fda59ec1a35c19aac1638fa2603ab25300204252937ea5	65	1744	2585	ok	complete	byte8	ade4ed5f59dd4abd	ade4ed5f59dd4abd	1	47fe0d7eaf8e51e3	47fe0d7eaf8e51e3	1	0	L1_L2_exact
p5-primary-large	primary	0	0	fuzz-large-0055	deterministic_fuzz	large_repeat	large	generated	6186ef8ab964522123af425a9f0fd2fd9a76150a79028e1030347ff5f4a824c4	119826df6424a28867e67e9fee0517235195adbaf4a464120a2079ec0a86767b	8896dac254681ccde70dceeade3ca82580398d3200c02ff81d9694eacbb01041	65	2333	1397	ok	complete	byte8	256748ce6542faaf	256748ce6542faaf	1	47fe0d7eaf8e51e3	47fe0d7eaf8e51e3	1	0	L1_L2_exact
p5-primary-large	primary	0	0	fuzz-large-0056	deterministic_fuzz	large_uniform	large	generated	d84c42abb768d83eed5954dae99cd310b4c566975b96854049469a839ca9b821	288e3cd4f60ef783f29310196911a8a7210bd99d2c7507cf51adb324b052bfa6	abb3cfda28239da33bbba8b6f1111fc79a42a32173a91ed7a78d07388f04b26c	65	639	163	ok	complete	byte8	8bddde89b288409e	8bddde89b288409e	1	47fe0d7eaf8e51e3	47fe0d7eaf8e51e3	1	0	L1_L2_exact
p5-primary-large	primary	0	0	fuzz-large-0057	deterministic_fuzz	large_gc_low	large	generated	11d85985cf3c4ba04b649b64176f2b041d9f5d3eb82529a7498ca550f7e0ee51	6f44f4af302d8b56cbd4fbe47fe34e72689c894de67b684e22f04fad23bb866e	8eefe5e9c667886556a49950ccada5094ea450422e0feabbbbbbc6b80f2faf3d	65	2349	1194	ok	complete	byte8	ca2be497df208af3	ca2be497df208af3	1	47fe0d7eaf8e51e3	47fe0d7eaf8e51e3	1	0	L1_L2_exact
p5-primary-large	primary	0	0	fuzz-large-0058	deterministic_fuzz	large_gc_high	large	generated	cc60d53b1c37a554f5404d8aab65bf38b2244d4618eb5c61c1c83ce90f182839	c17438699cd6c9b6f5223720f55f967c7fe959d784628519de422f8c4b44da5f	4ced18308ed50d84d1aaa9b8858626eef1ad096ea342b1f0442e449d612ee201	65	1216	467	ok	complete	byte8	cfd98bd7345286f7	cfd98bd7345286f7	1	47fe0d7eaf8e51e3	47fe0d7eaf8e51e3	1	0	L1_L2_exact
p5-primary-large	primary	0	0	fuzz-large-0059	deterministic_fuzz	large_repeat	large	generated	18b6544994bc3d8297f218a843810d8af79c12ef23705e1bf5750c0cb4ba1ffc	5b03fd7fff6c12fb55442d93ed37bbb576b9f0c02335ff5f50f257e092aa65d9	5f544f978e7187b0f295ce1c96a93cdfd4c52e77efe45af49c855e421873fac7	65	1319	2187	ok	complete	byte8	b1be476187b69ed0	b1be476187b69ed0	1	47fe0d7eaf8e51e3	47fe0d7eaf8e51e3	1	0	L1_L2_exact
p5-primary-large	primary	0	0	fuzz-large-0060	deterministic_fuzz	large_uniform	large	generated	73902040aadd47ca5728ebea5bd358084a7433075a8f60c853f41185556502e8	06269efd8457b5af957885d0c8b8a9821ba68534091779c2464dd401420ace89	14f20e83ab8547637730e644b6418205d4b0bd3b25f38903f27c632075531c28	65	503	65	ok	complete	byte8	f1617f5f9f9cbc68	f1617f5f9f9cbc68	1	47fe0d7eaf8e51e3	47fe0d7eaf8e51e3	1	0	L1_L2_exact
p5-primary-large	primary	0	0	fuzz-large-0061	deterministic_fuzz	large_gc_low	large	generated	07958654d5b8af8e44be9f15db05bf2178476e483e551c4d612b0c69ed50cefc	fa97f1d47e3c511ee949e6674ed6f7ca1c21797fcc6dfac0d7c6bc7e82b024b4	f9c93ad4f724bd8f9fe80fb6db739ecdab8ee8e1609870e690934f6f09c3fe18	65	1071	1490	ok	complete	byte8	1a047c6390eb1f52	1a047c6390eb1f52	1	47fe0d7eaf8e51e3	47fe0d7eaf8e51e3	1	0	L1_L2_exact
p5-primary-large	primary	0	0	fuzz-large-0062	deterministic_fuzz	large_gc_high	large	generated	1a6a06bff75bd386b482980982fb9745fda4fd6ebea6619b7f5feecdabbeb48b	3610dca3ad514649db1b62ee813ed9875488b21c0e240aa16c49a529d7be5597	6a9de6436f7aec3fdee343b76898d0c5d9dc9627c94d87155f8bf582b94ff071	65	2169	2070	ok	complete	byte8	fd8e27d8202bb464	fd8e27d8202bb464	1	3cca1aebdcee867a	3cca1aebdcee867a	1	0	L1_L2_exact
p5-primary-large	primary	0	0	fuzz-large-0063	deterministic_fuzz	large_repeat	large	generated	2f5a5338746c8c9c5c7856a97c136ccccb1cd1c00d6bd86f793c7789ca860033	cb903fbe66230a137e2bc95ec62648361d89df6822b4a4685908d3c63baf9391	001a0f7440b46392269f23b6c75f10e613dece7f066a10e67d8bcf30e539e474	65	329	378	ok	complete	byte8	b34095e74db9232d	b34095e74db9232d	1	47fe0d7eaf8e51e3	47fe0d7eaf8e51e3	1	0	L1_L2_exact
p5-primary-large	primary	0	0	fuzz-large-0064	deterministic_fuzz	large_uniform	large	generated	a2c97c79261eb135208a304da7a94b68f4d67e5f1afe9afb77e0b50fbe8afd57	cec627ff4f0f77dabfdb0874fd8666f89d8dd55b90a6a4e5b125f179933b6d74	d3779d1005c741b72935fa2b055367746c9664b96b4e64b775ab0ca7a659e107	65	2299	2568	ok	complete	byte8	fd6f4be1846a3aed	fd6f4be1846a3aed	1	0317be1b1e5b6f6f	0317be1b1e5b6f6f	1	0	L1_L2_exact
p5-primary-large	primary	0	0	fuzz-large-0065	deterministic_fuzz	large_gc_low	large	generated	3f88d7df012bdd8809ac7ab1dcd5cfa47fcc74ef24c6a4d80319c2aacc75482a	0bb3fdf7b35960ca5fc0dce7a220f6144a62713f0a892ecb0c5f5a413f73f4b6	1cdcbe3c5e07bd58184aa3b306eba363f12ad20c19b9b630f4b69649dcce34ff	65	1105	215	ok	complete	byte8	97f22f8241299eb0	97f22f8241299eb0	1	47fe0d7eaf8e51e3	47fe0d7eaf8e51e3	1	0	L1_L2_exact
p5-primary-large	primary	0	0	fuzz-large-0066	deterministic_fuzz	large_gc_high	large	generated	ec84c9f8e5d3ea89f02606c50fdbd4361a09161c5fb1dd501e175a201b7f2687	eff7202c6efa796854897ac9b848b11162cbbd2b4dded3619db869ca5c7c20b0	3dc3fefb61bad7b143691e473cc5a85c6d1df9d93fcad6d591bb5bb0fc1c58f0	65	825	399	ok	complete	byte8	fc7ca12bb1b84651	fc7ca12bb1b84651	1	82508df9770ba117	82508df9770ba117	1	0	L1_L2_exact
p5-primary-large	primary	0	0	fuzz-large-0067	deterministic_fuzz	large_repeat	large	generated	514c4b2e53027a19017d8a85b303dbdc2771c1120e67922b17dbc99a7f8cc138	25b51450141768171bc2ed8e1025d2a8dda6567a207a9c28818a93cefede7491	64795a2e1de5e030d5c32e75c88bdc18a65ac5218ccf5c9f095be36d37be7615	65	1308	228	ok	complete	byte8	8ebf4cc0a650e43e	8ebf4cc0a650e43e	1	47fe0d7eaf8e51e3	47fe0d7eaf8e51e3	1	0	L1_L2_exact
p5-primary-large	primary	0	0	fuzz-large-0068	deterministic_fuzz	large_uniform	large	generated	4585404c0403cc8eab562367c729c2d027c3d7aef458558a6fe23c2530948ea6	2ea373cb403c9cb908a2e754799c17dd112c1e3659a365c58d23a2b815d1e67d	59bb664f21a9acc6981e6cd2e74527f4e0e7f1d51fb54afe44fe600dfd837e14	65	2141	826	ok	complete	byte8	ef988c97f2058032	ef988c97f2058032	1	0466b7fe48d148ca	0466b7fe48d148ca	1	0	L1_L2_exact
p5-primary-large	primary	0	0	fuzz-large-0069	deterministic_fuzz	large_gc_low	large	generated	093974f8ccd16245f24bfa8f636d481a2d18c6fb80b5a9c3f13cdd2c9a7b5863	aada57942d1dc1439c94c602447aee78e53463397e39f4a16bb6fde214dc9d92	36f741353e96de0b6675c0ce6addf73eb6308469eddeb014c26986dcd278e856	65	1741	1796	ok	complete	byte8	9bd97f96d17de357	9bd97f96d17de357	1	47fe0d7eaf8e51e3	47fe0d7eaf8e51e3	1	0	L1_L2_exact
p5-primary-large	primary	0	0	fuzz-large-0070	deterministic_fuzz	large_gc_high	large	generated	c922794b43cb7aaa574c682650f1dbc8129817f8df5716988c2e6f54e85187a0	8d58553d4392f563759b2415feb6465184c626bf83c870c61cd787b02267daee	d61169b463a43d2361c4d30756ff64a6967018143d66cab56660994d86c45864	65	1156	683	ok	complete	byte8	c6a985ef6b0c8f73	c6a985ef6b0c8f73	1	47fe0d7eaf8e51e3	47fe0d7eaf8e51e3	1	0	L1_L2_exact
p5-primary-large	primary	0	0	fuzz-large-0071	deterministic_fuzz	large_repeat	large	generated	3116ff3de2bf697d432dc96d8b85bbb562693a201c60d849bd1f90be837a844c	a9030e2cf5868ef58ff504ece7eec62465de767cf762e4fc429d2a4e4f49c695	70fd32f35ab4ec2b4826b584506a55da05936077781718bc8cd3544d6356e020	65	918	624	ok	complete	byte8	33f580d31d5d4cd7	33f580d31d5d4cd7	1	47fe0d7eaf8e51e3	47fe0d7eaf8e51e3	1	0	L1_L2_exact
p5-primary-large	primary	0	0	fuzz-large-0072	deterministic_fuzz	large_uniform	large	generated	04ba0d3f185796d812743302de2ddc87c5253573dc8001503c06cb71daaa5b07	187413ff13278b5987e2ceb26ea8ce74204a3d49e8a6fd4ae125d5888ed0da24	09aac5a7288400b8fb791ee0c8103cc554c99c60498d5eabdc903f84ca91e452	65	88	1591	ok	complete	byte8	0532d7d26acaea5c	0532d7d26acaea5c	1	47fe0d7eaf8e51e3	47fe0d7eaf8e51e3	1	0	L1_L2_exact
p5-primary-large	primary	0	0	fuzz-large-0073	deterministic_fuzz	large_gc_low	large	generated	082140101ecb23a1269b390da0990c5897572e9f0f65a572fce4f2047e1517ca	6897acaa5e9b0c5e539c76b77fa602407d68b5538ec4981ed2dbc315076444e4	0bbf9bc783cb9e52118b907b3fd02cbd9cdb325d0cf30b2a2da71fe040daabef	65	1391	365	ok	complete	byte8	46903e8da753aa5a	46903e8da753aa5a	1	47fe0d7eaf8e51e3	47fe0d7eaf8e51e3	1	0	L1_L2_exact
p5-primary-large	primary	0	0	fuzz-large-0074	deterministic_fuzz	large_gc_high	large	generated	9800307ea94555f51631f8dd8c55d443c80ca94212d021bfe4210ba4ffbe03ab	653669299c9a1a58f12095c59b7df7a438d96fb6c24c4cfb9566f72b7d32e0e1	38e2168b562f342077318c655abe4c92ae04d7e297c2d822bb582fdf0bf4549e	65	2144	2690	ok	complete	byte8	e17de127d54fa919	e17de127d54fa919	1	49061e217696b2c9	49061e217696b2c9	1	0	L1_L2_exact
p5-primary-large	primary	0	0	fuzz-large-0075	deterministic_fuzz	large_repeat	large	generated	687a5a405edf1256df0690865d0504682bbc0a9895ef0a2d6eeca1958369ad81	0ebb3f933d3e9db496071088a0b93e6b037443fb27a37c5b049d9f4c3ddfc847	d44095d4d1ba7a416ad9bdd0592efbd758c4ed68f6bb6f1d3b962814cc959a6a	65	1880	1358	ok	complete	byte8	38c35b9640c6c041	38c35b9640c6c041	1	47fe0d7eaf8e51e3	47fe0d7eaf8e51e3	1	0	L1_L2_exact
p5-primary-large	primary	0	0	fuzz-large-0076	deterministic_fuzz	large_uniform	large	generated	6b13f875d7ffbb17bff5360608b88e07fc910efe0e07baf03a7b69e9429ce71e	0beedea0b06c0d201108e72374a007960f8ee6777651c12ca962779246ca6944	7162cb8b6beab97fade30cd36e31b6d2c6d00ca49e33b9e9b73dc37e0cc0c4c6	65	1581	1206	ok	complete	byte8	2f68cb583d5406cc	2f68cb583d5406cc	1	8205635a28a37477	8205635a28a37477	1	0	L1_L2_exact
p5-primary-large	primary	0	0	fuzz-large-0077	deterministic_fuzz	large_gc_low	large	generated	38c84cfb4247d00c85c82b53e6b22ff7c3a226faa08edc9dd0433a590f4d079f	5259b99027b205c0aae7c4cf0c4969d06b8d3ccbcaa0353a2050caca02efd5b3	c6dec30bde910fbe2d842501882755c38b112aa5ead5f335827ffc4c5caf18de	65	1100	1937	ok	complete	byte8	81ab25f32df9500d	81ab25f32df9500d	1	47fe0d7eaf8e51e3	47fe0d7eaf8e51e3	1	0	L1_L2_exact
p5-primary-large	primary	0	0	fuzz-large-0078	deterministic_fuzz	large_gc_high	large	generated	1c795ba0b4a8bae8e9a117ef6c38b522db482316d1aa90c649f9963bd172f739	67c1a89f321763130e7442308b5887c3b61e7f2f2860dcc1d2340f37f3125a64	6ded00ee0262210a850de76818b3418e0c7f4ebe9882b78fe44ee6d00a645cc1	65	702	2259	ok	complete	byte8	51ed84a9d87d6860	51ed84a9d87d6860	1	47fe0d7eaf8e51e3	47fe0d7eaf8e51e3	1	0	L1_L2_exact
p5-primary-large	primary	0	0	fuzz-large-0079	deterministic_fuzz	large_repeat	large	generated	f00f3d86ba28a38246e8ef7bb80efb3d545ea3f06c089b25ccdfebb253b905f3	7620e3c6f139cc2c21a5adcb3e1ca70fa63b45f79809cb0e124252057a4f8e6c	ca4e4a6816b8e490610f1381f6e4d4c1c10f81f790393e4315153a5d62c179b9	65	2145	1340	ok	complete	byte8	ef56c409d7ee15d1	ef56c409d7ee15d1	1	47fe0d7eaf8e51e3	47fe0d7eaf8e51e3	1	0	L1_L2_exact
p5-primary-large	primary	0	0	fuzz-large-0080	deterministic_fuzz	large_uniform	large	generated	5aa7da484433d4ad60f18460bea549a39ec8e8b0b04ee07435d3dd46eef21fe6	ce4091ffe20cbaa3fb0692f541cae34693cb5fb185465e2164a2a076b9edc1d0	749c3f7ad929d382651386249451893f74e416767091de8a494f8b9e996e8933	65	2227	1650	ok	complete	byte8	a49b3db95af5f75f	a49b3db95af5f75f	1	82d2d5c93aee5133	82d2d5c93aee5133	1	0	L1_L2_exact
p5-primary-large	primary	0	0	fuzz-large-0081	deterministic_fuzz	large_gc_low	large	generated	1307bf40b88217b244a00c4b4fa4aec38f6e00871e1a9d4723662efdf9aa78e6	2b2021161a210b6ebf4f826d82276e92c8ee6a12cf669092e1d588c9ea9da178	878179cb18c2e0a76c6e7fbe01824eb78f650917958a76effdf4d4acc0e320ee	65	1348	1058	ok	complete	byte8	a12010ec41d586dc	a12010ec41d586dc	1	47fe0d7eaf8e51e3	47fe0d7eaf8e51e3	1	0	L1_L2_exact
p5-primary-large	primary	0	0	fuzz-large-0082	deterministic_fuzz	large_gc_high	large	generated	73a4dbd5f3bfd23190a34d7d0c803b9353cd7a60bc99e78168df536318161804	270b6aebc50c3c36499072e10d0b733415c1cf59e5575ec2a2a8696ad35387d7	b73e6fd5d96a3c740c0c109e5cde61b3585fc3623223e43bfe564048e9579844	65	1751	1537	ok	complete	byte8	ddd0d7504fef8834	ddd0d7504fef8834	1	47fe0d7eaf8e51e3	47fe0d7eaf8e51e3	1	0	L1_L2_exact
p5-primary-large	primary	0	0	fuzz-large-0083	deterministic_fuzz	large_repeat	large	generated	610065d7974d8af4d5249e58c9430fac7e02fbe84eb29e6b8db9eb39a9f33398	16621d94564e5fbeb1ac0fc276736eaa3b0186c5498d5981a7b39fc97b2a792a	b07a4da834a90f5d8dfecdf46cf5dca9a5f0c67df0e86e530e3cdb5052ec76ff	65	1341	1545	ok	complete	byte8	08dba734d7139b28	08dba734d7139b28	1	47fe0d7eaf8e51e3	47fe0d7eaf8e51e3	1	0	L1_L2_exact
p5-primary-large	primary	0	0	fuzz-large-0084	deterministic_fuzz	large_uniform	large	generated	5b80dc8c5a562fc8fa4c7e7ceb83c5c09cfcba7b8916c1e265e735ce82d4d902	8b4eb34c1669053de68ff0241f3f5509f19ada9de7996185dcce27ed942587f8	ec3e7ec46b2e00e42f114d43c291851813d9f407149a9b08538aded29423efae	65	2084	547	ok	complete	byte8	8c8e3d816f24a821	8c8e3d816f24a821	1	8bef7678070f8448	8bef7678070f8448	1	0	L1_L2_exact
p5-primary-large	primary	0	0	fuzz-large-0085	deterministic_fuzz	large_gc_low	large	generated	b53a4a52b86f04ab2e72e2af6d7c3bfbceb2c032301011de8e34b25542e5d509	21c705f52b109337a9dbe243acd641dbfa8a35ba0102db21961e63992823ea62	3b5aeacefb85068e125a21b33191b2596bb4f4836aa0b9c5623e17250978d479	65	1704	1620	ok	complete	byte8	aac1ab9a7d3ca0e4	aac1ab9a7d3ca0e4	1	47fe0d7eaf8e51e3	47fe0d7eaf8e51e3	1	0	L1_L2_exact
p5-primary-large	primary	0	0	fuzz-large-0086	deterministic_fuzz	large_gc_high	large	generated	2b95ad045085876a22cfc3a38c2f304b84750842ac6a05261725aac8ceb17d06	d6e805727b564325764fc9094d87af85fd185c29d9a48a46c60e2bb563af1f21	9c7cc6ba12ac1b227312eeed57f7c3ca385a176af09ef56fc401d0c7b405472f	65	306	746	ok	complete	byte8	cb43e4743eb2f340	cb43e4743eb2f340	1	47fe0d7eaf8e51e3	47fe0d7eaf8e51e3	1	0	L1_L2_exact
p5-primary-large	primary	0	0	fuzz-large-0087	deterministic_fuzz	large_repeat	large	generated	40a06879cc4a33f2e828c1e7e595710d1bfcee194bf895a55a811b30f89508b8	db0a81fd2c8bb3d37143233f408cc6769379b71335dc19aea8ff24b39dbbad4d	50947fab694deb0c83038e57ffb60b2c2563f6c9270c35f84d45b9d235e74e5f	65	715	2094	ok	complete	byte8	d3c5375d2fa88bd8	d3c5375d2fa88bd8	1	e81e68c4430209d0	e81e68c4430209d0	1	0	L1_L2_exact
p5-primary-large	primary	0	0	fuzz-large-0088	deterministic_fuzz	large_uniform	large	generated	327b204d777106cf1fc44caf007d338734e36e14837ca1925670b4ca4daedd05	a7846afcd393f5b18515ccb1a7565c359fad2cf11aaa92d58eb5fee79e0f03d8	7c8b374237edbc7f374ad9798906b3fca1b0aca5857bf86cb745d64c245d3d73	65	1945	428	ok	complete	byte8	24823bb86ea7c6fd	24823bb86ea7c6fd	1	47fe0d7eaf8e51e3	47fe0d7eaf8e51e3	1	0	L1_L2_exact
p5-primary-large	primary	0	0	fuzz-large-0089	deterministic_fuzz	large_gc_low	large	generated	4165ca2a7e5ff9fbbc5a8d451bbd4191f6beb029ae2e3c541119bfd835ccc38c	b3baa289a3a25eb1f145e7a9b3275b7de5a89cfad5bf7355ed8180fcbcac39a6	c5adcdefc423259c0c93577e4da7bcf022a083394311737fe24ff40303f69f4d	65	1210	1554	ok	complete	byte8	bdc45500a914f5f7	bdc45500a914f5f7	1	47fe0d7eaf8e51e3	47fe0d7eaf8e51e3	1	0	L1_L2_exact
p5-primary-large	primary	0	0	fuzz-large-0090	deterministic_fuzz	large_gc_high	large	generated	9226a8cbd073a14e78c593d6428f32c2ea93af70ec6f68fb27af686722b531ee	4a789c45e23927e01af7185079aa30e70eabec8febd183bd5ddd45840db76608	504ab885ff39825141b4a88bdb50799fc02f628d374f3f6976a38a22210094cb	65	1010	2732	ok	complete	byte8	ebeb1566cde52d43	ebeb1566cde52d43	1	47fe0d7eaf8e51e3	47fe0d7eaf8e51e3	1	0	L1_L2_exact
p5-primary-large	primary	0	0	fuzz-large-0091	deterministic_fuzz	large_repeat	large	generated	76b955d11a260a41dc3876e0dffe4c8c0f5937f578ce5db1bf4c73f1ebcb0e38	13e49cd6b14cb79aad3e76a437d65a153eb1b33a8e489a49fc6f635db5fd3ac7	70bfe3b124c2051fb6eaee82c34ace99296f533f7100de795dda350d2fe28266	65	2184	91	ok	complete	byte8	d16af5c016b2d4d5	d16af5c016b2d4d5	1	47fe0d7eaf8e51e3	47fe0d7eaf8e51e3	1	0	L1_L2_exact
p5-primary-large	primary	0	0	fuzz-large-0092	deterministic_fuzz	large_uniform	large	generated	7ab5f4021103055916bf332d6605c94882734271015213951792569643487336	51c5e2205e75fdc2df53145e0ea5838c987f93ee1a09ed1370c3523faa30cbd5	80710a2116429c1257a75d41ae73c101271776231208beda727dcfe0187662d1	65	2230	2131	ok	complete	byte8	205f36326be3632e	205f36326be3632e	1	fbbb10a469c7d9d4	fbbb10a469c7d9d4	1	0	L1_L2_exact
p5-primary-large	primary	0	0	fuzz-large-0093	deterministic_fuzz	large_gc_low	large	generated	00e9ee86aefbfa0671b81ba2147c14aafde4ab30fc0baffee9b3c055e73e9e3b	b792c4e593055becf413107f01a95d1a0cda8fc0587c5e2071f1fc2536c65c12	8802abfb11fe1478226e8e14c364dd3b55238c42c3e769358d07dc9eb97ab8bf	65	2743	1203	ok	complete	byte8	1fba46b401caca3b	1fba46b401caca3b	1	47fe0d7eaf8e51e3	47fe0d7eaf8e51e3	1	0	L1_L2_exact
p5-primary-large	primary	0	0	fuzz-large-0094	deterministic_fuzz	large_gc_high	large	generated	e9dfdcdfd1a0dfeffdbf7919c896440b52abe368c57b320e0b64d4527aa72a46	3d6f1c958574f70711ffdd12a92a07d32b56bdc11f3b15a921143761d18c9d9b	42a2415f17dcb6347542780b9bbe63831c568672b0681c14e44a330f8bd5557b	65	2412	1551	ok	complete	byte8	0ab854c928951966	0ab854c928951966	1	47fe0d7eaf8e51e3	47fe0d7eaf8e51e3	1	0	L1_L2_exact
p5-primary-large	primary	0	0	fuzz-large-0095	deterministic_fuzz	large_repeat	large	generated	ca915ff808158ef350fae505bc79e3f87c5a398319c13eb8e8ed71d477ea3b48	e4c0fd1d6c536ea89c56ad4132d5ec112fa067127b4017026f9eaffe63f023c3	6f1c13cf9234916192ce137ea748d2cd340f240dd312f1d144b1bd8c7fe175bc	65	86	1438	ok	complete	byte8	3d464f83c43a34f9	3d464f83c43a34f9	1	47fe0d7eaf8e51e3	47fe0d7eaf8e51e3	1	0	L1_L2_exact
p5-primary-large	primary	0	0	fuzz-large-0096	deterministic_fuzz	large_uniform	large	generated	f9188000341e645c26b53337c2b644d25a1447b6b1b9df74b509901aa6571a97	62380f778cf27ec9e2ae8ff4a2e55e23e747a4aff0455a813a7502b40cac1553	27c1cae9be8ec71c848a6492a0a2c7e37bd16760470a8bc2e063a4e51f2d6af4	65	2536	125	ok	complete	byte8	c094c4c3e26e7e3c	c094c4c3e26e7e3c	1	f58d0c3e1038b277	f58d0c3e1038b277	1	0	L1_L2_exact
p5-primary-large	primary	0	0	fuzz-large-0097	deterministic_fuzz	large_gc_low	large	generated	229ea7f67dd0f555eaa88e6390febabd0ee3caf348a3ccc695b024f0454f1ed1	90a24c8bfaddf0b9cda08ef7526854720a2c8f235bbe6f53d7a706655aafaa8e	737467dc0b1335ca99700c440cdd6e75d7e50e04746aedc75fe9efa1f54e4ce8	65	2737	1823	ok	complete	byte8	faecef4b0588af77	faecef4b0588af77	1	47fe0d7eaf8e51e3	47fe0d7eaf8e51e3	1	0	L1_L2_exact
p5-primary-large	primary	0	0	fuzz-large-0098	deterministic_fuzz	large_gc_high	large	generated	9ae71ac6ad8d3851e639723df875d1f63087aa2dab44666b4a68db154245310d	3b0593cccb8a9bc5abd021d4d7c662b8a4dd7a254637f4eb4cbb18ea9e018210	c6526e00206924140246351b027cc8980532dd40a929095ed263d26debd3ac9e	65	1302	839	ok	complete	byte8	f2183e9b4e352580	f2183e9b4e352580	1	47fe0d7eaf8e51e3	47fe0d7eaf8e51e3	1	0	L1_L2_exact
p5-primary-large	primary	0	0	fuzz-large-0099	deterministic_fuzz	large_repeat	large	generated	ad63c40734f52a518a69a0100f4ec6272e6559ae5218bb6ba3dc9757b7fa0a72	1c4f7971e5a556e349c4a085fd68df3b9de8e9048554dc7e207c11916034e98c	0549ab23551eb36d9039570d4e66bbfd0ef5997fcc3302de65f160eeb02f0c12	65	2553	1015	ok	complete	byte8	b464a282fdb2f7a2	b464a282fdb2f7a2	1	47fe0d7eaf8e51e3	47fe0d7eaf8e51e3	1	0	L1_L2_exact
p5-primary-large	primary	0	0	fuzz-large-0100	deterministic_fuzz	large_uniform	large	generated	83e8e1ab8b9a86607e9f1064c4a20a94e39ddc1efeb4520da93e5a1f5ebee3d0	f235539570c28922bd9e931e5b5545f55dc38af46502ac8f0329b698c009b7cb	1b6fa487fa318c78c8f6283b92b3a5f0d4e86deb2a4ed6c5f5e3c6d118dd8d09	65	460	375	ok	complete	byte8	073d4c07a67b2b6c	073d4c07a67b2b6c	1	51b5d33c39fcbfde	51b5d33c39fcbfde	1	0	L1_L2_exact
p5-primary-large	primary	0	0	fuzz-large-0101	deterministic_fuzz	large_gc_low	large	generated	d42a7e41ef7bea5141a5d72d8907d437204f388aa87dfdc429d00323ac311fac	73c70409c1532418d06f569becbe29eac05667df1a35347f35337331e794d32d	ffe66c7093a57fcbf9fcdc01c515e7f99a8ae55e557d9b84e953933cbdeebf4d	65	2230	266	ok	complete	byte8	b21626e9e40b85dc	b21626e9e40b85dc	1	47fe0d7eaf8e51e3	47fe0d7eaf8e51e3	1	0	L1_L2_exact
p5-primary-large	primary	0	0	fuzz-large-0102	deterministic_fuzz	large_gc_high	large	generated	f5d880312ea3768311b46498d78be79aa7655ccc5113f8605d83a2e20ed9099e	7f6a9aa28a304409bb8912a151cca3d4c61317f27848f94614a8a2a8ab3bb705	dde4000d10a1db4761ebd0924943e6e7c0a727556cf81a5f5b04584c25340d3e	65	1389	1913	ok	complete	byte8	f7151ac134372f51	f7151ac134372f51	1	33478621b3882f6e	33478621b3882f6e	1	0	L1_L2_exact
p5-primary-large	primary	0	0	fuzz-large-0103	deterministic_fuzz	large_repeat	large	generated	ad369aa776cc94aca25e3b831ecfc03515b7098238aced0c83296dcbf09b72e7	58d6f6fb7a418454bdc3975685e833ea422d017f93427fc08f629f53a7e5c8e7	f9901c53016e52f5b23676db2661bc5690b9caee78efa125b60817fa88d8e306	65	1622	1249	ok	complete	byte8	61bb62deb1a84c73	61bb62deb1a84c73	1	47fe0d7eaf8e51e3	47fe0d7eaf8e51e3	1	0	L1_L2_exact
p5-primary-large	primary	0	0	fuzz-large-0104	deterministic_fuzz	large_uniform	large	generated	c79f27127e48b3e115982d677a97e3bc7b272738bbee2d4f575629bad82a3d82	20203409ec265e1295546c6d176b75ae3f1282622ae0c8003ba28088b9ed6c70	19a7e9da9cd4917471c24aaac62570a31b2faaf659a03e3916cc2655dfb3af19	65	1556	377	ok	complete	byte8	5d1a2f9837616e3c	5d1a2f9837616e3c	1	47fe0d7eaf8e51e3	47fe0d7eaf8e51e3	1	0	L1_L2_exact
p5-primary-large	primary	0	0	fuzz-large-0105	deterministic_fuzz	large_gc_low	large	generated	9dfb5f771053878b2e2baecb2dc5d68ac7f1fa34ca73ad232e4c0c1e299b373f	0df2a3d09a30a2aeba5a906e95b0de730a6fec93749ea869c4c49b136db92ee7	e9489dfae684f7cf1d10c1fd987afd91b235f339ecf7411ee21a52bf9810a8dc	65	1298	1592	ok	complete	byte8	1cfd33ba544c9589	1cfd33ba544c9589	1	47fe0d7eaf8e51e3	47fe0d7eaf8e51e3	1	0	L1_L2_exact
p5-primary-large	primary	0	0	fuzz-large-0106	deterministic_fuzz	large_gc_high	large	generated	0013245e72e10fb4f1f54d08a387600936d0c3d868c1757ed3f4cf780905e459	bda31d62fc003642e89e30df0d580d3fc25bdb892090cba71909a630a1bc5c84	6020a7ccb25b4e5f7b71fcd4a3cb3bb6e518338bfdf4daa61e96eb9ec64ba49e	65	2173	128	ok	complete	byte8	1e59eb5c71dbba1f	1e59eb5c71dbba1f	1	9450dd961187058c	9450dd961187058c	1	0	L1_L2_exact
p5-primary-large	primary	0	0	fuzz-large-0107	deterministic_fuzz	large_repeat	large	generated	f228055f1f620d4aacf5dd29fd496eea990a55eada2b37f74477d316b3331577	50640a253074f96afdf281fc92cabf5287cc4afe92a57d73b3863c9b1bd41040	8dde76d71aef2b9abb4070d9e663b3604bcad0c49c06bc94fcf7bdfb94a5ff36	65	927	2748	ok	complete	byte8	7ced3f16d248814e	7ced3f16d248814e	1	47fe0d7eaf8e51e3	47fe0d7eaf8e51e3	1	0	L1_L2_exact
p5-primary-large	primary	0	0	fuzz-large-0108	deterministic_fuzz	large_uniform	large	generated	0a6a53be5ca76957aa83c77156f612e0208d70912f00b549b7f262c5a14164e8	3ee86205142062633506c9c4e7da7da88d85497c780dfc3d195b82331ee8dc14	c9c6ea22a9a090425c50ae70ab403427dc458d753c75c574ce04c413776ee3d3	65	278	814	ok	complete	byte8	cb0e53ad3b922c4d	cb0e53ad3b922c4d	1	47fe0d7eaf8e51e3	47fe0d7eaf8e51e3	1	0	L1_L2_exact
p5-primary-large	primary	0	0	fuzz-large-0109	deterministic_fuzz	large_gc_low	large	generated	16ba62d530450cbe462fc6f017f9c9fe2d29b90632f0dca060253bf76f0bed71	9a3ae916857bdf09e9508e6b078b9e4f8312cf6d4b50be5e679b67cefb4a5750	97009fcc0e2170c90de0537a5dfaf97db1688c4c1d1f785a0c0c3ce25a290a88	65	2700	1715	ok	complete	byte8	12303e22f0791c4a	12303e22f0791c4a	1	47fe0d7eaf8e51e3	47fe0d7eaf8e51e3	1	0	L1_L2_exact
p5-primary-large	primary	0	0	fuzz-large-0110	deterministic_fuzz	large_gc_high	large	generated	dc13f2bc04adbb20ff0d6c2fb5696c2de1860452eede6e04d199fb67eddddddb	8a4364a4635f7a3ec7fa45b179863608c7737e8fc97a685cc12042ffba21509e	88492d0904330d05e4180f8a0e595f160c2505a1bccd2d49df5972bba4fb54a9	65	2357	1770	ok	complete	byte8	a07d94721b08ffb9	a07d94721b08ffb9	1	47fe0d7eaf8e51e3	47fe0d7eaf8e51e3	1	0	L1_L2_exact
p5-primary-large	primary	0	0	fuzz-large-0111	deterministic_fuzz	large_repeat	large	generated	a1cacbed371d62125bd53e17c4f6cbd806dba0c4c7d79311ab3f5eacefcdb911	57c1851f6fa41e0de4e1b8f90d8044a668487806254b01dcc18835f849292798	f86603ebd36493703571c4487db98035344461ca2a7a49dcd8b3ac80e780a5fb	65	358	600	ok	complete	byte8	fb6b4c33ae44e3d3	fb6b4c33ae44e3d3	1	47fe0d7eaf8e51e3	47fe0d7eaf8e51e3	1	0	L1_L2_exact
p5-primary-large	primary	0	0	fuzz-large-0112	deterministic_fuzz	large_uniform	large	generated	5bab937555258126462b607ecdb55c29e5770135f70ffb1b40b7e18553d44b8a	3d647ed9338a1ff0379bbfa9b4733c1f9f2b135c46dff526d899c5980d2f2eaa	b886422f366891c7d85f65dfb3e9725a53b47b4751e738e7efb723ae8943fe2a	65	2652	2785	ok	complete	byte8	74a50423495e69cc	74a50423495e69cc	1	2ad1edc61e00d68e	2ad1edc61e00d68e	1	0	L1_L2_exact
p5-primary-large	primary	0	0	fuzz-large-0113	deterministic_fuzz	large_gc_low	large	generated	4f2cec6a48cc061e695607801b5ef4348dd29affdc461c7c6c9825939649db80	6945f5a19929cf8997877196668e7b5d67597484ac585dfa0754be912bade931	c35d25d4b10f850176ba6f1c6ddb8600472d65704fc9bdbef79412acb038a694	65	179	2339	ok	complete	byte8	80604cf20ce0135b	80604cf20ce0135b	1	47fe0d7eaf8e51e3	47fe0d7eaf8e51e3	1	0	L1_L2_exact
p5-primary-large	primary	0	0	fuzz-large-0114	deterministic_fuzz	large_gc_high	large	generated	12aa1307dba88b2de8f25a9d491b4859aa84fa5bd2d0d8933c55fe0ee66e524e	306320de47d995c34836be1bf33737b4553b1d8c48dff88d9a6f2a56ca820a53	a173c7ef3262a6179ff016077346e54c93949acb6335afa870fef393ebb6b845	65	2022	1257	ok	complete	byte8	60407b98bdec806d	60407b98bdec806d	1	47fe0d7eaf8e51e3	47fe0d7eaf8e51e3	1	0	L1_L2_exact
p5-primary-large	primary	0	0	fuzz-large-0115	deterministic_fuzz	large_repeat	large	generated	d3545319d91dfd9f9c5663ca37824355e22824b83d3691851e2c69401ade464b	7f9d9157e4fa533eba949f1a7a755b82f110b1742c84750415c6c03bacf992e4	a5dbd11469075f9fb6a4d8904a5b82edd988051cc175cd2606fc44bd98cfa2fd	65	2357	1666	ok	complete	byte8	f9696c5c54a51dde	f9696c5c54a51dde	1	47fe0d7eaf8e51e3	47fe0d7eaf8e51e3	1	0	L1_L2_exact
p5-primary-large	primary	0	0	fuzz-large-0116	deterministic_fuzz	large_uniform	large	generated	540d7722b0645c7dee99c5186da2d7c5268ff4dbf8f37bdf8ec109d0118463e7	0692824f572962c38b69b11fde3cc20b7676efef090fc76a7ebe8281990d1042	496390dc2f39975897cd4ec0c04d54acda3ab353c85562ff137985f700fb558f	65	1000	1637	ok	complete	byte8	0329dd75f9f3c4b9	0329dd75f9f3c4b9	1	6102be165273225e	6102be165273225e	1	0	L1_L2_exact
p5-primary-large	primary	0	0	fuzz-large-0117	deterministic_fuzz	large_gc_low	large	generated	20db262adeb7f411bdeffcf267e851fc83f0d714cf698e4082f487ec5f757d33	50b51b408af11db25127a2231e8b09730a1bd6c514cc2a0a625a197ba3906406	b35d42fafd20b46679b0300e005e83ae292d460a87fc8b6b927ae9899b97fe53	65	68	2639	ok	complete	byte8	32469c605146c190	32469c605146c190	1	47fe0d7eaf8e51e3	47fe0d7eaf8e51e3	1	0	L1_L2_exact
p5-primary-large	primary	0	0	fuzz-large-0118	deterministic_fuzz	large_gc_high	large	generated	675c23283cc53033505a1bff901942a7c531ae5b89f687834ebe60080aac250c	e032b1521bc6d79f0ff99c305fe6fdcbf228a0565b53daa7add4f95956c59032	c0d4d6c080a5118e15d3e529cba049d148710089d38f53d08682bd90db363aaf	65	1864	2302	ok	complete	byte8	1348256f0bd31415	1348256f0bd31415	1	47fe0d7eaf8e51e3	47fe0d7eaf8e51e3	1	0	L1_L2_exact
p5-primary-large	primary	0	0	fuzz-large-0119	deterministic_fuzz	large_repeat	large	generated	25da8eb6158a23275cf7de91d0db5a4b59ecda45a56aaaa419ea436427fb1fd0	2357fcce26c73db5f6c9187c5ce1aaa702414ed430507af556458cc7a1fae3d0	5f2c7956ba45bfce38fdfa455972c6a457f45e1f42359fb23bbea4d28ca1977f	65	1691	563	ok	complete	byte8	a149d66c5d6af3da	a149d66c5d6af3da	1	47fe0d7eaf8e51e3	47fe0d7eaf8e51e3	1	0	L1_L2_exact
p5-primary-large	primary	0	0	fuzz-large-0120	deterministic_fuzz	large_uniform	large	generated	07a68ad28b5c6ce90da3e3a7ca63d99e5938d861acd854df8daf10bba6d10067	59b36969866d7628581fbd96952203cb5a957a78a0ba7cf3e0a494a15d005588	ca3bb7dd9d89fa1af45fe624584e2a8218106645b1df0a9bd74735aec25ed1e8	65	224	2629	ok	complete	byte8	5b148ceeff099686	5b148ceeff099686	1	568942e60ce86e86	568942e60ce86e86	1	0	L1_L2_exact
p5-primary-large	primary	0	0	fuzz-large-0121	deterministic_fuzz	large_gc_low	large	generated	73b820bc708739e9691cd0e6746bf8cb20f6e67cba7309962db972700c1c68a7	1f44aa873e24a0a84f3efe871f7a0c69da972b1e460fcdd1995ea43e5b0dd339	f1c5d972c96605a95f8abd0f65e9ec9d51368fdebb4a6ced79fe929a44d0e712	65	1951	1561	ok	complete	byte8	51e5a148bc1bcb90	51e5a148bc1bcb90	1	47fe0d7eaf8e51e3	47fe0d7eaf8e51e3	1	0	L1_L2_exact
p5-primary-large	primary	0	0	fuzz-large-0122	deterministic_fuzz	large_gc_high	large	generated	351844565c2cdde0f44eec318d667346e2293360a1b0c00fb71971c5a1653df6	b8b69a2525a578ca3dceb0754e0e24a96f696c6e8852a0ffaf8571c7b1208187	a3eeaa675253fa9e7fb70d27fd4e292ab3f97ec3f6b964edb7687b8d2a160578	65	1537	2474	ok	complete	byte8	caa29901f75e3944	caa29901f75e3944	1	47fe0d7eaf8e51e3	47fe0d7eaf8e51e3	1	0	L1_L2_exact
p5-primary-large	primary	0	0	fuzz-large-0123	deterministic_fuzz	large_repeat	large	generated	b762227f81a330c43316e2908df0697bb5409af70d14c2c2036543ffe410bba7	ef6582fbd409631710a2a059f6f5a1b5a4642d841fa57c461250c00a34c4e177	420b4b86b1557ce0f12293ef4f40f00aca4e82029e76af5377af6d242320dba2	65	2689	924	ok	complete	byte8	07cf33edfcf674da	07cf33edfcf674da	1	47fe0d7eaf8e51e3	47fe0d7eaf8e51e3	1	0	L1_L2_exact
p5-primary-large	primary	0	0	fuzz-large-0124	deterministic_fuzz	large_uniform	large	generated	6c550a6931a6d06a16a3527104993838efcf537d7261ac96bacd816400f26bc1	51dfd03439fa12f180824524870c0cba1eb85a7425e8e86f33231e1c52078994	e1c10b912c21ca81b4238d0fdc7d0c29489cecfd5ad129b73e1b4046e6fdbe95	65	2598	1987	ok	complete	byte8	79f57b9e0493c5c7	79f57b9e0493c5c7	1	0fb5a0aaa87b1f54	0fb5a0aaa87b1f54	1	0	L1_L2_exact
p5-primary-large	primary	0	0	fuzz-large-0125	deterministic_fuzz	large_gc_low	large	generated	ab660b3fb2394acc329ce13ec029e913cc45a18e1dbc44df1b923312b2afad0a	c7bcb725a9f82a1cb69fcd8d9d695e3ee51c6c5f686477b60975b4715b54d0f5	f446aaa4963ac994285702811f46bffd8b0584c3012829984deb22c835b15f12	65	1423	2473	ok	complete	byte8	6ec89a3d1314466e	6ec89a3d1314466e	1	47fe0d7eaf8e51e3	47fe0d7eaf8e51e3	1	0	L1_L2_exact
p5-primary-large	primary	0	0	fuzz-large-0126	deterministic_fuzz	large_gc_high	large	generated	8d367af35630eda2d43720556fed4bd2a8d5ed5b9dbeed144220b82345caf325	67a30f3adb4bdf07879acb3db5e7bc9a1eaa062d09c6f9054857d3094c16ffde	975f5ded9aa1e9e874fb75166c3da7ff6dac5a8b03c3f0fa2397344c864050ab	65	2508	2154	ok	complete	byte8	d0b78ed27a4b13c9	d0b78ed27a4b13c9	1	8ad73d03dc2a62df	8ad73d03dc2a62df	1	0	L1_L2_exact
p5-primary-large	primary	0	0	fuzz-large-0127	deterministic_fuzz	large_repeat	large	generated	56b54f6e35ca5d044503fab2f389092a4b3daacb07c02f0153e4a384b33a3d4d	0c9b05bce133dade175f498fedb99e765d5d53508a03871457931df77b65d568	01f0efc82ebbbdb9836ff4eae08c513fb370fbe0598161fb236e10f77ba4c0af	65	1356	79	ok	complete	byte8	d7204c3616354a3b	d7204c3616354a3b	1	47fe0d7eaf8e51e3	47fe0d7eaf8e51e3	1	0	L1_L2_exact
p5-primary-large	primary	0	0	fuzz-large-0128	deterministic_fuzz	large_uniform	large	generated	2d5418a98b61b5470b512835949dfc2a836c0665c67c6edefe7316849dc5c937	79f867921b9549cb0d432d20c005ffba00469ce4192bc3df7d7489e5eefdd4d4	08c46a7adbe0310db4a5f7bebcbe2fc5ce611ec61c9c982557d7377c2828d724	65	2786	1668	ok	complete	byte8	0539fecbc2b9d684	0539fecbc2b9d684	1	0f8fac6b4e2f3667	0f8fac6b4e2f3667	1	0	L1_L2_exact
p5-primary-large	primary	0	0	fuzz-large-0129	deterministic_fuzz	large_gc_low	large	generated	b058bbd4f4e2e8b3a7ad63eca39f80d5a5a401c47dcf7afd6beeb197c3796c66	a4d36cf4208a3f50c8588fb3eccbbd6ff03e05c70f3e9d950276549c1913dbf3	fc22094091d2af5db76c2410aface845403bd3d763fcf6e768a4b9357dd2d3c3	65	1072	681	ok	complete	byte8	e5626e56cf5f2b37	e5626e56cf5f2b37	1	47fe0d7eaf8e51e3	47fe0d7eaf8e51e3	1	0	L1_L2_exact
p5-primary-large	primary	0	0	fuzz-large-0130	deterministic_fuzz	large_gc_high	large	generated	9e2fdd5b8ec454c521b87085e997fb175cb898b97aff6a7ffc95e18aa3df3ae1	93d4bd05c1b58e24677a6b66d2ca47aff538a9236b1e466393a264916fc48fd4	2668fed176471f66ecb900a3463afbc29ca6810b2516c9d8032eb76f809c4954	65	874	626	ok	complete	byte8	b296a80e685d78bb	b296a80e685d78bb	1	cc04d357e8fe7295	cc04d357e8fe7295	1	0	L1_L2_exact
p5-primary-large	primary	0	0	fuzz-large-0131	deterministic_fuzz	large_repeat	large	generated	e53b40ea442862b5a1954685c7189a848808fa375cfc543dbb1551fb22aab71f	8bdcbed5aed5ac7b5d8a1529f243877ab3b6827204ace8031d6ff894501be273	56f868617eb66fd0b35870806a9463e06f9dd194fafdb1bf017c3bd6675276ed	65	1813	1438	ok	complete	byte8	b97bc3f18dc654ea	b97bc3f18dc654ea	1	247201b1e6763df4	247201b1e6763df4	1	0	L1_L2_exact
p5-primary-large	primary	0	0	fuzz-large-0132	deterministic_fuzz	large_uniform	large	generated	606beff9f89d99eb540b33c57bf75717193b4dcab49bd402228d945330e16edc	f30f23e9560faf67436541df4199a0419a9e5f9f02293c1923de256f2cf4894d	5a785962e85d82146a625ff1c8337f9aa554b421019030828f982367b1ec2ba2	65	2115	610	ok	complete	byte8	8be7b6a139325346	8be7b6a139325346	1	47fe0d7eaf8e51e3	47fe0d7eaf8e51e3	1	0	L1_L2_exact
p5-primary-large	primary	0	0	fuzz-large-0133	deterministic_fuzz	large_gc_low	large	generated	f1937f7de8d8117e956d62a4d95b21e9d4f433834706ee189cd2b4169fd768b9	7698329c6a4faa0f1c5a2aa2cb42be7afe910290ece80c51699ce8e5458fc831	4f6e1c2d28564e846a376883c5b49625f4ffc1125d4067b21f9af2fda6f5b330	65	929	1249	ok	complete	byte8	edff23c35e9cdcd9	edff23c35e9cdcd9	1	47fe0d7eaf8e51e3	47fe0d7eaf8e51e3	1	0	L1_L2_exact
p5-primary-large	primary	0	0	fuzz-large-0134	deterministic_fuzz	large_gc_high	large	generated	66d10c8442614489b11bf304906c3fd895d6a919fef96a042cec5740d09655ba	39680c35153473a14d521c006df928d556a7c1e4cce39413597afaaa4e8a32cb	eb1cd082311e3b253f2258206a2ba92c168fd344ab6e8050e5c2a0fb9a6fa64e	65	1789	142	ok	complete	byte8	9215c258bf1a6604	9215c258bf1a6604	1	47fe0d7eaf8e51e3	47fe0d7eaf8e51e3	1	0	L1_L2_exact
p5-primary-large	primary	0	0	fuzz-large-0135	deterministic_fuzz	large_repeat	large	generated	1b27c13753ea6bb5d9057becffaf2494c532d48359d69d314c4c53dd9c6892f0	cea9695dbdb2b30ebb1f777dd5fe4cf7b15f939542b8da7933288bc69fe2b63e	6d5d53853d8e9c7f4a3a2539035da83563013afec8f9593f3d0fcd9233c25f2f	65	1638	2778	ok	complete	byte8	c7882038a8ef1256	c7882038a8ef1256	1	67ff677c48baef2d	67ff677c48baef2d	1	0	L1_L2_exact
p5-primary-large	primary	0	0	fuzz-large-0136	deterministic_fuzz	large_uniform	large	generated	9a6015eaf7a98ce0bf699ba26934010e1d09bd97a5806a097496beb30772eabf	7a6c936bf9f7088903a6d135fcd3664c95226ca3ed11b14d0506a62495754fc9	a790aab8dcfb71b79d6373b97f40fa207de84f0a8e9af56c12522d6291941d2d	65	2595	947	ok	complete	byte8	bfbbd3ca3c7bd6a8	bfbbd3ca3c7bd6a8	1	77fcbfd656c093b7	77fcbfd656c093b7	1	0	L1_L2_exact
p5-primary-large	primary	0	0	fuzz-large-0137	deterministic_fuzz	large_gc_low	large	generated	a7fd7ba9549f9f2e97058cad62822fe96bd53aa8256c5a64edbbadfe8c769d26	54edad2848a3a96031e6a5947c7b6166b76582d07d7aca217e27c0cbfe9cf110	34d779ae22b0c981eb009a3d63a3a96b8b001f73d6ef5613face6439b00c805a	65	427	2167	ok	complete	byte8	ec5d0d21e12c91e7	ec5d0d21e12c91e7	1	47fe0d7eaf8e51e3	47fe0d7eaf8e51e3	1	0	L1_L2_exact
p5-primary-large	primary	0	0	fuzz-large-0138	deterministic_fuzz	large_gc_high	large	generated	8defe0c7659c8fd2b7c854d1305563dfc714628c564e9a9984bd91ebb9bbec4b	b67d2ded221e300e466f08a8697ce8a67e7616f119f4e5fb48af73201df9adbb	ea383070f168bed67d95b633add681f5134b2d7f995148ab01389901fd2496bd	65	1863	2385	ok	complete	byte8	d95347f8e5973240	d95347f8e5973240	1	47fe0d7eaf8e51e3	47fe0d7eaf8e51e3	1	0	L1_L2_exact
p5-primary-large	primary	0	0	fuzz-large-0139	deterministic_fuzz	large_repeat	large	generated	296d54c3b227bd405c0d61a49178bd5526181db6dc3788aefe45ee0c2e1ee18e	0e87ee5be7d9198ad54d115da31fcc66e54fb2a7ad9bd56d98a131efbac556c2	261c3e8b74fb9681b211500b4729715378f045d800092cef1ee33ab80f552f86	65	69	2266	ok	complete	byte8	d189140c577c9c69	d189140c577c9c69	1	47fe0d7eaf8e51e3	47fe0d7eaf8e51e3	1	0	L1_L2_exact
p5-primary-large	primary	0	0	fuzz-large-0140	deterministic_fuzz	large_uniform	large	generated	7a3c509d12fa52db82db7572a8b55d7f61ef5a7d8393f309e0287dbda124fe06	8a162d2f4746ef7083a24250280cf30eb5e1998825dade5f5be7059a55d61aaf	7e2bba833e6f2d4e1db2068573d9c1446273a93bdd9439016a4978b3059b7ccb	65	2221	778	ok	complete	byte8	41df32d26ddab415	41df32d26ddab415	1	c93b16ee3d7393ac	c93b16ee3d7393ac	1	0	L1_L2_exact
p5-primary-large	primary	0	0	fuzz-large-0141	deterministic_fuzz	large_gc_low	large	generated	1e657b48a99bfe057e224f936e981a2c473df8d7a1bde34c3cecde503e80b268	6ea8a16056e8a04eb5b1948c443c24d2702048fe89340465e017aca6c7fea044	121f2b3d5b20e9a76d1576a9c804ff2bef441d539e127afff648c41d88a6469e	65	400	1396	ok	complete	byte8	6a5e190bbcf0d44a	6a5e190bbcf0d44a	1	47fe0d7eaf8e51e3	47fe0d7eaf8e51e3	1	0	L1_L2_exact
p5-primary-large	primary	0	0	fuzz-large-0142	deterministic_fuzz	large_gc_high	large	generated	c899296413f8f2af8580d0b664b3716d5df7688c099cd76270edd91ec400f99f	7be707330ad0c829bf0374a0cf6d7ddb7568bcd68f5ec8a68ab6398b30929808	c3471678a2f2d228b588d9e555f9bbcfd8217804a006cb9f1f5046e0a80f156e	65	331	1916	ok	complete	byte8	f7d86b081f89fd06	f7d86b081f89fd06	1	dbfb6cd18336326a	dbfb6cd18336326a	1	0	L1_L2_exact
p5-primary-large	primary	0	0	fuzz-large-0143	deterministic_fuzz	large_repeat	large	generated	ea7eaa0c5dca140b9de0dd3704b987ff7f16994ed666734f6c222e01d55585fb	fc1e3deb112a133e1e3dd6edae4ba2d512355e67d6bcf5ce9e6e6fc9bd845d4b	0123a383e0559ba7e733ad0293883f967369fe93ad1c07537089e68d850b5463	65	2336	1090	ok	complete	byte8	5fa69fb98b3ec12c	5fa69fb98b3ec12c	1	47fe0d7eaf8e51e3	47fe0d7eaf8e51e3	1	0	L1_L2_exact
p5-primary-large	primary	0	0	fuzz-large-0144	deterministic_fuzz	large_uniform	large	generated	0778d2dd9d3fdfa1fb1b84689d7745628e755ded9e38e79f75aeab7659cfdcad	df51a1f36a60c70a21cb316ea9848502e3d96a4524de47a438b089bc3524ee3c	58be879859c8499dd1b8611b4b59ee18af8fe68deaf6a6d123ed3ce3eee7a624	65	584	1331	ok	complete	byte8	ca40c612faf17c86	ca40c612faf17c86	1	47fe0d7eaf8e51e3	47fe0d7eaf8e51e3	1	0	L1_L2_exact
p5-primary-large	primary	0	0	fuzz-large-0145	deterministic_fuzz	large_gc_low	large	generated	6e5dfa60299e0125507c3d8166f0733b865dcd84372d743e9125cfa724defbe3	6dde5eb6dc993bf88785f2965a0dd0a30aeac2d9cd4d8dcaa8a18f7d42609cd0	22bae0170342da73d52bef6e3458193f31f14017265d75a5bf4118c041a4d810	65	753	1161	ok	complete	byte8	dbec97fa403a8e16	dbec97fa403a8e16	1	47fe0d7eaf8e51e3	47fe0d7eaf8e51e3	1	0	L1_L2_exact
p5-primary-large	primary	0	0	fuzz-large-0146	deterministic_fuzz	large_gc_high	large	generated	0e92f9760a8a7885dcd69cc433b10817e805f55c2b332e6462ed868af85f3d8d	db9381d2a2a9743b28066a85c80545c32846d2ecc4dc2d6ebd7f208cf4cf498e	f7d98c5bf9d357d18d3a63078853d4cf4a1a8a3d53200680dd78a7b8a09556d1	65	2257	2762	ok	complete	byte8	e407522f0122b8d0	e407522f0122b8d0	1	47fe0d7eaf8e51e3	47fe0d7eaf8e51e3	1	0	L1_L2_exact
p5-primary-large	primary	0	0	fuzz-large-0147	deterministic_fuzz	large_repeat	large	generated	9a7ab511564460d24a3583bfc16214fb0c61cd88b1b6f4ebdf519bf585ad613f	6282602f88c0b987043ae4f93bfeb9489e66165d28b063ddaaa1cf846c221e41	9203bbcf3231ce2363ca9d072d331570948cd40675024e30832d6f3eb5dd76c1	65	1739	795	ok	complete	byte8	6c1799b5f4fac6c9	6c1799b5f4fac6c9	1	47fe0d7eaf8e51e3	47fe0d7eaf8e51e3	1	0	L1_L2_exact
p5-primary-large	primary	0	0	fuzz-large-0148	deterministic_fuzz	large_uniform	large	generated	d501afb22b742a278cb1b190a484c000eb5ab9abb2888b0320da08c7125af358	ba6591e7f4ae7386a3a613752cb4492f303638b37972a39e69b89cbd1580d46c	9a129e2053bd94ef7b560ded952da7ecd164aaf61b20dc1d8f1d057f1c0e1760	65	1447	205	ok	complete	byte8	ab485a91f79e57dc	ab485a91f79e57dc	1	47fe0d7eaf8e51e3	47fe0d7eaf8e51e3	1	0	L1_L2_exact
p5-primary-large	primary	0	0	fuzz-large-0149	deterministic_fuzz	large_gc_low	large	generated	656dce59e92a22ba0e4505443e59e893234d3ae1bfb7679dc1e08894fdc1689f	3ef658b273c2d4175d3ad2d478b76b42bbf70bbf4032d08193f63990e1ac3003	7f5f1c15b918a4ff3ebed5cda1724716070cdd49bb86712b4b01f6f4c2e4ce1f	65	1645	674	ok	complete	byte8	b30adbc4390b220e	b30adbc4390b220e	1	47fe0d7eaf8e51e3	47fe0d7eaf8e51e3	1	0	L1_L2_exact
p5-primary-large	primary	0	0	fuzz-large-0150	deterministic_fuzz	large_gc_high	large	generated	11029b0e19a3edc398eb03ecded99dd95648f145a205f814b31121188c8ecc2a	4ea1257f57ee50e694d3ede51a8bcddd47e50f29e32d2207ffb9a5d55be20858	545b29654939067e3ebf5116abb8cfebc6816360743d7ca12a15a53b63d1b5b7	65	2287	1981	ok	complete	byte8	5e0dc3ea2a7f4566	5e0dc3ea2a7f4566	1	47fe0d7eaf8e51e3	47fe0d7eaf8e51e3	1	0	L1_L2_exact
p5-primary-large	primary	0	0	fuzz-large-0151	deterministic_fuzz	large_repeat	large	generated	c19ffd80b0c4685a38300c6becb3514e9ceee7451e8a4e03a68772f28b378d71	f2dafc20272829f6edf6206a22eac8e589038bf06b9e3c8908e6bb8877bdd053	4096917e032f25ed1bfb06cbd6d7761bf1acf0e0983a9d3b1c8398dba504d1ac	65	1997	166	ok	complete	byte8	8345d2f72d874924	8345d2f72d874924	1	47fe0d7eaf8e51e3	47fe0d7eaf8e51e3	1	0	L1_L2_exact
p5-primary-large	primary	0	0	fuzz-large-0152	deterministic_fuzz	large_uniform	large	generated	a4e1935f1ba40861fc084fe7ed2a5114c605b03b8c25d074a427853986ee046b	a6f170701ca464b11d31054dee45045e1b5a6c41b2dce465dede62c3e406cc80	6450810c626f49ec230086ff2245509745dd2a2ae65597eb28ed5914d0cd5178	65	2408	218	ok	complete	byte8	f1a286f3a460c7a2	f1a286f3a460c7a2	1	1e0d9ba5fe69a169	1e0d9ba5fe69a169	1	0	L1_L2_exact
p5-primary-large	primary	0	0	fuzz-large-0153	deterministic_fuzz	large_gc_low	large	generated	bdfa26ffb36ef12c1ea07b1e7e3730fd7994a4172ba76efb084eb5ef009d441d	1d302aabfcddecae52b37a2cf8e6ecefb9bb632aeefcbca9f5a7571c01a88a16	077d920ebc3bf7bd4a23b1188ad882c6751deb303f3aa289148e733e24b1c6e3	65	2118	112	ok	complete	byte8	506d238f977b0c1c	506d238f977b0c1c	1	47fe0d7eaf8e51e3	47fe0d7eaf8e51e3	1	0	L1_L2_exact
p5-primary-large	primary	0	0	fuzz-large-0154	deterministic_fuzz	large_gc_high	large	generated	1537b80d8118dbe53bd27760cc2aa50cefd2db4befcf95375dce77b50c4978b9	0120acd47e96daf63a766d2b62f722db6a4bae3631b0d9fdd8ede7335001509b	96d6b65caf754c7725e3f8eb7065066a903f1d5e431756ff768427c621bc91a6	65	1345	763	ok	complete	byte8	250c7b5c62ff86ed	250c7b5c62ff86ed	1	47fe0d7eaf8e51e3	47fe0d7eaf8e51e3	1	0	L1_L2_exact
p5-primary-large	primary	0	0	fuzz-large-0155	deterministic_fuzz	large_repeat	large	generated	f90f8e179fca0f7911dc135ce14ac24d1c688ce8c67596545e414360bbcf687f	d28126ec9eb212f1691cfe4e18c65d12d121cb1521e95519872d2116de5847dd	a2616015569151bc609c2375b3e934c482301e6167ac44448cabd3f49fa68880	65	769	2382	ok	complete	byte8	93eb7c2c4dfa8220	93eb7c2c4dfa8220	1	47fe0d7eaf8e51e3	47fe0d7eaf8e51e3	1	0	L1_L2_exact
p5-primary-large	primary	0	0	fuzz-large-0156	deterministic_fuzz	large_uniform	large	generated	6805f9aabb6d2ed71e8912452485623666820015b3b0373011fe368fecdf5d58	a8fd647f05f48811614b440deb91a0d1a4447148448f291e0142914d8981226d	de2834542ab864b35a175f7f61f61d3e7fe7257b965ff05e69a89549d5485619	65	236	655	ok	complete	byte8	bbf2277d49aaaf86	bbf2277d49aaaf86	1	47fe0d7eaf8e51e3	47fe0d7eaf8e51e3	1	0	L1_L2_exact
p5-primary-large	primary	0	0	fuzz-large-0157	deterministic_fuzz	large_gc_low	large	generated	a5b950c8ae1ab2d9f3cde4e2198a1e8f93be516a110cecb7eddd1690ee76ac2b	2bf1d41a5928eae4046feca363e5d315016ccf02e3a9c7a094f68393b05750db	de2e9107a06d683a11dc0767d4b3e25184164c661feaf6a4feae918beddcc68d	65	1720	2381	ok	complete	byte8	797d5d3e57a4272e	797d5d3e57a4272e	1	47fe0d7eaf8e51e3	47fe0d7eaf8e51e3	1	0	L1_L2_exact
p5-primary-large	primary	0	0	fuzz-large-0158	deterministic_fuzz	large_gc_high	large	generated	5cd5452432fcfd90eee3d3d714ac630e0744807e77a9ac28af9b16adfd8dddc5	ae1b46cf4ece3b8ae336c8abe0cbace02444a6ec89ec69e93c01ab3aa76da53c	14e71ed6627cf873d78b62cf7e95299bf414fa43da6f81c49fc4292aeb2b22f5	65	470	2204	ok	complete	byte8	dd36b5ce8c76ddce	dd36b5ce8c76ddce	1	ad2d527d2e3d75bb	ad2d527d2e3d75bb	1	0	L1_L2_exact
p5-primary-large	primary	0	0	fuzz-large-0159	deterministic_fuzz	large_repeat	large	generated	a2ac3e37485241e354d27aa7c29dae98135da417a637915883231f8a1a8dab83	35404d010c104adba7448550b41a7837a925f24e2cc27d7b52c839b5550b7c01	63786aa344953a6a070c86a9c9b6cf274c2ec8db42ae8f20f9975c7a58d0f47c	65	2444	628	ok	complete	byte8	5b828773005e0cd6	5b828773005e0cd6	1	47fe0d7eaf8e51e3	47fe0d7eaf8e51e3	1	0	L1_L2_exact
p5-primary-large	primary	0	0	fuzz-large-0160	deterministic_fuzz	large_uniform	large	generated	968a087c6490ffe86172fdbcfe7f35b23d7d849560ac1e4de34d03c878067238	0de14ed886d2dcfd6a04ccde224da708a652cf66a283d295140ec5b7c8561b20	ef7a68ea94dbc23e8581dbef4666039fbeefc48908f5146badc14b18c2387c82	65	2199	1831	ok	complete	byte8	8e7c9aacdcce070a	8e7c9aacdcce070a	1	74ada431c50f76d2	74ada431c50f76d2	1	0	L1_L2_exact
p5-primary-large	primary	0	0	fuzz-large-0161	deterministic_fuzz	large_gc_low	large	generated	9d7cad8c16fc2ab81a45ff38d0a4a004c5734cdf304ac6b5185b905e0a733cc0	fb73250606bfba4ec064ff255bc6368aadab07042f858e800e6730ee4feb2a09	cfa282d6767715a1602a46428cb812f2771a20779effb4dd3f137d99656c32aa	65	1787	1744	ok	complete	byte8	bb4cd5dbe736bc4e	bb4cd5dbe736bc4e	1	47fe0d7eaf8e51e3	47fe0d7eaf8e51e3	1	0	L1_L2_exact
p5-primary-large	primary	0	0	fuzz-large-0162	deterministic_fuzz	large_gc_high	large	generated	2bfd9a594ad55255736b0ab2812ede4dffe1490c48b251a9382e49007592cc69	cfe53582ceebd1884646c49b13d866443b8d5b74017c31bb0314921b3801c0c3	04e99121cd1ebb50d8f578482455b63515d4b7af2a5ab825a9ff89bb447b15a1	65	488	1918	ok	complete	byte8	567d664b5c0f4517	567d664b5c0f4517	1	47fe0d7eaf8e51e3	47fe0d7eaf8e51e3	1	0	L1_L2_exact
p5-primary-large	primary	0	0	fuzz-large-0163	deterministic_fuzz	large_repeat	large	generated	c5bfbdf56d6610d9d8523e2a55700ea31a5c154f7b877e5fe1639e10a8190064	5c5cb47cd0742effeeab4e7d82b00b42ded25ecc4d51bb64099b5bc6fb51f075	1637eb4e49f58d6e0859a3671cbbd8123b2673e2edc8c8b74e1f217ab501a6e4	65	730	2812	ok	complete	byte8	2a433d988ec958c2	2a433d988ec958c2	1	f054f8cbe57e7e57	f054f8cbe57e7e57	1	0	L1_L2_exact
p5-primary-large	primary	0	0	fuzz-large-0164	deterministic_fuzz	large_uniform	large	generated	c0137356dd48e5a2255d02a708d2153201d9e689de662fcf8b86919a311f460d	664dbf558e350e106c7c5c4ce054f8052ba5a08877b3eaca2f0a3cdf2dd8f47c	ee41daae9443c9d10421d03b6f9f66b612093e88ff64f143838681b90450d03e	65	84	1371	ok	complete	byte8	2e3af9bac4a5466a	2e3af9bac4a5466a	1	47fe0d7eaf8e51e3	47fe0d7eaf8e51e3	1	0	L1_L2_exact
p5-primary-large	primary	0	0	fuzz-large-0165	deterministic_fuzz	large_gc_low	large	generated	b59af3f60504e261b49a4666171bf9dcac9a2cd117961026a48d2fa977e54846	1c9d4b79bc8ecf8fdbc40ba54611f70099f01648d61354334070b602a278339d	4eab8e6accf675e43e1188d1d89ca9ca4312953f2869593dc12333bdea262296	65	1239	2607	ok	complete	byte8	7cd6ce8264982aba	7cd6ce8264982aba	1	47fe0d7eaf8e51e3	47fe0d7eaf8e51e3	1	0	L1_L2_exact
p5-primary-large	primary	0	0	fuzz-large-0166	deterministic_fuzz	large_gc_high	large	generated	f58c7401d44f460dd7f0b9f47ad7dd176999785a17056e831549f97a988b208f	704fa119b79bc3bde25b00908af7613cf39a1936c544f5abb76b25fc177b2980	db34aea66ce2e124e3fdf2794835ca6ff60bc8646d3f67d0c45797209607c317	65	667	730	ok	complete	byte8	f906115b15647e73	f906115b15647e73	1	47fe0d7eaf8e51e3	47fe0d7eaf8e51e3	1	0	L1_L2_exact
p5-primary-large	primary	0	0	fuzz-large-0167	deterministic_fuzz	large_repeat	large	generated	c15a67c011f11caf11807dcf192144c4901c863b4d7da60c4053dd0f6b97ced1	744155b29a852840ab9f05aefc1df4fd93b94644081b6a3146d38fd443a411d0	44409d1d101b33c58608493a5d19d90f08bc1d6a83e36871eaf8b34ee44b81ad	65	843	1957	ok	complete	byte8	93ba80e6cd97fd2d	93ba80e6cd97fd2d	1	294b4202b83d3457	294b4202b83d3457	1	0	L1_L2_exact
p5-primary-large	primary	0	0	fuzz-large-0168	deterministic_fuzz	large_uniform	large	generated	ee6db310e775711eda8abcabbaf370d5440c5c2dde89a8abf0e3d6d68131cb33	f12b72141fd09d2fd7d67008f851ab065cd7544d259e70546b403f331704e3b4	f0c7babb9d9cdad8dd63dde4e1ce2a2ed293ee74127d6ad46e9a4a72c283e3bb	65	2029	218	ok	complete	byte8	8d9cad355f234433	8d9cad355f234433	1	47fe0d7eaf8e51e3	47fe0d7eaf8e51e3	1	0	L1_L2_exact
p5-primary-large	primary	0	0	fuzz-large-0169	deterministic_fuzz	large_gc_low	large	generated	738993e159a86ab8369e5391b033d2c3c48ba4ec59732a6d62e008193d2140f6	4170c32ce2e071fa8605808d6ade4ee6482d436154d090344333039548150948	c5689b03193608107f994592af56e75f64ecea406ecf7df83aa0fdbfb5b4838f	65	411	704	ok	complete	byte8	f7fdd469d4410264	f7fdd469d4410264	1	47fe0d7eaf8e51e3	47fe0d7eaf8e51e3	1	0	L1_L2_exact
p5-primary-large	primary	0	0	fuzz-large-0170	deterministic_fuzz	large_gc_high	large	generated	f09b00761da13c2d803e9730e968faa0d78b78a0c518c04ebf85399617a6c68c	ba6c59d5445d7b874de8102c88699f0629c7459dda577a311b9cc58078088985	2a4b07780d7069644e2c8f6912e8829b36b6ec94ff52999e6c63f3f187600ca0	65	2223	2636	ok	complete	byte8	c340dd36de6c3512	c340dd36de6c3512	1	47fe0d7eaf8e51e3	47fe0d7eaf8e51e3	1	0	L1_L2_exact
p5-primary-large	primary	0	0	fuzz-large-0171	deterministic_fuzz	large_repeat	large	generated	2d5b3d97a689a2a9aa9b9f8ed4b30916a8876e15a1143e6c87d05609fcdb8ccf	d20e0d162392f0b6df6288f0a945ec093e51c069e7fb49eaf9c754ca14be49ba	057d253e2e0c8ee5e54df746e14a582cf5a3bf29ed90d66712677d305c2dfcd1	65	2196	1213	ok	complete	byte8	bda177a05b8105c2	bda177a05b8105c2	1	47fe0d7eaf8e51e3	47fe0d7eaf8e51e3	1	0	L1_L2_exact
p5-primary-large	primary	0	0	fuzz-large-0172	deterministic_fuzz	large_uniform	large	generated	0588cf402591dbadd147c7236a0f51826f8b629886887b611adc2713ec43f677	279b43f903781e590ea983f3799b0b4a362ed7c240980554c62681225d49ca76	c711ab52956d43362e83ba4b72003c6464f387a9facd7ce006192acbe8243e24	65	405	1983	ok	complete	byte8	3a1b47684beb5a03	3a1b47684beb5a03	1	8a8241a88ef04c77	8a8241a88ef04c77	1	0	L1_L2_exact
p5-primary-large	primary	0	0	fuzz-large-0173	deterministic_fuzz	large_gc_low	large	generated	c96b1413b430c3a5cdf931d18450de81c6044005a4519a9b69d226561ed07a1f	7312c84c8ebfa6b2d16b5c7419fde3091415a1aad643142912298e60e879b7de	5f38b2b1cc49364801f48161b6f0015910e3c99ab0a9e2087b74b4f6f8754be3	65	2766	2772	ok	complete	byte8	27d1c0656d9422c8	27d1c0656d9422c8	1	47fe0d7eaf8e51e3	47fe0d7eaf8e51e3	1	0	L1_L2_exact
p5-primary-large	primary	0	0	fuzz-large-0174	deterministic_fuzz	large_gc_high	large	generated	a4d5244b89a14345506bc7d8509b0201c4230194acd93903724d76aec71ed973	07128654b57a6e866b33eaebf0e1241ab82b45b845b44b69bfad0506e44d0803	7e15402c334e2be654d82cfe9b423944adf59ca98eb660287f111ed6cd8fbbb0	65	628	1013	ok	complete	byte8	b1ed6e633cfdbd7b	b1ed6e633cfdbd7b	1	47fe0d7eaf8e51e3	47fe0d7eaf8e51e3	1	0	L1_L2_exact
p5-primary-large	primary	0	0	fuzz-large-0175	deterministic_fuzz	large_repeat	large	generated	20a88bde97c96b6554d35c7d06ada75e7ce9b1a64aa46668e880d4daa25e691b	238df2a4e845cc894b2aa16f8275d84afab2c930dde3033b4baebf5621872472	3f97982088a7f3ff54e5b557373e73d90f488e22f0ac3dcbaff4803bff11ccf5	65	2173	2439	ok	complete	byte8	b53a17bc2252ba2d	b53a17bc2252ba2d	1	9adb8b8af9cb6fc4	9adb8b8af9cb6fc4	1	0	L1_L2_exact
p5-primary-large	primary	0	0	fuzz-large-0176	deterministic_fuzz	large_uniform	large	generated	b3fe87991b32c94c8a244ccfb814ed241211dbd6da119248bea9c9c1da7fc1b3	2d6b67975f4c905931496da5f1c0af3f2f7dcbba3e35b376e3109d7810bbe9da	8eb41f02b8c246b97d2d90de950123a7525ba33d637f6e640cefb8b838bcb710	65	932	2690	ok	complete	byte8	fc0734c5c01b879a	fc0734c5c01b879a	1	2a65acbaf86c1f02	2a65acbaf86c1f02	1	0	L1_L2_exact
p5-primary-large	primary	0	0	fuzz-large-0177	deterministic_fuzz	large_gc_low	large	generated	9748abce395ec42e13e18e90491aa3c322a34bd7e8b690f3f7612935001b0942	e8077dd575f86f741ae8e8691becd358c39fd8c5bbf8aa05d2dc9c2dc189ab58	9a4baefb0aa9192d271d4b1097d19622b096b7530d69e6ee11c5c6984b9f9da8	65	2338	918	ok	complete	byte8	ca4309b9f1e5770c	ca4309b9f1e5770c	1	47fe0d7eaf8e51e3	47fe0d7eaf8e51e3	1	0	L1_L2_exact
p5-primary-large	primary	0	0	fuzz-large-0178	deterministic_fuzz	large_gc_high	large	generated	b4f34f65e7f99858da38495391877bc625fe11bc4551f7f6585c769fc49a2a0f	80fd28d5f6554891383b70ffa12d1dcae7d7e06e5ec00a5add8c406ac3fa2fbe	bd6880792139c8b78ffec260dbb1a7833cf8e522ea4b48c0ba97d87de5a33fd4	65	2483	1379	ok	complete	byte8	0abb2429a3226c07	0abb2429a3226c07	1	47fe0d7eaf8e51e3	47fe0d7eaf8e51e3	1	0	L1_L2_exact
p5-primary-large	primary	0	0	fuzz-large-0179	deterministic_fuzz	large_repeat	large	generated	a5d07720d4a0b85827e067555d3553a464987273f01facec231e5991c2ec426f	7f4905ba728431108d2a12516a1d47caff30a9766302e49c0663e828c91775d3	a4bcd91eb3c474fa80879f1d2ca298f9e906ddf1e26e5c00611191efa6c45049	65	763	2812	ok	complete	byte8	e72bcfaf966b743b	e72bcfaf966b743b	1	47fe0d7eaf8e51e3	47fe0d7eaf8e51e3	1	0	L1_L2_exact
p5-primary-large	primary	0	0	fuzz-large-0180	deterministic_fuzz	large_uniform	large	generated	3986847e2b1d6fdab1327d00cd469222afe196c9900443924eb509892aa1585b	5581a03ab388a97b09be9757071ec30c5fcbe0b3df4d78de8b19ba889b400e3d	1e4fd4816b257e599e0cf944c37bf06cc00318868c3cb64b3234638e1b5f9dca	65	1722	2398	ok	complete	byte8	7e2e44e98bdd4c66	7e2e44e98bdd4c66	1	b7b71f18caea2424	b7b71f18caea2424	1	0	L1_L2_exact
p5-primary-large	primary	0	0	fuzz-large-0181	deterministic_fuzz	large_gc_low	large	generated	fc62618369f93050cc409cadd17dabdcb823427bdded870aeb9e9323e641a8ef	c6de14998d117f662999ae6316b3021356fa6cb17eb6b5bd10dea45d02da3410	6e7e57c0ea591c88db261ce11c244c2a5c295ee7a9342dbe157db32d87118271	65	2360	1602	ok	complete	byte8	01e5380be0e353e6	01e5380be0e353e6	1	47fe0d7eaf8e51e3	47fe0d7eaf8e51e3	1	0	L1_L2_exact
p5-primary-large	primary	0	0	fuzz-large-0182	deterministic_fuzz	large_gc_high	large	generated	fccc9081dbf5ab3d17cc77befbae6753e2b302b58ecd70829cef8e309312931e	9c48902b825cbbccb043f6df3d1e3680acd53b10d2335279a8e6f26250185200	e7e7177e12eb01f37707efd7c41bfc4c9333c705dd1ecc2f34a5f6697ea3f2d8	65	1405	524	ok	complete	byte8	e85534c779489c6e	e85534c779489c6e	1	47fe0d7eaf8e51e3	47fe0d7eaf8e51e3	1	0	L1_L2_exact
p5-primary-large	primary	0	0	fuzz-large-0183	deterministic_fuzz	large_repeat	large	generated	0c3be467112c6779ccd341126f4a05f7cd7e851590806ba1a23649ed506a5324	4573849d324dfd897b89edba89fc17fea2c5de3bdace2a569eee082b5aed2cce	8fdde4574e1d1c1810c601f413c2a00c0f744021da1d05af7fe11f2c54c503c9	65	2542	1373	ok	complete	byte8	0a84b8e002c817e5	0a84b8e002c817e5	1	47fe0d7eaf8e51e3	47fe0d7eaf8e51e3	1	0	L1_L2_exact
p5-primary-large	primary	0	0	fuzz-large-0184	deterministic_fuzz	large_uniform	large	generated	798cf686075db82b856d2436c5c7d502565c66019b7cd8ac48ed2ef02e9b98b0	27f335b80f67d67bae175740a57872b89c268c3b2fa05b54dffc201112b4f297	a42ff3b982db042729a68bcb48d09d7c90417918b9548e2fd946a9475f442ec6	65	1715	2428	ok	complete	byte8	7cc8f83038916654	7cc8f83038916654	1	d3e0365896a15150	d3e0365896a15150	1	0	L1_L2_exact
p5-primary-large	primary	0	0	fuzz-large-0185	deterministic_fuzz	large_gc_low	large	generated	0f7e97af1d2f5498110a9dd78e27cd64aff4e33aa0f13707f04523e6a2150a47	6c4b8cc19dd33c535be38dfdfaa38950e28380f39ef0edd178c75f23701ad7f0	cb7556bc2f1e6054d4c7d65c6d7fcbc198d6aed5297be9326314892335290648	65	2127	1800	ok	complete	byte8	f7eda93a67afdbe8	f7eda93a67afdbe8	1	47fe0d7eaf8e51e3	47fe0d7eaf8e51e3	1	0	L1_L2_exact
p5-primary-large	primary	0	0	fuzz-large-0186	deterministic_fuzz	large_gc_high	large	generated	327016073f0548da2662837e44825a7c67840811eef2565d9c54d5bcd5ad63fe	f4f75d2fb71a384e927c6b0ede0b8f657ea5178c6349495952e8f07b8c96e9bf	551de13ef67d18b4a446ad883bdc357aad35e5eecacbb6ff8a2cb1fbac23b95b	65	2540	1240	ok	complete	byte8	17fdb0410d55ae7b	17fdb0410d55ae7b	1	47fe0d7eaf8e51e3	47fe0d7eaf8e51e3	1	0	L1_L2_exact
p5-primary-large	primary	0	0	fuzz-large-0187	deterministic_fuzz	large_repeat	large	generated	61f7cafd8ea2d8cc1d1b6c4df4042a7c35f086c17982622787bba0c648c074fe	89ea568a212b2891dc43b3415350edf03b69e662a2682d115f3b0649f7943490	c9072d04b3e871b901a5372a1296172d84a12917a0ceec365dce58974c3c81e2	65	2740	714	ok	complete	byte8	c57e95010599ad43	c57e95010599ad43	1	47fe0d7eaf8e51e3	47fe0d7eaf8e51e3	1	0	L1_L2_exact
p5-primary-large	primary	0	0	fuzz-large-0188	deterministic_fuzz	large_uniform	large	generated	d33f2d71568614f504ff5c71daec0612df759a5c505bf1f7a26c37e57d288939	9619968606fcde5c20b6cfc3273c4d6b24f794b6604e3e4439dcb2df402a6996	0530ffa979b928c57d13f12c606a203324c0bb95f556a745eb9532f590e6fe33	65	954	1285	ok	complete	byte8	ec50cc150625a27e	ec50cc150625a27e	1	25b18512d901da99	25b18512d901da99	1	0	L1_L2_exact
p5-primary-large	primary	0	0	fuzz-large-0189	deterministic_fuzz	large_gc_low	large	generated	7d719284196070600f52015c1cb215f6efd3d229f852f03055ab33464c092bb6	00f24106da15eb8a2f6874c136c4a662f5ce49c1c0406a2c050c19333fd318b2	ef6c7d5cf24ac6c30615ee4216003a78e782316a809f3fd4fb652856b069d85a	65	1508	1065	ok	complete	byte8	275592fb85388b66	275592fb85388b66	1	47fe0d7eaf8e51e3	47fe0d7eaf8e51e3	1	0	L1_L2_exact
p5-primary-large	primary	0	0	fuzz-large-0190	deterministic_fuzz	large_gc_high	large	generated	ff2d05a9377514c40f320c66beb1d5c3331c53fe0f07e0a700fb0fc755ef78ca	18665bcc27d6097b61081f75f645df83f1687c8eda9accbebe253fc0aed3c257	61e03b2352a628a6dca036d93e79c5eaad09fdddab0ba6eb3e20b9d3486bf67b	65	1502	2471	ok	complete	byte8	0fb98eac59b6fe19	0fb98eac59b6fe19	1	47fe0d7eaf8e51e3	47fe0d7eaf8e51e3	1	0	L1_L2_exact
p5-primary-large	primary	0	0	fuzz-large-0191	deterministic_fuzz	large_repeat	large	generated	64d40cd24992b23e8333a72d9ed0801d027948b5f2c953ad3d91be2609f7bf80	a06a3dfde475a3cbefc56d3969759f93e44a716abca1f1f1e3b51f0c2a7e0598	794ab92265a6358aae103139b151ca2143035bc0c726df6405258fdf7d2d02b9	65	415	1847	ok	complete	byte8	14fe3a432d4b8a32	14fe3a432d4b8a32	1	47fe0d7eaf8e51e3	47fe0d7eaf8e51e3	1	0	L1_L2_exact
p5-primary-large	primary	0	0	fuzz-large-0192	deterministic_fuzz	large_uniform	large	generated	1f6369fe83c24b40ac56a96903356f80743a1bc901be963eb15db09e37ce3acb	0a9ad1b81b6d17261d00bad4e86e28da902d1c4e0b964d50d0a5dd96c67b434f	47f7a3647205aee882a0ae5b372d91b7966b1ab3b7b636d9be6a9ebd41d86847	65	407	1516	ok	complete	byte8	774e0839276c24e4	774e0839276c24e4	1	47fe0d7eaf8e51e3	47fe0d7eaf8e51e3	1	0	L1_L2_exact
p5-primary-large	primary	0	0	fuzz-large-0193	deterministic_fuzz	large_gc_low	large	generated	e8c8bf8920f12d6e226a7b5545f51be24270e96e2614c3c7ea698de0e06c57d7	687173eeab2819a150de3c4cc30e7a43115e5f93d93445e530d4375d3b3da99b	a38e422526aded664612a6d98a909739625343a755193d387ba0fe9e35407c73	65	892	2648	ok	complete	byte8	753e57d8d56cbb38	753e57d8d56cbb38	1	47fe0d7eaf8e51e3	47fe0d7eaf8e51e3	1	0	L1_L2_exact
p5-primary-large	primary	0	0	fuzz-large-0194	deterministic_fuzz	large_gc_high	large	generated	34cf5193b55c518d1bfc4d5d67f2677542c0110397f5d60af1d1f9fb0634def9	b9997c63b9497ae12850321d993bf3e0be058c9114afdbd0ed2e9ce9bc194959	4191b12a000496b3490dbd55593a4ebd38c711d206a7193dff30f669429c395b	65	2373	2684	ok	complete	byte8	b007a7cc5cb1e097	b007a7cc5cb1e097	1	976fa6b440859848	976fa6b440859848	1	0	L1_L2_exact
p5-primary-large	primary	0	0	fuzz-large-0195	deterministic_fuzz	large_repeat	large	generated	42a7ba00d3ddc7f63877ace3af797fb00c9961189d66f4a81e75ebae987993a8	6d90255310272bbb920dea443be6aa0039e818ab820f776244fd9fc1770063be	27da64b0f0997a658ce0bdcecf0eb21accdb7bb35e677fb9fdc68eec6d30d316	65	1083	260	ok	complete	byte8	fe322ae4d1e51c04	fe322ae4d1e51c04	1	47fe0d7eaf8e51e3	47fe0d7eaf8e51e3	1	0	L1_L2_exact
p5-primary-large	primary	0	0	fuzz-large-0196	deterministic_fuzz	large_uniform	large	generated	ead4a0bd1dd81d338560fc6c3766162f5f6382d0b6d68c1c886d9849a5f369c2	ecc66bb90390a101187cf6dcdb96c0a968474ea26eb84dc53547c3e60e4e20ad	a386cafb2fee772feb01000bfcfa78d3ef0efadfa4ff6f132c93fd510de2869d	65	1088	2441	ok	complete	byte8	903c594b5e5086cb	903c594b5e5086cb	1	f8c8541bc863eb21	f8c8541bc863eb21	1	0	L1_L2_exact
p5-primary-large	primary	0	0	fuzz-large-0197	deterministic_fuzz	large_gc_low	large	generated	7d7d96c7e7eccd891a9f2be6b0079bc7c9914f8a39abba1795de2b323217db3b	ce055eb3ed4e11d0582114edd04f36c8fdd18ab8a6191a98ccbc52884acb66cd	5b12846a91748e33147f3b883785cc73aba538bc89e59409a65203160a2b9a91	65	1839	1549	ok	complete	byte8	25246f235bb90111	25246f235bb90111	1	47fe0d7eaf8e51e3	47fe0d7eaf8e51e3	1	0	L1_L2_exact
p5-primary-large	primary	0	0	fuzz-large-0198	deterministic_fuzz	large_gc_high	large	generated	6ec278726261497bf5b535cfbd203f3cc134dc132646a04875b396d572d0a45f	a66d97cacb4bd72461e66fd166410d90f66033d8ca6e4d9ff9426fe851b3bb0d	780d24428a2fd5316ecd945f24b2b4cda6c04bfad6570ec6c6240b9f7984ec28	65	811	2773	ok	complete	byte8	8a64ee79d0e3dc8a	8a64ee79d0e3dc8a	1	47fe0d7eaf8e51e3	47fe0d7eaf8e51e3	1	0	L1_L2_exact
p5-primary-large	primary	0	0	fuzz-large-0199	deterministic_fuzz	large_repeat	large	generated	d626b44ab3b459c7b227a284aedd0571e3cc648b96fb77b6d2121cd66641daca	b18edda9526de03e951794f1ade229a4f81e183b52c4acb3c831905fdae78f9e	2565bc067deb9c4babb176b950deed279160c574c6c5c446c86210cd02cf4b2c	65	1507	124	ok	complete	byte8	510de46da93c5b56	510de46da93c5b56	1	47fe0d7eaf8e51e3	47fe0d7eaf8e51e3	1	0	L1_L2_exact
p5-primary-large	primary	0	0	fuzz-large-0200	deterministic_fuzz	large_uniform	large	generated	c61aa46abc1225e463af5c7ba58b0ccaa2a32b9b34dc9da1f63249b89ceb3a39	797c74cb808da0572ba386dc266e8e4508d0951366acf9f96f855af97779305c	4f07b2a46dce29d6de650781a5836649b64c2a58e5f5a587356b9dde5e965724	65	1417	1812	ok	complete	byte8	eb6cafcb39153702	eb6cafcb39153702	1	f21ee047e8a70e2a	f21ee047e8a70e2a	1	0	L1_L2_exact
p5-primary-large	primary	0	0	fuzz-large-0201	deterministic_fuzz	large_gc_low	large	generated	2e331eb2fce3558497707cc136411b6544d55c4997e0ce7bc887b7d8fd6b144f	498cc958738d296a832d0738fb5f630e6bfd1916accb696375b6c714d87a956d	307ffa01d56ea9d04187b20c771ad672db9a3a8c3717f69ac2eca7042623bcd0	65	1020	844	ok	complete	byte8	50148f5222d98c6e	50148f5222d98c6e	1	47fe0d7eaf8e51e3	47fe0d7eaf8e51e3	1	0	L1_L2_exact
p5-primary-large	primary	0	0	fuzz-large-0202	deterministic_fuzz	large_gc_high	large	generated	82bb2ee8514e44884617921fd20ea6444a0f3bca9ca851bc168d5c107ef5162b	443385757f0953bb201d3a9bda10f6b6c4e26fd482b1c9b8cd79949044483c47	6d6cc90bf266fa1f71f0b2ef781fbe5ecb8ac4effc5ba506a8e1363c894a6b51	65	1622	963	ok	complete	byte8	8b5aca0d8355c9a8	8b5aca0d8355c9a8	1	b9820fbdef902ec8	b9820fbdef902ec8	1	0	L1_L2_exact
p5-primary-large	primary	0	0	fuzz-large-0203	deterministic_fuzz	large_repeat	large	generated	f4514d0991fb9a2d415d7824a602ba550951eb945818e69825b5abf66f708e44	bed26b8189cce9223d9cdcefc10ac63816c53d711f3f4192f5a8211a8dd6fe76	d649142ff51606ad1ecda1783994b60240f9ea2328eb3ff23ed2a40c419ce144	65	570	2450	ok	complete	byte8	dff2b561fdbc9a01	dff2b561fdbc9a01	1	47fe0d7eaf8e51e3	47fe0d7eaf8e51e3	1	0	L1_L2_exact
p5-primary-large	primary	0	0	fuzz-large-0204	deterministic_fuzz	large_uniform	large	generated	97bd9ee7fd08d8b06f7bdb02dd21a711c393bd4ebcabcd1a109844e0698b77df	ac63761144fd62d2d70d0544b1d8c72fa02e18862cd943598f3055748cf64fa3	fdb300bb517012771c2b7ee24fa8d7fc5beee78e52a32fc14c4854b5054d08e7	65	1719	2757	ok	complete	byte8	7f2578578fb603f8	7f2578578fb603f8	1	a7dca66140626337	a7dca66140626337	1	0	L1_L2_exact
p5-primary-large	primary	0	0	fuzz-large-0205	deterministic_fuzz	large_gc_low	large	generated	5b4231e349ab931a676b4a5cd58e700fdea5c8f31784574ec286a3d04fbad279	306d168c82aad58c40374251992ae6f31ccd1652256de767d38dba2792afe6b1	154a0de274157a5bb3227c03726c7bfefa0041a742fc080dacee44c96696c5d2	65	933	265	ok	complete	byte8	63919b4db0baff31	63919b4db0baff31	1	47fe0d7eaf8e51e3	47fe0d7eaf8e51e3	1	0	L1_L2_exact
p5-primary-large	primary	0	0	fuzz-large-0206	deterministic_fuzz	large_gc_high	large	generated	2d81cde13b1882bd52f7e11382576a0c131b4c984a13e16f88ae4e6d0d32cf98	0b7fbb678a708de5503becfb97f6b29a3f1d696594cfe092147f7a9818e783be	2c8be8c08c24cc443367337ed18b62836d5ae43757ec32dbccea1b0431e76622	65	702	468	ok	complete	byte8	365269440024e971	365269440024e971	1	47fe0d7eaf8e51e3	47fe0d7eaf8e51e3	1	0	L1_L2_exact
p5-primary-large	primary	0	0	fuzz-large-0207	deterministic_fuzz	large_repeat	large	generated	547e8270fe75be6aab7482aa6b69b8ef2dadadb5b860830a2dd7f5db093541cd	b841049f6673b241d80184275dd9dcb86454b90d8b4220437dff636a3eff2b42	ceafd97f5fbf94f7b3ca60b12366a16d11140fac1d811ed0dd86354fcc6a7c6d	65	1183	1965	ok	complete	byte8	757d4046ddaf8c26	757d4046ddaf8c26	1	47fe0d7eaf8e51e3	47fe0d7eaf8e51e3	1	0	L1_L2_exact
p5-primary-large	primary	0	0	fuzz-large-0208	deterministic_fuzz	large_uniform	large	generated	e9ea674d8b38f6e5d291acdc402472b56036835597f111037b32f5439ae65b94	18ad1bff9d850ed73bd48ac08769a36c0e43cc217c7062c0288c10660c71ee50	a3a993c73dd4acf6950b3a0d23fa8b500309abf16d8592c5920b8f39d37aa5d8	65	931	1531	ok	complete	byte8	433c25fbdec7b625	433c25fbdec7b625	1	47fe0d7eaf8e51e3	47fe0d7eaf8e51e3	1	0	L1_L2_exact
p5-primary-large	primary	0	0	fuzz-large-0209	deterministic_fuzz	large_gc_low	large	generated	1e0fb6530c367a43514e33d1946e5fadbc01fb8aea71e6bf3a29c7dc553fcd32	23f61371a87cd50ca4f7faae926438ceffdc3f3264d09768b6446eec0894bab0	4c40a0dc0dd77bd572a6819cb99851198aa9be98a93eaeba7090fb490b159c7c	65	478	1614	ok	complete	byte8	fd60e91658ad0442	fd60e91658ad0442	1	47fe0d7eaf8e51e3	47fe0d7eaf8e51e3	1	0	L1_L2_exact
p5-primary-large	primary	0	0	fuzz-large-0210	deterministic_fuzz	large_gc_high	large	generated	526d830468e5503db81ece42c35eb22207d75710b70f35c518128109ad753c4c	196a6f580fce5d115258d4ef1af145878335962b2a2e56b1c39f37e43484d8a0	d8dfe6738beeed3884654e7d3241f9d7dcbffe17c7f72e96439b4c4529cfa07d	65	2638	671	ok	complete	byte8	2cf34ceb32407ff1	2cf34ceb32407ff1	1	47fe0d7eaf8e51e3	47fe0d7eaf8e51e3	1	0	L1_L2_exact
p5-primary-large	primary	0	0	fuzz-large-0211	deterministic_fuzz	large_repeat	large	generated	13522420c38fd1f0302a6a1689bca4d719ce75da253e36634cac5713fe51c9df	6761f4057714fdcd083b143aa7f91d84356994202f4a2193c50e652f8ef2e6b8	d5b0b6d78dc788a39be025728225695bde252f1d066a7e3263455c2e004a05ff	65	1364	2752	ok	complete	byte8	b31279b859d0bee0	b31279b859d0bee0	1	47fe0d7eaf8e51e3	47fe0d7eaf8e51e3	1	0	L1_L2_exact
p5-primary-large	primary	0	0	fuzz-large-0212	deterministic_fuzz	large_uniform	large	generated	4cbcd180b36df24f79079eb91e32fb2d4b0922fdf4882683b33d89740b4433a3	b57e7a4f1a7284c75cf3b167c5acf5b1aad3e3a7426292c294417f25cc96e918	7cf78153b1efa160eda9254e836326487cf2e3822c213bbd70856119707b912a	65	189	968	ok	complete	byte8	b2dba2384c4999b4	b2dba2384c4999b4	1	47fe0d7eaf8e51e3	47fe0d7eaf8e51e3	1	0	L1_L2_exact
p5-primary-large	primary	0	0	fuzz-large-0213	deterministic_fuzz	large_gc_low	large	generated	41ac41c10d63676e5723ed84d290bbe9351eb0f2781393c5122db6aafa8b18cd	64f6e4a99d4ac2116487f7fcaebe613ac0a6d2ecb7facfa333246a6c4a9dd637	290d2edb02973b23cc7823afdd6142aa3dbef2a837ed7bf11a9e2ec60324f1e6	65	1051	2434	ok	complete	byte8	e59bdae0e8994f85	e59bdae0e8994f85	1	47fe0d7eaf8e51e3	47fe0d7eaf8e51e3	1	0	L1_L2_exact
p5-primary-large	primary	0	0	fuzz-large-0214	deterministic_fuzz	large_gc_high	large	generated	974848d294530c74545c4feecaf9c296fb875f5c79af322fbe4392afd7e682ac	ab85766a60b25053402f7f73764f2e2276aae0303c0945c02c9b83baf7d4eb0a	62e2eed72633f4fd767f7beaac5f6e8825bf3c70363e81d28d0fc97e5ae45423	65	2103	599	ok	complete	byte8	4490553488db5611	4490553488db5611	1	47fe0d7eaf8e51e3	47fe0d7eaf8e51e3	1	0	L1_L2_exact
p5-primary-large	primary	0	0	fuzz-large-0215	deterministic_fuzz	large_repeat	large	generated	f012dea0a47959fe7a2545fd05834bab902c52cdc813875524eb7069bb7c2c33	a1ba028704e3aacaa4ecdbeb16ad4b7d5f69b3b00fee045792690ce207659c04	bc1db0b9a87377499b28e82b803e007070510d7edd1f352c298c368fa267a71f	65	2289	1716	ok	complete	byte8	77215d67d73e40b8	77215d67d73e40b8	1	47fe0d7eaf8e51e3	47fe0d7eaf8e51e3	1	0	L1_L2_exact
p5-primary-large	primary	0	0	fuzz-large-0216	deterministic_fuzz	large_uniform	large	generated	6714d2436590dc0d3b98fcad2c5edd097172d61c3dd36dcfbdd99b6ad86360cd	635f99cf3ca68373138b2355a5b4090587b8f8f2f93ccc0cf398f64f8a5cd57b	dd103eada4746df4770514f6df1beba7f1cca665d9ce6d65b501a6e109a0610d	65	96	297	ok	complete	byte8	bbe2bc40e4f9e322	bbe2bc40e4f9e322	1	47fe0d7eaf8e51e3	47fe0d7eaf8e51e3	1	0	L1_L2_exact
p5-primary-large	primary	0	0	fuzz-large-0217	deterministic_fuzz	large_gc_low	large	generated	b19433e414b4a9f894d4b8163ca77dbbd0f53691bc8c554bff5f9c34daccfd00	d4fe6fbbe23d57f531822f01438bb84b7f956c255f3940a1f4139d3215ca983c	8d0feacb03d41a8bc2e94ec590657511cc851c6b9717b72e5868b32c2a89ec8b	65	405	534	ok	complete	byte8	638994fb5c7196ab	638994fb5c7196ab	1	47fe0d7eaf8e51e3	47fe0d7eaf8e51e3	1	0	L1_L2_exact
p5-primary-large	primary	0	0	fuzz-large-0218	deterministic_fuzz	large_gc_high	large	generated	1f7597d570a8823e56d3fd2e075425729079bb55979578444db4a8c2c8e29175	c520b413ae995ca76dbc66487cc71d73d12c097ca64d6d2f2d995dbb699192a7	a736335cf920b04cb652ae32e6e689c0d833c923b3c035f22febd2edc5a397c7	65	2736	2630	ok	complete	byte8	67b912d72c2b7f58	67b912d72c2b7f58	1	ff96f53841b08d43	ff96f53841b08d43	1	0	L1_L2_exact
p5-primary-large	primary	0	0	fuzz-large-0219	deterministic_fuzz	large_repeat	large	generated	ad5c37388ee94cdd6f68c36cffc72583cdfe3f9ed25ec8b19edeff50fba30462	04a64628af18e9b1c72c9bdd7b8a0f2f5f3415329902b5d3ac3549b0dce3ebc7	4dbb7e12f4cbdcf1089f61929a7171717a2cf88581ac76679373a4e1fdb49bda	65	128	2393	ok	complete	byte8	9349cf8c74c6a780	9349cf8c74c6a780	1	47fe0d7eaf8e51e3	47fe0d7eaf8e51e3	1	0	L1_L2_exact
p5-primary-large	primary	0	0	fuzz-large-0220	deterministic_fuzz	large_uniform	large	generated	5b55928de704179fcc04ac311c8da37ceb98f905e6aae9b8519df1f23cb877ed	65714aa28bea0f9ad3e4e0b08d13901e419817103850b3bccd07767864c12037	0b67698ff28854e49a1e8c9863c91c7fe0afc8f0411e1805e14782d878960c78	65	323	1759	ok	complete	byte8	9f7533af24521160	9f7533af24521160	1	6f59d578d9ec2d0f	6f59d578d9ec2d0f	1	0	L1_L2_exact
p5-primary-large	primary	0	0	fuzz-large-0221	deterministic_fuzz	large_gc_low	large	generated	12f34868acaf7eb487c272c282c1dae6c322ccc0e03fe15cbfc4eaf6d35a33be	0bb50ea50e23a100508e53f3dac7a86b44094c0bde676d395dee00c7718aef24	05c6b06d0e274ea0d2ef20fb6a658127e6f99c47354fed4d4ced98a042e41280	65	2594	2034	ok	complete	byte8	a1557bcfdf1c6134	a1557bcfdf1c6134	1	47fe0d7eaf8e51e3	47fe0d7eaf8e51e3	1	0	L1_L2_exact
p5-primary-large	primary	0	0	fuzz-large-0222	deterministic_fuzz	large_gc_high	large	generated	08ce03c2c6f4498f732c55cf3affda198a346b54e4e7854b1c429a26543ebd05	c332dcc5ce35f2e363252156ba34ad166353ea8595e94029e72e725303d0cf84	1b3bb26ee3c168694eefc41e5313b6da7a569b59823e95bad141546a5a8fef55	65	218	2524	ok	complete	byte8	7aad19727625b02f	7aad19727625b02f	1	47fe0d7eaf8e51e3	47fe0d7eaf8e51e3	1	0	L1_L2_exact
p5-primary-large	primary	0	0	fuzz-large-0223	deterministic_fuzz	large_repeat	large	generated	59151a055dd764c301df67f7865fdd5627b9038c6f6e4936a6957ad758cdd4a8	5ce450edce48d19039fa020b78cb26c4f231fc06d7ea0f07b9fb33e2d37308b6	f120077b0b5a8320dbc683d65373af9b37685332f50a0a5c77ab368e2520ac1d	65	1281	374	ok	complete	byte8	e3d9c3cb83f8cbce	e3d9c3cb83f8cbce	1	47fe0d7eaf8e51e3	47fe0d7eaf8e51e3	1	0	L1_L2_exact
p5-primary-large	primary	0	0	fuzz-large-0224	deterministic_fuzz	large_uniform	large	generated	f419007f2ad5cdda1a4ace2eeb418e287c3a6c4fc55a7500bfab9324d43177af	c87947185f0f5c8bf5c1eeeb3bdcaf0c4d62d9ab80f035ba12facc43d9fe0250	ff52ae433d1e0508ea3265f328b40d0b6034c06b291d52e4f747a9c09c85f695	65	2318	1504	ok	complete	byte8	553083e2828fe52f	553083e2828fe52f	1	8b19d6ea0973068c	8b19d6ea0973068c	1	0	L1_L2_exact
p5-primary-large	primary	0	0	fuzz-large-0225	deterministic_fuzz	large_gc_low	large	generated	fa5e5b632b3664df08842300bec5c5a63af401c2651866ba63fa92e0f4b2752d	7bb5d233af2783868f41e8e42bfdfa2dd03e82573a5be37fadee72b6d74008c9	ca525c0bcd043cca23be2b36c79660616456767334805a34804c2f87be45792a	65	2060	1095	ok	complete	byte8	d084bbb5fd423ca2	d084bbb5fd423ca2	1	47fe0d7eaf8e51e3	47fe0d7eaf8e51e3	1	0	L1_L2_exact
p5-primary-large	primary	0	0	fuzz-large-0226	deterministic_fuzz	large_gc_high	large	generated	f4822d9083ca96206bfc4cc1c9aa29bbd38e9bdb692360031f504f6dccc395bd	af5c0cc7d19b8253679f70c8a0646a50f3b89657825d45503a32a93f5bc1446f	c5ea9db5277715f11ae913fdf9fdb960fbb165365b688d33f7da1fefe6c7fa8b	65	2764	1220	ok	complete	byte8	664cf3d4e3cabef8	664cf3d4e3cabef8	1	47fe0d7eaf8e51e3	47fe0d7eaf8e51e3	1	0	L1_L2_exact
p5-primary-large	primary	0	0	fuzz-large-0227	deterministic_fuzz	large_repeat	large	generated	01f7f4346bc62ce4415946fd6ae56758ee27f5bdc8a92c6c9938faae50a00cb0	70975a3c75cc9a7901051eb44947eabe2d855da78c2ac7a861527e483ebd07b6	fde51149893195cda17af8ee3f06d609cb916982b46aa1dff15da05cd26c8e28	65	560	2146	ok	complete	byte8	868d4d1d8c016855	868d4d1d8c016855	1	47fe0d7eaf8e51e3	47fe0d7eaf8e51e3	1	0	L1_L2_exact
p5-primary-large	primary	0	0	fuzz-large-0228	deterministic_fuzz	large_uniform	large	generated	29b27caa6501cba802ffcbea3cfd0568d39cd79be07ce932a245bbe34fe1d966	20a0052112fa92502d76ec9525cb58b6a7718480122e4451a755966c5fd8135c	9624b2d652e90ce3de999d2418359ed5579b86055f958b8b632acbd6050d1aa6	65	655	469	ok	complete	byte8	e6932e1d082a1c16	e6932e1d082a1c16	1	47fe0d7eaf8e51e3	47fe0d7eaf8e51e3	1	0	L1_L2_exact
p5-primary-large	primary	0	0	fuzz-large-0229	deterministic_fuzz	large_gc_low	large	generated	72fe4801d3c40c8ff49ef7a59e2bf5918e987d01f12a6fddeb54b565f3ad87d5	a89a1dd2933de8eb060fa6329771b25361d093c92e469abdc97f9839afef35a8	a9ef15deaeabfff2c635db37c219ba65dc9423b73119512c3ab242ebc0ed1385	65	77	1925	ok	complete	byte8	8a599af373b4bfda	8a599af373b4bfda	1	47fe0d7eaf8e51e3	47fe0d7eaf8e51e3	1	0	L1_L2_exact
p5-primary-large	primary	0	0	fuzz-large-0230	deterministic_fuzz	large_gc_high	large	generated	81edb8af2b686ba364b55fc12d977a61103d7279aa8003b1559d153903603957	54b64aace9e154cd3eaaa1e8c5211bd531270109d11794743b25a0248d1e90c2	69cc36e51147805da3762d4e8fc92b5d9e308aa134a56bee0dd1310013c4afd9	65	153	1397	ok	complete	byte8	c6efa449d8344c84	c6efa449d8344c84	1	47fe0d7eaf8e51e3	47fe0d7eaf8e51e3	1	0	L1_L2_exact
p5-primary-large	primary	0	0	fuzz-large-0231	deterministic_fuzz	large_repeat	large	generated	0d9c752a48aa0ddf2209c57f7da4179028d256d24ca706a1a499a1798ba13258	93c638ba47d948b63453cb508c9c58728777a1b07fe6d7a1aba9825ee69d090e	693bed26a21f0eb6d41266271b8cb132d9514c9cc6da748909492f27206a5b61	65	350	1635	ok	complete	byte8	1a2ec0437c26185a	1a2ec0437c26185a	1	47fe0d7eaf8e51e3	47fe0d7eaf8e51e3	1	0	L1_L2_exact
p5-primary-large	primary	0	0	fuzz-large-0232	deterministic_fuzz	large_uniform	large	generated	db117d4077fa075e87a12677e5994dee232bdfc75e25c14a994057c02dad586f	c4d7dc11c107a70e38bb0746002b5f62c7a716c81bd02e49c455e5006f6c2b09	bd27171f7069f6b8b5789a9a86e973f235901ed417b5f185a09b5e88121617cf	65	110	2653	ok	complete	byte8	76de91bc41aa7c1e	76de91bc41aa7c1e	1	47fe0d7eaf8e51e3	47fe0d7eaf8e51e3	1	0	L1_L2_exact
p5-primary-large	primary	0	0	fuzz-large-0233	deterministic_fuzz	large_gc_low	large	generated	1397c7e3b7e20e93d1af6622376bec5c1b13488f292685006ab87e122fd50920	fa9600e404ff6f1650213b9a1b5807e5bbe30d3bd93bef0d8eb5d6b12c3261c9	cfcdf2dfeacd802d055a9efce9de0363204b5e7faf92d3ce7ea8bb7e560f17d8	65	170	1772	ok	complete	byte8	7f2677d44b14aa51	7f2677d44b14aa51	1	47fe0d7eaf8e51e3	47fe0d7eaf8e51e3	1	0	L1_L2_exact
p5-primary-large	primary	0	0	fuzz-large-0234	deterministic_fuzz	large_gc_high	large	generated	e878512bfba7306b7203f35af6b357767079919710bacf0cc57cc216f54b8f1d	cbe14aae0630a70db6ba0c0c76308e98d34cac00f58d1377cce3732c1c967fa3	8ea0197f83a6d115d032b42f3165ced7d647603be6c5c1898b2a44827876d66e	65	676	2008	ok	complete	byte8	bd9fcf2b5b132285	bd9fcf2b5b132285	1	47fe0d7eaf8e51e3	47fe0d7eaf8e51e3	1	0	L1_L2_exact
p5-primary-large	primary	0	0	fuzz-large-0235	deterministic_fuzz	large_repeat	large	generated	cc92d7c12abcd764006c30fc82237bfb8ea81c5534532c66bed09680ae6d23e0	9a9367bf7c91ea61ce7cf3ff49009cdc7393c4e3681e1f6a4531a1295bdf9f1f	dcce94eac153e9111c247a056ddfc2c1acc57ea47bb7ec9248ecac2acb364033	65	1005	844	ok	complete	byte8	716c327804d1f91e	716c327804d1f91e	1	47fe0d7eaf8e51e3	47fe0d7eaf8e51e3	1	0	L1_L2_exact
p5-primary-large	primary	0	0	fuzz-large-0236	deterministic_fuzz	large_uniform	large	generated	8b447878bbc24b911e67d7715d0b2cca4571d0886c711f4b8808ff5f1bda7db6	c4515c5f124ab48398abd4890a4cefdfe8e1b7715a75775328651f4629c8af4b	90fa9b0bd4a8f53fa3c3ac04356ba47211d425789ab95392e1d5d7a0650c937e	65	1333	1795	ok	complete	byte8	abdfc9fd92a77e77	abdfc9fd92a77e77	1	132585eb107a2f12	132585eb107a2f12	1	0	L1_L2_exact
p5-primary-large	primary	0	0	fuzz-large-0237	deterministic_fuzz	large_gc_low	large	generated	12263318ca0b9fa81ccae0a7bdde8d3bbdc337f6eed8aac9df0a82f921e3f03d	cee31336759f2d36f95c8a59292bb01402f582949d4431c9511ef5a986352863	acc99c82e9506a163208ea024a9b602138a2fab3cb4b311c460344a245cb84d7	65	604	1272	ok	complete	byte8	4191c022e8b81dd0	4191c022e8b81dd0	1	47fe0d7eaf8e51e3	47fe0d7eaf8e51e3	1	0	L1_L2_exact
p5-primary-large	primary	0	0	fuzz-large-0238	deterministic_fuzz	large_gc_high	large	generated	86d7afb969e5d43cb05f041ec1b2148ac32468bb4226c2b13eb4473780969ab4	dd3ac88c96a23d192f51118ec190995348edfea04ef72cd40b0c082760be7833	3e33e929a33ac89b5967d9312cf9edb5f5f0879a38d19452be5916f3bef53955	65	2678	2037	ok	complete	byte8	e602f78a9cf65f34	e602f78a9cf65f34	1	09b29dbf26fe04b2	09b29dbf26fe04b2	1	0	L1_L2_exact
p5-primary-large	primary	0	0	fuzz-large-0239	deterministic_fuzz	large_repeat	large	generated	c02788f4691a056294f27ad356f33bf52fd6714fe34a9bcec4c20f27c51ab6a7	3e18b33e134138be1f61d7478025c1e7f4a3926a259527229b5ee88f687e6f15	662f9f5d879cb7d2556affcf01fe554d472f143d834f9d50a397f667ee2a714d	65	251	1094	ok	complete	byte8	5e5bb0c884806433	5e5bb0c884806433	1	47fe0d7eaf8e51e3	47fe0d7eaf8e51e3	1	0	L1_L2_exact
p5-primary-large	primary	0	0	fuzz-large-0240	deterministic_fuzz	large_uniform	large	generated	e8be0105077ae9ea6a78ff64a0694bbbf32ad01b6dbb4f08cde36b56da3aa7ee	bfbc8ab725f65804209883bf83aae8d8eb942d9bc99b5297ea8edbf7b5e12418	0efa3c9fe9c47e12c5e2e8361afd0be824ee9e6d1993cf4f78b8a55c4c5c01b2	65	234	2450	ok	complete	byte8	1197a2ba991f7afd	1197a2ba991f7afd	1	47fe0d7eaf8e51e3	47fe0d7eaf8e51e3	1	0	L1_L2_exact
p5-primary-large	primary	0	0	fuzz-large-0241	deterministic_fuzz	large_gc_low	large	generated	5d8eb3b6b87728ff68ae4e8991f3fc42f42ff416a992f3364403f3b7ca0b8d21	766bf0e4b49fb3f69354b6f47a3805efbbcb530f14e010f032462faa86ba36d3	8fba494521e59463c04046d01e9c221e6b88b0622ada56551cce542ceae6defb	65	2488	2501	ok	complete	byte8	1fc6b7a097b3768b	1fc6b7a097b3768b	1	47fe0d7eaf8e51e3	47fe0d7eaf8e51e3	1	0	L1_L2_exact
p5-primary-large	primary	0	0	fuzz-large-0242	deterministic_fuzz	large_gc_high	large	generated	ab963bbf8d13736858c8bde40944377801da1ce82b2176ac6fc86f6a4ff76ef5	1fec63039ff18761fc498aef3a7b0db321d7c563e24c4fb3f0e4d663d7bb459b	e9102c5af6ecf621d4e1279460e9da3eb0f5066cfaebc6eec50c9e1083525640	65	224	2762	ok	complete	byte8	c9cecec59b49d5d2	c9cecec59b49d5d2	1	d02640b7ff3825d4	d02640b7ff3825d4	1	0	L1_L2_exact
p5-primary-large	primary	0	0	fuzz-large-0243	deterministic_fuzz	large_repeat	large	generated	6700534be404bb2fd933032cb78c05f98ca8ee95534cba110793b802b1a2aea4	0f2714bbf65a1310799489dbc46c520618274416a09d3a3824cf8033ac082837	6591447075852ecfff22874f0778cb2be7ce3ec89ee478bbcd536b4d30c37fb0	65	605	2535	ok	complete	byte8	9b956139b09c6fe2	9b956139b09c6fe2	1	47fe0d7eaf8e51e3	47fe0d7eaf8e51e3	1	0	L1_L2_exact
p5-primary-large	primary	0	0	fuzz-large-0244	deterministic_fuzz	large_uniform	large	generated	fc406c01fd9b376cc94d23ac3c69c6f06fe91602360086d21541ab53d349f2cd	be379babd746c2ebd2cca4f4cbd7f1eeebbf1393cef6791d4d5d85128791d48f	428d3558dbb18e8023706ea35caf40ab3f7bd00a550ecc10d2926b5793d41dc1	65	2248	1979	ok	complete	byte8	b416a539f62d310f	b416a539f62d310f	1	376152e514fa1d28	376152e514fa1d28	1	0	L1_L2_exact
p5-primary-large	primary	0	0	fuzz-large-0245	deterministic_fuzz	large_gc_low	large	generated	b78bd5dd04f9171c711ba8e21f3ad093f006545ffa831e56a8e66d20d9127502	6f5fa6e8d7dbce6ec9b468c711052871689a66d066f15ddf710c0cc814237eb4	cf14bd0a2842a39d7b86f48ae10d125279f8835f1b9703b7111b9dc92c62d46f	65	1005	2112	ok	complete	byte8	1d2032f03a9006c2	1d2032f03a9006c2	1	47fe0d7eaf8e51e3	47fe0d7eaf8e51e3	1	0	L1_L2_exact
p5-primary-large	primary	0	0	fuzz-large-0246	deterministic_fuzz	large_gc_high	large	generated	a01a2975778acd7917ad087b1e0237753f616934aa740c8d8c4a84ed3c8a720f	23de8020e8f4224151584013b85d499d9733814068f5a179252cc0d587bf2100	662a0308accca7ce83b83ee5c135e71b6c5d098553641d34db5c6c155af5dfff	65	1724	1795	ok	complete	byte8	4dab30935f27069f	4dab30935f27069f	1	47fe0d7eaf8e51e3	47fe0d7eaf8e51e3	1	0	L1_L2_exact
p5-primary-large	primary	0	0	fuzz-large-0247	deterministic_fuzz	large_repeat	large	generated	4fc24f2126ba9421c209319bb196ab45af892784c09634b01cfc981e61541342	7aefc94eac589d8f7e7633566aae09566f86975a55dfbb1c2601ee1c7ffb8024	d42278c61bb22a6088593b76a6af78f08d226fcb143387493e383a12a81f1ae8	65	1494	1565	ok	complete	byte8	42e33f560ccd522b	42e33f560ccd522b	1	47fe0d7eaf8e51e3	47fe0d7eaf8e51e3	1	0	L1_L2_exact
p5-primary-large	primary	0	0	fuzz-large-0248	deterministic_fuzz	large_uniform	large	generated	0c0b6c138587573d8583e67f086c273824f96bcf6a2b3b47ccd39be977fc680f	ac0508afedec472485396c9cf910f983d4ceade56f415c9076f6f6159c7727c9	c824ef4ad0347f5608b30cfb6e8cf2ba214321330fd74eac16a2280723fbc9e3	65	2409	724	ok	complete	byte8	1086b05939a7b795	1086b05939a7b795	1	342f62ea2a204945	342f62ea2a204945	1	0	L1_L2_exact
p5-primary-large	primary	0	0	fuzz-large-0249	deterministic_fuzz	large_gc_low	large	generated	b9eeaf72c8b46a45260e27270f35c672e124e85c1708f973108098af19383253	47f5e4029da8872c8b70136e5cf2b7011e196b5e7b6e53cf39ef86addbfb95af	ac2558b43c2a08ec4fedcd37141ab78f38825d1ea6e151c20b02d359a217b954	65	1280	1531	ok	complete	byte8	11584c79b3dd46f5	11584c79b3dd46f5	1	47fe0d7eaf8e51e3	47fe0d7eaf8e51e3	1	0	L1_L2_exact
p5-primary-large	primary	0	0	fuzz-large-0250	deterministic_fuzz	large_gc_high	large	generated	ad64886f2168f2c7ce3248916b1f6f1d7bfb1190ea576917b111cc5617fb6328	a12f00ddba95f3d05ab38aa600a4319bb0d24936030385a28e5d0055f50a464f	ca33e7581a515e81b32a4dd5e94b74621e83268b979d59144613f7c66f5a2b87	65	229	1266	ok	complete	byte8	8568c95328b4d331	8568c95328b4d331	1	47fe0d7eaf8e51e3	47fe0d7eaf8e51e3	1	0	L1_L2_exact
p5-primary-large	primary	0	0	fuzz-large-0251	deterministic_fuzz	large_repeat	large	generated	06b92cd3f4ca29db623f2686bda91bd5b43e3b42f5df19d6556b04094184003e	8ad63aa71479aa57421e40aedc0cce761ddbdd3cb7e1d9ecff0ea110689cf3e3	a520eee839496e0d70401c18a604712a4c74cc79c9040d25f14a1b3e11499816	65	228	1081	ok	complete	byte8	0fa74fa3aa2087fb	0fa74fa3aa2087fb	1	47fe0d7eaf8e51e3	47fe0d7eaf8e51e3	1	0	L1_L2_exact
p5-primary-large	primary	0	0	fuzz-large-0252	deterministic_fuzz	large_uniform	large	generated	38758afdf5fb8053fdcbb276fd08fb1460647617b0db45bcc33b4148db311c70	25b95d51ddc7ae277788b59cca12c0fbb8d45237f34cd34049c82fbc4508456b	2823f07256eeae57336802c62d08a6779ea73673fb26ad7b3b866e78c23b2132	65	688	417	ok	complete	byte8	5253d1e8fa815e74	5253d1e8fa815e74	1	47fe0d7eaf8e51e3	47fe0d7eaf8e51e3	1	0	L1_L2_exact
p5-primary-large	primary	0	0	fuzz-large-0253	deterministic_fuzz	large_gc_low	large	generated	b2702c02accfc45dcdf0785b3e3f9afc863aef0cbd6536aa2f62165b603c04e2	c44696446c90a143fd0a7b08d9b2622d482a1a1c7bba498fa99b809d9cde6646	cc6b20545c0b6ee1c5167ff47e96af2fe4f3783a1b409d8a09d03f0b7f29b29f	65	1344	1116	ok	complete	byte8	c6b9fdc5e766cb32	c6b9fdc5e766cb32	1	47fe0d7eaf8e51e3	47fe0d7eaf8e51e3	1	0	L1_L2_exact
p5-primary-large	primary	0	0	fuzz-large-0254	deterministic_fuzz	large_gc_high	large	generated	00afad3d3252b68832ca8ae2b46d6e524c6d68d8abd41e08c0fc25d88522a75e	bdf1c9afa2496060858a1ce14d242e5d3b283dd84afb28cfc69971f8b64ffad0	b7836b8cd168afc3345f7c36f59515022e0674031c61ce6a7f4632e854010173	65	2123	549	ok	complete	byte8	30b955ad765a1d6b	30b955ad765a1d6b	1	47fe0d7eaf8e51e3	47fe0d7eaf8e51e3	1	0	L1_L2_exact
p5-primary-large	primary	0	0	fuzz-large-0255	deterministic_fuzz	large_repeat	large	generated	42c3f2aeef4db047418e56022a4dfb837e7bb79edefe4519066713751f48ee4c	4fc24bb0d18bece32f7160b594c0da6c1f3500b399d28b5194ff86324ec5e29b	e5b6a2fd0f1cb60792c9fc77dd5684c717bcffbdea62487b4bb2aee584502a6f	65	893	2400	ok	complete	byte8	041522ede172df42	041522ede172df42	1	47fe0d7eaf8e51e3	47fe0d7eaf8e51e3	1	0	L1_L2_exact
p5-invalid-adv-empty-query	unsupported	0	0	adv-empty-query	adversarial	unsupported_empty_query	compact	generated	e3b0c44298fc1c149afbf4c8996fb92427ae41e4649b934ca495991b7852b855	559aead08264d5795d3909718cdd05abd49572e84fe55590eef31a88a08fdffd	219741a6fd01595ffbd692767c2282214df7918e48319905609f1804317bfca4	0	0	1	fail_closed	fail_closed	NA	NA	NA	NA	NA	NA	NA	2	fail_closed
p5-invalid-adv-empty-reference	unsupported	0	0	adv-empty-reference	adversarial	unsupported_empty_reference	compact	generated	559aead08264d5795d3909718cdd05abd49572e84fe55590eef31a88a08fdffd	e3b0c44298fc1c149afbf4c8996fb92427ae41e4649b934ca495991b7852b855	744e601ecfc9b6d67d5b696b9bbf7e9affc5f194437478a82c3cf8f35717d924	0	1	0	fail_closed	fail_closed	NA	NA	NA	NA	NA	NA	NA	2	fail_closed
p5-invalid-adv-non-ascii	unsupported	0	0	adv-non-ascii	adversarial	unsupported_non_ascii	compact	generated	83be7ce6ddd711af551a1b4c0cb8352f0846a4edffc406624c603b5885976792	58bb119c35513a451d24dc20ef0e9031ec85b35bfc919d263e7e5d9868909cb5	f02788913409d4526a0fd7e3afd1e1a7df04ff680f8919f83d39ae08f110865b	0	2	2	fail_closed	fail_closed	NA	NA	NA	NA	NA	NA	NA	2	fail_closed
p5-invalid-adv-nul	unsupported	0	0	adv-nul	adversarial	unsupported_nul	compact	generated	e61c21ca716b3b1aefb7d1198f83679c4ca4d596e5792275dd6203b49216237d	58bb119c35513a451d24dc20ef0e9031ec85b35bfc919d263e7e5d9868909cb5	6f0404257d59ba8aa23c9967c2e3a7ae29775f7282b6ad5dd9664e0168b150f8	0	2	2	fail_closed	fail_closed	NA	NA	NA	NA	NA	NA	NA	2	fail_closed
p5-determinism-r00	determinism	0	0	tiny-ac-q00-r00	tiny_exhaustive	ac_lengths_1_to_3	compact	generated	559aead08264d5795d3909718cdd05abd49572e84fe55590eef31a88a08fdffd	559aead08264d5795d3909718cdd05abd49572e84fe55590eef31a88a08fdffd	0f9b57a6d733d54b263696680d1cd9ec05cc91f0959de7eeb87a0edb9e62879a	4	1	1	ok	complete	byte8	af132f815a1fbf27	af132f815a1fbf27	1	6b449f74be9c1be7	6b449f74be9c1be7	1	0	L1_L2_exact
p5-determinism-r00	determinism	0	0	tiny-ac-q00-r13	tiny_exhaustive	ac_lengths_1_to_3	compact	generated	559aead08264d5795d3909718cdd05abd49572e84fe55590eef31a88a08fdffd	8c55ff95a660f37cb05e644e7691e6c66593f453cb2cbaa4d64aa59b40ae8032	0701c2d2b1061f474ed254fa746880ff32eb3303bd7ad9a7f6af7912524dd752	4	1	3	ok	complete	byte8	ba2b6282a813a6a0	ba2b6282a813a6a0	1	47fe0d7eaf8e51e3	47fe0d7eaf8e51e3	1	0	L1_L2_exact
p5-determinism-r00	determinism	0	0	tiny-ac-q13-r00	tiny_exhaustive	ac_lengths_1_to_3	compact	generated	8c55ff95a660f37cb05e644e7691e6c66593f453cb2cbaa4d64aa59b40ae8032	559aead08264d5795d3909718cdd05abd49572e84fe55590eef31a88a08fdffd	10b20ed746c56af6b53b6562154276165267d6d12c9a0a357b08996e43987727	4	3	1	ok	complete	byte8	842360170b01e222	842360170b01e222	1	47fe0d7eaf8e51e3	47fe0d7eaf8e51e3	1	0	L1_L2_exact
p5-determinism-r00	determinism	0	0	tiny-ac-q13-r13	tiny_exhaustive	ac_lengths_1_to_3	compact	generated	8c55ff95a660f37cb05e644e7691e6c66593f453cb2cbaa4d64aa59b40ae8032	8c55ff95a660f37cb05e644e7691e6c66593f453cb2cbaa4d64aa59b40ae8032	3f7c5fabfda7d62ea01ca3d3d9ff6aee1f99eac85c9e28e054465c9400aec500	14	3	3	ok	complete	byte8	eb34ae9455b40c20	eb34ae9455b40c20	1	f12ec26b5541caaf	f12ec26b5541caaf	1	0	L1_L2_exact
p5-determinism-r00	determinism	0	0	adv-homopolymer	adversarial	homopolymer	compact	generated	d53eda7a637c99cc7fb566d96e9fa109bf15c478410a3f5eb4d4c4e26cd081f6	d53eda7a637c99cc7fb566d96e9fa109bf15c478410a3f5eb4d4c4e26cd081f6	5d60065216c79aa99c697b1a884c03d594d172b5980450792f4342ddb796ab83	65	64	64	ok	complete	byte8	636a9edea756b43c	636a9edea756b43c	1	15a44e253e77a0c9	15a44e253e77a0c9	1	0	L1_L2_exact
p5-determinism-r00	determinism	0	0	adv-periodic-repeat	adversarial	periodic_repeat	compact	generated	79ede2b4ec3a5e9a3fcff0d0ff723f4ad16579425c8a115ea87b80347bfc3d31	7a42384a486b0a8c3e692f7471068cdb97d172df8e50aac8ca4ba4db84eb965d	af1e4ba1fcece01a971a24a3de8b13fd396cb66fa8349b3f18855b8d39c4c253	65	96	96	ok	complete	byte8	fbd8f7966ffb601c	fbd8f7966ffb601c	1	15a44e253e77a0c9	15a44e253e77a0c9	1	0	L1_L2_exact
p5-determinism-r00	determinism	0	0	adv-palindrome-rc	adversarial	palindrome_reverse_complement	compact	generated	b28b7e7e6b70661dfee15d5290c4bca097ca145f721c4fbc4de73ad1d1660b8b	2cb35d1cad24afb4438d4afcf238b198727eb56d876a1711fc9a1943035db1b8	e13b2203571a6936572efb86b758ffc9e5e355fe96a73e30184703cfe234654e	39	8	12	ok	complete	byte8	82bd64841416404b	82bd64841416404b	1	3a91510e732d21a3	3a91510e732d21a3	1	0	L1_L2_exact
p5-determinism-r00	determinism	0	0	adv-equal-forward	adversarial	equal_forward_endpoints	compact	generated	1dff3e84fe7877e0673b69bbddcf40124e396e3f9943dd890c91b6a09adb9af0	f9e75d6f5bbfb97918b349e0449df0df01d356685f367b81801d7819b327ca40	febad290803b6f7a0bec87adcdf53cd08acd7f6460b279456094b586cdccad70	19	4	12	ok	complete	byte8	9d089ae3b27af37b	9d089ae3b27af37b	1	0f6c9b1419656395	0f6c9b1419656395	1	0	L1_L2_exact
p5-determinism-r00	determinism	0	0	adv-equal-reverse	adversarial	equal_reverse_starts	compact	generated	cd260c34e43eba951195b86cdeaacc132cdf601f5d13b73139b1b0f43f510027	fd235f7188cdf12c0992ab998cae73a0464c9730635728bdafe7a730a0d189b2	9f876994e4eec56f63525b04fef7a5b50ce19baec5e4b525d46440a20402ee32	39	8	13	ok	complete	byte8	a63792236e7f562e	a63792236e7f562e	1	87922fe4bcb806a6	87922fe4bcb806a6	1	0	L1_L2_exact
p5-determinism-r00	determinism	0	0	adv-equal-gap	adversarial	equal_gap_placements	compact	generated	9110442a5cc980d63ab57747020f39cdadaea1e27563449f672d25aa8df36a78	61752705bee70deea8b1a84d27f4f0d16e3c31fe5ee505be67481f04869f9af8	5cf6df6152b5652b9b948beb5a002e3579f84066e9068cb2cc3fa5237f7951d2	29	8	6	ok	complete	byte8	20f6b11d089a5396	20f6b11d089a5396	1	595e66ea63b6b159	595e66ea63b6b159	1	0	L1_L2_exact
p5-determinism-r00	determinism	0	0	adv-open-extend	adversarial	open_extend_tie	compact	generated	cfab373a91652a5f16b75c1af5805bc48f0cf6e5880ac93d6d463fefd30f20ba	1d65bf29403e4fb1767522a107c827b8884d16640cf0e3b18c4c1dd107e0d49d	422bc2a9131114f43d69717c7d743c4b49ee5d2c5210d0859586036dc1517206	49	11	10	ok	complete	byte8	dd0680e8f62e66d5	dd0680e8f62e66d5	1	47fe0d7eaf8e51e3	47fe0d7eaf8e51e3	1	0	L1_L2_exact
p5-determinism-r00	determinism	0	0	adv-e-f	adversarial	e_f_tie	compact	generated	61752705bee70deea8b1a84d27f4f0d16e3c31fe5ee505be67481f04869f9af8	a81868d0303e7101bbe66a6e48c16066db8567144561422eb2ce3718800c48ff	95e321ebf88d9f6d7d7ce99d107ddbbf1915085902e40838bbc7c85aba4f2e58	29	6	6	ok	complete	byte8	d627f5290af683d1	d627f5290af683d1	1	47fe0d7eaf8e51e3	47fe0d7eaf8e51e3	1	0	L1_L2_exact
p5-determinism-r00	determinism	0	0	adv-diagonal-gap	adversarial	diagonal_gap_tie	compact	generated	41c4f474da40a0f838394e8433183016ecd43bc791fee8d52b949d6088fcb9bd	9a9844a8e6445b60c136760a025851197248b4e3c78d97b74077dfb466b41cf7	be3a4ab8884303c1923a2d8a16208cfba6b8afc83793a91f9450813e9bebad6a	34	7	7	ok	complete	byte8	717c416acdc2eda9	717c416acdc2eda9	1	47fe0d7eaf8e51e3	47fe0d7eaf8e51e3	1	0	L1_L2_exact
p5-determinism-r00	determinism	0	0	adv-byte-boundary-253	adversarial	byte_boundary_253	compact	generated	9a185d379ac570597670cfa73588a51bb42ea477a0729d5c84aafefd7d94b40d	7b4ce97770f7df317a787643b19efb0c689c234c3b28791438f3f05766431a4b	db6634a9777670df3d8403b771d225c66dd5a84002d046f0b9e81cdc635b19ec	65	57	62	ok	complete	byte8	42fccd2a1d11636a	42fccd2a1d11636a	1	3803d1326a2d9886	3803d1326a2d9886	1	0	L1_L2_exact
p5-determinism-r00	determinism	0	0	adv-byte-boundary-255	adversarial	byte_boundary_255	compact	generated	903bc1be0207a9e13a2df149dfe5aa9910c7154813b4198b0c008b2161d327e8	903bc1be0207a9e13a2df149dfe5aa9910c7154813b4198b0c008b2161d327e8	77925ec35c040fc8cf5bc389db973afa8b3b24af968cebc6586c870a88d88764	65	51	51	ok	complete	byte8	a0adbcbd0409432f	a0adbcbd0409432f	1	15a44e253e77a0c9	15a44e253e77a0c9	1	0	L1_L2_exact
p5-determinism-r00	determinism	0	0	adv-length-0257	adversarial	length_boundary	compact	generated	56de553eb28f548e2c601a7da23ef5418f925649503c5677eb8e2d40aa29e7d1	3009c0f0f0b8334a565497c5c24a28a295f154c6e03c4b915f39d33f8eebebaf	bf549649e1e98e28482ce9acfd5698b20f37ceff05fe2c9fb5e0ace6855dc90a	65	257	257	ok	complete	byte8	9eb57301f6f3bb42	9eb57301f6f3bb42	1	15a44e253e77a0c9	15a44e253e77a0c9	1	0	L1_L2_exact
p5-determinism-r01	determinism	1	0	tiny-ac-q00-r00	tiny_exhaustive	ac_lengths_1_to_3	compact	generated	559aead08264d5795d3909718cdd05abd49572e84fe55590eef31a88a08fdffd	559aead08264d5795d3909718cdd05abd49572e84fe55590eef31a88a08fdffd	0f9b57a6d733d54b263696680d1cd9ec05cc91f0959de7eeb87a0edb9e62879a	4	1	1	ok	complete	byte8	af132f815a1fbf27	af132f815a1fbf27	1	6b449f74be9c1be7	6b449f74be9c1be7	1	0	L1_L2_exact
p5-determinism-r01	determinism	1	0	tiny-ac-q00-r13	tiny_exhaustive	ac_lengths_1_to_3	compact	generated	559aead08264d5795d3909718cdd05abd49572e84fe55590eef31a88a08fdffd	8c55ff95a660f37cb05e644e7691e6c66593f453cb2cbaa4d64aa59b40ae8032	0701c2d2b1061f474ed254fa746880ff32eb3303bd7ad9a7f6af7912524dd752	4	1	3	ok	complete	byte8	ba2b6282a813a6a0	ba2b6282a813a6a0	1	47fe0d7eaf8e51e3	47fe0d7eaf8e51e3	1	0	L1_L2_exact
p5-determinism-r01	determinism	1	0	tiny-ac-q13-r00	tiny_exhaustive	ac_lengths_1_to_3	compact	generated	8c55ff95a660f37cb05e644e7691e6c66593f453cb2cbaa4d64aa59b40ae8032	559aead08264d5795d3909718cdd05abd49572e84fe55590eef31a88a08fdffd	10b20ed746c56af6b53b6562154276165267d6d12c9a0a357b08996e43987727	4	3	1	ok	complete	byte8	842360170b01e222	842360170b01e222	1	47fe0d7eaf8e51e3	47fe0d7eaf8e51e3	1	0	L1_L2_exact
p5-determinism-r01	determinism	1	0	tiny-ac-q13-r13	tiny_exhaustive	ac_lengths_1_to_3	compact	generated	8c55ff95a660f37cb05e644e7691e6c66593f453cb2cbaa4d64aa59b40ae8032	8c55ff95a660f37cb05e644e7691e6c66593f453cb2cbaa4d64aa59b40ae8032	3f7c5fabfda7d62ea01ca3d3d9ff6aee1f99eac85c9e28e054465c9400aec500	14	3	3	ok	complete	byte8	eb34ae9455b40c20	eb34ae9455b40c20	1	f12ec26b5541caaf	f12ec26b5541caaf	1	0	L1_L2_exact
p5-determinism-r01	determinism	1	0	adv-homopolymer	adversarial	homopolymer	compact	generated	d53eda7a637c99cc7fb566d96e9fa109bf15c478410a3f5eb4d4c4e26cd081f6	d53eda7a637c99cc7fb566d96e9fa109bf15c478410a3f5eb4d4c4e26cd081f6	5d60065216c79aa99c697b1a884c03d594d172b5980450792f4342ddb796ab83	65	64	64	ok	complete	byte8	636a9edea756b43c	636a9edea756b43c	1	15a44e253e77a0c9	15a44e253e77a0c9	1	0	L1_L2_exact
p5-determinism-r01	determinism	1	0	adv-periodic-repeat	adversarial	periodic_repeat	compact	generated	79ede2b4ec3a5e9a3fcff0d0ff723f4ad16579425c8a115ea87b80347bfc3d31	7a42384a486b0a8c3e692f7471068cdb97d172df8e50aac8ca4ba4db84eb965d	af1e4ba1fcece01a971a24a3de8b13fd396cb66fa8349b3f18855b8d39c4c253	65	96	96	ok	complete	byte8	fbd8f7966ffb601c	fbd8f7966ffb601c	1	15a44e253e77a0c9	15a44e253e77a0c9	1	0	L1_L2_exact
p5-determinism-r01	determinism	1	0	adv-palindrome-rc	adversarial	palindrome_reverse_complement	compact	generated	b28b7e7e6b70661dfee15d5290c4bca097ca145f721c4fbc4de73ad1d1660b8b	2cb35d1cad24afb4438d4afcf238b198727eb56d876a1711fc9a1943035db1b8	e13b2203571a6936572efb86b758ffc9e5e355fe96a73e30184703cfe234654e	39	8	12	ok	complete	byte8	82bd64841416404b	82bd64841416404b	1	3a91510e732d21a3	3a91510e732d21a3	1	0	L1_L2_exact
p5-determinism-r01	determinism	1	0	adv-equal-forward	adversarial	equal_forward_endpoints	compact	generated	1dff3e84fe7877e0673b69bbddcf40124e396e3f9943dd890c91b6a09adb9af0	f9e75d6f5bbfb97918b349e0449df0df01d356685f367b81801d7819b327ca40	febad290803b6f7a0bec87adcdf53cd08acd7f6460b279456094b586cdccad70	19	4	12	ok	complete	byte8	9d089ae3b27af37b	9d089ae3b27af37b	1	0f6c9b1419656395	0f6c9b1419656395	1	0	L1_L2_exact
p5-determinism-r01	determinism	1	0	adv-equal-reverse	adversarial	equal_reverse_starts	compact	generated	cd260c34e43eba951195b86cdeaacc132cdf601f5d13b73139b1b0f43f510027	fd235f7188cdf12c0992ab998cae73a0464c9730635728bdafe7a730a0d189b2	9f876994e4eec56f63525b04fef7a5b50ce19baec5e4b525d46440a20402ee32	39	8	13	ok	complete	byte8	a63792236e7f562e	a63792236e7f562e	1	87922fe4bcb806a6	87922fe4bcb806a6	1	0	L1_L2_exact
p5-determinism-r01	determinism	1	0	adv-equal-gap	adversarial	equal_gap_placements	compact	generated	9110442a5cc980d63ab57747020f39cdadaea1e27563449f672d25aa8df36a78	61752705bee70deea8b1a84d27f4f0d16e3c31fe5ee505be67481f04869f9af8	5cf6df6152b5652b9b948beb5a002e3579f84066e9068cb2cc3fa5237f7951d2	29	8	6	ok	complete	byte8	20f6b11d089a5396	20f6b11d089a5396	1	595e66ea63b6b159	595e66ea63b6b159	1	0	L1_L2_exact
p5-determinism-r01	determinism	1	0	adv-open-extend	adversarial	open_extend_tie	compact	generated	cfab373a91652a5f16b75c1af5805bc48f0cf6e5880ac93d6d463fefd30f20ba	1d65bf29403e4fb1767522a107c827b8884d16640cf0e3b18c4c1dd107e0d49d	422bc2a9131114f43d69717c7d743c4b49ee5d2c5210d0859586036dc1517206	49	11	10	ok	complete	byte8	dd0680e8f62e66d5	dd0680e8f62e66d5	1	47fe0d7eaf8e51e3	47fe0d7eaf8e51e3	1	0	L1_L2_exact
p5-determinism-r01	determinism	1	0	adv-e-f	adversarial	e_f_tie	compact	generated	61752705bee70deea8b1a84d27f4f0d16e3c31fe5ee505be67481f04869f9af8	a81868d0303e7101bbe66a6e48c16066db8567144561422eb2ce3718800c48ff	95e321ebf88d9f6d7d7ce99d107ddbbf1915085902e40838bbc7c85aba4f2e58	29	6	6	ok	complete	byte8	d627f5290af683d1	d627f5290af683d1	1	47fe0d7eaf8e51e3	47fe0d7eaf8e51e3	1	0	L1_L2_exact
p5-determinism-r01	determinism	1	0	adv-diagonal-gap	adversarial	diagonal_gap_tie	compact	generated	41c4f474da40a0f838394e8433183016ecd43bc791fee8d52b949d6088fcb9bd	9a9844a8e6445b60c136760a025851197248b4e3c78d97b74077dfb466b41cf7	be3a4ab8884303c1923a2d8a16208cfba6b8afc83793a91f9450813e9bebad6a	34	7	7	ok	complete	byte8	717c416acdc2eda9	717c416acdc2eda9	1	47fe0d7eaf8e51e3	47fe0d7eaf8e51e3	1	0	L1_L2_exact
p5-determinism-r01	determinism	1	0	adv-byte-boundary-253	adversarial	byte_boundary_253	compact	generated	9a185d379ac570597670cfa73588a51bb42ea477a0729d5c84aafefd7d94b40d	7b4ce97770f7df317a787643b19efb0c689c234c3b28791438f3f05766431a4b	db6634a9777670df3d8403b771d225c66dd5a84002d046f0b9e81cdc635b19ec	65	57	62	ok	complete	byte8	42fccd2a1d11636a	42fccd2a1d11636a	1	3803d1326a2d9886	3803d1326a2d9886	1	0	L1_L2_exact
p5-determinism-r01	determinism	1	0	adv-byte-boundary-255	adversarial	byte_boundary_255	compact	generated	903bc1be0207a9e13a2df149dfe5aa9910c7154813b4198b0c008b2161d327e8	903bc1be0207a9e13a2df149dfe5aa9910c7154813b4198b0c008b2161d327e8	77925ec35c040fc8cf5bc389db973afa8b3b24af968cebc6586c870a88d88764	65	51	51	ok	complete	byte8	a0adbcbd0409432f	a0adbcbd0409432f	1	15a44e253e77a0c9	15a44e253e77a0c9	1	0	L1_L2_exact
p5-determinism-r01	determinism	1	0	adv-length-0257	adversarial	length_boundary	compact	generated	56de553eb28f548e2c601a7da23ef5418f925649503c5677eb8e2d40aa29e7d1	3009c0f0f0b8334a565497c5c24a28a295f154c6e03c4b915f39d33f8eebebaf	bf549649e1e98e28482ce9acfd5698b20f37ceff05fe2c9fb5e0ace6855dc90a	65	257	257	ok	complete	byte8	9eb57301f6f3bb42	9eb57301f6f3bb42	1	15a44e253e77a0c9	15a44e253e77a0c9	1	0	L1_L2_exact
p5-determinism-r02	determinism	2	0	tiny-ac-q00-r00	tiny_exhaustive	ac_lengths_1_to_3	compact	generated	559aead08264d5795d3909718cdd05abd49572e84fe55590eef31a88a08fdffd	559aead08264d5795d3909718cdd05abd49572e84fe55590eef31a88a08fdffd	0f9b57a6d733d54b263696680d1cd9ec05cc91f0959de7eeb87a0edb9e62879a	4	1	1	ok	complete	byte8	af132f815a1fbf27	af132f815a1fbf27	1	6b449f74be9c1be7	6b449f74be9c1be7	1	0	L1_L2_exact
p5-determinism-r02	determinism	2	0	tiny-ac-q00-r13	tiny_exhaustive	ac_lengths_1_to_3	compact	generated	559aead08264d5795d3909718cdd05abd49572e84fe55590eef31a88a08fdffd	8c55ff95a660f37cb05e644e7691e6c66593f453cb2cbaa4d64aa59b40ae8032	0701c2d2b1061f474ed254fa746880ff32eb3303bd7ad9a7f6af7912524dd752	4	1	3	ok	complete	byte8	ba2b6282a813a6a0	ba2b6282a813a6a0	1	47fe0d7eaf8e51e3	47fe0d7eaf8e51e3	1	0	L1_L2_exact
p5-determinism-r02	determinism	2	0	tiny-ac-q13-r00	tiny_exhaustive	ac_lengths_1_to_3	compact	generated	8c55ff95a660f37cb05e644e7691e6c66593f453cb2cbaa4d64aa59b40ae8032	559aead08264d5795d3909718cdd05abd49572e84fe55590eef31a88a08fdffd	10b20ed746c56af6b53b6562154276165267d6d12c9a0a357b08996e43987727	4	3	1	ok	complete	byte8	842360170b01e222	842360170b01e222	1	47fe0d7eaf8e51e3	47fe0d7eaf8e51e3	1	0	L1_L2_exact
p5-determinism-r02	determinism	2	0	tiny-ac-q13-r13	tiny_exhaustive	ac_lengths_1_to_3	compact	generated	8c55ff95a660f37cb05e644e7691e6c66593f453cb2cbaa4d64aa59b40ae8032	8c55ff95a660f37cb05e644e7691e6c66593f453cb2cbaa4d64aa59b40ae8032	3f7c5fabfda7d62ea01ca3d3d9ff6aee1f99eac85c9e28e054465c9400aec500	14	3	3	ok	complete	byte8	eb34ae9455b40c20	eb34ae9455b40c20	1	f12ec26b5541caaf	f12ec26b5541caaf	1	0	L1_L2_exact
p5-determinism-r02	determinism	2	0	adv-homopolymer	adversarial	homopolymer	compact	generated	d53eda7a637c99cc7fb566d96e9fa109bf15c478410a3f5eb4d4c4e26cd081f6	d53eda7a637c99cc7fb566d96e9fa109bf15c478410a3f5eb4d4c4e26cd081f6	5d60065216c79aa99c697b1a884c03d594d172b5980450792f4342ddb796ab83	65	64	64	ok	complete	byte8	636a9edea756b43c	636a9edea756b43c	1	15a44e253e77a0c9	15a44e253e77a0c9	1	0	L1_L2_exact
p5-determinism-r02	determinism	2	0	adv-periodic-repeat	adversarial	periodic_repeat	compact	generated	79ede2b4ec3a5e9a3fcff0d0ff723f4ad16579425c8a115ea87b80347bfc3d31	7a42384a486b0a8c3e692f7471068cdb97d172df8e50aac8ca4ba4db84eb965d	af1e4ba1fcece01a971a24a3de8b13fd396cb66fa8349b3f18855b8d39c4c253	65	96	96	ok	complete	byte8	fbd8f7966ffb601c	fbd8f7966ffb601c	1	15a44e253e77a0c9	15a44e253e77a0c9	1	0	L1_L2_exact
p5-determinism-r02	determinism	2	0	adv-palindrome-rc	adversarial	palindrome_reverse_complement	compact	generated	b28b7e7e6b70661dfee15d5290c4bca097ca145f721c4fbc4de73ad1d1660b8b	2cb35d1cad24afb4438d4afcf238b198727eb56d876a1711fc9a1943035db1b8	e13b2203571a6936572efb86b758ffc9e5e355fe96a73e30184703cfe234654e	39	8	12	ok	complete	byte8	82bd64841416404b	82bd64841416404b	1	3a91510e732d21a3	3a91510e732d21a3	1	0	L1_L2_exact
p5-determinism-r02	determinism	2	0	adv-equal-forward	adversarial	equal_forward_endpoints	compact	generated	1dff3e84fe7877e0673b69bbddcf40124e396e3f9943dd890c91b6a09adb9af0	f9e75d6f5bbfb97918b349e0449df0df01d356685f367b81801d7819b327ca40	febad290803b6f7a0bec87adcdf53cd08acd7f6460b279456094b586cdccad70	19	4	12	ok	complete	byte8	9d089ae3b27af37b	9d089ae3b27af37b	1	0f6c9b1419656395	0f6c9b1419656395	1	0	L1_L2_exact
p5-determinism-r02	determinism	2	0	adv-equal-reverse	adversarial	equal_reverse_starts	compact	generated	cd260c34e43eba951195b86cdeaacc132cdf601f5d13b73139b1b0f43f510027	fd235f7188cdf12c0992ab998cae73a0464c9730635728bdafe7a730a0d189b2	9f876994e4eec56f63525b04fef7a5b50ce19baec5e4b525d46440a20402ee32	39	8	13	ok	complete	byte8	a63792236e7f562e	a63792236e7f562e	1	87922fe4bcb806a6	87922fe4bcb806a6	1	0	L1_L2_exact
p5-determinism-r02	determinism	2	0	adv-equal-gap	adversarial	equal_gap_placements	compact	generated	9110442a5cc980d63ab57747020f39cdadaea1e27563449f672d25aa8df36a78	61752705bee70deea8b1a84d27f4f0d16e3c31fe5ee505be67481f04869f9af8	5cf6df6152b5652b9b948beb5a002e3579f84066e9068cb2cc3fa5237f7951d2	29	8	6	ok	complete	byte8	20f6b11d089a5396	20f6b11d089a5396	1	595e66ea63b6b159	595e66ea63b6b159	1	0	L1_L2_exact
p5-determinism-r02	determinism	2	0	adv-open-extend	adversarial	open_extend_tie	compact	generated	cfab373a91652a5f16b75c1af5805bc48f0cf6e5880ac93d6d463fefd30f20ba	1d65bf29403e4fb1767522a107c827b8884d16640cf0e3b18c4c1dd107e0d49d	422bc2a9131114f43d69717c7d743c4b49ee5d2c5210d0859586036dc1517206	49	11	10	ok	complete	byte8	dd0680e8f62e66d5	dd0680e8f62e66d5	1	47fe0d7eaf8e51e3	47fe0d7eaf8e51e3	1	0	L1_L2_exact
p5-determinism-r02	determinism	2	0	adv-e-f	adversarial	e_f_tie	compact	generated	61752705bee70deea8b1a84d27f4f0d16e3c31fe5ee505be67481f04869f9af8	a81868d0303e7101bbe66a6e48c16066db8567144561422eb2ce3718800c48ff	95e321ebf88d9f6d7d7ce99d107ddbbf1915085902e40838bbc7c85aba4f2e58	29	6	6	ok	complete	byte8	d627f5290af683d1	d627f5290af683d1	1	47fe0d7eaf8e51e3	47fe0d7eaf8e51e3	1	0	L1_L2_exact
p5-determinism-r02	determinism	2	0	adv-diagonal-gap	adversarial	diagonal_gap_tie	compact	generated	41c4f474da40a0f838394e8433183016ecd43bc791fee8d52b949d6088fcb9bd	9a9844a8e6445b60c136760a025851197248b4e3c78d97b74077dfb466b41cf7	be3a4ab8884303c1923a2d8a16208cfba6b8afc83793a91f9450813e9bebad6a	34	7	7	ok	complete	byte8	717c416acdc2eda9	717c416acdc2eda9	1	47fe0d7eaf8e51e3	47fe0d7eaf8e51e3	1	0	L1_L2_exact
p5-determinism-r02	determinism	2	0	adv-byte-boundary-253	adversarial	byte_boundary_253	compact	generated	9a185d379ac570597670cfa73588a51bb42ea477a0729d5c84aafefd7d94b40d	7b4ce97770f7df317a787643b19efb0c689c234c3b28791438f3f05766431a4b	db6634a9777670df3d8403b771d225c66dd5a84002d046f0b9e81cdc635b19ec	65	57	62	ok	complete	byte8	42fccd2a1d11636a	42fccd2a1d11636a	1	3803d1326a2d9886	3803d1326a2d9886	1	0	L1_L2_exact
p5-determinism-r02	determinism	2	0	adv-byte-boundary-255	adversarial	byte_boundary_255	compact	generated	903bc1be0207a9e13a2df149dfe5aa9910c7154813b4198b0c008b2161d327e8	903bc1be0207a9e13a2df149dfe5aa9910c7154813b4198b0c008b2161d327e8	77925ec35c040fc8cf5bc389db973afa8b3b24af968cebc6586c870a88d88764	65	51	51	ok	complete	byte8	a0adbcbd0409432f	a0adbcbd0409432f	1	15a44e253e77a0c9	15a44e253e77a0c9	1	0	L1_L2_exact
p5-determinism-r02	determinism	2	0	adv-length-0257	adversarial	length_boundary	compact	generated	56de553eb28f548e2c601a7da23ef5418f925649503c5677eb8e2d40aa29e7d1	3009c0f0f0b8334a565497c5c24a28a295f154c6e03c4b915f39d33f8eebebaf	bf549649e1e98e28482ce9acfd5698b20f37ceff05fe2c9fb5e0ace6855dc90a	65	257	257	ok	complete	byte8	9eb57301f6f3bb42	9eb57301f6f3bb42	1	15a44e253e77a0c9	15a44e253e77a0c9	1	0	L1_L2_exact
p5-determinism-r03	determinism	3	0	tiny-ac-q00-r00	tiny_exhaustive	ac_lengths_1_to_3	compact	generated	559aead08264d5795d3909718cdd05abd49572e84fe55590eef31a88a08fdffd	559aead08264d5795d3909718cdd05abd49572e84fe55590eef31a88a08fdffd	0f9b57a6d733d54b263696680d1cd9ec05cc91f0959de7eeb87a0edb9e62879a	4	1	1	ok	complete	byte8	af132f815a1fbf27	af132f815a1fbf27	1	6b449f74be9c1be7	6b449f74be9c1be7	1	0	L1_L2_exact
p5-determinism-r03	determinism	3	0	tiny-ac-q00-r13	tiny_exhaustive	ac_lengths_1_to_3	compact	generated	559aead08264d5795d3909718cdd05abd49572e84fe55590eef31a88a08fdffd	8c55ff95a660f37cb05e644e7691e6c66593f453cb2cbaa4d64aa59b40ae8032	0701c2d2b1061f474ed254fa746880ff32eb3303bd7ad9a7f6af7912524dd752	4	1	3	ok	complete	byte8	ba2b6282a813a6a0	ba2b6282a813a6a0	1	47fe0d7eaf8e51e3	47fe0d7eaf8e51e3	1	0	L1_L2_exact
p5-determinism-r03	determinism	3	0	tiny-ac-q13-r00	tiny_exhaustive	ac_lengths_1_to_3	compact	generated	8c55ff95a660f37cb05e644e7691e6c66593f453cb2cbaa4d64aa59b40ae8032	559aead08264d5795d3909718cdd05abd49572e84fe55590eef31a88a08fdffd	10b20ed746c56af6b53b6562154276165267d6d12c9a0a357b08996e43987727	4	3	1	ok	complete	byte8	842360170b01e222	842360170b01e222	1	47fe0d7eaf8e51e3	47fe0d7eaf8e51e3	1	0	L1_L2_exact
p5-determinism-r03	determinism	3	0	tiny-ac-q13-r13	tiny_exhaustive	ac_lengths_1_to_3	compact	generated	8c55ff95a660f37cb05e644e7691e6c66593f453cb2cbaa4d64aa59b40ae8032	8c55ff95a660f37cb05e644e7691e6c66593f453cb2cbaa4d64aa59b40ae8032	3f7c5fabfda7d62ea01ca3d3d9ff6aee1f99eac85c9e28e054465c9400aec500	14	3	3	ok	complete	byte8	eb34ae9455b40c20	eb34ae9455b40c20	1	f12ec26b5541caaf	f12ec26b5541caaf	1	0	L1_L2_exact
p5-determinism-r03	determinism	3	0	adv-homopolymer	adversarial	homopolymer	compact	generated	d53eda7a637c99cc7fb566d96e9fa109bf15c478410a3f5eb4d4c4e26cd081f6	d53eda7a637c99cc7fb566d96e9fa109bf15c478410a3f5eb4d4c4e26cd081f6	5d60065216c79aa99c697b1a884c03d594d172b5980450792f4342ddb796ab83	65	64	64	ok	complete	byte8	636a9edea756b43c	636a9edea756b43c	1	15a44e253e77a0c9	15a44e253e77a0c9	1	0	L1_L2_exact
p5-determinism-r03	determinism	3	0	adv-periodic-repeat	adversarial	periodic_repeat	compact	generated	79ede2b4ec3a5e9a3fcff0d0ff723f4ad16579425c8a115ea87b80347bfc3d31	7a42384a486b0a8c3e692f7471068cdb97d172df8e50aac8ca4ba4db84eb965d	af1e4ba1fcece01a971a24a3de8b13fd396cb66fa8349b3f18855b8d39c4c253	65	96	96	ok	complete	byte8	fbd8f7966ffb601c	fbd8f7966ffb601c	1	15a44e253e77a0c9	15a44e253e77a0c9	1	0	L1_L2_exact
p5-determinism-r03	determinism	3	0	adv-palindrome-rc	adversarial	palindrome_reverse_complement	compact	generated	b28b7e7e6b70661dfee15d5290c4bca097ca145f721c4fbc4de73ad1d1660b8b	2cb35d1cad24afb4438d4afcf238b198727eb56d876a1711fc9a1943035db1b8	e13b2203571a6936572efb86b758ffc9e5e355fe96a73e30184703cfe234654e	39	8	12	ok	complete	byte8	82bd64841416404b	82bd64841416404b	1	3a91510e732d21a3	3a91510e732d21a3	1	0	L1_L2_exact
p5-determinism-r03	determinism	3	0	adv-equal-forward	adversarial	equal_forward_endpoints	compact	generated	1dff3e84fe7877e0673b69bbddcf40124e396e3f9943dd890c91b6a09adb9af0	f9e75d6f5bbfb97918b349e0449df0df01d356685f367b81801d7819b327ca40	febad290803b6f7a0bec87adcdf53cd08acd7f6460b279456094b586cdccad70	19	4	12	ok	complete	byte8	9d089ae3b27af37b	9d089ae3b27af37b	1	0f6c9b1419656395	0f6c9b1419656395	1	0	L1_L2_exact
p5-determinism-r03	determinism	3	0	adv-equal-reverse	adversarial	equal_reverse_starts	compact	generated	cd260c34e43eba951195b86cdeaacc132cdf601f5d13b73139b1b0f43f510027	fd235f7188cdf12c0992ab998cae73a0464c9730635728bdafe7a730a0d189b2	9f876994e4eec56f63525b04fef7a5b50ce19baec5e4b525d46440a20402ee32	39	8	13	ok	complete	byte8	a63792236e7f562e	a63792236e7f562e	1	87922fe4bcb806a6	87922fe4bcb806a6	1	0	L1_L2_exact
p5-determinism-r03	determinism	3	0	adv-equal-gap	adversarial	equal_gap_placements	compact	generated	9110442a5cc980d63ab57747020f39cdadaea1e27563449f672d25aa8df36a78	61752705bee70deea8b1a84d27f4f0d16e3c31fe5ee505be67481f04869f9af8	5cf6df6152b5652b9b948beb5a002e3579f84066e9068cb2cc3fa5237f7951d2	29	8	6	ok	complete	byte8	20f6b11d089a5396	20f6b11d089a5396	1	595e66ea63b6b159	595e66ea63b6b159	1	0	L1_L2_exact
p5-determinism-r03	determinism	3	0	adv-open-extend	adversarial	open_extend_tie	compact	generated	cfab373a91652a5f16b75c1af5805bc48f0cf6e5880ac93d6d463fefd30f20ba	1d65bf29403e4fb1767522a107c827b8884d16640cf0e3b18c4c1dd107e0d49d	422bc2a9131114f43d69717c7d743c4b49ee5d2c5210d0859586036dc1517206	49	11	10	ok	complete	byte8	dd0680e8f62e66d5	dd0680e8f62e66d5	1	47fe0d7eaf8e51e3	47fe0d7eaf8e51e3	1	0	L1_L2_exact
p5-determinism-r03	determinism	3	0	adv-e-f	adversarial	e_f_tie	compact	generated	61752705bee70deea8b1a84d27f4f0d16e3c31fe5ee505be67481f04869f9af8	a81868d0303e7101bbe66a6e48c16066db8567144561422eb2ce3718800c48ff	95e321ebf88d9f6d7d7ce99d107ddbbf1915085902e40838bbc7c85aba4f2e58	29	6	6	ok	complete	byte8	d627f5290af683d1	d627f5290af683d1	1	47fe0d7eaf8e51e3	47fe0d7eaf8e51e3	1	0	L1_L2_exact
p5-determinism-r03	determinism	3	0	adv-diagonal-gap	adversarial	diagonal_gap_tie	compact	generated	41c4f474da40a0f838394e8433183016ecd43bc791fee8d52b949d6088fcb9bd	9a9844a8e6445b60c136760a025851197248b4e3c78d97b74077dfb466b41cf7	be3a4ab8884303c1923a2d8a16208cfba6b8afc83793a91f9450813e9bebad6a	34	7	7	ok	complete	byte8	717c416acdc2eda9	717c416acdc2eda9	1	47fe0d7eaf8e51e3	47fe0d7eaf8e51e3	1	0	L1_L2_exact
p5-determinism-r03	determinism	3	0	adv-byte-boundary-253	adversarial	byte_boundary_253	compact	generated	9a185d379ac570597670cfa73588a51bb42ea477a0729d5c84aafefd7d94b40d	7b4ce97770f7df317a787643b19efb0c689c234c3b28791438f3f05766431a4b	db6634a9777670df3d8403b771d225c66dd5a84002d046f0b9e81cdc635b19ec	65	57	62	ok	complete	byte8	42fccd2a1d11636a	42fccd2a1d11636a	1	3803d1326a2d9886	3803d1326a2d9886	1	0	L1_L2_exact
p5-determinism-r03	determinism	3	0	adv-byte-boundary-255	adversarial	byte_boundary_255	compact	generated	903bc1be0207a9e13a2df149dfe5aa9910c7154813b4198b0c008b2161d327e8	903bc1be0207a9e13a2df149dfe5aa9910c7154813b4198b0c008b2161d327e8	77925ec35c040fc8cf5bc389db973afa8b3b24af968cebc6586c870a88d88764	65	51	51	ok	complete	byte8	a0adbcbd0409432f	a0adbcbd0409432f	1	15a44e253e77a0c9	15a44e253e77a0c9	1	0	L1_L2_exact
p5-determinism-r03	determinism	3	0	adv-length-0257	adversarial	length_boundary	compact	generated	56de553eb28f548e2c601a7da23ef5418f925649503c5677eb8e2d40aa29e7d1	3009c0f0f0b8334a565497c5c24a28a295f154c6e03c4b915f39d33f8eebebaf	bf549649e1e98e28482ce9acfd5698b20f37ceff05fe2c9fb5e0ace6855dc90a	65	257	257	ok	complete	byte8	9eb57301f6f3bb42	9eb57301f6f3bb42	1	15a44e253e77a0c9	15a44e253e77a0c9	1	0	L1_L2_exact
p5-determinism-r04	determinism	4	0	tiny-ac-q00-r00	tiny_exhaustive	ac_lengths_1_to_3	compact	generated	559aead08264d5795d3909718cdd05abd49572e84fe55590eef31a88a08fdffd	559aead08264d5795d3909718cdd05abd49572e84fe55590eef31a88a08fdffd	0f9b57a6d733d54b263696680d1cd9ec05cc91f0959de7eeb87a0edb9e62879a	4	1	1	ok	complete	byte8	af132f815a1fbf27	af132f815a1fbf27	1	6b449f74be9c1be7	6b449f74be9c1be7	1	0	L1_L2_exact
p5-determinism-r04	determinism	4	0	tiny-ac-q00-r13	tiny_exhaustive	ac_lengths_1_to_3	compact	generated	559aead08264d5795d3909718cdd05abd49572e84fe55590eef31a88a08fdffd	8c55ff95a660f37cb05e644e7691e6c66593f453cb2cbaa4d64aa59b40ae8032	0701c2d2b1061f474ed254fa746880ff32eb3303bd7ad9a7f6af7912524dd752	4	1	3	ok	complete	byte8	ba2b6282a813a6a0	ba2b6282a813a6a0	1	47fe0d7eaf8e51e3	47fe0d7eaf8e51e3	1	0	L1_L2_exact
p5-determinism-r04	determinism	4	0	tiny-ac-q13-r00	tiny_exhaustive	ac_lengths_1_to_3	compact	generated	8c55ff95a660f37cb05e644e7691e6c66593f453cb2cbaa4d64aa59b40ae8032	559aead08264d5795d3909718cdd05abd49572e84fe55590eef31a88a08fdffd	10b20ed746c56af6b53b6562154276165267d6d12c9a0a357b08996e43987727	4	3	1	ok	complete	byte8	842360170b01e222	842360170b01e222	1	47fe0d7eaf8e51e3	47fe0d7eaf8e51e3	1	0	L1_L2_exact
p5-determinism-r04	determinism	4	0	tiny-ac-q13-r13	tiny_exhaustive	ac_lengths_1_to_3	compact	generated	8c55ff95a660f37cb05e644e7691e6c66593f453cb2cbaa4d64aa59b40ae8032	8c55ff95a660f37cb05e644e7691e6c66593f453cb2cbaa4d64aa59b40ae8032	3f7c5fabfda7d62ea01ca3d3d9ff6aee1f99eac85c9e28e054465c9400aec500	14	3	3	ok	complete	byte8	eb34ae9455b40c20	eb34ae9455b40c20	1	f12ec26b5541caaf	f12ec26b5541caaf	1	0	L1_L2_exact
p5-determinism-r04	determinism	4	0	adv-homopolymer	adversarial	homopolymer	compact	generated	d53eda7a637c99cc7fb566d96e9fa109bf15c478410a3f5eb4d4c4e26cd081f6	d53eda7a637c99cc7fb566d96e9fa109bf15c478410a3f5eb4d4c4e26cd081f6	5d60065216c79aa99c697b1a884c03d594d172b5980450792f4342ddb796ab83	65	64	64	ok	complete	byte8	636a9edea756b43c	636a9edea756b43c	1	15a44e253e77a0c9	15a44e253e77a0c9	1	0	L1_L2_exact
p5-determinism-r04	determinism	4	0	adv-periodic-repeat	adversarial	periodic_repeat	compact	generated	79ede2b4ec3a5e9a3fcff0d0ff723f4ad16579425c8a115ea87b80347bfc3d31	7a42384a486b0a8c3e692f7471068cdb97d172df8e50aac8ca4ba4db84eb965d	af1e4ba1fcece01a971a24a3de8b13fd396cb66fa8349b3f18855b8d39c4c253	65	96	96	ok	complete	byte8	fbd8f7966ffb601c	fbd8f7966ffb601c	1	15a44e253e77a0c9	15a44e253e77a0c9	1	0	L1_L2_exact
p5-determinism-r04	determinism	4	0	adv-palindrome-rc	adversarial	palindrome_reverse_complement	compact	generated	b28b7e7e6b70661dfee15d5290c4bca097ca145f721c4fbc4de73ad1d1660b8b	2cb35d1cad24afb4438d4afcf238b198727eb56d876a1711fc9a1943035db1b8	e13b2203571a6936572efb86b758ffc9e5e355fe96a73e30184703cfe234654e	39	8	12	ok	complete	byte8	82bd64841416404b	82bd64841416404b	1	3a91510e732d21a3	3a91510e732d21a3	1	0	L1_L2_exact
p5-determinism-r04	determinism	4	0	adv-equal-forward	adversarial	equal_forward_endpoints	compact	generated	1dff3e84fe7877e0673b69bbddcf40124e396e3f9943dd890c91b6a09adb9af0	f9e75d6f5bbfb97918b349e0449df0df01d356685f367b81801d7819b327ca40	febad290803b6f7a0bec87adcdf53cd08acd7f6460b279456094b586cdccad70	19	4	12	ok	complete	byte8	9d089ae3b27af37b	9d089ae3b27af37b	1	0f6c9b1419656395	0f6c9b1419656395	1	0	L1_L2_exact
p5-determinism-r04	determinism	4	0	adv-equal-reverse	adversarial	equal_reverse_starts	compact	generated	cd260c34e43eba951195b86cdeaacc132cdf601f5d13b73139b1b0f43f510027	fd235f7188cdf12c0992ab998cae73a0464c9730635728bdafe7a730a0d189b2	9f876994e4eec56f63525b04fef7a5b50ce19baec5e4b525d46440a20402ee32	39	8	13	ok	complete	byte8	a63792236e7f562e	a63792236e7f562e	1	87922fe4bcb806a6	87922fe4bcb806a6	1	0	L1_L2_exact
p5-determinism-r04	determinism	4	0	adv-equal-gap	adversarial	equal_gap_placements	compact	generated	9110442a5cc980d63ab57747020f39cdadaea1e27563449f672d25aa8df36a78	61752705bee70deea8b1a84d27f4f0d16e3c31fe5ee505be67481f04869f9af8	5cf6df6152b5652b9b948beb5a002e3579f84066e9068cb2cc3fa5237f7951d2	29	8	6	ok	complete	byte8	20f6b11d089a5396	20f6b11d089a5396	1	595e66ea63b6b159	595e66ea63b6b159	1	0	L1_L2_exact
p5-determinism-r04	determinism	4	0	adv-open-extend	adversarial	open_extend_tie	compact	generated	cfab373a91652a5f16b75c1af5805bc48f0cf6e5880ac93d6d463fefd30f20ba	1d65bf29403e4fb1767522a107c827b8884d16640cf0e3b18c4c1dd107e0d49d	422bc2a9131114f43d69717c7d743c4b49ee5d2c5210d0859586036dc1517206	49	11	10	ok	complete	byte8	dd0680e8f62e66d5	dd0680e8f62e66d5	1	47fe0d7eaf8e51e3	47fe0d7eaf8e51e3	1	0	L1_L2_exact
p5-determinism-r04	determinism	4	0	adv-e-f	adversarial	e_f_tie	compact	generated	61752705bee70deea8b1a84d27f4f0d16e3c31fe5ee505be67481f04869f9af8	a81868d0303e7101bbe66a6e48c16066db8567144561422eb2ce3718800c48ff	95e321ebf88d9f6d7d7ce99d107ddbbf1915085902e40838bbc7c85aba4f2e58	29	6	6	ok	complete	byte8	d627f5290af683d1	d627f5290af683d1	1	47fe0d7eaf8e51e3	47fe0d7eaf8e51e3	1	0	L1_L2_exact
p5-determinism-r04	determinism	4	0	adv-diagonal-gap	adversarial	diagonal_gap_tie	compact	generated	41c4f474da40a0f838394e8433183016ecd43bc791fee8d52b949d6088fcb9bd	9a9844a8e6445b60c136760a025851197248b4e3c78d97b74077dfb466b41cf7	be3a4ab8884303c1923a2d8a16208cfba6b8afc83793a91f9450813e9bebad6a	34	7	7	ok	complete	byte8	717c416acdc2eda9	717c416acdc2eda9	1	47fe0d7eaf8e51e3	47fe0d7eaf8e51e3	1	0	L1_L2_exact
p5-determinism-r04	determinism	4	0	adv-byte-boundary-253	adversarial	byte_boundary_253	compact	generated	9a185d379ac570597670cfa73588a51bb42ea477a0729d5c84aafefd7d94b40d	7b4ce97770f7df317a787643b19efb0c689c234c3b28791438f3f05766431a4b	db6634a9777670df3d8403b771d225c66dd5a84002d046f0b9e81cdc635b19ec	65	57	62	ok	complete	byte8	42fccd2a1d11636a	42fccd2a1d11636a	1	3803d1326a2d9886	3803d1326a2d9886	1	0	L1_L2_exact
p5-determinism-r04	determinism	4	0	adv-byte-boundary-255	adversarial	byte_boundary_255	compact	generated	903bc1be0207a9e13a2df149dfe5aa9910c7154813b4198b0c008b2161d327e8	903bc1be0207a9e13a2df149dfe5aa9910c7154813b4198b0c008b2161d327e8	77925ec35c040fc8cf5bc389db973afa8b3b24af968cebc6586c870a88d88764	65	51	51	ok	complete	byte8	a0adbcbd0409432f	a0adbcbd0409432f	1	15a44e253e77a0c9	15a44e253e77a0c9	1	0	L1_L2_exact
p5-determinism-r04	determinism	4	0	adv-length-0257	adversarial	length_boundary	compact	generated	56de553eb28f548e2c601a7da23ef5418f925649503c5677eb8e2d40aa29e7d1	3009c0f0f0b8334a565497c5c24a28a295f154c6e03c4b915f39d33f8eebebaf	bf549649e1e98e28482ce9acfd5698b20f37ceff05fe2c9fb5e0ace6855dc90a	65	257	257	ok	complete	byte8	9eb57301f6f3bb42	9eb57301f6f3bb42	1	15a44e253e77a0c9	15a44e253e77a0c9	1	0	L1_L2_exact
p5-determinism-r05	determinism	5	0	tiny-ac-q00-r00	tiny_exhaustive	ac_lengths_1_to_3	compact	generated	559aead08264d5795d3909718cdd05abd49572e84fe55590eef31a88a08fdffd	559aead08264d5795d3909718cdd05abd49572e84fe55590eef31a88a08fdffd	0f9b57a6d733d54b263696680d1cd9ec05cc91f0959de7eeb87a0edb9e62879a	4	1	1	ok	complete	byte8	af132f815a1fbf27	af132f815a1fbf27	1	6b449f74be9c1be7	6b449f74be9c1be7	1	0	L1_L2_exact
p5-determinism-r05	determinism	5	0	tiny-ac-q00-r13	tiny_exhaustive	ac_lengths_1_to_3	compact	generated	559aead08264d5795d3909718cdd05abd49572e84fe55590eef31a88a08fdffd	8c55ff95a660f37cb05e644e7691e6c66593f453cb2cbaa4d64aa59b40ae8032	0701c2d2b1061f474ed254fa746880ff32eb3303bd7ad9a7f6af7912524dd752	4	1	3	ok	complete	byte8	ba2b6282a813a6a0	ba2b6282a813a6a0	1	47fe0d7eaf8e51e3	47fe0d7eaf8e51e3	1	0	L1_L2_exact
p5-determinism-r05	determinism	5	0	tiny-ac-q13-r00	tiny_exhaustive	ac_lengths_1_to_3	compact	generated	8c55ff95a660f37cb05e644e7691e6c66593f453cb2cbaa4d64aa59b40ae8032	559aead08264d5795d3909718cdd05abd49572e84fe55590eef31a88a08fdffd	10b20ed746c56af6b53b6562154276165267d6d12c9a0a357b08996e43987727	4	3	1	ok	complete	byte8	842360170b01e222	842360170b01e222	1	47fe0d7eaf8e51e3	47fe0d7eaf8e51e3	1	0	L1_L2_exact
p5-determinism-r05	determinism	5	0	tiny-ac-q13-r13	tiny_exhaustive	ac_lengths_1_to_3	compact	generated	8c55ff95a660f37cb05e644e7691e6c66593f453cb2cbaa4d64aa59b40ae8032	8c55ff95a660f37cb05e644e7691e6c66593f453cb2cbaa4d64aa59b40ae8032	3f7c5fabfda7d62ea01ca3d3d9ff6aee1f99eac85c9e28e054465c9400aec500	14	3	3	ok	complete	byte8	eb34ae9455b40c20	eb34ae9455b40c20	1	f12ec26b5541caaf	f12ec26b5541caaf	1	0	L1_L2_exact
p5-determinism-r05	determinism	5	0	adv-homopolymer	adversarial	homopolymer	compact	generated	d53eda7a637c99cc7fb566d96e9fa109bf15c478410a3f5eb4d4c4e26cd081f6	d53eda7a637c99cc7fb566d96e9fa109bf15c478410a3f5eb4d4c4e26cd081f6	5d60065216c79aa99c697b1a884c03d594d172b5980450792f4342ddb796ab83	65	64	64	ok	complete	byte8	636a9edea756b43c	636a9edea756b43c	1	15a44e253e77a0c9	15a44e253e77a0c9	1	0	L1_L2_exact
p5-determinism-r05	determinism	5	0	adv-periodic-repeat	adversarial	periodic_repeat	compact	generated	79ede2b4ec3a5e9a3fcff0d0ff723f4ad16579425c8a115ea87b80347bfc3d31	7a42384a486b0a8c3e692f7471068cdb97d172df8e50aac8ca4ba4db84eb965d	af1e4ba1fcece01a971a24a3de8b13fd396cb66fa8349b3f18855b8d39c4c253	65	96	96	ok	complete	byte8	fbd8f7966ffb601c	fbd8f7966ffb601c	1	15a44e253e77a0c9	15a44e253e77a0c9	1	0	L1_L2_exact
p5-determinism-r05	determinism	5	0	adv-palindrome-rc	adversarial	palindrome_reverse_complement	compact	generated	b28b7e7e6b70661dfee15d5290c4bca097ca145f721c4fbc4de73ad1d1660b8b	2cb35d1cad24afb4438d4afcf238b198727eb56d876a1711fc9a1943035db1b8	e13b2203571a6936572efb86b758ffc9e5e355fe96a73e30184703cfe234654e	39	8	12	ok	complete	byte8	82bd64841416404b	82bd64841416404b	1	3a91510e732d21a3	3a91510e732d21a3	1	0	L1_L2_exact
p5-determinism-r05	determinism	5	0	adv-equal-forward	adversarial	equal_forward_endpoints	compact	generated	1dff3e84fe7877e0673b69bbddcf40124e396e3f9943dd890c91b6a09adb9af0	f9e75d6f5bbfb97918b349e0449df0df01d356685f367b81801d7819b327ca40	febad290803b6f7a0bec87adcdf53cd08acd7f6460b279456094b586cdccad70	19	4	12	ok	complete	byte8	9d089ae3b27af37b	9d089ae3b27af37b	1	0f6c9b1419656395	0f6c9b1419656395	1	0	L1_L2_exact
p5-determinism-r05	determinism	5	0	adv-equal-reverse	adversarial	equal_reverse_starts	compact	generated	cd260c34e43eba951195b86cdeaacc132cdf601f5d13b73139b1b0f43f510027	fd235f7188cdf12c0992ab998cae73a0464c9730635728bdafe7a730a0d189b2	9f876994e4eec56f63525b04fef7a5b50ce19baec5e4b525d46440a20402ee32	39	8	13	ok	complete	byte8	a63792236e7f562e	a63792236e7f562e	1	87922fe4bcb806a6	87922fe4bcb806a6	1	0	L1_L2_exact
p5-determinism-r05	determinism	5	0	adv-equal-gap	adversarial	equal_gap_placements	compact	generated	9110442a5cc980d63ab57747020f39cdadaea1e27563449f672d25aa8df36a78	61752705bee70deea8b1a84d27f4f0d16e3c31fe5ee505be67481f04869f9af8	5cf6df6152b5652b9b948beb5a002e3579f84066e9068cb2cc3fa5237f7951d2	29	8	6	ok	complete	byte8	20f6b11d089a5396	20f6b11d089a5396	1	595e66ea63b6b159	595e66ea63b6b159	1	0	L1_L2_exact
p5-determinism-r05	determinism	5	0	adv-open-extend	adversarial	open_extend_tie	compact	generated	cfab373a91652a5f16b75c1af5805bc48f0cf6e5880ac93d6d463fefd30f20ba	1d65bf29403e4fb1767522a107c827b8884d16640cf0e3b18c4c1dd107e0d49d	422bc2a9131114f43d69717c7d743c4b49ee5d2c5210d0859586036dc1517206	49	11	10	ok	complete	byte8	dd0680e8f62e66d5	dd0680e8f62e66d5	1	47fe0d7eaf8e51e3	47fe0d7eaf8e51e3	1	0	L1_L2_exact
p5-determinism-r05	determinism	5	0	adv-e-f	adversarial	e_f_tie	compact	generated	61752705bee70deea8b1a84d27f4f0d16e3c31fe5ee505be67481f04869f9af8	a81868d0303e7101bbe66a6e48c16066db8567144561422eb2ce3718800c48ff	95e321ebf88d9f6d7d7ce99d107ddbbf1915085902e40838bbc7c85aba4f2e58	29	6	6	ok	complete	byte8	d627f5290af683d1	d627f5290af683d1	1	47fe0d7eaf8e51e3	47fe0d7eaf8e51e3	1	0	L1_L2_exact
p5-determinism-r05	determinism	5	0	adv-diagonal-gap	adversarial	diagonal_gap_tie	compact	generated	41c4f474da40a0f838394e8433183016ecd43bc791fee8d52b949d6088fcb9bd	9a9844a8e6445b60c136760a025851197248b4e3c78d97b74077dfb466b41cf7	be3a4ab8884303c1923a2d8a16208cfba6b8afc83793a91f9450813e9bebad6a	34	7	7	ok	complete	byte8	717c416acdc2eda9	717c416acdc2eda9	1	47fe0d7eaf8e51e3	47fe0d7eaf8e51e3	1	0	L1_L2_exact
p5-determinism-r05	determinism	5	0	adv-byte-boundary-253	adversarial	byte_boundary_253	compact	generated	9a185d379ac570597670cfa73588a51bb42ea477a0729d5c84aafefd7d94b40d	7b4ce97770f7df317a787643b19efb0c689c234c3b28791438f3f05766431a4b	db6634a9777670df3d8403b771d225c66dd5a84002d046f0b9e81cdc635b19ec	65	57	62	ok	complete	byte8	42fccd2a1d11636a	42fccd2a1d11636a	1	3803d1326a2d9886	3803d1326a2d9886	1	0	L1_L2_exact
p5-determinism-r05	determinism	5	0	adv-byte-boundary-255	adversarial	byte_boundary_255	compact	generated	903bc1be0207a9e13a2df149dfe5aa9910c7154813b4198b0c008b2161d327e8	903bc1be0207a9e13a2df149dfe5aa9910c7154813b4198b0c008b2161d327e8	77925ec35c040fc8cf5bc389db973afa8b3b24af968cebc6586c870a88d88764	65	51	51	ok	complete	byte8	a0adbcbd0409432f	a0adbcbd0409432f	1	15a44e253e77a0c9	15a44e253e77a0c9	1	0	L1_L2_exact
p5-determinism-r05	determinism	5	0	adv-length-0257	adversarial	length_boundary	compact	generated	56de553eb28f548e2c601a7da23ef5418f925649503c5677eb8e2d40aa29e7d1	3009c0f0f0b8334a565497c5c24a28a295f154c6e03c4b915f39d33f8eebebaf	bf549649e1e98e28482ce9acfd5698b20f37ceff05fe2c9fb5e0ace6855dc90a	65	257	257	ok	complete	byte8	9eb57301f6f3bb42	9eb57301f6f3bb42	1	15a44e253e77a0c9	15a44e253e77a0c9	1	0	L1_L2_exact
p5-determinism-r06	determinism	6	0	tiny-ac-q00-r00	tiny_exhaustive	ac_lengths_1_to_3	compact	generated	559aead08264d5795d3909718cdd05abd49572e84fe55590eef31a88a08fdffd	559aead08264d5795d3909718cdd05abd49572e84fe55590eef31a88a08fdffd	0f9b57a6d733d54b263696680d1cd9ec05cc91f0959de7eeb87a0edb9e62879a	4	1	1	ok	complete	byte8	af132f815a1fbf27	af132f815a1fbf27	1	6b449f74be9c1be7	6b449f74be9c1be7	1	0	L1_L2_exact
p5-determinism-r06	determinism	6	0	tiny-ac-q00-r13	tiny_exhaustive	ac_lengths_1_to_3	compact	generated	559aead08264d5795d3909718cdd05abd49572e84fe55590eef31a88a08fdffd	8c55ff95a660f37cb05e644e7691e6c66593f453cb2cbaa4d64aa59b40ae8032	0701c2d2b1061f474ed254fa746880ff32eb3303bd7ad9a7f6af7912524dd752	4	1	3	ok	complete	byte8	ba2b6282a813a6a0	ba2b6282a813a6a0	1	47fe0d7eaf8e51e3	47fe0d7eaf8e51e3	1	0	L1_L2_exact
p5-determinism-r06	determinism	6	0	tiny-ac-q13-r00	tiny_exhaustive	ac_lengths_1_to_3	compact	generated	8c55ff95a660f37cb05e644e7691e6c66593f453cb2cbaa4d64aa59b40ae8032	559aead08264d5795d3909718cdd05abd49572e84fe55590eef31a88a08fdffd	10b20ed746c56af6b53b6562154276165267d6d12c9a0a357b08996e43987727	4	3	1	ok	complete	byte8	842360170b01e222	842360170b01e222	1	47fe0d7eaf8e51e3	47fe0d7eaf8e51e3	1	0	L1_L2_exact
p5-determinism-r06	determinism	6	0	tiny-ac-q13-r13	tiny_exhaustive	ac_lengths_1_to_3	compact	generated	8c55ff95a660f37cb05e644e7691e6c66593f453cb2cbaa4d64aa59b40ae8032	8c55ff95a660f37cb05e644e7691e6c66593f453cb2cbaa4d64aa59b40ae8032	3f7c5fabfda7d62ea01ca3d3d9ff6aee1f99eac85c9e28e054465c9400aec500	14	3	3	ok	complete	byte8	eb34ae9455b40c20	eb34ae9455b40c20	1	f12ec26b5541caaf	f12ec26b5541caaf	1	0	L1_L2_exact
p5-determinism-r06	determinism	6	0	adv-homopolymer	adversarial	homopolymer	compact	generated	d53eda7a637c99cc7fb566d96e9fa109bf15c478410a3f5eb4d4c4e26cd081f6	d53eda7a637c99cc7fb566d96e9fa109bf15c478410a3f5eb4d4c4e26cd081f6	5d60065216c79aa99c697b1a884c03d594d172b5980450792f4342ddb796ab83	65	64	64	ok	complete	byte8	636a9edea756b43c	636a9edea756b43c	1	15a44e253e77a0c9	15a44e253e77a0c9	1	0	L1_L2_exact
p5-determinism-r06	determinism	6	0	adv-periodic-repeat	adversarial	periodic_repeat	compact	generated	79ede2b4ec3a5e9a3fcff0d0ff723f4ad16579425c8a115ea87b80347bfc3d31	7a42384a486b0a8c3e692f7471068cdb97d172df8e50aac8ca4ba4db84eb965d	af1e4ba1fcece01a971a24a3de8b13fd396cb66fa8349b3f18855b8d39c4c253	65	96	96	ok	complete	byte8	fbd8f7966ffb601c	fbd8f7966ffb601c	1	15a44e253e77a0c9	15a44e253e77a0c9	1	0	L1_L2_exact
p5-determinism-r06	determinism	6	0	adv-palindrome-rc	adversarial	palindrome_reverse_complement	compact	generated	b28b7e7e6b70661dfee15d5290c4bca097ca145f721c4fbc4de73ad1d1660b8b	2cb35d1cad24afb4438d4afcf238b198727eb56d876a1711fc9a1943035db1b8	e13b2203571a6936572efb86b758ffc9e5e355fe96a73e30184703cfe234654e	39	8	12	ok	complete	byte8	82bd64841416404b	82bd64841416404b	1	3a91510e732d21a3	3a91510e732d21a3	1	0	L1_L2_exact
p5-determinism-r06	determinism	6	0	adv-equal-forward	adversarial	equal_forward_endpoints	compact	generated	1dff3e84fe7877e0673b69bbddcf40124e396e3f9943dd890c91b6a09adb9af0	f9e75d6f5bbfb97918b349e0449df0df01d356685f367b81801d7819b327ca40	febad290803b6f7a0bec87adcdf53cd08acd7f6460b279456094b586cdccad70	19	4	12	ok	complete	byte8	9d089ae3b27af37b	9d089ae3b27af37b	1	0f6c9b1419656395	0f6c9b1419656395	1	0	L1_L2_exact
p5-determinism-r06	determinism	6	0	adv-equal-reverse	adversarial	equal_reverse_starts	compact	generated	cd260c34e43eba951195b86cdeaacc132cdf601f5d13b73139b1b0f43f510027	fd235f7188cdf12c0992ab998cae73a0464c9730635728bdafe7a730a0d189b2	9f876994e4eec56f63525b04fef7a5b50ce19baec5e4b525d46440a20402ee32	39	8	13	ok	complete	byte8	a63792236e7f562e	a63792236e7f562e	1	87922fe4bcb806a6	87922fe4bcb806a6	1	0	L1_L2_exact
p5-determinism-r06	determinism	6	0	adv-equal-gap	adversarial	equal_gap_placements	compact	generated	9110442a5cc980d63ab57747020f39cdadaea1e27563449f672d25aa8df36a78	61752705bee70deea8b1a84d27f4f0d16e3c31fe5ee505be67481f04869f9af8	5cf6df6152b5652b9b948beb5a002e3579f84066e9068cb2cc3fa5237f7951d2	29	8	6	ok	complete	byte8	20f6b11d089a5396	20f6b11d089a5396	1	595e66ea63b6b159	595e66ea63b6b159	1	0	L1_L2_exact
p5-determinism-r06	determinism	6	0	adv-open-extend	adversarial	open_extend_tie	compact	generated	cfab373a91652a5f16b75c1af5805bc48f0cf6e5880ac93d6d463fefd30f20ba	1d65bf29403e4fb1767522a107c827b8884d16640cf0e3b18c4c1dd107e0d49d	422bc2a9131114f43d69717c7d743c4b49ee5d2c5210d0859586036dc1517206	49	11	10	ok	complete	byte8	dd0680e8f62e66d5	dd0680e8f62e66d5	1	47fe0d7eaf8e51e3	47fe0d7eaf8e51e3	1	0	L1_L2_exact
p5-determinism-r06	determinism	6	0	adv-e-f	adversarial	e_f_tie	compact	generated	61752705bee70deea8b1a84d27f4f0d16e3c31fe5ee505be67481f04869f9af8	a81868d0303e7101bbe66a6e48c16066db8567144561422eb2ce3718800c48ff	95e321ebf88d9f6d7d7ce99d107ddbbf1915085902e40838bbc7c85aba4f2e58	29	6	6	ok	complete	byte8	d627f5290af683d1	d627f5290af683d1	1	47fe0d7eaf8e51e3	47fe0d7eaf8e51e3	1	0	L1_L2_exact
p5-determinism-r06	determinism	6	0	adv-diagonal-gap	adversarial	diagonal_gap_tie	compact	generated	41c4f474da40a0f838394e8433183016ecd43bc791fee8d52b949d6088fcb9bd	9a9844a8e6445b60c136760a025851197248b4e3c78d97b74077dfb466b41cf7	be3a4ab8884303c1923a2d8a16208cfba6b8afc83793a91f9450813e9bebad6a	34	7	7	ok	complete	byte8	717c416acdc2eda9	717c416acdc2eda9	1	47fe0d7eaf8e51e3	47fe0d7eaf8e51e3	1	0	L1_L2_exact
p5-determinism-r06	determinism	6	0	adv-byte-boundary-253	adversarial	byte_boundary_253	compact	generated	9a185d379ac570597670cfa73588a51bb42ea477a0729d5c84aafefd7d94b40d	7b4ce97770f7df317a787643b19efb0c689c234c3b28791438f3f05766431a4b	db6634a9777670df3d8403b771d225c66dd5a84002d046f0b9e81cdc635b19ec	65	57	62	ok	complete	byte8	42fccd2a1d11636a	42fccd2a1d11636a	1	3803d1326a2d9886	3803d1326a2d9886	1	0	L1_L2_exact
p5-determinism-r06	determinism	6	0	adv-byte-boundary-255	adversarial	byte_boundary_255	compact	generated	903bc1be0207a9e13a2df149dfe5aa9910c7154813b4198b0c008b2161d327e8	903bc1be0207a9e13a2df149dfe5aa9910c7154813b4198b0c008b2161d327e8	77925ec35c040fc8cf5bc389db973afa8b3b24af968cebc6586c870a88d88764	65	51	51	ok	complete	byte8	a0adbcbd0409432f	a0adbcbd0409432f	1	15a44e253e77a0c9	15a44e253e77a0c9	1	0	L1_L2_exact
p5-determinism-r06	determinism	6	0	adv-length-0257	adversarial	length_boundary	compact	generated	56de553eb28f548e2c601a7da23ef5418f925649503c5677eb8e2d40aa29e7d1	3009c0f0f0b8334a565497c5c24a28a295f154c6e03c4b915f39d33f8eebebaf	bf549649e1e98e28482ce9acfd5698b20f37ceff05fe2c9fb5e0ace6855dc90a	65	257	257	ok	complete	byte8	9eb57301f6f3bb42	9eb57301f6f3bb42	1	15a44e253e77a0c9	15a44e253e77a0c9	1	0	L1_L2_exact
p5-determinism-r07	determinism	7	0	tiny-ac-q00-r00	tiny_exhaustive	ac_lengths_1_to_3	compact	generated	559aead08264d5795d3909718cdd05abd49572e84fe55590eef31a88a08fdffd	559aead08264d5795d3909718cdd05abd49572e84fe55590eef31a88a08fdffd	0f9b57a6d733d54b263696680d1cd9ec05cc91f0959de7eeb87a0edb9e62879a	4	1	1	ok	complete	byte8	af132f815a1fbf27	af132f815a1fbf27	1	6b449f74be9c1be7	6b449f74be9c1be7	1	0	L1_L2_exact
p5-determinism-r07	determinism	7	0	tiny-ac-q00-r13	tiny_exhaustive	ac_lengths_1_to_3	compact	generated	559aead08264d5795d3909718cdd05abd49572e84fe55590eef31a88a08fdffd	8c55ff95a660f37cb05e644e7691e6c66593f453cb2cbaa4d64aa59b40ae8032	0701c2d2b1061f474ed254fa746880ff32eb3303bd7ad9a7f6af7912524dd752	4	1	3	ok	complete	byte8	ba2b6282a813a6a0	ba2b6282a813a6a0	1	47fe0d7eaf8e51e3	47fe0d7eaf8e51e3	1	0	L1_L2_exact
p5-determinism-r07	determinism	7	0	tiny-ac-q13-r00	tiny_exhaustive	ac_lengths_1_to_3	compact	generated	8c55ff95a660f37cb05e644e7691e6c66593f453cb2cbaa4d64aa59b40ae8032	559aead08264d5795d3909718cdd05abd49572e84fe55590eef31a88a08fdffd	10b20ed746c56af6b53b6562154276165267d6d12c9a0a357b08996e43987727	4	3	1	ok	complete	byte8	842360170b01e222	842360170b01e222	1	47fe0d7eaf8e51e3	47fe0d7eaf8e51e3	1	0	L1_L2_exact
p5-determinism-r07	determinism	7	0	tiny-ac-q13-r13	tiny_exhaustive	ac_lengths_1_to_3	compact	generated	8c55ff95a660f37cb05e644e7691e6c66593f453cb2cbaa4d64aa59b40ae8032	8c55ff95a660f37cb05e644e7691e6c66593f453cb2cbaa4d64aa59b40ae8032	3f7c5fabfda7d62ea01ca3d3d9ff6aee1f99eac85c9e28e054465c9400aec500	14	3	3	ok	complete	byte8	eb34ae9455b40c20	eb34ae9455b40c20	1	f12ec26b5541caaf	f12ec26b5541caaf	1	0	L1_L2_exact
p5-determinism-r07	determinism	7	0	adv-homopolymer	adversarial	homopolymer	compact	generated	d53eda7a637c99cc7fb566d96e9fa109bf15c478410a3f5eb4d4c4e26cd081f6	d53eda7a637c99cc7fb566d96e9fa109bf15c478410a3f5eb4d4c4e26cd081f6	5d60065216c79aa99c697b1a884c03d594d172b5980450792f4342ddb796ab83	65	64	64	ok	complete	byte8	636a9edea756b43c	636a9edea756b43c	1	15a44e253e77a0c9	15a44e253e77a0c9	1	0	L1_L2_exact
p5-determinism-r07	determinism	7	0	adv-periodic-repeat	adversarial	periodic_repeat	compact	generated	79ede2b4ec3a5e9a3fcff0d0ff723f4ad16579425c8a115ea87b80347bfc3d31	7a42384a486b0a8c3e692f7471068cdb97d172df8e50aac8ca4ba4db84eb965d	af1e4ba1fcece01a971a24a3de8b13fd396cb66fa8349b3f18855b8d39c4c253	65	96	96	ok	complete	byte8	fbd8f7966ffb601c	fbd8f7966ffb601c	1	15a44e253e77a0c9	15a44e253e77a0c9	1	0	L1_L2_exact
p5-determinism-r07	determinism	7	0	adv-palindrome-rc	adversarial	palindrome_reverse_complement	compact	generated	b28b7e7e6b70661dfee15d5290c4bca097ca145f721c4fbc4de73ad1d1660b8b	2cb35d1cad24afb4438d4afcf238b198727eb56d876a1711fc9a1943035db1b8	e13b2203571a6936572efb86b758ffc9e5e355fe96a73e30184703cfe234654e	39	8	12	ok	complete	byte8	82bd64841416404b	82bd64841416404b	1	3a91510e732d21a3	3a91510e732d21a3	1	0	L1_L2_exact
p5-determinism-r07	determinism	7	0	adv-equal-forward	adversarial	equal_forward_endpoints	compact	generated	1dff3e84fe7877e0673b69bbddcf40124e396e3f9943dd890c91b6a09adb9af0	f9e75d6f5bbfb97918b349e0449df0df01d356685f367b81801d7819b327ca40	febad290803b6f7a0bec87adcdf53cd08acd7f6460b279456094b586cdccad70	19	4	12	ok	complete	byte8	9d089ae3b27af37b	9d089ae3b27af37b	1	0f6c9b1419656395	0f6c9b1419656395	1	0	L1_L2_exact
p5-determinism-r07	determinism	7	0	adv-equal-reverse	adversarial	equal_reverse_starts	compact	generated	cd260c34e43eba951195b86cdeaacc132cdf601f5d13b73139b1b0f43f510027	fd235f7188cdf12c0992ab998cae73a0464c9730635728bdafe7a730a0d189b2	9f876994e4eec56f63525b04fef7a5b50ce19baec5e4b525d46440a20402ee32	39	8	13	ok	complete	byte8	a63792236e7f562e	a63792236e7f562e	1	87922fe4bcb806a6	87922fe4bcb806a6	1	0	L1_L2_exact
p5-determinism-r07	determinism	7	0	adv-equal-gap	adversarial	equal_gap_placements	compact	generated	9110442a5cc980d63ab57747020f39cdadaea1e27563449f672d25aa8df36a78	61752705bee70deea8b1a84d27f4f0d16e3c31fe5ee505be67481f04869f9af8	5cf6df6152b5652b9b948beb5a002e3579f84066e9068cb2cc3fa5237f7951d2	29	8	6	ok	complete	byte8	20f6b11d089a5396	20f6b11d089a5396	1	595e66ea63b6b159	595e66ea63b6b159	1	0	L1_L2_exact
p5-determinism-r07	determinism	7	0	adv-open-extend	adversarial	open_extend_tie	compact	generated	cfab373a91652a5f16b75c1af5805bc48f0cf6e5880ac93d6d463fefd30f20ba	1d65bf29403e4fb1767522a107c827b8884d16640cf0e3b18c4c1dd107e0d49d	422bc2a9131114f43d69717c7d743c4b49ee5d2c5210d0859586036dc1517206	49	11	10	ok	complete	byte8	dd0680e8f62e66d5	dd0680e8f62e66d5	1	47fe0d7eaf8e51e3	47fe0d7eaf8e51e3	1	0	L1_L2_exact
p5-determinism-r07	determinism	7	0	adv-e-f	adversarial	e_f_tie	compact	generated	61752705bee70deea8b1a84d27f4f0d16e3c31fe5ee505be67481f04869f9af8	a81868d0303e7101bbe66a6e48c16066db8567144561422eb2ce3718800c48ff	95e321ebf88d9f6d7d7ce99d107ddbbf1915085902e40838bbc7c85aba4f2e58	29	6	6	ok	complete	byte8	d627f5290af683d1	d627f5290af683d1	1	47fe0d7eaf8e51e3	47fe0d7eaf8e51e3	1	0	L1_L2_exact
p5-determinism-r07	determinism	7	0	adv-diagonal-gap	adversarial	diagonal_gap_tie	compact	generated	41c4f474da40a0f838394e8433183016ecd43bc791fee8d52b949d6088fcb9bd	9a9844a8e6445b60c136760a025851197248b4e3c78d97b74077dfb466b41cf7	be3a4ab8884303c1923a2d8a16208cfba6b8afc83793a91f9450813e9bebad6a	34	7	7	ok	complete	byte8	717c416acdc2eda9	717c416acdc2eda9	1	47fe0d7eaf8e51e3	47fe0d7eaf8e51e3	1	0	L1_L2_exact
p5-determinism-r07	determinism	7	0	adv-byte-boundary-253	adversarial	byte_boundary_253	compact	generated	9a185d379ac570597670cfa73588a51bb42ea477a0729d5c84aafefd7d94b40d	7b4ce97770f7df317a787643b19efb0c689c234c3b28791438f3f05766431a4b	db6634a9777670df3d8403b771d225c66dd5a84002d046f0b9e81cdc635b19ec	65	57	62	ok	complete	byte8	42fccd2a1d11636a	42fccd2a1d11636a	1	3803d1326a2d9886	3803d1326a2d9886	1	0	L1_L2_exact
p5-determinism-r07	determinism	7	0	adv-byte-boundary-255	adversarial	byte_boundary_255	compact	generated	903bc1be0207a9e13a2df149dfe5aa9910c7154813b4198b0c008b2161d327e8	903bc1be0207a9e13a2df149dfe5aa9910c7154813b4198b0c008b2161d327e8	77925ec35c040fc8cf5bc389db973afa8b3b24af968cebc6586c870a88d88764	65	51	51	ok	complete	byte8	a0adbcbd0409432f	a0adbcbd0409432f	1	15a44e253e77a0c9	15a44e253e77a0c9	1	0	L1_L2_exact
p5-determinism-r07	determinism	7	0	adv-length-0257	adversarial	length_boundary	compact	generated	56de553eb28f548e2c601a7da23ef5418f925649503c5677eb8e2d40aa29e7d1	3009c0f0f0b8334a565497c5c24a28a295f154c6e03c4b915f39d33f8eebebaf	bf549649e1e98e28482ce9acfd5698b20f37ceff05fe2c9fb5e0ace6855dc90a	65	257	257	ok	complete	byte8	9eb57301f6f3bb42	9eb57301f6f3bb42	1	15a44e253e77a0c9	15a44e253e77a0c9	1	0	L1_L2_exact
p5-determinism-r08	determinism	8	0	tiny-ac-q00-r00	tiny_exhaustive	ac_lengths_1_to_3	compact	generated	559aead08264d5795d3909718cdd05abd49572e84fe55590eef31a88a08fdffd	559aead08264d5795d3909718cdd05abd49572e84fe55590eef31a88a08fdffd	0f9b57a6d733d54b263696680d1cd9ec05cc91f0959de7eeb87a0edb9e62879a	4	1	1	ok	complete	byte8	af132f815a1fbf27	af132f815a1fbf27	1	6b449f74be9c1be7	6b449f74be9c1be7	1	0	L1_L2_exact
p5-determinism-r08	determinism	8	0	tiny-ac-q00-r13	tiny_exhaustive	ac_lengths_1_to_3	compact	generated	559aead08264d5795d3909718cdd05abd49572e84fe55590eef31a88a08fdffd	8c55ff95a660f37cb05e644e7691e6c66593f453cb2cbaa4d64aa59b40ae8032	0701c2d2b1061f474ed254fa746880ff32eb3303bd7ad9a7f6af7912524dd752	4	1	3	ok	complete	byte8	ba2b6282a813a6a0	ba2b6282a813a6a0	1	47fe0d7eaf8e51e3	47fe0d7eaf8e51e3	1	0	L1_L2_exact
p5-determinism-r08	determinism	8	0	tiny-ac-q13-r00	tiny_exhaustive	ac_lengths_1_to_3	compact	generated	8c55ff95a660f37cb05e644e7691e6c66593f453cb2cbaa4d64aa59b40ae8032	559aead08264d5795d3909718cdd05abd49572e84fe55590eef31a88a08fdffd	10b20ed746c56af6b53b6562154276165267d6d12c9a0a357b08996e43987727	4	3	1	ok	complete	byte8	842360170b01e222	842360170b01e222	1	47fe0d7eaf8e51e3	47fe0d7eaf8e51e3	1	0	L1_L2_exact
p5-determinism-r08	determinism	8	0	tiny-ac-q13-r13	tiny_exhaustive	ac_lengths_1_to_3	compact	generated	8c55ff95a660f37cb05e644e7691e6c66593f453cb2cbaa4d64aa59b40ae8032	8c55ff95a660f37cb05e644e7691e6c66593f453cb2cbaa4d64aa59b40ae8032	3f7c5fabfda7d62ea01ca3d3d9ff6aee1f99eac85c9e28e054465c9400aec500	14	3	3	ok	complete	byte8	eb34ae9455b40c20	eb34ae9455b40c20	1	f12ec26b5541caaf	f12ec26b5541caaf	1	0	L1_L2_exact
p5-determinism-r08	determinism	8	0	adv-homopolymer	adversarial	homopolymer	compact	generated	d53eda7a637c99cc7fb566d96e9fa109bf15c478410a3f5eb4d4c4e26cd081f6	d53eda7a637c99cc7fb566d96e9fa109bf15c478410a3f5eb4d4c4e26cd081f6	5d60065216c79aa99c697b1a884c03d594d172b5980450792f4342ddb796ab83	65	64	64	ok	complete	byte8	636a9edea756b43c	636a9edea756b43c	1	15a44e253e77a0c9	15a44e253e77a0c9	1	0	L1_L2_exact
p5-determinism-r08	determinism	8	0	adv-periodic-repeat	adversarial	periodic_repeat	compact	generated	79ede2b4ec3a5e9a3fcff0d0ff723f4ad16579425c8a115ea87b80347bfc3d31	7a42384a486b0a8c3e692f7471068cdb97d172df8e50aac8ca4ba4db84eb965d	af1e4ba1fcece01a971a24a3de8b13fd396cb66fa8349b3f18855b8d39c4c253	65	96	96	ok	complete	byte8	fbd8f7966ffb601c	fbd8f7966ffb601c	1	15a44e253e77a0c9	15a44e253e77a0c9	1	0	L1_L2_exact
p5-determinism-r08	determinism	8	0	adv-palindrome-rc	adversarial	palindrome_reverse_complement	compact	generated	b28b7e7e6b70661dfee15d5290c4bca097ca145f721c4fbc4de73ad1d1660b8b	2cb35d1cad24afb4438d4afcf238b198727eb56d876a1711fc9a1943035db1b8	e13b2203571a6936572efb86b758ffc9e5e355fe96a73e30184703cfe234654e	39	8	12	ok	complete	byte8	82bd64841416404b	82bd64841416404b	1	3a91510e732d21a3	3a91510e732d21a3	1	0	L1_L2_exact
p5-determinism-r08	determinism	8	0	adv-equal-forward	adversarial	equal_forward_endpoints	compact	generated	1dff3e84fe7877e0673b69bbddcf40124e396e3f9943dd890c91b6a09adb9af0	f9e75d6f5bbfb97918b349e0449df0df01d356685f367b81801d7819b327ca40	febad290803b6f7a0bec87adcdf53cd08acd7f6460b279456094b586cdccad70	19	4	12	ok	complete	byte8	9d089ae3b27af37b	9d089ae3b27af37b	1	0f6c9b1419656395	0f6c9b1419656395	1	0	L1_L2_exact
p5-determinism-r08	determinism	8	0	adv-equal-reverse	adversarial	equal_reverse_starts	compact	generated	cd260c34e43eba951195b86cdeaacc132cdf601f5d13b73139b1b0f43f510027	fd235f7188cdf12c0992ab998cae73a0464c9730635728bdafe7a730a0d189b2	9f876994e4eec56f63525b04fef7a5b50ce19baec5e4b525d46440a20402ee32	39	8	13	ok	complete	byte8	a63792236e7f562e	a63792236e7f562e	1	87922fe4bcb806a6	87922fe4bcb806a6	1	0	L1_L2_exact
p5-determinism-r08	determinism	8	0	adv-equal-gap	adversarial	equal_gap_placements	compact	generated	9110442a5cc980d63ab57747020f39cdadaea1e27563449f672d25aa8df36a78	61752705bee70deea8b1a84d27f4f0d16e3c31fe5ee505be67481f04869f9af8	5cf6df6152b5652b9b948beb5a002e3579f84066e9068cb2cc3fa5237f7951d2	29	8	6	ok	complete	byte8	20f6b11d089a5396	20f6b11d089a5396	1	595e66ea63b6b159	595e66ea63b6b159	1	0	L1_L2_exact
p5-determinism-r08	determinism	8	0	adv-open-extend	adversarial	open_extend_tie	compact	generated	cfab373a91652a5f16b75c1af5805bc48f0cf6e5880ac93d6d463fefd30f20ba	1d65bf29403e4fb1767522a107c827b8884d16640cf0e3b18c4c1dd107e0d49d	422bc2a9131114f43d69717c7d743c4b49ee5d2c5210d0859586036dc1517206	49	11	10	ok	complete	byte8	dd0680e8f62e66d5	dd0680e8f62e66d5	1	47fe0d7eaf8e51e3	47fe0d7eaf8e51e3	1	0	L1_L2_exact
p5-determinism-r08	determinism	8	0	adv-e-f	adversarial	e_f_tie	compact	generated	61752705bee70deea8b1a84d27f4f0d16e3c31fe5ee505be67481f04869f9af8	a81868d0303e7101bbe66a6e48c16066db8567144561422eb2ce3718800c48ff	95e321ebf88d9f6d7d7ce99d107ddbbf1915085902e40838bbc7c85aba4f2e58	29	6	6	ok	complete	byte8	d627f5290af683d1	d627f5290af683d1	1	47fe0d7eaf8e51e3	47fe0d7eaf8e51e3	1	0	L1_L2_exact
p5-determinism-r08	determinism	8	0	adv-diagonal-gap	adversarial	diagonal_gap_tie	compact	generated	41c4f474da40a0f838394e8433183016ecd43bc791fee8d52b949d6088fcb9bd	9a9844a8e6445b60c136760a025851197248b4e3c78d97b74077dfb466b41cf7	be3a4ab8884303c1923a2d8a16208cfba6b8afc83793a91f9450813e9bebad6a	34	7	7	ok	complete	byte8	717c416acdc2eda9	717c416acdc2eda9	1	47fe0d7eaf8e51e3	47fe0d7eaf8e51e3	1	0	L1_L2_exact
p5-determinism-r08	determinism	8	0	adv-byte-boundary-253	adversarial	byte_boundary_253	compact	generated	9a185d379ac570597670cfa73588a51bb42ea477a0729d5c84aafefd7d94b40d	7b4ce97770f7df317a787643b19efb0c689c234c3b28791438f3f05766431a4b	db6634a9777670df3d8403b771d225c66dd5a84002d046f0b9e81cdc635b19ec	65	57	62	ok	complete	byte8	42fccd2a1d11636a	42fccd2a1d11636a	1	3803d1326a2d9886	3803d1326a2d9886	1	0	L1_L2_exact
p5-determinism-r08	determinism	8	0	adv-byte-boundary-255	adversarial	byte_boundary_255	compact	generated	903bc1be0207a9e13a2df149dfe5aa9910c7154813b4198b0c008b2161d327e8	903bc1be0207a9e13a2df149dfe5aa9910c7154813b4198b0c008b2161d327e8	77925ec35c040fc8cf5bc389db973afa8b3b24af968cebc6586c870a88d88764	65	51	51	ok	complete	byte8	a0adbcbd0409432f	a0adbcbd0409432f	1	15a44e253e77a0c9	15a44e253e77a0c9	1	0	L1_L2_exact
p5-determinism-r08	determinism	8	0	adv-length-0257	adversarial	length_boundary	compact	generated	56de553eb28f548e2c601a7da23ef5418f925649503c5677eb8e2d40aa29e7d1	3009c0f0f0b8334a565497c5c24a28a295f154c6e03c4b915f39d33f8eebebaf	bf549649e1e98e28482ce9acfd5698b20f37ceff05fe2c9fb5e0ace6855dc90a	65	257	257	ok	complete	byte8	9eb57301f6f3bb42	9eb57301f6f3bb42	1	15a44e253e77a0c9	15a44e253e77a0c9	1	0	L1_L2_exact
p5-determinism-r09	determinism	9	0	tiny-ac-q00-r00	tiny_exhaustive	ac_lengths_1_to_3	compact	generated	559aead08264d5795d3909718cdd05abd49572e84fe55590eef31a88a08fdffd	559aead08264d5795d3909718cdd05abd49572e84fe55590eef31a88a08fdffd	0f9b57a6d733d54b263696680d1cd9ec05cc91f0959de7eeb87a0edb9e62879a	4	1	1	ok	complete	byte8	af132f815a1fbf27	af132f815a1fbf27	1	6b449f74be9c1be7	6b449f74be9c1be7	1	0	L1_L2_exact
p5-determinism-r09	determinism	9	0	tiny-ac-q00-r13	tiny_exhaustive	ac_lengths_1_to_3	compact	generated	559aead08264d5795d3909718cdd05abd49572e84fe55590eef31a88a08fdffd	8c55ff95a660f37cb05e644e7691e6c66593f453cb2cbaa4d64aa59b40ae8032	0701c2d2b1061f474ed254fa746880ff32eb3303bd7ad9a7f6af7912524dd752	4	1	3	ok	complete	byte8	ba2b6282a813a6a0	ba2b6282a813a6a0	1	47fe0d7eaf8e51e3	47fe0d7eaf8e51e3	1	0	L1_L2_exact
p5-determinism-r09	determinism	9	0	tiny-ac-q13-r00	tiny_exhaustive	ac_lengths_1_to_3	compact	generated	8c55ff95a660f37cb05e644e7691e6c66593f453cb2cbaa4d64aa59b40ae8032	559aead08264d5795d3909718cdd05abd49572e84fe55590eef31a88a08fdffd	10b20ed746c56af6b53b6562154276165267d6d12c9a0a357b08996e43987727	4	3	1	ok	complete	byte8	842360170b01e222	842360170b01e222	1	47fe0d7eaf8e51e3	47fe0d7eaf8e51e3	1	0	L1_L2_exact
p5-determinism-r09	determinism	9	0	tiny-ac-q13-r13	tiny_exhaustive	ac_lengths_1_to_3	compact	generated	8c55ff95a660f37cb05e644e7691e6c66593f453cb2cbaa4d64aa59b40ae8032	8c55ff95a660f37cb05e644e7691e6c66593f453cb2cbaa4d64aa59b40ae8032	3f7c5fabfda7d62ea01ca3d3d9ff6aee1f99eac85c9e28e054465c9400aec500	14	3	3	ok	complete	byte8	eb34ae9455b40c20	eb34ae9455b40c20	1	f12ec26b5541caaf	f12ec26b5541caaf	1	0	L1_L2_exact
p5-determinism-r09	determinism	9	0	adv-homopolymer	adversarial	homopolymer	compact	generated	d53eda7a637c99cc7fb566d96e9fa109bf15c478410a3f5eb4d4c4e26cd081f6	d53eda7a637c99cc7fb566d96e9fa109bf15c478410a3f5eb4d4c4e26cd081f6	5d60065216c79aa99c697b1a884c03d594d172b5980450792f4342ddb796ab83	65	64	64	ok	complete	byte8	636a9edea756b43c	636a9edea756b43c	1	15a44e253e77a0c9	15a44e253e77a0c9	1	0	L1_L2_exact
p5-determinism-r09	determinism	9	0	adv-periodic-repeat	adversarial	periodic_repeat	compact	generated	79ede2b4ec3a5e9a3fcff0d0ff723f4ad16579425c8a115ea87b80347bfc3d31	7a42384a486b0a8c3e692f7471068cdb97d172df8e50aac8ca4ba4db84eb965d	af1e4ba1fcece01a971a24a3de8b13fd396cb66fa8349b3f18855b8d39c4c253	65	96	96	ok	complete	byte8	fbd8f7966ffb601c	fbd8f7966ffb601c	1	15a44e253e77a0c9	15a44e253e77a0c9	1	0	L1_L2_exact
p5-determinism-r09	determinism	9	0	adv-palindrome-rc	adversarial	palindrome_reverse_complement	compact	generated	b28b7e7e6b70661dfee15d5290c4bca097ca145f721c4fbc4de73ad1d1660b8b	2cb35d1cad24afb4438d4afcf238b198727eb56d876a1711fc9a1943035db1b8	e13b2203571a6936572efb86b758ffc9e5e355fe96a73e30184703cfe234654e	39	8	12	ok	complete	byte8	82bd64841416404b	82bd64841416404b	1	3a91510e732d21a3	3a91510e732d21a3	1	0	L1_L2_exact
p5-determinism-r09	determinism	9	0	adv-equal-forward	adversarial	equal_forward_endpoints	compact	generated	1dff3e84fe7877e0673b69bbddcf40124e396e3f9943dd890c91b6a09adb9af0	f9e75d6f5bbfb97918b349e0449df0df01d356685f367b81801d7819b327ca40	febad290803b6f7a0bec87adcdf53cd08acd7f6460b279456094b586cdccad70	19	4	12	ok	complete	byte8	9d089ae3b27af37b	9d089ae3b27af37b	1	0f6c9b1419656395	0f6c9b1419656395	1	0	L1_L2_exact
p5-determinism-r09	determinism	9	0	adv-equal-reverse	adversarial	equal_reverse_starts	compact	generated	cd260c34e43eba951195b86cdeaacc132cdf601f5d13b73139b1b0f43f510027	fd235f7188cdf12c0992ab998cae73a0464c9730635728bdafe7a730a0d189b2	9f876994e4eec56f63525b04fef7a5b50ce19baec5e4b525d46440a20402ee32	39	8	13	ok	complete	byte8	a63792236e7f562e	a63792236e7f562e	1	87922fe4bcb806a6	87922fe4bcb806a6	1	0	L1_L2_exact
p5-determinism-r09	determinism	9	0	adv-equal-gap	adversarial	equal_gap_placements	compact	generated	9110442a5cc980d63ab57747020f39cdadaea1e27563449f672d25aa8df36a78	61752705bee70deea8b1a84d27f4f0d16e3c31fe5ee505be67481f04869f9af8	5cf6df6152b5652b9b948beb5a002e3579f84066e9068cb2cc3fa5237f7951d2	29	8	6	ok	complete	byte8	20f6b11d089a5396	20f6b11d089a5396	1	595e66ea63b6b159	595e66ea63b6b159	1	0	L1_L2_exact
p5-determinism-r09	determinism	9	0	adv-open-extend	adversarial	open_extend_tie	compact	generated	cfab373a91652a5f16b75c1af5805bc48f0cf6e5880ac93d6d463fefd30f20ba	1d65bf29403e4fb1767522a107c827b8884d16640cf0e3b18c4c1dd107e0d49d	422bc2a9131114f43d69717c7d743c4b49ee5d2c5210d0859586036dc1517206	49	11	10	ok	complete	byte8	dd0680e8f62e66d5	dd0680e8f62e66d5	1	47fe0d7eaf8e51e3	47fe0d7eaf8e51e3	1	0	L1_L2_exact
p5-determinism-r09	determinism	9	0	adv-e-f	adversarial	e_f_tie	compact	generated	61752705bee70deea8b1a84d27f4f0d16e3c31fe5ee505be67481f04869f9af8	a81868d0303e7101bbe66a6e48c16066db8567144561422eb2ce3718800c48ff	95e321ebf88d9f6d7d7ce99d107ddbbf1915085902e40838bbc7c85aba4f2e58	29	6	6	ok	complete	byte8	d627f5290af683d1	d627f5290af683d1	1	47fe0d7eaf8e51e3	47fe0d7eaf8e51e3	1	0	L1_L2_exact
p5-determinism-r09	determinism	9	0	adv-diagonal-gap	adversarial	diagonal_gap_tie	compact	generated	41c4f474da40a0f838394e8433183016ecd43bc791fee8d52b949d6088fcb9bd	9a9844a8e6445b60c136760a025851197248b4e3c78d97b74077dfb466b41cf7	be3a4ab8884303c1923a2d8a16208cfba6b8afc83793a91f9450813e9bebad6a	34	7	7	ok	complete	byte8	717c416acdc2eda9	717c416acdc2eda9	1	47fe0d7eaf8e51e3	47fe0d7eaf8e51e3	1	0	L1_L2_exact
p5-determinism-r09	determinism	9	0	adv-byte-boundary-253	adversarial	byte_boundary_253	compact	generated	9a185d379ac570597670cfa73588a51bb42ea477a0729d5c84aafefd7d94b40d	7b4ce97770f7df317a787643b19efb0c689c234c3b28791438f3f05766431a4b	db6634a9777670df3d8403b771d225c66dd5a84002d046f0b9e81cdc635b19ec	65	57	62	ok	complete	byte8	42fccd2a1d11636a	42fccd2a1d11636a	1	3803d1326a2d9886	3803d1326a2d9886	1	0	L1_L2_exact
p5-determinism-r09	determinism	9	0	adv-byte-boundary-255	adversarial	byte_boundary_255	compact	generated	903bc1be0207a9e13a2df149dfe5aa9910c7154813b4198b0c008b2161d327e8	903bc1be0207a9e13a2df149dfe5aa9910c7154813b4198b0c008b2161d327e8	77925ec35c040fc8cf5bc389db973afa8b3b24af968cebc6586c870a88d88764	65	51	51	ok	complete	byte8	a0adbcbd0409432f	a0adbcbd0409432f	1	15a44e253e77a0c9	15a44e253e77a0c9	1	0	L1_L2_exact
p5-determinism-r09	determinism	9	0	adv-length-0257	adversarial	length_boundary	compact	generated	56de553eb28f548e2c601a7da23ef5418f925649503c5677eb8e2d40aa29e7d1	3009c0f0f0b8334a565497c5c24a28a295f154c6e03c4b915f39d33f8eebebaf	bf549649e1e98e28482ce9acfd5698b20f37ceff05fe2c9fb5e0ace6855dc90a	65	257	257	ok	complete	byte8	9eb57301f6f3bb42	9eb57301f6f3bb42	1	15a44e253e77a0c9	15a44e253e77a0c9	1	0	L1_L2_exact
p5-dual-gpu0	same_model_dual_gpu	0	0	tiny-ac-q00-r00	tiny_exhaustive	ac_lengths_1_to_3	compact	generated	559aead08264d5795d3909718cdd05abd49572e84fe55590eef31a88a08fdffd	559aead08264d5795d3909718cdd05abd49572e84fe55590eef31a88a08fdffd	0f9b57a6d733d54b263696680d1cd9ec05cc91f0959de7eeb87a0edb9e62879a	4	1	1	ok	complete	byte8	af132f815a1fbf27	af132f815a1fbf27	1	6b449f74be9c1be7	6b449f74be9c1be7	1	0	L1_L2_exact
p5-dual-gpu0	same_model_dual_gpu	0	0	tiny-ac-q00-r13	tiny_exhaustive	ac_lengths_1_to_3	compact	generated	559aead08264d5795d3909718cdd05abd49572e84fe55590eef31a88a08fdffd	8c55ff95a660f37cb05e644e7691e6c66593f453cb2cbaa4d64aa59b40ae8032	0701c2d2b1061f474ed254fa746880ff32eb3303bd7ad9a7f6af7912524dd752	4	1	3	ok	complete	byte8	ba2b6282a813a6a0	ba2b6282a813a6a0	1	47fe0d7eaf8e51e3	47fe0d7eaf8e51e3	1	0	L1_L2_exact
p5-dual-gpu0	same_model_dual_gpu	0	0	tiny-ac-q13-r00	tiny_exhaustive	ac_lengths_1_to_3	compact	generated	8c55ff95a660f37cb05e644e7691e6c66593f453cb2cbaa4d64aa59b40ae8032	559aead08264d5795d3909718cdd05abd49572e84fe55590eef31a88a08fdffd	10b20ed746c56af6b53b6562154276165267d6d12c9a0a357b08996e43987727	4	3	1	ok	complete	byte8	842360170b01e222	842360170b01e222	1	47fe0d7eaf8e51e3	47fe0d7eaf8e51e3	1	0	L1_L2_exact
p5-dual-gpu0	same_model_dual_gpu	0	0	tiny-ac-q13-r13	tiny_exhaustive	ac_lengths_1_to_3	compact	generated	8c55ff95a660f37cb05e644e7691e6c66593f453cb2cbaa4d64aa59b40ae8032	8c55ff95a660f37cb05e644e7691e6c66593f453cb2cbaa4d64aa59b40ae8032	3f7c5fabfda7d62ea01ca3d3d9ff6aee1f99eac85c9e28e054465c9400aec500	14	3	3	ok	complete	byte8	eb34ae9455b40c20	eb34ae9455b40c20	1	f12ec26b5541caaf	f12ec26b5541caaf	1	0	L1_L2_exact
p5-dual-gpu0	same_model_dual_gpu	0	0	adv-homopolymer	adversarial	homopolymer	compact	generated	d53eda7a637c99cc7fb566d96e9fa109bf15c478410a3f5eb4d4c4e26cd081f6	d53eda7a637c99cc7fb566d96e9fa109bf15c478410a3f5eb4d4c4e26cd081f6	5d60065216c79aa99c697b1a884c03d594d172b5980450792f4342ddb796ab83	65	64	64	ok	complete	byte8	636a9edea756b43c	636a9edea756b43c	1	15a44e253e77a0c9	15a44e253e77a0c9	1	0	L1_L2_exact
p5-dual-gpu0	same_model_dual_gpu	0	0	adv-periodic-repeat	adversarial	periodic_repeat	compact	generated	79ede2b4ec3a5e9a3fcff0d0ff723f4ad16579425c8a115ea87b80347bfc3d31	7a42384a486b0a8c3e692f7471068cdb97d172df8e50aac8ca4ba4db84eb965d	af1e4ba1fcece01a971a24a3de8b13fd396cb66fa8349b3f18855b8d39c4c253	65	96	96	ok	complete	byte8	fbd8f7966ffb601c	fbd8f7966ffb601c	1	15a44e253e77a0c9	15a44e253e77a0c9	1	0	L1_L2_exact
p5-dual-gpu0	same_model_dual_gpu	0	0	adv-palindrome-rc	adversarial	palindrome_reverse_complement	compact	generated	b28b7e7e6b70661dfee15d5290c4bca097ca145f721c4fbc4de73ad1d1660b8b	2cb35d1cad24afb4438d4afcf238b198727eb56d876a1711fc9a1943035db1b8	e13b2203571a6936572efb86b758ffc9e5e355fe96a73e30184703cfe234654e	39	8	12	ok	complete	byte8	82bd64841416404b	82bd64841416404b	1	3a91510e732d21a3	3a91510e732d21a3	1	0	L1_L2_exact
p5-dual-gpu0	same_model_dual_gpu	0	0	adv-equal-forward	adversarial	equal_forward_endpoints	compact	generated	1dff3e84fe7877e0673b69bbddcf40124e396e3f9943dd890c91b6a09adb9af0	f9e75d6f5bbfb97918b349e0449df0df01d356685f367b81801d7819b327ca40	febad290803b6f7a0bec87adcdf53cd08acd7f6460b279456094b586cdccad70	19	4	12	ok	complete	byte8	9d089ae3b27af37b	9d089ae3b27af37b	1	0f6c9b1419656395	0f6c9b1419656395	1	0	L1_L2_exact
p5-dual-gpu0	same_model_dual_gpu	0	0	adv-equal-reverse	adversarial	equal_reverse_starts	compact	generated	cd260c34e43eba951195b86cdeaacc132cdf601f5d13b73139b1b0f43f510027	fd235f7188cdf12c0992ab998cae73a0464c9730635728bdafe7a730a0d189b2	9f876994e4eec56f63525b04fef7a5b50ce19baec5e4b525d46440a20402ee32	39	8	13	ok	complete	byte8	a63792236e7f562e	a63792236e7f562e	1	87922fe4bcb806a6	87922fe4bcb806a6	1	0	L1_L2_exact
p5-dual-gpu0	same_model_dual_gpu	0	0	adv-equal-gap	adversarial	equal_gap_placements	compact	generated	9110442a5cc980d63ab57747020f39cdadaea1e27563449f672d25aa8df36a78	61752705bee70deea8b1a84d27f4f0d16e3c31fe5ee505be67481f04869f9af8	5cf6df6152b5652b9b948beb5a002e3579f84066e9068cb2cc3fa5237f7951d2	29	8	6	ok	complete	byte8	20f6b11d089a5396	20f6b11d089a5396	1	595e66ea63b6b159	595e66ea63b6b159	1	0	L1_L2_exact
p5-dual-gpu0	same_model_dual_gpu	0	0	adv-open-extend	adversarial	open_extend_tie	compact	generated	cfab373a91652a5f16b75c1af5805bc48f0cf6e5880ac93d6d463fefd30f20ba	1d65bf29403e4fb1767522a107c827b8884d16640cf0e3b18c4c1dd107e0d49d	422bc2a9131114f43d69717c7d743c4b49ee5d2c5210d0859586036dc1517206	49	11	10	ok	complete	byte8	dd0680e8f62e66d5	dd0680e8f62e66d5	1	47fe0d7eaf8e51e3	47fe0d7eaf8e51e3	1	0	L1_L2_exact
p5-dual-gpu0	same_model_dual_gpu	0	0	adv-e-f	adversarial	e_f_tie	compact	generated	61752705bee70deea8b1a84d27f4f0d16e3c31fe5ee505be67481f04869f9af8	a81868d0303e7101bbe66a6e48c16066db8567144561422eb2ce3718800c48ff	95e321ebf88d9f6d7d7ce99d107ddbbf1915085902e40838bbc7c85aba4f2e58	29	6	6	ok	complete	byte8	d627f5290af683d1	d627f5290af683d1	1	47fe0d7eaf8e51e3	47fe0d7eaf8e51e3	1	0	L1_L2_exact
p5-dual-gpu0	same_model_dual_gpu	0	0	adv-diagonal-gap	adversarial	diagonal_gap_tie	compact	generated	41c4f474da40a0f838394e8433183016ecd43bc791fee8d52b949d6088fcb9bd	9a9844a8e6445b60c136760a025851197248b4e3c78d97b74077dfb466b41cf7	be3a4ab8884303c1923a2d8a16208cfba6b8afc83793a91f9450813e9bebad6a	34	7	7	ok	complete	byte8	717c416acdc2eda9	717c416acdc2eda9	1	47fe0d7eaf8e51e3	47fe0d7eaf8e51e3	1	0	L1_L2_exact
p5-dual-gpu0	same_model_dual_gpu	0	0	adv-byte-boundary-253	adversarial	byte_boundary_253	compact	generated	9a185d379ac570597670cfa73588a51bb42ea477a0729d5c84aafefd7d94b40d	7b4ce97770f7df317a787643b19efb0c689c234c3b28791438f3f05766431a4b	db6634a9777670df3d8403b771d225c66dd5a84002d046f0b9e81cdc635b19ec	65	57	62	ok	complete	byte8	42fccd2a1d11636a	42fccd2a1d11636a	1	3803d1326a2d9886	3803d1326a2d9886	1	0	L1_L2_exact
p5-dual-gpu0	same_model_dual_gpu	0	0	adv-byte-boundary-255	adversarial	byte_boundary_255	compact	generated	903bc1be0207a9e13a2df149dfe5aa9910c7154813b4198b0c008b2161d327e8	903bc1be0207a9e13a2df149dfe5aa9910c7154813b4198b0c008b2161d327e8	77925ec35c040fc8cf5bc389db973afa8b3b24af968cebc6586c870a88d88764	65	51	51	ok	complete	byte8	a0adbcbd0409432f	a0adbcbd0409432f	1	15a44e253e77a0c9	15a44e253e77a0c9	1	0	L1_L2_exact
p5-dual-gpu0	same_model_dual_gpu	0	0	adv-length-0257	adversarial	length_boundary	compact	generated	56de553eb28f548e2c601a7da23ef5418f925649503c5677eb8e2d40aa29e7d1	3009c0f0f0b8334a565497c5c24a28a295f154c6e03c4b915f39d33f8eebebaf	bf549649e1e98e28482ce9acfd5698b20f37ceff05fe2c9fb5e0ace6855dc90a	65	257	257	ok	complete	byte8	9eb57301f6f3bb42	9eb57301f6f3bb42	1	15a44e253e77a0c9	15a44e253e77a0c9	1	0	L1_L2_exact
p5-dual-gpu1	same_model_dual_gpu	0	1	tiny-ac-q00-r00	tiny_exhaustive	ac_lengths_1_to_3	compact	generated	559aead08264d5795d3909718cdd05abd49572e84fe55590eef31a88a08fdffd	559aead08264d5795d3909718cdd05abd49572e84fe55590eef31a88a08fdffd	0f9b57a6d733d54b263696680d1cd9ec05cc91f0959de7eeb87a0edb9e62879a	4	1	1	ok	complete	byte8	af132f815a1fbf27	af132f815a1fbf27	1	6b449f74be9c1be7	6b449f74be9c1be7	1	0	L1_L2_exact
p5-dual-gpu1	same_model_dual_gpu	0	1	tiny-ac-q00-r13	tiny_exhaustive	ac_lengths_1_to_3	compact	generated	559aead08264d5795d3909718cdd05abd49572e84fe55590eef31a88a08fdffd	8c55ff95a660f37cb05e644e7691e6c66593f453cb2cbaa4d64aa59b40ae8032	0701c2d2b1061f474ed254fa746880ff32eb3303bd7ad9a7f6af7912524dd752	4	1	3	ok	complete	byte8	ba2b6282a813a6a0	ba2b6282a813a6a0	1	47fe0d7eaf8e51e3	47fe0d7eaf8e51e3	1	0	L1_L2_exact
p5-dual-gpu1	same_model_dual_gpu	0	1	tiny-ac-q13-r00	tiny_exhaustive	ac_lengths_1_to_3	compact	generated	8c55ff95a660f37cb05e644e7691e6c66593f453cb2cbaa4d64aa59b40ae8032	559aead08264d5795d3909718cdd05abd49572e84fe55590eef31a88a08fdffd	10b20ed746c56af6b53b6562154276165267d6d12c9a0a357b08996e43987727	4	3	1	ok	complete	byte8	842360170b01e222	842360170b01e222	1	47fe0d7eaf8e51e3	47fe0d7eaf8e51e3	1	0	L1_L2_exact
p5-dual-gpu1	same_model_dual_gpu	0	1	tiny-ac-q13-r13	tiny_exhaustive	ac_lengths_1_to_3	compact	generated	8c55ff95a660f37cb05e644e7691e6c66593f453cb2cbaa4d64aa59b40ae8032	8c55ff95a660f37cb05e644e7691e6c66593f453cb2cbaa4d64aa59b40ae8032	3f7c5fabfda7d62ea01ca3d3d9ff6aee1f99eac85c9e28e054465c9400aec500	14	3	3	ok	complete	byte8	eb34ae9455b40c20	eb34ae9455b40c20	1	f12ec26b5541caaf	f12ec26b5541caaf	1	0	L1_L2_exact
p5-dual-gpu1	same_model_dual_gpu	0	1	adv-homopolymer	adversarial	homopolymer	compact	generated	d53eda7a637c99cc7fb566d96e9fa109bf15c478410a3f5eb4d4c4e26cd081f6	d53eda7a637c99cc7fb566d96e9fa109bf15c478410a3f5eb4d4c4e26cd081f6	5d60065216c79aa99c697b1a884c03d594d172b5980450792f4342ddb796ab83	65	64	64	ok	complete	byte8	636a9edea756b43c	636a9edea756b43c	1	15a44e253e77a0c9	15a44e253e77a0c9	1	0	L1_L2_exact
p5-dual-gpu1	same_model_dual_gpu	0	1	adv-periodic-repeat	adversarial	periodic_repeat	compact	generated	79ede2b4ec3a5e9a3fcff0d0ff723f4ad16579425c8a115ea87b80347bfc3d31	7a42384a486b0a8c3e692f7471068cdb97d172df8e50aac8ca4ba4db84eb965d	af1e4ba1fcece01a971a24a3de8b13fd396cb66fa8349b3f18855b8d39c4c253	65	96	96	ok	complete	byte8	fbd8f7966ffb601c	fbd8f7966ffb601c	1	15a44e253e77a0c9	15a44e253e77a0c9	1	0	L1_L2_exact
p5-dual-gpu1	same_model_dual_gpu	0	1	adv-palindrome-rc	adversarial	palindrome_reverse_complement	compact	generated	b28b7e7e6b70661dfee15d5290c4bca097ca145f721c4fbc4de73ad1d1660b8b	2cb35d1cad24afb4438d4afcf238b198727eb56d876a1711fc9a1943035db1b8	e13b2203571a6936572efb86b758ffc9e5e355fe96a73e30184703cfe234654e	39	8	12	ok	complete	byte8	82bd64841416404b	82bd64841416404b	1	3a91510e732d21a3	3a91510e732d21a3	1	0	L1_L2_exact
p5-dual-gpu1	same_model_dual_gpu	0	1	adv-equal-forward	adversarial	equal_forward_endpoints	compact	generated	1dff3e84fe7877e0673b69bbddcf40124e396e3f9943dd890c91b6a09adb9af0	f9e75d6f5bbfb97918b349e0449df0df01d356685f367b81801d7819b327ca40	febad290803b6f7a0bec87adcdf53cd08acd7f6460b279456094b586cdccad70	19	4	12	ok	complete	byte8	9d089ae3b27af37b	9d089ae3b27af37b	1	0f6c9b1419656395	0f6c9b1419656395	1	0	L1_L2_exact
p5-dual-gpu1	same_model_dual_gpu	0	1	adv-equal-reverse	adversarial	equal_reverse_starts	compact	generated	cd260c34e43eba951195b86cdeaacc132cdf601f5d13b73139b1b0f43f510027	fd235f7188cdf12c0992ab998cae73a0464c9730635728bdafe7a730a0d189b2	9f876994e4eec56f63525b04fef7a5b50ce19baec5e4b525d46440a20402ee32	39	8	13	ok	complete	byte8	a63792236e7f562e	a63792236e7f562e	1	87922fe4bcb806a6	87922fe4bcb806a6	1	0	L1_L2_exact
p5-dual-gpu1	same_model_dual_gpu	0	1	adv-equal-gap	adversarial	equal_gap_placements	compact	generated	9110442a5cc980d63ab57747020f39cdadaea1e27563449f672d25aa8df36a78	61752705bee70deea8b1a84d27f4f0d16e3c31fe5ee505be67481f04869f9af8	5cf6df6152b5652b9b948beb5a002e3579f84066e9068cb2cc3fa5237f7951d2	29	8	6	ok	complete	byte8	20f6b11d089a5396	20f6b11d089a5396	1	595e66ea63b6b159	595e66ea63b6b159	1	0	L1_L2_exact
p5-dual-gpu1	same_model_dual_gpu	0	1	adv-open-extend	adversarial	open_extend_tie	compact	generated	cfab373a91652a5f16b75c1af5805bc48f0cf6e5880ac93d6d463fefd30f20ba	1d65bf29403e4fb1767522a107c827b8884d16640cf0e3b18c4c1dd107e0d49d	422bc2a9131114f43d69717c7d743c4b49ee5d2c5210d0859586036dc1517206	49	11	10	ok	complete	byte8	dd0680e8f62e66d5	dd0680e8f62e66d5	1	47fe0d7eaf8e51e3	47fe0d7eaf8e51e3	1	0	L1_L2_exact
p5-dual-gpu1	same_model_dual_gpu	0	1	adv-e-f	adversarial	e_f_tie	compact	generated	61752705bee70deea8b1a84d27f4f0d16e3c31fe5ee505be67481f04869f9af8	a81868d0303e7101bbe66a6e48c16066db8567144561422eb2ce3718800c48ff	95e321ebf88d9f6d7d7ce99d107ddbbf1915085902e40838bbc7c85aba4f2e58	29	6	6	ok	complete	byte8	d627f5290af683d1	d627f5290af683d1	1	47fe0d7eaf8e51e3	47fe0d7eaf8e51e3	1	0	L1_L2_exact
p5-dual-gpu1	same_model_dual_gpu	0	1	adv-diagonal-gap	adversarial	diagonal_gap_tie	compact	generated	41c4f474da40a0f838394e8433183016ecd43bc791fee8d52b949d6088fcb9bd	9a9844a8e6445b60c136760a025851197248b4e3c78d97b74077dfb466b41cf7	be3a4ab8884303c1923a2d8a16208cfba6b8afc83793a91f9450813e9bebad6a	34	7	7	ok	complete	byte8	717c416acdc2eda9	717c416acdc2eda9	1	47fe0d7eaf8e51e3	47fe0d7eaf8e51e3	1	0	L1_L2_exact
p5-dual-gpu1	same_model_dual_gpu	0	1	adv-byte-boundary-253	adversarial	byte_boundary_253	compact	generated	9a185d379ac570597670cfa73588a51bb42ea477a0729d5c84aafefd7d94b40d	7b4ce97770f7df317a787643b19efb0c689c234c3b28791438f3f05766431a4b	db6634a9777670df3d8403b771d225c66dd5a84002d046f0b9e81cdc635b19ec	65	57	62	ok	complete	byte8	42fccd2a1d11636a	42fccd2a1d11636a	1	3803d1326a2d9886	3803d1326a2d9886	1	0	L1_L2_exact
p5-dual-gpu1	same_model_dual_gpu	0	1	adv-byte-boundary-255	adversarial	byte_boundary_255	compact	generated	903bc1be0207a9e13a2df149dfe5aa9910c7154813b4198b0c008b2161d327e8	903bc1be0207a9e13a2df149dfe5aa9910c7154813b4198b0c008b2161d327e8	77925ec35c040fc8cf5bc389db973afa8b3b24af968cebc6586c870a88d88764	65	51	51	ok	complete	byte8	a0adbcbd0409432f	a0adbcbd0409432f	1	15a44e253e77a0c9	15a44e253e77a0c9	1	0	L1_L2_exact
p5-dual-gpu1	same_model_dual_gpu	0	1	adv-length-0257	adversarial	length_boundary	compact	generated	56de553eb28f548e2c601a7da23ef5418f925649503c5677eb8e2d40aa29e7d1	3009c0f0f0b8334a565497c5c24a28a295f154c6e03c4b915f39d33f8eebebaf	bf549649e1e98e28482ce9acfd5698b20f37ceff05fe2c9fb5e0ace6855dc90a	65	257	257	ok	complete	byte8	9eb57301f6f3bb42	9eb57301f6f3bb42	1	15a44e253e77a0c9	15a44e253e77a0c9	1	0	L1_L2_exact
p5-fail-empty_query	fail_closed	0	0	probe-empty_query	fail_closed	empty_query	probe	built_in_probe	NA	NA	NA	0	0	0	fail_closed	unsupported_input	NA	NA	NA	NA	NA	NA	NA	0	fail_closed
p5-fail-empty_reference	fail_closed	0	0	probe-empty_reference	fail_closed	empty_reference	probe	built_in_probe	NA	NA	NA	0	0	0	fail_closed	unsupported_input	NA	NA	NA	NA	NA	NA	NA	0	fail_closed
p5-fail-invalid_base	fail_closed	0	0	probe-invalid_base	fail_closed	invalid_base	probe	built_in_probe	NA	NA	NA	0	0	0	fail_closed	unsupported_input	NA	NA	NA	NA	NA	NA	NA	0	fail_closed
p5-fail-query_too_long	fail_closed	0	0	probe-query_too_long	fail_closed	query_too_long	probe	built_in_probe	NA	NA	NA	0	0	0	fail_closed	unsupported_input	NA	NA	NA	NA	NA	NA	NA	0	fail_closed
p5-fail-capacity	fail_closed	0	0	probe-capacity	fail_closed	capacity	probe	built_in_probe	NA	NA	NA	0	0	0	fail_closed	capacity_exceeded	NA	NA	NA	NA	NA	NA	NA	0	fail_closed
p5-fail-out_of_memory	fail_closed	0	0	probe-out_of_memory	fail_closed	out_of_memory	probe	built_in_probe	NA	NA	NA	0	0	0	fail_closed	out_of_memory	NA	NA	NA	NA	NA	NA	NA	0	fail_closed
p5-fail-contract_drift	fail_closed	0	0	probe-contract_drift	fail_closed	contract_drift	probe	built_in_probe	NA	NA	NA	0	0	0	fail_closed	unsupported_input	NA	NA	NA	NA	NA	NA	NA	0	fail_closed
p5-fail-device_out_of_range	fail_closed	0	0	probe-device_out_of_range	fail_closed	device_out_of_range	probe	built_in_probe	NA	NA	NA	0	0	0	fail_closed	invalid_argument	NA	NA	NA	NA	NA	NA	NA	0	fail_closed
