comparison_id	dataset_class	workload_id	repeat_id	ranking_mode	mode_classifications	detail_kind	authority_index	candidate_index	authority_rank	candidate_rank	authority_site_digest	candidate_site_digest	target_overlap	query_representative_overlap	query_cluster_overlap	ungapped_tfo_equal	ungapped_tts_equal	target_endpoint_l1	query_endpoint_l1	cluster_center_distance	query_endpoint_shift	target_endpoint_shift	cluster_geometry_shift	rank_displacement	score_delta_candidate_minus_authority	nt_delta_candidate_minus_authority	stability_delta_candidate_minus_authority	strict_row_equal
canonical_hybrid_v2_former_fresh:vh001__repeat00	canonical_hybrid_v2_former_fresh_60_regression_only	vh001	0	score		matched	0	0	1	1	45e43d199af202fc12c1f35dd1be35d71a02c46e0eefeb4fecc3554bf2ea56d3	45e43d199af202fc12c1f35dd1be35d71a02c46e0eefeb4fecc3554bf2ea56d3	1	1	1	1	1	0	0	0	0	0	0	0	0	0	0	1
canonical_hybrid_v2_former_fresh:vh001__repeat00	canonical_hybrid_v2_former_fresh_60_regression_only	vh001	0	score		matched	1	1	2	2	b029888766f77476d0bbae7ebe279d5c267e98b278a2944cf85402266bbe232d	b029888766f77476d0bbae7ebe279d5c267e98b278a2944cf85402266bbe232d	1	1	1	1	1	0	0	0	0	0	0	0	0	0	0	1
canonical_hybrid_v2_former_fresh:vh001__repeat00	canonical_hybrid_v2_former_fresh_60_regression_only	vh001	0	score		matched	2	2	3	3	9b4b79c759894983f375a3542d46ee060172a252c01874c41cd51881f2b295f4	9b4b79c759894983f375a3542d46ee060172a252c01874c41cd51881f2b295f4	1	1	1	1	1	0	0	0	0	0	0	0	0	0	0	1
canonical_hybrid_v2_former_fresh:vh001__repeat00	canonical_hybrid_v2_former_fresh_60_regression_only	vh001	0	score		matched	3	3	4	4	79b469ed3492099071f02046c396f2e0cd3fdb53e0ecd44ba3fec911a0d7741d	79b469ed3492099071f02046c396f2e0cd3fdb53e0ecd44ba3fec911a0d7741d	1	1	1	1	1	0	0	0	0	0	0	0	0	0	0	1
canonical_hybrid_v2_former_fresh:vh001__repeat00	canonical_hybrid_v2_former_fresh_60_regression_only	vh001	0	stability		matched	0	0	1	1	1faa83cc92ab5ce30ba4a2a3a2c0fad3103c7ef2174fcdc0f309a6d7f859469f	1faa83cc92ab5ce30ba4a2a3a2c0fad3103c7ef2174fcdc0f309a6d7f859469f	1	1	1	1	1	0	0	0	0	0	0	0	0	0	0	1
canonical_hybrid_v2_former_fresh:vh001__repeat00	canonical_hybrid_v2_former_fresh_60_regression_only	vh001	0	stability		matched	1	1	2	2	79b469ed3492099071f02046c396f2e0cd3fdb53e0ecd44ba3fec911a0d7741d	79b469ed3492099071f02046c396f2e0cd3fdb53e0ecd44ba3fec911a0d7741d	1	1	1	1	1	0	0	0	0	0	0	0	0	0	0	1
canonical_hybrid_v2_former_fresh:vh001__repeat00	canonical_hybrid_v2_former_fresh_60_regression_only	vh001	0	stability		matched	2	2	3	3	a477ca62d98c90ca3e14c9fd3295df05106bfe91bd43da48dae0df93e9f9cda4	a477ca62d98c90ca3e14c9fd3295df05106bfe91bd43da48dae0df93e9f9cda4	1	1	1	1	1	0	0	0	0	0	0	0	0	0	0	1
canonical_hybrid_v2_former_fresh:vh001__repeat00	canonical_hybrid_v2_former_fresh_60_regression_only	vh001	0	stability		matched	3	3	4	4	9b4b79c759894983f375a3542d46ee060172a252c01874c41cd51881f2b295f4	9b4b79c759894983f375a3542d46ee060172a252c01874c41cd51881f2b295f4	1	1	1	1	1	0	0	0	0	0	0	0	0	0	0	1
canonical_hybrid_v2_former_fresh:vh001__repeat00	canonical_hybrid_v2_former_fresh_60_regression_only	vh001	0	nt		matched	0	0	1	1	d3e4a7ddda6f64bb47f1f87f132e54391e7936baa7d579c3bad8dcc83d551f31	d3e4a7ddda6f64bb47f1f87f132e54391e7936baa7d579c3bad8dcc83d551f31	1	1	1	1	1	0	0	0	0	0	0	0	0	0	0	1
canonical_hybrid_v2_former_fresh:vh001__repeat00	canonical_hybrid_v2_former_fresh_60_regression_only	vh001	0	nt		matched	1	1	2	2	b029888766f77476d0bbae7ebe279d5c267e98b278a2944cf85402266bbe232d	b029888766f77476d0bbae7ebe279d5c267e98b278a2944cf85402266bbe232d	1	1	1	1	1	0	0	0	0	0	0	0	0	0	0	1
canonical_hybrid_v2_former_fresh:vh001__repeat00	canonical_hybrid_v2_former_fresh_60_regression_only	vh001	0	nt		matched	2	2	3	3	79b469ed3492099071f02046c396f2e0cd3fdb53e0ecd44ba3fec911a0d7741d	79b469ed3492099071f02046c396f2e0cd3fdb53e0ecd44ba3fec911a0d7741d	1	1	1	1	1	0	0	0	0	0	0	0	0	0	0	1
canonical_hybrid_v2_former_fresh:vh001__repeat00	canonical_hybrid_v2_former_fresh_60_regression_only	vh001	0	nt		matched	3	3	4	4	9b4b79c759894983f375a3542d46ee060172a252c01874c41cd51881f2b295f4	9b4b79c759894983f375a3542d46ee060172a252c01874c41cd51881f2b295f4	1	1	1	1	1	0	0	0	0	0	0	0	0	0	0	1
canonical_hybrid_v2_former_fresh:vh001__repeat01	canonical_hybrid_v2_former_fresh_60_regression_only	vh001	1	score		matched	0	0	1	1	45e43d199af202fc12c1f35dd1be35d71a02c46e0eefeb4fecc3554bf2ea56d3	45e43d199af202fc12c1f35dd1be35d71a02c46e0eefeb4fecc3554bf2ea56d3	1	1	1	1	1	0	0	0	0	0	0	0	0	0	0	1
canonical_hybrid_v2_former_fresh:vh001__repeat01	canonical_hybrid_v2_former_fresh_60_regression_only	vh001	1	score		matched	1	1	2	2	b029888766f77476d0bbae7ebe279d5c267e98b278a2944cf85402266bbe232d	b029888766f77476d0bbae7ebe279d5c267e98b278a2944cf85402266bbe232d	1	1	1	1	1	0	0	0	0	0	0	0	0	0	0	1
canonical_hybrid_v2_former_fresh:vh001__repeat01	canonical_hybrid_v2_former_fresh_60_regression_only	vh001	1	score		matched	2	2	3	3	9b4b79c759894983f375a3542d46ee060172a252c01874c41cd51881f2b295f4	9b4b79c759894983f375a3542d46ee060172a252c01874c41cd51881f2b295f4	1	1	1	1	1	0	0	0	0	0	0	0	0	0	0	1
canonical_hybrid_v2_former_fresh:vh001__repeat01	canonical_hybrid_v2_former_fresh_60_regression_only	vh001	1	score		matched	3	3	4	4	79b469ed3492099071f02046c396f2e0cd3fdb53e0ecd44ba3fec911a0d7741d	79b469ed3492099071f02046c396f2e0cd3fdb53e0ecd44ba3fec911a0d7741d	1	1	1	1	1	0	0	0	0	0	0	0	0	0	0	1
canonical_hybrid_v2_former_fresh:vh001__repeat01	canonical_hybrid_v2_former_fresh_60_regression_only	vh001	1	stability		matched	0	0	1	1	1faa83cc92ab5ce30ba4a2a3a2c0fad3103c7ef2174fcdc0f309a6d7f859469f	1faa83cc92ab5ce30ba4a2a3a2c0fad3103c7ef2174fcdc0f309a6d7f859469f	1	1	1	1	1	0	0	0	0	0	0	0	0	0	0	1
canonical_hybrid_v2_former_fresh:vh001__repeat01	canonical_hybrid_v2_former_fresh_60_regression_only	vh001	1	stability		matched	1	1	2	2	79b469ed3492099071f02046c396f2e0cd3fdb53e0ecd44ba3fec911a0d7741d	79b469ed3492099071f02046c396f2e0cd3fdb53e0ecd44ba3fec911a0d7741d	1	1	1	1	1	0	0	0	0	0	0	0	0	0	0	1
canonical_hybrid_v2_former_fresh:vh001__repeat01	canonical_hybrid_v2_former_fresh_60_regression_only	vh001	1	stability		matched	2	2	3	3	a477ca62d98c90ca3e14c9fd3295df05106bfe91bd43da48dae0df93e9f9cda4	a477ca62d98c90ca3e14c9fd3295df05106bfe91bd43da48dae0df93e9f9cda4	1	1	1	1	1	0	0	0	0	0	0	0	0	0	0	1
canonical_hybrid_v2_former_fresh:vh001__repeat01	canonical_hybrid_v2_former_fresh_60_regression_only	vh001	1	stability		matched	3	3	4	4	9b4b79c759894983f375a3542d46ee060172a252c01874c41cd51881f2b295f4	9b4b79c759894983f375a3542d46ee060172a252c01874c41cd51881f2b295f4	1	1	1	1	1	0	0	0	0	0	0	0	0	0	0	1
canonical_hybrid_v2_former_fresh:vh001__repeat01	canonical_hybrid_v2_former_fresh_60_regression_only	vh001	1	nt		matched	0	0	1	1	d3e4a7ddda6f64bb47f1f87f132e54391e7936baa7d579c3bad8dcc83d551f31	d3e4a7ddda6f64bb47f1f87f132e54391e7936baa7d579c3bad8dcc83d551f31	1	1	1	1	1	0	0	0	0	0	0	0	0	0	0	1
canonical_hybrid_v2_former_fresh:vh001__repeat01	canonical_hybrid_v2_former_fresh_60_regression_only	vh001	1	nt		matched	1	1	2	2	b029888766f77476d0bbae7ebe279d5c267e98b278a2944cf85402266bbe232d	b029888766f77476d0bbae7ebe279d5c267e98b278a2944cf85402266bbe232d	1	1	1	1	1	0	0	0	0	0	0	0	0	0	0	1
canonical_hybrid_v2_former_fresh:vh001__repeat01	canonical_hybrid_v2_former_fresh_60_regression_only	vh001	1	nt		matched	2	2	3	3	79b469ed3492099071f02046c396f2e0cd3fdb53e0ecd44ba3fec911a0d7741d	79b469ed3492099071f02046c396f2e0cd3fdb53e0ecd44ba3fec911a0d7741d	1	1	1	1	1	0	0	0	0	0	0	0	0	0	0	1
canonical_hybrid_v2_former_fresh:vh001__repeat01	canonical_hybrid_v2_former_fresh_60_regression_only	vh001	1	nt		matched	3	3	4	4	9b4b79c759894983f375a3542d46ee060172a252c01874c41cd51881f2b295f4	9b4b79c759894983f375a3542d46ee060172a252c01874c41cd51881f2b295f4	1	1	1	1	1	0	0	0	0	0	0	0	0	0	0	1
canonical_hybrid_v2_former_fresh:vh001__repeat02	canonical_hybrid_v2_former_fresh_60_regression_only	vh001	2	score		matched	0	0	1	1	45e43d199af202fc12c1f35dd1be35d71a02c46e0eefeb4fecc3554bf2ea56d3	45e43d199af202fc12c1f35dd1be35d71a02c46e0eefeb4fecc3554bf2ea56d3	1	1	1	1	1	0	0	0	0	0	0	0	0	0	0	1
canonical_hybrid_v2_former_fresh:vh001__repeat02	canonical_hybrid_v2_former_fresh_60_regression_only	vh001	2	score		matched	1	1	2	2	b029888766f77476d0bbae7ebe279d5c267e98b278a2944cf85402266bbe232d	b029888766f77476d0bbae7ebe279d5c267e98b278a2944cf85402266bbe232d	1	1	1	1	1	0	0	0	0	0	0	0	0	0	0	1
canonical_hybrid_v2_former_fresh:vh001__repeat02	canonical_hybrid_v2_former_fresh_60_regression_only	vh001	2	score		matched	2	2	3	3	9b4b79c759894983f375a3542d46ee060172a252c01874c41cd51881f2b295f4	9b4b79c759894983f375a3542d46ee060172a252c01874c41cd51881f2b295f4	1	1	1	1	1	0	0	0	0	0	0	0	0	0	0	1
canonical_hybrid_v2_former_fresh:vh001__repeat02	canonical_hybrid_v2_former_fresh_60_regression_only	vh001	2	score		matched	3	3	4	4	79b469ed3492099071f02046c396f2e0cd3fdb53e0ecd44ba3fec911a0d7741d	79b469ed3492099071f02046c396f2e0cd3fdb53e0ecd44ba3fec911a0d7741d	1	1	1	1	1	0	0	0	0	0	0	0	0	0	0	1
canonical_hybrid_v2_former_fresh:vh001__repeat02	canonical_hybrid_v2_former_fresh_60_regression_only	vh001	2	stability		matched	0	0	1	1	1faa83cc92ab5ce30ba4a2a3a2c0fad3103c7ef2174fcdc0f309a6d7f859469f	1faa83cc92ab5ce30ba4a2a3a2c0fad3103c7ef2174fcdc0f309a6d7f859469f	1	1	1	1	1	0	0	0	0	0	0	0	0	0	0	1
canonical_hybrid_v2_former_fresh:vh001__repeat02	canonical_hybrid_v2_former_fresh_60_regression_only	vh001	2	stability		matched	1	1	2	2	79b469ed3492099071f02046c396f2e0cd3fdb53e0ecd44ba3fec911a0d7741d	79b469ed3492099071f02046c396f2e0cd3fdb53e0ecd44ba3fec911a0d7741d	1	1	1	1	1	0	0	0	0	0	0	0	0	0	0	1
canonical_hybrid_v2_former_fresh:vh001__repeat02	canonical_hybrid_v2_former_fresh_60_regression_only	vh001	2	stability		matched	2	2	3	3	a477ca62d98c90ca3e14c9fd3295df05106bfe91bd43da48dae0df93e9f9cda4	a477ca62d98c90ca3e14c9fd3295df05106bfe91bd43da48dae0df93e9f9cda4	1	1	1	1	1	0	0	0	0	0	0	0	0	0	0	1
canonical_hybrid_v2_former_fresh:vh001__repeat02	canonical_hybrid_v2_former_fresh_60_regression_only	vh001	2	stability		matched	3	3	4	4	9b4b79c759894983f375a3542d46ee060172a252c01874c41cd51881f2b295f4	9b4b79c759894983f375a3542d46ee060172a252c01874c41cd51881f2b295f4	1	1	1	1	1	0	0	0	0	0	0	0	0	0	0	1
canonical_hybrid_v2_former_fresh:vh001__repeat02	canonical_hybrid_v2_former_fresh_60_regression_only	vh001	2	nt		matched	0	0	1	1	d3e4a7ddda6f64bb47f1f87f132e54391e7936baa7d579c3bad8dcc83d551f31	d3e4a7ddda6f64bb47f1f87f132e54391e7936baa7d579c3bad8dcc83d551f31	1	1	1	1	1	0	0	0	0	0	0	0	0	0	0	1
canonical_hybrid_v2_former_fresh:vh001__repeat02	canonical_hybrid_v2_former_fresh_60_regression_only	vh001	2	nt		matched	1	1	2	2	b029888766f77476d0bbae7ebe279d5c267e98b278a2944cf85402266bbe232d	b029888766f77476d0bbae7ebe279d5c267e98b278a2944cf85402266bbe232d	1	1	1	1	1	0	0	0	0	0	0	0	0	0	0	1
canonical_hybrid_v2_former_fresh:vh001__repeat02	canonical_hybrid_v2_former_fresh_60_regression_only	vh001	2	nt		matched	2	2	3	3	79b469ed3492099071f02046c396f2e0cd3fdb53e0ecd44ba3fec911a0d7741d	79b469ed3492099071f02046c396f2e0cd3fdb53e0ecd44ba3fec911a0d7741d	1	1	1	1	1	0	0	0	0	0	0	0	0	0	0	1
canonical_hybrid_v2_former_fresh:vh001__repeat02	canonical_hybrid_v2_former_fresh_60_regression_only	vh001	2	nt		matched	3	3	4	4	9b4b79c759894983f375a3542d46ee060172a252c01874c41cd51881f2b295f4	9b4b79c759894983f375a3542d46ee060172a252c01874c41cd51881f2b295f4	1	1	1	1	1	0	0	0	0	0	0	0	0	0	0	1
canonical_hybrid_v2_former_fresh:vh002__repeat00	canonical_hybrid_v2_former_fresh_60_regression_only	vh002	0	score		matched	0	0	1	1	1f9e3b50de07ec74cd05fa16b231102c316f8e7c7208b41d49c7e98cbb8a5a7b	1f9e3b50de07ec74cd05fa16b231102c316f8e7c7208b41d49c7e98cbb8a5a7b	1	1	1	1	1	0	0	0	0	0	0	0	0	0	0	1
canonical_hybrid_v2_former_fresh:vh002__repeat00	canonical_hybrid_v2_former_fresh_60_regression_only	vh002	0	score		matched	1	1	2	2	c16a601a14e0681a10ae0082b2c56f177c8fb3d7d9d5eb52884e030fae657d57	c16a601a14e0681a10ae0082b2c56f177c8fb3d7d9d5eb52884e030fae657d57	1	1	1	1	1	0	0	0	0	0	0	0	0	0	0	1
canonical_hybrid_v2_former_fresh:vh002__repeat00	canonical_hybrid_v2_former_fresh_60_regression_only	vh002	0	score		matched	2	2	3	3	0e55b1ace8a6663025bf68acd2bdcf3fdf4de204593838a639ed4b22d8b5858f	0e55b1ace8a6663025bf68acd2bdcf3fdf4de204593838a639ed4b22d8b5858f	1	1	1	1	1	0	0	0	0	0	0	0	0	0	0	1
canonical_hybrid_v2_former_fresh:vh002__repeat00	canonical_hybrid_v2_former_fresh_60_regression_only	vh002	0	score		matched	3	3	4	4	7f68365642b5361d2835ddb842be2c6f8f54474b6435ea9ec3d1ea672fd23127	7f68365642b5361d2835ddb842be2c6f8f54474b6435ea9ec3d1ea672fd23127	1	1	1	1	1	0	0	0	0	0	0	0	0	0	0	1
canonical_hybrid_v2_former_fresh:vh002__repeat00	canonical_hybrid_v2_former_fresh_60_regression_only	vh002	0	score		matched	4	4	5	5	9db5d6df6e58162be8a129f6735212c77b9b2a7f0e00b7b1a0c23304fd1cf0b0	9db5d6df6e58162be8a129f6735212c77b9b2a7f0e00b7b1a0c23304fd1cf0b0	1	1	1	1	1	0	0	0	0	0	0	0	0	0	0	1
canonical_hybrid_v2_former_fresh:vh002__repeat00	canonical_hybrid_v2_former_fresh_60_regression_only	vh002	0	stability		matched	0	0	1	1	dbfb7650c44c3277c0980ccbf273b78e9e41b07f8530a13092c938bbc4c65bc2	dbfb7650c44c3277c0980ccbf273b78e9e41b07f8530a13092c938bbc4c65bc2	1	1	1	1	1	0	0	0	0	0	0	0	0	0	0	1
canonical_hybrid_v2_former_fresh:vh002__repeat00	canonical_hybrid_v2_former_fresh_60_regression_only	vh002	0	stability		matched	1	1	2	2	1f9e3b50de07ec74cd05fa16b231102c316f8e7c7208b41d49c7e98cbb8a5a7b	1f9e3b50de07ec74cd05fa16b231102c316f8e7c7208b41d49c7e98cbb8a5a7b	1	1	1	1	1	0	0	0	0	0	0	0	0	0	0	1
canonical_hybrid_v2_former_fresh:vh002__repeat00	canonical_hybrid_v2_former_fresh_60_regression_only	vh002	0	stability		matched	2	2	3	3	9db5d6df6e58162be8a129f6735212c77b9b2a7f0e00b7b1a0c23304fd1cf0b0	9db5d6df6e58162be8a129f6735212c77b9b2a7f0e00b7b1a0c23304fd1cf0b0	1	1	1	1	1	0	0	0	0	0	0	0	0	0	0	1
canonical_hybrid_v2_former_fresh:vh002__repeat00	canonical_hybrid_v2_former_fresh_60_regression_only	vh002	0	stability		matched	3	3	4	4	0e55b1ace8a6663025bf68acd2bdcf3fdf4de204593838a639ed4b22d8b5858f	0e55b1ace8a6663025bf68acd2bdcf3fdf4de204593838a639ed4b22d8b5858f	1	1	1	1	1	0	0	0	0	0	0	0	0	0	0	1
canonical_hybrid_v2_former_fresh:vh002__repeat00	canonical_hybrid_v2_former_fresh_60_regression_only	vh002	0	stability		matched	4	4	5	5	7f68365642b5361d2835ddb842be2c6f8f54474b6435ea9ec3d1ea672fd23127	7f68365642b5361d2835ddb842be2c6f8f54474b6435ea9ec3d1ea672fd23127	1	1	1	1	1	0	0	0	0	0	0	0	0	0	0	1
canonical_hybrid_v2_former_fresh:vh002__repeat00	canonical_hybrid_v2_former_fresh_60_regression_only	vh002	0	nt		matched	0	0	1	1	1f9e3b50de07ec74cd05fa16b231102c316f8e7c7208b41d49c7e98cbb8a5a7b	1f9e3b50de07ec74cd05fa16b231102c316f8e7c7208b41d49c7e98cbb8a5a7b	1	1	1	1	1	0	0	0	0	0	0	0	0	0	0	1
canonical_hybrid_v2_former_fresh:vh002__repeat00	canonical_hybrid_v2_former_fresh_60_regression_only	vh002	0	nt		matched	1	1	2	2	7f68365642b5361d2835ddb842be2c6f8f54474b6435ea9ec3d1ea672fd23127	7f68365642b5361d2835ddb842be2c6f8f54474b6435ea9ec3d1ea672fd23127	1	1	1	1	1	0	0	0	0	0	0	0	0	0	0	1
canonical_hybrid_v2_former_fresh:vh002__repeat00	canonical_hybrid_v2_former_fresh_60_regression_only	vh002	0	nt		matched	2	2	3	3	c16a601a14e0681a10ae0082b2c56f177c8fb3d7d9d5eb52884e030fae657d57	c16a601a14e0681a10ae0082b2c56f177c8fb3d7d9d5eb52884e030fae657d57	1	1	1	1	1	0	0	0	0	0	0	0	0	0	0	1
canonical_hybrid_v2_former_fresh:vh002__repeat00	canonical_hybrid_v2_former_fresh_60_regression_only	vh002	0	nt		matched	3	3	4	4	9db5d6df6e58162be8a129f6735212c77b9b2a7f0e00b7b1a0c23304fd1cf0b0	9db5d6df6e58162be8a129f6735212c77b9b2a7f0e00b7b1a0c23304fd1cf0b0	1	1	1	1	1	0	0	0	0	0	0	0	0	0	0	1
canonical_hybrid_v2_former_fresh:vh002__repeat00	canonical_hybrid_v2_former_fresh_60_regression_only	vh002	0	nt		matched	4	4	5	5	dfad23bab4502beb3d8e619ccb54ee569a3b864b93bcb03d5fe72800f12f42b9	dfad23bab4502beb3d8e619ccb54ee569a3b864b93bcb03d5fe72800f12f42b9	1	1	1	1	1	0	0	0	0	0	0	0	0	0	0	1
canonical_hybrid_v2_former_fresh:vh003__repeat00	canonical_hybrid_v2_former_fresh_60_regression_only	vh003	0	score		matched	0	0	1	1	4a3033e78cf83b41169b095bf261e3efafa9b27a28d257a607605cd21ec5ecf5	4a3033e78cf83b41169b095bf261e3efafa9b27a28d257a607605cd21ec5ecf5	1	1	1	1	1	0	0	0	0	0	0	0	0	0	0	1
canonical_hybrid_v2_former_fresh:vh003__repeat00	canonical_hybrid_v2_former_fresh_60_regression_only	vh003	0	score		matched	1	1	2	2	9f5b9db06be6b9d3fb8834e3f6f6d1dae7e00221594d0b2ebcc697bc9d15aeb9	9f5b9db06be6b9d3fb8834e3f6f6d1dae7e00221594d0b2ebcc697bc9d15aeb9	1	1	1	1	1	0	0	0	0	0	0	0	0	0	0	1
canonical_hybrid_v2_former_fresh:vh003__repeat00	canonical_hybrid_v2_former_fresh_60_regression_only	vh003	0	score		matched	2	2	3	3	43a5717efff6a03fe1fae63e59180d4508a4f43627e36f66d6845dda22dc8612	43a5717efff6a03fe1fae63e59180d4508a4f43627e36f66d6845dda22dc8612	1	1	1	1	1	0	0	0	0	0	0	0	0	0	0	1
canonical_hybrid_v2_former_fresh:vh003__repeat00	canonical_hybrid_v2_former_fresh_60_regression_only	vh003	0	score		matched	3	3	4	4	c390de0d33df969594138ec51e81c28393dd0595576da8f9d3e5cd277fae0f50	c390de0d33df969594138ec51e81c28393dd0595576da8f9d3e5cd277fae0f50	1	1	1	1	1	0	0	0	0	0	0	0	0	0	0	1
canonical_hybrid_v2_former_fresh:vh003__repeat00	canonical_hybrid_v2_former_fresh_60_regression_only	vh003	0	score		matched	4	4	5	5	b449cf37c4de2e3052c7603ab476a71dbb28f3cd1de875c5365f8828b19d5cc7	b449cf37c4de2e3052c7603ab476a71dbb28f3cd1de875c5365f8828b19d5cc7	1	1	1	1	1	0	0	0	0	0	0	0	0	0	0	1
canonical_hybrid_v2_former_fresh:vh003__repeat00	canonical_hybrid_v2_former_fresh_60_regression_only	vh003	0	stability		matched	0	0	1	1	ce29f5c9188f3bf38edf3af36845d959b212d1d37a4d0e2595dcb2366b09dc2d	ce29f5c9188f3bf38edf3af36845d959b212d1d37a4d0e2595dcb2366b09dc2d	1	1	1	1	1	0	0	0	0	0	0	0	0	0	0	1
canonical_hybrid_v2_former_fresh:vh003__repeat00	canonical_hybrid_v2_former_fresh_60_regression_only	vh003	0	stability		matched	1	1	2	2	b449cf37c4de2e3052c7603ab476a71dbb28f3cd1de875c5365f8828b19d5cc7	b449cf37c4de2e3052c7603ab476a71dbb28f3cd1de875c5365f8828b19d5cc7	1	1	1	1	1	0	0	0	0	0	0	0	0	0	0	1
canonical_hybrid_v2_former_fresh:vh003__repeat00	canonical_hybrid_v2_former_fresh_60_regression_only	vh003	0	stability		matched	2	2	3	3	c390de0d33df969594138ec51e81c28393dd0595576da8f9d3e5cd277fae0f50	c390de0d33df969594138ec51e81c28393dd0595576da8f9d3e5cd277fae0f50	1	1	1	1	1	0	0	0	0	0	0	0	0	0	0	1
canonical_hybrid_v2_former_fresh:vh003__repeat00	canonical_hybrid_v2_former_fresh_60_regression_only	vh003	0	stability		matched	3	3	4	4	9f5b9db06be6b9d3fb8834e3f6f6d1dae7e00221594d0b2ebcc697bc9d15aeb9	9f5b9db06be6b9d3fb8834e3f6f6d1dae7e00221594d0b2ebcc697bc9d15aeb9	1	1	1	1	1	0	0	0	0	0	0	0	0	0	0	1
canonical_hybrid_v2_former_fresh:vh003__repeat00	canonical_hybrid_v2_former_fresh_60_regression_only	vh003	0	stability		matched	4	4	5	5	43a5717efff6a03fe1fae63e59180d4508a4f43627e36f66d6845dda22dc8612	43a5717efff6a03fe1fae63e59180d4508a4f43627e36f66d6845dda22dc8612	1	1	1	1	1	0	0	0	0	0	0	0	0	0	0	1
canonical_hybrid_v2_former_fresh:vh003__repeat00	canonical_hybrid_v2_former_fresh_60_regression_only	vh003	0	nt		matched	0	0	1	1	9f5b9db06be6b9d3fb8834e3f6f6d1dae7e00221594d0b2ebcc697bc9d15aeb9	9f5b9db06be6b9d3fb8834e3f6f6d1dae7e00221594d0b2ebcc697bc9d15aeb9	1	1	1	1	1	0	0	0	0	0	0	0	0	0	0	1
canonical_hybrid_v2_former_fresh:vh003__repeat00	canonical_hybrid_v2_former_fresh_60_regression_only	vh003	0	nt		matched	1	1	2	2	4fbf4c65345ee54496195120fffa932e7a0a5a664fe72f8354144606d60b4e4d	4fbf4c65345ee54496195120fffa932e7a0a5a664fe72f8354144606d60b4e4d	1	1	1	1	1	0	0	0	0	0	0	0	0	0	0	1
canonical_hybrid_v2_former_fresh:vh003__repeat00	canonical_hybrid_v2_former_fresh_60_regression_only	vh003	0	nt		matched	2	2	3	3	b449cf37c4de2e3052c7603ab476a71dbb28f3cd1de875c5365f8828b19d5cc7	b449cf37c4de2e3052c7603ab476a71dbb28f3cd1de875c5365f8828b19d5cc7	1	1	1	1	1	0	0	0	0	0	0	0	0	0	0	1
canonical_hybrid_v2_former_fresh:vh003__repeat00	canonical_hybrid_v2_former_fresh_60_regression_only	vh003	0	nt		matched	3	3	4	4	d5bf6aec893133840aceceba0b6a01fc6f91b5e30ce55d97f25b47ce2e6f32a8	d5bf6aec893133840aceceba0b6a01fc6f91b5e30ce55d97f25b47ce2e6f32a8	1	1	1	1	1	0	0	0	0	0	0	0	0	0	0	1
canonical_hybrid_v2_former_fresh:vh003__repeat00	canonical_hybrid_v2_former_fresh_60_regression_only	vh003	0	nt		matched	4	4	5	5	c390de0d33df969594138ec51e81c28393dd0595576da8f9d3e5cd277fae0f50	c390de0d33df969594138ec51e81c28393dd0595576da8f9d3e5cd277fae0f50	1	1	1	1	1	0	0	0	0	0	0	0	0	0	0	1
canonical_hybrid_v2_former_fresh:vh003__repeat01	canonical_hybrid_v2_former_fresh_60_regression_only	vh003	1	score		matched	0	0	1	1	4a3033e78cf83b41169b095bf261e3efafa9b27a28d257a607605cd21ec5ecf5	4a3033e78cf83b41169b095bf261e3efafa9b27a28d257a607605cd21ec5ecf5	1	1	1	1	1	0	0	0	0	0	0	0	0	0	0	1
canonical_hybrid_v2_former_fresh:vh003__repeat01	canonical_hybrid_v2_former_fresh_60_regression_only	vh003	1	score		matched	1	1	2	2	9f5b9db06be6b9d3fb8834e3f6f6d1dae7e00221594d0b2ebcc697bc9d15aeb9	9f5b9db06be6b9d3fb8834e3f6f6d1dae7e00221594d0b2ebcc697bc9d15aeb9	1	1	1	1	1	0	0	0	0	0	0	0	0	0	0	1
canonical_hybrid_v2_former_fresh:vh003__repeat01	canonical_hybrid_v2_former_fresh_60_regression_only	vh003	1	score		matched	2	2	3	3	43a5717efff6a03fe1fae63e59180d4508a4f43627e36f66d6845dda22dc8612	43a5717efff6a03fe1fae63e59180d4508a4f43627e36f66d6845dda22dc8612	1	1	1	1	1	0	0	0	0	0	0	0	0	0	0	1
canonical_hybrid_v2_former_fresh:vh003__repeat01	canonical_hybrid_v2_former_fresh_60_regression_only	vh003	1	score		matched	3	3	4	4	c390de0d33df969594138ec51e81c28393dd0595576da8f9d3e5cd277fae0f50	c390de0d33df969594138ec51e81c28393dd0595576da8f9d3e5cd277fae0f50	1	1	1	1	1	0	0	0	0	0	0	0	0	0	0	1
canonical_hybrid_v2_former_fresh:vh003__repeat01	canonical_hybrid_v2_former_fresh_60_regression_only	vh003	1	score		matched	4	4	5	5	b449cf37c4de2e3052c7603ab476a71dbb28f3cd1de875c5365f8828b19d5cc7	b449cf37c4de2e3052c7603ab476a71dbb28f3cd1de875c5365f8828b19d5cc7	1	1	1	1	1	0	0	0	0	0	0	0	0	0	0	1
canonical_hybrid_v2_former_fresh:vh003__repeat01	canonical_hybrid_v2_former_fresh_60_regression_only	vh003	1	stability		matched	0	0	1	1	ce29f5c9188f3bf38edf3af36845d959b212d1d37a4d0e2595dcb2366b09dc2d	ce29f5c9188f3bf38edf3af36845d959b212d1d37a4d0e2595dcb2366b09dc2d	1	1	1	1	1	0	0	0	0	0	0	0	0	0	0	1
canonical_hybrid_v2_former_fresh:vh003__repeat01	canonical_hybrid_v2_former_fresh_60_regression_only	vh003	1	stability		matched	1	1	2	2	b449cf37c4de2e3052c7603ab476a71dbb28f3cd1de875c5365f8828b19d5cc7	b449cf37c4de2e3052c7603ab476a71dbb28f3cd1de875c5365f8828b19d5cc7	1	1	1	1	1	0	0	0	0	0	0	0	0	0	0	1
canonical_hybrid_v2_former_fresh:vh003__repeat01	canonical_hybrid_v2_former_fresh_60_regression_only	vh003	1	stability		matched	2	2	3	3	c390de0d33df969594138ec51e81c28393dd0595576da8f9d3e5cd277fae0f50	c390de0d33df969594138ec51e81c28393dd0595576da8f9d3e5cd277fae0f50	1	1	1	1	1	0	0	0	0	0	0	0	0	0	0	1
canonical_hybrid_v2_former_fresh:vh003__repeat01	canonical_hybrid_v2_former_fresh_60_regression_only	vh003	1	stability		matched	3	3	4	4	9f5b9db06be6b9d3fb8834e3f6f6d1dae7e00221594d0b2ebcc697bc9d15aeb9	9f5b9db06be6b9d3fb8834e3f6f6d1dae7e00221594d0b2ebcc697bc9d15aeb9	1	1	1	1	1	0	0	0	0	0	0	0	0	0	0	1
canonical_hybrid_v2_former_fresh:vh003__repeat01	canonical_hybrid_v2_former_fresh_60_regression_only	vh003	1	stability		matched	4	4	5	5	43a5717efff6a03fe1fae63e59180d4508a4f43627e36f66d6845dda22dc8612	43a5717efff6a03fe1fae63e59180d4508a4f43627e36f66d6845dda22dc8612	1	1	1	1	1	0	0	0	0	0	0	0	0	0	0	1
canonical_hybrid_v2_former_fresh:vh003__repeat01	canonical_hybrid_v2_former_fresh_60_regression_only	vh003	1	nt		matched	0	0	1	1	9f5b9db06be6b9d3fb8834e3f6f6d1dae7e00221594d0b2ebcc697bc9d15aeb9	9f5b9db06be6b9d3fb8834e3f6f6d1dae7e00221594d0b2ebcc697bc9d15aeb9	1	1	1	1	1	0	0	0	0	0	0	0	0	0	0	1
canonical_hybrid_v2_former_fresh:vh003__repeat01	canonical_hybrid_v2_former_fresh_60_regression_only	vh003	1	nt		matched	1	1	2	2	4fbf4c65345ee54496195120fffa932e7a0a5a664fe72f8354144606d60b4e4d	4fbf4c65345ee54496195120fffa932e7a0a5a664fe72f8354144606d60b4e4d	1	1	1	1	1	0	0	0	0	0	0	0	0	0	0	1
canonical_hybrid_v2_former_fresh:vh003__repeat01	canonical_hybrid_v2_former_fresh_60_regression_only	vh003	1	nt		matched	2	2	3	3	b449cf37c4de2e3052c7603ab476a71dbb28f3cd1de875c5365f8828b19d5cc7	b449cf37c4de2e3052c7603ab476a71dbb28f3cd1de875c5365f8828b19d5cc7	1	1	1	1	1	0	0	0	0	0	0	0	0	0	0	1
canonical_hybrid_v2_former_fresh:vh003__repeat01	canonical_hybrid_v2_former_fresh_60_regression_only	vh003	1	nt		matched	3	3	4	4	d5bf6aec893133840aceceba0b6a01fc6f91b5e30ce55d97f25b47ce2e6f32a8	d5bf6aec893133840aceceba0b6a01fc6f91b5e30ce55d97f25b47ce2e6f32a8	1	1	1	1	1	0	0	0	0	0	0	0	0	0	0	1
canonical_hybrid_v2_former_fresh:vh003__repeat01	canonical_hybrid_v2_former_fresh_60_regression_only	vh003	1	nt		matched	4	4	5	5	c390de0d33df969594138ec51e81c28393dd0595576da8f9d3e5cd277fae0f50	c390de0d33df969594138ec51e81c28393dd0595576da8f9d3e5cd277fae0f50	1	1	1	1	1	0	0	0	0	0	0	0	0	0	0	1
canonical_hybrid_v2_former_fresh:vh003__repeat02	canonical_hybrid_v2_former_fresh_60_regression_only	vh003	2	score		matched	0	0	1	1	4a3033e78cf83b41169b095bf261e3efafa9b27a28d257a607605cd21ec5ecf5	4a3033e78cf83b41169b095bf261e3efafa9b27a28d257a607605cd21ec5ecf5	1	1	1	1	1	0	0	0	0	0	0	0	0	0	0	1
canonical_hybrid_v2_former_fresh:vh003__repeat02	canonical_hybrid_v2_former_fresh_60_regression_only	vh003	2	score		matched	1	1	2	2	9f5b9db06be6b9d3fb8834e3f6f6d1dae7e00221594d0b2ebcc697bc9d15aeb9	9f5b9db06be6b9d3fb8834e3f6f6d1dae7e00221594d0b2ebcc697bc9d15aeb9	1	1	1	1	1	0	0	0	0	0	0	0	0	0	0	1
canonical_hybrid_v2_former_fresh:vh003__repeat02	canonical_hybrid_v2_former_fresh_60_regression_only	vh003	2	score		matched	2	2	3	3	43a5717efff6a03fe1fae63e59180d4508a4f43627e36f66d6845dda22dc8612	43a5717efff6a03fe1fae63e59180d4508a4f43627e36f66d6845dda22dc8612	1	1	1	1	1	0	0	0	0	0	0	0	0	0	0	1
canonical_hybrid_v2_former_fresh:vh003__repeat02	canonical_hybrid_v2_former_fresh_60_regression_only	vh003	2	score		matched	3	3	4	4	c390de0d33df969594138ec51e81c28393dd0595576da8f9d3e5cd277fae0f50	c390de0d33df969594138ec51e81c28393dd0595576da8f9d3e5cd277fae0f50	1	1	1	1	1	0	0	0	0	0	0	0	0	0	0	1
canonical_hybrid_v2_former_fresh:vh003__repeat02	canonical_hybrid_v2_former_fresh_60_regression_only	vh003	2	score		matched	4	4	5	5	b449cf37c4de2e3052c7603ab476a71dbb28f3cd1de875c5365f8828b19d5cc7	b449cf37c4de2e3052c7603ab476a71dbb28f3cd1de875c5365f8828b19d5cc7	1	1	1	1	1	0	0	0	0	0	0	0	0	0	0	1
canonical_hybrid_v2_former_fresh:vh003__repeat02	canonical_hybrid_v2_former_fresh_60_regression_only	vh003	2	stability		matched	0	0	1	1	ce29f5c9188f3bf38edf3af36845d959b212d1d37a4d0e2595dcb2366b09dc2d	ce29f5c9188f3bf38edf3af36845d959b212d1d37a4d0e2595dcb2366b09dc2d	1	1	1	1	1	0	0	0	0	0	0	0	0	0	0	1
canonical_hybrid_v2_former_fresh:vh003__repeat02	canonical_hybrid_v2_former_fresh_60_regression_only	vh003	2	stability		matched	1	1	2	2	b449cf37c4de2e3052c7603ab476a71dbb28f3cd1de875c5365f8828b19d5cc7	b449cf37c4de2e3052c7603ab476a71dbb28f3cd1de875c5365f8828b19d5cc7	1	1	1	1	1	0	0	0	0	0	0	0	0	0	0	1
canonical_hybrid_v2_former_fresh:vh003__repeat02	canonical_hybrid_v2_former_fresh_60_regression_only	vh003	2	stability		matched	2	2	3	3	c390de0d33df969594138ec51e81c28393dd0595576da8f9d3e5cd277fae0f50	c390de0d33df969594138ec51e81c28393dd0595576da8f9d3e5cd277fae0f50	1	1	1	1	1	0	0	0	0	0	0	0	0	0	0	1
canonical_hybrid_v2_former_fresh:vh003__repeat02	canonical_hybrid_v2_former_fresh_60_regression_only	vh003	2	stability		matched	3	3	4	4	9f5b9db06be6b9d3fb8834e3f6f6d1dae7e00221594d0b2ebcc697bc9d15aeb9	9f5b9db06be6b9d3fb8834e3f6f6d1dae7e00221594d0b2ebcc697bc9d15aeb9	1	1	1	1	1	0	0	0	0	0	0	0	0	0	0	1
canonical_hybrid_v2_former_fresh:vh003__repeat02	canonical_hybrid_v2_former_fresh_60_regression_only	vh003	2	stability		matched	4	4	5	5	43a5717efff6a03fe1fae63e59180d4508a4f43627e36f66d6845dda22dc8612	43a5717efff6a03fe1fae63e59180d4508a4f43627e36f66d6845dda22dc8612	1	1	1	1	1	0	0	0	0	0	0	0	0	0	0	1
canonical_hybrid_v2_former_fresh:vh003__repeat02	canonical_hybrid_v2_former_fresh_60_regression_only	vh003	2	nt		matched	0	0	1	1	9f5b9db06be6b9d3fb8834e3f6f6d1dae7e00221594d0b2ebcc697bc9d15aeb9	9f5b9db06be6b9d3fb8834e3f6f6d1dae7e00221594d0b2ebcc697bc9d15aeb9	1	1	1	1	1	0	0	0	0	0	0	0	0	0	0	1
canonical_hybrid_v2_former_fresh:vh003__repeat02	canonical_hybrid_v2_former_fresh_60_regression_only	vh003	2	nt		matched	1	1	2	2	4fbf4c65345ee54496195120fffa932e7a0a5a664fe72f8354144606d60b4e4d	4fbf4c65345ee54496195120fffa932e7a0a5a664fe72f8354144606d60b4e4d	1	1	1	1	1	0	0	0	0	0	0	0	0	0	0	1
canonical_hybrid_v2_former_fresh:vh003__repeat02	canonical_hybrid_v2_former_fresh_60_regression_only	vh003	2	nt		matched	2	2	3	3	b449cf37c4de2e3052c7603ab476a71dbb28f3cd1de875c5365f8828b19d5cc7	b449cf37c4de2e3052c7603ab476a71dbb28f3cd1de875c5365f8828b19d5cc7	1	1	1	1	1	0	0	0	0	0	0	0	0	0	0	1
canonical_hybrid_v2_former_fresh:vh003__repeat02	canonical_hybrid_v2_former_fresh_60_regression_only	vh003	2	nt		matched	3	3	4	4	d5bf6aec893133840aceceba0b6a01fc6f91b5e30ce55d97f25b47ce2e6f32a8	d5bf6aec893133840aceceba0b6a01fc6f91b5e30ce55d97f25b47ce2e6f32a8	1	1	1	1	1	0	0	0	0	0	0	0	0	0	0	1
canonical_hybrid_v2_former_fresh:vh003__repeat02	canonical_hybrid_v2_former_fresh_60_regression_only	vh003	2	nt		matched	4	4	5	5	c390de0d33df969594138ec51e81c28393dd0595576da8f9d3e5cd277fae0f50	c390de0d33df969594138ec51e81c28393dd0595576da8f9d3e5cd277fae0f50	1	1	1	1	1	0	0	0	0	0	0	0	0	0	0	1
canonical_hybrid_v2_former_fresh:vh004__repeat00	canonical_hybrid_v2_former_fresh_60_regression_only	vh004	0	score		matched	0	0	1	1	3e6c24df3cb55db874ebdda4914b1e25bb9f8277be954c9d6a22053d9d57b2e4	3e6c24df3cb55db874ebdda4914b1e25bb9f8277be954c9d6a22053d9d57b2e4	1	1	1	1	1	0	0	0	0	0	0	0	0	0	0	1
canonical_hybrid_v2_former_fresh:vh004__repeat00	canonical_hybrid_v2_former_fresh_60_regression_only	vh004	0	score		matched	1	1	2	2	8a5f47f67758c74f5854fed735c10129c1f71468ba1ca997ae5e83923a30064e	8a5f47f67758c74f5854fed735c10129c1f71468ba1ca997ae5e83923a30064e	1	1	1	1	1	0	0	0	0	0	0	0	0	0	0	1
canonical_hybrid_v2_former_fresh:vh004__repeat00	canonical_hybrid_v2_former_fresh_60_regression_only	vh004	0	score		matched	2	2	3	3	b1fd956178225e6000fa0d878b1a3f945d192ac932dd825cae6c94238093b0ca	b1fd956178225e6000fa0d878b1a3f945d192ac932dd825cae6c94238093b0ca	1	1	1	1	1	0	0	0	0	0	0	0	0	0	0	1
canonical_hybrid_v2_former_fresh:vh004__repeat00	canonical_hybrid_v2_former_fresh_60_regression_only	vh004	0	score		matched	3	3	4	4	b3e9b25a0615c3c2d6fa5d439406296a3b0e6717ab1f630c11e2c9e2cef709f0	b3e9b25a0615c3c2d6fa5d439406296a3b0e6717ab1f630c11e2c9e2cef709f0	1	1	1	1	1	0	0	0	0	0	0	0	0	0	0	1
canonical_hybrid_v2_former_fresh:vh004__repeat00	canonical_hybrid_v2_former_fresh_60_regression_only	vh004	0	score		matched	4	4	5	5	1d4afc844a32d758667209f80e0cdc1a0a7484fdec4d9a3734ec92c135c0c3a5	1d4afc844a32d758667209f80e0cdc1a0a7484fdec4d9a3734ec92c135c0c3a5	1	1	1	1	1	0	0	0	0	0	0	0	0	0	0	1
canonical_hybrid_v2_former_fresh:vh004__repeat00	canonical_hybrid_v2_former_fresh_60_regression_only	vh004	0	stability		matched	0	0	1	1	74a95d22250356e6b1d41bbb0895f1bb6ebe2c69b6e664df9c87f0954e99fb78	74a95d22250356e6b1d41bbb0895f1bb6ebe2c69b6e664df9c87f0954e99fb78	1	1	1	1	1	0	0	0	0	0	0	0	0	0	0	1
canonical_hybrid_v2_former_fresh:vh004__repeat00	canonical_hybrid_v2_former_fresh_60_regression_only	vh004	0	stability		matched	1	1	2	2	8a5f47f67758c74f5854fed735c10129c1f71468ba1ca997ae5e83923a30064e	8a5f47f67758c74f5854fed735c10129c1f71468ba1ca997ae5e83923a30064e	1	1	1	1	1	0	0	0	0	0	0	0	0	0	0	1
canonical_hybrid_v2_former_fresh:vh004__repeat00	canonical_hybrid_v2_former_fresh_60_regression_only	vh004	0	stability		matched	2	2	3	3	c3ae6621886f22abd2158334c085ef557fcbc1de3e5325daf83ebb25ae4d70c7	c3ae6621886f22abd2158334c085ef557fcbc1de3e5325daf83ebb25ae4d70c7	1	1	1	1	1	0	0	0	0	0	0	0	0	0	0	1
canonical_hybrid_v2_former_fresh:vh004__repeat00	canonical_hybrid_v2_former_fresh_60_regression_only	vh004	0	stability		matched	3	3	4	4	854f25084478847b00733a333f9e38c0b760cd985a8fb5a7fa3f20dbb28ae36e	854f25084478847b00733a333f9e38c0b760cd985a8fb5a7fa3f20dbb28ae36e	1	1	1	1	1	0	0	0	0	0	0	0	0	0	0	1
canonical_hybrid_v2_former_fresh:vh004__repeat00	canonical_hybrid_v2_former_fresh_60_regression_only	vh004	0	stability		matched	4	4	5	5	112573bbce4e4355ebc7f38c6803b0de39913b2e616f9013bf3b6f69e16661f7	112573bbce4e4355ebc7f38c6803b0de39913b2e616f9013bf3b6f69e16661f7	1	1	1	1	1	0	0	0	0	0	0	0	0	0	0	1
canonical_hybrid_v2_former_fresh:vh004__repeat00	canonical_hybrid_v2_former_fresh_60_regression_only	vh004	0	nt		matched	0	0	1	1	8a5f47f67758c74f5854fed735c10129c1f71468ba1ca997ae5e83923a30064e	8a5f47f67758c74f5854fed735c10129c1f71468ba1ca997ae5e83923a30064e	1	1	1	1	1	0	0	0	0	0	0	0	0	0	0	1
canonical_hybrid_v2_former_fresh:vh004__repeat00	canonical_hybrid_v2_former_fresh_60_regression_only	vh004	0	nt		matched	1	1	2	2	1d4afc844a32d758667209f80e0cdc1a0a7484fdec4d9a3734ec92c135c0c3a5	1d4afc844a32d758667209f80e0cdc1a0a7484fdec4d9a3734ec92c135c0c3a5	1	1	1	1	1	0	0	0	0	0	0	0	0	0	0	1
canonical_hybrid_v2_former_fresh:vh004__repeat00	canonical_hybrid_v2_former_fresh_60_regression_only	vh004	0	nt		matched	2	2	3	3	edecb85bdabdc6041f82832ddf72c530e9c70ed25078623f707695d2164a61a2	edecb85bdabdc6041f82832ddf72c530e9c70ed25078623f707695d2164a61a2	1	1	1	1	1	0	0	0	0	0	0	0	0	0	0	1
canonical_hybrid_v2_former_fresh:vh004__repeat00	canonical_hybrid_v2_former_fresh_60_regression_only	vh004	0	nt		matched	3	3	4	4	a4dbc159648058ecc28794dd2e4ef26136b75b55940bb1ab9a961ae8d05b7f6b	a4dbc159648058ecc28794dd2e4ef26136b75b55940bb1ab9a961ae8d05b7f6b	1	1	1	1	1	0	0	0	0	0	0	0	0	0	0	1
canonical_hybrid_v2_former_fresh:vh004__repeat00	canonical_hybrid_v2_former_fresh_60_regression_only	vh004	0	nt		matched	4	4	5	5	985e4b1c3ab7e0cb95c0b165471a59d7291dfeb7201edcc8e9f5fb4eacfd3072	985e4b1c3ab7e0cb95c0b165471a59d7291dfeb7201edcc8e9f5fb4eacfd3072	1	1	1	1	1	0	0	0	0	0	0	0	0	0	0	1
canonical_hybrid_v2_former_fresh:vh005__repeat00	canonical_hybrid_v2_former_fresh_60_regression_only	vh005	0	score		matched	0	0	1	1	6138b79b8b4cc8cfb5415affa262d45da6b60c4a8e87ad430abdaf1f29290807	6138b79b8b4cc8cfb5415affa262d45da6b60c4a8e87ad430abdaf1f29290807	1	1	1	1	1	0	0	0	0	0	0	0	0	0	0	1
canonical_hybrid_v2_former_fresh:vh005__repeat00	canonical_hybrid_v2_former_fresh_60_regression_only	vh005	0	score		matched	1	1	2	2	860db135ebab0ae656929683029b7be524160be0bfe6377c5a878b7203664eff	860db135ebab0ae656929683029b7be524160be0bfe6377c5a878b7203664eff	1	1	1	1	1	0	0	0	0	0	0	0	0	0	0	1
canonical_hybrid_v2_former_fresh:vh005__repeat00	canonical_hybrid_v2_former_fresh_60_regression_only	vh005	0	stability		matched	0	0	1	1	6138b79b8b4cc8cfb5415affa262d45da6b60c4a8e87ad430abdaf1f29290807	6138b79b8b4cc8cfb5415affa262d45da6b60c4a8e87ad430abdaf1f29290807	1	1	1	1	1	0	0	0	0	0	0	0	0	0	0	1
canonical_hybrid_v2_former_fresh:vh005__repeat00	canonical_hybrid_v2_former_fresh_60_regression_only	vh005	0	stability		matched	1	1	2	2	860db135ebab0ae656929683029b7be524160be0bfe6377c5a878b7203664eff	860db135ebab0ae656929683029b7be524160be0bfe6377c5a878b7203664eff	1	1	1	1	1	0	0	0	0	0	0	0	0	0	0	1
canonical_hybrid_v2_former_fresh:vh005__repeat00	canonical_hybrid_v2_former_fresh_60_regression_only	vh005	0	nt		matched	0	0	1	1	6138b79b8b4cc8cfb5415affa262d45da6b60c4a8e87ad430abdaf1f29290807	6138b79b8b4cc8cfb5415affa262d45da6b60c4a8e87ad430abdaf1f29290807	1	1	1	1	1	0	0	0	0	0	0	0	0	0	0	1
canonical_hybrid_v2_former_fresh:vh005__repeat00	canonical_hybrid_v2_former_fresh_60_regression_only	vh005	0	nt		matched	1	1	2	2	860db135ebab0ae656929683029b7be524160be0bfe6377c5a878b7203664eff	860db135ebab0ae656929683029b7be524160be0bfe6377c5a878b7203664eff	1	1	1	1	1	0	0	0	0	0	0	0	0	0	0	1
canonical_hybrid_v2_former_fresh:vh006__repeat00	canonical_hybrid_v2_former_fresh_60_regression_only	vh006	0	score		matched	0	0	1	1	b10ed965e71ee759c5a61edd06e4c0408b8d2a0cf437c8daff0949dffb0b0afb	b10ed965e71ee759c5a61edd06e4c0408b8d2a0cf437c8daff0949dffb0b0afb	1	1	1	1	1	0	0	0	0	0	0	0	0	0	0	1
canonical_hybrid_v2_former_fresh:vh006__repeat00	canonical_hybrid_v2_former_fresh_60_regression_only	vh006	0	score		matched	1	1	2	2	69853e79902098b09c922208e64d102c65223eb96c1ecd2cbbe9d45bdfef8470	69853e79902098b09c922208e64d102c65223eb96c1ecd2cbbe9d45bdfef8470	1	1	1	1	1	0	0	0	0	0	0	0	0	0	0	1
canonical_hybrid_v2_former_fresh:vh006__repeat00	canonical_hybrid_v2_former_fresh_60_regression_only	vh006	0	score		matched	2	2	3	3	035cab547c5856386674277fdce3738f0277c4d1d6ae40eb3a99467dea46cd73	035cab547c5856386674277fdce3738f0277c4d1d6ae40eb3a99467dea46cd73	1	1	1	1	1	0	0	0	0	0	0	0	0	0	0	1
canonical_hybrid_v2_former_fresh:vh006__repeat00	canonical_hybrid_v2_former_fresh_60_regression_only	vh006	0	score		matched	3	3	4	4	92081565b32b3c496f881dff2478c75c0e29245ab97c0b7e0d7edba425869b31	92081565b32b3c496f881dff2478c75c0e29245ab97c0b7e0d7edba425869b31	1	1	1	1	1	0	0	0	0	0	0	0	0	0	0	1
canonical_hybrid_v2_former_fresh:vh006__repeat00	canonical_hybrid_v2_former_fresh_60_regression_only	vh006	0	stability		matched	0	0	1	1	2edefb5f148c2875f9a3d852891413fd18035250f231226862fbcd4fff02ded4	2edefb5f148c2875f9a3d852891413fd18035250f231226862fbcd4fff02ded4	1	1	1	1	1	0	0	0	0	0	0	0	0	0	0	1
canonical_hybrid_v2_former_fresh:vh006__repeat00	canonical_hybrid_v2_former_fresh_60_regression_only	vh006	0	stability		matched	1	1	2	2	b10ed965e71ee759c5a61edd06e4c0408b8d2a0cf437c8daff0949dffb0b0afb	b10ed965e71ee759c5a61edd06e4c0408b8d2a0cf437c8daff0949dffb0b0afb	1	1	1	1	1	0	0	0	0	0	0	0	0	0	0	1
canonical_hybrid_v2_former_fresh:vh006__repeat00	canonical_hybrid_v2_former_fresh_60_regression_only	vh006	0	stability		matched	2	2	3	3	92081565b32b3c496f881dff2478c75c0e29245ab97c0b7e0d7edba425869b31	92081565b32b3c496f881dff2478c75c0e29245ab97c0b7e0d7edba425869b31	1	1	1	1	1	0	0	0	0	0	0	0	0	0	0	1
canonical_hybrid_v2_former_fresh:vh006__repeat00	canonical_hybrid_v2_former_fresh_60_regression_only	vh006	0	stability		matched	3	3	4	4	035cab547c5856386674277fdce3738f0277c4d1d6ae40eb3a99467dea46cd73	035cab547c5856386674277fdce3738f0277c4d1d6ae40eb3a99467dea46cd73	1	1	1	1	1	0	0	0	0	0	0	0	0	0	0	1
canonical_hybrid_v2_former_fresh:vh006__repeat00	canonical_hybrid_v2_former_fresh_60_regression_only	vh006	0	nt		matched	0	0	1	1	b10ed965e71ee759c5a61edd06e4c0408b8d2a0cf437c8daff0949dffb0b0afb	b10ed965e71ee759c5a61edd06e4c0408b8d2a0cf437c8daff0949dffb0b0afb	1	1	1	1	1	0	0	0	0	0	0	0	0	0	0	1
canonical_hybrid_v2_former_fresh:vh006__repeat00	canonical_hybrid_v2_former_fresh_60_regression_only	vh006	0	nt		matched	1	1	2	2	69853e79902098b09c922208e64d102c65223eb96c1ecd2cbbe9d45bdfef8470	69853e79902098b09c922208e64d102c65223eb96c1ecd2cbbe9d45bdfef8470	1	1	1	1	1	0	0	0	0	0	0	0	0	0	0	1
canonical_hybrid_v2_former_fresh:vh006__repeat00	canonical_hybrid_v2_former_fresh_60_regression_only	vh006	0	nt		matched	2	2	3	3	92081565b32b3c496f881dff2478c75c0e29245ab97c0b7e0d7edba425869b31	92081565b32b3c496f881dff2478c75c0e29245ab97c0b7e0d7edba425869b31	1	1	1	1	1	0	0	0	0	0	0	0	0	0	0	1
canonical_hybrid_v2_former_fresh:vh006__repeat00	canonical_hybrid_v2_former_fresh_60_regression_only	vh006	0	nt		matched	3	3	4	4	035cab547c5856386674277fdce3738f0277c4d1d6ae40eb3a99467dea46cd73	035cab547c5856386674277fdce3738f0277c4d1d6ae40eb3a99467dea46cd73	1	1	1	1	1	0	0	0	0	0	0	0	0	0	0	1
canonical_hybrid_v2_former_fresh:vh007__repeat00	canonical_hybrid_v2_former_fresh_60_regression_only	vh007	0	score		matched	0	0	1	1	8e718f0f71c2c3cf42cec7e520ff3d20c76b1a179465be07cb6f10ee5a31eefd	8e718f0f71c2c3cf42cec7e520ff3d20c76b1a179465be07cb6f10ee5a31eefd	1	1	1	1	1	0	0	0	0	0	0	0	0	0	0	1
canonical_hybrid_v2_former_fresh:vh007__repeat00	canonical_hybrid_v2_former_fresh_60_regression_only	vh007	0	score		matched	1	1	2	2	452a39bebac85a344888abe3b0c0f60db59f6c95f2376f5e085648ce2238c312	452a39bebac85a344888abe3b0c0f60db59f6c95f2376f5e085648ce2238c312	1	1	1	1	1	0	0	0	0	0	0	0	0	0	0	1
canonical_hybrid_v2_former_fresh:vh007__repeat00	canonical_hybrid_v2_former_fresh_60_regression_only	vh007	0	score		matched	2	2	3	3	8e31618dccb43328caed3cd7909a54d0f4d5560c5d309af7e97ca6fefa8fd669	8e31618dccb43328caed3cd7909a54d0f4d5560c5d309af7e97ca6fefa8fd669	1	1	1	1	1	0	0	0	0	0	0	0	0	0	0	1
canonical_hybrid_v2_former_fresh:vh007__repeat00	canonical_hybrid_v2_former_fresh_60_regression_only	vh007	0	score		matched	3	3	4	4	b8af3203ff5a903d9fe7fe95ee7336f4a2286b9f055e961fc90a91f63f6af930	b8af3203ff5a903d9fe7fe95ee7336f4a2286b9f055e961fc90a91f63f6af930	1	1	1	1	1	0	0	0	0	0	0	0	0	0	0	1
canonical_hybrid_v2_former_fresh:vh007__repeat00	canonical_hybrid_v2_former_fresh_60_regression_only	vh007	0	score		matched	4	4	5	5	135158243491c0b998c1a7cfd2967b4e8a77481201b0544df875da9c4977bb87	135158243491c0b998c1a7cfd2967b4e8a77481201b0544df875da9c4977bb87	1	1	1	1	1	0	0	0	0	0	0	0	0	0	0	1
canonical_hybrid_v2_former_fresh:vh007__repeat00	canonical_hybrid_v2_former_fresh_60_regression_only	vh007	0	stability		matched	0	0	1	1	88bd98b60b1b369a75801a3c85a85990e9a9bbcb3edb1656bf47668e7ca81a0f	88bd98b60b1b369a75801a3c85a85990e9a9bbcb3edb1656bf47668e7ca81a0f	1	1	1	1	1	0	0	0	0	0	0	0	0	0	0	1
canonical_hybrid_v2_former_fresh:vh007__repeat00	canonical_hybrid_v2_former_fresh_60_regression_only	vh007	0	stability		matched	1	1	2	2	8e718f0f71c2c3cf42cec7e520ff3d20c76b1a179465be07cb6f10ee5a31eefd	8e718f0f71c2c3cf42cec7e520ff3d20c76b1a179465be07cb6f10ee5a31eefd	1	1	1	1	1	0	0	0	0	0	0	0	0	0	0	1
canonical_hybrid_v2_former_fresh:vh007__repeat00	canonical_hybrid_v2_former_fresh_60_regression_only	vh007	0	stability		matched	2	2	3	3	8e31618dccb43328caed3cd7909a54d0f4d5560c5d309af7e97ca6fefa8fd669	8e31618dccb43328caed3cd7909a54d0f4d5560c5d309af7e97ca6fefa8fd669	1	1	1	1	1	0	0	0	0	0	0	0	0	0	0	1
canonical_hybrid_v2_former_fresh:vh007__repeat00	canonical_hybrid_v2_former_fresh_60_regression_only	vh007	0	stability		matched	3	3	4	4	b8af3203ff5a903d9fe7fe95ee7336f4a2286b9f055e961fc90a91f63f6af930	b8af3203ff5a903d9fe7fe95ee7336f4a2286b9f055e961fc90a91f63f6af930	1	1	1	1	1	0	0	0	0	0	0	0	0	0	0	1
canonical_hybrid_v2_former_fresh:vh007__repeat00	canonical_hybrid_v2_former_fresh_60_regression_only	vh007	0	stability		matched	4	4	5	5	452a39bebac85a344888abe3b0c0f60db59f6c95f2376f5e085648ce2238c312	452a39bebac85a344888abe3b0c0f60db59f6c95f2376f5e085648ce2238c312	1	1	1	1	1	0	0	0	0	0	0	0	0	0	0	1
canonical_hybrid_v2_former_fresh:vh007__repeat00	canonical_hybrid_v2_former_fresh_60_regression_only	vh007	0	nt		matched	0	0	1	1	452a39bebac85a344888abe3b0c0f60db59f6c95f2376f5e085648ce2238c312	452a39bebac85a344888abe3b0c0f60db59f6c95f2376f5e085648ce2238c312	1	1	1	1	1	0	0	0	0	0	0	0	0	0	0	1
canonical_hybrid_v2_former_fresh:vh007__repeat00	canonical_hybrid_v2_former_fresh_60_regression_only	vh007	0	nt		matched	1	1	2	2	8e718f0f71c2c3cf42cec7e520ff3d20c76b1a179465be07cb6f10ee5a31eefd	8e718f0f71c2c3cf42cec7e520ff3d20c76b1a179465be07cb6f10ee5a31eefd	1	1	1	1	1	0	0	0	0	0	0	0	0	0	0	1
canonical_hybrid_v2_former_fresh:vh007__repeat00	canonical_hybrid_v2_former_fresh_60_regression_only	vh007	0	nt		matched	2	2	3	3	88bd98b60b1b369a75801a3c85a85990e9a9bbcb3edb1656bf47668e7ca81a0f	88bd98b60b1b369a75801a3c85a85990e9a9bbcb3edb1656bf47668e7ca81a0f	1	1	1	1	1	0	0	0	0	0	0	0	0	0	0	1
canonical_hybrid_v2_former_fresh:vh007__repeat00	canonical_hybrid_v2_former_fresh_60_regression_only	vh007	0	nt		matched	3	3	4	4	8e31618dccb43328caed3cd7909a54d0f4d5560c5d309af7e97ca6fefa8fd669	8e31618dccb43328caed3cd7909a54d0f4d5560c5d309af7e97ca6fefa8fd669	1	1	1	1	1	0	0	0	0	0	0	0	0	0	0	1
canonical_hybrid_v2_former_fresh:vh007__repeat00	canonical_hybrid_v2_former_fresh_60_regression_only	vh007	0	nt		matched	4	4	5	5	b8af3203ff5a903d9fe7fe95ee7336f4a2286b9f055e961fc90a91f63f6af930	b8af3203ff5a903d9fe7fe95ee7336f4a2286b9f055e961fc90a91f63f6af930	1	1	1	1	1	0	0	0	0	0	0	0	0	0	0	1
canonical_hybrid_v2_former_fresh:vh008__repeat00	canonical_hybrid_v2_former_fresh_60_regression_only	vh008	0	score		matched	0	0	1	1	c5b1dc306a5df976ca536b1d19afaffd29e162f17a3e9b8e11b50d8fac0404f0	c5b1dc306a5df976ca536b1d19afaffd29e162f17a3e9b8e11b50d8fac0404f0	1	1	1	1	1	0	0	0	0	0	0	0	0	0	0	1
canonical_hybrid_v2_former_fresh:vh008__repeat00	canonical_hybrid_v2_former_fresh_60_regression_only	vh008	0	score		matched	1	1	2	2	e4a7d73dcd4bfd48ea3901d5f82379096d61ac655c6356cae8ff66ff49c4f5b1	e4a7d73dcd4bfd48ea3901d5f82379096d61ac655c6356cae8ff66ff49c4f5b1	1	1	1	1	1	0	0	0	0	0	0	0	0	0	0	1
canonical_hybrid_v2_former_fresh:vh008__repeat00	canonical_hybrid_v2_former_fresh_60_regression_only	vh008	0	score		matched	2	2	3	3	fa5a41585d85c577df3534f7460185959716f9c42cb1964885606fa500c4999b	fa5a41585d85c577df3534f7460185959716f9c42cb1964885606fa500c4999b	1	1	1	1	1	0	0	0	0	0	0	0	0	0	0	1
canonical_hybrid_v2_former_fresh:vh008__repeat00	canonical_hybrid_v2_former_fresh_60_regression_only	vh008	0	score		matched	3	3	4	4	1c98d9c536aa7639d0a3ac7718bedc676d2885ad89cdd6ffd6b8a379d328c005	1c98d9c536aa7639d0a3ac7718bedc676d2885ad89cdd6ffd6b8a379d328c005	1	1	1	1	1	0	0	0	0	0	0	0	0	0	0	1
canonical_hybrid_v2_former_fresh:vh008__repeat00	canonical_hybrid_v2_former_fresh_60_regression_only	vh008	0	score		matched	4	4	5	5	1c2e17d82bf130d1325cb9a163c949edc2f07706580fcc283446668aa43f30b0	1c2e17d82bf130d1325cb9a163c949edc2f07706580fcc283446668aa43f30b0	1	1	1	1	1	0	0	0	0	0	0	0	0	0	0	1
canonical_hybrid_v2_former_fresh:vh008__repeat00	canonical_hybrid_v2_former_fresh_60_regression_only	vh008	0	stability		matched	0	0	1	1	3efa5cbe549609c57b133f1d7f9c46025a9ffc85b98cbef5140d4bd36a7ddfe6	3efa5cbe549609c57b133f1d7f9c46025a9ffc85b98cbef5140d4bd36a7ddfe6	1	1	1	1	1	0	0	0	0	0	0	0	0	0	0	1
canonical_hybrid_v2_former_fresh:vh008__repeat00	canonical_hybrid_v2_former_fresh_60_regression_only	vh008	0	stability		matched	1	1	2	2	fa5a41585d85c577df3534f7460185959716f9c42cb1964885606fa500c4999b	fa5a41585d85c577df3534f7460185959716f9c42cb1964885606fa500c4999b	1	1	1	1	1	0	0	0	0	0	0	0	0	0	0	1
canonical_hybrid_v2_former_fresh:vh008__repeat00	canonical_hybrid_v2_former_fresh_60_regression_only	vh008	0	stability		matched	2	2	3	3	3aad3f11f8ed6f6b2d3fbc023995e131586be4feca01f9262e24eac81aff4c5e	3aad3f11f8ed6f6b2d3fbc023995e131586be4feca01f9262e24eac81aff4c5e	1	1	1	1	1	0	0	0	0	0	0	0	0	0	0	1
canonical_hybrid_v2_former_fresh:vh008__repeat00	canonical_hybrid_v2_former_fresh_60_regression_only	vh008	0	stability		matched	3	3	4	4	7043bec12ae8917075d7a2744aae523c0e5eb1cf0a2eff1b79ec76b283237201	7043bec12ae8917075d7a2744aae523c0e5eb1cf0a2eff1b79ec76b283237201	1	1	1	1	1	0	0	0	0	0	0	0	0	0	0	1
canonical_hybrid_v2_former_fresh:vh008__repeat00	canonical_hybrid_v2_former_fresh_60_regression_only	vh008	0	stability		matched	4	4	5	5	54e527bdf381c6a01d036880d615db7a4c5a37a91bfcd37168ce0b037f4e0245	54e527bdf381c6a01d036880d615db7a4c5a37a91bfcd37168ce0b037f4e0245	1	1	1	1	1	0	0	0	0	0	0	0	0	0	0	1
canonical_hybrid_v2_former_fresh:vh008__repeat00	canonical_hybrid_v2_former_fresh_60_regression_only	vh008	0	nt		matched	0	0	1	1	e4a7d73dcd4bfd48ea3901d5f82379096d61ac655c6356cae8ff66ff49c4f5b1	e4a7d73dcd4bfd48ea3901d5f82379096d61ac655c6356cae8ff66ff49c4f5b1	1	1	1	1	1	0	0	0	0	0	0	0	0	0	0	1
canonical_hybrid_v2_former_fresh:vh008__repeat00	canonical_hybrid_v2_former_fresh_60_regression_only	vh008	0	nt		matched	1	1	2	2	c5b1dc306a5df976ca536b1d19afaffd29e162f17a3e9b8e11b50d8fac0404f0	c5b1dc306a5df976ca536b1d19afaffd29e162f17a3e9b8e11b50d8fac0404f0	1	1	1	1	1	0	0	0	0	0	0	0	0	0	0	1
canonical_hybrid_v2_former_fresh:vh008__repeat00	canonical_hybrid_v2_former_fresh_60_regression_only	vh008	0	nt		matched	2	2	3	3	1c2e17d82bf130d1325cb9a163c949edc2f07706580fcc283446668aa43f30b0	1c2e17d82bf130d1325cb9a163c949edc2f07706580fcc283446668aa43f30b0	1	1	1	1	1	0	0	0	0	0	0	0	0	0	0	1
canonical_hybrid_v2_former_fresh:vh008__repeat00	canonical_hybrid_v2_former_fresh_60_regression_only	vh008	0	nt		matched	3	3	4	4	1c98d9c536aa7639d0a3ac7718bedc676d2885ad89cdd6ffd6b8a379d328c005	1c98d9c536aa7639d0a3ac7718bedc676d2885ad89cdd6ffd6b8a379d328c005	1	1	1	1	1	0	0	0	0	0	0	0	0	0	0	1
canonical_hybrid_v2_former_fresh:vh008__repeat00	canonical_hybrid_v2_former_fresh_60_regression_only	vh008	0	nt		matched	4	4	5	5	7043bec12ae8917075d7a2744aae523c0e5eb1cf0a2eff1b79ec76b283237201	7043bec12ae8917075d7a2744aae523c0e5eb1cf0a2eff1b79ec76b283237201	1	1	1	1	1	0	0	0	0	0	0	0	0	0	0	1
canonical_hybrid_v2_former_fresh:vh009__repeat00	canonical_hybrid_v2_former_fresh_60_regression_only	vh009	0	score		matched	0	0	1	1	921387387cffb7c72f9ea653a5b6418244ec6d7178f05dd08ce9ee71d0dc0400	921387387cffb7c72f9ea653a5b6418244ec6d7178f05dd08ce9ee71d0dc0400	1	1	1	1	1	0	0	0	0	0	0	0	0	0	0	1
canonical_hybrid_v2_former_fresh:vh009__repeat00	canonical_hybrid_v2_former_fresh_60_regression_only	vh009	0	score		matched	1	1	2	2	1cce1d41d917b2bd1a8fff5eb8261484178b7d9ad23d6274fa7fe3e359990f46	1cce1d41d917b2bd1a8fff5eb8261484178b7d9ad23d6274fa7fe3e359990f46	1	1	1	1	1	0	0	0	0	0	0	0	0	0	0	1
canonical_hybrid_v2_former_fresh:vh009__repeat00	canonical_hybrid_v2_former_fresh_60_regression_only	vh009	0	score		matched	2	2	3	3	503d8fde5ffef9dde05b3fce77acbac60f63b374c95f14c654d551261b0e11eb	503d8fde5ffef9dde05b3fce77acbac60f63b374c95f14c654d551261b0e11eb	1	1	1	1	1	0	0	0	0	0	0	0	0	0	0	1
canonical_hybrid_v2_former_fresh:vh009__repeat00	canonical_hybrid_v2_former_fresh_60_regression_only	vh009	0	stability		matched	0	0	1	1	921387387cffb7c72f9ea653a5b6418244ec6d7178f05dd08ce9ee71d0dc0400	921387387cffb7c72f9ea653a5b6418244ec6d7178f05dd08ce9ee71d0dc0400	1	1	1	1	1	0	0	0	0	0	0	0	0	0	0	1
canonical_hybrid_v2_former_fresh:vh009__repeat00	canonical_hybrid_v2_former_fresh_60_regression_only	vh009	0	stability		matched	1	1	2	2	1cce1d41d917b2bd1a8fff5eb8261484178b7d9ad23d6274fa7fe3e359990f46	1cce1d41d917b2bd1a8fff5eb8261484178b7d9ad23d6274fa7fe3e359990f46	1	1	1	1	1	0	0	0	0	0	0	0	0	0	0	1
canonical_hybrid_v2_former_fresh:vh009__repeat00	canonical_hybrid_v2_former_fresh_60_regression_only	vh009	0	stability		matched	2	2	3	3	503d8fde5ffef9dde05b3fce77acbac60f63b374c95f14c654d551261b0e11eb	503d8fde5ffef9dde05b3fce77acbac60f63b374c95f14c654d551261b0e11eb	1	1	1	1	1	0	0	0	0	0	0	0	0	0	0	1
canonical_hybrid_v2_former_fresh:vh009__repeat00	canonical_hybrid_v2_former_fresh_60_regression_only	vh009	0	nt		matched	0	0	1	1	921387387cffb7c72f9ea653a5b6418244ec6d7178f05dd08ce9ee71d0dc0400	921387387cffb7c72f9ea653a5b6418244ec6d7178f05dd08ce9ee71d0dc0400	1	1	1	1	1	0	0	0	0	0	0	0	0	0	0	1
canonical_hybrid_v2_former_fresh:vh009__repeat00	canonical_hybrid_v2_former_fresh_60_regression_only	vh009	0	nt		matched	1	1	2	2	1cce1d41d917b2bd1a8fff5eb8261484178b7d9ad23d6274fa7fe3e359990f46	1cce1d41d917b2bd1a8fff5eb8261484178b7d9ad23d6274fa7fe3e359990f46	1	1	1	1	1	0	0	0	0	0	0	0	0	0	0	1
canonical_hybrid_v2_former_fresh:vh009__repeat00	canonical_hybrid_v2_former_fresh_60_regression_only	vh009	0	nt		matched	2	2	3	3	503d8fde5ffef9dde05b3fce77acbac60f63b374c95f14c654d551261b0e11eb	503d8fde5ffef9dde05b3fce77acbac60f63b374c95f14c654d551261b0e11eb	1	1	1	1	1	0	0	0	0	0	0	0	0	0	0	1
canonical_hybrid_v2_former_fresh:vh010__repeat00	canonical_hybrid_v2_former_fresh_60_regression_only	vh010	0	score		matched	0	0	1	1	7def2dee9b6c2c9709f6163f9420cf5d482e53b53bad8fa976e92bdc611a505e	7def2dee9b6c2c9709f6163f9420cf5d482e53b53bad8fa976e92bdc611a505e	1	1	1	1	1	0	0	0	0	0	0	0	0	0	0	1
canonical_hybrid_v2_former_fresh:vh010__repeat00	canonical_hybrid_v2_former_fresh_60_regression_only	vh010	0	stability		matched	0	0	1	1	7def2dee9b6c2c9709f6163f9420cf5d482e53b53bad8fa976e92bdc611a505e	7def2dee9b6c2c9709f6163f9420cf5d482e53b53bad8fa976e92bdc611a505e	1	1	1	1	1	0	0	0	0	0	0	0	0	0	0	1
canonical_hybrid_v2_former_fresh:vh010__repeat00	canonical_hybrid_v2_former_fresh_60_regression_only	vh010	0	nt		matched	0	0	1	1	7def2dee9b6c2c9709f6163f9420cf5d482e53b53bad8fa976e92bdc611a505e	7def2dee9b6c2c9709f6163f9420cf5d482e53b53bad8fa976e92bdc611a505e	1	1	1	1	1	0	0	0	0	0	0	0	0	0	0	1
canonical_hybrid_v2_former_fresh:vh011__repeat00	canonical_hybrid_v2_former_fresh_60_regression_only	vh011	0	score		matched	0	0	1	1	ceea9772f8454d7e36d109659ac63b6263f5ac49d88722f32af698ec151b73ba	ceea9772f8454d7e36d109659ac63b6263f5ac49d88722f32af698ec151b73ba	1	1	1	1	1	0	0	0	0	0	0	0	0	0	0	1
canonical_hybrid_v2_former_fresh:vh011__repeat00	canonical_hybrid_v2_former_fresh_60_regression_only	vh011	0	score		matched	1	1	2	2	14ba50f770838c6391207014215b08364825e638c34cf7bf4cacc8dbda37b68e	14ba50f770838c6391207014215b08364825e638c34cf7bf4cacc8dbda37b68e	1	1	1	1	1	0	0	0	0	0	0	0	0	0	0	1
canonical_hybrid_v2_former_fresh:vh011__repeat00	canonical_hybrid_v2_former_fresh_60_regression_only	vh011	0	score		matched	2	2	3	3	2fe48b16e38df5b896f3c4f7d13f82172698ebd1f80fe2b1ae932a2c81706e46	2fe48b16e38df5b896f3c4f7d13f82172698ebd1f80fe2b1ae932a2c81706e46	1	1	1	1	1	0	0	0	0	0	0	0	0	0	0	1
canonical_hybrid_v2_former_fresh:vh011__repeat00	canonical_hybrid_v2_former_fresh_60_regression_only	vh011	0	score		matched	3	3	4	4	34572e4504c585a0d538b9dc41858b93cfe33191ba03281f103326ec181578b4	34572e4504c585a0d538b9dc41858b93cfe33191ba03281f103326ec181578b4	1	1	1	1	1	0	0	0	0	0	0	0	0	0	0	1
canonical_hybrid_v2_former_fresh:vh011__repeat00	canonical_hybrid_v2_former_fresh_60_regression_only	vh011	0	score		matched	4	4	5	5	b63782b2c91650de9e05f3892bd8cb8372ab9ff43529a5cc8930d9b9264a8168	b63782b2c91650de9e05f3892bd8cb8372ab9ff43529a5cc8930d9b9264a8168	1	1	1	1	1	0	0	0	0	0	0	0	0	0	0	1
canonical_hybrid_v2_former_fresh:vh011__repeat00	canonical_hybrid_v2_former_fresh_60_regression_only	vh011	0	stability		matched	0	0	1	1	3646affa7730839beed511d384904186af095e0c3985bd626971dc383b1a4663	3646affa7730839beed511d384904186af095e0c3985bd626971dc383b1a4663	1	1	1	1	1	0	0	0	0	0	0	0	0	0	0	1
canonical_hybrid_v2_former_fresh:vh011__repeat00	canonical_hybrid_v2_former_fresh_60_regression_only	vh011	0	stability		matched	1	1	2	2	b63782b2c91650de9e05f3892bd8cb8372ab9ff43529a5cc8930d9b9264a8168	b63782b2c91650de9e05f3892bd8cb8372ab9ff43529a5cc8930d9b9264a8168	1	1	1	1	1	0	0	0	0	0	0	0	0	0	0	1
canonical_hybrid_v2_former_fresh:vh011__repeat00	canonical_hybrid_v2_former_fresh_60_regression_only	vh011	0	stability		matched	2	2	3	3	ceea9772f8454d7e36d109659ac63b6263f5ac49d88722f32af698ec151b73ba	ceea9772f8454d7e36d109659ac63b6263f5ac49d88722f32af698ec151b73ba	1	1	1	1	1	0	0	0	0	0	0	0	0	0	0	1
canonical_hybrid_v2_former_fresh:vh011__repeat00	canonical_hybrid_v2_former_fresh_60_regression_only	vh011	0	stability		matched	3	3	4	4	34572e4504c585a0d538b9dc41858b93cfe33191ba03281f103326ec181578b4	34572e4504c585a0d538b9dc41858b93cfe33191ba03281f103326ec181578b4	1	1	1	1	1	0	0	0	0	0	0	0	0	0	0	1
canonical_hybrid_v2_former_fresh:vh011__repeat00	canonical_hybrid_v2_former_fresh_60_regression_only	vh011	0	stability		matched	4	4	5	5	c963191f362038be97ab9114cdd890c5f7881ac093f63dbe4abb96893813620e	c963191f362038be97ab9114cdd890c5f7881ac093f63dbe4abb96893813620e	1	1	1	1	1	0	0	0	0	0	0	0	0	0	0	1
canonical_hybrid_v2_former_fresh:vh011__repeat00	canonical_hybrid_v2_former_fresh_60_regression_only	vh011	0	nt		matched	0	0	1	1	ceea9772f8454d7e36d109659ac63b6263f5ac49d88722f32af698ec151b73ba	ceea9772f8454d7e36d109659ac63b6263f5ac49d88722f32af698ec151b73ba	1	1	1	1	1	0	0	0	0	0	0	0	0	0	0	1
canonical_hybrid_v2_former_fresh:vh011__repeat00	canonical_hybrid_v2_former_fresh_60_regression_only	vh011	0	nt		matched	1	1	2	2	14ba50f770838c6391207014215b08364825e638c34cf7bf4cacc8dbda37b68e	14ba50f770838c6391207014215b08364825e638c34cf7bf4cacc8dbda37b68e	1	1	1	1	1	0	0	0	0	0	0	0	0	0	0	1
canonical_hybrid_v2_former_fresh:vh011__repeat00	canonical_hybrid_v2_former_fresh_60_regression_only	vh011	0	nt		matched	2	2	3	3	2fe48b16e38df5b896f3c4f7d13f82172698ebd1f80fe2b1ae932a2c81706e46	2fe48b16e38df5b896f3c4f7d13f82172698ebd1f80fe2b1ae932a2c81706e46	1	1	1	1	1	0	0	0	0	0	0	0	0	0	0	1
canonical_hybrid_v2_former_fresh:vh011__repeat00	canonical_hybrid_v2_former_fresh_60_regression_only	vh011	0	nt		matched	3	3	4	4	b63782b2c91650de9e05f3892bd8cb8372ab9ff43529a5cc8930d9b9264a8168	b63782b2c91650de9e05f3892bd8cb8372ab9ff43529a5cc8930d9b9264a8168	1	1	1	1	1	0	0	0	0	0	0	0	0	0	0	1
canonical_hybrid_v2_former_fresh:vh011__repeat00	canonical_hybrid_v2_former_fresh_60_regression_only	vh011	0	nt		matched	4	4	5	5	34572e4504c585a0d538b9dc41858b93cfe33191ba03281f103326ec181578b4	34572e4504c585a0d538b9dc41858b93cfe33191ba03281f103326ec181578b4	1	1	1	1	1	0	0	0	0	0	0	0	0	0	0	1
canonical_hybrid_v2_former_fresh:vh012__repeat00	canonical_hybrid_v2_former_fresh_60_regression_only	vh012	0	score		matched	0	0	1	1	ac1122ea19c98e82a4e8f3f80722f3c77e8aeed1298e34c3cf7749b4cabd57b9	ac1122ea19c98e82a4e8f3f80722f3c77e8aeed1298e34c3cf7749b4cabd57b9	1	1	1	1	1	0	0	0	0	0	0	0	0	0	0	1
canonical_hybrid_v2_former_fresh:vh012__repeat00	canonical_hybrid_v2_former_fresh_60_regression_only	vh012	0	score		matched	1	1	2	2	c26bba9697d8b483f0b3d9c2892ce7d6f89048123952c3ecaed1650b55650df6	c26bba9697d8b483f0b3d9c2892ce7d6f89048123952c3ecaed1650b55650df6	1	1	1	1	1	0	0	0	0	0	0	0	0	0	0	1
canonical_hybrid_v2_former_fresh:vh012__repeat00	canonical_hybrid_v2_former_fresh_60_regression_only	vh012	0	score		matched	2	2	3	3	8376d31403edf32720d55cbe792312d5852cd9f0fbad0875b9a153fe698faa1e	8376d31403edf32720d55cbe792312d5852cd9f0fbad0875b9a153fe698faa1e	1	1	1	1	1	0	0	0	0	0	0	0	0	0	0	1
canonical_hybrid_v2_former_fresh:vh012__repeat00	canonical_hybrid_v2_former_fresh_60_regression_only	vh012	0	score		matched	3	3	4	4	fe3f0b69862a5bda23eb4d5bc3add032eef42723cb7e2c9bf1e058253e12db35	fe3f0b69862a5bda23eb4d5bc3add032eef42723cb7e2c9bf1e058253e12db35	1	1	1	1	1	0	0	0	0	0	0	0	0	0	0	1
canonical_hybrid_v2_former_fresh:vh012__repeat00	canonical_hybrid_v2_former_fresh_60_regression_only	vh012	0	score		matched	4	4	5	5	a2c05fd63c68c5dd995a786c642c7d411271ce64b7ea45d43cd8cfb23020b423	a2c05fd63c68c5dd995a786c642c7d411271ce64b7ea45d43cd8cfb23020b423	1	1	1	1	1	0	0	0	0	0	0	0	0	0	0	1
canonical_hybrid_v2_former_fresh:vh012__repeat00	canonical_hybrid_v2_former_fresh_60_regression_only	vh012	0	stability		matched	0	0	1	1	260688c2859d887699d32975dc41b38dabda29e997f0e66a1aa896e16e396e19	260688c2859d887699d32975dc41b38dabda29e997f0e66a1aa896e16e396e19	1	1	1	1	1	0	0	0	0	0	0	0	0	0	0	1
canonical_hybrid_v2_former_fresh:vh012__repeat00	canonical_hybrid_v2_former_fresh_60_regression_only	vh012	0	stability		matched	1	1	2	2	863009df395d3d7d080e5705eba72c23b358852c54cda49aa552bc2c440441ee	863009df395d3d7d080e5705eba72c23b358852c54cda49aa552bc2c440441ee	1	1	1	1	1	0	0	0	0	0	0	0	0	0	0	1
canonical_hybrid_v2_former_fresh:vh012__repeat00	canonical_hybrid_v2_former_fresh_60_regression_only	vh012	0	stability		matched	2	2	3	3	8376d31403edf32720d55cbe792312d5852cd9f0fbad0875b9a153fe698faa1e	8376d31403edf32720d55cbe792312d5852cd9f0fbad0875b9a153fe698faa1e	1	1	1	1	1	0	0	0	0	0	0	0	0	0	0	1
canonical_hybrid_v2_former_fresh:vh012__repeat00	canonical_hybrid_v2_former_fresh_60_regression_only	vh012	0	stability		matched	3	3	4	4	c26bba9697d8b483f0b3d9c2892ce7d6f89048123952c3ecaed1650b55650df6	c26bba9697d8b483f0b3d9c2892ce7d6f89048123952c3ecaed1650b55650df6	1	1	1	1	1	0	0	0	0	0	0	0	0	0	0	1
canonical_hybrid_v2_former_fresh:vh012__repeat00	canonical_hybrid_v2_former_fresh_60_regression_only	vh012	0	stability		matched	4	4	5	5	fe3f0b69862a5bda23eb4d5bc3add032eef42723cb7e2c9bf1e058253e12db35	fe3f0b69862a5bda23eb4d5bc3add032eef42723cb7e2c9bf1e058253e12db35	1	1	1	1	1	0	0	0	0	0	0	0	0	0	0	1
canonical_hybrid_v2_former_fresh:vh012__repeat00	canonical_hybrid_v2_former_fresh_60_regression_only	vh012	0	nt		matched	0	0	1	1	260688c2859d887699d32975dc41b38dabda29e997f0e66a1aa896e16e396e19	260688c2859d887699d32975dc41b38dabda29e997f0e66a1aa896e16e396e19	1	1	1	1	1	0	0	0	0	0	0	0	0	0	0	1
canonical_hybrid_v2_former_fresh:vh012__repeat00	canonical_hybrid_v2_former_fresh_60_regression_only	vh012	0	nt		matched	1	1	2	2	ac1122ea19c98e82a4e8f3f80722f3c77e8aeed1298e34c3cf7749b4cabd57b9	ac1122ea19c98e82a4e8f3f80722f3c77e8aeed1298e34c3cf7749b4cabd57b9	1	1	1	1	1	0	0	0	0	0	0	0	0	0	0	1
canonical_hybrid_v2_former_fresh:vh012__repeat00	canonical_hybrid_v2_former_fresh_60_regression_only	vh012	0	nt		matched	2	2	3	3	863009df395d3d7d080e5705eba72c23b358852c54cda49aa552bc2c440441ee	863009df395d3d7d080e5705eba72c23b358852c54cda49aa552bc2c440441ee	1	1	1	1	1	0	0	0	0	0	0	0	0	0	0	1
canonical_hybrid_v2_former_fresh:vh012__repeat00	canonical_hybrid_v2_former_fresh_60_regression_only	vh012	0	nt		matched	3	3	4	4	8376d31403edf32720d55cbe792312d5852cd9f0fbad0875b9a153fe698faa1e	8376d31403edf32720d55cbe792312d5852cd9f0fbad0875b9a153fe698faa1e	1	1	1	1	1	0	0	0	0	0	0	0	0	0	0	1
canonical_hybrid_v2_former_fresh:vh012__repeat00	canonical_hybrid_v2_former_fresh_60_regression_only	vh012	0	nt		matched	4	4	5	5	fe3f0b69862a5bda23eb4d5bc3add032eef42723cb7e2c9bf1e058253e12db35	fe3f0b69862a5bda23eb4d5bc3add032eef42723cb7e2c9bf1e058253e12db35	1	1	1	1	1	0	0	0	0	0	0	0	0	0	0	1
canonical_hybrid_v2_former_fresh:vh013__repeat00	canonical_hybrid_v2_former_fresh_60_regression_only	vh013	0	score		matched	0	0	1	1	fa0204877e7ee318881d47b8d4d2c4b86f743d64b1314435b086fd496b882796	fa0204877e7ee318881d47b8d4d2c4b86f743d64b1314435b086fd496b882796	1	1	1	1	1	0	0	0	0	0	0	0	0	0	0	1
canonical_hybrid_v2_former_fresh:vh013__repeat00	canonical_hybrid_v2_former_fresh_60_regression_only	vh013	0	score		matched	1	1	2	2	9bfc76d46404d04132aeccd33ceb10f38659f1246379f5be71aca425a55cc573	9bfc76d46404d04132aeccd33ceb10f38659f1246379f5be71aca425a55cc573	1	1	1	1	1	0	0	0	0	0	0	0	0	0	0	1
canonical_hybrid_v2_former_fresh:vh013__repeat00	canonical_hybrid_v2_former_fresh_60_regression_only	vh013	0	score		matched	2	2	3	3	3e51490b737247033a0d3c2f0a5e0a74f4ca06b52d6b06cba60bac407c06f0bf	3e51490b737247033a0d3c2f0a5e0a74f4ca06b52d6b06cba60bac407c06f0bf	1	1	1	1	1	0	0	0	0	0	0	0	0	0	0	1
canonical_hybrid_v2_former_fresh:vh013__repeat00	canonical_hybrid_v2_former_fresh_60_regression_only	vh013	0	score		matched	3	3	4	4	e25cada3ece61ad2aceaa3a6b5248d63937ccbab3c616bd2f14080c24d86426b	e25cada3ece61ad2aceaa3a6b5248d63937ccbab3c616bd2f14080c24d86426b	1	1	1	1	1	0	0	0	0	0	0	0	0	0	0	1
canonical_hybrid_v2_former_fresh:vh013__repeat00	canonical_hybrid_v2_former_fresh_60_regression_only	vh013	0	stability		matched	0	0	1	1	883dc23a6b91dfe61431c6f496586f943ef5fa536ccb53f4dcae3e357f3a8a09	883dc23a6b91dfe61431c6f496586f943ef5fa536ccb53f4dcae3e357f3a8a09	1	1	1	1	1	0	0	0	0	0	0	0	0	0	0	1
canonical_hybrid_v2_former_fresh:vh013__repeat00	canonical_hybrid_v2_former_fresh_60_regression_only	vh013	0	stability		matched	1	1	2	2	a771480b790c9f2efacd5680d9df97c1035a88e71af1f575d4299b7c9d3b1a3a	a771480b790c9f2efacd5680d9df97c1035a88e71af1f575d4299b7c9d3b1a3a	1	1	1	1	1	0	0	0	0	0	0	0	0	0	0	1
canonical_hybrid_v2_former_fresh:vh013__repeat00	canonical_hybrid_v2_former_fresh_60_regression_only	vh013	0	stability		matched	2	2	3	3	9bfc76d46404d04132aeccd33ceb10f38659f1246379f5be71aca425a55cc573	9bfc76d46404d04132aeccd33ceb10f38659f1246379f5be71aca425a55cc573	1	1	1	1	1	0	0	0	0	0	0	0	0	0	0	1
canonical_hybrid_v2_former_fresh:vh013__repeat00	canonical_hybrid_v2_former_fresh_60_regression_only	vh013	0	stability		matched	3	3	4	4	e25cada3ece61ad2aceaa3a6b5248d63937ccbab3c616bd2f14080c24d86426b	e25cada3ece61ad2aceaa3a6b5248d63937ccbab3c616bd2f14080c24d86426b	1	1	1	1	1	0	0	0	0	0	0	0	0	0	0	1
canonical_hybrid_v2_former_fresh:vh013__repeat00	canonical_hybrid_v2_former_fresh_60_regression_only	vh013	0	nt		matched	0	0	1	1	06f3acb2bd194e882f6427ffa3f0b01a43b85622fee27f162dd26c0f076a097d	06f3acb2bd194e882f6427ffa3f0b01a43b85622fee27f162dd26c0f076a097d	1	1	1	1	1	0	0	0	0	0	0	0	0	0	0	1
canonical_hybrid_v2_former_fresh:vh013__repeat00	canonical_hybrid_v2_former_fresh_60_regression_only	vh013	0	nt		matched	1	1	2	2	3e51490b737247033a0d3c2f0a5e0a74f4ca06b52d6b06cba60bac407c06f0bf	3e51490b737247033a0d3c2f0a5e0a74f4ca06b52d6b06cba60bac407c06f0bf	1	1	1	1	1	0	0	0	0	0	0	0	0	0	0	1
canonical_hybrid_v2_former_fresh:vh013__repeat00	canonical_hybrid_v2_former_fresh_60_regression_only	vh013	0	nt		matched	2	2	3	3	9bfc76d46404d04132aeccd33ceb10f38659f1246379f5be71aca425a55cc573	9bfc76d46404d04132aeccd33ceb10f38659f1246379f5be71aca425a55cc573	1	1	1	1	1	0	0	0	0	0	0	0	0	0	0	1
canonical_hybrid_v2_former_fresh:vh013__repeat00	canonical_hybrid_v2_former_fresh_60_regression_only	vh013	0	nt		matched	3	3	4	4	e25cada3ece61ad2aceaa3a6b5248d63937ccbab3c616bd2f14080c24d86426b	e25cada3ece61ad2aceaa3a6b5248d63937ccbab3c616bd2f14080c24d86426b	1	1	1	1	1	0	0	0	0	0	0	0	0	0	0	1
canonical_hybrid_v2_former_fresh:vh014__repeat00	canonical_hybrid_v2_former_fresh_60_regression_only	vh014	0	score		matched	0	0	1	1	365b464e3dddbdd3c9f509a801ae638bb2852151078a0950be2c96ffd6c3b63a	365b464e3dddbdd3c9f509a801ae638bb2852151078a0950be2c96ffd6c3b63a	1	1	1	1	1	0	0	0	0	0	0	0	0	0	0	1
canonical_hybrid_v2_former_fresh:vh014__repeat00	canonical_hybrid_v2_former_fresh_60_regression_only	vh014	0	score		matched	1	1	2	2	72aca431216a4bcdbd6dd42ca81a5a246ac08175307bd8e13703c422a5cee386	72aca431216a4bcdbd6dd42ca81a5a246ac08175307bd8e13703c422a5cee386	1	1	1	1	1	0	0	0	0	0	0	0	0	0	0	1
canonical_hybrid_v2_former_fresh:vh014__repeat00	canonical_hybrid_v2_former_fresh_60_regression_only	vh014	0	score		matched	2	2	3	3	7164a28ccc6ab4898e3695c2cc2e1aa0696f01f1a8c755e22340aa2b6ade91d7	7164a28ccc6ab4898e3695c2cc2e1aa0696f01f1a8c755e22340aa2b6ade91d7	1	1	1	1	1	0	0	0	0	0	0	0	0	0	0	1
canonical_hybrid_v2_former_fresh:vh014__repeat00	canonical_hybrid_v2_former_fresh_60_regression_only	vh014	0	score		matched	3	3	4	4	0c369559b6001e79f99acea60a9704f40eb02ce3fa1c36fc2a062fc257708555	0c369559b6001e79f99acea60a9704f40eb02ce3fa1c36fc2a062fc257708555	1	1	1	1	1	0	0	0	0	0	0	0	0	0	0	1
canonical_hybrid_v2_former_fresh:vh014__repeat00	canonical_hybrid_v2_former_fresh_60_regression_only	vh014	0	score		matched	4	4	5	5	47a61d7c012758a383e7df8c5f966c0d6842169566d515d0d040e899aa4db970	47a61d7c012758a383e7df8c5f966c0d6842169566d515d0d040e899aa4db970	1	1	1	1	1	0	0	0	0	0	0	0	0	0	0	1
canonical_hybrid_v2_former_fresh:vh014__repeat00	canonical_hybrid_v2_former_fresh_60_regression_only	vh014	0	stability		matched	0	0	1	1	96ac0fee726ef26a69c0a6b0f1a9b4ccfc968a298d60c0ccff6355bbde1ce4b2	96ac0fee726ef26a69c0a6b0f1a9b4ccfc968a298d60c0ccff6355bbde1ce4b2	1	1	1	1	1	0	0	0	0	0	0	0	0	0	0	1
canonical_hybrid_v2_former_fresh:vh014__repeat00	canonical_hybrid_v2_former_fresh_60_regression_only	vh014	0	stability		matched	1	1	2	2	ed4988ddaedc007529401b62102b52b14bdf2babb225f7dfe17728f296b813be	ed4988ddaedc007529401b62102b52b14bdf2babb225f7dfe17728f296b813be	1	1	1	1	1	0	0	0	0	0	0	0	0	0	0	1
canonical_hybrid_v2_former_fresh:vh014__repeat00	canonical_hybrid_v2_former_fresh_60_regression_only	vh014	0	stability		matched	2	2	3	3	7164a28ccc6ab4898e3695c2cc2e1aa0696f01f1a8c755e22340aa2b6ade91d7	7164a28ccc6ab4898e3695c2cc2e1aa0696f01f1a8c755e22340aa2b6ade91d7	1	1	1	1	1	0	0	0	0	0	0	0	0	0	0	1
canonical_hybrid_v2_former_fresh:vh014__repeat00	canonical_hybrid_v2_former_fresh_60_regression_only	vh014	0	stability		matched	3	3	4	4	47a61d7c012758a383e7df8c5f966c0d6842169566d515d0d040e899aa4db970	47a61d7c012758a383e7df8c5f966c0d6842169566d515d0d040e899aa4db970	1	1	1	1	1	0	0	0	0	0	0	0	0	0	0	1
canonical_hybrid_v2_former_fresh:vh014__repeat00	canonical_hybrid_v2_former_fresh_60_regression_only	vh014	0	stability		matched	4	4	5	5	72aca431216a4bcdbd6dd42ca81a5a246ac08175307bd8e13703c422a5cee386	72aca431216a4bcdbd6dd42ca81a5a246ac08175307bd8e13703c422a5cee386	1	1	1	1	1	0	0	0	0	0	0	0	0	0	0	1
canonical_hybrid_v2_former_fresh:vh014__repeat00	canonical_hybrid_v2_former_fresh_60_regression_only	vh014	0	nt		matched	0	0	1	1	72aca431216a4bcdbd6dd42ca81a5a246ac08175307bd8e13703c422a5cee386	72aca431216a4bcdbd6dd42ca81a5a246ac08175307bd8e13703c422a5cee386	1	1	1	1	1	0	0	0	0	0	0	0	0	0	0	1
canonical_hybrid_v2_former_fresh:vh014__repeat00	canonical_hybrid_v2_former_fresh_60_regression_only	vh014	0	nt		matched	1	1	2	2	117d000b96f8568bf6babdcdcc7f90bbad245269f56b7be73616320501902bff	117d000b96f8568bf6babdcdcc7f90bbad245269f56b7be73616320501902bff	1	1	1	1	1	0	0	0	0	0	0	0	0	0	0	1
canonical_hybrid_v2_former_fresh:vh014__repeat00	canonical_hybrid_v2_former_fresh_60_regression_only	vh014	0	nt		matched	2	2	3	3	47a61d7c012758a383e7df8c5f966c0d6842169566d515d0d040e899aa4db970	47a61d7c012758a383e7df8c5f966c0d6842169566d515d0d040e899aa4db970	1	1	1	1	1	0	0	0	0	0	0	0	0	0	0	1
canonical_hybrid_v2_former_fresh:vh014__repeat00	canonical_hybrid_v2_former_fresh_60_regression_only	vh014	0	nt		matched	3	3	4	4	0cefc50e959e1e9a1c5ba94190d05ccba722e4cdfeacd546714f6f4e979deb20	0cefc50e959e1e9a1c5ba94190d05ccba722e4cdfeacd546714f6f4e979deb20	1	1	1	1	1	0	0	0	0	0	0	0	0	0	0	1
canonical_hybrid_v2_former_fresh:vh014__repeat00	canonical_hybrid_v2_former_fresh_60_regression_only	vh014	0	nt		matched	4	4	5	5	7164a28ccc6ab4898e3695c2cc2e1aa0696f01f1a8c755e22340aa2b6ade91d7	7164a28ccc6ab4898e3695c2cc2e1aa0696f01f1a8c755e22340aa2b6ade91d7	1	1	1	1	1	0	0	0	0	0	0	0	0	0	0	1
canonical_hybrid_v2_former_fresh:vh015__repeat00	canonical_hybrid_v2_former_fresh_60_regression_only	vh015	0	score		matched	0	0	1	1	1f85f09274bdb7f4018ac983c072a12efafa0d192898b92947d61df23396f0db	1f85f09274bdb7f4018ac983c072a12efafa0d192898b92947d61df23396f0db	1	1	1	1	1	0	0	0	0	0	0	0	0	0	0	1
canonical_hybrid_v2_former_fresh:vh015__repeat00	canonical_hybrid_v2_former_fresh_60_regression_only	vh015	0	score		matched	1	1	2	2	5bf4535f0e28013e58a23d053a36a173af456829cfa4ac482cfb42d8071bc85e	5bf4535f0e28013e58a23d053a36a173af456829cfa4ac482cfb42d8071bc85e	1	1	1	1	1	0	0	0	0	0	0	0	0	0	0	1
canonical_hybrid_v2_former_fresh:vh015__repeat00	canonical_hybrid_v2_former_fresh_60_regression_only	vh015	0	score		matched	2	2	3	3	866727cf408bf11f30834d0f01f499062863448ec85b8a83c001f2cdc5e1f230	866727cf408bf11f30834d0f01f499062863448ec85b8a83c001f2cdc5e1f230	1	1	1	1	1	0	0	0	0	0	0	0	0	0	0	1
canonical_hybrid_v2_former_fresh:vh015__repeat00	canonical_hybrid_v2_former_fresh_60_regression_only	vh015	0	score		matched	3	3	4	4	91a33605d9e8a7fb07018ff140c5ecfe445ce7dda2f81c2ab029434fb1cc458f	91a33605d9e8a7fb07018ff140c5ecfe445ce7dda2f81c2ab029434fb1cc458f	1	1	1	1	1	0	0	0	0	0	0	0	0	0	0	1
canonical_hybrid_v2_former_fresh:vh015__repeat00	canonical_hybrid_v2_former_fresh_60_regression_only	vh015	0	stability		matched	0	0	1	1	b396f2906e4650ba32a0d7d680ea929707be3426c4a3f30f1fd1bc7571cdf556	b396f2906e4650ba32a0d7d680ea929707be3426c4a3f30f1fd1bc7571cdf556	1	1	1	1	1	0	0	0	0	0	0	0	0	0	0	1
canonical_hybrid_v2_former_fresh:vh015__repeat00	canonical_hybrid_v2_former_fresh_60_regression_only	vh015	0	stability		matched	1	1	2	2	8d03e4a786ceecda6e8875e5e13c9fd0e3fc370305827a09cdb5cebbb11a589b	8d03e4a786ceecda6e8875e5e13c9fd0e3fc370305827a09cdb5cebbb11a589b	1	1	1	1	1	0	0	0	0	0	0	0	0	0	0	1
canonical_hybrid_v2_former_fresh:vh015__repeat00	canonical_hybrid_v2_former_fresh_60_regression_only	vh015	0	stability		matched	2	2	3	3	866727cf408bf11f30834d0f01f499062863448ec85b8a83c001f2cdc5e1f230	866727cf408bf11f30834d0f01f499062863448ec85b8a83c001f2cdc5e1f230	1	1	1	1	1	0	0	0	0	0	0	0	0	0	0	1
canonical_hybrid_v2_former_fresh:vh015__repeat00	canonical_hybrid_v2_former_fresh_60_regression_only	vh015	0	stability		matched	3	3	4	4	8d0dbecc2774052a08d4234a5cc4b8f1d13bb30f5b1a380d90ffd931c44c935b	8d0dbecc2774052a08d4234a5cc4b8f1d13bb30f5b1a380d90ffd931c44c935b	1	1	1	1	1	0	0	0	0	0	0	0	0	0	0	1
canonical_hybrid_v2_former_fresh:vh015__repeat00	canonical_hybrid_v2_former_fresh_60_regression_only	vh015	0	nt		matched	0	0	1	1	1f85f09274bdb7f4018ac983c072a12efafa0d192898b92947d61df23396f0db	1f85f09274bdb7f4018ac983c072a12efafa0d192898b92947d61df23396f0db	1	1	1	1	1	0	0	0	0	0	0	0	0	0	0	1
canonical_hybrid_v2_former_fresh:vh015__repeat00	canonical_hybrid_v2_former_fresh_60_regression_only	vh015	0	nt		matched	1	1	2	2	91a33605d9e8a7fb07018ff140c5ecfe445ce7dda2f81c2ab029434fb1cc458f	91a33605d9e8a7fb07018ff140c5ecfe445ce7dda2f81c2ab029434fb1cc458f	1	1	1	1	1	0	0	0	0	0	0	0	0	0	0	1
canonical_hybrid_v2_former_fresh:vh015__repeat00	canonical_hybrid_v2_former_fresh_60_regression_only	vh015	0	nt		matched	2	2	3	3	89ffea70742f00a82d397057cbc0666dfd481fdd49e04eacab592a585a2f8574	89ffea70742f00a82d397057cbc0666dfd481fdd49e04eacab592a585a2f8574	1	1	1	1	1	0	0	0	0	0	0	0	0	0	0	1
canonical_hybrid_v2_former_fresh:vh015__repeat00	canonical_hybrid_v2_former_fresh_60_regression_only	vh015	0	nt		matched	3	3	4	4	866727cf408bf11f30834d0f01f499062863448ec85b8a83c001f2cdc5e1f230	866727cf408bf11f30834d0f01f499062863448ec85b8a83c001f2cdc5e1f230	1	1	1	1	1	0	0	0	0	0	0	0	0	0	0	1
canonical_hybrid_v2_former_fresh:vh016__repeat00	canonical_hybrid_v2_former_fresh_60_regression_only	vh016	0	score		matched	0	0	1	1	96a01d81cedd303940b3354f1aa626af0147361576277bd5fff2f4f0b0e1aff1	96a01d81cedd303940b3354f1aa626af0147361576277bd5fff2f4f0b0e1aff1	1	1	1	1	1	0	0	0	0	0	0	0	0	0	0	1
canonical_hybrid_v2_former_fresh:vh016__repeat00	canonical_hybrid_v2_former_fresh_60_regression_only	vh016	0	score		matched	1	1	2	2	7499fad35f8ce11c4d8e17b6ec2be01812718a1d297e1373151a4ff12a6cf2ca	7499fad35f8ce11c4d8e17b6ec2be01812718a1d297e1373151a4ff12a6cf2ca	1	1	1	1	1	0	0	0	0	0	0	0	0	0	0	1
canonical_hybrid_v2_former_fresh:vh016__repeat00	canonical_hybrid_v2_former_fresh_60_regression_only	vh016	0	score		matched	2	2	3	3	d703a0f7d9deecd132b11f6285aedef426cc440b1fe9185141e07823e18845eb	d703a0f7d9deecd132b11f6285aedef426cc440b1fe9185141e07823e18845eb	1	1	1	1	1	0	0	0	0	0	0	0	0	0	0	1
canonical_hybrid_v2_former_fresh:vh016__repeat00	canonical_hybrid_v2_former_fresh_60_regression_only	vh016	0	score		matched	3	3	4	4	b3b3d37cecde2abdf95e87cf12aaf0241c1efba82560bec57bf969bd2388c5b2	b3b3d37cecde2abdf95e87cf12aaf0241c1efba82560bec57bf969bd2388c5b2	1	1	1	1	1	0	0	0	0	0	0	0	0	0	0	1
canonical_hybrid_v2_former_fresh:vh016__repeat00	canonical_hybrid_v2_former_fresh_60_regression_only	vh016	0	score		matched	4	4	5	5	75d22fea0c98edd89b72e40404fcfa0ae0990501eb985db7a6b305be15024eb4	75d22fea0c98edd89b72e40404fcfa0ae0990501eb985db7a6b305be15024eb4	1	1	1	1	1	0	0	0	0	0	0	0	0	0	0	1
canonical_hybrid_v2_former_fresh:vh016__repeat00	canonical_hybrid_v2_former_fresh_60_regression_only	vh016	0	stability		matched	0	0	1	1	fd5fd25449f4078a2be6539decbe367362524d87547a78e2070e298c31f63ceb	fd5fd25449f4078a2be6539decbe367362524d87547a78e2070e298c31f63ceb	1	1	1	1	1	0	0	0	0	0	0	0	0	0	0	1
canonical_hybrid_v2_former_fresh:vh016__repeat00	canonical_hybrid_v2_former_fresh_60_regression_only	vh016	0	stability		matched	1	1	2	2	b3b3d37cecde2abdf95e87cf12aaf0241c1efba82560bec57bf969bd2388c5b2	b3b3d37cecde2abdf95e87cf12aaf0241c1efba82560bec57bf969bd2388c5b2	1	1	1	1	1	0	0	0	0	0	0	0	0	0	0	1
canonical_hybrid_v2_former_fresh:vh016__repeat00	canonical_hybrid_v2_former_fresh_60_regression_only	vh016	0	stability		matched	2	2	3	3	75d22fea0c98edd89b72e40404fcfa0ae0990501eb985db7a6b305be15024eb4	75d22fea0c98edd89b72e40404fcfa0ae0990501eb985db7a6b305be15024eb4	1	1	1	1	1	0	0	0	0	0	0	0	0	0	0	1
canonical_hybrid_v2_former_fresh:vh016__repeat00	canonical_hybrid_v2_former_fresh_60_regression_only	vh016	0	stability		matched	3	3	4	4	7364a6e31d5586a4955e0a7c73fe540137e43d26028ba395f38f9e0e213ec475	7364a6e31d5586a4955e0a7c73fe540137e43d26028ba395f38f9e0e213ec475	1	1	1	1	1	0	0	0	0	0	0	0	0	0	0	1
canonical_hybrid_v2_former_fresh:vh016__repeat00	canonical_hybrid_v2_former_fresh_60_regression_only	vh016	0	stability		matched	4	4	5	5	d703a0f7d9deecd132b11f6285aedef426cc440b1fe9185141e07823e18845eb	d703a0f7d9deecd132b11f6285aedef426cc440b1fe9185141e07823e18845eb	1	1	1	1	1	0	0	0	0	0	0	0	0	0	0	1
canonical_hybrid_v2_former_fresh:vh016__repeat00	canonical_hybrid_v2_former_fresh_60_regression_only	vh016	0	nt		matched	0	0	1	1	b88a34b21be9e8b83f6af86a14f4e3c435a48d26d33d4182126ca1dc44cee068	b88a34b21be9e8b83f6af86a14f4e3c435a48d26d33d4182126ca1dc44cee068	1	1	1	1	1	0	0	0	0	0	0	0	0	0	0	1
canonical_hybrid_v2_former_fresh:vh016__repeat00	canonical_hybrid_v2_former_fresh_60_regression_only	vh016	0	nt		matched	1	1	2	2	d703a0f7d9deecd132b11f6285aedef426cc440b1fe9185141e07823e18845eb	d703a0f7d9deecd132b11f6285aedef426cc440b1fe9185141e07823e18845eb	1	1	1	1	1	0	0	0	0	0	0	0	0	0	0	1
canonical_hybrid_v2_former_fresh:vh016__repeat00	canonical_hybrid_v2_former_fresh_60_regression_only	vh016	0	nt		matched	2	2	3	3	f14fbc1d112f009fdff705f24407178bdde37511170e2dc4debf4f6db79c77bb	f14fbc1d112f009fdff705f24407178bdde37511170e2dc4debf4f6db79c77bb	1	1	1	1	1	0	0	0	0	0	0	0	0	0	0	1
canonical_hybrid_v2_former_fresh:vh016__repeat00	canonical_hybrid_v2_former_fresh_60_regression_only	vh016	0	nt		matched	3	3	4	4	75d22fea0c98edd89b72e40404fcfa0ae0990501eb985db7a6b305be15024eb4	75d22fea0c98edd89b72e40404fcfa0ae0990501eb985db7a6b305be15024eb4	1	1	1	1	1	0	0	0	0	0	0	0	0	0	0	1
canonical_hybrid_v2_former_fresh:vh016__repeat00	canonical_hybrid_v2_former_fresh_60_regression_only	vh016	0	nt		matched	4	4	5	5	bd77dffe34709ae8b2ef7cd6c7863b8085c8536b5a3af4a7fb5506181ff99f61	bd77dffe34709ae8b2ef7cd6c7863b8085c8536b5a3af4a7fb5506181ff99f61	1	1	1	1	1	0	0	0	0	0	0	0	0	0	0	1
canonical_hybrid_v2_former_fresh:vh017__repeat00	canonical_hybrid_v2_former_fresh_60_regression_only	vh017	0	score		matched	0	0	1	1	652dbdd5e014bb03fc6289c5de32ebc521cb9219b56acd42840b733a9e522b99	652dbdd5e014bb03fc6289c5de32ebc521cb9219b56acd42840b733a9e522b99	1	1	1	1	1	0	0	0	0	0	0	0	0	0	0	1
canonical_hybrid_v2_former_fresh:vh017__repeat00	canonical_hybrid_v2_former_fresh_60_regression_only	vh017	0	score		matched	1	1	2	2	b065d2586a67a936a2db4b75ae7e7e10a797440a462a51d6ac48f407e8000268	b065d2586a67a936a2db4b75ae7e7e10a797440a462a51d6ac48f407e8000268	1	1	1	1	1	0	0	0	0	0	0	0	0	0	0	1
canonical_hybrid_v2_former_fresh:vh017__repeat00	canonical_hybrid_v2_former_fresh_60_regression_only	vh017	0	score		matched	2	2	3	3	7d019a81c87a3ef30efb3348971d04b83bcc7e28da678ac1b1ce8d371b2a17d6	7d019a81c87a3ef30efb3348971d04b83bcc7e28da678ac1b1ce8d371b2a17d6	1	1	1	1	1	0	0	0	0	0	0	0	0	0	0	1
canonical_hybrid_v2_former_fresh:vh017__repeat00	canonical_hybrid_v2_former_fresh_60_regression_only	vh017	0	score		matched	3	3	4	4	d8730fe9317a49ba68048b57a5d12043d4ec9409855f1104df597c42e64b8f08	d8730fe9317a49ba68048b57a5d12043d4ec9409855f1104df597c42e64b8f08	1	1	1	1	1	0	0	0	0	0	0	0	0	0	0	1
canonical_hybrid_v2_former_fresh:vh017__repeat00	canonical_hybrid_v2_former_fresh_60_regression_only	vh017	0	score		matched	4	4	5	5	efd2b0107948349a22e21d04b7f0d6835b39b766e0bf0e8727c8604a3dd67277	efd2b0107948349a22e21d04b7f0d6835b39b766e0bf0e8727c8604a3dd67277	1	1	1	1	1	0	0	0	0	0	0	0	0	0	0	1
canonical_hybrid_v2_former_fresh:vh017__repeat00	canonical_hybrid_v2_former_fresh_60_regression_only	vh017	0	stability		matched	0	0	1	1	da82f5532afa0341474217b49c982769faadc8a139ec22fefca71fc39184f621	da82f5532afa0341474217b49c982769faadc8a139ec22fefca71fc39184f621	1	1	1	1	1	0	0	0	0	0	0	0	0	0	0	1
canonical_hybrid_v2_former_fresh:vh017__repeat00	canonical_hybrid_v2_former_fresh_60_regression_only	vh017	0	stability		matched	1	1	2	2	b065d2586a67a936a2db4b75ae7e7e10a797440a462a51d6ac48f407e8000268	b065d2586a67a936a2db4b75ae7e7e10a797440a462a51d6ac48f407e8000268	1	1	1	1	1	0	0	0	0	0	0	0	0	0	0	1
canonical_hybrid_v2_former_fresh:vh017__repeat00	canonical_hybrid_v2_former_fresh_60_regression_only	vh017	0	stability		matched	2	2	3	3	d8730fe9317a49ba68048b57a5d12043d4ec9409855f1104df597c42e64b8f08	d8730fe9317a49ba68048b57a5d12043d4ec9409855f1104df597c42e64b8f08	1	1	1	1	1	0	0	0	0	0	0	0	0	0	0	1
canonical_hybrid_v2_former_fresh:vh017__repeat00	canonical_hybrid_v2_former_fresh_60_regression_only	vh017	0	stability		matched	3	3	4	4	652dbdd5e014bb03fc6289c5de32ebc521cb9219b56acd42840b733a9e522b99	652dbdd5e014bb03fc6289c5de32ebc521cb9219b56acd42840b733a9e522b99	1	1	1	1	1	0	0	0	0	0	0	0	0	0	0	1
canonical_hybrid_v2_former_fresh:vh017__repeat00	canonical_hybrid_v2_former_fresh_60_regression_only	vh017	0	stability		matched	4	4	5	5	efd2b0107948349a22e21d04b7f0d6835b39b766e0bf0e8727c8604a3dd67277	efd2b0107948349a22e21d04b7f0d6835b39b766e0bf0e8727c8604a3dd67277	1	1	1	1	1	0	0	0	0	0	0	0	0	0	0	1
canonical_hybrid_v2_former_fresh:vh017__repeat00	canonical_hybrid_v2_former_fresh_60_regression_only	vh017	0	nt		matched	0	0	1	1	b065d2586a67a936a2db4b75ae7e7e10a797440a462a51d6ac48f407e8000268	b065d2586a67a936a2db4b75ae7e7e10a797440a462a51d6ac48f407e8000268	1	1	1	1	1	0	0	0	0	0	0	0	0	0	0	1
canonical_hybrid_v2_former_fresh:vh017__repeat00	canonical_hybrid_v2_former_fresh_60_regression_only	vh017	0	nt		matched	1	1	2	2	da82f5532afa0341474217b49c982769faadc8a139ec22fefca71fc39184f621	da82f5532afa0341474217b49c982769faadc8a139ec22fefca71fc39184f621	1	1	1	1	1	0	0	0	0	0	0	0	0	0	0	1
canonical_hybrid_v2_former_fresh:vh017__repeat00	canonical_hybrid_v2_former_fresh_60_regression_only	vh017	0	nt		matched	2	2	3	3	d8730fe9317a49ba68048b57a5d12043d4ec9409855f1104df597c42e64b8f08	d8730fe9317a49ba68048b57a5d12043d4ec9409855f1104df597c42e64b8f08	1	1	1	1	1	0	0	0	0	0	0	0	0	0	0	1
canonical_hybrid_v2_former_fresh:vh017__repeat00	canonical_hybrid_v2_former_fresh_60_regression_only	vh017	0	nt		matched	3	3	4	4	652dbdd5e014bb03fc6289c5de32ebc521cb9219b56acd42840b733a9e522b99	652dbdd5e014bb03fc6289c5de32ebc521cb9219b56acd42840b733a9e522b99	1	1	1	1	1	0	0	0	0	0	0	0	0	0	0	1
canonical_hybrid_v2_former_fresh:vh017__repeat00	canonical_hybrid_v2_former_fresh_60_regression_only	vh017	0	nt		matched	4	4	5	5	efd2b0107948349a22e21d04b7f0d6835b39b766e0bf0e8727c8604a3dd67277	efd2b0107948349a22e21d04b7f0d6835b39b766e0bf0e8727c8604a3dd67277	1	1	1	1	1	0	0	0	0	0	0	0	0	0	0	1
canonical_hybrid_v2_former_fresh:vh017__repeat01	canonical_hybrid_v2_former_fresh_60_regression_only	vh017	1	score		matched	0	0	1	1	652dbdd5e014bb03fc6289c5de32ebc521cb9219b56acd42840b733a9e522b99	652dbdd5e014bb03fc6289c5de32ebc521cb9219b56acd42840b733a9e522b99	1	1	1	1	1	0	0	0	0	0	0	0	0	0	0	1
canonical_hybrid_v2_former_fresh:vh017__repeat01	canonical_hybrid_v2_former_fresh_60_regression_only	vh017	1	score		matched	1	1	2	2	b065d2586a67a936a2db4b75ae7e7e10a797440a462a51d6ac48f407e8000268	b065d2586a67a936a2db4b75ae7e7e10a797440a462a51d6ac48f407e8000268	1	1	1	1	1	0	0	0	0	0	0	0	0	0	0	1
canonical_hybrid_v2_former_fresh:vh017__repeat01	canonical_hybrid_v2_former_fresh_60_regression_only	vh017	1	score		matched	2	2	3	3	7d019a81c87a3ef30efb3348971d04b83bcc7e28da678ac1b1ce8d371b2a17d6	7d019a81c87a3ef30efb3348971d04b83bcc7e28da678ac1b1ce8d371b2a17d6	1	1	1	1	1	0	0	0	0	0	0	0	0	0	0	1
canonical_hybrid_v2_former_fresh:vh017__repeat01	canonical_hybrid_v2_former_fresh_60_regression_only	vh017	1	score		matched	3	3	4	4	d8730fe9317a49ba68048b57a5d12043d4ec9409855f1104df597c42e64b8f08	d8730fe9317a49ba68048b57a5d12043d4ec9409855f1104df597c42e64b8f08	1	1	1	1	1	0	0	0	0	0	0	0	0	0	0	1
canonical_hybrid_v2_former_fresh:vh017__repeat01	canonical_hybrid_v2_former_fresh_60_regression_only	vh017	1	score		matched	4	4	5	5	efd2b0107948349a22e21d04b7f0d6835b39b766e0bf0e8727c8604a3dd67277	efd2b0107948349a22e21d04b7f0d6835b39b766e0bf0e8727c8604a3dd67277	1	1	1	1	1	0	0	0	0	0	0	0	0	0	0	1
canonical_hybrid_v2_former_fresh:vh017__repeat01	canonical_hybrid_v2_former_fresh_60_regression_only	vh017	1	stability		matched	0	0	1	1	da82f5532afa0341474217b49c982769faadc8a139ec22fefca71fc39184f621	da82f5532afa0341474217b49c982769faadc8a139ec22fefca71fc39184f621	1	1	1	1	1	0	0	0	0	0	0	0	0	0	0	1
canonical_hybrid_v2_former_fresh:vh017__repeat01	canonical_hybrid_v2_former_fresh_60_regression_only	vh017	1	stability		matched	1	1	2	2	b065d2586a67a936a2db4b75ae7e7e10a797440a462a51d6ac48f407e8000268	b065d2586a67a936a2db4b75ae7e7e10a797440a462a51d6ac48f407e8000268	1	1	1	1	1	0	0	0	0	0	0	0	0	0	0	1
canonical_hybrid_v2_former_fresh:vh017__repeat01	canonical_hybrid_v2_former_fresh_60_regression_only	vh017	1	stability		matched	2	2	3	3	d8730fe9317a49ba68048b57a5d12043d4ec9409855f1104df597c42e64b8f08	d8730fe9317a49ba68048b57a5d12043d4ec9409855f1104df597c42e64b8f08	1	1	1	1	1	0	0	0	0	0	0	0	0	0	0	1
canonical_hybrid_v2_former_fresh:vh017__repeat01	canonical_hybrid_v2_former_fresh_60_regression_only	vh017	1	stability		matched	3	3	4	4	652dbdd5e014bb03fc6289c5de32ebc521cb9219b56acd42840b733a9e522b99	652dbdd5e014bb03fc6289c5de32ebc521cb9219b56acd42840b733a9e522b99	1	1	1	1	1	0	0	0	0	0	0	0	0	0	0	1
canonical_hybrid_v2_former_fresh:vh017__repeat01	canonical_hybrid_v2_former_fresh_60_regression_only	vh017	1	stability		matched	4	4	5	5	efd2b0107948349a22e21d04b7f0d6835b39b766e0bf0e8727c8604a3dd67277	efd2b0107948349a22e21d04b7f0d6835b39b766e0bf0e8727c8604a3dd67277	1	1	1	1	1	0	0	0	0	0	0	0	0	0	0	1
canonical_hybrid_v2_former_fresh:vh017__repeat01	canonical_hybrid_v2_former_fresh_60_regression_only	vh017	1	nt		matched	0	0	1	1	b065d2586a67a936a2db4b75ae7e7e10a797440a462a51d6ac48f407e8000268	b065d2586a67a936a2db4b75ae7e7e10a797440a462a51d6ac48f407e8000268	1	1	1	1	1	0	0	0	0	0	0	0	0	0	0	1
canonical_hybrid_v2_former_fresh:vh017__repeat01	canonical_hybrid_v2_former_fresh_60_regression_only	vh017	1	nt		matched	1	1	2	2	da82f5532afa0341474217b49c982769faadc8a139ec22fefca71fc39184f621	da82f5532afa0341474217b49c982769faadc8a139ec22fefca71fc39184f621	1	1	1	1	1	0	0	0	0	0	0	0	0	0	0	1
canonical_hybrid_v2_former_fresh:vh017__repeat01	canonical_hybrid_v2_former_fresh_60_regression_only	vh017	1	nt		matched	2	2	3	3	d8730fe9317a49ba68048b57a5d12043d4ec9409855f1104df597c42e64b8f08	d8730fe9317a49ba68048b57a5d12043d4ec9409855f1104df597c42e64b8f08	1	1	1	1	1	0	0	0	0	0	0	0	0	0	0	1
canonical_hybrid_v2_former_fresh:vh017__repeat01	canonical_hybrid_v2_former_fresh_60_regression_only	vh017	1	nt		matched	3	3	4	4	652dbdd5e014bb03fc6289c5de32ebc521cb9219b56acd42840b733a9e522b99	652dbdd5e014bb03fc6289c5de32ebc521cb9219b56acd42840b733a9e522b99	1	1	1	1	1	0	0	0	0	0	0	0	0	0	0	1
canonical_hybrid_v2_former_fresh:vh017__repeat01	canonical_hybrid_v2_former_fresh_60_regression_only	vh017	1	nt		matched	4	4	5	5	efd2b0107948349a22e21d04b7f0d6835b39b766e0bf0e8727c8604a3dd67277	efd2b0107948349a22e21d04b7f0d6835b39b766e0bf0e8727c8604a3dd67277	1	1	1	1	1	0	0	0	0	0	0	0	0	0	0	1
canonical_hybrid_v2_former_fresh:vh017__repeat02	canonical_hybrid_v2_former_fresh_60_regression_only	vh017	2	score		matched	0	0	1	1	652dbdd5e014bb03fc6289c5de32ebc521cb9219b56acd42840b733a9e522b99	652dbdd5e014bb03fc6289c5de32ebc521cb9219b56acd42840b733a9e522b99	1	1	1	1	1	0	0	0	0	0	0	0	0	0	0	1
canonical_hybrid_v2_former_fresh:vh017__repeat02	canonical_hybrid_v2_former_fresh_60_regression_only	vh017	2	score		matched	1	1	2	2	b065d2586a67a936a2db4b75ae7e7e10a797440a462a51d6ac48f407e8000268	b065d2586a67a936a2db4b75ae7e7e10a797440a462a51d6ac48f407e8000268	1	1	1	1	1	0	0	0	0	0	0	0	0	0	0	1
canonical_hybrid_v2_former_fresh:vh017__repeat02	canonical_hybrid_v2_former_fresh_60_regression_only	vh017	2	score		matched	2	2	3	3	7d019a81c87a3ef30efb3348971d04b83bcc7e28da678ac1b1ce8d371b2a17d6	7d019a81c87a3ef30efb3348971d04b83bcc7e28da678ac1b1ce8d371b2a17d6	1	1	1	1	1	0	0	0	0	0	0	0	0	0	0	1
canonical_hybrid_v2_former_fresh:vh017__repeat02	canonical_hybrid_v2_former_fresh_60_regression_only	vh017	2	score		matched	3	3	4	4	d8730fe9317a49ba68048b57a5d12043d4ec9409855f1104df597c42e64b8f08	d8730fe9317a49ba68048b57a5d12043d4ec9409855f1104df597c42e64b8f08	1	1	1	1	1	0	0	0	0	0	0	0	0	0	0	1
canonical_hybrid_v2_former_fresh:vh017__repeat02	canonical_hybrid_v2_former_fresh_60_regression_only	vh017	2	score		matched	4	4	5	5	efd2b0107948349a22e21d04b7f0d6835b39b766e0bf0e8727c8604a3dd67277	efd2b0107948349a22e21d04b7f0d6835b39b766e0bf0e8727c8604a3dd67277	1	1	1	1	1	0	0	0	0	0	0	0	0	0	0	1
canonical_hybrid_v2_former_fresh:vh017__repeat02	canonical_hybrid_v2_former_fresh_60_regression_only	vh017	2	stability		matched	0	0	1	1	da82f5532afa0341474217b49c982769faadc8a139ec22fefca71fc39184f621	da82f5532afa0341474217b49c982769faadc8a139ec22fefca71fc39184f621	1	1	1	1	1	0	0	0	0	0	0	0	0	0	0	1
canonical_hybrid_v2_former_fresh:vh017__repeat02	canonical_hybrid_v2_former_fresh_60_regression_only	vh017	2	stability		matched	1	1	2	2	b065d2586a67a936a2db4b75ae7e7e10a797440a462a51d6ac48f407e8000268	b065d2586a67a936a2db4b75ae7e7e10a797440a462a51d6ac48f407e8000268	1	1	1	1	1	0	0	0	0	0	0	0	0	0	0	1
canonical_hybrid_v2_former_fresh:vh017__repeat02	canonical_hybrid_v2_former_fresh_60_regression_only	vh017	2	stability		matched	2	2	3	3	d8730fe9317a49ba68048b57a5d12043d4ec9409855f1104df597c42e64b8f08	d8730fe9317a49ba68048b57a5d12043d4ec9409855f1104df597c42e64b8f08	1	1	1	1	1	0	0	0	0	0	0	0	0	0	0	1
canonical_hybrid_v2_former_fresh:vh017__repeat02	canonical_hybrid_v2_former_fresh_60_regression_only	vh017	2	stability		matched	3	3	4	4	652dbdd5e014bb03fc6289c5de32ebc521cb9219b56acd42840b733a9e522b99	652dbdd5e014bb03fc6289c5de32ebc521cb9219b56acd42840b733a9e522b99	1	1	1	1	1	0	0	0	0	0	0	0	0	0	0	1
canonical_hybrid_v2_former_fresh:vh017__repeat02	canonical_hybrid_v2_former_fresh_60_regression_only	vh017	2	stability		matched	4	4	5	5	efd2b0107948349a22e21d04b7f0d6835b39b766e0bf0e8727c8604a3dd67277	efd2b0107948349a22e21d04b7f0d6835b39b766e0bf0e8727c8604a3dd67277	1	1	1	1	1	0	0	0	0	0	0	0	0	0	0	1
canonical_hybrid_v2_former_fresh:vh017__repeat02	canonical_hybrid_v2_former_fresh_60_regression_only	vh017	2	nt		matched	0	0	1	1	b065d2586a67a936a2db4b75ae7e7e10a797440a462a51d6ac48f407e8000268	b065d2586a67a936a2db4b75ae7e7e10a797440a462a51d6ac48f407e8000268	1	1	1	1	1	0	0	0	0	0	0	0	0	0	0	1
canonical_hybrid_v2_former_fresh:vh017__repeat02	canonical_hybrid_v2_former_fresh_60_regression_only	vh017	2	nt		matched	1	1	2	2	da82f5532afa0341474217b49c982769faadc8a139ec22fefca71fc39184f621	da82f5532afa0341474217b49c982769faadc8a139ec22fefca71fc39184f621	1	1	1	1	1	0	0	0	0	0	0	0	0	0	0	1
canonical_hybrid_v2_former_fresh:vh017__repeat02	canonical_hybrid_v2_former_fresh_60_regression_only	vh017	2	nt		matched	2	2	3	3	d8730fe9317a49ba68048b57a5d12043d4ec9409855f1104df597c42e64b8f08	d8730fe9317a49ba68048b57a5d12043d4ec9409855f1104df597c42e64b8f08	1	1	1	1	1	0	0	0	0	0	0	0	0	0	0	1
canonical_hybrid_v2_former_fresh:vh017__repeat02	canonical_hybrid_v2_former_fresh_60_regression_only	vh017	2	nt		matched	3	3	4	4	652dbdd5e014bb03fc6289c5de32ebc521cb9219b56acd42840b733a9e522b99	652dbdd5e014bb03fc6289c5de32ebc521cb9219b56acd42840b733a9e522b99	1	1	1	1	1	0	0	0	0	0	0	0	0	0	0	1
canonical_hybrid_v2_former_fresh:vh017__repeat02	canonical_hybrid_v2_former_fresh_60_regression_only	vh017	2	nt		matched	4	4	5	5	efd2b0107948349a22e21d04b7f0d6835b39b766e0bf0e8727c8604a3dd67277	efd2b0107948349a22e21d04b7f0d6835b39b766e0bf0e8727c8604a3dd67277	1	1	1	1	1	0	0	0	0	0	0	0	0	0	0	1
canonical_hybrid_v2_former_fresh:vh018__repeat00	canonical_hybrid_v2_former_fresh_60_regression_only	vh018	0	score		matched	0	0	1	1	942d255ecb57c2140b82fa61832bc8ca6c76fb8f2a47cc071b005fdc01cb9711	942d255ecb57c2140b82fa61832bc8ca6c76fb8f2a47cc071b005fdc01cb9711	1	1	1	1	1	0	0	0	0	0	0	0	0	0	0	1
canonical_hybrid_v2_former_fresh:vh018__repeat00	canonical_hybrid_v2_former_fresh_60_regression_only	vh018	0	score		matched	1	1	2	2	70b0aff933df1b92c988fd4f5ab1f12447ac0a9ee7fc96a572bdeb3cdb5a81de	70b0aff933df1b92c988fd4f5ab1f12447ac0a9ee7fc96a572bdeb3cdb5a81de	1	1	1	1	1	0	0	0	0	0	0	0	0	0	0	1
canonical_hybrid_v2_former_fresh:vh018__repeat00	canonical_hybrid_v2_former_fresh_60_regression_only	vh018	0	score		matched	2	2	3	3	ba23f4a1cad13ac186a6cf0a2bf76773fcdfdd3bd80314ae4469a981b8ffda87	ba23f4a1cad13ac186a6cf0a2bf76773fcdfdd3bd80314ae4469a981b8ffda87	1	1	1	1	1	0	0	0	0	0	0	0	0	0	0	1
canonical_hybrid_v2_former_fresh:vh018__repeat00	canonical_hybrid_v2_former_fresh_60_regression_only	vh018	0	score		matched	3	3	4	4	b70feb3210a488f34e3a4e45783c538b91d94c11ee725a4d7eff6a64842e959c	b70feb3210a488f34e3a4e45783c538b91d94c11ee725a4d7eff6a64842e959c	1	1	1	1	1	0	0	0	0	0	0	0	0	0	0	1
canonical_hybrid_v2_former_fresh:vh018__repeat00	canonical_hybrid_v2_former_fresh_60_regression_only	vh018	0	score		matched	4	4	5	5	8efaa67826ff721dd36bb0bd7e27ca00f1d78e5977defb85c2a0710412ac82b8	8efaa67826ff721dd36bb0bd7e27ca00f1d78e5977defb85c2a0710412ac82b8	1	1	1	1	1	0	0	0	0	0	0	0	0	0	0	1
canonical_hybrid_v2_former_fresh:vh018__repeat00	canonical_hybrid_v2_former_fresh_60_regression_only	vh018	0	stability		matched	0	0	1	1	0a35aa039fb1895a52f793dd69ddc0d672f9637006f8f9575da88e5683ac3928	0a35aa039fb1895a52f793dd69ddc0d672f9637006f8f9575da88e5683ac3928	1	1	1	1	1	0	0	0	0	0	0	0	0	0	0	1
canonical_hybrid_v2_former_fresh:vh018__repeat00	canonical_hybrid_v2_former_fresh_60_regression_only	vh018	0	stability		matched	1	1	2	2	2d7350ef02e18d2fb2f3055013664f15d5fb44a88af8e845963de8277484c920	2d7350ef02e18d2fb2f3055013664f15d5fb44a88af8e845963de8277484c920	1	1	1	1	1	0	0	0	0	0	0	0	0	0	0	1
canonical_hybrid_v2_former_fresh:vh018__repeat00	canonical_hybrid_v2_former_fresh_60_regression_only	vh018	0	stability		matched	2	2	3	3	fdcd6996a9429b8116a76f1881b6a63b4c1b489f1880daa0acde24e5c99968c6	fdcd6996a9429b8116a76f1881b6a63b4c1b489f1880daa0acde24e5c99968c6	1	1	1	1	1	0	0	0	0	0	0	0	0	0	0	1
canonical_hybrid_v2_former_fresh:vh018__repeat00	canonical_hybrid_v2_former_fresh_60_regression_only	vh018	0	stability		matched	3	3	4	4	22d55f0300a7ec66e87bb942cef6e5fc3bdde4b1e9e9e09be5b1bdd6e8cba484	22d55f0300a7ec66e87bb942cef6e5fc3bdde4b1e9e9e09be5b1bdd6e8cba484	1	1	1	1	1	0	0	0	0	0	0	0	0	0	0	1
canonical_hybrid_v2_former_fresh:vh018__repeat00	canonical_hybrid_v2_former_fresh_60_regression_only	vh018	0	stability		matched	4	4	5	5	ba23f4a1cad13ac186a6cf0a2bf76773fcdfdd3bd80314ae4469a981b8ffda87	ba23f4a1cad13ac186a6cf0a2bf76773fcdfdd3bd80314ae4469a981b8ffda87	1	1	1	1	1	0	0	0	0	0	0	0	0	0	0	1
canonical_hybrid_v2_former_fresh:vh018__repeat00	canonical_hybrid_v2_former_fresh_60_regression_only	vh018	0	nt		matched	0	0	1	1	70b0aff933df1b92c988fd4f5ab1f12447ac0a9ee7fc96a572bdeb3cdb5a81de	70b0aff933df1b92c988fd4f5ab1f12447ac0a9ee7fc96a572bdeb3cdb5a81de	1	1	1	1	1	0	0	0	0	0	0	0	0	0	0	1
canonical_hybrid_v2_former_fresh:vh018__repeat00	canonical_hybrid_v2_former_fresh_60_regression_only	vh018	0	nt		matched	1	1	2	2	740759f151492a5029c27b74818e1229060555dcd16269cff18c41db247b9ade	740759f151492a5029c27b74818e1229060555dcd16269cff18c41db247b9ade	1	1	1	1	1	0	0	0	0	0	0	0	0	0	0	1
canonical_hybrid_v2_former_fresh:vh018__repeat00	canonical_hybrid_v2_former_fresh_60_regression_only	vh018	0	nt		matched	2	2	3	3	2d7350ef02e18d2fb2f3055013664f15d5fb44a88af8e845963de8277484c920	2d7350ef02e18d2fb2f3055013664f15d5fb44a88af8e845963de8277484c920	1	1	1	1	1	0	0	0	0	0	0	0	0	0	0	1
canonical_hybrid_v2_former_fresh:vh018__repeat00	canonical_hybrid_v2_former_fresh_60_regression_only	vh018	0	nt		matched	3	3	4	4	8efaa67826ff721dd36bb0bd7e27ca00f1d78e5977defb85c2a0710412ac82b8	8efaa67826ff721dd36bb0bd7e27ca00f1d78e5977defb85c2a0710412ac82b8	1	1	1	1	1	0	0	0	0	0	0	0	0	0	0	1
canonical_hybrid_v2_former_fresh:vh018__repeat00	canonical_hybrid_v2_former_fresh_60_regression_only	vh018	0	nt		matched	4	4	5	5	bf8056b217b59e070bfd526f9ad22c7318783f2202fb21f1d460467052a2f904	bf8056b217b59e070bfd526f9ad22c7318783f2202fb21f1d460467052a2f904	1	1	1	1	1	0	0	0	0	0	0	0	0	0	0	1
canonical_hybrid_v2_former_fresh:vh019__repeat00	canonical_hybrid_v2_former_fresh_60_regression_only	vh019	0	score		matched	0	0	1	1	68fc2c1a918af869ba0f8f5a61014ee4a1f2dda09c6c90294747b5d2dd3cdfc9	68fc2c1a918af869ba0f8f5a61014ee4a1f2dda09c6c90294747b5d2dd3cdfc9	1	1	1	1	1	0	0	0	0	0	0	0	0	0	0	1
canonical_hybrid_v2_former_fresh:vh019__repeat00	canonical_hybrid_v2_former_fresh_60_regression_only	vh019	0	score		matched	1	1	2	2	01c554fcf0cbf6be0c0d156287731c3a3a4f08fe99bab9e16e14562e14b74093	01c554fcf0cbf6be0c0d156287731c3a3a4f08fe99bab9e16e14562e14b74093	1	1	1	1	1	0	0	0	0	0	0	0	0	0	0	1
canonical_hybrid_v2_former_fresh:vh019__repeat00	canonical_hybrid_v2_former_fresh_60_regression_only	vh019	0	score		matched	2	2	3	3	f533ba65e1dfcb7f590ede8fb7949af1b03c007b0e6b9179faa4da1830ec56b7	f533ba65e1dfcb7f590ede8fb7949af1b03c007b0e6b9179faa4da1830ec56b7	1	1	1	1	1	0	0	0	0	0	0	0	0	0	0	1
canonical_hybrid_v2_former_fresh:vh019__repeat00	canonical_hybrid_v2_former_fresh_60_regression_only	vh019	0	score		matched	3	3	4	4	9335dc7b11668dcf12c4f9badd874e09bc8ff010e3a65355da550556f3926c74	9335dc7b11668dcf12c4f9badd874e09bc8ff010e3a65355da550556f3926c74	1	1	1	1	1	0	0	0	0	0	0	0	0	0	0	1
canonical_hybrid_v2_former_fresh:vh019__repeat00	canonical_hybrid_v2_former_fresh_60_regression_only	vh019	0	score		matched	4	4	5	5	489bd1d7ab0fd2b74739b28cabdf8fb0eb9eb080ae102262270605658b0732fa	489bd1d7ab0fd2b74739b28cabdf8fb0eb9eb080ae102262270605658b0732fa	1	1	1	1	1	0	0	0	0	0	0	0	0	0	0	1
canonical_hybrid_v2_former_fresh:vh019__repeat00	canonical_hybrid_v2_former_fresh_60_regression_only	vh019	0	stability		matched	0	0	1	1	13f380b0302a3ced5df8dace4a108414bf553a3da6f5da123f8609dc77468387	13f380b0302a3ced5df8dace4a108414bf553a3da6f5da123f8609dc77468387	1	1	1	1	1	0	0	0	0	0	0	0	0	0	0	1
canonical_hybrid_v2_former_fresh:vh019__repeat00	canonical_hybrid_v2_former_fresh_60_regression_only	vh019	0	stability		matched	1	1	2	2	5810162135c78da41023f4b1bb69a6a92dd1ec47603213321fea2853c2194156	5810162135c78da41023f4b1bb69a6a92dd1ec47603213321fea2853c2194156	1	1	1	1	1	0	0	0	0	0	0	0	0	0	0	1
canonical_hybrid_v2_former_fresh:vh019__repeat00	canonical_hybrid_v2_former_fresh_60_regression_only	vh019	0	stability		matched	2	2	3	3	68b252c496ea32bb320fc07b4f5c0b99d7ae9092893ed60fe2732cb140825b76	68b252c496ea32bb320fc07b4f5c0b99d7ae9092893ed60fe2732cb140825b76	1	1	1	1	1	0	0	0	0	0	0	0	0	0	0	1
canonical_hybrid_v2_former_fresh:vh019__repeat00	canonical_hybrid_v2_former_fresh_60_regression_only	vh019	0	stability		matched	3	3	4	4	68fc2c1a918af869ba0f8f5a61014ee4a1f2dda09c6c90294747b5d2dd3cdfc9	68fc2c1a918af869ba0f8f5a61014ee4a1f2dda09c6c90294747b5d2dd3cdfc9	1	1	1	1	1	0	0	0	0	0	0	0	0	0	0	1
canonical_hybrid_v2_former_fresh:vh019__repeat00	canonical_hybrid_v2_former_fresh_60_regression_only	vh019	0	stability		matched	4	4	5	5	cf7c612691f946a719107ac393975e5e424cb8dd9dbdbc50f4fb5c7bcd82715f	cf7c612691f946a719107ac393975e5e424cb8dd9dbdbc50f4fb5c7bcd82715f	1	1	1	1	1	0	0	0	0	0	0	0	0	0	0	1
canonical_hybrid_v2_former_fresh:vh019__repeat00	canonical_hybrid_v2_former_fresh_60_regression_only	vh019	0	nt		matched	0	0	1	1	51edba14987a6182c024092e147ef4cb325b14cb86c9b473a11bbf4e980884ee	51edba14987a6182c024092e147ef4cb325b14cb86c9b473a11bbf4e980884ee	1	1	1	1	1	0	0	0	0	0	0	0	0	0	0	1
canonical_hybrid_v2_former_fresh:vh019__repeat00	canonical_hybrid_v2_former_fresh_60_regression_only	vh019	0	nt		matched	1	1	2	2	db57512790efb0e02c1b5c0f91c3bbce7135831ffaa2270f886570dcb4d7778f	db57512790efb0e02c1b5c0f91c3bbce7135831ffaa2270f886570dcb4d7778f	1	1	1	1	1	0	0	0	0	0	0	0	0	0	0	1
canonical_hybrid_v2_former_fresh:vh019__repeat00	canonical_hybrid_v2_former_fresh_60_regression_only	vh019	0	nt		matched	2	2	3	3	92198946eb6132acb34638eddc2856c0b6a946c6efd5446c23f2a65080954927	92198946eb6132acb34638eddc2856c0b6a946c6efd5446c23f2a65080954927	1	1	1	1	1	0	0	0	0	0	0	0	0	0	0	1
canonical_hybrid_v2_former_fresh:vh019__repeat00	canonical_hybrid_v2_former_fresh_60_regression_only	vh019	0	nt		matched	3	3	4	4	9335dc7b11668dcf12c4f9badd874e09bc8ff010e3a65355da550556f3926c74	9335dc7b11668dcf12c4f9badd874e09bc8ff010e3a65355da550556f3926c74	1	1	1	1	1	0	0	0	0	0	0	0	0	0	0	1
canonical_hybrid_v2_former_fresh:vh019__repeat00	canonical_hybrid_v2_former_fresh_60_regression_only	vh019	0	nt		matched	4	4	5	5	5c9ac4c8a90c3f2d7a243971b0993d721a4b77eef7c4f755ac7c7602431bb6cf	5c9ac4c8a90c3f2d7a243971b0993d721a4b77eef7c4f755ac7c7602431bb6cf	1	1	1	1	1	0	0	0	0	0	0	0	0	0	0	1
canonical_hybrid_v2_former_fresh:vh019__repeat01	canonical_hybrid_v2_former_fresh_60_regression_only	vh019	1	score		matched	0	0	1	1	68fc2c1a918af869ba0f8f5a61014ee4a1f2dda09c6c90294747b5d2dd3cdfc9	68fc2c1a918af869ba0f8f5a61014ee4a1f2dda09c6c90294747b5d2dd3cdfc9	1	1	1	1	1	0	0	0	0	0	0	0	0	0	0	1
canonical_hybrid_v2_former_fresh:vh019__repeat01	canonical_hybrid_v2_former_fresh_60_regression_only	vh019	1	score		matched	1	1	2	2	01c554fcf0cbf6be0c0d156287731c3a3a4f08fe99bab9e16e14562e14b74093	01c554fcf0cbf6be0c0d156287731c3a3a4f08fe99bab9e16e14562e14b74093	1	1	1	1	1	0	0	0	0	0	0	0	0	0	0	1
canonical_hybrid_v2_former_fresh:vh019__repeat01	canonical_hybrid_v2_former_fresh_60_regression_only	vh019	1	score		matched	2	2	3	3	f533ba65e1dfcb7f590ede8fb7949af1b03c007b0e6b9179faa4da1830ec56b7	f533ba65e1dfcb7f590ede8fb7949af1b03c007b0e6b9179faa4da1830ec56b7	1	1	1	1	1	0	0	0	0	0	0	0	0	0	0	1
canonical_hybrid_v2_former_fresh:vh019__repeat01	canonical_hybrid_v2_former_fresh_60_regression_only	vh019	1	score		matched	3	3	4	4	9335dc7b11668dcf12c4f9badd874e09bc8ff010e3a65355da550556f3926c74	9335dc7b11668dcf12c4f9badd874e09bc8ff010e3a65355da550556f3926c74	1	1	1	1	1	0	0	0	0	0	0	0	0	0	0	1
canonical_hybrid_v2_former_fresh:vh019__repeat01	canonical_hybrid_v2_former_fresh_60_regression_only	vh019	1	score		matched	4	4	5	5	489bd1d7ab0fd2b74739b28cabdf8fb0eb9eb080ae102262270605658b0732fa	489bd1d7ab0fd2b74739b28cabdf8fb0eb9eb080ae102262270605658b0732fa	1	1	1	1	1	0	0	0	0	0	0	0	0	0	0	1
canonical_hybrid_v2_former_fresh:vh019__repeat01	canonical_hybrid_v2_former_fresh_60_regression_only	vh019	1	stability		matched	0	0	1	1	13f380b0302a3ced5df8dace4a108414bf553a3da6f5da123f8609dc77468387	13f380b0302a3ced5df8dace4a108414bf553a3da6f5da123f8609dc77468387	1	1	1	1	1	0	0	0	0	0	0	0	0	0	0	1
canonical_hybrid_v2_former_fresh:vh019__repeat01	canonical_hybrid_v2_former_fresh_60_regression_only	vh019	1	stability		matched	1	1	2	2	5810162135c78da41023f4b1bb69a6a92dd1ec47603213321fea2853c2194156	5810162135c78da41023f4b1bb69a6a92dd1ec47603213321fea2853c2194156	1	1	1	1	1	0	0	0	0	0	0	0	0	0	0	1
canonical_hybrid_v2_former_fresh:vh019__repeat01	canonical_hybrid_v2_former_fresh_60_regression_only	vh019	1	stability		matched	2	2	3	3	68b252c496ea32bb320fc07b4f5c0b99d7ae9092893ed60fe2732cb140825b76	68b252c496ea32bb320fc07b4f5c0b99d7ae9092893ed60fe2732cb140825b76	1	1	1	1	1	0	0	0	0	0	0	0	0	0	0	1
canonical_hybrid_v2_former_fresh:vh019__repeat01	canonical_hybrid_v2_former_fresh_60_regression_only	vh019	1	stability		matched	3	3	4	4	68fc2c1a918af869ba0f8f5a61014ee4a1f2dda09c6c90294747b5d2dd3cdfc9	68fc2c1a918af869ba0f8f5a61014ee4a1f2dda09c6c90294747b5d2dd3cdfc9	1	1	1	1	1	0	0	0	0	0	0	0	0	0	0	1
canonical_hybrid_v2_former_fresh:vh019__repeat01	canonical_hybrid_v2_former_fresh_60_regression_only	vh019	1	stability		matched	4	4	5	5	cf7c612691f946a719107ac393975e5e424cb8dd9dbdbc50f4fb5c7bcd82715f	cf7c612691f946a719107ac393975e5e424cb8dd9dbdbc50f4fb5c7bcd82715f	1	1	1	1	1	0	0	0	0	0	0	0	0	0	0	1
canonical_hybrid_v2_former_fresh:vh019__repeat01	canonical_hybrid_v2_former_fresh_60_regression_only	vh019	1	nt		matched	0	0	1	1	51edba14987a6182c024092e147ef4cb325b14cb86c9b473a11bbf4e980884ee	51edba14987a6182c024092e147ef4cb325b14cb86c9b473a11bbf4e980884ee	1	1	1	1	1	0	0	0	0	0	0	0	0	0	0	1
canonical_hybrid_v2_former_fresh:vh019__repeat01	canonical_hybrid_v2_former_fresh_60_regression_only	vh019	1	nt		matched	1	1	2	2	db57512790efb0e02c1b5c0f91c3bbce7135831ffaa2270f886570dcb4d7778f	db57512790efb0e02c1b5c0f91c3bbce7135831ffaa2270f886570dcb4d7778f	1	1	1	1	1	0	0	0	0	0	0	0	0	0	0	1
canonical_hybrid_v2_former_fresh:vh019__repeat01	canonical_hybrid_v2_former_fresh_60_regression_only	vh019	1	nt		matched	2	2	3	3	92198946eb6132acb34638eddc2856c0b6a946c6efd5446c23f2a65080954927	92198946eb6132acb34638eddc2856c0b6a946c6efd5446c23f2a65080954927	1	1	1	1	1	0	0	0	0	0	0	0	0	0	0	1
canonical_hybrid_v2_former_fresh:vh019__repeat01	canonical_hybrid_v2_former_fresh_60_regression_only	vh019	1	nt		matched	3	3	4	4	9335dc7b11668dcf12c4f9badd874e09bc8ff010e3a65355da550556f3926c74	9335dc7b11668dcf12c4f9badd874e09bc8ff010e3a65355da550556f3926c74	1	1	1	1	1	0	0	0	0	0	0	0	0	0	0	1
canonical_hybrid_v2_former_fresh:vh019__repeat01	canonical_hybrid_v2_former_fresh_60_regression_only	vh019	1	nt		matched	4	4	5	5	5c9ac4c8a90c3f2d7a243971b0993d721a4b77eef7c4f755ac7c7602431bb6cf	5c9ac4c8a90c3f2d7a243971b0993d721a4b77eef7c4f755ac7c7602431bb6cf	1	1	1	1	1	0	0	0	0	0	0	0	0	0	0	1
canonical_hybrid_v2_former_fresh:vh019__repeat02	canonical_hybrid_v2_former_fresh_60_regression_only	vh019	2	score		matched	0	0	1	1	68fc2c1a918af869ba0f8f5a61014ee4a1f2dda09c6c90294747b5d2dd3cdfc9	68fc2c1a918af869ba0f8f5a61014ee4a1f2dda09c6c90294747b5d2dd3cdfc9	1	1	1	1	1	0	0	0	0	0	0	0	0	0	0	1
canonical_hybrid_v2_former_fresh:vh019__repeat02	canonical_hybrid_v2_former_fresh_60_regression_only	vh019	2	score		matched	1	1	2	2	01c554fcf0cbf6be0c0d156287731c3a3a4f08fe99bab9e16e14562e14b74093	01c554fcf0cbf6be0c0d156287731c3a3a4f08fe99bab9e16e14562e14b74093	1	1	1	1	1	0	0	0	0	0	0	0	0	0	0	1
canonical_hybrid_v2_former_fresh:vh019__repeat02	canonical_hybrid_v2_former_fresh_60_regression_only	vh019	2	score		matched	2	2	3	3	f533ba65e1dfcb7f590ede8fb7949af1b03c007b0e6b9179faa4da1830ec56b7	f533ba65e1dfcb7f590ede8fb7949af1b03c007b0e6b9179faa4da1830ec56b7	1	1	1	1	1	0	0	0	0	0	0	0	0	0	0	1
canonical_hybrid_v2_former_fresh:vh019__repeat02	canonical_hybrid_v2_former_fresh_60_regression_only	vh019	2	score		matched	3	3	4	4	9335dc7b11668dcf12c4f9badd874e09bc8ff010e3a65355da550556f3926c74	9335dc7b11668dcf12c4f9badd874e09bc8ff010e3a65355da550556f3926c74	1	1	1	1	1	0	0	0	0	0	0	0	0	0	0	1
canonical_hybrid_v2_former_fresh:vh019__repeat02	canonical_hybrid_v2_former_fresh_60_regression_only	vh019	2	score		matched	4	4	5	5	489bd1d7ab0fd2b74739b28cabdf8fb0eb9eb080ae102262270605658b0732fa	489bd1d7ab0fd2b74739b28cabdf8fb0eb9eb080ae102262270605658b0732fa	1	1	1	1	1	0	0	0	0	0	0	0	0	0	0	1
canonical_hybrid_v2_former_fresh:vh019__repeat02	canonical_hybrid_v2_former_fresh_60_regression_only	vh019	2	stability		matched	0	0	1	1	13f380b0302a3ced5df8dace4a108414bf553a3da6f5da123f8609dc77468387	13f380b0302a3ced5df8dace4a108414bf553a3da6f5da123f8609dc77468387	1	1	1	1	1	0	0	0	0	0	0	0	0	0	0	1
canonical_hybrid_v2_former_fresh:vh019__repeat02	canonical_hybrid_v2_former_fresh_60_regression_only	vh019	2	stability		matched	1	1	2	2	5810162135c78da41023f4b1bb69a6a92dd1ec47603213321fea2853c2194156	5810162135c78da41023f4b1bb69a6a92dd1ec47603213321fea2853c2194156	1	1	1	1	1	0	0	0	0	0	0	0	0	0	0	1
canonical_hybrid_v2_former_fresh:vh019__repeat02	canonical_hybrid_v2_former_fresh_60_regression_only	vh019	2	stability		matched	2	2	3	3	68b252c496ea32bb320fc07b4f5c0b99d7ae9092893ed60fe2732cb140825b76	68b252c496ea32bb320fc07b4f5c0b99d7ae9092893ed60fe2732cb140825b76	1	1	1	1	1	0	0	0	0	0	0	0	0	0	0	1
canonical_hybrid_v2_former_fresh:vh019__repeat02	canonical_hybrid_v2_former_fresh_60_regression_only	vh019	2	stability		matched	3	3	4	4	68fc2c1a918af869ba0f8f5a61014ee4a1f2dda09c6c90294747b5d2dd3cdfc9	68fc2c1a918af869ba0f8f5a61014ee4a1f2dda09c6c90294747b5d2dd3cdfc9	1	1	1	1	1	0	0	0	0	0	0	0	0	0	0	1
canonical_hybrid_v2_former_fresh:vh019__repeat02	canonical_hybrid_v2_former_fresh_60_regression_only	vh019	2	stability		matched	4	4	5	5	cf7c612691f946a719107ac393975e5e424cb8dd9dbdbc50f4fb5c7bcd82715f	cf7c612691f946a719107ac393975e5e424cb8dd9dbdbc50f4fb5c7bcd82715f	1	1	1	1	1	0	0	0	0	0	0	0	0	0	0	1
canonical_hybrid_v2_former_fresh:vh019__repeat02	canonical_hybrid_v2_former_fresh_60_regression_only	vh019	2	nt		matched	0	0	1	1	51edba14987a6182c024092e147ef4cb325b14cb86c9b473a11bbf4e980884ee	51edba14987a6182c024092e147ef4cb325b14cb86c9b473a11bbf4e980884ee	1	1	1	1	1	0	0	0	0	0	0	0	0	0	0	1
canonical_hybrid_v2_former_fresh:vh019__repeat02	canonical_hybrid_v2_former_fresh_60_regression_only	vh019	2	nt		matched	1	1	2	2	db57512790efb0e02c1b5c0f91c3bbce7135831ffaa2270f886570dcb4d7778f	db57512790efb0e02c1b5c0f91c3bbce7135831ffaa2270f886570dcb4d7778f	1	1	1	1	1	0	0	0	0	0	0	0	0	0	0	1
canonical_hybrid_v2_former_fresh:vh019__repeat02	canonical_hybrid_v2_former_fresh_60_regression_only	vh019	2	nt		matched	2	2	3	3	92198946eb6132acb34638eddc2856c0b6a946c6efd5446c23f2a65080954927	92198946eb6132acb34638eddc2856c0b6a946c6efd5446c23f2a65080954927	1	1	1	1	1	0	0	0	0	0	0	0	0	0	0	1
canonical_hybrid_v2_former_fresh:vh019__repeat02	canonical_hybrid_v2_former_fresh_60_regression_only	vh019	2	nt		matched	3	3	4	4	9335dc7b11668dcf12c4f9badd874e09bc8ff010e3a65355da550556f3926c74	9335dc7b11668dcf12c4f9badd874e09bc8ff010e3a65355da550556f3926c74	1	1	1	1	1	0	0	0	0	0	0	0	0	0	0	1
canonical_hybrid_v2_former_fresh:vh019__repeat02	canonical_hybrid_v2_former_fresh_60_regression_only	vh019	2	nt		matched	4	4	5	5	5c9ac4c8a90c3f2d7a243971b0993d721a4b77eef7c4f755ac7c7602431bb6cf	5c9ac4c8a90c3f2d7a243971b0993d721a4b77eef7c4f755ac7c7602431bb6cf	1	1	1	1	1	0	0	0	0	0	0	0	0	0	0	1
canonical_hybrid_v2_former_fresh:vh020__repeat00	canonical_hybrid_v2_former_fresh_60_regression_only	vh020	0	score		matched	0	0	1	1	e91d15ef2f944d80577724f93259da1ca90ee188efdfde04a941a0f6520cd240	e91d15ef2f944d80577724f93259da1ca90ee188efdfde04a941a0f6520cd240	1	1	1	1	1	0	0	0	0	0	0	0	0	0	0	1
canonical_hybrid_v2_former_fresh:vh020__repeat00	canonical_hybrid_v2_former_fresh_60_regression_only	vh020	0	score		matched	1	1	2	2	05db22120f0c3bf99c381bead839c896a8ac983d506603c7e21711234eb81683	05db22120f0c3bf99c381bead839c896a8ac983d506603c7e21711234eb81683	1	1	1	1	1	0	0	0	0	0	0	0	0	0	0	1
canonical_hybrid_v2_former_fresh:vh020__repeat00	canonical_hybrid_v2_former_fresh_60_regression_only	vh020	0	score		matched	2	2	3	3	cf8163ce096d5daeea451bf7db0778f4894e34a38fbd1cf55ccb339c60304fec	cf8163ce096d5daeea451bf7db0778f4894e34a38fbd1cf55ccb339c60304fec	1	1	1	1	1	0	0	0	0	0	0	0	0	0	0	1
canonical_hybrid_v2_former_fresh:vh020__repeat00	canonical_hybrid_v2_former_fresh_60_regression_only	vh020	0	score		matched	3	3	4	4	2a3f20ef3a3a9a5b5035fe760ee2ca36add7b43f574effbb7e61c0cb5cca549a	2a3f20ef3a3a9a5b5035fe760ee2ca36add7b43f574effbb7e61c0cb5cca549a	1	1	1	1	1	0	0	0	0	0	0	0	0	0	0	1
canonical_hybrid_v2_former_fresh:vh020__repeat00	canonical_hybrid_v2_former_fresh_60_regression_only	vh020	0	score		matched	4	4	5	5	0efc5156a94423ea82b2f0eea660d11fb456608c82f389c9ba65b9f9d1161b20	0efc5156a94423ea82b2f0eea660d11fb456608c82f389c9ba65b9f9d1161b20	1	1	1	1	1	0	0	0	0	0	0	0	0	0	0	1
canonical_hybrid_v2_former_fresh:vh020__repeat00	canonical_hybrid_v2_former_fresh_60_regression_only	vh020	0	stability		matched	0	0	1	1	9c926c1f76a4e293250970539028d1126f32ed09cde247878346a0573c2da072	9c926c1f76a4e293250970539028d1126f32ed09cde247878346a0573c2da072	1	1	1	1	1	0	0	0	0	0	0	0	0	0	0	1
canonical_hybrid_v2_former_fresh:vh020__repeat00	canonical_hybrid_v2_former_fresh_60_regression_only	vh020	0	stability		matched	1	1	2	2	f70916bb2ad2e2f69d2164ae1d717d3f5c122c20ab8ed448091e8e1234a1e01c	f70916bb2ad2e2f69d2164ae1d717d3f5c122c20ab8ed448091e8e1234a1e01c	1	1	1	1	1	0	0	0	0	0	0	0	0	0	0	1
canonical_hybrid_v2_former_fresh:vh020__repeat00	canonical_hybrid_v2_former_fresh_60_regression_only	vh020	0	stability		matched	2	2	3	3	302f7ee5d8b39948ab307e7a48ea0b4507d48abfb1534f0e581e4c2429c72a0a	302f7ee5d8b39948ab307e7a48ea0b4507d48abfb1534f0e581e4c2429c72a0a	1	1	1	1	1	0	0	0	0	0	0	0	0	0	0	1
canonical_hybrid_v2_former_fresh:vh020__repeat00	canonical_hybrid_v2_former_fresh_60_regression_only	vh020	0	stability		matched	3	3	4	4	2e4728501bf5b0d681af98cb76563bb4d5501c285c70f6a00cfffde9daf8d56f	2e4728501bf5b0d681af98cb76563bb4d5501c285c70f6a00cfffde9daf8d56f	1	1	1	1	1	0	0	0	0	0	0	0	0	0	0	1
canonical_hybrid_v2_former_fresh:vh020__repeat00	canonical_hybrid_v2_former_fresh_60_regression_only	vh020	0	stability		matched	4	4	5	5	05db22120f0c3bf99c381bead839c896a8ac983d506603c7e21711234eb81683	05db22120f0c3bf99c381bead839c896a8ac983d506603c7e21711234eb81683	1	1	1	1	1	0	0	0	0	0	0	0	0	0	0	1
canonical_hybrid_v2_former_fresh:vh020__repeat00	canonical_hybrid_v2_former_fresh_60_regression_only	vh020	0	nt		matched	0	0	1	1	05db22120f0c3bf99c381bead839c896a8ac983d506603c7e21711234eb81683	05db22120f0c3bf99c381bead839c896a8ac983d506603c7e21711234eb81683	1	1	1	1	1	0	0	0	0	0	0	0	0	0	0	1
canonical_hybrid_v2_former_fresh:vh020__repeat00	canonical_hybrid_v2_former_fresh_60_regression_only	vh020	0	nt		matched	1	1	2	2	3e214a3103508ec803acb2f3c34e44cae69c2f22fdb67149044ad95d00ac2d5a	3e214a3103508ec803acb2f3c34e44cae69c2f22fdb67149044ad95d00ac2d5a	1	1	1	1	1	0	0	0	0	0	0	0	0	0	0	1
canonical_hybrid_v2_former_fresh:vh020__repeat00	canonical_hybrid_v2_former_fresh_60_regression_only	vh020	0	nt		matched	2	2	3	3	cf8163ce096d5daeea451bf7db0778f4894e34a38fbd1cf55ccb339c60304fec	cf8163ce096d5daeea451bf7db0778f4894e34a38fbd1cf55ccb339c60304fec	1	1	1	1	1	0	0	0	0	0	0	0	0	0	0	1
canonical_hybrid_v2_former_fresh:vh020__repeat00	canonical_hybrid_v2_former_fresh_60_regression_only	vh020	0	nt		matched	3	3	4	4	302f7ee5d8b39948ab307e7a48ea0b4507d48abfb1534f0e581e4c2429c72a0a	302f7ee5d8b39948ab307e7a48ea0b4507d48abfb1534f0e581e4c2429c72a0a	1	1	1	1	1	0	0	0	0	0	0	0	0	0	0	1
canonical_hybrid_v2_former_fresh:vh020__repeat00	canonical_hybrid_v2_former_fresh_60_regression_only	vh020	0	nt		matched	4	4	5	5	89f941d11be3f2f8b088e25a3236b4f653c617b55c40cf244f325d9d930fa694	89f941d11be3f2f8b088e25a3236b4f653c617b55c40cf244f325d9d930fa694	1	1	1	1	1	0	0	0	0	0	0	0	0	0	0	1
canonical_hybrid_v2_former_fresh:vh021__repeat00	canonical_hybrid_v2_former_fresh_60_regression_only	vh021	0	score		matched	0	0	1	1	2192664a8b4451bff43655ccb24a32daf8e20b63fbfc073f4573e79f325410ec	2192664a8b4451bff43655ccb24a32daf8e20b63fbfc073f4573e79f325410ec	1	1	1	1	1	0	0	0	0	0	0	0	0	0	0	1
canonical_hybrid_v2_former_fresh:vh021__repeat00	canonical_hybrid_v2_former_fresh_60_regression_only	vh021	0	score		matched	1	1	2	2	7b650cc9cbd3ba87ad802c579f76364b2152b9e9c5eaa1f9e0cccc3bf8dae196	7b650cc9cbd3ba87ad802c579f76364b2152b9e9c5eaa1f9e0cccc3bf8dae196	1	1	1	1	1	0	0	0	0	0	0	0	0	0	0	1
canonical_hybrid_v2_former_fresh:vh021__repeat00	canonical_hybrid_v2_former_fresh_60_regression_only	vh021	0	score		matched	2	2	3	3	f8449302a6ef47198d4b5e766d8e711834ecbad883f63c21078f7dc4d217ff37	f8449302a6ef47198d4b5e766d8e711834ecbad883f63c21078f7dc4d217ff37	1	1	1	1	1	0	0	0	0	0	0	0	0	0	0	1
canonical_hybrid_v2_former_fresh:vh021__repeat00	canonical_hybrid_v2_former_fresh_60_regression_only	vh021	0	score		matched	3	3	4	4	31aff0e21ea490bb5a6226602d8bfb1ed377745ba781000949f61f4f76357579	31aff0e21ea490bb5a6226602d8bfb1ed377745ba781000949f61f4f76357579	1	1	1	1	1	0	0	0	0	0	0	0	0	0	0	1
canonical_hybrid_v2_former_fresh:vh021__repeat00	canonical_hybrid_v2_former_fresh_60_regression_only	vh021	0	stability		matched	0	0	1	1	31aff0e21ea490bb5a6226602d8bfb1ed377745ba781000949f61f4f76357579	31aff0e21ea490bb5a6226602d8bfb1ed377745ba781000949f61f4f76357579	1	1	1	1	1	0	0	0	0	0	0	0	0	0	0	1
canonical_hybrid_v2_former_fresh:vh021__repeat00	canonical_hybrid_v2_former_fresh_60_regression_only	vh021	0	stability		matched	1	1	2	2	7b650cc9cbd3ba87ad802c579f76364b2152b9e9c5eaa1f9e0cccc3bf8dae196	7b650cc9cbd3ba87ad802c579f76364b2152b9e9c5eaa1f9e0cccc3bf8dae196	1	1	1	1	1	0	0	0	0	0	0	0	0	0	0	1
canonical_hybrid_v2_former_fresh:vh021__repeat00	canonical_hybrid_v2_former_fresh_60_regression_only	vh021	0	stability		matched	2	2	3	3	f8449302a6ef47198d4b5e766d8e711834ecbad883f63c21078f7dc4d217ff37	f8449302a6ef47198d4b5e766d8e711834ecbad883f63c21078f7dc4d217ff37	1	1	1	1	1	0	0	0	0	0	0	0	0	0	0	1
canonical_hybrid_v2_former_fresh:vh021__repeat00	canonical_hybrid_v2_former_fresh_60_regression_only	vh021	0	stability		matched	3	3	4	4	2192664a8b4451bff43655ccb24a32daf8e20b63fbfc073f4573e79f325410ec	2192664a8b4451bff43655ccb24a32daf8e20b63fbfc073f4573e79f325410ec	1	1	1	1	1	0	0	0	0	0	0	0	0	0	0	1
canonical_hybrid_v2_former_fresh:vh021__repeat00	canonical_hybrid_v2_former_fresh_60_regression_only	vh021	0	nt		matched	0	0	1	1	2192664a8b4451bff43655ccb24a32daf8e20b63fbfc073f4573e79f325410ec	2192664a8b4451bff43655ccb24a32daf8e20b63fbfc073f4573e79f325410ec	1	1	1	1	1	0	0	0	0	0	0	0	0	0	0	1
canonical_hybrid_v2_former_fresh:vh021__repeat00	canonical_hybrid_v2_former_fresh_60_regression_only	vh021	0	nt		matched	1	1	2	2	65ed1ba8fd2fddb403e56270d40c10a807d1db3bd0f6d1081b6f426740e71cf7	65ed1ba8fd2fddb403e56270d40c10a807d1db3bd0f6d1081b6f426740e71cf7	1	1	1	1	1	0	0	0	0	0	0	0	0	0	0	1
canonical_hybrid_v2_former_fresh:vh021__repeat00	canonical_hybrid_v2_former_fresh_60_regression_only	vh021	0	nt		matched	2	2	3	3	31aff0e21ea490bb5a6226602d8bfb1ed377745ba781000949f61f4f76357579	31aff0e21ea490bb5a6226602d8bfb1ed377745ba781000949f61f4f76357579	1	1	1	1	1	0	0	0	0	0	0	0	0	0	0	1
canonical_hybrid_v2_former_fresh:vh021__repeat00	canonical_hybrid_v2_former_fresh_60_regression_only	vh021	0	nt		matched	3	3	4	4	f8449302a6ef47198d4b5e766d8e711834ecbad883f63c21078f7dc4d217ff37	f8449302a6ef47198d4b5e766d8e711834ecbad883f63c21078f7dc4d217ff37	1	1	1	1	1	0	0	0	0	0	0	0	0	0	0	1
canonical_hybrid_v2_former_fresh:vh022__repeat00	canonical_hybrid_v2_former_fresh_60_regression_only	vh022	0	score		matched	0	0	1	1	9f9639f1a62a02ac8a4e08ee16d18e62a9cbeee4bbf33a4dfd75ad955820cf87	9f9639f1a62a02ac8a4e08ee16d18e62a9cbeee4bbf33a4dfd75ad955820cf87	1	1	1	1	1	0	0	0	0	0	0	0	0	0	0	1
canonical_hybrid_v2_former_fresh:vh022__repeat00	canonical_hybrid_v2_former_fresh_60_regression_only	vh022	0	score		matched	1	1	2	2	bf5c88d6b1bd6a9a1db864463a20b0410ca9bd5fc4ed702c2738f8d7336c7254	bf5c88d6b1bd6a9a1db864463a20b0410ca9bd5fc4ed702c2738f8d7336c7254	1	1	1	1	1	0	0	0	0	0	0	0	0	0	0	1
canonical_hybrid_v2_former_fresh:vh022__repeat00	canonical_hybrid_v2_former_fresh_60_regression_only	vh022	0	score		matched	2	2	3	3	cbb4b8188b33d2d04666f5a05de14988984cece80a9ea49a7e9866df72f75809	cbb4b8188b33d2d04666f5a05de14988984cece80a9ea49a7e9866df72f75809	1	1	1	1	1	0	0	0	0	0	0	0	0	0	0	1
canonical_hybrid_v2_former_fresh:vh022__repeat00	canonical_hybrid_v2_former_fresh_60_regression_only	vh022	0	score		matched	3	3	4	4	7501a9c24d14b34fbda249634b07a3b235f63aeb80b098988bf35a61d9dc0873	7501a9c24d14b34fbda249634b07a3b235f63aeb80b098988bf35a61d9dc0873	1	1	1	1	1	0	0	0	0	0	0	0	0	0	0	1
canonical_hybrid_v2_former_fresh:vh022__repeat00	canonical_hybrid_v2_former_fresh_60_regression_only	vh022	0	score		matched	4	4	5	5	b546ddc140686fe1ae11a577b39efa4a6dd079390638f33d3c6d9455068121aa	b546ddc140686fe1ae11a577b39efa4a6dd079390638f33d3c6d9455068121aa	1	1	1	1	1	0	0	0	0	0	0	0	0	0	0	1
canonical_hybrid_v2_former_fresh:vh022__repeat00	canonical_hybrid_v2_former_fresh_60_regression_only	vh022	0	stability		matched	0	0	1	1	7501a9c24d14b34fbda249634b07a3b235f63aeb80b098988bf35a61d9dc0873	7501a9c24d14b34fbda249634b07a3b235f63aeb80b098988bf35a61d9dc0873	1	1	1	1	1	0	0	0	0	0	0	0	0	0	0	1
canonical_hybrid_v2_former_fresh:vh022__repeat00	canonical_hybrid_v2_former_fresh_60_regression_only	vh022	0	stability		matched	1	1	2	2	56890fbc555eb8479b09322fdff81ddb2abe6e967cba050427d97f0b63db7f52	56890fbc555eb8479b09322fdff81ddb2abe6e967cba050427d97f0b63db7f52	1	1	1	1	1	0	0	0	0	0	0	0	0	0	0	1
canonical_hybrid_v2_former_fresh:vh022__repeat00	canonical_hybrid_v2_former_fresh_60_regression_only	vh022	0	stability		matched	2	2	3	3	552b0d83c8a2bb1c475c0fdf3725175bf1854e06e32e356a543100885089d8e4	552b0d83c8a2bb1c475c0fdf3725175bf1854e06e32e356a543100885089d8e4	1	1	1	1	1	0	0	0	0	0	0	0	0	0	0	1
canonical_hybrid_v2_former_fresh:vh022__repeat00	canonical_hybrid_v2_former_fresh_60_regression_only	vh022	0	stability		matched	3	3	4	4	a306d77be5c0b72c4f9ff34b8408d4a4ed61d3981f8323c0f08f463532ccadd9	a306d77be5c0b72c4f9ff34b8408d4a4ed61d3981f8323c0f08f463532ccadd9	1	1	1	1	1	0	0	0	0	0	0	0	0	0	0	1
canonical_hybrid_v2_former_fresh:vh022__repeat00	canonical_hybrid_v2_former_fresh_60_regression_only	vh022	0	stability		matched	4	4	5	5	7b9c55cd2ccf7e8e34295b786c6559706254063e63ac471ab339b3ce5e47aebe	7b9c55cd2ccf7e8e34295b786c6559706254063e63ac471ab339b3ce5e47aebe	1	1	1	1	1	0	0	0	0	0	0	0	0	0	0	1
canonical_hybrid_v2_former_fresh:vh022__repeat00	canonical_hybrid_v2_former_fresh_60_regression_only	vh022	0	nt		matched	0	0	1	1	7b9c55cd2ccf7e8e34295b786c6559706254063e63ac471ab339b3ce5e47aebe	7b9c55cd2ccf7e8e34295b786c6559706254063e63ac471ab339b3ce5e47aebe	1	1	1	1	1	0	0	0	0	0	0	0	0	0	0	1
canonical_hybrid_v2_former_fresh:vh022__repeat00	canonical_hybrid_v2_former_fresh_60_regression_only	vh022	0	nt		matched	1	1	2	2	9f9639f1a62a02ac8a4e08ee16d18e62a9cbeee4bbf33a4dfd75ad955820cf87	9f9639f1a62a02ac8a4e08ee16d18e62a9cbeee4bbf33a4dfd75ad955820cf87	1	1	1	1	1	0	0	0	0	0	0	0	0	0	0	1
canonical_hybrid_v2_former_fresh:vh022__repeat00	canonical_hybrid_v2_former_fresh_60_regression_only	vh022	0	nt		matched	2	2	3	3	d24f389bf6fc00ace2c4c7f2b87e2b0b86736eedffa91c64625847120e5bb61a	d24f389bf6fc00ace2c4c7f2b87e2b0b86736eedffa91c64625847120e5bb61a	1	1	1	1	1	0	0	0	0	0	0	0	0	0	0	1
canonical_hybrid_v2_former_fresh:vh022__repeat00	canonical_hybrid_v2_former_fresh_60_regression_only	vh022	0	nt		matched	3	3	4	4	41a3f0c6704e6e7820117cfb105ca9565721c612003b93d62aa73ae4843cfe0b	41a3f0c6704e6e7820117cfb105ca9565721c612003b93d62aa73ae4843cfe0b	1	1	1	1	1	0	0	0	0	0	0	0	0	0	0	1
canonical_hybrid_v2_former_fresh:vh022__repeat00	canonical_hybrid_v2_former_fresh_60_regression_only	vh022	0	nt		matched	4	4	5	5	552b0d83c8a2bb1c475c0fdf3725175bf1854e06e32e356a543100885089d8e4	552b0d83c8a2bb1c475c0fdf3725175bf1854e06e32e356a543100885089d8e4	1	1	1	1	1	0	0	0	0	0	0	0	0	0	0	1
canonical_hybrid_v2_former_fresh:vh023__repeat00	canonical_hybrid_v2_former_fresh_60_regression_only	vh023	0	score		matched	0	0	1	1	48da4b0efda7b74c1fc610f42c0961bbd5a8fcef5ae5356a342bf6e3c47c3fb8	48da4b0efda7b74c1fc610f42c0961bbd5a8fcef5ae5356a342bf6e3c47c3fb8	1	1	1	1	1	0	0	0	0	0	0	0	0	0	0	1
canonical_hybrid_v2_former_fresh:vh023__repeat00	canonical_hybrid_v2_former_fresh_60_regression_only	vh023	0	score		matched	1	1	2	2	666248aeb898914d8230d267b9f98a38a9a687e2c4e68b246598ad6c0ff7993e	666248aeb898914d8230d267b9f98a38a9a687e2c4e68b246598ad6c0ff7993e	1	1	1	1	1	0	0	0	0	0	0	0	0	0	0	1
canonical_hybrid_v2_former_fresh:vh023__repeat00	canonical_hybrid_v2_former_fresh_60_regression_only	vh023	0	score		matched	2	2	3	3	95b6f4590aabed7b1cabffeaff929fe67dcbb3db20cc2f4a6c754d7afc9a73ef	95b6f4590aabed7b1cabffeaff929fe67dcbb3db20cc2f4a6c754d7afc9a73ef	1	1	1	1	1	0	0	0	0	0	0	0	0	0	0	1
canonical_hybrid_v2_former_fresh:vh023__repeat00	canonical_hybrid_v2_former_fresh_60_regression_only	vh023	0	score		matched	3	3	4	4	953f9d7a0d7bbac542f67443f0ea51e9bc904cad0974997ccbcf26ac3e09777d	953f9d7a0d7bbac542f67443f0ea51e9bc904cad0974997ccbcf26ac3e09777d	1	1	1	1	1	0	0	0	0	0	0	0	0	0	0	1
canonical_hybrid_v2_former_fresh:vh023__repeat00	canonical_hybrid_v2_former_fresh_60_regression_only	vh023	0	score		matched	4	4	5	5	4f04ac2971d34dca5c8a7f4a36d6553afcde31539fe47c70d0a19aaeadd1de28	4f04ac2971d34dca5c8a7f4a36d6553afcde31539fe47c70d0a19aaeadd1de28	1	1	1	1	1	0	0	0	0	0	0	0	0	0	0	1
canonical_hybrid_v2_former_fresh:vh023__repeat00	canonical_hybrid_v2_former_fresh_60_regression_only	vh023	0	stability		matched	0	0	1	1	95b6f4590aabed7b1cabffeaff929fe67dcbb3db20cc2f4a6c754d7afc9a73ef	95b6f4590aabed7b1cabffeaff929fe67dcbb3db20cc2f4a6c754d7afc9a73ef	1	1	1	1	1	0	0	0	0	0	0	0	0	0	0	1
canonical_hybrid_v2_former_fresh:vh023__repeat00	canonical_hybrid_v2_former_fresh_60_regression_only	vh023	0	stability		matched	1	1	2	2	ca1f5085f81dc3ffeb9f8a9b6a79b65e0d5e482afbe58d1d18d0f05b5509a8ab	ca1f5085f81dc3ffeb9f8a9b6a79b65e0d5e482afbe58d1d18d0f05b5509a8ab	1	1	1	1	1	0	0	0	0	0	0	0	0	0	0	1
canonical_hybrid_v2_former_fresh:vh023__repeat00	canonical_hybrid_v2_former_fresh_60_regression_only	vh023	0	stability		matched	2	2	3	3	dda7e341815037b72fa7008415ed278bc2ccbe695a0bf1461ce269f7108dea8e	dda7e341815037b72fa7008415ed278bc2ccbe695a0bf1461ce269f7108dea8e	1	1	1	1	1	0	0	0	0	0	0	0	0	0	0	1
canonical_hybrid_v2_former_fresh:vh023__repeat00	canonical_hybrid_v2_former_fresh_60_regression_only	vh023	0	stability		matched	3	3	4	4	4f04ac2971d34dca5c8a7f4a36d6553afcde31539fe47c70d0a19aaeadd1de28	4f04ac2971d34dca5c8a7f4a36d6553afcde31539fe47c70d0a19aaeadd1de28	1	1	1	1	1	0	0	0	0	0	0	0	0	0	0	1
canonical_hybrid_v2_former_fresh:vh023__repeat00	canonical_hybrid_v2_former_fresh_60_regression_only	vh023	0	stability		matched	4	4	5	5	953f9d7a0d7bbac542f67443f0ea51e9bc904cad0974997ccbcf26ac3e09777d	953f9d7a0d7bbac542f67443f0ea51e9bc904cad0974997ccbcf26ac3e09777d	1	1	1	1	1	0	0	0	0	0	0	0	0	0	0	1
canonical_hybrid_v2_former_fresh:vh023__repeat00	canonical_hybrid_v2_former_fresh_60_regression_only	vh023	0	nt		matched	0	0	1	1	2c96ab206c63a8080b4b1cf256564343876eb4a02ea1ce3ca5f6af21d69947e8	2c96ab206c63a8080b4b1cf256564343876eb4a02ea1ce3ca5f6af21d69947e8	1	1	1	1	1	0	0	0	0	0	0	0	0	0	0	1
canonical_hybrid_v2_former_fresh:vh023__repeat00	canonical_hybrid_v2_former_fresh_60_regression_only	vh023	0	nt		matched	1	1	2	2	48da4b0efda7b74c1fc610f42c0961bbd5a8fcef5ae5356a342bf6e3c47c3fb8	48da4b0efda7b74c1fc610f42c0961bbd5a8fcef5ae5356a342bf6e3c47c3fb8	1	1	1	1	1	0	0	0	0	0	0	0	0	0	0	1
canonical_hybrid_v2_former_fresh:vh023__repeat00	canonical_hybrid_v2_former_fresh_60_regression_only	vh023	0	nt		matched	2	2	3	3	953f9d7a0d7bbac542f67443f0ea51e9bc904cad0974997ccbcf26ac3e09777d	953f9d7a0d7bbac542f67443f0ea51e9bc904cad0974997ccbcf26ac3e09777d	1	1	1	1	1	0	0	0	0	0	0	0	0	0	0	1
canonical_hybrid_v2_former_fresh:vh023__repeat00	canonical_hybrid_v2_former_fresh_60_regression_only	vh023	0	nt		matched	3	3	4	4	95b6f4590aabed7b1cabffeaff929fe67dcbb3db20cc2f4a6c754d7afc9a73ef	95b6f4590aabed7b1cabffeaff929fe67dcbb3db20cc2f4a6c754d7afc9a73ef	1	1	1	1	1	0	0	0	0	0	0	0	0	0	0	1
canonical_hybrid_v2_former_fresh:vh023__repeat00	canonical_hybrid_v2_former_fresh_60_regression_only	vh023	0	nt		matched	4	4	5	5	4f04ac2971d34dca5c8a7f4a36d6553afcde31539fe47c70d0a19aaeadd1de28	4f04ac2971d34dca5c8a7f4a36d6553afcde31539fe47c70d0a19aaeadd1de28	1	1	1	1	1	0	0	0	0	0	0	0	0	0	0	1
canonical_hybrid_v2_former_fresh:vh024__repeat00	canonical_hybrid_v2_former_fresh_60_regression_only	vh024	0	score		matched	0	0	1	1	51da50868aa48cf585de565272500a7d8d5319d2850d66ea5ab1d5c75b23dfba	51da50868aa48cf585de565272500a7d8d5319d2850d66ea5ab1d5c75b23dfba	1	1	1	1	1	0	0	0	0	0	0	0	0	0	0	1
canonical_hybrid_v2_former_fresh:vh024__repeat00	canonical_hybrid_v2_former_fresh_60_regression_only	vh024	0	score		matched	1	1	2	2	672a0829e665fcf6d62bc70c4397b834091242c9ad6a5808873fccbede3131e1	672a0829e665fcf6d62bc70c4397b834091242c9ad6a5808873fccbede3131e1	1	1	1	1	1	0	0	0	0	0	0	0	0	0	0	1
canonical_hybrid_v2_former_fresh:vh024__repeat00	canonical_hybrid_v2_former_fresh_60_regression_only	vh024	0	score		matched	2	2	3	3	11233f41474902297611ec33a1eb486f8f97987e5b266d5f5a5db61cd341ad24	11233f41474902297611ec33a1eb486f8f97987e5b266d5f5a5db61cd341ad24	1	1	1	1	1	0	0	0	0	0	0	0	0	0	0	1
canonical_hybrid_v2_former_fresh:vh024__repeat00	canonical_hybrid_v2_former_fresh_60_regression_only	vh024	0	score		matched	3	3	4	4	d9925fd839f9460d03862758d78b3c7097a3ce07ace2eb3d8fc8b532d6de59e6	d9925fd839f9460d03862758d78b3c7097a3ce07ace2eb3d8fc8b532d6de59e6	1	1	1	1	1	0	0	0	0	0	0	0	0	0	0	1
canonical_hybrid_v2_former_fresh:vh024__repeat00	canonical_hybrid_v2_former_fresh_60_regression_only	vh024	0	score		matched	4	4	5	5	34d8127a970565c505306c72b5eb47e716fd1d32dc53e48d460761c9aaadbb78	34d8127a970565c505306c72b5eb47e716fd1d32dc53e48d460761c9aaadbb78	1	1	1	1	1	0	0	0	0	0	0	0	0	0	0	1
canonical_hybrid_v2_former_fresh:vh024__repeat00	canonical_hybrid_v2_former_fresh_60_regression_only	vh024	0	stability		matched	0	0	1	1	385feba1beb1312ae53ee092563cf459afeb614286ca1501f5466835bf5c9344	385feba1beb1312ae53ee092563cf459afeb614286ca1501f5466835bf5c9344	1	1	1	1	1	0	0	0	0	0	0	0	0	0	0	1
canonical_hybrid_v2_former_fresh:vh024__repeat00	canonical_hybrid_v2_former_fresh_60_regression_only	vh024	0	stability		matched	1	1	2	2	119ac31f257f815df8d65b441219a6a140f0f5b702fa4968b3652ecefb4c76d9	119ac31f257f815df8d65b441219a6a140f0f5b702fa4968b3652ecefb4c76d9	1	1	1	1	1	0	0	0	0	0	0	0	0	0	0	1
canonical_hybrid_v2_former_fresh:vh024__repeat00	canonical_hybrid_v2_former_fresh_60_regression_only	vh024	0	stability		matched	2	2	3	3	465ee0abfd603cf2e6a388e447dd359fde3b82f0e1c4756759ff0ffdd452ee37	465ee0abfd603cf2e6a388e447dd359fde3b82f0e1c4756759ff0ffdd452ee37	1	1	1	1	1	0	0	0	0	0	0	0	0	0	0	1
canonical_hybrid_v2_former_fresh:vh024__repeat00	canonical_hybrid_v2_former_fresh_60_regression_only	vh024	0	stability		matched	3	3	4	4	2b161df77296e6edc3917dea7454e4832e63fba8511a05de1d4d2f95ed9f505d	2b161df77296e6edc3917dea7454e4832e63fba8511a05de1d4d2f95ed9f505d	1	1	1	1	1	0	0	0	0	0	0	0	0	0	0	1
canonical_hybrid_v2_former_fresh:vh024__repeat00	canonical_hybrid_v2_former_fresh_60_regression_only	vh024	0	stability		matched	4	4	5	5	fa28ba9a943b2711c77b81178c4d90a38b4cf41dd5efcbe94bbe85cd12aac434	fa28ba9a943b2711c77b81178c4d90a38b4cf41dd5efcbe94bbe85cd12aac434	1	1	1	1	1	0	0	0	0	0	0	0	0	0	0	1
canonical_hybrid_v2_former_fresh:vh024__repeat00	canonical_hybrid_v2_former_fresh_60_regression_only	vh024	0	nt		matched	0	0	1	1	51da50868aa48cf585de565272500a7d8d5319d2850d66ea5ab1d5c75b23dfba	51da50868aa48cf585de565272500a7d8d5319d2850d66ea5ab1d5c75b23dfba	1	1	1	1	1	0	0	0	0	0	0	0	0	0	0	1
canonical_hybrid_v2_former_fresh:vh024__repeat00	canonical_hybrid_v2_former_fresh_60_regression_only	vh024	0	nt		matched	1	1	2	2	672a0829e665fcf6d62bc70c4397b834091242c9ad6a5808873fccbede3131e1	672a0829e665fcf6d62bc70c4397b834091242c9ad6a5808873fccbede3131e1	1	1	1	1	1	0	0	0	0	0	0	0	0	0	0	1
canonical_hybrid_v2_former_fresh:vh024__repeat00	canonical_hybrid_v2_former_fresh_60_regression_only	vh024	0	nt		matched	2	2	3	3	11233f41474902297611ec33a1eb486f8f97987e5b266d5f5a5db61cd341ad24	11233f41474902297611ec33a1eb486f8f97987e5b266d5f5a5db61cd341ad24	1	1	1	1	1	0	0	0	0	0	0	0	0	0	0	1
canonical_hybrid_v2_former_fresh:vh024__repeat00	canonical_hybrid_v2_former_fresh_60_regression_only	vh024	0	nt		matched	3	3	4	4	d0805e8bc30b5d8bfe89aed73479524d45cbb756ffb2053d8790eec51fde4f08	d0805e8bc30b5d8bfe89aed73479524d45cbb756ffb2053d8790eec51fde4f08	1	1	1	1	1	0	0	0	0	0	0	0	0	0	0	1
canonical_hybrid_v2_former_fresh:vh024__repeat00	canonical_hybrid_v2_former_fresh_60_regression_only	vh024	0	nt		matched	4	4	5	5	81342217a5a6930be133a852212ba6b913b4bcbce6db53dc07fc940dc98b9b7e	81342217a5a6930be133a852212ba6b913b4bcbce6db53dc07fc940dc98b9b7e	1	1	1	1	1	0	0	0	0	0	0	0	0	0	0	1
canonical_hybrid_v2_former_fresh:vh025__repeat00	canonical_hybrid_v2_former_fresh_60_regression_only	vh025	0	score		matched	0	0	1	1	f8fc7ef7e0ea9e5106e0714d3f182c639f37535bea5d165697fbad433111e58e	f8fc7ef7e0ea9e5106e0714d3f182c639f37535bea5d165697fbad433111e58e	1	1	1	1	1	0	0	0	0	0	0	0	0	0	0	1
canonical_hybrid_v2_former_fresh:vh025__repeat00	canonical_hybrid_v2_former_fresh_60_regression_only	vh025	0	score		matched	1	1	2	2	e1fc22cb41eab84228e58fd780c31e81930a4e7d84ca370cd828d924e0fa4ded	e1fc22cb41eab84228e58fd780c31e81930a4e7d84ca370cd828d924e0fa4ded	1	1	1	1	1	0	0	0	0	0	0	0	0	0	0	1
canonical_hybrid_v2_former_fresh:vh025__repeat00	canonical_hybrid_v2_former_fresh_60_regression_only	vh025	0	score		matched	2	2	3	3	695f716fae8ac342e18deaf48db42bf9c9991606bb0200a802c5666c5ff583ab	695f716fae8ac342e18deaf48db42bf9c9991606bb0200a802c5666c5ff583ab	1	1	1	1	1	0	0	0	0	0	0	0	0	0	0	1
canonical_hybrid_v2_former_fresh:vh025__repeat00	canonical_hybrid_v2_former_fresh_60_regression_only	vh025	0	stability		matched	0	0	1	1	f8fc7ef7e0ea9e5106e0714d3f182c639f37535bea5d165697fbad433111e58e	f8fc7ef7e0ea9e5106e0714d3f182c639f37535bea5d165697fbad433111e58e	1	1	1	1	1	0	0	0	0	0	0	0	0	0	0	1
canonical_hybrid_v2_former_fresh:vh025__repeat00	canonical_hybrid_v2_former_fresh_60_regression_only	vh025	0	stability		matched	1	1	2	2	585ea3be19d9f3c32ccddea95c3d6a1c8998e5cd3dd99b7ee500755e4ee1695f	585ea3be19d9f3c32ccddea95c3d6a1c8998e5cd3dd99b7ee500755e4ee1695f	1	1	1	1	1	0	0	0	0	0	0	0	0	0	0	1
canonical_hybrid_v2_former_fresh:vh025__repeat00	canonical_hybrid_v2_former_fresh_60_regression_only	vh025	0	stability		matched	2	2	3	3	e1fc22cb41eab84228e58fd780c31e81930a4e7d84ca370cd828d924e0fa4ded	e1fc22cb41eab84228e58fd780c31e81930a4e7d84ca370cd828d924e0fa4ded	1	1	1	1	1	0	0	0	0	0	0	0	0	0	0	1
canonical_hybrid_v2_former_fresh:vh025__repeat00	canonical_hybrid_v2_former_fresh_60_regression_only	vh025	0	nt		matched	0	0	1	1	1f64bc1744085ec8bbfc27c9410e93ee27cae253dc0ccea5c8cfd390a976be17	1f64bc1744085ec8bbfc27c9410e93ee27cae253dc0ccea5c8cfd390a976be17	1	1	1	1	1	0	0	0	0	0	0	0	0	0	0	1
canonical_hybrid_v2_former_fresh:vh025__repeat00	canonical_hybrid_v2_former_fresh_60_regression_only	vh025	0	nt		matched	1	1	2	2	e1fc22cb41eab84228e58fd780c31e81930a4e7d84ca370cd828d924e0fa4ded	e1fc22cb41eab84228e58fd780c31e81930a4e7d84ca370cd828d924e0fa4ded	1	1	1	1	1	0	0	0	0	0	0	0	0	0	0	1
canonical_hybrid_v2_former_fresh:vh025__repeat00	canonical_hybrid_v2_former_fresh_60_regression_only	vh025	0	nt		matched	2	2	3	3	416e5cb5e4bbd3b52212a292fb1147aac637f67441b903922973734f84442f33	416e5cb5e4bbd3b52212a292fb1147aac637f67441b903922973734f84442f33	1	1	1	1	1	0	0	0	0	0	0	0	0	0	0	1
canonical_hybrid_v2_former_fresh:vh026__repeat00	canonical_hybrid_v2_former_fresh_60_regression_only	vh026	0	score		matched	0	0	1	1	aa7c63c56551757d4a95c037b2402e9f1092ba2229e5889b04eff1d869ef8029	aa7c63c56551757d4a95c037b2402e9f1092ba2229e5889b04eff1d869ef8029	1	1	1	1	1	0	0	0	0	0	0	0	0	0	0	1
canonical_hybrid_v2_former_fresh:vh026__repeat00	canonical_hybrid_v2_former_fresh_60_regression_only	vh026	0	score		matched	1	1	2	2	6be7383c589700429acf865e4f4656442400405e7fc04ae6020eb640d834ac6f	6be7383c589700429acf865e4f4656442400405e7fc04ae6020eb640d834ac6f	1	1	1	1	1	0	0	0	0	0	0	0	0	0	0	1
canonical_hybrid_v2_former_fresh:vh026__repeat00	canonical_hybrid_v2_former_fresh_60_regression_only	vh026	0	score		matched	2	2	3	3	5a0695c8f48e66615ecdab993d6606a4b54e6890c5e63ce24a4ca10872e846d4	5a0695c8f48e66615ecdab993d6606a4b54e6890c5e63ce24a4ca10872e846d4	1	1	1	1	1	0	0	0	0	0	0	0	0	0	0	1
canonical_hybrid_v2_former_fresh:vh026__repeat00	canonical_hybrid_v2_former_fresh_60_regression_only	vh026	0	score		matched	3	3	4	4	a8970c36da46d21e878f9290f1cf4649e0737904768dfc8ee49f297deb050b2c	a8970c36da46d21e878f9290f1cf4649e0737904768dfc8ee49f297deb050b2c	1	1	1	1	1	0	0	0	0	0	0	0	0	0	0	1
canonical_hybrid_v2_former_fresh:vh026__repeat00	canonical_hybrid_v2_former_fresh_60_regression_only	vh026	0	score		matched	4	4	5	5	3ab2b950f640710247b255fc88cca524398c6d7b772fa5aeea16a3b492555610	3ab2b950f640710247b255fc88cca524398c6d7b772fa5aeea16a3b492555610	1	1	1	1	1	0	0	0	0	0	0	0	0	0	0	1
canonical_hybrid_v2_former_fresh:vh026__repeat00	canonical_hybrid_v2_former_fresh_60_regression_only	vh026	0	stability		matched	0	0	1	1	cef6b275f143b61c67eb5599e4f2325cb9aa622a9b5fa0fdfc3324e61896b2dd	cef6b275f143b61c67eb5599e4f2325cb9aa622a9b5fa0fdfc3324e61896b2dd	1	1	1	1	1	0	0	0	0	0	0	0	0	0	0	1
canonical_hybrid_v2_former_fresh:vh026__repeat00	canonical_hybrid_v2_former_fresh_60_regression_only	vh026	0	stability		matched	1	1	2	2	b8910ebf9a922ebf1b4ee77df182dd08566eae26ad4d6bcb589d53d560d75ad4	b8910ebf9a922ebf1b4ee77df182dd08566eae26ad4d6bcb589d53d560d75ad4	1	1	1	1	1	0	0	0	0	0	0	0	0	0	0	1
canonical_hybrid_v2_former_fresh:vh026__repeat00	canonical_hybrid_v2_former_fresh_60_regression_only	vh026	0	stability		matched	2	2	3	3	0eb8837fe640c60ac2653fa85ff3a8d218c2cb77eae4581cd1e9ccdf53da59e0	0eb8837fe640c60ac2653fa85ff3a8d218c2cb77eae4581cd1e9ccdf53da59e0	1	1	1	1	1	0	0	0	0	0	0	0	0	0	0	1
canonical_hybrid_v2_former_fresh:vh026__repeat00	canonical_hybrid_v2_former_fresh_60_regression_only	vh026	0	stability		matched	3	3	4	4	5a0695c8f48e66615ecdab993d6606a4b54e6890c5e63ce24a4ca10872e846d4	5a0695c8f48e66615ecdab993d6606a4b54e6890c5e63ce24a4ca10872e846d4	1	1	1	1	1	0	0	0	0	0	0	0	0	0	0	1
canonical_hybrid_v2_former_fresh:vh026__repeat00	canonical_hybrid_v2_former_fresh_60_regression_only	vh026	0	stability		matched	4	4	5	5	a8970c36da46d21e878f9290f1cf4649e0737904768dfc8ee49f297deb050b2c	a8970c36da46d21e878f9290f1cf4649e0737904768dfc8ee49f297deb050b2c	1	1	1	1	1	0	0	0	0	0	0	0	0	0	0	1
canonical_hybrid_v2_former_fresh:vh026__repeat00	canonical_hybrid_v2_former_fresh_60_regression_only	vh026	0	nt		matched	0	0	1	1	c94aab11ccb38d8cb0743bf5652e165c0918d23c7a5c7e6b2035dd7e6eb33bb6	c94aab11ccb38d8cb0743bf5652e165c0918d23c7a5c7e6b2035dd7e6eb33bb6	1	1	1	1	1	0	0	0	0	0	0	0	0	0	0	1
canonical_hybrid_v2_former_fresh:vh026__repeat00	canonical_hybrid_v2_former_fresh_60_regression_only	vh026	0	nt		matched	1	1	2	2	8c827952dbcd262b192dd1b84b38e9b6cc1e50d8bf1aa57f812b4b5fe9a458bc	8c827952dbcd262b192dd1b84b38e9b6cc1e50d8bf1aa57f812b4b5fe9a458bc	1	1	1	1	1	0	0	0	0	0	0	0	0	0	0	1
canonical_hybrid_v2_former_fresh:vh026__repeat00	canonical_hybrid_v2_former_fresh_60_regression_only	vh026	0	nt		matched	2	2	3	3	5a0695c8f48e66615ecdab993d6606a4b54e6890c5e63ce24a4ca10872e846d4	5a0695c8f48e66615ecdab993d6606a4b54e6890c5e63ce24a4ca10872e846d4	1	1	1	1	1	0	0	0	0	0	0	0	0	0	0	1
canonical_hybrid_v2_former_fresh:vh026__repeat00	canonical_hybrid_v2_former_fresh_60_regression_only	vh026	0	nt		matched	3	3	4	4	a8970c36da46d21e878f9290f1cf4649e0737904768dfc8ee49f297deb050b2c	a8970c36da46d21e878f9290f1cf4649e0737904768dfc8ee49f297deb050b2c	1	1	1	1	1	0	0	0	0	0	0	0	0	0	0	1
canonical_hybrid_v2_former_fresh:vh026__repeat00	canonical_hybrid_v2_former_fresh_60_regression_only	vh026	0	nt		matched	4	4	5	5	3ab2b950f640710247b255fc88cca524398c6d7b772fa5aeea16a3b492555610	3ab2b950f640710247b255fc88cca524398c6d7b772fa5aeea16a3b492555610	1	1	1	1	1	0	0	0	0	0	0	0	0	0	0	1
canonical_hybrid_v2_former_fresh:vh027__repeat00	canonical_hybrid_v2_former_fresh_60_regression_only	vh027	0	score		matched	0	0	1	1	f8c2601bd02715dd55f9647e9e43dea4cfe575e89737d183831e03f0978fdece	f8c2601bd02715dd55f9647e9e43dea4cfe575e89737d183831e03f0978fdece	1	1	1	1	1	0	0	0	0	0	0	0	0	0	0	1
canonical_hybrid_v2_former_fresh:vh027__repeat00	canonical_hybrid_v2_former_fresh_60_regression_only	vh027	0	score		matched	1	1	2	2	1af17f19bd0f522b495cb4fe182da9215ee1abada4d5a019434d0200c959193d	1af17f19bd0f522b495cb4fe182da9215ee1abada4d5a019434d0200c959193d	1	1	1	1	1	0	0	0	0	0	0	0	0	0	0	1
canonical_hybrid_v2_former_fresh:vh027__repeat00	canonical_hybrid_v2_former_fresh_60_regression_only	vh027	0	score		matched	2	2	3	3	8909ace7e722924950a25a6977c6858bb04f11fcd3b1a3c1a52e2fb64f0c28e7	8909ace7e722924950a25a6977c6858bb04f11fcd3b1a3c1a52e2fb64f0c28e7	1	1	1	1	1	0	0	0	0	0	0	0	0	0	0	1
canonical_hybrid_v2_former_fresh:vh027__repeat00	canonical_hybrid_v2_former_fresh_60_regression_only	vh027	0	score		matched	3	3	4	4	6cf971c3fa9e5ceeb5621db0f61c961ea8c543e223a52f2d60ffa7084e808fad	6cf971c3fa9e5ceeb5621db0f61c961ea8c543e223a52f2d60ffa7084e808fad	1	1	1	1	1	0	0	0	0	0	0	0	0	0	0	1
canonical_hybrid_v2_former_fresh:vh027__repeat00	canonical_hybrid_v2_former_fresh_60_regression_only	vh027	0	score		matched	4	4	5	5	8bedc11a6d61c6bcf248bad107ade000e9206e3f3b20f948382a2d318e2b2576	8bedc11a6d61c6bcf248bad107ade000e9206e3f3b20f948382a2d318e2b2576	1	1	1	1	1	0	0	0	0	0	0	0	0	0	0	1
canonical_hybrid_v2_former_fresh:vh027__repeat00	canonical_hybrid_v2_former_fresh_60_regression_only	vh027	0	stability		matched	0	0	1	1	9fbdb59a8915449babccb9aeb3b9851ab1c26c8372ef306b154312b9d03dffc4	9fbdb59a8915449babccb9aeb3b9851ab1c26c8372ef306b154312b9d03dffc4	1	1	1	1	1	0	0	0	0	0	0	0	0	0	0	1
canonical_hybrid_v2_former_fresh:vh027__repeat00	canonical_hybrid_v2_former_fresh_60_regression_only	vh027	0	stability		matched	1	1	2	2	8909ace7e722924950a25a6977c6858bb04f11fcd3b1a3c1a52e2fb64f0c28e7	8909ace7e722924950a25a6977c6858bb04f11fcd3b1a3c1a52e2fb64f0c28e7	1	1	1	1	1	0	0	0	0	0	0	0	0	0	0	1
canonical_hybrid_v2_former_fresh:vh027__repeat00	canonical_hybrid_v2_former_fresh_60_regression_only	vh027	0	stability		matched	2	2	3	3	8bedc11a6d61c6bcf248bad107ade000e9206e3f3b20f948382a2d318e2b2576	8bedc11a6d61c6bcf248bad107ade000e9206e3f3b20f948382a2d318e2b2576	1	1	1	1	1	0	0	0	0	0	0	0	0	0	0	1
canonical_hybrid_v2_former_fresh:vh027__repeat00	canonical_hybrid_v2_former_fresh_60_regression_only	vh027	0	stability		matched	3	3	4	4	f8c2601bd02715dd55f9647e9e43dea4cfe575e89737d183831e03f0978fdece	f8c2601bd02715dd55f9647e9e43dea4cfe575e89737d183831e03f0978fdece	1	1	1	1	1	0	0	0	0	0	0	0	0	0	0	1
canonical_hybrid_v2_former_fresh:vh027__repeat00	canonical_hybrid_v2_former_fresh_60_regression_only	vh027	0	stability		matched	4	4	5	5	6918e3ccae83476961c4212499642c20a682c8c2226d612a35f7aed4b0ee3d09	6918e3ccae83476961c4212499642c20a682c8c2226d612a35f7aed4b0ee3d09	1	1	1	1	1	0	0	0	0	0	0	0	0	0	0	1
canonical_hybrid_v2_former_fresh:vh027__repeat00	canonical_hybrid_v2_former_fresh_60_regression_only	vh027	0	nt		matched	0	0	1	1	f8c2601bd02715dd55f9647e9e43dea4cfe575e89737d183831e03f0978fdece	f8c2601bd02715dd55f9647e9e43dea4cfe575e89737d183831e03f0978fdece	1	1	1	1	1	0	0	0	0	0	0	0	0	0	0	1
canonical_hybrid_v2_former_fresh:vh027__repeat00	canonical_hybrid_v2_former_fresh_60_regression_only	vh027	0	nt		matched	1	1	2	2	214021fa8d6a0a373fab61eb0b8a94acee69aa7529e825d5a05203d08e26512e	214021fa8d6a0a373fab61eb0b8a94acee69aa7529e825d5a05203d08e26512e	1	1	1	1	1	0	0	0	0	0	0	0	0	0	0	1
canonical_hybrid_v2_former_fresh:vh027__repeat00	canonical_hybrid_v2_former_fresh_60_regression_only	vh027	0	nt		matched	2	2	3	3	8909ace7e722924950a25a6977c6858bb04f11fcd3b1a3c1a52e2fb64f0c28e7	8909ace7e722924950a25a6977c6858bb04f11fcd3b1a3c1a52e2fb64f0c28e7	1	1	1	1	1	0	0	0	0	0	0	0	0	0	0	1
canonical_hybrid_v2_former_fresh:vh027__repeat00	canonical_hybrid_v2_former_fresh_60_regression_only	vh027	0	nt		matched	3	3	4	4	6918e3ccae83476961c4212499642c20a682c8c2226d612a35f7aed4b0ee3d09	6918e3ccae83476961c4212499642c20a682c8c2226d612a35f7aed4b0ee3d09	1	1	1	1	1	0	0	0	0	0	0	0	0	0	0	1
canonical_hybrid_v2_former_fresh:vh027__repeat00	canonical_hybrid_v2_former_fresh_60_regression_only	vh027	0	nt		matched	4	4	5	5	8bedc11a6d61c6bcf248bad107ade000e9206e3f3b20f948382a2d318e2b2576	8bedc11a6d61c6bcf248bad107ade000e9206e3f3b20f948382a2d318e2b2576	1	1	1	1	1	0	0	0	0	0	0	0	0	0	0	1
canonical_hybrid_v2_former_fresh:vh028__repeat00	canonical_hybrid_v2_former_fresh_60_regression_only	vh028	0	score		matched	0	0	1	1	c5d804b83fbebe205c82636333ff4de72063ca812a078d5d77fdca90979f6c51	c5d804b83fbebe205c82636333ff4de72063ca812a078d5d77fdca90979f6c51	1	1	1	1	1	0	0	0	0	0	0	0	0	0	0	1
canonical_hybrid_v2_former_fresh:vh028__repeat00	canonical_hybrid_v2_former_fresh_60_regression_only	vh028	0	score		matched	1	1	2	2	19cd439026ba493eb6da010600e42f7c2d3bbe93d2f45d1d8ab4430fdc26e6eb	19cd439026ba493eb6da010600e42f7c2d3bbe93d2f45d1d8ab4430fdc26e6eb	1	1	1	1	1	0	0	0	0	0	0	0	0	0	0	1
canonical_hybrid_v2_former_fresh:vh028__repeat00	canonical_hybrid_v2_former_fresh_60_regression_only	vh028	0	score		matched	2	2	3	3	41da1240b6725a8c18d8a51d5c60d55e4130db83ebf3200fbe4a31d9e93d9be1	41da1240b6725a8c18d8a51d5c60d55e4130db83ebf3200fbe4a31d9e93d9be1	1	1	1	1	1	0	0	0	0	0	0	0	0	0	0	1
canonical_hybrid_v2_former_fresh:vh028__repeat00	canonical_hybrid_v2_former_fresh_60_regression_only	vh028	0	score		matched	3	3	4	4	0fb7520c859b1b5025deee26ec37faeabc67b2fd029095c6e23a525b276f1c7d	0fb7520c859b1b5025deee26ec37faeabc67b2fd029095c6e23a525b276f1c7d	1	1	1	1	1	0	0	0	0	0	0	0	0	0	0	1
canonical_hybrid_v2_former_fresh:vh028__repeat00	canonical_hybrid_v2_former_fresh_60_regression_only	vh028	0	score		matched	4	4	5	5	a966515d23b2efdd5967609d9a27108952fe2c04d06d8e314911a2ebdba96d92	a966515d23b2efdd5967609d9a27108952fe2c04d06d8e314911a2ebdba96d92	1	1	1	1	1	0	0	0	0	0	0	0	0	0	0	1
canonical_hybrid_v2_former_fresh:vh028__repeat00	canonical_hybrid_v2_former_fresh_60_regression_only	vh028	0	stability		matched	0	0	1	1	ede06b2e57d815bbbd64f47fd5ce069cd2a3fa3a65da6832a002a4bcfd8b1af3	ede06b2e57d815bbbd64f47fd5ce069cd2a3fa3a65da6832a002a4bcfd8b1af3	1	1	1	1	1	0	0	0	0	0	0	0	0	0	0	1
canonical_hybrid_v2_former_fresh:vh028__repeat00	canonical_hybrid_v2_former_fresh_60_regression_only	vh028	0	stability		matched	1	1	2	2	a966515d23b2efdd5967609d9a27108952fe2c04d06d8e314911a2ebdba96d92	a966515d23b2efdd5967609d9a27108952fe2c04d06d8e314911a2ebdba96d92	1	1	1	1	1	0	0	0	0	0	0	0	0	0	0	1
canonical_hybrid_v2_former_fresh:vh028__repeat00	canonical_hybrid_v2_former_fresh_60_regression_only	vh028	0	stability		matched	2	2	3	3	ae94748e7218c7ef4d0fe6979511931a224bb8913257e651fa3d7d0b7fe757be	ae94748e7218c7ef4d0fe6979511931a224bb8913257e651fa3d7d0b7fe757be	1	1	1	1	1	0	0	0	0	0	0	0	0	0	0	1
canonical_hybrid_v2_former_fresh:vh028__repeat00	canonical_hybrid_v2_former_fresh_60_regression_only	vh028	0	stability		matched	3	3	4	4	c5d804b83fbebe205c82636333ff4de72063ca812a078d5d77fdca90979f6c51	c5d804b83fbebe205c82636333ff4de72063ca812a078d5d77fdca90979f6c51	1	1	1	1	1	0	0	0	0	0	0	0	0	0	0	1
canonical_hybrid_v2_former_fresh:vh028__repeat00	canonical_hybrid_v2_former_fresh_60_regression_only	vh028	0	stability		matched	4	4	5	5	4d7b8d17327af6724dd38d87ff25f67680744bf00ab8990cbdf8ccec71084344	4d7b8d17327af6724dd38d87ff25f67680744bf00ab8990cbdf8ccec71084344	1	1	1	1	1	0	0	0	0	0	0	0	0	0	0	1
canonical_hybrid_v2_former_fresh:vh028__repeat00	canonical_hybrid_v2_former_fresh_60_regression_only	vh028	0	nt		matched	0	0	1	1	c5d804b83fbebe205c82636333ff4de72063ca812a078d5d77fdca90979f6c51	c5d804b83fbebe205c82636333ff4de72063ca812a078d5d77fdca90979f6c51	1	1	1	1	1	0	0	0	0	0	0	0	0	0	0	1
canonical_hybrid_v2_former_fresh:vh028__repeat00	canonical_hybrid_v2_former_fresh_60_regression_only	vh028	0	nt		matched	1	1	2	2	158d32be7ae0634253d763d6d161f24f0b5d34d692f00dab0de9a07803cfcb66	158d32be7ae0634253d763d6d161f24f0b5d34d692f00dab0de9a07803cfcb66	1	1	1	1	1	0	0	0	0	0	0	0	0	0	0	1
canonical_hybrid_v2_former_fresh:vh028__repeat00	canonical_hybrid_v2_former_fresh_60_regression_only	vh028	0	nt		matched	2	2	3	3	0fb7520c859b1b5025deee26ec37faeabc67b2fd029095c6e23a525b276f1c7d	0fb7520c859b1b5025deee26ec37faeabc67b2fd029095c6e23a525b276f1c7d	1	1	1	1	1	0	0	0	0	0	0	0	0	0	0	1
canonical_hybrid_v2_former_fresh:vh028__repeat00	canonical_hybrid_v2_former_fresh_60_regression_only	vh028	0	nt		matched	3	3	4	4	41da1240b6725a8c18d8a51d5c60d55e4130db83ebf3200fbe4a31d9e93d9be1	41da1240b6725a8c18d8a51d5c60d55e4130db83ebf3200fbe4a31d9e93d9be1	1	1	1	1	1	0	0	0	0	0	0	0	0	0	0	1
canonical_hybrid_v2_former_fresh:vh028__repeat00	canonical_hybrid_v2_former_fresh_60_regression_only	vh028	0	nt		matched	4	4	5	5	a966515d23b2efdd5967609d9a27108952fe2c04d06d8e314911a2ebdba96d92	a966515d23b2efdd5967609d9a27108952fe2c04d06d8e314911a2ebdba96d92	1	1	1	1	1	0	0	0	0	0	0	0	0	0	0	1
canonical_hybrid_v2_former_fresh:vh029__repeat00	canonical_hybrid_v2_former_fresh_60_regression_only	vh029	0	score		matched	0	0	1	1	06621db2c78a39b6a12241ef4499c29e644f597059809422a698fe2ab30eab3b	06621db2c78a39b6a12241ef4499c29e644f597059809422a698fe2ab30eab3b	1	1	1	1	1	0	0	0	0	0	0	0	0	0	0	1
canonical_hybrid_v2_former_fresh:vh029__repeat00	canonical_hybrid_v2_former_fresh_60_regression_only	vh029	0	score		matched	1	1	2	2	e1d5b2930bc0a918f3013560850a86b5aebf6a80f08a626581f96dca219bb19c	e1d5b2930bc0a918f3013560850a86b5aebf6a80f08a626581f96dca219bb19c	1	1	1	1	1	0	0	0	0	0	0	0	0	0	0	1
canonical_hybrid_v2_former_fresh:vh029__repeat00	canonical_hybrid_v2_former_fresh_60_regression_only	vh029	0	stability		matched	0	0	1	1	e1d5b2930bc0a918f3013560850a86b5aebf6a80f08a626581f96dca219bb19c	e1d5b2930bc0a918f3013560850a86b5aebf6a80f08a626581f96dca219bb19c	1	1	1	1	1	0	0	0	0	0	0	0	0	0	0	1
canonical_hybrid_v2_former_fresh:vh029__repeat00	canonical_hybrid_v2_former_fresh_60_regression_only	vh029	0	stability		matched	1	1	2	2	619fbbd311f9984b6540edc70e3895030135f3e5592792499f9bfa2bc38a5f7b	619fbbd311f9984b6540edc70e3895030135f3e5592792499f9bfa2bc38a5f7b	1	1	1	1	1	0	0	0	0	0	0	0	0	0	0	1
canonical_hybrid_v2_former_fresh:vh029__repeat00	canonical_hybrid_v2_former_fresh_60_regression_only	vh029	0	nt		matched	0	0	1	1	619fbbd311f9984b6540edc70e3895030135f3e5592792499f9bfa2bc38a5f7b	619fbbd311f9984b6540edc70e3895030135f3e5592792499f9bfa2bc38a5f7b	1	1	1	1	1	0	0	0	0	0	0	0	0	0	0	1
canonical_hybrid_v2_former_fresh:vh029__repeat00	canonical_hybrid_v2_former_fresh_60_regression_only	vh029	0	nt		matched	1	1	2	2	e1d5b2930bc0a918f3013560850a86b5aebf6a80f08a626581f96dca219bb19c	e1d5b2930bc0a918f3013560850a86b5aebf6a80f08a626581f96dca219bb19c	1	1	1	1	1	0	0	0	0	0	0	0	0	0	0	1
canonical_hybrid_v2_former_fresh:vh030__repeat00	canonical_hybrid_v2_former_fresh_60_regression_only	vh030	0	score		matched	0	0	1	1	ba518a032c73479e603b1b96dabb36745a53bdb77f8f3acef297d679c7adc812	ba518a032c73479e603b1b96dabb36745a53bdb77f8f3acef297d679c7adc812	1	1	1	1	1	0	0	0	0	0	0	0	0	0	0	1
canonical_hybrid_v2_former_fresh:vh030__repeat00	canonical_hybrid_v2_former_fresh_60_regression_only	vh030	0	score		matched	1	1	2	2	8a05f9326f6b87e3a5f58524a68e4b8466a61d4662bcc8104c00379f01bf14b5	8a05f9326f6b87e3a5f58524a68e4b8466a61d4662bcc8104c00379f01bf14b5	1	1	1	1	1	0	0	0	0	0	0	0	0	0	0	1
canonical_hybrid_v2_former_fresh:vh030__repeat00	canonical_hybrid_v2_former_fresh_60_regression_only	vh030	0	score		matched	2	2	3	3	9740c5c6449410d841cb10afe4dda5d0c291ba51cee4b4c2c1bdcb07e376525b	9740c5c6449410d841cb10afe4dda5d0c291ba51cee4b4c2c1bdcb07e376525b	1	1	1	1	1	0	0	0	0	0	0	0	0	0	0	1
canonical_hybrid_v2_former_fresh:vh030__repeat00	canonical_hybrid_v2_former_fresh_60_regression_only	vh030	0	score		matched	3	3	4	4	a400a9894e4b69b72228b6121af6eb00e17688473e4a18c2465dce535135d1d7	a400a9894e4b69b72228b6121af6eb00e17688473e4a18c2465dce535135d1d7	1	1	1	1	1	0	0	0	0	0	0	0	0	0	0	1
canonical_hybrid_v2_former_fresh:vh030__repeat00	canonical_hybrid_v2_former_fresh_60_regression_only	vh030	0	score		matched	4	4	5	5	b9ab1a401c8af7ee6cb1da807cb46e639b0b81913bff22307ffa65c0558dc7a7	b9ab1a401c8af7ee6cb1da807cb46e639b0b81913bff22307ffa65c0558dc7a7	1	1	1	1	1	0	0	0	0	0	0	0	0	0	0	1
canonical_hybrid_v2_former_fresh:vh030__repeat00	canonical_hybrid_v2_former_fresh_60_regression_only	vh030	0	stability		matched	0	0	1	1	9740c5c6449410d841cb10afe4dda5d0c291ba51cee4b4c2c1bdcb07e376525b	9740c5c6449410d841cb10afe4dda5d0c291ba51cee4b4c2c1bdcb07e376525b	1	1	1	1	1	0	0	0	0	0	0	0	0	0	0	1
canonical_hybrid_v2_former_fresh:vh030__repeat00	canonical_hybrid_v2_former_fresh_60_regression_only	vh030	0	stability		matched	1	1	2	2	8a05f9326f6b87e3a5f58524a68e4b8466a61d4662bcc8104c00379f01bf14b5	8a05f9326f6b87e3a5f58524a68e4b8466a61d4662bcc8104c00379f01bf14b5	1	1	1	1	1	0	0	0	0	0	0	0	0	0	0	1
canonical_hybrid_v2_former_fresh:vh030__repeat00	canonical_hybrid_v2_former_fresh_60_regression_only	vh030	0	stability		matched	2	2	3	3	17b6804bb7a7fe2b81e739ef454fe8e177303888166325213baf83baa67ea4b6	17b6804bb7a7fe2b81e739ef454fe8e177303888166325213baf83baa67ea4b6	1	1	1	1	1	0	0	0	0	0	0	0	0	0	0	1
canonical_hybrid_v2_former_fresh:vh030__repeat00	canonical_hybrid_v2_former_fresh_60_regression_only	vh030	0	stability		matched	3	3	4	4	a400a9894e4b69b72228b6121af6eb00e17688473e4a18c2465dce535135d1d7	a400a9894e4b69b72228b6121af6eb00e17688473e4a18c2465dce535135d1d7	1	1	1	1	1	0	0	0	0	0	0	0	0	0	0	1
canonical_hybrid_v2_former_fresh:vh030__repeat00	canonical_hybrid_v2_former_fresh_60_regression_only	vh030	0	stability		matched	4	4	5	5	b9ab1a401c8af7ee6cb1da807cb46e639b0b81913bff22307ffa65c0558dc7a7	b9ab1a401c8af7ee6cb1da807cb46e639b0b81913bff22307ffa65c0558dc7a7	1	1	1	1	1	0	0	0	0	0	0	0	0	0	0	1
canonical_hybrid_v2_former_fresh:vh030__repeat00	canonical_hybrid_v2_former_fresh_60_regression_only	vh030	0	nt		matched	0	0	1	1	f4cb05a43d09e1d6381fd3dcf0dbb24640d7aa1020f6fa8f3d1635c5213ee4bf	f4cb05a43d09e1d6381fd3dcf0dbb24640d7aa1020f6fa8f3d1635c5213ee4bf	1	1	1	1	1	0	0	0	0	0	0	0	0	0	0	1
canonical_hybrid_v2_former_fresh:vh030__repeat00	canonical_hybrid_v2_former_fresh_60_regression_only	vh030	0	nt		matched	1	1	2	2	af27185bb904f83ca9ef06368c794f13a7c6aa688f3d20140cdca557cd1127ea	af27185bb904f83ca9ef06368c794f13a7c6aa688f3d20140cdca557cd1127ea	1	1	1	1	1	0	0	0	0	0	0	0	0	0	0	1
canonical_hybrid_v2_former_fresh:vh030__repeat00	canonical_hybrid_v2_former_fresh_60_regression_only	vh030	0	nt		matched	2	2	3	3	9740c5c6449410d841cb10afe4dda5d0c291ba51cee4b4c2c1bdcb07e376525b	9740c5c6449410d841cb10afe4dda5d0c291ba51cee4b4c2c1bdcb07e376525b	1	1	1	1	1	0	0	0	0	0	0	0	0	0	0	1
canonical_hybrid_v2_former_fresh:vh030__repeat00	canonical_hybrid_v2_former_fresh_60_regression_only	vh030	0	nt		matched	3	3	4	4	a400a9894e4b69b72228b6121af6eb00e17688473e4a18c2465dce535135d1d7	a400a9894e4b69b72228b6121af6eb00e17688473e4a18c2465dce535135d1d7	1	1	1	1	1	0	0	0	0	0	0	0	0	0	0	1
canonical_hybrid_v2_former_fresh:vh030__repeat00	canonical_hybrid_v2_former_fresh_60_regression_only	vh030	0	nt		matched	4	4	5	5	b9ab1a401c8af7ee6cb1da807cb46e639b0b81913bff22307ffa65c0558dc7a7	b9ab1a401c8af7ee6cb1da807cb46e639b0b81913bff22307ffa65c0558dc7a7	1	1	1	1	1	0	0	0	0	0	0	0	0	0	0	1
canonical_hybrid_v2_former_fresh:vh031__repeat00	canonical_hybrid_v2_former_fresh_60_regression_only	vh031	0	score		matched	0	0	1	1	586f0537be9037b9b52bf46319ac15227ff38d748323d7b928153f92ffd9d059	586f0537be9037b9b52bf46319ac15227ff38d748323d7b928153f92ffd9d059	1	1	1	1	1	0	0	0	0	0	0	0	0	0	0	1
canonical_hybrid_v2_former_fresh:vh031__repeat00	canonical_hybrid_v2_former_fresh_60_regression_only	vh031	0	score		matched	1	1	2	2	3f6aede46e75ff3672864d8cda0a43cf57aa1039a8162136a2a1558df8da6e64	3f6aede46e75ff3672864d8cda0a43cf57aa1039a8162136a2a1558df8da6e64	1	1	1	1	1	0	0	0	0	0	0	0	0	0	0	1
canonical_hybrid_v2_former_fresh:vh031__repeat00	canonical_hybrid_v2_former_fresh_60_regression_only	vh031	0	score		matched	2	2	3	3	34bacab31fbdfcf487fc95c164499f64d11474eb7dd54fa92fb299f8dbe150ee	34bacab31fbdfcf487fc95c164499f64d11474eb7dd54fa92fb299f8dbe150ee	1	1	1	1	1	0	0	0	0	0	0	0	0	0	0	1
canonical_hybrid_v2_former_fresh:vh031__repeat00	canonical_hybrid_v2_former_fresh_60_regression_only	vh031	0	score		matched	3	3	4	4	7f294f17f4ff5078f8560f9c73425949cf1eadb41aebbb80df55dc21318107f4	7f294f17f4ff5078f8560f9c73425949cf1eadb41aebbb80df55dc21318107f4	1	1	1	1	1	0	0	0	0	0	0	0	0	0	0	1
canonical_hybrid_v2_former_fresh:vh031__repeat00	canonical_hybrid_v2_former_fresh_60_regression_only	vh031	0	score		matched	4	4	5	5	75a696de02baf41733743f7ffa2c1c1f95a22bd7d87438c5f9b978d41cac5638	75a696de02baf41733743f7ffa2c1c1f95a22bd7d87438c5f9b978d41cac5638	1	1	1	1	1	0	0	0	0	0	0	0	0	0	0	1
canonical_hybrid_v2_former_fresh:vh031__repeat00	canonical_hybrid_v2_former_fresh_60_regression_only	vh031	0	stability		matched	0	0	1	1	7f294f17f4ff5078f8560f9c73425949cf1eadb41aebbb80df55dc21318107f4	7f294f17f4ff5078f8560f9c73425949cf1eadb41aebbb80df55dc21318107f4	1	1	1	1	1	0	0	0	0	0	0	0	0	0	0	1
canonical_hybrid_v2_former_fresh:vh031__repeat00	canonical_hybrid_v2_former_fresh_60_regression_only	vh031	0	stability		matched	1	1	2	2	586f0537be9037b9b52bf46319ac15227ff38d748323d7b928153f92ffd9d059	586f0537be9037b9b52bf46319ac15227ff38d748323d7b928153f92ffd9d059	1	1	1	1	1	0	0	0	0	0	0	0	0	0	0	1
canonical_hybrid_v2_former_fresh:vh031__repeat00	canonical_hybrid_v2_former_fresh_60_regression_only	vh031	0	stability		matched	2	2	3	3	75a696de02baf41733743f7ffa2c1c1f95a22bd7d87438c5f9b978d41cac5638	75a696de02baf41733743f7ffa2c1c1f95a22bd7d87438c5f9b978d41cac5638	1	1	1	1	1	0	0	0	0	0	0	0	0	0	0	1
canonical_hybrid_v2_former_fresh:vh031__repeat00	canonical_hybrid_v2_former_fresh_60_regression_only	vh031	0	stability		matched	3	3	4	4	34bacab31fbdfcf487fc95c164499f64d11474eb7dd54fa92fb299f8dbe150ee	34bacab31fbdfcf487fc95c164499f64d11474eb7dd54fa92fb299f8dbe150ee	1	1	1	1	1	0	0	0	0	0	0	0	0	0	0	1
canonical_hybrid_v2_former_fresh:vh031__repeat00	canonical_hybrid_v2_former_fresh_60_regression_only	vh031	0	stability		matched	4	4	5	5	3f6aede46e75ff3672864d8cda0a43cf57aa1039a8162136a2a1558df8da6e64	3f6aede46e75ff3672864d8cda0a43cf57aa1039a8162136a2a1558df8da6e64	1	1	1	1	1	0	0	0	0	0	0	0	0	0	0	1
canonical_hybrid_v2_former_fresh:vh031__repeat00	canonical_hybrid_v2_former_fresh_60_regression_only	vh031	0	nt		matched	0	0	1	1	586f0537be9037b9b52bf46319ac15227ff38d748323d7b928153f92ffd9d059	586f0537be9037b9b52bf46319ac15227ff38d748323d7b928153f92ffd9d059	1	1	1	1	1	0	0	0	0	0	0	0	0	0	0	1
canonical_hybrid_v2_former_fresh:vh031__repeat00	canonical_hybrid_v2_former_fresh_60_regression_only	vh031	0	nt		matched	1	1	2	2	75a696de02baf41733743f7ffa2c1c1f95a22bd7d87438c5f9b978d41cac5638	75a696de02baf41733743f7ffa2c1c1f95a22bd7d87438c5f9b978d41cac5638	1	1	1	1	1	0	0	0	0	0	0	0	0	0	0	1
canonical_hybrid_v2_former_fresh:vh031__repeat00	canonical_hybrid_v2_former_fresh_60_regression_only	vh031	0	nt		matched	2	2	3	3	0777ff077cf39cf2b809c1a1a9c78d6b570fe32aa860f1997cb994df2a13076c	0777ff077cf39cf2b809c1a1a9c78d6b570fe32aa860f1997cb994df2a13076c	1	1	1	1	1	0	0	0	0	0	0	0	0	0	0	1
canonical_hybrid_v2_former_fresh:vh031__repeat00	canonical_hybrid_v2_former_fresh_60_regression_only	vh031	0	nt		matched	3	3	4	4	3f6aede46e75ff3672864d8cda0a43cf57aa1039a8162136a2a1558df8da6e64	3f6aede46e75ff3672864d8cda0a43cf57aa1039a8162136a2a1558df8da6e64	1	1	1	1	1	0	0	0	0	0	0	0	0	0	0	1
canonical_hybrid_v2_former_fresh:vh031__repeat00	canonical_hybrid_v2_former_fresh_60_regression_only	vh031	0	nt		matched	4	4	5	5	34bacab31fbdfcf487fc95c164499f64d11474eb7dd54fa92fb299f8dbe150ee	34bacab31fbdfcf487fc95c164499f64d11474eb7dd54fa92fb299f8dbe150ee	1	1	1	1	1	0	0	0	0	0	0	0	0	0	0	1
canonical_hybrid_v2_former_fresh:vh032__repeat00	canonical_hybrid_v2_former_fresh_60_regression_only	vh032	0	score		matched	0	0	1	1	a8cfbaafb34387487694421e551a7ac794aab285de46497fc4f66fadf2a43b67	a8cfbaafb34387487694421e551a7ac794aab285de46497fc4f66fadf2a43b67	1	1	1	1	1	0	0	0	0	0	0	0	0	0	0	1
canonical_hybrid_v2_former_fresh:vh032__repeat00	canonical_hybrid_v2_former_fresh_60_regression_only	vh032	0	score		matched	1	1	2	2	31850d5822da9b260dc99ce93abb7d8dfda0ad99fdeb96c205d821fb8ca8e736	31850d5822da9b260dc99ce93abb7d8dfda0ad99fdeb96c205d821fb8ca8e736	1	1	1	1	1	0	0	0	0	0	0	0	0	0	0	1
canonical_hybrid_v2_former_fresh:vh032__repeat00	canonical_hybrid_v2_former_fresh_60_regression_only	vh032	0	score		matched	2	2	3	3	b5e2ebb4b190fb6a360359d88799a0b8cc7735701618eefd94c03d677af87a3a	b5e2ebb4b190fb6a360359d88799a0b8cc7735701618eefd94c03d677af87a3a	1	1	1	1	1	0	0	0	0	0	0	0	0	0	0	1
canonical_hybrid_v2_former_fresh:vh032__repeat00	canonical_hybrid_v2_former_fresh_60_regression_only	vh032	0	score		matched	3	3	4	4	2d66d80ce2534b23f38a5ad6801404572d2d0dc031babc7b3afd56b444b0a983	2d66d80ce2534b23f38a5ad6801404572d2d0dc031babc7b3afd56b444b0a983	1	1	1	1	1	0	0	0	0	0	0	0	0	0	0	1
canonical_hybrid_v2_former_fresh:vh032__repeat00	canonical_hybrid_v2_former_fresh_60_regression_only	vh032	0	score		matched	4	4	5	5	f81b1428a8c578d66ea4104c534232277ac9cee00bda5341447ff7907c3b5277	f81b1428a8c578d66ea4104c534232277ac9cee00bda5341447ff7907c3b5277	1	1	1	1	1	0	0	0	0	0	0	0	0	0	0	1
canonical_hybrid_v2_former_fresh:vh032__repeat00	canonical_hybrid_v2_former_fresh_60_regression_only	vh032	0	stability		matched	0	0	1	1	217fc4479ea0f050658a0ca20cb73bc1884a848e78474ea83a82bdf7f1e1a044	217fc4479ea0f050658a0ca20cb73bc1884a848e78474ea83a82bdf7f1e1a044	1	1	1	1	1	0	0	0	0	0	0	0	0	0	0	1
canonical_hybrid_v2_former_fresh:vh032__repeat00	canonical_hybrid_v2_former_fresh_60_regression_only	vh032	0	stability		matched	1	1	2	2	3f12ddcb742a5b4ba8892567fa07e3103f2b4dba32429cea8cef17c963799af8	3f12ddcb742a5b4ba8892567fa07e3103f2b4dba32429cea8cef17c963799af8	1	1	1	1	1	0	0	0	0	0	0	0	0	0	0	1
canonical_hybrid_v2_former_fresh:vh032__repeat00	canonical_hybrid_v2_former_fresh_60_regression_only	vh032	0	stability		matched	2	2	3	3	638b9986f2176063b25e4bf4b45a9ef4d1aef3c32e6c26a5c906865868f0293f	638b9986f2176063b25e4bf4b45a9ef4d1aef3c32e6c26a5c906865868f0293f	1	1	1	1	1	0	0	0	0	0	0	0	0	0	0	1
canonical_hybrid_v2_former_fresh:vh032__repeat00	canonical_hybrid_v2_former_fresh_60_regression_only	vh032	0	stability		matched	3	3	4	4	f81b1428a8c578d66ea4104c534232277ac9cee00bda5341447ff7907c3b5277	f81b1428a8c578d66ea4104c534232277ac9cee00bda5341447ff7907c3b5277	1	1	1	1	1	0	0	0	0	0	0	0	0	0	0	1
canonical_hybrid_v2_former_fresh:vh032__repeat00	canonical_hybrid_v2_former_fresh_60_regression_only	vh032	0	stability		matched	4	4	5	5	dc7ec0f92815ce2997513adf0f37f8641d971ba2fe4d597f7fa2c09ab13ce38b	dc7ec0f92815ce2997513adf0f37f8641d971ba2fe4d597f7fa2c09ab13ce38b	1	1	1	1	1	0	0	0	0	0	0	0	0	0	0	1
canonical_hybrid_v2_former_fresh:vh032__repeat00	canonical_hybrid_v2_former_fresh_60_regression_only	vh032	0	nt		matched	0	0	1	1	0e4c85488a4d4fa682cbdb168817cc01af69cafa379ee791125d8952c7f395a9	0e4c85488a4d4fa682cbdb168817cc01af69cafa379ee791125d8952c7f395a9	1	1	1	1	1	0	0	0	0	0	0	0	0	0	0	1
canonical_hybrid_v2_former_fresh:vh032__repeat00	canonical_hybrid_v2_former_fresh_60_regression_only	vh032	0	nt		matched	1	1	2	2	31850d5822da9b260dc99ce93abb7d8dfda0ad99fdeb96c205d821fb8ca8e736	31850d5822da9b260dc99ce93abb7d8dfda0ad99fdeb96c205d821fb8ca8e736	1	1	1	1	1	0	0	0	0	0	0	0	0	0	0	1
canonical_hybrid_v2_former_fresh:vh032__repeat00	canonical_hybrid_v2_former_fresh_60_regression_only	vh032	0	nt		matched	2	2	3	3	b5e2ebb4b190fb6a360359d88799a0b8cc7735701618eefd94c03d677af87a3a	b5e2ebb4b190fb6a360359d88799a0b8cc7735701618eefd94c03d677af87a3a	1	1	1	1	1	0	0	0	0	0	0	0	0	0	0	1
canonical_hybrid_v2_former_fresh:vh032__repeat00	canonical_hybrid_v2_former_fresh_60_regression_only	vh032	0	nt		matched	3	3	4	4	2d66d80ce2534b23f38a5ad6801404572d2d0dc031babc7b3afd56b444b0a983	2d66d80ce2534b23f38a5ad6801404572d2d0dc031babc7b3afd56b444b0a983	1	1	1	1	1	0	0	0	0	0	0	0	0	0	0	1
canonical_hybrid_v2_former_fresh:vh032__repeat00	canonical_hybrid_v2_former_fresh_60_regression_only	vh032	0	nt		matched	4	4	5	5	395b3796dfb31d8c16a75a8163ff445d79b054680442a998b6801b37983e0cf2	395b3796dfb31d8c16a75a8163ff445d79b054680442a998b6801b37983e0cf2	1	1	1	1	1	0	0	0	0	0	0	0	0	0	0	1
canonical_hybrid_v2_former_fresh:vh033__repeat00	canonical_hybrid_v2_former_fresh_60_regression_only	vh033	0	score		matched	0	0	1	1	dbbed924b015acd1ced8478aa132de728fb2aef03a1719ed37d7949a9cb3f668	dbbed924b015acd1ced8478aa132de728fb2aef03a1719ed37d7949a9cb3f668	1	1	1	1	1	0	0	0	0	0	0	0	0	0	0	1
canonical_hybrid_v2_former_fresh:vh033__repeat00	canonical_hybrid_v2_former_fresh_60_regression_only	vh033	0	score		matched	1	1	2	2	f8b07a9dcb7ca5c68ea70e86c2ce162c1635d6d5a4868685fab95b1c1cc67e37	f8b07a9dcb7ca5c68ea70e86c2ce162c1635d6d5a4868685fab95b1c1cc67e37	1	1	1	1	1	0	0	0	0	0	0	0	0	0	0	1
canonical_hybrid_v2_former_fresh:vh033__repeat00	canonical_hybrid_v2_former_fresh_60_regression_only	vh033	0	score		matched	2	2	3	3	e1e672d5a7c09dbe5a54dc68d568839b4f9bfdca16ea94bb3c40625a97975335	e1e672d5a7c09dbe5a54dc68d568839b4f9bfdca16ea94bb3c40625a97975335	1	1	1	1	1	0	0	0	0	0	0	0	0	0	0	1
canonical_hybrid_v2_former_fresh:vh033__repeat00	canonical_hybrid_v2_former_fresh_60_regression_only	vh033	0	score		matched	3	3	4	4	0793de7eb180f67de6f16b59bcf24c32418b96c610bb70cb0b5e0a857ea78cbb	0793de7eb180f67de6f16b59bcf24c32418b96c610bb70cb0b5e0a857ea78cbb	1	1	1	1	1	0	0	0	0	0	0	0	0	0	0	1
canonical_hybrid_v2_former_fresh:vh033__repeat00	canonical_hybrid_v2_former_fresh_60_regression_only	vh033	0	score		matched	4	4	5	5	d703199900b9d17ba31f24a169e2b72c34cdabfe76dd2d63d89c6dedb2e8414b	d703199900b9d17ba31f24a169e2b72c34cdabfe76dd2d63d89c6dedb2e8414b	1	1	1	1	1	0	0	0	0	0	0	0	0	0	0	1
canonical_hybrid_v2_former_fresh:vh033__repeat00	canonical_hybrid_v2_former_fresh_60_regression_only	vh033	0	stability		matched	0	0	1	1	e1e672d5a7c09dbe5a54dc68d568839b4f9bfdca16ea94bb3c40625a97975335	e1e672d5a7c09dbe5a54dc68d568839b4f9bfdca16ea94bb3c40625a97975335	1	1	1	1	1	0	0	0	0	0	0	0	0	0	0	1
canonical_hybrid_v2_former_fresh:vh033__repeat00	canonical_hybrid_v2_former_fresh_60_regression_only	vh033	0	stability		matched	1	1	2	2	a946c2a60f65008c2e88f63e9d499898572c02b72e033fab4b575cb1e115db0d	a946c2a60f65008c2e88f63e9d499898572c02b72e033fab4b575cb1e115db0d	1	1	1	1	1	0	0	0	0	0	0	0	0	0	0	1
canonical_hybrid_v2_former_fresh:vh033__repeat00	canonical_hybrid_v2_former_fresh_60_regression_only	vh033	0	stability		matched	2	2	3	3	dbbed924b015acd1ced8478aa132de728fb2aef03a1719ed37d7949a9cb3f668	dbbed924b015acd1ced8478aa132de728fb2aef03a1719ed37d7949a9cb3f668	1	1	1	1	1	0	0	0	0	0	0	0	0	0	0	1
canonical_hybrid_v2_former_fresh:vh033__repeat00	canonical_hybrid_v2_former_fresh_60_regression_only	vh033	0	stability		matched	3	3	4	4	f8b07a9dcb7ca5c68ea70e86c2ce162c1635d6d5a4868685fab95b1c1cc67e37	f8b07a9dcb7ca5c68ea70e86c2ce162c1635d6d5a4868685fab95b1c1cc67e37	1	1	1	1	1	0	0	0	0	0	0	0	0	0	0	1
canonical_hybrid_v2_former_fresh:vh033__repeat00	canonical_hybrid_v2_former_fresh_60_regression_only	vh033	0	stability		matched	4	4	5	5	d703199900b9d17ba31f24a169e2b72c34cdabfe76dd2d63d89c6dedb2e8414b	d703199900b9d17ba31f24a169e2b72c34cdabfe76dd2d63d89c6dedb2e8414b	1	1	1	1	1	0	0	0	0	0	0	0	0	0	0	1
canonical_hybrid_v2_former_fresh:vh033__repeat00	canonical_hybrid_v2_former_fresh_60_regression_only	vh033	0	nt		matched	0	0	1	1	dbbed924b015acd1ced8478aa132de728fb2aef03a1719ed37d7949a9cb3f668	dbbed924b015acd1ced8478aa132de728fb2aef03a1719ed37d7949a9cb3f668	1	1	1	1	1	0	0	0	0	0	0	0	0	0	0	1
canonical_hybrid_v2_former_fresh:vh033__repeat00	canonical_hybrid_v2_former_fresh_60_regression_only	vh033	0	nt		matched	1	1	2	2	5755548841d9411692ebf082c7c1a7ab5ccdff0a8b1ec7de42cf70badaf3ab14	5755548841d9411692ebf082c7c1a7ab5ccdff0a8b1ec7de42cf70badaf3ab14	1	1	1	1	1	0	0	0	0	0	0	0	0	0	0	1
canonical_hybrid_v2_former_fresh:vh033__repeat00	canonical_hybrid_v2_former_fresh_60_regression_only	vh033	0	nt		matched	2	2	3	3	0793de7eb180f67de6f16b59bcf24c32418b96c610bb70cb0b5e0a857ea78cbb	0793de7eb180f67de6f16b59bcf24c32418b96c610bb70cb0b5e0a857ea78cbb	1	1	1	1	1	0	0	0	0	0	0	0	0	0	0	1
canonical_hybrid_v2_former_fresh:vh033__repeat00	canonical_hybrid_v2_former_fresh_60_regression_only	vh033	0	nt		matched	3	3	4	4	e1e672d5a7c09dbe5a54dc68d568839b4f9bfdca16ea94bb3c40625a97975335	e1e672d5a7c09dbe5a54dc68d568839b4f9bfdca16ea94bb3c40625a97975335	1	1	1	1	1	0	0	0	0	0	0	0	0	0	0	1
canonical_hybrid_v2_former_fresh:vh033__repeat00	canonical_hybrid_v2_former_fresh_60_regression_only	vh033	0	nt		matched	4	4	5	5	a946c2a60f65008c2e88f63e9d499898572c02b72e033fab4b575cb1e115db0d	a946c2a60f65008c2e88f63e9d499898572c02b72e033fab4b575cb1e115db0d	1	1	1	1	1	0	0	0	0	0	0	0	0	0	0	1
canonical_hybrid_v2_former_fresh:vh033__repeat01	canonical_hybrid_v2_former_fresh_60_regression_only	vh033	1	score		matched	0	0	1	1	dbbed924b015acd1ced8478aa132de728fb2aef03a1719ed37d7949a9cb3f668	dbbed924b015acd1ced8478aa132de728fb2aef03a1719ed37d7949a9cb3f668	1	1	1	1	1	0	0	0	0	0	0	0	0	0	0	1
canonical_hybrid_v2_former_fresh:vh033__repeat01	canonical_hybrid_v2_former_fresh_60_regression_only	vh033	1	score		matched	1	1	2	2	f8b07a9dcb7ca5c68ea70e86c2ce162c1635d6d5a4868685fab95b1c1cc67e37	f8b07a9dcb7ca5c68ea70e86c2ce162c1635d6d5a4868685fab95b1c1cc67e37	1	1	1	1	1	0	0	0	0	0	0	0	0	0	0	1
canonical_hybrid_v2_former_fresh:vh033__repeat01	canonical_hybrid_v2_former_fresh_60_regression_only	vh033	1	score		matched	2	2	3	3	e1e672d5a7c09dbe5a54dc68d568839b4f9bfdca16ea94bb3c40625a97975335	e1e672d5a7c09dbe5a54dc68d568839b4f9bfdca16ea94bb3c40625a97975335	1	1	1	1	1	0	0	0	0	0	0	0	0	0	0	1
canonical_hybrid_v2_former_fresh:vh033__repeat01	canonical_hybrid_v2_former_fresh_60_regression_only	vh033	1	score		matched	3	3	4	4	0793de7eb180f67de6f16b59bcf24c32418b96c610bb70cb0b5e0a857ea78cbb	0793de7eb180f67de6f16b59bcf24c32418b96c610bb70cb0b5e0a857ea78cbb	1	1	1	1	1	0	0	0	0	0	0	0	0	0	0	1
canonical_hybrid_v2_former_fresh:vh033__repeat01	canonical_hybrid_v2_former_fresh_60_regression_only	vh033	1	score		matched	4	4	5	5	d703199900b9d17ba31f24a169e2b72c34cdabfe76dd2d63d89c6dedb2e8414b	d703199900b9d17ba31f24a169e2b72c34cdabfe76dd2d63d89c6dedb2e8414b	1	1	1	1	1	0	0	0	0	0	0	0	0	0	0	1
canonical_hybrid_v2_former_fresh:vh033__repeat01	canonical_hybrid_v2_former_fresh_60_regression_only	vh033	1	stability		matched	0	0	1	1	e1e672d5a7c09dbe5a54dc68d568839b4f9bfdca16ea94bb3c40625a97975335	e1e672d5a7c09dbe5a54dc68d568839b4f9bfdca16ea94bb3c40625a97975335	1	1	1	1	1	0	0	0	0	0	0	0	0	0	0	1
canonical_hybrid_v2_former_fresh:vh033__repeat01	canonical_hybrid_v2_former_fresh_60_regression_only	vh033	1	stability		matched	1	1	2	2	a946c2a60f65008c2e88f63e9d499898572c02b72e033fab4b575cb1e115db0d	a946c2a60f65008c2e88f63e9d499898572c02b72e033fab4b575cb1e115db0d	1	1	1	1	1	0	0	0	0	0	0	0	0	0	0	1
canonical_hybrid_v2_former_fresh:vh033__repeat01	canonical_hybrid_v2_former_fresh_60_regression_only	vh033	1	stability		matched	2	2	3	3	dbbed924b015acd1ced8478aa132de728fb2aef03a1719ed37d7949a9cb3f668	dbbed924b015acd1ced8478aa132de728fb2aef03a1719ed37d7949a9cb3f668	1	1	1	1	1	0	0	0	0	0	0	0	0	0	0	1
canonical_hybrid_v2_former_fresh:vh033__repeat01	canonical_hybrid_v2_former_fresh_60_regression_only	vh033	1	stability		matched	3	3	4	4	f8b07a9dcb7ca5c68ea70e86c2ce162c1635d6d5a4868685fab95b1c1cc67e37	f8b07a9dcb7ca5c68ea70e86c2ce162c1635d6d5a4868685fab95b1c1cc67e37	1	1	1	1	1	0	0	0	0	0	0	0	0	0	0	1
canonical_hybrid_v2_former_fresh:vh033__repeat01	canonical_hybrid_v2_former_fresh_60_regression_only	vh033	1	stability		matched	4	4	5	5	d703199900b9d17ba31f24a169e2b72c34cdabfe76dd2d63d89c6dedb2e8414b	d703199900b9d17ba31f24a169e2b72c34cdabfe76dd2d63d89c6dedb2e8414b	1	1	1	1	1	0	0	0	0	0	0	0	0	0	0	1
canonical_hybrid_v2_former_fresh:vh033__repeat01	canonical_hybrid_v2_former_fresh_60_regression_only	vh033	1	nt		matched	0	0	1	1	dbbed924b015acd1ced8478aa132de728fb2aef03a1719ed37d7949a9cb3f668	dbbed924b015acd1ced8478aa132de728fb2aef03a1719ed37d7949a9cb3f668	1	1	1	1	1	0	0	0	0	0	0	0	0	0	0	1
canonical_hybrid_v2_former_fresh:vh033__repeat01	canonical_hybrid_v2_former_fresh_60_regression_only	vh033	1	nt		matched	1	1	2	2	5755548841d9411692ebf082c7c1a7ab5ccdff0a8b1ec7de42cf70badaf3ab14	5755548841d9411692ebf082c7c1a7ab5ccdff0a8b1ec7de42cf70badaf3ab14	1	1	1	1	1	0	0	0	0	0	0	0	0	0	0	1
canonical_hybrid_v2_former_fresh:vh033__repeat01	canonical_hybrid_v2_former_fresh_60_regression_only	vh033	1	nt		matched	2	2	3	3	0793de7eb180f67de6f16b59bcf24c32418b96c610bb70cb0b5e0a857ea78cbb	0793de7eb180f67de6f16b59bcf24c32418b96c610bb70cb0b5e0a857ea78cbb	1	1	1	1	1	0	0	0	0	0	0	0	0	0	0	1
canonical_hybrid_v2_former_fresh:vh033__repeat01	canonical_hybrid_v2_former_fresh_60_regression_only	vh033	1	nt		matched	3	3	4	4	e1e672d5a7c09dbe5a54dc68d568839b4f9bfdca16ea94bb3c40625a97975335	e1e672d5a7c09dbe5a54dc68d568839b4f9bfdca16ea94bb3c40625a97975335	1	1	1	1	1	0	0	0	0	0	0	0	0	0	0	1
canonical_hybrid_v2_former_fresh:vh033__repeat01	canonical_hybrid_v2_former_fresh_60_regression_only	vh033	1	nt		matched	4	4	5	5	a946c2a60f65008c2e88f63e9d499898572c02b72e033fab4b575cb1e115db0d	a946c2a60f65008c2e88f63e9d499898572c02b72e033fab4b575cb1e115db0d	1	1	1	1	1	0	0	0	0	0	0	0	0	0	0	1
canonical_hybrid_v2_former_fresh:vh033__repeat02	canonical_hybrid_v2_former_fresh_60_regression_only	vh033	2	score		matched	0	0	1	1	dbbed924b015acd1ced8478aa132de728fb2aef03a1719ed37d7949a9cb3f668	dbbed924b015acd1ced8478aa132de728fb2aef03a1719ed37d7949a9cb3f668	1	1	1	1	1	0	0	0	0	0	0	0	0	0	0	1
canonical_hybrid_v2_former_fresh:vh033__repeat02	canonical_hybrid_v2_former_fresh_60_regression_only	vh033	2	score		matched	1	1	2	2	f8b07a9dcb7ca5c68ea70e86c2ce162c1635d6d5a4868685fab95b1c1cc67e37	f8b07a9dcb7ca5c68ea70e86c2ce162c1635d6d5a4868685fab95b1c1cc67e37	1	1	1	1	1	0	0	0	0	0	0	0	0	0	0	1
canonical_hybrid_v2_former_fresh:vh033__repeat02	canonical_hybrid_v2_former_fresh_60_regression_only	vh033	2	score		matched	2	2	3	3	e1e672d5a7c09dbe5a54dc68d568839b4f9bfdca16ea94bb3c40625a97975335	e1e672d5a7c09dbe5a54dc68d568839b4f9bfdca16ea94bb3c40625a97975335	1	1	1	1	1	0	0	0	0	0	0	0	0	0	0	1
canonical_hybrid_v2_former_fresh:vh033__repeat02	canonical_hybrid_v2_former_fresh_60_regression_only	vh033	2	score		matched	3	3	4	4	0793de7eb180f67de6f16b59bcf24c32418b96c610bb70cb0b5e0a857ea78cbb	0793de7eb180f67de6f16b59bcf24c32418b96c610bb70cb0b5e0a857ea78cbb	1	1	1	1	1	0	0	0	0	0	0	0	0	0	0	1
canonical_hybrid_v2_former_fresh:vh033__repeat02	canonical_hybrid_v2_former_fresh_60_regression_only	vh033	2	score		matched	4	4	5	5	d703199900b9d17ba31f24a169e2b72c34cdabfe76dd2d63d89c6dedb2e8414b	d703199900b9d17ba31f24a169e2b72c34cdabfe76dd2d63d89c6dedb2e8414b	1	1	1	1	1	0	0	0	0	0	0	0	0	0	0	1
canonical_hybrid_v2_former_fresh:vh033__repeat02	canonical_hybrid_v2_former_fresh_60_regression_only	vh033	2	stability		matched	0	0	1	1	e1e672d5a7c09dbe5a54dc68d568839b4f9bfdca16ea94bb3c40625a97975335	e1e672d5a7c09dbe5a54dc68d568839b4f9bfdca16ea94bb3c40625a97975335	1	1	1	1	1	0	0	0	0	0	0	0	0	0	0	1
canonical_hybrid_v2_former_fresh:vh033__repeat02	canonical_hybrid_v2_former_fresh_60_regression_only	vh033	2	stability		matched	1	1	2	2	a946c2a60f65008c2e88f63e9d499898572c02b72e033fab4b575cb1e115db0d	a946c2a60f65008c2e88f63e9d499898572c02b72e033fab4b575cb1e115db0d	1	1	1	1	1	0	0	0	0	0	0	0	0	0	0	1
canonical_hybrid_v2_former_fresh:vh033__repeat02	canonical_hybrid_v2_former_fresh_60_regression_only	vh033	2	stability		matched	2	2	3	3	dbbed924b015acd1ced8478aa132de728fb2aef03a1719ed37d7949a9cb3f668	dbbed924b015acd1ced8478aa132de728fb2aef03a1719ed37d7949a9cb3f668	1	1	1	1	1	0	0	0	0	0	0	0	0	0	0	1
canonical_hybrid_v2_former_fresh:vh033__repeat02	canonical_hybrid_v2_former_fresh_60_regression_only	vh033	2	stability		matched	3	3	4	4	f8b07a9dcb7ca5c68ea70e86c2ce162c1635d6d5a4868685fab95b1c1cc67e37	f8b07a9dcb7ca5c68ea70e86c2ce162c1635d6d5a4868685fab95b1c1cc67e37	1	1	1	1	1	0	0	0	0	0	0	0	0	0	0	1
canonical_hybrid_v2_former_fresh:vh033__repeat02	canonical_hybrid_v2_former_fresh_60_regression_only	vh033	2	stability		matched	4	4	5	5	d703199900b9d17ba31f24a169e2b72c34cdabfe76dd2d63d89c6dedb2e8414b	d703199900b9d17ba31f24a169e2b72c34cdabfe76dd2d63d89c6dedb2e8414b	1	1	1	1	1	0	0	0	0	0	0	0	0	0	0	1
canonical_hybrid_v2_former_fresh:vh033__repeat02	canonical_hybrid_v2_former_fresh_60_regression_only	vh033	2	nt		matched	0	0	1	1	dbbed924b015acd1ced8478aa132de728fb2aef03a1719ed37d7949a9cb3f668	dbbed924b015acd1ced8478aa132de728fb2aef03a1719ed37d7949a9cb3f668	1	1	1	1	1	0	0	0	0	0	0	0	0	0	0	1
canonical_hybrid_v2_former_fresh:vh033__repeat02	canonical_hybrid_v2_former_fresh_60_regression_only	vh033	2	nt		matched	1	1	2	2	5755548841d9411692ebf082c7c1a7ab5ccdff0a8b1ec7de42cf70badaf3ab14	5755548841d9411692ebf082c7c1a7ab5ccdff0a8b1ec7de42cf70badaf3ab14	1	1	1	1	1	0	0	0	0	0	0	0	0	0	0	1
canonical_hybrid_v2_former_fresh:vh033__repeat02	canonical_hybrid_v2_former_fresh_60_regression_only	vh033	2	nt		matched	2	2	3	3	0793de7eb180f67de6f16b59bcf24c32418b96c610bb70cb0b5e0a857ea78cbb	0793de7eb180f67de6f16b59bcf24c32418b96c610bb70cb0b5e0a857ea78cbb	1	1	1	1	1	0	0	0	0	0	0	0	0	0	0	1
canonical_hybrid_v2_former_fresh:vh033__repeat02	canonical_hybrid_v2_former_fresh_60_regression_only	vh033	2	nt		matched	3	3	4	4	e1e672d5a7c09dbe5a54dc68d568839b4f9bfdca16ea94bb3c40625a97975335	e1e672d5a7c09dbe5a54dc68d568839b4f9bfdca16ea94bb3c40625a97975335	1	1	1	1	1	0	0	0	0	0	0	0	0	0	0	1
canonical_hybrid_v2_former_fresh:vh033__repeat02	canonical_hybrid_v2_former_fresh_60_regression_only	vh033	2	nt		matched	4	4	5	5	a946c2a60f65008c2e88f63e9d499898572c02b72e033fab4b575cb1e115db0d	a946c2a60f65008c2e88f63e9d499898572c02b72e033fab4b575cb1e115db0d	1	1	1	1	1	0	0	0	0	0	0	0	0	0	0	1
canonical_hybrid_v2_former_fresh:vh034__repeat00	canonical_hybrid_v2_former_fresh_60_regression_only	vh034	0	score		matched	0	0	1	1	c5cc7a1003f022260331c5b95cdb34a4acc38f93a068b73d4dd06db8cedf7840	c5cc7a1003f022260331c5b95cdb34a4acc38f93a068b73d4dd06db8cedf7840	1	1	1	1	1	0	0	0	0	0	0	0	0	0	0	1
canonical_hybrid_v2_former_fresh:vh034__repeat00	canonical_hybrid_v2_former_fresh_60_regression_only	vh034	0	score		matched	1	1	2	2	b729a531a6a0d1b3a9cb6fd864ec40d2f009ca5619c3ea9fdb93167817fdd031	b729a531a6a0d1b3a9cb6fd864ec40d2f009ca5619c3ea9fdb93167817fdd031	1	1	1	1	1	0	0	0	0	0	0	0	0	0	0	1
canonical_hybrid_v2_former_fresh:vh034__repeat00	canonical_hybrid_v2_former_fresh_60_regression_only	vh034	0	score		matched	2	2	3	3	18445afefef007636102f4536fb2bafafc011ac42f5dd02fd740499ff344c24d	18445afefef007636102f4536fb2bafafc011ac42f5dd02fd740499ff344c24d	1	1	1	1	1	0	0	0	0	0	0	0	0	0	0	1
canonical_hybrid_v2_former_fresh:vh034__repeat00	canonical_hybrid_v2_former_fresh_60_regression_only	vh034	0	score		matched	3	3	4	4	9e87e356c40d7114ffa29192c7461ced0c2309e422d7b9d22270dceedbe9bd26	9e87e356c40d7114ffa29192c7461ced0c2309e422d7b9d22270dceedbe9bd26	1	1	1	1	1	0	0	0	0	0	0	0	0	0	0	1
canonical_hybrid_v2_former_fresh:vh034__repeat00	canonical_hybrid_v2_former_fresh_60_regression_only	vh034	0	score		matched	4	4	5	5	4973f4bc9746dcdea8322d60757e2e9e53ba633e1bb5796733097580b8f8c320	4973f4bc9746dcdea8322d60757e2e9e53ba633e1bb5796733097580b8f8c320	1	1	1	1	1	0	0	0	0	0	0	0	0	0	0	1
canonical_hybrid_v2_former_fresh:vh034__repeat00	canonical_hybrid_v2_former_fresh_60_regression_only	vh034	0	stability		matched	0	0	1	1	c5cc7a1003f022260331c5b95cdb34a4acc38f93a068b73d4dd06db8cedf7840	c5cc7a1003f022260331c5b95cdb34a4acc38f93a068b73d4dd06db8cedf7840	1	1	1	1	1	0	0	0	0	0	0	0	0	0	0	1
canonical_hybrid_v2_former_fresh:vh034__repeat00	canonical_hybrid_v2_former_fresh_60_regression_only	vh034	0	stability		matched	1	1	2	2	b4940a1166037ee51881a15bd3cea950f591bcc210cfba5a1d8d0b40fd35e723	b4940a1166037ee51881a15bd3cea950f591bcc210cfba5a1d8d0b40fd35e723	1	1	1	1	1	0	0	0	0	0	0	0	0	0	0	1
canonical_hybrid_v2_former_fresh:vh034__repeat00	canonical_hybrid_v2_former_fresh_60_regression_only	vh034	0	stability		matched	2	2	3	3	9e87e356c40d7114ffa29192c7461ced0c2309e422d7b9d22270dceedbe9bd26	9e87e356c40d7114ffa29192c7461ced0c2309e422d7b9d22270dceedbe9bd26	1	1	1	1	1	0	0	0	0	0	0	0	0	0	0	1
canonical_hybrid_v2_former_fresh:vh034__repeat00	canonical_hybrid_v2_former_fresh_60_regression_only	vh034	0	stability		matched	3	3	4	4	b729a531a6a0d1b3a9cb6fd864ec40d2f009ca5619c3ea9fdb93167817fdd031	b729a531a6a0d1b3a9cb6fd864ec40d2f009ca5619c3ea9fdb93167817fdd031	1	1	1	1	1	0	0	0	0	0	0	0	0	0	0	1
canonical_hybrid_v2_former_fresh:vh034__repeat00	canonical_hybrid_v2_former_fresh_60_regression_only	vh034	0	stability		matched	4	4	5	5	4973f4bc9746dcdea8322d60757e2e9e53ba633e1bb5796733097580b8f8c320	4973f4bc9746dcdea8322d60757e2e9e53ba633e1bb5796733097580b8f8c320	1	1	1	1	1	0	0	0	0	0	0	0	0	0	0	1
canonical_hybrid_v2_former_fresh:vh034__repeat00	canonical_hybrid_v2_former_fresh_60_regression_only	vh034	0	nt		matched	0	0	1	1	18445afefef007636102f4536fb2bafafc011ac42f5dd02fd740499ff344c24d	18445afefef007636102f4536fb2bafafc011ac42f5dd02fd740499ff344c24d	1	1	1	1	1	0	0	0	0	0	0	0	0	0	0	1
canonical_hybrid_v2_former_fresh:vh034__repeat00	canonical_hybrid_v2_former_fresh_60_regression_only	vh034	0	nt		matched	1	1	2	2	c5cc7a1003f022260331c5b95cdb34a4acc38f93a068b73d4dd06db8cedf7840	c5cc7a1003f022260331c5b95cdb34a4acc38f93a068b73d4dd06db8cedf7840	1	1	1	1	1	0	0	0	0	0	0	0	0	0	0	1
canonical_hybrid_v2_former_fresh:vh034__repeat00	canonical_hybrid_v2_former_fresh_60_regression_only	vh034	0	nt		matched	2	2	3	3	9e87e356c40d7114ffa29192c7461ced0c2309e422d7b9d22270dceedbe9bd26	9e87e356c40d7114ffa29192c7461ced0c2309e422d7b9d22270dceedbe9bd26	1	1	1	1	1	0	0	0	0	0	0	0	0	0	0	1
canonical_hybrid_v2_former_fresh:vh034__repeat00	canonical_hybrid_v2_former_fresh_60_regression_only	vh034	0	nt		matched	3	3	4	4	b729a531a6a0d1b3a9cb6fd864ec40d2f009ca5619c3ea9fdb93167817fdd031	b729a531a6a0d1b3a9cb6fd864ec40d2f009ca5619c3ea9fdb93167817fdd031	1	1	1	1	1	0	0	0	0	0	0	0	0	0	0	1
canonical_hybrid_v2_former_fresh:vh034__repeat00	canonical_hybrid_v2_former_fresh_60_regression_only	vh034	0	nt		matched	4	4	5	5	4973f4bc9746dcdea8322d60757e2e9e53ba633e1bb5796733097580b8f8c320	4973f4bc9746dcdea8322d60757e2e9e53ba633e1bb5796733097580b8f8c320	1	1	1	1	1	0	0	0	0	0	0	0	0	0	0	1
canonical_hybrid_v2_former_fresh:vh035__repeat00	canonical_hybrid_v2_former_fresh_60_regression_only	vh035	0	score		matched	0	0	1	1	427c1eec39c461f519a6d47e8cec10ff20c107ffe08637f4190f96786cdce640	427c1eec39c461f519a6d47e8cec10ff20c107ffe08637f4190f96786cdce640	1	1	1	1	1	0	0	0	0	0	0	0	0	0	0	1
canonical_hybrid_v2_former_fresh:vh035__repeat00	canonical_hybrid_v2_former_fresh_60_regression_only	vh035	0	score		matched	1	1	2	2	d44b0e234ad41af9d648e480d36205613836b78541a221c49110da8d3c192484	d44b0e234ad41af9d648e480d36205613836b78541a221c49110da8d3c192484	1	1	1	1	1	0	0	0	0	0	0	0	0	0	0	1
canonical_hybrid_v2_former_fresh:vh035__repeat00	canonical_hybrid_v2_former_fresh_60_regression_only	vh035	0	score		matched	2	2	3	3	a5d6ce19abcde40995c9cbd23151d7b70fd2785c3f9d7f55bed429325659dcf5	a5d6ce19abcde40995c9cbd23151d7b70fd2785c3f9d7f55bed429325659dcf5	1	1	1	1	1	0	0	0	0	0	0	0	0	0	0	1
canonical_hybrid_v2_former_fresh:vh035__repeat00	canonical_hybrid_v2_former_fresh_60_regression_only	vh035	0	score		matched	3	3	4	4	531f328ac5e4ac72f95bc931ba82a8123f0d0fffe4478e4fb55a467b86ac7cc4	531f328ac5e4ac72f95bc931ba82a8123f0d0fffe4478e4fb55a467b86ac7cc4	1	1	1	1	1	0	0	0	0	0	0	0	0	0	0	1
canonical_hybrid_v2_former_fresh:vh035__repeat00	canonical_hybrid_v2_former_fresh_60_regression_only	vh035	0	score		matched	4	4	5	5	47b63010a117cb95da791555381573139c0ee36eafb4f1a2ff38854ff3d1f95e	47b63010a117cb95da791555381573139c0ee36eafb4f1a2ff38854ff3d1f95e	1	1	1	1	1	0	0	0	0	0	0	0	0	0	0	1
canonical_hybrid_v2_former_fresh:vh035__repeat00	canonical_hybrid_v2_former_fresh_60_regression_only	vh035	0	stability		matched	0	0	1	1	5e908a6082db84ab4676dae1b236f7aee7db7be1472f2d5386c904737cbe8c91	5e908a6082db84ab4676dae1b236f7aee7db7be1472f2d5386c904737cbe8c91	1	1	1	1	1	0	0	0	0	0	0	0	0	0	0	1
canonical_hybrid_v2_former_fresh:vh035__repeat00	canonical_hybrid_v2_former_fresh_60_regression_only	vh035	0	stability		matched	1	1	2	2	427c1eec39c461f519a6d47e8cec10ff20c107ffe08637f4190f96786cdce640	427c1eec39c461f519a6d47e8cec10ff20c107ffe08637f4190f96786cdce640	1	1	1	1	1	0	0	0	0	0	0	0	0	0	0	1
canonical_hybrid_v2_former_fresh:vh035__repeat00	canonical_hybrid_v2_former_fresh_60_regression_only	vh035	0	stability		matched	2	2	3	3	c02dcc94b1af8b469e4be052c01f401238f94d4fc99d82a20f3e3e88bd623f0b	c02dcc94b1af8b469e4be052c01f401238f94d4fc99d82a20f3e3e88bd623f0b	1	1	1	1	1	0	0	0	0	0	0	0	0	0	0	1
canonical_hybrid_v2_former_fresh:vh035__repeat00	canonical_hybrid_v2_former_fresh_60_regression_only	vh035	0	stability		matched	3	3	4	4	531f328ac5e4ac72f95bc931ba82a8123f0d0fffe4478e4fb55a467b86ac7cc4	531f328ac5e4ac72f95bc931ba82a8123f0d0fffe4478e4fb55a467b86ac7cc4	1	1	1	1	1	0	0	0	0	0	0	0	0	0	0	1
canonical_hybrid_v2_former_fresh:vh035__repeat00	canonical_hybrid_v2_former_fresh_60_regression_only	vh035	0	stability		matched	4	4	5	5	3315b297dd5a04459cc96d39f0ae5690d8182253cf83175bdfaa9408b161e60d	3315b297dd5a04459cc96d39f0ae5690d8182253cf83175bdfaa9408b161e60d	1	1	1	1	1	0	0	0	0	0	0	0	0	0	0	1
canonical_hybrid_v2_former_fresh:vh035__repeat00	canonical_hybrid_v2_former_fresh_60_regression_only	vh035	0	nt		matched	0	0	1	1	427c1eec39c461f519a6d47e8cec10ff20c107ffe08637f4190f96786cdce640	427c1eec39c461f519a6d47e8cec10ff20c107ffe08637f4190f96786cdce640	1	1	1	1	1	0	0	0	0	0	0	0	0	0	0	1
canonical_hybrid_v2_former_fresh:vh035__repeat00	canonical_hybrid_v2_former_fresh_60_regression_only	vh035	0	nt		matched	1	1	2	2	d44b0e234ad41af9d648e480d36205613836b78541a221c49110da8d3c192484	d44b0e234ad41af9d648e480d36205613836b78541a221c49110da8d3c192484	1	1	1	1	1	0	0	0	0	0	0	0	0	0	0	1
canonical_hybrid_v2_former_fresh:vh035__repeat00	canonical_hybrid_v2_former_fresh_60_regression_only	vh035	0	nt		matched	2	2	3	3	a5d6ce19abcde40995c9cbd23151d7b70fd2785c3f9d7f55bed429325659dcf5	a5d6ce19abcde40995c9cbd23151d7b70fd2785c3f9d7f55bed429325659dcf5	1	1	1	1	1	0	0	0	0	0	0	0	0	0	0	1
canonical_hybrid_v2_former_fresh:vh035__repeat00	canonical_hybrid_v2_former_fresh_60_regression_only	vh035	0	nt		matched	3	3	4	4	5e908a6082db84ab4676dae1b236f7aee7db7be1472f2d5386c904737cbe8c91	5e908a6082db84ab4676dae1b236f7aee7db7be1472f2d5386c904737cbe8c91	1	1	1	1	1	0	0	0	0	0	0	0	0	0	0	1
canonical_hybrid_v2_former_fresh:vh035__repeat00	canonical_hybrid_v2_former_fresh_60_regression_only	vh035	0	nt		matched	4	4	5	5	3315b297dd5a04459cc96d39f0ae5690d8182253cf83175bdfaa9408b161e60d	3315b297dd5a04459cc96d39f0ae5690d8182253cf83175bdfaa9408b161e60d	1	1	1	1	1	0	0	0	0	0	0	0	0	0	0	1
canonical_hybrid_v2_former_fresh:vh035__repeat01	canonical_hybrid_v2_former_fresh_60_regression_only	vh035	1	score		matched	0	0	1	1	427c1eec39c461f519a6d47e8cec10ff20c107ffe08637f4190f96786cdce640	427c1eec39c461f519a6d47e8cec10ff20c107ffe08637f4190f96786cdce640	1	1	1	1	1	0	0	0	0	0	0	0	0	0	0	1
canonical_hybrid_v2_former_fresh:vh035__repeat01	canonical_hybrid_v2_former_fresh_60_regression_only	vh035	1	score		matched	1	1	2	2	d44b0e234ad41af9d648e480d36205613836b78541a221c49110da8d3c192484	d44b0e234ad41af9d648e480d36205613836b78541a221c49110da8d3c192484	1	1	1	1	1	0	0	0	0	0	0	0	0	0	0	1
canonical_hybrid_v2_former_fresh:vh035__repeat01	canonical_hybrid_v2_former_fresh_60_regression_only	vh035	1	score		matched	2	2	3	3	a5d6ce19abcde40995c9cbd23151d7b70fd2785c3f9d7f55bed429325659dcf5	a5d6ce19abcde40995c9cbd23151d7b70fd2785c3f9d7f55bed429325659dcf5	1	1	1	1	1	0	0	0	0	0	0	0	0	0	0	1
canonical_hybrid_v2_former_fresh:vh035__repeat01	canonical_hybrid_v2_former_fresh_60_regression_only	vh035	1	score		matched	3	3	4	4	531f328ac5e4ac72f95bc931ba82a8123f0d0fffe4478e4fb55a467b86ac7cc4	531f328ac5e4ac72f95bc931ba82a8123f0d0fffe4478e4fb55a467b86ac7cc4	1	1	1	1	1	0	0	0	0	0	0	0	0	0	0	1
canonical_hybrid_v2_former_fresh:vh035__repeat01	canonical_hybrid_v2_former_fresh_60_regression_only	vh035	1	score		matched	4	4	5	5	47b63010a117cb95da791555381573139c0ee36eafb4f1a2ff38854ff3d1f95e	47b63010a117cb95da791555381573139c0ee36eafb4f1a2ff38854ff3d1f95e	1	1	1	1	1	0	0	0	0	0	0	0	0	0	0	1
canonical_hybrid_v2_former_fresh:vh035__repeat01	canonical_hybrid_v2_former_fresh_60_regression_only	vh035	1	stability		matched	0	0	1	1	5e908a6082db84ab4676dae1b236f7aee7db7be1472f2d5386c904737cbe8c91	5e908a6082db84ab4676dae1b236f7aee7db7be1472f2d5386c904737cbe8c91	1	1	1	1	1	0	0	0	0	0	0	0	0	0	0	1
canonical_hybrid_v2_former_fresh:vh035__repeat01	canonical_hybrid_v2_former_fresh_60_regression_only	vh035	1	stability		matched	1	1	2	2	427c1eec39c461f519a6d47e8cec10ff20c107ffe08637f4190f96786cdce640	427c1eec39c461f519a6d47e8cec10ff20c107ffe08637f4190f96786cdce640	1	1	1	1	1	0	0	0	0	0	0	0	0	0	0	1
canonical_hybrid_v2_former_fresh:vh035__repeat01	canonical_hybrid_v2_former_fresh_60_regression_only	vh035	1	stability		matched	2	2	3	3	c02dcc94b1af8b469e4be052c01f401238f94d4fc99d82a20f3e3e88bd623f0b	c02dcc94b1af8b469e4be052c01f401238f94d4fc99d82a20f3e3e88bd623f0b	1	1	1	1	1	0	0	0	0	0	0	0	0	0	0	1
canonical_hybrid_v2_former_fresh:vh035__repeat01	canonical_hybrid_v2_former_fresh_60_regression_only	vh035	1	stability		matched	3	3	4	4	531f328ac5e4ac72f95bc931ba82a8123f0d0fffe4478e4fb55a467b86ac7cc4	531f328ac5e4ac72f95bc931ba82a8123f0d0fffe4478e4fb55a467b86ac7cc4	1	1	1	1	1	0	0	0	0	0	0	0	0	0	0	1
canonical_hybrid_v2_former_fresh:vh035__repeat01	canonical_hybrid_v2_former_fresh_60_regression_only	vh035	1	stability		matched	4	4	5	5	3315b297dd5a04459cc96d39f0ae5690d8182253cf83175bdfaa9408b161e60d	3315b297dd5a04459cc96d39f0ae5690d8182253cf83175bdfaa9408b161e60d	1	1	1	1	1	0	0	0	0	0	0	0	0	0	0	1
canonical_hybrid_v2_former_fresh:vh035__repeat01	canonical_hybrid_v2_former_fresh_60_regression_only	vh035	1	nt		matched	0	0	1	1	427c1eec39c461f519a6d47e8cec10ff20c107ffe08637f4190f96786cdce640	427c1eec39c461f519a6d47e8cec10ff20c107ffe08637f4190f96786cdce640	1	1	1	1	1	0	0	0	0	0	0	0	0	0	0	1
canonical_hybrid_v2_former_fresh:vh035__repeat01	canonical_hybrid_v2_former_fresh_60_regression_only	vh035	1	nt		matched	1	1	2	2	d44b0e234ad41af9d648e480d36205613836b78541a221c49110da8d3c192484	d44b0e234ad41af9d648e480d36205613836b78541a221c49110da8d3c192484	1	1	1	1	1	0	0	0	0	0	0	0	0	0	0	1
canonical_hybrid_v2_former_fresh:vh035__repeat01	canonical_hybrid_v2_former_fresh_60_regression_only	vh035	1	nt		matched	2	2	3	3	a5d6ce19abcde40995c9cbd23151d7b70fd2785c3f9d7f55bed429325659dcf5	a5d6ce19abcde40995c9cbd23151d7b70fd2785c3f9d7f55bed429325659dcf5	1	1	1	1	1	0	0	0	0	0	0	0	0	0	0	1
canonical_hybrid_v2_former_fresh:vh035__repeat01	canonical_hybrid_v2_former_fresh_60_regression_only	vh035	1	nt		matched	3	3	4	4	5e908a6082db84ab4676dae1b236f7aee7db7be1472f2d5386c904737cbe8c91	5e908a6082db84ab4676dae1b236f7aee7db7be1472f2d5386c904737cbe8c91	1	1	1	1	1	0	0	0	0	0	0	0	0	0	0	1
canonical_hybrid_v2_former_fresh:vh035__repeat01	canonical_hybrid_v2_former_fresh_60_regression_only	vh035	1	nt		matched	4	4	5	5	3315b297dd5a04459cc96d39f0ae5690d8182253cf83175bdfaa9408b161e60d	3315b297dd5a04459cc96d39f0ae5690d8182253cf83175bdfaa9408b161e60d	1	1	1	1	1	0	0	0	0	0	0	0	0	0	0	1
canonical_hybrid_v2_former_fresh:vh035__repeat02	canonical_hybrid_v2_former_fresh_60_regression_only	vh035	2	score		matched	0	0	1	1	427c1eec39c461f519a6d47e8cec10ff20c107ffe08637f4190f96786cdce640	427c1eec39c461f519a6d47e8cec10ff20c107ffe08637f4190f96786cdce640	1	1	1	1	1	0	0	0	0	0	0	0	0	0	0	1
canonical_hybrid_v2_former_fresh:vh035__repeat02	canonical_hybrid_v2_former_fresh_60_regression_only	vh035	2	score		matched	1	1	2	2	d44b0e234ad41af9d648e480d36205613836b78541a221c49110da8d3c192484	d44b0e234ad41af9d648e480d36205613836b78541a221c49110da8d3c192484	1	1	1	1	1	0	0	0	0	0	0	0	0	0	0	1
canonical_hybrid_v2_former_fresh:vh035__repeat02	canonical_hybrid_v2_former_fresh_60_regression_only	vh035	2	score		matched	2	2	3	3	a5d6ce19abcde40995c9cbd23151d7b70fd2785c3f9d7f55bed429325659dcf5	a5d6ce19abcde40995c9cbd23151d7b70fd2785c3f9d7f55bed429325659dcf5	1	1	1	1	1	0	0	0	0	0	0	0	0	0	0	1
canonical_hybrid_v2_former_fresh:vh035__repeat02	canonical_hybrid_v2_former_fresh_60_regression_only	vh035	2	score		matched	3	3	4	4	531f328ac5e4ac72f95bc931ba82a8123f0d0fffe4478e4fb55a467b86ac7cc4	531f328ac5e4ac72f95bc931ba82a8123f0d0fffe4478e4fb55a467b86ac7cc4	1	1	1	1	1	0	0	0	0	0	0	0	0	0	0	1
canonical_hybrid_v2_former_fresh:vh035__repeat02	canonical_hybrid_v2_former_fresh_60_regression_only	vh035	2	score		matched	4	4	5	5	47b63010a117cb95da791555381573139c0ee36eafb4f1a2ff38854ff3d1f95e	47b63010a117cb95da791555381573139c0ee36eafb4f1a2ff38854ff3d1f95e	1	1	1	1	1	0	0	0	0	0	0	0	0	0	0	1
canonical_hybrid_v2_former_fresh:vh035__repeat02	canonical_hybrid_v2_former_fresh_60_regression_only	vh035	2	stability		matched	0	0	1	1	5e908a6082db84ab4676dae1b236f7aee7db7be1472f2d5386c904737cbe8c91	5e908a6082db84ab4676dae1b236f7aee7db7be1472f2d5386c904737cbe8c91	1	1	1	1	1	0	0	0	0	0	0	0	0	0	0	1
canonical_hybrid_v2_former_fresh:vh035__repeat02	canonical_hybrid_v2_former_fresh_60_regression_only	vh035	2	stability		matched	1	1	2	2	427c1eec39c461f519a6d47e8cec10ff20c107ffe08637f4190f96786cdce640	427c1eec39c461f519a6d47e8cec10ff20c107ffe08637f4190f96786cdce640	1	1	1	1	1	0	0	0	0	0	0	0	0	0	0	1
canonical_hybrid_v2_former_fresh:vh035__repeat02	canonical_hybrid_v2_former_fresh_60_regression_only	vh035	2	stability		matched	2	2	3	3	c02dcc94b1af8b469e4be052c01f401238f94d4fc99d82a20f3e3e88bd623f0b	c02dcc94b1af8b469e4be052c01f401238f94d4fc99d82a20f3e3e88bd623f0b	1	1	1	1	1	0	0	0	0	0	0	0	0	0	0	1
canonical_hybrid_v2_former_fresh:vh035__repeat02	canonical_hybrid_v2_former_fresh_60_regression_only	vh035	2	stability		matched	3	3	4	4	531f328ac5e4ac72f95bc931ba82a8123f0d0fffe4478e4fb55a467b86ac7cc4	531f328ac5e4ac72f95bc931ba82a8123f0d0fffe4478e4fb55a467b86ac7cc4	1	1	1	1	1	0	0	0	0	0	0	0	0	0	0	1
canonical_hybrid_v2_former_fresh:vh035__repeat02	canonical_hybrid_v2_former_fresh_60_regression_only	vh035	2	stability		matched	4	4	5	5	3315b297dd5a04459cc96d39f0ae5690d8182253cf83175bdfaa9408b161e60d	3315b297dd5a04459cc96d39f0ae5690d8182253cf83175bdfaa9408b161e60d	1	1	1	1	1	0	0	0	0	0	0	0	0	0	0	1
canonical_hybrid_v2_former_fresh:vh035__repeat02	canonical_hybrid_v2_former_fresh_60_regression_only	vh035	2	nt		matched	0	0	1	1	427c1eec39c461f519a6d47e8cec10ff20c107ffe08637f4190f96786cdce640	427c1eec39c461f519a6d47e8cec10ff20c107ffe08637f4190f96786cdce640	1	1	1	1	1	0	0	0	0	0	0	0	0	0	0	1
canonical_hybrid_v2_former_fresh:vh035__repeat02	canonical_hybrid_v2_former_fresh_60_regression_only	vh035	2	nt		matched	1	1	2	2	d44b0e234ad41af9d648e480d36205613836b78541a221c49110da8d3c192484	d44b0e234ad41af9d648e480d36205613836b78541a221c49110da8d3c192484	1	1	1	1	1	0	0	0	0	0	0	0	0	0	0	1
canonical_hybrid_v2_former_fresh:vh035__repeat02	canonical_hybrid_v2_former_fresh_60_regression_only	vh035	2	nt		matched	2	2	3	3	a5d6ce19abcde40995c9cbd23151d7b70fd2785c3f9d7f55bed429325659dcf5	a5d6ce19abcde40995c9cbd23151d7b70fd2785c3f9d7f55bed429325659dcf5	1	1	1	1	1	0	0	0	0	0	0	0	0	0	0	1
canonical_hybrid_v2_former_fresh:vh035__repeat02	canonical_hybrid_v2_former_fresh_60_regression_only	vh035	2	nt		matched	3	3	4	4	5e908a6082db84ab4676dae1b236f7aee7db7be1472f2d5386c904737cbe8c91	5e908a6082db84ab4676dae1b236f7aee7db7be1472f2d5386c904737cbe8c91	1	1	1	1	1	0	0	0	0	0	0	0	0	0	0	1
canonical_hybrid_v2_former_fresh:vh035__repeat02	canonical_hybrid_v2_former_fresh_60_regression_only	vh035	2	nt		matched	4	4	5	5	3315b297dd5a04459cc96d39f0ae5690d8182253cf83175bdfaa9408b161e60d	3315b297dd5a04459cc96d39f0ae5690d8182253cf83175bdfaa9408b161e60d	1	1	1	1	1	0	0	0	0	0	0	0	0	0	0	1
canonical_hybrid_v2_former_fresh:vh036__repeat00	canonical_hybrid_v2_former_fresh_60_regression_only	vh036	0	score		matched	0	0	1	1	f96188a8bf78cc3f9a7d0bc7441a1278a80f0a0d50a457d813cce009d00a134b	f96188a8bf78cc3f9a7d0bc7441a1278a80f0a0d50a457d813cce009d00a134b	1	1	1	1	1	0	0	0	0	0	0	0	0	0	0	1
canonical_hybrid_v2_former_fresh:vh036__repeat00	canonical_hybrid_v2_former_fresh_60_regression_only	vh036	0	score		matched	1	1	2	2	485f00893cc5129d6dc969d1048ae45c1029534dc4c426c7060d9ab97665c097	485f00893cc5129d6dc969d1048ae45c1029534dc4c426c7060d9ab97665c097	1	1	1	1	1	0	0	0	0	0	0	0	0	0	0	1
canonical_hybrid_v2_former_fresh:vh036__repeat00	canonical_hybrid_v2_former_fresh_60_regression_only	vh036	0	score		matched	2	2	3	3	83a557ee61cd7d884d72bbfca0e64d63b82c629dac729b46dd891cf1ca747e2a	83a557ee61cd7d884d72bbfca0e64d63b82c629dac729b46dd891cf1ca747e2a	1	1	1	1	1	0	0	0	0	0	0	0	0	0	0	1
canonical_hybrid_v2_former_fresh:vh036__repeat00	canonical_hybrid_v2_former_fresh_60_regression_only	vh036	0	score		matched	3	3	4	4	073d79c41b3c56fd63290a96ff8553924c0822176f80d239c0038988e5aa5c91	073d79c41b3c56fd63290a96ff8553924c0822176f80d239c0038988e5aa5c91	1	1	1	1	1	0	0	0	0	0	0	0	0	0	0	1
canonical_hybrid_v2_former_fresh:vh036__repeat00	canonical_hybrid_v2_former_fresh_60_regression_only	vh036	0	score		matched	4	4	5	5	48d21498c77165f7cc47f1ea42cf29572c54e402948723c3322a97751d44b1c9	48d21498c77165f7cc47f1ea42cf29572c54e402948723c3322a97751d44b1c9	1	1	1	1	1	0	0	0	0	0	0	0	0	0	0	1
canonical_hybrid_v2_former_fresh:vh036__repeat00	canonical_hybrid_v2_former_fresh_60_regression_only	vh036	0	stability		matched	0	0	1	1	acd396bfe19c9142ea16b80c5bb41691eae12123665a5a4b7480970af03f5caa	acd396bfe19c9142ea16b80c5bb41691eae12123665a5a4b7480970af03f5caa	1	1	1	1	1	0	0	0	0	0	0	0	0	0	0	1
canonical_hybrid_v2_former_fresh:vh036__repeat00	canonical_hybrid_v2_former_fresh_60_regression_only	vh036	0	stability		matched	1	1	2	2	485f00893cc5129d6dc969d1048ae45c1029534dc4c426c7060d9ab97665c097	485f00893cc5129d6dc969d1048ae45c1029534dc4c426c7060d9ab97665c097	1	1	1	1	1	0	0	0	0	0	0	0	0	0	0	1
canonical_hybrid_v2_former_fresh:vh036__repeat00	canonical_hybrid_v2_former_fresh_60_regression_only	vh036	0	stability		matched	2	2	3	3	362ca40bb477e7874d0406a37112a39d5ab289e0808e97b56846469d40581e36	362ca40bb477e7874d0406a37112a39d5ab289e0808e97b56846469d40581e36	1	1	1	1	1	0	0	0	0	0	0	0	0	0	0	1
canonical_hybrid_v2_former_fresh:vh036__repeat00	canonical_hybrid_v2_former_fresh_60_regression_only	vh036	0	stability		matched	3	3	4	4	b49539df776672bc91f50c14991cbd8ff26c5a3d0e6a667d9eb82a4944d4b0cf	b49539df776672bc91f50c14991cbd8ff26c5a3d0e6a667d9eb82a4944d4b0cf	1	1	1	1	1	0	0	0	0	0	0	0	0	0	0	1
canonical_hybrid_v2_former_fresh:vh036__repeat00	canonical_hybrid_v2_former_fresh_60_regression_only	vh036	0	stability		matched	4	4	5	5	f96188a8bf78cc3f9a7d0bc7441a1278a80f0a0d50a457d813cce009d00a134b	f96188a8bf78cc3f9a7d0bc7441a1278a80f0a0d50a457d813cce009d00a134b	1	1	1	1	1	0	0	0	0	0	0	0	0	0	0	1
canonical_hybrid_v2_former_fresh:vh036__repeat00	canonical_hybrid_v2_former_fresh_60_regression_only	vh036	0	nt		matched	0	0	1	1	7e4b0b8a4ed845a25d39cb709556583e2a55e9ca9d802a95e202f1342b7e1cde	7e4b0b8a4ed845a25d39cb709556583e2a55e9ca9d802a95e202f1342b7e1cde	1	1	1	1	1	0	0	0	0	0	0	0	0	0	0	1
canonical_hybrid_v2_former_fresh:vh036__repeat00	canonical_hybrid_v2_former_fresh_60_regression_only	vh036	0	nt		matched	1	1	2	2	f96188a8bf78cc3f9a7d0bc7441a1278a80f0a0d50a457d813cce009d00a134b	f96188a8bf78cc3f9a7d0bc7441a1278a80f0a0d50a457d813cce009d00a134b	1	1	1	1	1	0	0	0	0	0	0	0	0	0	0	1
canonical_hybrid_v2_former_fresh:vh036__repeat00	canonical_hybrid_v2_former_fresh_60_regression_only	vh036	0	nt		matched	2	2	3	3	073d79c41b3c56fd63290a96ff8553924c0822176f80d239c0038988e5aa5c91	073d79c41b3c56fd63290a96ff8553924c0822176f80d239c0038988e5aa5c91	1	1	1	1	1	0	0	0	0	0	0	0	0	0	0	1
canonical_hybrid_v2_former_fresh:vh036__repeat00	canonical_hybrid_v2_former_fresh_60_regression_only	vh036	0	nt		matched	3	3	4	4	78897f98cd36d28f90f7d8c61195d52e6379002e92c4c47a0bccb2aaafd46d0c	78897f98cd36d28f90f7d8c61195d52e6379002e92c4c47a0bccb2aaafd46d0c	1	1	1	1	1	0	0	0	0	0	0	0	0	0	0	1
canonical_hybrid_v2_former_fresh:vh036__repeat00	canonical_hybrid_v2_former_fresh_60_regression_only	vh036	0	nt		matched	4	4	5	5	485f00893cc5129d6dc969d1048ae45c1029534dc4c426c7060d9ab97665c097	485f00893cc5129d6dc969d1048ae45c1029534dc4c426c7060d9ab97665c097	1	1	1	1	1	0	0	0	0	0	0	0	0	0	0	1
canonical_hybrid_v2_former_fresh:vh037__repeat00	canonical_hybrid_v2_former_fresh_60_regression_only	vh037	0	score		matched	0	0	1	1	7a81cb00efde589db48ad5d216fe866e74df3156ad73f266a0aff0731a22bd4b	7a81cb00efde589db48ad5d216fe866e74df3156ad73f266a0aff0731a22bd4b	1	1	1	1	1	0	0	0	0	0	0	0	0	0	0	1
canonical_hybrid_v2_former_fresh:vh037__repeat00	canonical_hybrid_v2_former_fresh_60_regression_only	vh037	0	score		matched	1	1	2	2	6e30df798e581ba2d5f6d0695eb34b042393cbc9ef6215c2bc6a0a84e75a8463	6e30df798e581ba2d5f6d0695eb34b042393cbc9ef6215c2bc6a0a84e75a8463	1	1	1	1	1	0	0	0	0	0	0	0	0	0	0	1
canonical_hybrid_v2_former_fresh:vh037__repeat00	canonical_hybrid_v2_former_fresh_60_regression_only	vh037	0	score		matched	2	2	3	3	78b0698e015cdf5b34d64939d84f1f5aadc45a67c064454301eb2a2728343eb4	78b0698e015cdf5b34d64939d84f1f5aadc45a67c064454301eb2a2728343eb4	1	1	1	1	1	0	0	0	0	0	0	0	0	0	0	1
canonical_hybrid_v2_former_fresh:vh037__repeat00	canonical_hybrid_v2_former_fresh_60_regression_only	vh037	0	score		matched	3	3	4	4	3a99143130662278f5cf76829d095f7a0eb44a532d9e88c09f61fa30ff915455	3a99143130662278f5cf76829d095f7a0eb44a532d9e88c09f61fa30ff915455	1	1	1	1	1	0	0	0	0	0	0	0	0	0	0	1
canonical_hybrid_v2_former_fresh:vh037__repeat00	canonical_hybrid_v2_former_fresh_60_regression_only	vh037	0	score		matched	4	4	5	5	77d75e15d0224964ef2d75a57e6b6715871a8baaccbc8d3fa45cdbf3cc8b53ec	77d75e15d0224964ef2d75a57e6b6715871a8baaccbc8d3fa45cdbf3cc8b53ec	1	1	1	1	1	0	0	0	0	0	0	0	0	0	0	1
canonical_hybrid_v2_former_fresh:vh037__repeat00	canonical_hybrid_v2_former_fresh_60_regression_only	vh037	0	stability		matched	0	0	1	1	2b1d3e238dc0ce9523983a2d819d25fa68c11de4d446ff5adbe07e60ae2191d9	2b1d3e238dc0ce9523983a2d819d25fa68c11de4d446ff5adbe07e60ae2191d9	1	1	1	1	1	0	0	0	0	0	0	0	0	0	0	1
canonical_hybrid_v2_former_fresh:vh037__repeat00	canonical_hybrid_v2_former_fresh_60_regression_only	vh037	0	stability		matched	1	1	2	2	dde4a82546341623ebdff88ae4052c350c2a4a0de24ae25a7ea07b215c013959	dde4a82546341623ebdff88ae4052c350c2a4a0de24ae25a7ea07b215c013959	1	1	1	1	1	0	0	0	0	0	0	0	0	0	0	1
canonical_hybrid_v2_former_fresh:vh037__repeat00	canonical_hybrid_v2_former_fresh_60_regression_only	vh037	0	stability		matched	2	2	3	3	7a81cb00efde589db48ad5d216fe866e74df3156ad73f266a0aff0731a22bd4b	7a81cb00efde589db48ad5d216fe866e74df3156ad73f266a0aff0731a22bd4b	1	1	1	1	1	0	0	0	0	0	0	0	0	0	0	1
canonical_hybrid_v2_former_fresh:vh037__repeat00	canonical_hybrid_v2_former_fresh_60_regression_only	vh037	0	stability		matched	3	3	4	4	92f61b5639b8fdfa8c70e48abeb660ad61f948be3665b335feb427a4429491dc	92f61b5639b8fdfa8c70e48abeb660ad61f948be3665b335feb427a4429491dc	1	1	1	1	1	0	0	0	0	0	0	0	0	0	0	1
canonical_hybrid_v2_former_fresh:vh037__repeat00	canonical_hybrid_v2_former_fresh_60_regression_only	vh037	0	stability		matched	4	4	5	5	c33b9a318839ee6ada67607d9ba360de3b811d52fad119f8c69c5ad9f75cf374	c33b9a318839ee6ada67607d9ba360de3b811d52fad119f8c69c5ad9f75cf374	1	1	1	1	1	0	0	0	0	0	0	0	0	0	0	1
canonical_hybrid_v2_former_fresh:vh037__repeat00	canonical_hybrid_v2_former_fresh_60_regression_only	vh037	0	nt		matched	0	0	1	1	6e30df798e581ba2d5f6d0695eb34b042393cbc9ef6215c2bc6a0a84e75a8463	6e30df798e581ba2d5f6d0695eb34b042393cbc9ef6215c2bc6a0a84e75a8463	1	1	1	1	1	0	0	0	0	0	0	0	0	0	0	1
canonical_hybrid_v2_former_fresh:vh037__repeat00	canonical_hybrid_v2_former_fresh_60_regression_only	vh037	0	nt		matched	1	1	2	2	78b0698e015cdf5b34d64939d84f1f5aadc45a67c064454301eb2a2728343eb4	78b0698e015cdf5b34d64939d84f1f5aadc45a67c064454301eb2a2728343eb4	1	1	1	1	1	0	0	0	0	0	0	0	0	0	0	1
canonical_hybrid_v2_former_fresh:vh037__repeat00	canonical_hybrid_v2_former_fresh_60_regression_only	vh037	0	nt		matched	2	2	3	3	df1177fa2f516cfa1bd9b741d096064a9c7ae06cdb7187951d99fed943cff3be	df1177fa2f516cfa1bd9b741d096064a9c7ae06cdb7187951d99fed943cff3be	1	1	1	1	1	0	0	0	0	0	0	0	0	0	0	1
canonical_hybrid_v2_former_fresh:vh037__repeat00	canonical_hybrid_v2_former_fresh_60_regression_only	vh037	0	nt		matched	3	3	4	4	77d75e15d0224964ef2d75a57e6b6715871a8baaccbc8d3fa45cdbf3cc8b53ec	77d75e15d0224964ef2d75a57e6b6715871a8baaccbc8d3fa45cdbf3cc8b53ec	1	1	1	1	1	0	0	0	0	0	0	0	0	0	0	1
canonical_hybrid_v2_former_fresh:vh037__repeat00	canonical_hybrid_v2_former_fresh_60_regression_only	vh037	0	nt		matched	4	4	5	5	403c89d7afede76bd37a9632b7590db8f2d67bfa6fe4db31f6bdd9c9e2f9c844	403c89d7afede76bd37a9632b7590db8f2d67bfa6fe4db31f6bdd9c9e2f9c844	1	1	1	1	1	0	0	0	0	0	0	0	0	0	0	1
canonical_hybrid_v2_former_fresh:vh038__repeat00	canonical_hybrid_v2_former_fresh_60_regression_only	vh038	0	score		matched	0	0	1	1	36e54e3407c41d6727a7abe19c55c2ea1ab7a1f2722fab93d3a4a378e671c90b	36e54e3407c41d6727a7abe19c55c2ea1ab7a1f2722fab93d3a4a378e671c90b	1	1	1	1	1	0	0	0	0	0	0	0	0	0	0	1
canonical_hybrid_v2_former_fresh:vh038__repeat00	canonical_hybrid_v2_former_fresh_60_regression_only	vh038	0	score		matched	1	1	2	2	c04477246ce4ace224a4f936faee87b8125d714bf2b92ad1687a1915ce17320e	c04477246ce4ace224a4f936faee87b8125d714bf2b92ad1687a1915ce17320e	1	1	1	1	1	0	0	0	0	0	0	0	0	0	0	1
canonical_hybrid_v2_former_fresh:vh038__repeat00	canonical_hybrid_v2_former_fresh_60_regression_only	vh038	0	score		matched	2	2	3	3	a09b47eff261afaab333254af3a1488fbb70a3b361f88b1d56c4543485ac8954	a09b47eff261afaab333254af3a1488fbb70a3b361f88b1d56c4543485ac8954	1	1	1	1	1	0	0	0	0	0	0	0	0	0	0	1
canonical_hybrid_v2_former_fresh:vh038__repeat00	canonical_hybrid_v2_former_fresh_60_regression_only	vh038	0	score		matched	3	3	4	4	3c5e148a5f26eeae54e41bdd5972cf60c120f842067862caafa1d5f668e3f16c	3c5e148a5f26eeae54e41bdd5972cf60c120f842067862caafa1d5f668e3f16c	1	1	1	1	1	0	0	0	0	0	0	0	0	0	0	1
canonical_hybrid_v2_former_fresh:vh038__repeat00	canonical_hybrid_v2_former_fresh_60_regression_only	vh038	0	score		matched	4	4	5	5	857a3bb0f771eb9c9d741a464b21e8d7cf573bf3328e58919cfcf1065b96a643	857a3bb0f771eb9c9d741a464b21e8d7cf573bf3328e58919cfcf1065b96a643	1	1	1	1	1	0	0	0	0	0	0	0	0	0	0	1
canonical_hybrid_v2_former_fresh:vh038__repeat00	canonical_hybrid_v2_former_fresh_60_regression_only	vh038	0	stability		matched	0	0	1	1	f2d134f11196709a5e475e1b5b1f866858b4cff48f8d1e8d56f5b40960655507	f2d134f11196709a5e475e1b5b1f866858b4cff48f8d1e8d56f5b40960655507	1	1	1	1	1	0	0	0	0	0	0	0	0	0	0	1
canonical_hybrid_v2_former_fresh:vh038__repeat00	canonical_hybrid_v2_former_fresh_60_regression_only	vh038	0	stability		matched	1	1	2	2	53d2923c97d61ab4982b809782f2470b2bc4997dfa68d8d3a146d55857731823	53d2923c97d61ab4982b809782f2470b2bc4997dfa68d8d3a146d55857731823	1	1	1	1	1	0	0	0	0	0	0	0	0	0	0	1
canonical_hybrid_v2_former_fresh:vh038__repeat00	canonical_hybrid_v2_former_fresh_60_regression_only	vh038	0	stability		matched	2	2	3	3	a09b47eff261afaab333254af3a1488fbb70a3b361f88b1d56c4543485ac8954	a09b47eff261afaab333254af3a1488fbb70a3b361f88b1d56c4543485ac8954	1	1	1	1	1	0	0	0	0	0	0	0	0	0	0	1
canonical_hybrid_v2_former_fresh:vh038__repeat00	canonical_hybrid_v2_former_fresh_60_regression_only	vh038	0	stability		matched	3	3	4	4	c04477246ce4ace224a4f936faee87b8125d714bf2b92ad1687a1915ce17320e	c04477246ce4ace224a4f936faee87b8125d714bf2b92ad1687a1915ce17320e	1	1	1	1	1	0	0	0	0	0	0	0	0	0	0	1
canonical_hybrid_v2_former_fresh:vh038__repeat00	canonical_hybrid_v2_former_fresh_60_regression_only	vh038	0	stability		matched	4	4	5	5	857a3bb0f771eb9c9d741a464b21e8d7cf573bf3328e58919cfcf1065b96a643	857a3bb0f771eb9c9d741a464b21e8d7cf573bf3328e58919cfcf1065b96a643	1	1	1	1	1	0	0	0	0	0	0	0	0	0	0	1
canonical_hybrid_v2_former_fresh:vh038__repeat00	canonical_hybrid_v2_former_fresh_60_regression_only	vh038	0	nt		matched	0	0	1	1	36e54e3407c41d6727a7abe19c55c2ea1ab7a1f2722fab93d3a4a378e671c90b	36e54e3407c41d6727a7abe19c55c2ea1ab7a1f2722fab93d3a4a378e671c90b	1	1	1	1	1	0	0	0	0	0	0	0	0	0	0	1
canonical_hybrid_v2_former_fresh:vh038__repeat00	canonical_hybrid_v2_former_fresh_60_regression_only	vh038	0	nt		matched	1	1	2	2	857a3bb0f771eb9c9d741a464b21e8d7cf573bf3328e58919cfcf1065b96a643	857a3bb0f771eb9c9d741a464b21e8d7cf573bf3328e58919cfcf1065b96a643	1	1	1	1	1	0	0	0	0	0	0	0	0	0	0	1
canonical_hybrid_v2_former_fresh:vh038__repeat00	canonical_hybrid_v2_former_fresh_60_regression_only	vh038	0	nt		matched	2	2	3	3	3c5e148a5f26eeae54e41bdd5972cf60c120f842067862caafa1d5f668e3f16c	3c5e148a5f26eeae54e41bdd5972cf60c120f842067862caafa1d5f668e3f16c	1	1	1	1	1	0	0	0	0	0	0	0	0	0	0	1
canonical_hybrid_v2_former_fresh:vh038__repeat00	canonical_hybrid_v2_former_fresh_60_regression_only	vh038	0	nt		matched	3	3	4	4	53d2923c97d61ab4982b809782f2470b2bc4997dfa68d8d3a146d55857731823	53d2923c97d61ab4982b809782f2470b2bc4997dfa68d8d3a146d55857731823	1	1	1	1	1	0	0	0	0	0	0	0	0	0	0	1
canonical_hybrid_v2_former_fresh:vh038__repeat00	canonical_hybrid_v2_former_fresh_60_regression_only	vh038	0	nt		matched	4	4	5	5	a09b47eff261afaab333254af3a1488fbb70a3b361f88b1d56c4543485ac8954	a09b47eff261afaab333254af3a1488fbb70a3b361f88b1d56c4543485ac8954	1	1	1	1	1	0	0	0	0	0	0	0	0	0	0	1
canonical_hybrid_v2_former_fresh:vh039__repeat00	canonical_hybrid_v2_former_fresh_60_regression_only	vh039	0	score		matched	0	0	1	1	aaafca5427a36a3b5a70899725041b836734f20c561c7cd30621d3c9883aa890	aaafca5427a36a3b5a70899725041b836734f20c561c7cd30621d3c9883aa890	1	1	1	1	1	0	0	0	0	0	0	0	0	0	0	1
canonical_hybrid_v2_former_fresh:vh039__repeat00	canonical_hybrid_v2_former_fresh_60_regression_only	vh039	0	score		matched	1	1	2	2	44e8bdb7cb278696b4bebd977ec0371efdc3bf78d9870f01a6aa652883d32fd9	44e8bdb7cb278696b4bebd977ec0371efdc3bf78d9870f01a6aa652883d32fd9	1	1	1	1	1	0	0	0	0	0	0	0	0	0	0	1
canonical_hybrid_v2_former_fresh:vh039__repeat00	canonical_hybrid_v2_former_fresh_60_regression_only	vh039	0	score		matched	2	2	3	3	57f5895253798482be90804ef368e97a80be9f35ebf884c9e2ac6340f1f55411	57f5895253798482be90804ef368e97a80be9f35ebf884c9e2ac6340f1f55411	1	1	1	1	1	0	0	0	0	0	0	0	0	0	0	1
canonical_hybrid_v2_former_fresh:vh039__repeat00	canonical_hybrid_v2_former_fresh_60_regression_only	vh039	0	score		matched	3	3	4	4	9daf47f847a1641a331ec81057fe904120493eb37038a6563c5570589a6b191c	9daf47f847a1641a331ec81057fe904120493eb37038a6563c5570589a6b191c	1	1	1	1	1	0	0	0	0	0	0	0	0	0	0	1
canonical_hybrid_v2_former_fresh:vh039__repeat00	canonical_hybrid_v2_former_fresh_60_regression_only	vh039	0	score		matched	4	4	5	5	a4f4e60c31d739adfe7541c109391343c2844c532a855b49dd103c33390f8d69	a4f4e60c31d739adfe7541c109391343c2844c532a855b49dd103c33390f8d69	1	1	1	1	1	0	0	0	0	0	0	0	0	0	0	1
canonical_hybrid_v2_former_fresh:vh039__repeat00	canonical_hybrid_v2_former_fresh_60_regression_only	vh039	0	stability		matched	0	0	1	1	aaafca5427a36a3b5a70899725041b836734f20c561c7cd30621d3c9883aa890	aaafca5427a36a3b5a70899725041b836734f20c561c7cd30621d3c9883aa890	1	1	1	1	1	0	0	0	0	0	0	0	0	0	0	1
canonical_hybrid_v2_former_fresh:vh039__repeat00	canonical_hybrid_v2_former_fresh_60_regression_only	vh039	0	stability		matched	1	1	2	2	3db63adbb699bb3df61d0c6b9fca6d9ba0dd5aab96e80f93b78fe6a7d8e50372	3db63adbb699bb3df61d0c6b9fca6d9ba0dd5aab96e80f93b78fe6a7d8e50372	1	1	1	1	1	0	0	0	0	0	0	0	0	0	0	1
canonical_hybrid_v2_former_fresh:vh039__repeat00	canonical_hybrid_v2_former_fresh_60_regression_only	vh039	0	stability		matched	2	2	3	3	7592d6f8681c34fb012fcae9984c9f560fa604f729b4dea6b9f9c5b5ce79a630	7592d6f8681c34fb012fcae9984c9f560fa604f729b4dea6b9f9c5b5ce79a630	1	1	1	1	1	0	0	0	0	0	0	0	0	0	0	1
canonical_hybrid_v2_former_fresh:vh039__repeat00	canonical_hybrid_v2_former_fresh_60_regression_only	vh039	0	stability		matched	3	3	4	4	0a5db5e1d6d9e069416a9012a921484c096cca28510938eb4fb4b71e3076ab8e	0a5db5e1d6d9e069416a9012a921484c096cca28510938eb4fb4b71e3076ab8e	1	1	1	1	1	0	0	0	0	0	0	0	0	0	0	1
canonical_hybrid_v2_former_fresh:vh039__repeat00	canonical_hybrid_v2_former_fresh_60_regression_only	vh039	0	stability		matched	4	4	5	5	486bf89cedce785b85f1000d47514287fa5065c9bb72e4abd6874734702327d1	486bf89cedce785b85f1000d47514287fa5065c9bb72e4abd6874734702327d1	1	1	1	1	1	0	0	0	0	0	0	0	0	0	0	1
canonical_hybrid_v2_former_fresh:vh039__repeat00	canonical_hybrid_v2_former_fresh_60_regression_only	vh039	0	nt		matched	0	0	1	1	57f5895253798482be90804ef368e97a80be9f35ebf884c9e2ac6340f1f55411	57f5895253798482be90804ef368e97a80be9f35ebf884c9e2ac6340f1f55411	1	1	1	1	1	0	0	0	0	0	0	0	0	0	0	1
canonical_hybrid_v2_former_fresh:vh039__repeat00	canonical_hybrid_v2_former_fresh_60_regression_only	vh039	0	nt		matched	1	1	2	2	44e8bdb7cb278696b4bebd977ec0371efdc3bf78d9870f01a6aa652883d32fd9	44e8bdb7cb278696b4bebd977ec0371efdc3bf78d9870f01a6aa652883d32fd9	1	1	1	1	1	0	0	0	0	0	0	0	0	0	0	1
canonical_hybrid_v2_former_fresh:vh039__repeat00	canonical_hybrid_v2_former_fresh_60_regression_only	vh039	0	nt		matched	2	2	3	3	9daf47f847a1641a331ec81057fe904120493eb37038a6563c5570589a6b191c	9daf47f847a1641a331ec81057fe904120493eb37038a6563c5570589a6b191c	1	1	1	1	1	0	0	0	0	0	0	0	0	0	0	1
canonical_hybrid_v2_former_fresh:vh039__repeat00	canonical_hybrid_v2_former_fresh_60_regression_only	vh039	0	nt		matched	3	3	4	4	7592d6f8681c34fb012fcae9984c9f560fa604f729b4dea6b9f9c5b5ce79a630	7592d6f8681c34fb012fcae9984c9f560fa604f729b4dea6b9f9c5b5ce79a630	1	1	1	1	1	0	0	0	0	0	0	0	0	0	0	1
canonical_hybrid_v2_former_fresh:vh039__repeat00	canonical_hybrid_v2_former_fresh_60_regression_only	vh039	0	nt		matched	4	4	5	5	aaafca5427a36a3b5a70899725041b836734f20c561c7cd30621d3c9883aa890	aaafca5427a36a3b5a70899725041b836734f20c561c7cd30621d3c9883aa890	1	1	1	1	1	0	0	0	0	0	0	0	0	0	0	1
canonical_hybrid_v2_former_fresh:vh040__repeat00	canonical_hybrid_v2_former_fresh_60_regression_only	vh040	0	score		matched	0	0	1	1	1468cfcdb8f3db762ea969bf0eaeeecadd5d621d79dd2d71190139f6ff0dc62e	1468cfcdb8f3db762ea969bf0eaeeecadd5d621d79dd2d71190139f6ff0dc62e	1	1	1	1	1	0	0	0	0	0	0	0	0	0	0	1
canonical_hybrid_v2_former_fresh:vh040__repeat00	canonical_hybrid_v2_former_fresh_60_regression_only	vh040	0	score		matched	1	1	2	2	adb1cb704bc7cce89db681f6bc9851892e47b08293d55965d650f5e1fc3b68ac	adb1cb704bc7cce89db681f6bc9851892e47b08293d55965d650f5e1fc3b68ac	1	1	1	1	1	0	0	0	0	0	0	0	0	0	0	1
canonical_hybrid_v2_former_fresh:vh040__repeat00	canonical_hybrid_v2_former_fresh_60_regression_only	vh040	0	score		matched	2	2	3	3	d7e44e4766d6693da2452056dd12153c82c0449af2229cf929ea6a741cd3bd03	d7e44e4766d6693da2452056dd12153c82c0449af2229cf929ea6a741cd3bd03	1	1	1	1	1	0	0	0	0	0	0	0	0	0	0	1
canonical_hybrid_v2_former_fresh:vh040__repeat00	canonical_hybrid_v2_former_fresh_60_regression_only	vh040	0	score		matched	3	3	4	4	976bf7e637fef3dafef9141e038de632a6163d1b78101edbe4f73c7079805251	976bf7e637fef3dafef9141e038de632a6163d1b78101edbe4f73c7079805251	1	1	1	1	1	0	0	0	0	0	0	0	0	0	0	1
canonical_hybrid_v2_former_fresh:vh040__repeat00	canonical_hybrid_v2_former_fresh_60_regression_only	vh040	0	score		matched	4	4	5	5	15faee76be8c6273390e788339c7da187dc4d34df65704ae80832f0d127478c2	15faee76be8c6273390e788339c7da187dc4d34df65704ae80832f0d127478c2	1	1	1	1	1	0	0	0	0	0	0	0	0	0	0	1
canonical_hybrid_v2_former_fresh:vh040__repeat00	canonical_hybrid_v2_former_fresh_60_regression_only	vh040	0	stability		matched	0	0	1	1	939c0547117d0f91c608b4acbeeb3cd3f7c87c25de03124440a40d6ea18aefe7	939c0547117d0f91c608b4acbeeb3cd3f7c87c25de03124440a40d6ea18aefe7	1	1	1	1	1	0	0	0	0	0	0	0	0	0	0	1
canonical_hybrid_v2_former_fresh:vh040__repeat00	canonical_hybrid_v2_former_fresh_60_regression_only	vh040	0	stability		matched	1	1	2	2	15faee76be8c6273390e788339c7da187dc4d34df65704ae80832f0d127478c2	15faee76be8c6273390e788339c7da187dc4d34df65704ae80832f0d127478c2	1	1	1	1	1	0	0	0	0	0	0	0	0	0	0	1
canonical_hybrid_v2_former_fresh:vh040__repeat00	canonical_hybrid_v2_former_fresh_60_regression_only	vh040	0	stability		matched	2	2	3	3	cfabbf3154ee4b57473b7ce393c65e6046cb2353c007597878a2cdeaba09b47d	cfabbf3154ee4b57473b7ce393c65e6046cb2353c007597878a2cdeaba09b47d	1	1	1	1	1	0	0	0	0	0	0	0	0	0	0	1
canonical_hybrid_v2_former_fresh:vh040__repeat00	canonical_hybrid_v2_former_fresh_60_regression_only	vh040	0	stability		matched	3	3	4	4	ba4a3afd3c09b006b1e33018988b7bdce84cf5f2c0efb9f0abb660b79449c800	ba4a3afd3c09b006b1e33018988b7bdce84cf5f2c0efb9f0abb660b79449c800	1	1	1	1	1	0	0	0	0	0	0	0	0	0	0	1
canonical_hybrid_v2_former_fresh:vh040__repeat00	canonical_hybrid_v2_former_fresh_60_regression_only	vh040	0	stability		matched	4	4	5	5	98b57b358419dbaece3d67f3fe7920a75592f0d9fd4851e3046aab831554513d	98b57b358419dbaece3d67f3fe7920a75592f0d9fd4851e3046aab831554513d	1	1	1	1	1	0	0	0	0	0	0	0	0	0	0	1
canonical_hybrid_v2_former_fresh:vh040__repeat00	canonical_hybrid_v2_former_fresh_60_regression_only	vh040	0	nt		matched	0	0	1	1	1468cfcdb8f3db762ea969bf0eaeeecadd5d621d79dd2d71190139f6ff0dc62e	1468cfcdb8f3db762ea969bf0eaeeecadd5d621d79dd2d71190139f6ff0dc62e	1	1	1	1	1	0	0	0	0	0	0	0	0	0	0	1
canonical_hybrid_v2_former_fresh:vh040__repeat00	canonical_hybrid_v2_former_fresh_60_regression_only	vh040	0	nt		matched	1	1	2	2	b6f3bf9f2ad3f098a3eee1e5092d51e84168475672104d6c64e6fdf691adb0fb	b6f3bf9f2ad3f098a3eee1e5092d51e84168475672104d6c64e6fdf691adb0fb	1	1	1	1	1	0	0	0	0	0	0	0	0	0	0	1
canonical_hybrid_v2_former_fresh:vh040__repeat00	canonical_hybrid_v2_former_fresh_60_regression_only	vh040	0	nt		matched	2	2	3	3	d7e44e4766d6693da2452056dd12153c82c0449af2229cf929ea6a741cd3bd03	d7e44e4766d6693da2452056dd12153c82c0449af2229cf929ea6a741cd3bd03	1	1	1	1	1	0	0	0	0	0	0	0	0	0	0	1
canonical_hybrid_v2_former_fresh:vh040__repeat00	canonical_hybrid_v2_former_fresh_60_regression_only	vh040	0	nt		matched	3	3	4	4	a5a104cf180581b03b85f60ff653f960ea5abeca13e9bc962b8fc39758796be2	a5a104cf180581b03b85f60ff653f960ea5abeca13e9bc962b8fc39758796be2	1	1	1	1	1	0	0	0	0	0	0	0	0	0	0	1
canonical_hybrid_v2_former_fresh:vh040__repeat00	canonical_hybrid_v2_former_fresh_60_regression_only	vh040	0	nt		matched	4	4	5	5	b0fc8579e0026145074ad5c2578de6212a89c933d5dde14c3ebeeb41b8a39b4d	b0fc8579e0026145074ad5c2578de6212a89c933d5dde14c3ebeeb41b8a39b4d	1	1	1	1	1	0	0	0	0	0	0	0	0	0	0	1
canonical_hybrid_v2_former_fresh:vh041__repeat00	canonical_hybrid_v2_former_fresh_60_regression_only	vh041	0	score		matched	0	0	1	1	09ab6e41780d2692498f4e64b7c49c35456c773e8a22044582fb6b4f726af545	09ab6e41780d2692498f4e64b7c49c35456c773e8a22044582fb6b4f726af545	1	1	1	1	1	0	0	0	0	0	0	0	0	0	0	1
canonical_hybrid_v2_former_fresh:vh041__repeat00	canonical_hybrid_v2_former_fresh_60_regression_only	vh041	0	score		matched	1	1	2	2	5cca40a5b4da8841c95768f76d30cc7709a61f841bdfc313ab6a048f9f7cee18	5cca40a5b4da8841c95768f76d30cc7709a61f841bdfc313ab6a048f9f7cee18	1	1	1	1	1	0	0	0	0	0	0	0	0	0	0	1
canonical_hybrid_v2_former_fresh:vh041__repeat00	canonical_hybrid_v2_former_fresh_60_regression_only	vh041	0	score		matched	2	2	3	3	526dfbae8102cf76d1f7bf87b0b8ee7a88862c41dcf81af9415dceb9183126c7	526dfbae8102cf76d1f7bf87b0b8ee7a88862c41dcf81af9415dceb9183126c7	1	1	1	1	1	0	0	0	0	0	0	0	0	0	0	1
canonical_hybrid_v2_former_fresh:vh041__repeat00	canonical_hybrid_v2_former_fresh_60_regression_only	vh041	0	score		matched	3	3	4	4	6190d3283892f9e5fbef8d6938457bcec08682471bf6431bfe62fdf8bfe4a03b	6190d3283892f9e5fbef8d6938457bcec08682471bf6431bfe62fdf8bfe4a03b	1	1	1	1	1	0	0	0	0	0	0	0	0	0	0	1
canonical_hybrid_v2_former_fresh:vh041__repeat00	canonical_hybrid_v2_former_fresh_60_regression_only	vh041	0	score		matched	4	4	5	5	f0a0eb74e4441092f4dec50ec3a30e0918dc4ca0860be075f030a3345b9c2fbd	f0a0eb74e4441092f4dec50ec3a30e0918dc4ca0860be075f030a3345b9c2fbd	1	1	1	1	1	0	0	0	0	0	0	0	0	0	0	1
canonical_hybrid_v2_former_fresh:vh041__repeat00	canonical_hybrid_v2_former_fresh_60_regression_only	vh041	0	stability		matched	0	0	1	1	5cca40a5b4da8841c95768f76d30cc7709a61f841bdfc313ab6a048f9f7cee18	5cca40a5b4da8841c95768f76d30cc7709a61f841bdfc313ab6a048f9f7cee18	1	1	1	1	1	0	0	0	0	0	0	0	0	0	0	1
canonical_hybrid_v2_former_fresh:vh041__repeat00	canonical_hybrid_v2_former_fresh_60_regression_only	vh041	0	stability		matched	1	1	2	2	f0a0eb74e4441092f4dec50ec3a30e0918dc4ca0860be075f030a3345b9c2fbd	f0a0eb74e4441092f4dec50ec3a30e0918dc4ca0860be075f030a3345b9c2fbd	1	1	1	1	1	0	0	0	0	0	0	0	0	0	0	1
canonical_hybrid_v2_former_fresh:vh041__repeat00	canonical_hybrid_v2_former_fresh_60_regression_only	vh041	0	stability		matched	2	2	3	3	6190d3283892f9e5fbef8d6938457bcec08682471bf6431bfe62fdf8bfe4a03b	6190d3283892f9e5fbef8d6938457bcec08682471bf6431bfe62fdf8bfe4a03b	1	1	1	1	1	0	0	0	0	0	0	0	0	0	0	1
canonical_hybrid_v2_former_fresh:vh041__repeat00	canonical_hybrid_v2_former_fresh_60_regression_only	vh041	0	stability		matched	3	3	4	4	8428d0de91201c186867ed82fb7e145c9e5a19a9bb2e62a8aac5734d8279126f	8428d0de91201c186867ed82fb7e145c9e5a19a9bb2e62a8aac5734d8279126f	1	1	1	1	1	0	0	0	0	0	0	0	0	0	0	1
canonical_hybrid_v2_former_fresh:vh041__repeat00	canonical_hybrid_v2_former_fresh_60_regression_only	vh041	0	stability		matched	4	4	5	5	61a96300a8495555bd0c27a6f97f701c798430ae0c3a5f52b7c1d64eed97593b	61a96300a8495555bd0c27a6f97f701c798430ae0c3a5f52b7c1d64eed97593b	1	1	1	1	1	0	0	0	0	0	0	0	0	0	0	1
canonical_hybrid_v2_former_fresh:vh041__repeat00	canonical_hybrid_v2_former_fresh_60_regression_only	vh041	0	nt		matched	0	0	1	1	526dfbae8102cf76d1f7bf87b0b8ee7a88862c41dcf81af9415dceb9183126c7	526dfbae8102cf76d1f7bf87b0b8ee7a88862c41dcf81af9415dceb9183126c7	1	1	1	1	1	0	0	0	0	0	0	0	0	0	0	1
canonical_hybrid_v2_former_fresh:vh041__repeat00	canonical_hybrid_v2_former_fresh_60_regression_only	vh041	0	nt		matched	1	1	2	2	19fa1e8ae872b758aa83881593433443b90bea3ad4cf96d4c547fe6a71b3b5b7	19fa1e8ae872b758aa83881593433443b90bea3ad4cf96d4c547fe6a71b3b5b7	1	1	1	1	1	0	0	0	0	0	0	0	0	0	0	1
canonical_hybrid_v2_former_fresh:vh041__repeat00	canonical_hybrid_v2_former_fresh_60_regression_only	vh041	0	nt		matched	2	2	3	3	6190d3283892f9e5fbef8d6938457bcec08682471bf6431bfe62fdf8bfe4a03b	6190d3283892f9e5fbef8d6938457bcec08682471bf6431bfe62fdf8bfe4a03b	1	1	1	1	1	0	0	0	0	0	0	0	0	0	0	1
canonical_hybrid_v2_former_fresh:vh041__repeat00	canonical_hybrid_v2_former_fresh_60_regression_only	vh041	0	nt		matched	3	3	4	4	8428d0de91201c186867ed82fb7e145c9e5a19a9bb2e62a8aac5734d8279126f	8428d0de91201c186867ed82fb7e145c9e5a19a9bb2e62a8aac5734d8279126f	1	1	1	1	1	0	0	0	0	0	0	0	0	0	0	1
canonical_hybrid_v2_former_fresh:vh041__repeat00	canonical_hybrid_v2_former_fresh_60_regression_only	vh041	0	nt		matched	4	4	5	5	5cca40a5b4da8841c95768f76d30cc7709a61f841bdfc313ab6a048f9f7cee18	5cca40a5b4da8841c95768f76d30cc7709a61f841bdfc313ab6a048f9f7cee18	1	1	1	1	1	0	0	0	0	0	0	0	0	0	0	1
canonical_hybrid_v2_former_fresh:vh042__repeat00	canonical_hybrid_v2_former_fresh_60_regression_only	vh042	0	score		matched	0	0	1	1	22190c67f430c5a630d28800f76302448528e5c421d555fe98e96a62bb25f83b	22190c67f430c5a630d28800f76302448528e5c421d555fe98e96a62bb25f83b	1	1	1	1	1	0	0	0	0	0	0	0	0	0	0	1
canonical_hybrid_v2_former_fresh:vh042__repeat00	canonical_hybrid_v2_former_fresh_60_regression_only	vh042	0	score		matched	1	1	2	2	ea6e240b3dd664f824b73ce1214bd2bba65e8efd25edd85f4481e50f96453164	ea6e240b3dd664f824b73ce1214bd2bba65e8efd25edd85f4481e50f96453164	1	1	1	1	1	0	0	0	0	0	0	0	0	0	0	1
canonical_hybrid_v2_former_fresh:vh042__repeat00	canonical_hybrid_v2_former_fresh_60_regression_only	vh042	0	score		matched	2	2	3	3	76fc1d3d10d7026780800cac54aefc195c012f3ddcebfe1d3e844f22965ef029	76fc1d3d10d7026780800cac54aefc195c012f3ddcebfe1d3e844f22965ef029	1	1	1	1	1	0	0	0	0	0	0	0	0	0	0	1
canonical_hybrid_v2_former_fresh:vh042__repeat00	canonical_hybrid_v2_former_fresh_60_regression_only	vh042	0	score		matched	3	3	4	4	c27322071a6b02e709b9cc277a1d5898583312bedc45c56098c2f673a1e2b25c	c27322071a6b02e709b9cc277a1d5898583312bedc45c56098c2f673a1e2b25c	1	1	1	1	1	0	0	0	0	0	0	0	0	0	0	1
canonical_hybrid_v2_former_fresh:vh042__repeat00	canonical_hybrid_v2_former_fresh_60_regression_only	vh042	0	score		matched	4	4	5	5	9584b1de948213205133c1280731c147f8204ab899db0879d1f44b7aab5f8a79	9584b1de948213205133c1280731c147f8204ab899db0879d1f44b7aab5f8a79	1	1	1	1	1	0	0	0	0	0	0	0	0	0	0	1
canonical_hybrid_v2_former_fresh:vh042__repeat00	canonical_hybrid_v2_former_fresh_60_regression_only	vh042	0	stability		matched	0	0	1	1	a7679436cd94f8c135020312577ec150e1f5c9a6949f1c4fbda51f51eb9ea4b7	a7679436cd94f8c135020312577ec150e1f5c9a6949f1c4fbda51f51eb9ea4b7	1	1	1	1	1	0	0	0	0	0	0	0	0	0	0	1
canonical_hybrid_v2_former_fresh:vh042__repeat00	canonical_hybrid_v2_former_fresh_60_regression_only	vh042	0	stability		matched	1	1	2	2	460a8e5fa791b5fdd0a115b76bce9bc155f079eded6a441106533ead5d1be82d	460a8e5fa791b5fdd0a115b76bce9bc155f079eded6a441106533ead5d1be82d	1	1	1	1	1	0	0	0	0	0	0	0	0	0	0	1
canonical_hybrid_v2_former_fresh:vh042__repeat00	canonical_hybrid_v2_former_fresh_60_regression_only	vh042	0	stability		matched	2	2	3	3	9584b1de948213205133c1280731c147f8204ab899db0879d1f44b7aab5f8a79	9584b1de948213205133c1280731c147f8204ab899db0879d1f44b7aab5f8a79	1	1	1	1	1	0	0	0	0	0	0	0	0	0	0	1
canonical_hybrid_v2_former_fresh:vh042__repeat00	canonical_hybrid_v2_former_fresh_60_regression_only	vh042	0	stability		matched	3	3	4	4	140aab644853c9d829e847270c04e4b650db5f2073d120f2f350e65ba7e37072	140aab644853c9d829e847270c04e4b650db5f2073d120f2f350e65ba7e37072	1	1	1	1	1	0	0	0	0	0	0	0	0	0	0	1
canonical_hybrid_v2_former_fresh:vh042__repeat00	canonical_hybrid_v2_former_fresh_60_regression_only	vh042	0	stability		matched	4	4	5	5	950019fa34f5736df1b871c11fb8ebb88225988638cb104f031931278928a0a3	950019fa34f5736df1b871c11fb8ebb88225988638cb104f031931278928a0a3	1	1	1	1	1	0	0	0	0	0	0	0	0	0	0	1
canonical_hybrid_v2_former_fresh:vh042__repeat00	canonical_hybrid_v2_former_fresh_60_regression_only	vh042	0	nt		matched	0	0	1	1	140aab644853c9d829e847270c04e4b650db5f2073d120f2f350e65ba7e37072	140aab644853c9d829e847270c04e4b650db5f2073d120f2f350e65ba7e37072	1	1	1	1	1	0	0	0	0	0	0	0	0	0	0	1
canonical_hybrid_v2_former_fresh:vh042__repeat00	canonical_hybrid_v2_former_fresh_60_regression_only	vh042	0	nt		matched	1	1	2	2	950019fa34f5736df1b871c11fb8ebb88225988638cb104f031931278928a0a3	950019fa34f5736df1b871c11fb8ebb88225988638cb104f031931278928a0a3	1	1	1	1	1	0	0	0	0	0	0	0	0	0	0	1
canonical_hybrid_v2_former_fresh:vh042__repeat00	canonical_hybrid_v2_former_fresh_60_regression_only	vh042	0	nt		matched	2	2	3	3	460a8e5fa791b5fdd0a115b76bce9bc155f079eded6a441106533ead5d1be82d	460a8e5fa791b5fdd0a115b76bce9bc155f079eded6a441106533ead5d1be82d	1	1	1	1	1	0	0	0	0	0	0	0	0	0	0	1
canonical_hybrid_v2_former_fresh:vh042__repeat00	canonical_hybrid_v2_former_fresh_60_regression_only	vh042	0	nt		matched	3	3	4	4	0da5ef8d2a699d71ee789ce284ec208afca3db5d021523fec1ad4708bcda16b9	0da5ef8d2a699d71ee789ce284ec208afca3db5d021523fec1ad4708bcda16b9	1	1	1	1	1	0	0	0	0	0	0	0	0	0	0	1
canonical_hybrid_v2_former_fresh:vh042__repeat00	canonical_hybrid_v2_former_fresh_60_regression_only	vh042	0	nt		matched	4	4	5	5	c27322071a6b02e709b9cc277a1d5898583312bedc45c56098c2f673a1e2b25c	c27322071a6b02e709b9cc277a1d5898583312bedc45c56098c2f673a1e2b25c	1	1	1	1	1	0	0	0	0	0	0	0	0	0	0	1
canonical_hybrid_v2_former_fresh:vh043__repeat00	canonical_hybrid_v2_former_fresh_60_regression_only	vh043	0	score		matched	0	0	1	1	9428b981393e9760334b14cd39f332d62a0238941942c0375c3855d9bfa3a38d	9428b981393e9760334b14cd39f332d62a0238941942c0375c3855d9bfa3a38d	1	1	1	1	1	0	0	0	0	0	0	0	0	0	0	1
canonical_hybrid_v2_former_fresh:vh043__repeat00	canonical_hybrid_v2_former_fresh_60_regression_only	vh043	0	score		matched	1	1	2	2	b6c75428d4a0c06c96292111d173473f0c5bd7f7d5118f0825fbf764412aab3b	b6c75428d4a0c06c96292111d173473f0c5bd7f7d5118f0825fbf764412aab3b	1	1	1	1	1	0	0	0	0	0	0	0	0	0	0	1
canonical_hybrid_v2_former_fresh:vh043__repeat00	canonical_hybrid_v2_former_fresh_60_regression_only	vh043	0	score		matched	2	2	3	3	41aba43d5acc34f3310dc51af5d2f1676e4a589500c843616c19dc722fa935f8	41aba43d5acc34f3310dc51af5d2f1676e4a589500c843616c19dc722fa935f8	1	1	1	1	1	0	0	0	0	0	0	0	0	0	0	1
canonical_hybrid_v2_former_fresh:vh043__repeat00	canonical_hybrid_v2_former_fresh_60_regression_only	vh043	0	score		matched	3	3	4	4	147e105bd70e4d85f76c0cfa1425decb8d88f383e6c951f2d081083a7a11cf45	147e105bd70e4d85f76c0cfa1425decb8d88f383e6c951f2d081083a7a11cf45	1	1	1	1	1	0	0	0	0	0	0	0	0	0	0	1
canonical_hybrid_v2_former_fresh:vh043__repeat00	canonical_hybrid_v2_former_fresh_60_regression_only	vh043	0	score		matched	4	4	5	5	871ba35b0d1506769e8d59330b01ae93c76e88b8f3ca5db81ce6de598fe7e2b7	871ba35b0d1506769e8d59330b01ae93c76e88b8f3ca5db81ce6de598fe7e2b7	1	1	1	1	1	0	0	0	0	0	0	0	0	0	0	1
canonical_hybrid_v2_former_fresh:vh043__repeat00	canonical_hybrid_v2_former_fresh_60_regression_only	vh043	0	stability		matched	0	0	1	1	cdff06bc3aa58090c64f0b10faff0d39c2577f2a87792405fb04dc7862d931a1	cdff06bc3aa58090c64f0b10faff0d39c2577f2a87792405fb04dc7862d931a1	1	1	1	1	1	0	0	0	0	0	0	0	0	0	0	1
canonical_hybrid_v2_former_fresh:vh043__repeat00	canonical_hybrid_v2_former_fresh_60_regression_only	vh043	0	stability		matched	1	1	2	2	69f8dbca7389a08aa54b1de5d786622da09737dacac8653868819248bfaffd44	69f8dbca7389a08aa54b1de5d786622da09737dacac8653868819248bfaffd44	1	1	1	1	1	0	0	0	0	0	0	0	0	0	0	1
canonical_hybrid_v2_former_fresh:vh043__repeat00	canonical_hybrid_v2_former_fresh_60_regression_only	vh043	0	stability		matched	2	2	3	3	407141c010b7a9bf92145e0e07c85378a6d2e1c835f00cf98b84678ad4817877	407141c010b7a9bf92145e0e07c85378a6d2e1c835f00cf98b84678ad4817877	1	1	1	1	1	0	0	0	0	0	0	0	0	0	0	1
canonical_hybrid_v2_former_fresh:vh043__repeat00	canonical_hybrid_v2_former_fresh_60_regression_only	vh043	0	stability		matched	3	3	4	4	ac08ced93c59dcf39a03dace33fd6541d2d97ad59a9b65fb2f03008d2e1d510f	ac08ced93c59dcf39a03dace33fd6541d2d97ad59a9b65fb2f03008d2e1d510f	1	1	1	1	1	0	0	0	0	0	0	0	0	0	0	1
canonical_hybrid_v2_former_fresh:vh043__repeat00	canonical_hybrid_v2_former_fresh_60_regression_only	vh043	0	stability		matched	4	4	5	5	99af28d549636a8f3d84829f8ccadaac07207aee23a19bf73eccdafb780d2e80	99af28d549636a8f3d84829f8ccadaac07207aee23a19bf73eccdafb780d2e80	1	1	1	1	1	0	0	0	0	0	0	0	0	0	0	1
canonical_hybrid_v2_former_fresh:vh043__repeat00	canonical_hybrid_v2_former_fresh_60_regression_only	vh043	0	nt		matched	0	0	1	1	1dd76e329050b3e7da0430fcdbda360ab3538dc7cc1f7ebef535cea686eec625	1dd76e329050b3e7da0430fcdbda360ab3538dc7cc1f7ebef535cea686eec625	1	1	1	1	1	0	0	0	0	0	0	0	0	0	0	1
canonical_hybrid_v2_former_fresh:vh043__repeat00	canonical_hybrid_v2_former_fresh_60_regression_only	vh043	0	nt		matched	1	1	2	2	41aba43d5acc34f3310dc51af5d2f1676e4a589500c843616c19dc722fa935f8	41aba43d5acc34f3310dc51af5d2f1676e4a589500c843616c19dc722fa935f8	1	1	1	1	1	0	0	0	0	0	0	0	0	0	0	1
canonical_hybrid_v2_former_fresh:vh043__repeat00	canonical_hybrid_v2_former_fresh_60_regression_only	vh043	0	nt		matched	2	2	3	3	719df760a9b067849e70a7b8e8311b6284001a997dd95d19aa37fbd69715e683	719df760a9b067849e70a7b8e8311b6284001a997dd95d19aa37fbd69715e683	1	1	1	1	1	0	0	0	0	0	0	0	0	0	0	1
canonical_hybrid_v2_former_fresh:vh043__repeat00	canonical_hybrid_v2_former_fresh_60_regression_only	vh043	0	nt		matched	3	3	4	4	871ba35b0d1506769e8d59330b01ae93c76e88b8f3ca5db81ce6de598fe7e2b7	871ba35b0d1506769e8d59330b01ae93c76e88b8f3ca5db81ce6de598fe7e2b7	1	1	1	1	1	0	0	0	0	0	0	0	0	0	0	1
canonical_hybrid_v2_former_fresh:vh043__repeat00	canonical_hybrid_v2_former_fresh_60_regression_only	vh043	0	nt		matched	4	4	5	5	147e105bd70e4d85f76c0cfa1425decb8d88f383e6c951f2d081083a7a11cf45	147e105bd70e4d85f76c0cfa1425decb8d88f383e6c951f2d081083a7a11cf45	1	1	1	1	1	0	0	0	0	0	0	0	0	0	0	1
canonical_hybrid_v2_former_fresh:vh044__repeat00	canonical_hybrid_v2_former_fresh_60_regression_only	vh044	0	score		matched	0	0	1	1	8ada33b669f458d3188b3b654ad7da683382e494685ed03430d064a57d029aee	8ada33b669f458d3188b3b654ad7da683382e494685ed03430d064a57d029aee	1	1	1	1	1	0	0	0	0	0	0	0	0	0	0	1
canonical_hybrid_v2_former_fresh:vh044__repeat00	canonical_hybrid_v2_former_fresh_60_regression_only	vh044	0	score		matched	1	1	2	2	3e5ffdbc72cd8658b3356d75ad8528dea89aa1e47177d4545efe4900c20b145d	3e5ffdbc72cd8658b3356d75ad8528dea89aa1e47177d4545efe4900c20b145d	1	1	1	1	1	0	0	0	0	0	0	0	0	0	0	1
canonical_hybrid_v2_former_fresh:vh044__repeat00	canonical_hybrid_v2_former_fresh_60_regression_only	vh044	0	score		matched	2	2	3	3	ef268917bc906a7d052ed0420d70149cbbd5a71aa9fa08893932b02f23255cef	ef268917bc906a7d052ed0420d70149cbbd5a71aa9fa08893932b02f23255cef	1	1	1	1	1	0	0	0	0	0	0	0	0	0	0	1
canonical_hybrid_v2_former_fresh:vh044__repeat00	canonical_hybrid_v2_former_fresh_60_regression_only	vh044	0	score		matched	3	3	4	4	aecceb012e8ef8895f9a7dfce1287d8979e7946707fb3b49fc8705c3d56ea272	aecceb012e8ef8895f9a7dfce1287d8979e7946707fb3b49fc8705c3d56ea272	1	1	1	1	1	0	0	0	0	0	0	0	0	0	0	1
canonical_hybrid_v2_former_fresh:vh044__repeat00	canonical_hybrid_v2_former_fresh_60_regression_only	vh044	0	score		matched	4	4	5	5	373f740cea42f7358fadc0b7a50e595dd25be4065973a47b42a6bce85bc26555	373f740cea42f7358fadc0b7a50e595dd25be4065973a47b42a6bce85bc26555	1	1	1	1	1	0	0	0	0	0	0	0	0	0	0	1
canonical_hybrid_v2_former_fresh:vh044__repeat00	canonical_hybrid_v2_former_fresh_60_regression_only	vh044	0	stability		matched	0	0	1	1	49acd4dbed78522e05f527163d1dd31dcfaf649e055e79c171ef2435815e4e6e	49acd4dbed78522e05f527163d1dd31dcfaf649e055e79c171ef2435815e4e6e	1	1	1	1	1	0	0	0	0	0	0	0	0	0	0	1
canonical_hybrid_v2_former_fresh:vh044__repeat00	canonical_hybrid_v2_former_fresh_60_regression_only	vh044	0	stability		matched	1	1	2	2	75c70a8c6a7c339377c669fd4c09e9b0ac9d8b2aa752f1facf68b0f16162d2f8	75c70a8c6a7c339377c669fd4c09e9b0ac9d8b2aa752f1facf68b0f16162d2f8	1	1	1	1	1	0	0	0	0	0	0	0	0	0	0	1
canonical_hybrid_v2_former_fresh:vh044__repeat00	canonical_hybrid_v2_former_fresh_60_regression_only	vh044	0	stability		matched	2	2	3	3	373f740cea42f7358fadc0b7a50e595dd25be4065973a47b42a6bce85bc26555	373f740cea42f7358fadc0b7a50e595dd25be4065973a47b42a6bce85bc26555	1	1	1	1	1	0	0	0	0	0	0	0	0	0	0	1
canonical_hybrid_v2_former_fresh:vh044__repeat00	canonical_hybrid_v2_former_fresh_60_regression_only	vh044	0	stability		matched	3	3	4	4	af02736bb99a52484f0f060282ee86fa21e69d8322c9c842aa9e9d7071b2b75b	af02736bb99a52484f0f060282ee86fa21e69d8322c9c842aa9e9d7071b2b75b	1	1	1	1	1	0	0	0	0	0	0	0	0	0	0	1
canonical_hybrid_v2_former_fresh:vh044__repeat00	canonical_hybrid_v2_former_fresh_60_regression_only	vh044	0	stability		matched	4	4	5	5	01015ec9f368ab9df9fa21bcc2e9ee65c49601e98bf951d024a4aa4fc8b5d59f	01015ec9f368ab9df9fa21bcc2e9ee65c49601e98bf951d024a4aa4fc8b5d59f	1	1	1	1	1	0	0	0	0	0	0	0	0	0	0	1
canonical_hybrid_v2_former_fresh:vh044__repeat00	canonical_hybrid_v2_former_fresh_60_regression_only	vh044	0	nt		matched	0	0	1	1	aecceb012e8ef8895f9a7dfce1287d8979e7946707fb3b49fc8705c3d56ea272	aecceb012e8ef8895f9a7dfce1287d8979e7946707fb3b49fc8705c3d56ea272	1	1	1	1	1	0	0	0	0	0	0	0	0	0	0	1
canonical_hybrid_v2_former_fresh:vh044__repeat00	canonical_hybrid_v2_former_fresh_60_regression_only	vh044	0	nt		matched	1	1	2	2	b714fd800237a4261f79433f212fbba4d9d813e31902939673bbd74f2482cff8	b714fd800237a4261f79433f212fbba4d9d813e31902939673bbd74f2482cff8	1	1	1	1	1	0	0	0	0	0	0	0	0	0	0	1
canonical_hybrid_v2_former_fresh:vh044__repeat00	canonical_hybrid_v2_former_fresh_60_regression_only	vh044	0	nt		matched	2	2	3	3	f763f1e42fcfeb3fdae8c16f50bf69379111d05d4f6c540eb6e5675090f92c71	f763f1e42fcfeb3fdae8c16f50bf69379111d05d4f6c540eb6e5675090f92c71	1	1	1	1	1	0	0	0	0	0	0	0	0	0	0	1
canonical_hybrid_v2_former_fresh:vh044__repeat00	canonical_hybrid_v2_former_fresh_60_regression_only	vh044	0	nt		matched	3	3	4	4	7309f32f518b1651935e17d1b9009d2d3243f276fbb965bc977f5444f44a3200	7309f32f518b1651935e17d1b9009d2d3243f276fbb965bc977f5444f44a3200	1	1	1	1	1	0	0	0	0	0	0	0	0	0	0	1
canonical_hybrid_v2_former_fresh:vh044__repeat00	canonical_hybrid_v2_former_fresh_60_regression_only	vh044	0	nt		matched	4	4	5	5	49acd4dbed78522e05f527163d1dd31dcfaf649e055e79c171ef2435815e4e6e	49acd4dbed78522e05f527163d1dd31dcfaf649e055e79c171ef2435815e4e6e	1	1	1	1	1	0	0	0	0	0	0	0	0	0	0	1
canonical_hybrid_v2_former_fresh:vh045__repeat00	canonical_hybrid_v2_former_fresh_60_regression_only	vh045	0	score		matched	0	0	1	1	90a92ad4a6c9adfb53fd5b730dc3e426e44726467ad1d9bc9751f3cec9010166	90a92ad4a6c9adfb53fd5b730dc3e426e44726467ad1d9bc9751f3cec9010166	1	1	1	1	1	0	0	0	0	0	0	0	0	0	0	1
canonical_hybrid_v2_former_fresh:vh045__repeat00	canonical_hybrid_v2_former_fresh_60_regression_only	vh045	0	score		matched	1	1	2	2	9115b82a95e17a29cf5b081b41bc036333a197d044d400bd996d484b5c8d83ff	9115b82a95e17a29cf5b081b41bc036333a197d044d400bd996d484b5c8d83ff	1	1	1	1	1	0	0	0	0	0	0	0	0	0	0	1
canonical_hybrid_v2_former_fresh:vh045__repeat00	canonical_hybrid_v2_former_fresh_60_regression_only	vh045	0	score		matched	2	2	3	3	17679b213379ae6a7d70d10a3173226bf89e8ee0f0e43a3f29e85ba75ce1d619	17679b213379ae6a7d70d10a3173226bf89e8ee0f0e43a3f29e85ba75ce1d619	1	1	1	1	1	0	0	0	0	0	0	0	0	0	0	1
canonical_hybrid_v2_former_fresh:vh045__repeat00	canonical_hybrid_v2_former_fresh_60_regression_only	vh045	0	score		matched	3	3	4	4	6c58d3e87ad1204a379fa1db229081dd59428c91d725901b8f5bca401ef40d04	6c58d3e87ad1204a379fa1db229081dd59428c91d725901b8f5bca401ef40d04	1	1	1	1	1	0	0	0	0	0	0	0	0	0	0	1
canonical_hybrid_v2_former_fresh:vh045__repeat00	canonical_hybrid_v2_former_fresh_60_regression_only	vh045	0	score		matched	4	4	5	5	718894d8459b6ec06413de06c6c7e0983eda9d5e24e645dffb43e7d3e61848d9	718894d8459b6ec06413de06c6c7e0983eda9d5e24e645dffb43e7d3e61848d9	1	1	1	1	1	0	0	0	0	0	0	0	0	0	0	1
canonical_hybrid_v2_former_fresh:vh045__repeat00	canonical_hybrid_v2_former_fresh_60_regression_only	vh045	0	stability		matched	0	0	1	1	684b74ac52802a2f1d8670b044a87c525d5c7d8401632769f1072264f3e3c9ef	684b74ac52802a2f1d8670b044a87c525d5c7d8401632769f1072264f3e3c9ef	1	1	1	1	1	0	0	0	0	0	0	0	0	0	0	1
canonical_hybrid_v2_former_fresh:vh045__repeat00	canonical_hybrid_v2_former_fresh_60_regression_only	vh045	0	stability		matched	1	1	2	2	861a8a42155ce3282e2c4bf9c94c0cec06f01163bf620280ae3a64487f289469	861a8a42155ce3282e2c4bf9c94c0cec06f01163bf620280ae3a64487f289469	1	1	1	1	1	0	0	0	0	0	0	0	0	0	0	1
canonical_hybrid_v2_former_fresh:vh045__repeat00	canonical_hybrid_v2_former_fresh_60_regression_only	vh045	0	stability		matched	2	2	3	3	718894d8459b6ec06413de06c6c7e0983eda9d5e24e645dffb43e7d3e61848d9	718894d8459b6ec06413de06c6c7e0983eda9d5e24e645dffb43e7d3e61848d9	1	1	1	1	1	0	0	0	0	0	0	0	0	0	0	1
canonical_hybrid_v2_former_fresh:vh045__repeat00	canonical_hybrid_v2_former_fresh_60_regression_only	vh045	0	stability		matched	3	3	4	4	90a92ad4a6c9adfb53fd5b730dc3e426e44726467ad1d9bc9751f3cec9010166	90a92ad4a6c9adfb53fd5b730dc3e426e44726467ad1d9bc9751f3cec9010166	1	1	1	1	1	0	0	0	0	0	0	0	0	0	0	1
canonical_hybrid_v2_former_fresh:vh045__repeat00	canonical_hybrid_v2_former_fresh_60_regression_only	vh045	0	stability		matched	4	4	5	5	17679b213379ae6a7d70d10a3173226bf89e8ee0f0e43a3f29e85ba75ce1d619	17679b213379ae6a7d70d10a3173226bf89e8ee0f0e43a3f29e85ba75ce1d619	1	1	1	1	1	0	0	0	0	0	0	0	0	0	0	1
canonical_hybrid_v2_former_fresh:vh045__repeat00	canonical_hybrid_v2_former_fresh_60_regression_only	vh045	0	nt		matched	0	0	1	1	90a92ad4a6c9adfb53fd5b730dc3e426e44726467ad1d9bc9751f3cec9010166	90a92ad4a6c9adfb53fd5b730dc3e426e44726467ad1d9bc9751f3cec9010166	1	1	1	1	1	0	0	0	0	0	0	0	0	0	0	1
canonical_hybrid_v2_former_fresh:vh045__repeat00	canonical_hybrid_v2_former_fresh_60_regression_only	vh045	0	nt		matched	1	1	2	2	6c58d3e87ad1204a379fa1db229081dd59428c91d725901b8f5bca401ef40d04	6c58d3e87ad1204a379fa1db229081dd59428c91d725901b8f5bca401ef40d04	1	1	1	1	1	0	0	0	0	0	0	0	0	0	0	1
canonical_hybrid_v2_former_fresh:vh045__repeat00	canonical_hybrid_v2_former_fresh_60_regression_only	vh045	0	nt		matched	2	2	3	3	718894d8459b6ec06413de06c6c7e0983eda9d5e24e645dffb43e7d3e61848d9	718894d8459b6ec06413de06c6c7e0983eda9d5e24e645dffb43e7d3e61848d9	1	1	1	1	1	0	0	0	0	0	0	0	0	0	0	1
canonical_hybrid_v2_former_fresh:vh045__repeat00	canonical_hybrid_v2_former_fresh_60_regression_only	vh045	0	nt		matched	3	3	4	4	684b74ac52802a2f1d8670b044a87c525d5c7d8401632769f1072264f3e3c9ef	684b74ac52802a2f1d8670b044a87c525d5c7d8401632769f1072264f3e3c9ef	1	1	1	1	1	0	0	0	0	0	0	0	0	0	0	1
canonical_hybrid_v2_former_fresh:vh045__repeat00	canonical_hybrid_v2_former_fresh_60_regression_only	vh045	0	nt		matched	4	4	5	5	861a8a42155ce3282e2c4bf9c94c0cec06f01163bf620280ae3a64487f289469	861a8a42155ce3282e2c4bf9c94c0cec06f01163bf620280ae3a64487f289469	1	1	1	1	1	0	0	0	0	0	0	0	0	0	0	1
canonical_hybrid_v2_former_fresh:vh046__repeat00	canonical_hybrid_v2_former_fresh_60_regression_only	vh046	0	score		matched	0	0	1	1	c9d2959f8a75ecbdbad61d304cc9f397ccf035e0a15fb1bf74694fa27e320c5e	c9d2959f8a75ecbdbad61d304cc9f397ccf035e0a15fb1bf74694fa27e320c5e	1	1	1	1	1	0	0	0	0	0	0	0	0	0	0	1
canonical_hybrid_v2_former_fresh:vh046__repeat00	canonical_hybrid_v2_former_fresh_60_regression_only	vh046	0	score		matched	1	1	2	2	af63f0e65542f1e64342677c13e7bbbc9696b8988c6ddb2df6c9154567f8dabe	af63f0e65542f1e64342677c13e7bbbc9696b8988c6ddb2df6c9154567f8dabe	1	1	1	1	1	0	0	0	0	0	0	0	0	0	0	1
canonical_hybrid_v2_former_fresh:vh046__repeat00	canonical_hybrid_v2_former_fresh_60_regression_only	vh046	0	score		matched	2	2	3	3	7aed3a22c51f4001fecc7dce3723c02823274491d1eeb3c7f17308e24d1606da	7aed3a22c51f4001fecc7dce3723c02823274491d1eeb3c7f17308e24d1606da	1	1	1	1	1	0	0	0	0	0	0	0	0	0	0	1
canonical_hybrid_v2_former_fresh:vh046__repeat00	canonical_hybrid_v2_former_fresh_60_regression_only	vh046	0	score		matched	3	3	4	4	035f42c3eca5146fbb0a377149bfa7193fb94cdf5db615748846bc3306b6716b	035f42c3eca5146fbb0a377149bfa7193fb94cdf5db615748846bc3306b6716b	1	1	1	1	1	0	0	0	0	0	0	0	0	0	0	1
canonical_hybrid_v2_former_fresh:vh046__repeat00	canonical_hybrid_v2_former_fresh_60_regression_only	vh046	0	score		matched	4	4	5	5	358b9adf65f984846c332317c865d691696b7c473aa4f3152d2008da968af1ee	358b9adf65f984846c332317c865d691696b7c473aa4f3152d2008da968af1ee	1	1	1	1	1	0	0	0	0	0	0	0	0	0	0	1
canonical_hybrid_v2_former_fresh:vh046__repeat00	canonical_hybrid_v2_former_fresh_60_regression_only	vh046	0	stability		matched	0	0	1	1	59ec007fa45514f8f5f30bdf253102cc1b57c802791c90c2d5390a287bfafecb	59ec007fa45514f8f5f30bdf253102cc1b57c802791c90c2d5390a287bfafecb	1	1	1	1	1	0	0	0	0	0	0	0	0	0	0	1
canonical_hybrid_v2_former_fresh:vh046__repeat00	canonical_hybrid_v2_former_fresh_60_regression_only	vh046	0	stability		matched	1	1	2	2	af63f0e65542f1e64342677c13e7bbbc9696b8988c6ddb2df6c9154567f8dabe	af63f0e65542f1e64342677c13e7bbbc9696b8988c6ddb2df6c9154567f8dabe	1	1	1	1	1	0	0	0	0	0	0	0	0	0	0	1
canonical_hybrid_v2_former_fresh:vh046__repeat00	canonical_hybrid_v2_former_fresh_60_regression_only	vh046	0	stability		matched	2	2	3	3	c5bc69edf52152b85dbba5e1edb4e5fff59714ac6672b82fdf8a498e8fd314d2	c5bc69edf52152b85dbba5e1edb4e5fff59714ac6672b82fdf8a498e8fd314d2	1	1	1	1	1	0	0	0	0	0	0	0	0	0	0	1
canonical_hybrid_v2_former_fresh:vh046__repeat00	canonical_hybrid_v2_former_fresh_60_regression_only	vh046	0	stability		matched	3	3	4	4	358b9adf65f984846c332317c865d691696b7c473aa4f3152d2008da968af1ee	358b9adf65f984846c332317c865d691696b7c473aa4f3152d2008da968af1ee	1	1	1	1	1	0	0	0	0	0	0	0	0	0	0	1
canonical_hybrid_v2_former_fresh:vh046__repeat00	canonical_hybrid_v2_former_fresh_60_regression_only	vh046	0	stability		matched	4	4	5	5	c9d2959f8a75ecbdbad61d304cc9f397ccf035e0a15fb1bf74694fa27e320c5e	c9d2959f8a75ecbdbad61d304cc9f397ccf035e0a15fb1bf74694fa27e320c5e	1	1	1	1	1	0	0	0	0	0	0	0	0	0	0	1
canonical_hybrid_v2_former_fresh:vh046__repeat00	canonical_hybrid_v2_former_fresh_60_regression_only	vh046	0	nt		matched	0	0	1	1	c9d2959f8a75ecbdbad61d304cc9f397ccf035e0a15fb1bf74694fa27e320c5e	c9d2959f8a75ecbdbad61d304cc9f397ccf035e0a15fb1bf74694fa27e320c5e	1	1	1	1	1	0	0	0	0	0	0	0	0	0	0	1
canonical_hybrid_v2_former_fresh:vh046__repeat00	canonical_hybrid_v2_former_fresh_60_regression_only	vh046	0	nt		matched	1	1	2	2	af63f0e65542f1e64342677c13e7bbbc9696b8988c6ddb2df6c9154567f8dabe	af63f0e65542f1e64342677c13e7bbbc9696b8988c6ddb2df6c9154567f8dabe	1	1	1	1	1	0	0	0	0	0	0	0	0	0	0	1
canonical_hybrid_v2_former_fresh:vh046__repeat00	canonical_hybrid_v2_former_fresh_60_regression_only	vh046	0	nt		matched	2	2	3	3	7aed3a22c51f4001fecc7dce3723c02823274491d1eeb3c7f17308e24d1606da	7aed3a22c51f4001fecc7dce3723c02823274491d1eeb3c7f17308e24d1606da	1	1	1	1	1	0	0	0	0	0	0	0	0	0	0	1
canonical_hybrid_v2_former_fresh:vh046__repeat00	canonical_hybrid_v2_former_fresh_60_regression_only	vh046	0	nt		matched	3	3	4	4	035f42c3eca5146fbb0a377149bfa7193fb94cdf5db615748846bc3306b6716b	035f42c3eca5146fbb0a377149bfa7193fb94cdf5db615748846bc3306b6716b	1	1	1	1	1	0	0	0	0	0	0	0	0	0	0	1
canonical_hybrid_v2_former_fresh:vh046__repeat00	canonical_hybrid_v2_former_fresh_60_regression_only	vh046	0	nt		matched	4	4	5	5	358b9adf65f984846c332317c865d691696b7c473aa4f3152d2008da968af1ee	358b9adf65f984846c332317c865d691696b7c473aa4f3152d2008da968af1ee	1	1	1	1	1	0	0	0	0	0	0	0	0	0	0	1
canonical_hybrid_v2_former_fresh:vh047__repeat00	canonical_hybrid_v2_former_fresh_60_regression_only	vh047	0	score		matched	0	0	1	1	b19833022f7f4067e7df99a153720cf8fbe1c02a1da22007aaca2a420e760235	b19833022f7f4067e7df99a153720cf8fbe1c02a1da22007aaca2a420e760235	1	1	1	1	1	0	0	0	0	0	0	0	0	0	0	1
canonical_hybrid_v2_former_fresh:vh047__repeat00	canonical_hybrid_v2_former_fresh_60_regression_only	vh047	0	score		matched	1	1	2	2	328e03332f8493bbe4883b7caa2dc90c77cff7434aaa53a391271d359c5b4710	328e03332f8493bbe4883b7caa2dc90c77cff7434aaa53a391271d359c5b4710	1	1	1	1	1	0	0	0	0	0	0	0	0	0	0	1
canonical_hybrid_v2_former_fresh:vh047__repeat00	canonical_hybrid_v2_former_fresh_60_regression_only	vh047	0	score		matched	2	2	3	3	3f2a9cb7f461e50f1947e16d1621753810d402048db9cc1b8e29c433473789fb	3f2a9cb7f461e50f1947e16d1621753810d402048db9cc1b8e29c433473789fb	1	1	1	1	1	0	0	0	0	0	0	0	0	0	0	1
canonical_hybrid_v2_former_fresh:vh047__repeat00	canonical_hybrid_v2_former_fresh_60_regression_only	vh047	0	score		matched	3	3	4	4	d5d577783646491ffdfc6488ca17d09e68289ab264a32340e10425a592c176b5	d5d577783646491ffdfc6488ca17d09e68289ab264a32340e10425a592c176b5	1	1	1	1	1	0	0	0	0	0	0	0	0	0	0	1
canonical_hybrid_v2_former_fresh:vh047__repeat00	canonical_hybrid_v2_former_fresh_60_regression_only	vh047	0	score		matched	4	4	5	5	7afe1660f182bd0bf71016f3ecade03616641d04e82d165474960eb54679bed4	7afe1660f182bd0bf71016f3ecade03616641d04e82d165474960eb54679bed4	1	1	1	1	1	0	0	0	0	0	0	0	0	0	0	1
canonical_hybrid_v2_former_fresh:vh047__repeat00	canonical_hybrid_v2_former_fresh_60_regression_only	vh047	0	stability		matched	0	0	1	1	4421c480d7e7ecafb232b160945baf269e43852b6b461e009a7a793268bbb4a3	4421c480d7e7ecafb232b160945baf269e43852b6b461e009a7a793268bbb4a3	1	1	1	1	1	0	0	0	0	0	0	0	0	0	0	1
canonical_hybrid_v2_former_fresh:vh047__repeat00	canonical_hybrid_v2_former_fresh_60_regression_only	vh047	0	stability		matched	1	1	2	2	512c9b1672bd88f3eb7d1fcb6f5c0dd1b2e966866dbda26c1b8b5b640d491ac9	512c9b1672bd88f3eb7d1fcb6f5c0dd1b2e966866dbda26c1b8b5b640d491ac9	1	1	1	1	1	0	0	0	0	0	0	0	0	0	0	1
canonical_hybrid_v2_former_fresh:vh047__repeat00	canonical_hybrid_v2_former_fresh_60_regression_only	vh047	0	stability		matched	2	2	3	3	41777b92136dab885c0b7d9b294d8d905415e4530a8e4c48d185e7c9b6251c67	41777b92136dab885c0b7d9b294d8d905415e4530a8e4c48d185e7c9b6251c67	1	1	1	1	1	0	0	0	0	0	0	0	0	0	0	1
canonical_hybrid_v2_former_fresh:vh047__repeat00	canonical_hybrid_v2_former_fresh_60_regression_only	vh047	0	stability		matched	3	3	4	4	5ffdac310700ce7c0507b0c87576542362ada51e044e07e72b1e21fd2d8cfd50	5ffdac310700ce7c0507b0c87576542362ada51e044e07e72b1e21fd2d8cfd50	1	1	1	1	1	0	0	0	0	0	0	0	0	0	0	1
canonical_hybrid_v2_former_fresh:vh047__repeat00	canonical_hybrid_v2_former_fresh_60_regression_only	vh047	0	stability		matched	4	4	5	5	b2f0fa33a451a053fdaa0924d9bcfcbfc0fe4030d5a487791613b1db7caa756f	b2f0fa33a451a053fdaa0924d9bcfcbfc0fe4030d5a487791613b1db7caa756f	1	1	1	1	1	0	0	0	0	0	0	0	0	0	0	1
canonical_hybrid_v2_former_fresh:vh047__repeat00	canonical_hybrid_v2_former_fresh_60_regression_only	vh047	0	nt		matched	0	0	1	1	b19833022f7f4067e7df99a153720cf8fbe1c02a1da22007aaca2a420e760235	b19833022f7f4067e7df99a153720cf8fbe1c02a1da22007aaca2a420e760235	1	1	1	1	1	0	0	0	0	0	0	0	0	0	0	1
canonical_hybrid_v2_former_fresh:vh047__repeat00	canonical_hybrid_v2_former_fresh_60_regression_only	vh047	0	nt		matched	1	1	2	2	2f95ac9bd95184cd61453d5c306ef00c1d2cd0b8b400ec35d707c53441719e22	2f95ac9bd95184cd61453d5c306ef00c1d2cd0b8b400ec35d707c53441719e22	1	1	1	1	1	0	0	0	0	0	0	0	0	0	0	1
canonical_hybrid_v2_former_fresh:vh047__repeat00	canonical_hybrid_v2_former_fresh_60_regression_only	vh047	0	nt		matched	2	2	3	3	6a6528d4825e56a084f4aadd76077047aeecd5be8b04a7c17fa195e4155aab2d	6a6528d4825e56a084f4aadd76077047aeecd5be8b04a7c17fa195e4155aab2d	1	1	1	1	1	0	0	0	0	0	0	0	0	0	0	1
canonical_hybrid_v2_former_fresh:vh047__repeat00	canonical_hybrid_v2_former_fresh_60_regression_only	vh047	0	nt		matched	3	3	4	4	7afe1660f182bd0bf71016f3ecade03616641d04e82d165474960eb54679bed4	7afe1660f182bd0bf71016f3ecade03616641d04e82d165474960eb54679bed4	1	1	1	1	1	0	0	0	0	0	0	0	0	0	0	1
canonical_hybrid_v2_former_fresh:vh047__repeat00	canonical_hybrid_v2_former_fresh_60_regression_only	vh047	0	nt		matched	4	4	5	5	328e03332f8493bbe4883b7caa2dc90c77cff7434aaa53a391271d359c5b4710	328e03332f8493bbe4883b7caa2dc90c77cff7434aaa53a391271d359c5b4710	1	1	1	1	1	0	0	0	0	0	0	0	0	0	0	1
canonical_hybrid_v2_former_fresh:vh048__repeat00	canonical_hybrid_v2_former_fresh_60_regression_only	vh048	0	score		matched	0	0	1	1	c6b117770b03d4125faa31e8029322314d9822e08c5d54ccb25f985e38e8fc46	c6b117770b03d4125faa31e8029322314d9822e08c5d54ccb25f985e38e8fc46	1	1	1	1	1	0	0	0	0	0	0	0	0	0	0	1
canonical_hybrid_v2_former_fresh:vh048__repeat00	canonical_hybrid_v2_former_fresh_60_regression_only	vh048	0	score		matched	1	1	2	2	434307c2f86fb90c7a0da71c4bfbab06ba007ce8fca3a8492d2d402a49a5eaf1	434307c2f86fb90c7a0da71c4bfbab06ba007ce8fca3a8492d2d402a49a5eaf1	1	1	1	1	1	0	0	0	0	0	0	0	0	0	0	1
canonical_hybrid_v2_former_fresh:vh048__repeat00	canonical_hybrid_v2_former_fresh_60_regression_only	vh048	0	score		matched	2	2	3	3	c0d21748c3cb300c5a49d519c054b2d2b832836ac390d81919f39b566a158b3a	c0d21748c3cb300c5a49d519c054b2d2b832836ac390d81919f39b566a158b3a	1	1	1	1	1	0	0	0	0	0	0	0	0	0	0	1
canonical_hybrid_v2_former_fresh:vh048__repeat00	canonical_hybrid_v2_former_fresh_60_regression_only	vh048	0	score		matched	3	3	4	4	40a1b32bcbf2131711d2117ba0abcca6e30b6fbefacb1a28a48fce551ec001b5	40a1b32bcbf2131711d2117ba0abcca6e30b6fbefacb1a28a48fce551ec001b5	1	1	1	1	1	0	0	0	0	0	0	0	0	0	0	1
canonical_hybrid_v2_former_fresh:vh048__repeat00	canonical_hybrid_v2_former_fresh_60_regression_only	vh048	0	score		matched	4	4	5	5	d0f4a3ebd1df496c021b13b70e259653c2ca460d57e89d0ae7d745491bb08dcf	d0f4a3ebd1df496c021b13b70e259653c2ca460d57e89d0ae7d745491bb08dcf	1	1	1	1	1	0	0	0	0	0	0	0	0	0	0	1
canonical_hybrid_v2_former_fresh:vh048__repeat00	canonical_hybrid_v2_former_fresh_60_regression_only	vh048	0	stability		matched	0	0	1	1	aed59eadf834c2d2a44c4ca9c3394ae829286dca19a892fef5130787ceb8f0b9	aed59eadf834c2d2a44c4ca9c3394ae829286dca19a892fef5130787ceb8f0b9	1	1	1	1	1	0	0	0	0	0	0	0	0	0	0	1
canonical_hybrid_v2_former_fresh:vh048__repeat00	canonical_hybrid_v2_former_fresh_60_regression_only	vh048	0	stability		matched	1	1	2	2	c174d7dc81699991ddbda646f8e6106ccb52b6da4362610834ac3b0227ba420f	c174d7dc81699991ddbda646f8e6106ccb52b6da4362610834ac3b0227ba420f	1	1	1	1	1	0	0	0	0	0	0	0	0	0	0	1
canonical_hybrid_v2_former_fresh:vh048__repeat00	canonical_hybrid_v2_former_fresh_60_regression_only	vh048	0	stability		matched	2	2	3	3	b1bce5faee15e070f15205b1648693696816ccec88a135eb3243e800ddc6a681	b1bce5faee15e070f15205b1648693696816ccec88a135eb3243e800ddc6a681	1	1	1	1	1	0	0	0	0	0	0	0	0	0	0	1
canonical_hybrid_v2_former_fresh:vh048__repeat00	canonical_hybrid_v2_former_fresh_60_regression_only	vh048	0	stability		matched	3	3	4	4	ae9d491245d2a40d30d9ba2e7c8a9831419c75cff15921f28524d978bb5accce	ae9d491245d2a40d30d9ba2e7c8a9831419c75cff15921f28524d978bb5accce	1	1	1	1	1	0	0	0	0	0	0	0	0	0	0	1
canonical_hybrid_v2_former_fresh:vh048__repeat00	canonical_hybrid_v2_former_fresh_60_regression_only	vh048	0	stability		matched	4	4	5	5	01982f55b3ab64f17826da8ddc8039f611df14e77ee3fa091e1bf92af342d98f	01982f55b3ab64f17826da8ddc8039f611df14e77ee3fa091e1bf92af342d98f	1	1	1	1	1	0	0	0	0	0	0	0	0	0	0	1
canonical_hybrid_v2_former_fresh:vh048__repeat00	canonical_hybrid_v2_former_fresh_60_regression_only	vh048	0	nt		matched	0	0	1	1	c0d21748c3cb300c5a49d519c054b2d2b832836ac390d81919f39b566a158b3a	c0d21748c3cb300c5a49d519c054b2d2b832836ac390d81919f39b566a158b3a	1	1	1	1	1	0	0	0	0	0	0	0	0	0	0	1
canonical_hybrid_v2_former_fresh:vh048__repeat00	canonical_hybrid_v2_former_fresh_60_regression_only	vh048	0	nt		matched	1	1	2	2	c6b117770b03d4125faa31e8029322314d9822e08c5d54ccb25f985e38e8fc46	c6b117770b03d4125faa31e8029322314d9822e08c5d54ccb25f985e38e8fc46	1	1	1	1	1	0	0	0	0	0	0	0	0	0	0	1
canonical_hybrid_v2_former_fresh:vh048__repeat00	canonical_hybrid_v2_former_fresh_60_regression_only	vh048	0	nt		matched	2	2	3	3	d0f4a3ebd1df496c021b13b70e259653c2ca460d57e89d0ae7d745491bb08dcf	d0f4a3ebd1df496c021b13b70e259653c2ca460d57e89d0ae7d745491bb08dcf	1	1	1	1	1	0	0	0	0	0	0	0	0	0	0	1
canonical_hybrid_v2_former_fresh:vh048__repeat00	canonical_hybrid_v2_former_fresh_60_regression_only	vh048	0	nt		matched	3	3	4	4	4a8cfcd3948bd30d5981011500ce7f10ebcc96ad183bd980938cd9307aa7cc3d	4a8cfcd3948bd30d5981011500ce7f10ebcc96ad183bd980938cd9307aa7cc3d	1	1	1	1	1	0	0	0	0	0	0	0	0	0	0	1
canonical_hybrid_v2_former_fresh:vh048__repeat00	canonical_hybrid_v2_former_fresh_60_regression_only	vh048	0	nt		matched	4	4	5	5	7a77ab404b36e61b549a6714e9d0085b6f08e6b6e184b0387f58dd8f7a90bd39	7a77ab404b36e61b549a6714e9d0085b6f08e6b6e184b0387f58dd8f7a90bd39	1	1	1	1	1	0	0	0	0	0	0	0	0	0	0	1
canonical_hybrid_v2_regression:hq01_ht01__repeat00	canonical_hybrid_v2_regression_36	hq01_ht01	0	score		matched	0	0	1	1	fce662fa5137e3348a37fcf40372822287bdcd8ee088184a5ef0daaf77f256a8	fce662fa5137e3348a37fcf40372822287bdcd8ee088184a5ef0daaf77f256a8	1	1	1	1	1	0	0	0	0	0	0	0	0	0	0	1
canonical_hybrid_v2_regression:hq01_ht01__repeat00	canonical_hybrid_v2_regression_36	hq01_ht01	0	stability		matched	0	0	1	1	fce662fa5137e3348a37fcf40372822287bdcd8ee088184a5ef0daaf77f256a8	fce662fa5137e3348a37fcf40372822287bdcd8ee088184a5ef0daaf77f256a8	1	1	1	1	1	0	0	0	0	0	0	0	0	0	0	1
canonical_hybrid_v2_regression:hq01_ht01__repeat00	canonical_hybrid_v2_regression_36	hq01_ht01	0	nt		matched	0	0	1	1	fce662fa5137e3348a37fcf40372822287bdcd8ee088184a5ef0daaf77f256a8	fce662fa5137e3348a37fcf40372822287bdcd8ee088184a5ef0daaf77f256a8	1	1	1	1	1	0	0	0	0	0	0	0	0	0	0	1
canonical_hybrid_v2_regression:hq01_ht01__repeat01	canonical_hybrid_v2_regression_36	hq01_ht01	1	score		matched	0	0	1	1	fce662fa5137e3348a37fcf40372822287bdcd8ee088184a5ef0daaf77f256a8	fce662fa5137e3348a37fcf40372822287bdcd8ee088184a5ef0daaf77f256a8	1	1	1	1	1	0	0	0	0	0	0	0	0	0	0	1
canonical_hybrid_v2_regression:hq01_ht01__repeat01	canonical_hybrid_v2_regression_36	hq01_ht01	1	stability		matched	0	0	1	1	fce662fa5137e3348a37fcf40372822287bdcd8ee088184a5ef0daaf77f256a8	fce662fa5137e3348a37fcf40372822287bdcd8ee088184a5ef0daaf77f256a8	1	1	1	1	1	0	0	0	0	0	0	0	0	0	0	1
canonical_hybrid_v2_regression:hq01_ht01__repeat01	canonical_hybrid_v2_regression_36	hq01_ht01	1	nt		matched	0	0	1	1	fce662fa5137e3348a37fcf40372822287bdcd8ee088184a5ef0daaf77f256a8	fce662fa5137e3348a37fcf40372822287bdcd8ee088184a5ef0daaf77f256a8	1	1	1	1	1	0	0	0	0	0	0	0	0	0	0	1
canonical_hybrid_v2_regression:hq01_ht01__repeat02	canonical_hybrid_v2_regression_36	hq01_ht01	2	score		matched	0	0	1	1	fce662fa5137e3348a37fcf40372822287bdcd8ee088184a5ef0daaf77f256a8	fce662fa5137e3348a37fcf40372822287bdcd8ee088184a5ef0daaf77f256a8	1	1	1	1	1	0	0	0	0	0	0	0	0	0	0	1
canonical_hybrid_v2_regression:hq01_ht01__repeat02	canonical_hybrid_v2_regression_36	hq01_ht01	2	stability		matched	0	0	1	1	fce662fa5137e3348a37fcf40372822287bdcd8ee088184a5ef0daaf77f256a8	fce662fa5137e3348a37fcf40372822287bdcd8ee088184a5ef0daaf77f256a8	1	1	1	1	1	0	0	0	0	0	0	0	0	0	0	1
canonical_hybrid_v2_regression:hq01_ht01__repeat02	canonical_hybrid_v2_regression_36	hq01_ht01	2	nt		matched	0	0	1	1	fce662fa5137e3348a37fcf40372822287bdcd8ee088184a5ef0daaf77f256a8	fce662fa5137e3348a37fcf40372822287bdcd8ee088184a5ef0daaf77f256a8	1	1	1	1	1	0	0	0	0	0	0	0	0	0	0	1
canonical_hybrid_v2_regression:hq01_ht02__repeat00	canonical_hybrid_v2_regression_36	hq01_ht02	0	score		matched	0	0	1	1	f3e6ea3aaaa6aa9a2407f2adb574b9dc0d065cc680f597498013c7a2980090f6	f3e6ea3aaaa6aa9a2407f2adb574b9dc0d065cc680f597498013c7a2980090f6	1	1	1	1	1	0	0	0	0	0	0	0	0	0	0	1
canonical_hybrid_v2_regression:hq01_ht02__repeat00	canonical_hybrid_v2_regression_36	hq01_ht02	0	stability		matched	0	0	1	1	f3e6ea3aaaa6aa9a2407f2adb574b9dc0d065cc680f597498013c7a2980090f6	f3e6ea3aaaa6aa9a2407f2adb574b9dc0d065cc680f597498013c7a2980090f6	1	1	1	1	1	0	0	0	0	0	0	0	0	0	0	1
canonical_hybrid_v2_regression:hq01_ht02__repeat00	canonical_hybrid_v2_regression_36	hq01_ht02	0	nt		matched	0	0	1	1	f3e6ea3aaaa6aa9a2407f2adb574b9dc0d065cc680f597498013c7a2980090f6	f3e6ea3aaaa6aa9a2407f2adb574b9dc0d065cc680f597498013c7a2980090f6	1	1	1	1	1	0	0	0	0	0	0	0	0	0	0	1
canonical_hybrid_v2_regression:hq01_ht02__repeat01	canonical_hybrid_v2_regression_36	hq01_ht02	1	score		matched	0	0	1	1	f3e6ea3aaaa6aa9a2407f2adb574b9dc0d065cc680f597498013c7a2980090f6	f3e6ea3aaaa6aa9a2407f2adb574b9dc0d065cc680f597498013c7a2980090f6	1	1	1	1	1	0	0	0	0	0	0	0	0	0	0	1
canonical_hybrid_v2_regression:hq01_ht02__repeat01	canonical_hybrid_v2_regression_36	hq01_ht02	1	stability		matched	0	0	1	1	f3e6ea3aaaa6aa9a2407f2adb574b9dc0d065cc680f597498013c7a2980090f6	f3e6ea3aaaa6aa9a2407f2adb574b9dc0d065cc680f597498013c7a2980090f6	1	1	1	1	1	0	0	0	0	0	0	0	0	0	0	1
canonical_hybrid_v2_regression:hq01_ht02__repeat01	canonical_hybrid_v2_regression_36	hq01_ht02	1	nt		matched	0	0	1	1	f3e6ea3aaaa6aa9a2407f2adb574b9dc0d065cc680f597498013c7a2980090f6	f3e6ea3aaaa6aa9a2407f2adb574b9dc0d065cc680f597498013c7a2980090f6	1	1	1	1	1	0	0	0	0	0	0	0	0	0	0	1
canonical_hybrid_v2_regression:hq01_ht02__repeat02	canonical_hybrid_v2_regression_36	hq01_ht02	2	score		matched	0	0	1	1	f3e6ea3aaaa6aa9a2407f2adb574b9dc0d065cc680f597498013c7a2980090f6	f3e6ea3aaaa6aa9a2407f2adb574b9dc0d065cc680f597498013c7a2980090f6	1	1	1	1	1	0	0	0	0	0	0	0	0	0	0	1
canonical_hybrid_v2_regression:hq01_ht02__repeat02	canonical_hybrid_v2_regression_36	hq01_ht02	2	stability		matched	0	0	1	1	f3e6ea3aaaa6aa9a2407f2adb574b9dc0d065cc680f597498013c7a2980090f6	f3e6ea3aaaa6aa9a2407f2adb574b9dc0d065cc680f597498013c7a2980090f6	1	1	1	1	1	0	0	0	0	0	0	0	0	0	0	1
canonical_hybrid_v2_regression:hq01_ht02__repeat02	canonical_hybrid_v2_regression_36	hq01_ht02	2	nt		matched	0	0	1	1	f3e6ea3aaaa6aa9a2407f2adb574b9dc0d065cc680f597498013c7a2980090f6	f3e6ea3aaaa6aa9a2407f2adb574b9dc0d065cc680f597498013c7a2980090f6	1	1	1	1	1	0	0	0	0	0	0	0	0	0	0	1
canonical_hybrid_v2_regression:hq02_ht01__repeat00	canonical_hybrid_v2_regression_36	hq02_ht01	0	score		matched	0	0	1	1	8d425139a77ea126e6510bbd52bf8a5f48dd83e5b2e12440f4106ad202283fb4	8d425139a77ea126e6510bbd52bf8a5f48dd83e5b2e12440f4106ad202283fb4	1	1	1	1	1	0	0	0	0	0	0	0	0	0	0	1
canonical_hybrid_v2_regression:hq02_ht01__repeat00	canonical_hybrid_v2_regression_36	hq02_ht01	0	stability		matched	0	0	1	1	affe03a8604a2e0a911e0878a40d5c51015b93e751b59fed60d2036c7b83d8b1	affe03a8604a2e0a911e0878a40d5c51015b93e751b59fed60d2036c7b83d8b1	1	1	1	1	1	0	0	0	0	0	0	0	0	0	0	1
canonical_hybrid_v2_regression:hq02_ht01__repeat00	canonical_hybrid_v2_regression_36	hq02_ht01	0	nt		matched	0	0	1	1	affe03a8604a2e0a911e0878a40d5c51015b93e751b59fed60d2036c7b83d8b1	affe03a8604a2e0a911e0878a40d5c51015b93e751b59fed60d2036c7b83d8b1	1	1	1	1	1	0	0	0	0	0	0	0	0	0	0	1
canonical_hybrid_v2_regression:hq02_ht02__repeat00	canonical_hybrid_v2_regression_36	hq02_ht02	0	score		matched	0	0	1	1	3aa20bff43635116fcd89aacf326307f096225bcb28ad3374a6cba0f40d66704	3aa20bff43635116fcd89aacf326307f096225bcb28ad3374a6cba0f40d66704	1	1	1	1	1	0	0	0	0	0	0	0	0	0	0	1
canonical_hybrid_v2_regression:hq02_ht02__repeat00	canonical_hybrid_v2_regression_36	hq02_ht02	0	score		matched	1	1	2	2	2389f5ab635fbf6ff1902e067bdab46996564dd39812248dc54a10170b563ee7	2389f5ab635fbf6ff1902e067bdab46996564dd39812248dc54a10170b563ee7	1	1	1	1	1	0	0	0	0	0	0	0	0	0	0	1
canonical_hybrid_v2_regression:hq02_ht02__repeat00	canonical_hybrid_v2_regression_36	hq02_ht02	0	score		matched	2	2	3	3	fc2519349f5d19ad9aa27c366ff9532d1971e3040ad355068ea7493b95b699a3	fc2519349f5d19ad9aa27c366ff9532d1971e3040ad355068ea7493b95b699a3	1	1	1	1	1	0	0	0	0	0	0	0	0	0	0	1
canonical_hybrid_v2_regression:hq02_ht02__repeat00	canonical_hybrid_v2_regression_36	hq02_ht02	0	stability		matched	0	0	1	1	bcff293b44276ef3a953234ef1dadd4d6014a35fd1d9beaef355ef1a07a40331	bcff293b44276ef3a953234ef1dadd4d6014a35fd1d9beaef355ef1a07a40331	1	1	1	1	1	0	0	0	0	0	0	0	0	0	0	1
canonical_hybrid_v2_regression:hq02_ht02__repeat00	canonical_hybrid_v2_regression_36	hq02_ht02	0	stability		matched	1	1	2	2	2389f5ab635fbf6ff1902e067bdab46996564dd39812248dc54a10170b563ee7	2389f5ab635fbf6ff1902e067bdab46996564dd39812248dc54a10170b563ee7	1	1	1	1	1	0	0	0	0	0	0	0	0	0	0	1
canonical_hybrid_v2_regression:hq02_ht02__repeat00	canonical_hybrid_v2_regression_36	hq02_ht02	0	stability		matched	2	2	3	3	fc2519349f5d19ad9aa27c366ff9532d1971e3040ad355068ea7493b95b699a3	fc2519349f5d19ad9aa27c366ff9532d1971e3040ad355068ea7493b95b699a3	1	1	1	1	1	0	0	0	0	0	0	0	0	0	0	1
canonical_hybrid_v2_regression:hq02_ht02__repeat00	canonical_hybrid_v2_regression_36	hq02_ht02	0	nt		matched	0	0	1	1	bcff293b44276ef3a953234ef1dadd4d6014a35fd1d9beaef355ef1a07a40331	bcff293b44276ef3a953234ef1dadd4d6014a35fd1d9beaef355ef1a07a40331	1	1	1	1	1	0	0	0	0	0	0	0	0	0	0	1
canonical_hybrid_v2_regression:hq02_ht02__repeat00	canonical_hybrid_v2_regression_36	hq02_ht02	0	nt		matched	1	1	2	2	2389f5ab635fbf6ff1902e067bdab46996564dd39812248dc54a10170b563ee7	2389f5ab635fbf6ff1902e067bdab46996564dd39812248dc54a10170b563ee7	1	1	1	1	1	0	0	0	0	0	0	0	0	0	0	1
canonical_hybrid_v2_regression:hq02_ht02__repeat00	canonical_hybrid_v2_regression_36	hq02_ht02	0	nt		matched	2	2	3	3	fc2519349f5d19ad9aa27c366ff9532d1971e3040ad355068ea7493b95b699a3	fc2519349f5d19ad9aa27c366ff9532d1971e3040ad355068ea7493b95b699a3	1	1	1	1	1	0	0	0	0	0	0	0	0	0	0	1
canonical_hybrid_v2_regression:hq03_ht01__repeat00	canonical_hybrid_v2_regression_36	hq03_ht01	0	score		matched	0	0	1	1	0cda4b2a7facb0aba28d7867116fcd2a074cfab4890c9291fe3e1e4d852f522a	0cda4b2a7facb0aba28d7867116fcd2a074cfab4890c9291fe3e1e4d852f522a	1	1	1	1	1	0	0	0	0	0	0	0	0	0	0	1
canonical_hybrid_v2_regression:hq03_ht01__repeat00	canonical_hybrid_v2_regression_36	hq03_ht01	0	score		matched	1	1	2	2	8f49a7e48fe2cf423444515e9aa15c8f54badbc747d01257f798d411bbf4de26	8f49a7e48fe2cf423444515e9aa15c8f54badbc747d01257f798d411bbf4de26	1	1	1	1	1	0	0	0	0	0	0	0	0	0	0	1
canonical_hybrid_v2_regression:hq03_ht01__repeat00	canonical_hybrid_v2_regression_36	hq03_ht01	0	stability		matched	0	0	1	1	8f49a7e48fe2cf423444515e9aa15c8f54badbc747d01257f798d411bbf4de26	8f49a7e48fe2cf423444515e9aa15c8f54badbc747d01257f798d411bbf4de26	1	1	1	1	1	0	0	0	0	0	0	0	0	0	0	1
canonical_hybrid_v2_regression:hq03_ht01__repeat00	canonical_hybrid_v2_regression_36	hq03_ht01	0	stability		matched	1	1	2	2	c6f2ca91cec45b41510a8db672bdbc6c2489fa71f39b6ecad16496bfff1fe267	c6f2ca91cec45b41510a8db672bdbc6c2489fa71f39b6ecad16496bfff1fe267	1	1	1	1	1	0	0	0	0	0	0	0	0	0	0	1
canonical_hybrid_v2_regression:hq03_ht01__repeat00	canonical_hybrid_v2_regression_36	hq03_ht01	0	nt		matched	0	0	1	1	8f49a7e48fe2cf423444515e9aa15c8f54badbc747d01257f798d411bbf4de26	8f49a7e48fe2cf423444515e9aa15c8f54badbc747d01257f798d411bbf4de26	1	1	1	1	1	0	0	0	0	0	0	0	0	0	0	1
canonical_hybrid_v2_regression:hq03_ht01__repeat00	canonical_hybrid_v2_regression_36	hq03_ht01	0	nt		matched	1	1	2	2	0cda4b2a7facb0aba28d7867116fcd2a074cfab4890c9291fe3e1e4d852f522a	0cda4b2a7facb0aba28d7867116fcd2a074cfab4890c9291fe3e1e4d852f522a	1	1	1	1	1	0	0	0	0	0	0	0	0	0	0	1
canonical_hybrid_v2_regression:hq03_ht02__repeat00	canonical_hybrid_v2_regression_36	hq03_ht02	0	score		matched	0	0	1	1	5ab75e2dba5bbe6deda5a45de375b982c1d86c69ae17c037c8dab650b85c99b3	5ab75e2dba5bbe6deda5a45de375b982c1d86c69ae17c037c8dab650b85c99b3	1	1	1	1	1	0	0	0	0	0	0	0	0	0	0	1
canonical_hybrid_v2_regression:hq03_ht02__repeat00	canonical_hybrid_v2_regression_36	hq03_ht02	0	score		matched	1	1	2	2	745643f7a8d8ee7361082fd6254dde6d99fecef066a623034bb189623568655e	745643f7a8d8ee7361082fd6254dde6d99fecef066a623034bb189623568655e	1	1	1	1	1	0	0	0	0	0	0	0	0	0	0	1
canonical_hybrid_v2_regression:hq03_ht02__repeat00	canonical_hybrid_v2_regression_36	hq03_ht02	0	score		matched	2	2	3	3	516a170412f66302bf98c1966bd1631061632b5017e05c1206162d909426e6b7	516a170412f66302bf98c1966bd1631061632b5017e05c1206162d909426e6b7	1	1	1	1	1	0	0	0	0	0	0	0	0	0	0	1
canonical_hybrid_v2_regression:hq03_ht02__repeat00	canonical_hybrid_v2_regression_36	hq03_ht02	0	stability		matched	0	0	1	1	516a170412f66302bf98c1966bd1631061632b5017e05c1206162d909426e6b7	516a170412f66302bf98c1966bd1631061632b5017e05c1206162d909426e6b7	1	1	1	1	1	0	0	0	0	0	0	0	0	0	0	1
canonical_hybrid_v2_regression:hq03_ht02__repeat00	canonical_hybrid_v2_regression_36	hq03_ht02	0	stability		matched	1	1	2	2	5ab75e2dba5bbe6deda5a45de375b982c1d86c69ae17c037c8dab650b85c99b3	5ab75e2dba5bbe6deda5a45de375b982c1d86c69ae17c037c8dab650b85c99b3	1	1	1	1	1	0	0	0	0	0	0	0	0	0	0	1
canonical_hybrid_v2_regression:hq03_ht02__repeat00	canonical_hybrid_v2_regression_36	hq03_ht02	0	stability		matched	2	2	3	3	1158023bcb9f4fba3e03f122526a28a54c26f7246ae6eaf311c8c04903a4bc07	1158023bcb9f4fba3e03f122526a28a54c26f7246ae6eaf311c8c04903a4bc07	1	1	1	1	1	0	0	0	0	0	0	0	0	0	0	1
canonical_hybrid_v2_regression:hq03_ht02__repeat00	canonical_hybrid_v2_regression_36	hq03_ht02	0	nt		matched	0	0	1	1	5ab75e2dba5bbe6deda5a45de375b982c1d86c69ae17c037c8dab650b85c99b3	5ab75e2dba5bbe6deda5a45de375b982c1d86c69ae17c037c8dab650b85c99b3	1	1	1	1	1	0	0	0	0	0	0	0	0	0	0	1
canonical_hybrid_v2_regression:hq03_ht02__repeat00	canonical_hybrid_v2_regression_36	hq03_ht02	0	nt		matched	1	1	2	2	745643f7a8d8ee7361082fd6254dde6d99fecef066a623034bb189623568655e	745643f7a8d8ee7361082fd6254dde6d99fecef066a623034bb189623568655e	1	1	1	1	1	0	0	0	0	0	0	0	0	0	0	1
canonical_hybrid_v2_regression:hq03_ht02__repeat00	canonical_hybrid_v2_regression_36	hq03_ht02	0	nt		matched	2	2	3	3	516a170412f66302bf98c1966bd1631061632b5017e05c1206162d909426e6b7	516a170412f66302bf98c1966bd1631061632b5017e05c1206162d909426e6b7	1	1	1	1	1	0	0	0	0	0	0	0	0	0	0	1
canonical_hybrid_v2_regression:hq04_ht01__repeat00	canonical_hybrid_v2_regression_36	hq04_ht01	0	score		matched	0	0	1	1	307107ce726dd91ead9acd4efc6d04f1e36dc738c2b57939ce98fd8a59d30009	307107ce726dd91ead9acd4efc6d04f1e36dc738c2b57939ce98fd8a59d30009	1	1	1	1	1	0	0	0	0	0	0	0	0	0	0	1
canonical_hybrid_v2_regression:hq04_ht01__repeat00	canonical_hybrid_v2_regression_36	hq04_ht01	0	stability		matched	0	0	1	1	73956137e202f7178f27fbe62b5778a30b3fc94d67576b7f6c93d384c6cba506	73956137e202f7178f27fbe62b5778a30b3fc94d67576b7f6c93d384c6cba506	1	1	1	1	1	0	0	0	0	0	0	0	0	0	0	1
canonical_hybrid_v2_regression:hq04_ht01__repeat00	canonical_hybrid_v2_regression_36	hq04_ht01	0	nt		matched	0	0	1	1	73956137e202f7178f27fbe62b5778a30b3fc94d67576b7f6c93d384c6cba506	73956137e202f7178f27fbe62b5778a30b3fc94d67576b7f6c93d384c6cba506	1	1	1	1	1	0	0	0	0	0	0	0	0	0	0	1
canonical_hybrid_v2_regression:hq04_ht02__repeat00	canonical_hybrid_v2_regression_36	hq04_ht02	0	score		matched	0	0	1	1	ddee3d3f8550274e93dec603f51ebd85836d4583af4dc38fdb678194a9ab6ef3	ddee3d3f8550274e93dec603f51ebd85836d4583af4dc38fdb678194a9ab6ef3	1	1	1	1	1	0	0	0	0	0	0	0	0	0	0	1
canonical_hybrid_v2_regression:hq04_ht02__repeat00	canonical_hybrid_v2_regression_36	hq04_ht02	0	stability		matched	0	0	1	1	3faf8ed1e37eb931d384c71efdd33066dcb913f91d4b99c38cfa9a077ab2140e	3faf8ed1e37eb931d384c71efdd33066dcb913f91d4b99c38cfa9a077ab2140e	1	1	1	1	1	0	0	0	0	0	0	0	0	0	0	1
canonical_hybrid_v2_regression:hq04_ht02__repeat00	canonical_hybrid_v2_regression_36	hq04_ht02	0	nt		matched	0	0	1	1	ba3b293697db411d5ffe5932d51b1ada47a3d42d7cb7d8de0d8ede8b4b4f3388	ba3b293697db411d5ffe5932d51b1ada47a3d42d7cb7d8de0d8ede8b4b4f3388	1	1	1	1	1	0	0	0	0	0	0	0	0	0	0	1
canonical_hybrid_v2_regression:hq05_ht01__repeat00	canonical_hybrid_v2_regression_36	hq05_ht01	0	score		matched	0	0	1	1	fbbb6627d36d0d8f42cb9476f21aba023c9f1065103937bcf9c573e0ce482da9	fbbb6627d36d0d8f42cb9476f21aba023c9f1065103937bcf9c573e0ce482da9	1	1	1	1	1	0	0	0	0	0	0	0	0	0	0	1
canonical_hybrid_v2_regression:hq05_ht01__repeat00	canonical_hybrid_v2_regression_36	hq05_ht01	0	score		matched	1	1	2	2	f45c7cfb9f04201b13b35194ce4b9a7cc2278d8f1a6437e07d5115f6e3be0e3a	f45c7cfb9f04201b13b35194ce4b9a7cc2278d8f1a6437e07d5115f6e3be0e3a	1	1	1	1	1	0	0	0	0	0	0	0	0	0	0	1
canonical_hybrid_v2_regression:hq05_ht01__repeat00	canonical_hybrid_v2_regression_36	hq05_ht01	0	score		matched	2	2	3	3	6f60124ff5bfbf0b2635d27174fcb3a92246efe46b99eb1c906d9f91a6bed9e3	6f60124ff5bfbf0b2635d27174fcb3a92246efe46b99eb1c906d9f91a6bed9e3	1	1	1	1	1	0	0	0	0	0	0	0	0	0	0	1
canonical_hybrid_v2_regression:hq05_ht01__repeat00	canonical_hybrid_v2_regression_36	hq05_ht01	0	score		matched	3	3	4	4	9eaca95b708986d2be036d01a89bd2a0be14a8ed30e0b00d4763e49be98d60bd	9eaca95b708986d2be036d01a89bd2a0be14a8ed30e0b00d4763e49be98d60bd	1	1	1	1	1	0	0	0	0	0	0	0	0	0	0	1
canonical_hybrid_v2_regression:hq05_ht01__repeat00	canonical_hybrid_v2_regression_36	hq05_ht01	0	score		matched	4	4	5	5	801e153cd1914f049040fac69f8f71e2a4396968e71e402562b2518def353e2f	801e153cd1914f049040fac69f8f71e2a4396968e71e402562b2518def353e2f	1	1	1	1	1	0	0	0	0	0	0	0	0	0	0	1
canonical_hybrid_v2_regression:hq05_ht01__repeat00	canonical_hybrid_v2_regression_36	hq05_ht01	0	stability		matched	0	0	1	1	002df6d3d1653db9e6036875322265d1e8aed189db41adbafffd1cd51419e07b	002df6d3d1653db9e6036875322265d1e8aed189db41adbafffd1cd51419e07b	1	1	1	1	1	0	0	0	0	0	0	0	0	0	0	1
canonical_hybrid_v2_regression:hq05_ht01__repeat00	canonical_hybrid_v2_regression_36	hq05_ht01	0	stability		matched	1	1	2	2	432f9daa6af1e15ce26947dcc1d48e4ff3e9a63b110d810d40cd2c6de2f442b5	432f9daa6af1e15ce26947dcc1d48e4ff3e9a63b110d810d40cd2c6de2f442b5	1	1	1	1	1	0	0	0	0	0	0	0	0	0	0	1
canonical_hybrid_v2_regression:hq05_ht01__repeat00	canonical_hybrid_v2_regression_36	hq05_ht01	0	stability		matched	2	2	3	3	4a57dededfc638170b67502382d05a3836055986a97150bec3d82cd91990d87d	4a57dededfc638170b67502382d05a3836055986a97150bec3d82cd91990d87d	1	1	1	1	1	0	0	0	0	0	0	0	0	0	0	1
canonical_hybrid_v2_regression:hq05_ht01__repeat00	canonical_hybrid_v2_regression_36	hq05_ht01	0	stability		matched	3	3	4	4	801e153cd1914f049040fac69f8f71e2a4396968e71e402562b2518def353e2f	801e153cd1914f049040fac69f8f71e2a4396968e71e402562b2518def353e2f	1	1	1	1	1	0	0	0	0	0	0	0	0	0	0	1
canonical_hybrid_v2_regression:hq05_ht01__repeat00	canonical_hybrid_v2_regression_36	hq05_ht01	0	stability		matched	4	4	5	5	308b7d789109689038de733601c0d7191f29cc5078da79dd199067543e352308	308b7d789109689038de733601c0d7191f29cc5078da79dd199067543e352308	1	1	1	1	1	0	0	0	0	0	0	0	0	0	0	1
canonical_hybrid_v2_regression:hq05_ht01__repeat00	canonical_hybrid_v2_regression_36	hq05_ht01	0	nt		matched	0	0	1	1	a75e7897359ab23f0442b1eb908e131b37f564bb45f76d4def9a10b2d3c2dfcb	a75e7897359ab23f0442b1eb908e131b37f564bb45f76d4def9a10b2d3c2dfcb	1	1	1	1	1	0	0	0	0	0	0	0	0	0	0	1
canonical_hybrid_v2_regression:hq05_ht01__repeat00	canonical_hybrid_v2_regression_36	hq05_ht01	0	nt		matched	1	1	2	2	9eaca95b708986d2be036d01a89bd2a0be14a8ed30e0b00d4763e49be98d60bd	9eaca95b708986d2be036d01a89bd2a0be14a8ed30e0b00d4763e49be98d60bd	1	1	1	1	1	0	0	0	0	0	0	0	0	0	0	1
canonical_hybrid_v2_regression:hq05_ht01__repeat00	canonical_hybrid_v2_regression_36	hq05_ht01	0	nt		matched	2	2	3	3	f45c7cfb9f04201b13b35194ce4b9a7cc2278d8f1a6437e07d5115f6e3be0e3a	f45c7cfb9f04201b13b35194ce4b9a7cc2278d8f1a6437e07d5115f6e3be0e3a	1	1	1	1	1	0	0	0	0	0	0	0	0	0	0	1
canonical_hybrid_v2_regression:hq05_ht01__repeat00	canonical_hybrid_v2_regression_36	hq05_ht01	0	nt		matched	3	3	4	4	432f9daa6af1e15ce26947dcc1d48e4ff3e9a63b110d810d40cd2c6de2f442b5	432f9daa6af1e15ce26947dcc1d48e4ff3e9a63b110d810d40cd2c6de2f442b5	1	1	1	1	1	0	0	0	0	0	0	0	0	0	0	1
canonical_hybrid_v2_regression:hq05_ht01__repeat00	canonical_hybrid_v2_regression_36	hq05_ht01	0	nt		matched	4	4	5	5	801e153cd1914f049040fac69f8f71e2a4396968e71e402562b2518def353e2f	801e153cd1914f049040fac69f8f71e2a4396968e71e402562b2518def353e2f	1	1	1	1	1	0	0	0	0	0	0	0	0	0	0	1
canonical_hybrid_v2_regression:hq05_ht01__repeat01	canonical_hybrid_v2_regression_36	hq05_ht01	1	score		matched	0	0	1	1	fbbb6627d36d0d8f42cb9476f21aba023c9f1065103937bcf9c573e0ce482da9	fbbb6627d36d0d8f42cb9476f21aba023c9f1065103937bcf9c573e0ce482da9	1	1	1	1	1	0	0	0	0	0	0	0	0	0	0	1
canonical_hybrid_v2_regression:hq05_ht01__repeat01	canonical_hybrid_v2_regression_36	hq05_ht01	1	score		matched	1	1	2	2	f45c7cfb9f04201b13b35194ce4b9a7cc2278d8f1a6437e07d5115f6e3be0e3a	f45c7cfb9f04201b13b35194ce4b9a7cc2278d8f1a6437e07d5115f6e3be0e3a	1	1	1	1	1	0	0	0	0	0	0	0	0	0	0	1
canonical_hybrid_v2_regression:hq05_ht01__repeat01	canonical_hybrid_v2_regression_36	hq05_ht01	1	score		matched	2	2	3	3	6f60124ff5bfbf0b2635d27174fcb3a92246efe46b99eb1c906d9f91a6bed9e3	6f60124ff5bfbf0b2635d27174fcb3a92246efe46b99eb1c906d9f91a6bed9e3	1	1	1	1	1	0	0	0	0	0	0	0	0	0	0	1
canonical_hybrid_v2_regression:hq05_ht01__repeat01	canonical_hybrid_v2_regression_36	hq05_ht01	1	score		matched	3	3	4	4	9eaca95b708986d2be036d01a89bd2a0be14a8ed30e0b00d4763e49be98d60bd	9eaca95b708986d2be036d01a89bd2a0be14a8ed30e0b00d4763e49be98d60bd	1	1	1	1	1	0	0	0	0	0	0	0	0	0	0	1
canonical_hybrid_v2_regression:hq05_ht01__repeat01	canonical_hybrid_v2_regression_36	hq05_ht01	1	score		matched	4	4	5	5	801e153cd1914f049040fac69f8f71e2a4396968e71e402562b2518def353e2f	801e153cd1914f049040fac69f8f71e2a4396968e71e402562b2518def353e2f	1	1	1	1	1	0	0	0	0	0	0	0	0	0	0	1
canonical_hybrid_v2_regression:hq05_ht01__repeat01	canonical_hybrid_v2_regression_36	hq05_ht01	1	stability		matched	0	0	1	1	002df6d3d1653db9e6036875322265d1e8aed189db41adbafffd1cd51419e07b	002df6d3d1653db9e6036875322265d1e8aed189db41adbafffd1cd51419e07b	1	1	1	1	1	0	0	0	0	0	0	0	0	0	0	1
canonical_hybrid_v2_regression:hq05_ht01__repeat01	canonical_hybrid_v2_regression_36	hq05_ht01	1	stability		matched	1	1	2	2	432f9daa6af1e15ce26947dcc1d48e4ff3e9a63b110d810d40cd2c6de2f442b5	432f9daa6af1e15ce26947dcc1d48e4ff3e9a63b110d810d40cd2c6de2f442b5	1	1	1	1	1	0	0	0	0	0	0	0	0	0	0	1
canonical_hybrid_v2_regression:hq05_ht01__repeat01	canonical_hybrid_v2_regression_36	hq05_ht01	1	stability		matched	2	2	3	3	4a57dededfc638170b67502382d05a3836055986a97150bec3d82cd91990d87d	4a57dededfc638170b67502382d05a3836055986a97150bec3d82cd91990d87d	1	1	1	1	1	0	0	0	0	0	0	0	0	0	0	1
canonical_hybrid_v2_regression:hq05_ht01__repeat01	canonical_hybrid_v2_regression_36	hq05_ht01	1	stability		matched	3	3	4	4	801e153cd1914f049040fac69f8f71e2a4396968e71e402562b2518def353e2f	801e153cd1914f049040fac69f8f71e2a4396968e71e402562b2518def353e2f	1	1	1	1	1	0	0	0	0	0	0	0	0	0	0	1
canonical_hybrid_v2_regression:hq05_ht01__repeat01	canonical_hybrid_v2_regression_36	hq05_ht01	1	stability		matched	4	4	5	5	308b7d789109689038de733601c0d7191f29cc5078da79dd199067543e352308	308b7d789109689038de733601c0d7191f29cc5078da79dd199067543e352308	1	1	1	1	1	0	0	0	0	0	0	0	0	0	0	1
canonical_hybrid_v2_regression:hq05_ht01__repeat01	canonical_hybrid_v2_regression_36	hq05_ht01	1	nt		matched	0	0	1	1	a75e7897359ab23f0442b1eb908e131b37f564bb45f76d4def9a10b2d3c2dfcb	a75e7897359ab23f0442b1eb908e131b37f564bb45f76d4def9a10b2d3c2dfcb	1	1	1	1	1	0	0	0	0	0	0	0	0	0	0	1
canonical_hybrid_v2_regression:hq05_ht01__repeat01	canonical_hybrid_v2_regression_36	hq05_ht01	1	nt		matched	1	1	2	2	9eaca95b708986d2be036d01a89bd2a0be14a8ed30e0b00d4763e49be98d60bd	9eaca95b708986d2be036d01a89bd2a0be14a8ed30e0b00d4763e49be98d60bd	1	1	1	1	1	0	0	0	0	0	0	0	0	0	0	1
canonical_hybrid_v2_regression:hq05_ht01__repeat01	canonical_hybrid_v2_regression_36	hq05_ht01	1	nt		matched	2	2	3	3	f45c7cfb9f04201b13b35194ce4b9a7cc2278d8f1a6437e07d5115f6e3be0e3a	f45c7cfb9f04201b13b35194ce4b9a7cc2278d8f1a6437e07d5115f6e3be0e3a	1	1	1	1	1	0	0	0	0	0	0	0	0	0	0	1
canonical_hybrid_v2_regression:hq05_ht01__repeat01	canonical_hybrid_v2_regression_36	hq05_ht01	1	nt		matched	3	3	4	4	432f9daa6af1e15ce26947dcc1d48e4ff3e9a63b110d810d40cd2c6de2f442b5	432f9daa6af1e15ce26947dcc1d48e4ff3e9a63b110d810d40cd2c6de2f442b5	1	1	1	1	1	0	0	0	0	0	0	0	0	0	0	1
canonical_hybrid_v2_regression:hq05_ht01__repeat01	canonical_hybrid_v2_regression_36	hq05_ht01	1	nt		matched	4	4	5	5	801e153cd1914f049040fac69f8f71e2a4396968e71e402562b2518def353e2f	801e153cd1914f049040fac69f8f71e2a4396968e71e402562b2518def353e2f	1	1	1	1	1	0	0	0	0	0	0	0	0	0	0	1
canonical_hybrid_v2_regression:hq05_ht01__repeat02	canonical_hybrid_v2_regression_36	hq05_ht01	2	score		matched	0	0	1	1	fbbb6627d36d0d8f42cb9476f21aba023c9f1065103937bcf9c573e0ce482da9	fbbb6627d36d0d8f42cb9476f21aba023c9f1065103937bcf9c573e0ce482da9	1	1	1	1	1	0	0	0	0	0	0	0	0	0	0	1
canonical_hybrid_v2_regression:hq05_ht01__repeat02	canonical_hybrid_v2_regression_36	hq05_ht01	2	score		matched	1	1	2	2	f45c7cfb9f04201b13b35194ce4b9a7cc2278d8f1a6437e07d5115f6e3be0e3a	f45c7cfb9f04201b13b35194ce4b9a7cc2278d8f1a6437e07d5115f6e3be0e3a	1	1	1	1	1	0	0	0	0	0	0	0	0	0	0	1
canonical_hybrid_v2_regression:hq05_ht01__repeat02	canonical_hybrid_v2_regression_36	hq05_ht01	2	score		matched	2	2	3	3	6f60124ff5bfbf0b2635d27174fcb3a92246efe46b99eb1c906d9f91a6bed9e3	6f60124ff5bfbf0b2635d27174fcb3a92246efe46b99eb1c906d9f91a6bed9e3	1	1	1	1	1	0	0	0	0	0	0	0	0	0	0	1
canonical_hybrid_v2_regression:hq05_ht01__repeat02	canonical_hybrid_v2_regression_36	hq05_ht01	2	score		matched	3	3	4	4	9eaca95b708986d2be036d01a89bd2a0be14a8ed30e0b00d4763e49be98d60bd	9eaca95b708986d2be036d01a89bd2a0be14a8ed30e0b00d4763e49be98d60bd	1	1	1	1	1	0	0	0	0	0	0	0	0	0	0	1
canonical_hybrid_v2_regression:hq05_ht01__repeat02	canonical_hybrid_v2_regression_36	hq05_ht01	2	score		matched	4	4	5	5	801e153cd1914f049040fac69f8f71e2a4396968e71e402562b2518def353e2f	801e153cd1914f049040fac69f8f71e2a4396968e71e402562b2518def353e2f	1	1	1	1	1	0	0	0	0	0	0	0	0	0	0	1
canonical_hybrid_v2_regression:hq05_ht01__repeat02	canonical_hybrid_v2_regression_36	hq05_ht01	2	stability		matched	0	0	1	1	002df6d3d1653db9e6036875322265d1e8aed189db41adbafffd1cd51419e07b	002df6d3d1653db9e6036875322265d1e8aed189db41adbafffd1cd51419e07b	1	1	1	1	1	0	0	0	0	0	0	0	0	0	0	1
canonical_hybrid_v2_regression:hq05_ht01__repeat02	canonical_hybrid_v2_regression_36	hq05_ht01	2	stability		matched	1	1	2	2	432f9daa6af1e15ce26947dcc1d48e4ff3e9a63b110d810d40cd2c6de2f442b5	432f9daa6af1e15ce26947dcc1d48e4ff3e9a63b110d810d40cd2c6de2f442b5	1	1	1	1	1	0	0	0	0	0	0	0	0	0	0	1
canonical_hybrid_v2_regression:hq05_ht01__repeat02	canonical_hybrid_v2_regression_36	hq05_ht01	2	stability		matched	2	2	3	3	4a57dededfc638170b67502382d05a3836055986a97150bec3d82cd91990d87d	4a57dededfc638170b67502382d05a3836055986a97150bec3d82cd91990d87d	1	1	1	1	1	0	0	0	0	0	0	0	0	0	0	1
canonical_hybrid_v2_regression:hq05_ht01__repeat02	canonical_hybrid_v2_regression_36	hq05_ht01	2	stability		matched	3	3	4	4	801e153cd1914f049040fac69f8f71e2a4396968e71e402562b2518def353e2f	801e153cd1914f049040fac69f8f71e2a4396968e71e402562b2518def353e2f	1	1	1	1	1	0	0	0	0	0	0	0	0	0	0	1
canonical_hybrid_v2_regression:hq05_ht01__repeat02	canonical_hybrid_v2_regression_36	hq05_ht01	2	stability		matched	4	4	5	5	308b7d789109689038de733601c0d7191f29cc5078da79dd199067543e352308	308b7d789109689038de733601c0d7191f29cc5078da79dd199067543e352308	1	1	1	1	1	0	0	0	0	0	0	0	0	0	0	1
canonical_hybrid_v2_regression:hq05_ht01__repeat02	canonical_hybrid_v2_regression_36	hq05_ht01	2	nt		matched	0	0	1	1	a75e7897359ab23f0442b1eb908e131b37f564bb45f76d4def9a10b2d3c2dfcb	a75e7897359ab23f0442b1eb908e131b37f564bb45f76d4def9a10b2d3c2dfcb	1	1	1	1	1	0	0	0	0	0	0	0	0	0	0	1
canonical_hybrid_v2_regression:hq05_ht01__repeat02	canonical_hybrid_v2_regression_36	hq05_ht01	2	nt		matched	1	1	2	2	9eaca95b708986d2be036d01a89bd2a0be14a8ed30e0b00d4763e49be98d60bd	9eaca95b708986d2be036d01a89bd2a0be14a8ed30e0b00d4763e49be98d60bd	1	1	1	1	1	0	0	0	0	0	0	0	0	0	0	1
canonical_hybrid_v2_regression:hq05_ht01__repeat02	canonical_hybrid_v2_regression_36	hq05_ht01	2	nt		matched	2	2	3	3	f45c7cfb9f04201b13b35194ce4b9a7cc2278d8f1a6437e07d5115f6e3be0e3a	f45c7cfb9f04201b13b35194ce4b9a7cc2278d8f1a6437e07d5115f6e3be0e3a	1	1	1	1	1	0	0	0	0	0	0	0	0	0	0	1
canonical_hybrid_v2_regression:hq05_ht01__repeat02	canonical_hybrid_v2_regression_36	hq05_ht01	2	nt		matched	3	3	4	4	432f9daa6af1e15ce26947dcc1d48e4ff3e9a63b110d810d40cd2c6de2f442b5	432f9daa6af1e15ce26947dcc1d48e4ff3e9a63b110d810d40cd2c6de2f442b5	1	1	1	1	1	0	0	0	0	0	0	0	0	0	0	1
canonical_hybrid_v2_regression:hq05_ht01__repeat02	canonical_hybrid_v2_regression_36	hq05_ht01	2	nt		matched	4	4	5	5	801e153cd1914f049040fac69f8f71e2a4396968e71e402562b2518def353e2f	801e153cd1914f049040fac69f8f71e2a4396968e71e402562b2518def353e2f	1	1	1	1	1	0	0	0	0	0	0	0	0	0	0	1
canonical_hybrid_v2_regression:hq05_ht02__repeat00	canonical_hybrid_v2_regression_36	hq05_ht02	0	score		matched	0	0	1	1	74f1fd0e079f4ef5cb234a8d01c3605bd857f2a1d24436a9ccf79315750087a6	74f1fd0e079f4ef5cb234a8d01c3605bd857f2a1d24436a9ccf79315750087a6	1	1	1	1	1	0	0	0	0	0	0	0	0	0	0	1
canonical_hybrid_v2_regression:hq05_ht02__repeat00	canonical_hybrid_v2_regression_36	hq05_ht02	0	score		matched	1	1	2	2	102aeeb7f2864eb2c0796d578d20531a2b58ae6d3250a6528e0b4f0b3586dd0d	102aeeb7f2864eb2c0796d578d20531a2b58ae6d3250a6528e0b4f0b3586dd0d	1	1	1	1	1	0	0	0	0	0	0	0	0	0	0	1
canonical_hybrid_v2_regression:hq05_ht02__repeat00	canonical_hybrid_v2_regression_36	hq05_ht02	0	score		matched	2	2	3	3	ef140a0dc65b58c32be935d556a2220425d8c3308056b436a7a483251e257eb5	ef140a0dc65b58c32be935d556a2220425d8c3308056b436a7a483251e257eb5	1	1	1	1	1	0	0	0	0	0	0	0	0	0	0	1
canonical_hybrid_v2_regression:hq05_ht02__repeat00	canonical_hybrid_v2_regression_36	hq05_ht02	0	score		matched	3	3	4	4	26003ed574132522e230bc67e930f1d3b55fe9cb281fa30c4ff457baa1ac8406	26003ed574132522e230bc67e930f1d3b55fe9cb281fa30c4ff457baa1ac8406	1	1	1	1	1	0	0	0	0	0	0	0	0	0	0	1
canonical_hybrid_v2_regression:hq05_ht02__repeat00	canonical_hybrid_v2_regression_36	hq05_ht02	0	score		matched	4	4	5	5	02221d429c57e3314ded62089cae10cbbf11a1d0f597de45056929b9cb052644	02221d429c57e3314ded62089cae10cbbf11a1d0f597de45056929b9cb052644	1	1	1	1	1	0	0	0	0	0	0	0	0	0	0	1
canonical_hybrid_v2_regression:hq05_ht02__repeat00	canonical_hybrid_v2_regression_36	hq05_ht02	0	stability		matched	0	0	1	1	74f1fd0e079f4ef5cb234a8d01c3605bd857f2a1d24436a9ccf79315750087a6	74f1fd0e079f4ef5cb234a8d01c3605bd857f2a1d24436a9ccf79315750087a6	1	1	1	1	1	0	0	0	0	0	0	0	0	0	0	1
canonical_hybrid_v2_regression:hq05_ht02__repeat00	canonical_hybrid_v2_regression_36	hq05_ht02	0	stability		matched	1	1	2	2	2173b075007c1863902404fbc7bec71a3095ba81b0c14b0218c807c0674fea39	2173b075007c1863902404fbc7bec71a3095ba81b0c14b0218c807c0674fea39	1	1	1	1	1	0	0	0	0	0	0	0	0	0	0	1
canonical_hybrid_v2_regression:hq05_ht02__repeat00	canonical_hybrid_v2_regression_36	hq05_ht02	0	stability		matched	2	2	3	3	ef140a0dc65b58c32be935d556a2220425d8c3308056b436a7a483251e257eb5	ef140a0dc65b58c32be935d556a2220425d8c3308056b436a7a483251e257eb5	1	1	1	1	1	0	0	0	0	0	0	0	0	0	0	1
canonical_hybrid_v2_regression:hq05_ht02__repeat00	canonical_hybrid_v2_regression_36	hq05_ht02	0	stability		matched	3	3	4	4	02221d429c57e3314ded62089cae10cbbf11a1d0f597de45056929b9cb052644	02221d429c57e3314ded62089cae10cbbf11a1d0f597de45056929b9cb052644	1	1	1	1	1	0	0	0	0	0	0	0	0	0	0	1
canonical_hybrid_v2_regression:hq05_ht02__repeat00	canonical_hybrid_v2_regression_36	hq05_ht02	0	stability		matched	4	4	5	5	26003ed574132522e230bc67e930f1d3b55fe9cb281fa30c4ff457baa1ac8406	26003ed574132522e230bc67e930f1d3b55fe9cb281fa30c4ff457baa1ac8406	1	1	1	1	1	0	0	0	0	0	0	0	0	0	0	1
canonical_hybrid_v2_regression:hq05_ht02__repeat00	canonical_hybrid_v2_regression_36	hq05_ht02	0	nt		matched	0	0	1	1	102aeeb7f2864eb2c0796d578d20531a2b58ae6d3250a6528e0b4f0b3586dd0d	102aeeb7f2864eb2c0796d578d20531a2b58ae6d3250a6528e0b4f0b3586dd0d	1	1	1	1	1	0	0	0	0	0	0	0	0	0	0	1
canonical_hybrid_v2_regression:hq05_ht02__repeat00	canonical_hybrid_v2_regression_36	hq05_ht02	0	nt		matched	1	1	2	2	74c592e237ec3c57584376e5306785442db1e84fdc603a3db8e141280e2c0e89	74c592e237ec3c57584376e5306785442db1e84fdc603a3db8e141280e2c0e89	1	1	1	1	1	0	0	0	0	0	0	0	0	0	0	1
canonical_hybrid_v2_regression:hq05_ht02__repeat00	canonical_hybrid_v2_regression_36	hq05_ht02	0	nt		matched	2	2	3	3	02221d429c57e3314ded62089cae10cbbf11a1d0f597de45056929b9cb052644	02221d429c57e3314ded62089cae10cbbf11a1d0f597de45056929b9cb052644	1	1	1	1	1	0	0	0	0	0	0	0	0	0	0	1
canonical_hybrid_v2_regression:hq05_ht02__repeat00	canonical_hybrid_v2_regression_36	hq05_ht02	0	nt		matched	3	3	4	4	26003ed574132522e230bc67e930f1d3b55fe9cb281fa30c4ff457baa1ac8406	26003ed574132522e230bc67e930f1d3b55fe9cb281fa30c4ff457baa1ac8406	1	1	1	1	1	0	0	0	0	0	0	0	0	0	0	1
canonical_hybrid_v2_regression:hq05_ht02__repeat00	canonical_hybrid_v2_regression_36	hq05_ht02	0	nt		matched	4	4	5	5	670d8985956d2d17325f1e1fad393de63255ca541f32136dd9e31a3bbf025807	670d8985956d2d17325f1e1fad393de63255ca541f32136dd9e31a3bbf025807	1	1	1	1	1	0	0	0	0	0	0	0	0	0	0	1
canonical_hybrid_v2_regression:hq05_ht02__repeat01	canonical_hybrid_v2_regression_36	hq05_ht02	1	score		matched	0	0	1	1	74f1fd0e079f4ef5cb234a8d01c3605bd857f2a1d24436a9ccf79315750087a6	74f1fd0e079f4ef5cb234a8d01c3605bd857f2a1d24436a9ccf79315750087a6	1	1	1	1	1	0	0	0	0	0	0	0	0	0	0	1
canonical_hybrid_v2_regression:hq05_ht02__repeat01	canonical_hybrid_v2_regression_36	hq05_ht02	1	score		matched	1	1	2	2	102aeeb7f2864eb2c0796d578d20531a2b58ae6d3250a6528e0b4f0b3586dd0d	102aeeb7f2864eb2c0796d578d20531a2b58ae6d3250a6528e0b4f0b3586dd0d	1	1	1	1	1	0	0	0	0	0	0	0	0	0	0	1
canonical_hybrid_v2_regression:hq05_ht02__repeat01	canonical_hybrid_v2_regression_36	hq05_ht02	1	score		matched	2	2	3	3	ef140a0dc65b58c32be935d556a2220425d8c3308056b436a7a483251e257eb5	ef140a0dc65b58c32be935d556a2220425d8c3308056b436a7a483251e257eb5	1	1	1	1	1	0	0	0	0	0	0	0	0	0	0	1
canonical_hybrid_v2_regression:hq05_ht02__repeat01	canonical_hybrid_v2_regression_36	hq05_ht02	1	score		matched	3	3	4	4	26003ed574132522e230bc67e930f1d3b55fe9cb281fa30c4ff457baa1ac8406	26003ed574132522e230bc67e930f1d3b55fe9cb281fa30c4ff457baa1ac8406	1	1	1	1	1	0	0	0	0	0	0	0	0	0	0	1
canonical_hybrid_v2_regression:hq05_ht02__repeat01	canonical_hybrid_v2_regression_36	hq05_ht02	1	score		matched	4	4	5	5	02221d429c57e3314ded62089cae10cbbf11a1d0f597de45056929b9cb052644	02221d429c57e3314ded62089cae10cbbf11a1d0f597de45056929b9cb052644	1	1	1	1	1	0	0	0	0	0	0	0	0	0	0	1
canonical_hybrid_v2_regression:hq05_ht02__repeat01	canonical_hybrid_v2_regression_36	hq05_ht02	1	stability		matched	0	0	1	1	74f1fd0e079f4ef5cb234a8d01c3605bd857f2a1d24436a9ccf79315750087a6	74f1fd0e079f4ef5cb234a8d01c3605bd857f2a1d24436a9ccf79315750087a6	1	1	1	1	1	0	0	0	0	0	0	0	0	0	0	1
canonical_hybrid_v2_regression:hq05_ht02__repeat01	canonical_hybrid_v2_regression_36	hq05_ht02	1	stability		matched	1	1	2	2	2173b075007c1863902404fbc7bec71a3095ba81b0c14b0218c807c0674fea39	2173b075007c1863902404fbc7bec71a3095ba81b0c14b0218c807c0674fea39	1	1	1	1	1	0	0	0	0	0	0	0	0	0	0	1
canonical_hybrid_v2_regression:hq05_ht02__repeat01	canonical_hybrid_v2_regression_36	hq05_ht02	1	stability		matched	2	2	3	3	ef140a0dc65b58c32be935d556a2220425d8c3308056b436a7a483251e257eb5	ef140a0dc65b58c32be935d556a2220425d8c3308056b436a7a483251e257eb5	1	1	1	1	1	0	0	0	0	0	0	0	0	0	0	1
canonical_hybrid_v2_regression:hq05_ht02__repeat01	canonical_hybrid_v2_regression_36	hq05_ht02	1	stability		matched	3	3	4	4	02221d429c57e3314ded62089cae10cbbf11a1d0f597de45056929b9cb052644	02221d429c57e3314ded62089cae10cbbf11a1d0f597de45056929b9cb052644	1	1	1	1	1	0	0	0	0	0	0	0	0	0	0	1
canonical_hybrid_v2_regression:hq05_ht02__repeat01	canonical_hybrid_v2_regression_36	hq05_ht02	1	stability		matched	4	4	5	5	26003ed574132522e230bc67e930f1d3b55fe9cb281fa30c4ff457baa1ac8406	26003ed574132522e230bc67e930f1d3b55fe9cb281fa30c4ff457baa1ac8406	1	1	1	1	1	0	0	0	0	0	0	0	0	0	0	1
canonical_hybrid_v2_regression:hq05_ht02__repeat01	canonical_hybrid_v2_regression_36	hq05_ht02	1	nt		matched	0	0	1	1	102aeeb7f2864eb2c0796d578d20531a2b58ae6d3250a6528e0b4f0b3586dd0d	102aeeb7f2864eb2c0796d578d20531a2b58ae6d3250a6528e0b4f0b3586dd0d	1	1	1	1	1	0	0	0	0	0	0	0	0	0	0	1
canonical_hybrid_v2_regression:hq05_ht02__repeat01	canonical_hybrid_v2_regression_36	hq05_ht02	1	nt		matched	1	1	2	2	74c592e237ec3c57584376e5306785442db1e84fdc603a3db8e141280e2c0e89	74c592e237ec3c57584376e5306785442db1e84fdc603a3db8e141280e2c0e89	1	1	1	1	1	0	0	0	0	0	0	0	0	0	0	1
canonical_hybrid_v2_regression:hq05_ht02__repeat01	canonical_hybrid_v2_regression_36	hq05_ht02	1	nt		matched	2	2	3	3	02221d429c57e3314ded62089cae10cbbf11a1d0f597de45056929b9cb052644	02221d429c57e3314ded62089cae10cbbf11a1d0f597de45056929b9cb052644	1	1	1	1	1	0	0	0	0	0	0	0	0	0	0	1
canonical_hybrid_v2_regression:hq05_ht02__repeat01	canonical_hybrid_v2_regression_36	hq05_ht02	1	nt		matched	3	3	4	4	26003ed574132522e230bc67e930f1d3b55fe9cb281fa30c4ff457baa1ac8406	26003ed574132522e230bc67e930f1d3b55fe9cb281fa30c4ff457baa1ac8406	1	1	1	1	1	0	0	0	0	0	0	0	0	0	0	1
canonical_hybrid_v2_regression:hq05_ht02__repeat01	canonical_hybrid_v2_regression_36	hq05_ht02	1	nt		matched	4	4	5	5	670d8985956d2d17325f1e1fad393de63255ca541f32136dd9e31a3bbf025807	670d8985956d2d17325f1e1fad393de63255ca541f32136dd9e31a3bbf025807	1	1	1	1	1	0	0	0	0	0	0	0	0	0	0	1
canonical_hybrid_v2_regression:hq05_ht02__repeat02	canonical_hybrid_v2_regression_36	hq05_ht02	2	score		matched	0	0	1	1	74f1fd0e079f4ef5cb234a8d01c3605bd857f2a1d24436a9ccf79315750087a6	74f1fd0e079f4ef5cb234a8d01c3605bd857f2a1d24436a9ccf79315750087a6	1	1	1	1	1	0	0	0	0	0	0	0	0	0	0	1
canonical_hybrid_v2_regression:hq05_ht02__repeat02	canonical_hybrid_v2_regression_36	hq05_ht02	2	score		matched	1	1	2	2	102aeeb7f2864eb2c0796d578d20531a2b58ae6d3250a6528e0b4f0b3586dd0d	102aeeb7f2864eb2c0796d578d20531a2b58ae6d3250a6528e0b4f0b3586dd0d	1	1	1	1	1	0	0	0	0	0	0	0	0	0	0	1
canonical_hybrid_v2_regression:hq05_ht02__repeat02	canonical_hybrid_v2_regression_36	hq05_ht02	2	score		matched	2	2	3	3	ef140a0dc65b58c32be935d556a2220425d8c3308056b436a7a483251e257eb5	ef140a0dc65b58c32be935d556a2220425d8c3308056b436a7a483251e257eb5	1	1	1	1	1	0	0	0	0	0	0	0	0	0	0	1
canonical_hybrid_v2_regression:hq05_ht02__repeat02	canonical_hybrid_v2_regression_36	hq05_ht02	2	score		matched	3	3	4	4	26003ed574132522e230bc67e930f1d3b55fe9cb281fa30c4ff457baa1ac8406	26003ed574132522e230bc67e930f1d3b55fe9cb281fa30c4ff457baa1ac8406	1	1	1	1	1	0	0	0	0	0	0	0	0	0	0	1
canonical_hybrid_v2_regression:hq05_ht02__repeat02	canonical_hybrid_v2_regression_36	hq05_ht02	2	score		matched	4	4	5	5	02221d429c57e3314ded62089cae10cbbf11a1d0f597de45056929b9cb052644	02221d429c57e3314ded62089cae10cbbf11a1d0f597de45056929b9cb052644	1	1	1	1	1	0	0	0	0	0	0	0	0	0	0	1
canonical_hybrid_v2_regression:hq05_ht02__repeat02	canonical_hybrid_v2_regression_36	hq05_ht02	2	stability		matched	0	0	1	1	74f1fd0e079f4ef5cb234a8d01c3605bd857f2a1d24436a9ccf79315750087a6	74f1fd0e079f4ef5cb234a8d01c3605bd857f2a1d24436a9ccf79315750087a6	1	1	1	1	1	0	0	0	0	0	0	0	0	0	0	1
canonical_hybrid_v2_regression:hq05_ht02__repeat02	canonical_hybrid_v2_regression_36	hq05_ht02	2	stability		matched	1	1	2	2	2173b075007c1863902404fbc7bec71a3095ba81b0c14b0218c807c0674fea39	2173b075007c1863902404fbc7bec71a3095ba81b0c14b0218c807c0674fea39	1	1	1	1	1	0	0	0	0	0	0	0	0	0	0	1
canonical_hybrid_v2_regression:hq05_ht02__repeat02	canonical_hybrid_v2_regression_36	hq05_ht02	2	stability		matched	2	2	3	3	ef140a0dc65b58c32be935d556a2220425d8c3308056b436a7a483251e257eb5	ef140a0dc65b58c32be935d556a2220425d8c3308056b436a7a483251e257eb5	1	1	1	1	1	0	0	0	0	0	0	0	0	0	0	1
canonical_hybrid_v2_regression:hq05_ht02__repeat02	canonical_hybrid_v2_regression_36	hq05_ht02	2	stability		matched	3	3	4	4	02221d429c57e3314ded62089cae10cbbf11a1d0f597de45056929b9cb052644	02221d429c57e3314ded62089cae10cbbf11a1d0f597de45056929b9cb052644	1	1	1	1	1	0	0	0	0	0	0	0	0	0	0	1
canonical_hybrid_v2_regression:hq05_ht02__repeat02	canonical_hybrid_v2_regression_36	hq05_ht02	2	stability		matched	4	4	5	5	26003ed574132522e230bc67e930f1d3b55fe9cb281fa30c4ff457baa1ac8406	26003ed574132522e230bc67e930f1d3b55fe9cb281fa30c4ff457baa1ac8406	1	1	1	1	1	0	0	0	0	0	0	0	0	0	0	1
canonical_hybrid_v2_regression:hq05_ht02__repeat02	canonical_hybrid_v2_regression_36	hq05_ht02	2	nt		matched	0	0	1	1	102aeeb7f2864eb2c0796d578d20531a2b58ae6d3250a6528e0b4f0b3586dd0d	102aeeb7f2864eb2c0796d578d20531a2b58ae6d3250a6528e0b4f0b3586dd0d	1	1	1	1	1	0	0	0	0	0	0	0	0	0	0	1
canonical_hybrid_v2_regression:hq05_ht02__repeat02	canonical_hybrid_v2_regression_36	hq05_ht02	2	nt		matched	1	1	2	2	74c592e237ec3c57584376e5306785442db1e84fdc603a3db8e141280e2c0e89	74c592e237ec3c57584376e5306785442db1e84fdc603a3db8e141280e2c0e89	1	1	1	1	1	0	0	0	0	0	0	0	0	0	0	1
canonical_hybrid_v2_regression:hq05_ht02__repeat02	canonical_hybrid_v2_regression_36	hq05_ht02	2	nt		matched	2	2	3	3	02221d429c57e3314ded62089cae10cbbf11a1d0f597de45056929b9cb052644	02221d429c57e3314ded62089cae10cbbf11a1d0f597de45056929b9cb052644	1	1	1	1	1	0	0	0	0	0	0	0	0	0	0	1
canonical_hybrid_v2_regression:hq05_ht02__repeat02	canonical_hybrid_v2_regression_36	hq05_ht02	2	nt		matched	3	3	4	4	26003ed574132522e230bc67e930f1d3b55fe9cb281fa30c4ff457baa1ac8406	26003ed574132522e230bc67e930f1d3b55fe9cb281fa30c4ff457baa1ac8406	1	1	1	1	1	0	0	0	0	0	0	0	0	0	0	1
canonical_hybrid_v2_regression:hq05_ht02__repeat02	canonical_hybrid_v2_regression_36	hq05_ht02	2	nt		matched	4	4	5	5	670d8985956d2d17325f1e1fad393de63255ca541f32136dd9e31a3bbf025807	670d8985956d2d17325f1e1fad393de63255ca541f32136dd9e31a3bbf025807	1	1	1	1	1	0	0	0	0	0	0	0	0	0	0	1
canonical_hybrid_v2_regression:hq06_ht01__repeat00	canonical_hybrid_v2_regression_36	hq06_ht01	0	score		matched	0	0	1	1	35f38992ea4a60072ca71a24dd030a88313e6f7a748161fdaf9edebbe89b692b	35f38992ea4a60072ca71a24dd030a88313e6f7a748161fdaf9edebbe89b692b	1	1	1	1	1	0	0	0	0	0	0	0	0	0	0	1
canonical_hybrid_v2_regression:hq06_ht01__repeat00	canonical_hybrid_v2_regression_36	hq06_ht01	0	score		matched	1	1	2	2	76e4e22afb5cff75d06af9215364f842a9fdd2d9fd8e381d5c033c6d6a7f77b9	76e4e22afb5cff75d06af9215364f842a9fdd2d9fd8e381d5c033c6d6a7f77b9	1	1	1	1	1	0	0	0	0	0	0	0	0	0	0	1
canonical_hybrid_v2_regression:hq06_ht01__repeat00	canonical_hybrid_v2_regression_36	hq06_ht01	0	score		matched	2	2	3	3	9bd832faa77d7b3ff6e6962e06b2a84f7b66092dee66aeaa17cbcd8472700bd9	9bd832faa77d7b3ff6e6962e06b2a84f7b66092dee66aeaa17cbcd8472700bd9	1	1	1	1	1	0	0	0	0	0	0	0	0	0	0	1
canonical_hybrid_v2_regression:hq06_ht01__repeat00	canonical_hybrid_v2_regression_36	hq06_ht01	0	stability		matched	0	0	1	1	35f38992ea4a60072ca71a24dd030a88313e6f7a748161fdaf9edebbe89b692b	35f38992ea4a60072ca71a24dd030a88313e6f7a748161fdaf9edebbe89b692b	1	1	1	1	1	0	0	0	0	0	0	0	0	0	0	1
canonical_hybrid_v2_regression:hq06_ht01__repeat00	canonical_hybrid_v2_regression_36	hq06_ht01	0	stability		matched	1	1	2	2	76e4e22afb5cff75d06af9215364f842a9fdd2d9fd8e381d5c033c6d6a7f77b9	76e4e22afb5cff75d06af9215364f842a9fdd2d9fd8e381d5c033c6d6a7f77b9	1	1	1	1	1	0	0	0	0	0	0	0	0	0	0	1
canonical_hybrid_v2_regression:hq06_ht01__repeat00	canonical_hybrid_v2_regression_36	hq06_ht01	0	stability		matched	2	2	3	3	9bd832faa77d7b3ff6e6962e06b2a84f7b66092dee66aeaa17cbcd8472700bd9	9bd832faa77d7b3ff6e6962e06b2a84f7b66092dee66aeaa17cbcd8472700bd9	1	1	1	1	1	0	0	0	0	0	0	0	0	0	0	1
canonical_hybrid_v2_regression:hq06_ht01__repeat00	canonical_hybrid_v2_regression_36	hq06_ht01	0	nt		matched	0	0	1	1	9bd832faa77d7b3ff6e6962e06b2a84f7b66092dee66aeaa17cbcd8472700bd9	9bd832faa77d7b3ff6e6962e06b2a84f7b66092dee66aeaa17cbcd8472700bd9	1	1	1	1	1	0	0	0	0	0	0	0	0	0	0	1
canonical_hybrid_v2_regression:hq06_ht01__repeat00	canonical_hybrid_v2_regression_36	hq06_ht01	0	nt		matched	1	1	2	2	5bb0fae7909e78355f9cb2f719f39675b54984f0d1c00052e4ed0e5c41e369aa	5bb0fae7909e78355f9cb2f719f39675b54984f0d1c00052e4ed0e5c41e369aa	1	1	1	1	1	0	0	0	0	0	0	0	0	0	0	1
canonical_hybrid_v2_regression:hq06_ht01__repeat00	canonical_hybrid_v2_regression_36	hq06_ht01	0	nt		matched	2	2	3	3	35f38992ea4a60072ca71a24dd030a88313e6f7a748161fdaf9edebbe89b692b	35f38992ea4a60072ca71a24dd030a88313e6f7a748161fdaf9edebbe89b692b	1	1	1	1	1	0	0	0	0	0	0	0	0	0	0	1
canonical_hybrid_v2_regression:hq06_ht02__repeat00	canonical_hybrid_v2_regression_36	hq06_ht02	0	score		matched	0	0	1	1	4b4be635ad2b78af1af65874df1441a405081fcb54b4a77a9969e6813d96f9e3	4b4be635ad2b78af1af65874df1441a405081fcb54b4a77a9969e6813d96f9e3	1	1	1	1	1	0	0	0	0	0	0	0	0	0	0	1
canonical_hybrid_v2_regression:hq06_ht02__repeat00	canonical_hybrid_v2_regression_36	hq06_ht02	0	score		matched	1	1	2	2	83e1943fb93c0c5d78de7a9b50e97664bae52a424b086f23ba2a1ff93418630a	83e1943fb93c0c5d78de7a9b50e97664bae52a424b086f23ba2a1ff93418630a	1	1	1	1	1	0	0	0	0	0	0	0	0	0	0	1
canonical_hybrid_v2_regression:hq06_ht02__repeat00	canonical_hybrid_v2_regression_36	hq06_ht02	0	score		matched	2	2	3	3	778578c548ec9261bd8b586e211cb5d752f755871a7524dbd0ae54ed07d59c17	778578c548ec9261bd8b586e211cb5d752f755871a7524dbd0ae54ed07d59c17	1	1	1	1	1	0	0	0	0	0	0	0	0	0	0	1
canonical_hybrid_v2_regression:hq06_ht02__repeat00	canonical_hybrid_v2_regression_36	hq06_ht02	0	score		matched	3	3	4	4	d65f6c332e79087ac715be483209b75ee3abaf13aabea2d699970137ff4dbb60	d65f6c332e79087ac715be483209b75ee3abaf13aabea2d699970137ff4dbb60	1	1	1	1	1	0	0	0	0	0	0	0	0	0	0	1
canonical_hybrid_v2_regression:hq06_ht02__repeat00	canonical_hybrid_v2_regression_36	hq06_ht02	0	stability		matched	0	0	1	1	d65f6c332e79087ac715be483209b75ee3abaf13aabea2d699970137ff4dbb60	d65f6c332e79087ac715be483209b75ee3abaf13aabea2d699970137ff4dbb60	1	1	1	1	1	0	0	0	0	0	0	0	0	0	0	1
canonical_hybrid_v2_regression:hq06_ht02__repeat00	canonical_hybrid_v2_regression_36	hq06_ht02	0	stability		matched	1	1	2	2	83e1943fb93c0c5d78de7a9b50e97664bae52a424b086f23ba2a1ff93418630a	83e1943fb93c0c5d78de7a9b50e97664bae52a424b086f23ba2a1ff93418630a	1	1	1	1	1	0	0	0	0	0	0	0	0	0	0	1
canonical_hybrid_v2_regression:hq06_ht02__repeat00	canonical_hybrid_v2_regression_36	hq06_ht02	0	stability		matched	2	2	3	3	778578c548ec9261bd8b586e211cb5d752f755871a7524dbd0ae54ed07d59c17	778578c548ec9261bd8b586e211cb5d752f755871a7524dbd0ae54ed07d59c17	1	1	1	1	1	0	0	0	0	0	0	0	0	0	0	1
canonical_hybrid_v2_regression:hq06_ht02__repeat00	canonical_hybrid_v2_regression_36	hq06_ht02	0	stability		matched	3	3	4	4	4b4be635ad2b78af1af65874df1441a405081fcb54b4a77a9969e6813d96f9e3	4b4be635ad2b78af1af65874df1441a405081fcb54b4a77a9969e6813d96f9e3	1	1	1	1	1	0	0	0	0	0	0	0	0	0	0	1
canonical_hybrid_v2_regression:hq06_ht02__repeat00	canonical_hybrid_v2_regression_36	hq06_ht02	0	nt		matched	0	0	1	1	4b4be635ad2b78af1af65874df1441a405081fcb54b4a77a9969e6813d96f9e3	4b4be635ad2b78af1af65874df1441a405081fcb54b4a77a9969e6813d96f9e3	1	1	1	1	1	0	0	0	0	0	0	0	0	0	0	1
canonical_hybrid_v2_regression:hq06_ht02__repeat00	canonical_hybrid_v2_regression_36	hq06_ht02	0	nt		matched	1	1	2	2	83e1943fb93c0c5d78de7a9b50e97664bae52a424b086f23ba2a1ff93418630a	83e1943fb93c0c5d78de7a9b50e97664bae52a424b086f23ba2a1ff93418630a	1	1	1	1	1	0	0	0	0	0	0	0	0	0	0	1
canonical_hybrid_v2_regression:hq06_ht02__repeat00	canonical_hybrid_v2_regression_36	hq06_ht02	0	nt		matched	2	2	3	3	778578c548ec9261bd8b586e211cb5d752f755871a7524dbd0ae54ed07d59c17	778578c548ec9261bd8b586e211cb5d752f755871a7524dbd0ae54ed07d59c17	1	1	1	1	1	0	0	0	0	0	0	0	0	0	0	1
canonical_hybrid_v2_regression:hq06_ht02__repeat00	canonical_hybrid_v2_regression_36	hq06_ht02	0	nt		matched	3	3	4	4	d65f6c332e79087ac715be483209b75ee3abaf13aabea2d699970137ff4dbb60	d65f6c332e79087ac715be483209b75ee3abaf13aabea2d699970137ff4dbb60	1	1	1	1	1	0	0	0	0	0	0	0	0	0	0	1
canonical_hybrid_v2_regression:hq07_ht01__repeat00	canonical_hybrid_v2_regression_36	hq07_ht01	0	score		matched	0	0	1	1	cfbfc06bd1606fe1822683866e6b634e283a5f61d0df665dfcdab25d1b814da6	cfbfc06bd1606fe1822683866e6b634e283a5f61d0df665dfcdab25d1b814da6	1	1	1	1	1	0	0	0	0	0	0	0	0	0	0	1
canonical_hybrid_v2_regression:hq07_ht01__repeat00	canonical_hybrid_v2_regression_36	hq07_ht01	0	score		matched	1	1	2	2	0d01939ad0c8ea339d17e6df328c340e54876ae9c2c0d86ede33f3b4f8a4fb8b	0d01939ad0c8ea339d17e6df328c340e54876ae9c2c0d86ede33f3b4f8a4fb8b	1	1	1	1	1	0	0	0	0	0	0	0	0	0	0	1
canonical_hybrid_v2_regression:hq07_ht01__repeat00	canonical_hybrid_v2_regression_36	hq07_ht01	0	score		matched	2	2	3	3	0c8e225daf8a3734f30ee612091c63f2d09026a7b33e0e8e3fbb8e9a028d4696	0c8e225daf8a3734f30ee612091c63f2d09026a7b33e0e8e3fbb8e9a028d4696	1	1	1	1	1	0	0	0	0	0	0	0	0	0	0	1
canonical_hybrid_v2_regression:hq07_ht01__repeat00	canonical_hybrid_v2_regression_36	hq07_ht01	0	score		matched	3	3	4	4	4f161e8eeea263305e3626f8eb611b15b6d1593b924f9160b5a179c807094d02	4f161e8eeea263305e3626f8eb611b15b6d1593b924f9160b5a179c807094d02	1	1	1	1	1	0	0	0	0	0	0	0	0	0	0	1
canonical_hybrid_v2_regression:hq07_ht01__repeat00	canonical_hybrid_v2_regression_36	hq07_ht01	0	stability		matched	0	0	1	1	cfbfc06bd1606fe1822683866e6b634e283a5f61d0df665dfcdab25d1b814da6	cfbfc06bd1606fe1822683866e6b634e283a5f61d0df665dfcdab25d1b814da6	1	1	1	1	1	0	0	0	0	0	0	0	0	0	0	1
canonical_hybrid_v2_regression:hq07_ht01__repeat00	canonical_hybrid_v2_regression_36	hq07_ht01	0	stability		matched	1	1	2	2	90d1ddf08b8ada83b2a6b9f2f420a5d5ee720ff5a10fe5c0b5baf8618f1a939a	90d1ddf08b8ada83b2a6b9f2f420a5d5ee720ff5a10fe5c0b5baf8618f1a939a	1	1	1	1	1	0	0	0	0	0	0	0	0	0	0	1
canonical_hybrid_v2_regression:hq07_ht01__repeat00	canonical_hybrid_v2_regression_36	hq07_ht01	0	stability		matched	2	2	3	3	0d01939ad0c8ea339d17e6df328c340e54876ae9c2c0d86ede33f3b4f8a4fb8b	0d01939ad0c8ea339d17e6df328c340e54876ae9c2c0d86ede33f3b4f8a4fb8b	1	1	1	1	1	0	0	0	0	0	0	0	0	0	0	1
canonical_hybrid_v2_regression:hq07_ht01__repeat00	canonical_hybrid_v2_regression_36	hq07_ht01	0	stability		matched	3	3	4	4	4f161e8eeea263305e3626f8eb611b15b6d1593b924f9160b5a179c807094d02	4f161e8eeea263305e3626f8eb611b15b6d1593b924f9160b5a179c807094d02	1	1	1	1	1	0	0	0	0	0	0	0	0	0	0	1
canonical_hybrid_v2_regression:hq07_ht01__repeat00	canonical_hybrid_v2_regression_36	hq07_ht01	0	nt		matched	0	0	1	1	4f161e8eeea263305e3626f8eb611b15b6d1593b924f9160b5a179c807094d02	4f161e8eeea263305e3626f8eb611b15b6d1593b924f9160b5a179c807094d02	1	1	1	1	1	0	0	0	0	0	0	0	0	0	0	1
canonical_hybrid_v2_regression:hq07_ht01__repeat00	canonical_hybrid_v2_regression_36	hq07_ht01	0	nt		matched	1	1	2	2	90d1ddf08b8ada83b2a6b9f2f420a5d5ee720ff5a10fe5c0b5baf8618f1a939a	90d1ddf08b8ada83b2a6b9f2f420a5d5ee720ff5a10fe5c0b5baf8618f1a939a	1	1	1	1	1	0	0	0	0	0	0	0	0	0	0	1
canonical_hybrid_v2_regression:hq07_ht01__repeat00	canonical_hybrid_v2_regression_36	hq07_ht01	0	nt		matched	2	2	3	3	cfbfc06bd1606fe1822683866e6b634e283a5f61d0df665dfcdab25d1b814da6	cfbfc06bd1606fe1822683866e6b634e283a5f61d0df665dfcdab25d1b814da6	1	1	1	1	1	0	0	0	0	0	0	0	0	0	0	1
canonical_hybrid_v2_regression:hq07_ht01__repeat00	canonical_hybrid_v2_regression_36	hq07_ht01	0	nt		matched	3	3	4	4	0d01939ad0c8ea339d17e6df328c340e54876ae9c2c0d86ede33f3b4f8a4fb8b	0d01939ad0c8ea339d17e6df328c340e54876ae9c2c0d86ede33f3b4f8a4fb8b	1	1	1	1	1	0	0	0	0	0	0	0	0	0	0	1
canonical_hybrid_v2_regression:hq07_ht02__repeat00	canonical_hybrid_v2_regression_36	hq07_ht02	0	score		matched	0	0	1	1	6a55e0a52776f881b02cf7c72457dcd6954dbd588de649940a2e040a70d62e7a	6a55e0a52776f881b02cf7c72457dcd6954dbd588de649940a2e040a70d62e7a	1	1	1	1	1	0	0	0	0	0	0	0	0	0	0	1
canonical_hybrid_v2_regression:hq07_ht02__repeat00	canonical_hybrid_v2_regression_36	hq07_ht02	0	score		matched	1	1	2	2	6343d4c5de44e39f9a1c3be17734956d507ef8f2a891dbe2a5becf41d3e6219c	6343d4c5de44e39f9a1c3be17734956d507ef8f2a891dbe2a5becf41d3e6219c	1	1	1	1	1	0	0	0	0	0	0	0	0	0	0	1
canonical_hybrid_v2_regression:hq07_ht02__repeat00	canonical_hybrid_v2_regression_36	hq07_ht02	0	score		matched	2	2	3	3	c3e37628bb350b0cc28228e50dd1adfa14a871399781792b642acbc1848750f7	c3e37628bb350b0cc28228e50dd1adfa14a871399781792b642acbc1848750f7	1	1	1	1	1	0	0	0	0	0	0	0	0	0	0	1
canonical_hybrid_v2_regression:hq07_ht02__repeat00	canonical_hybrid_v2_regression_36	hq07_ht02	0	score		matched	3	3	4	4	b988e01e440b79d504b73f37cab2ac1dfbe64a17d3867dd34782d2e91c8b4068	b988e01e440b79d504b73f37cab2ac1dfbe64a17d3867dd34782d2e91c8b4068	1	1	1	1	1	0	0	0	0	0	0	0	0	0	0	1
canonical_hybrid_v2_regression:hq07_ht02__repeat00	canonical_hybrid_v2_regression_36	hq07_ht02	0	score		matched	4	4	5	5	d77bf14fbe7728220fcb6ca0747ab1906674ca318fb521d8fc6a64cc3189cfa0	d77bf14fbe7728220fcb6ca0747ab1906674ca318fb521d8fc6a64cc3189cfa0	1	1	1	1	1	0	0	0	0	0	0	0	0	0	0	1
canonical_hybrid_v2_regression:hq07_ht02__repeat00	canonical_hybrid_v2_regression_36	hq07_ht02	0	stability		matched	0	0	1	1	b988e01e440b79d504b73f37cab2ac1dfbe64a17d3867dd34782d2e91c8b4068	b988e01e440b79d504b73f37cab2ac1dfbe64a17d3867dd34782d2e91c8b4068	1	1	1	1	1	0	0	0	0	0	0	0	0	0	0	1
canonical_hybrid_v2_regression:hq07_ht02__repeat00	canonical_hybrid_v2_regression_36	hq07_ht02	0	stability		matched	1	1	2	2	6343d4c5de44e39f9a1c3be17734956d507ef8f2a891dbe2a5becf41d3e6219c	6343d4c5de44e39f9a1c3be17734956d507ef8f2a891dbe2a5becf41d3e6219c	1	1	1	1	1	0	0	0	0	0	0	0	0	0	0	1
canonical_hybrid_v2_regression:hq07_ht02__repeat00	canonical_hybrid_v2_regression_36	hq07_ht02	0	stability		matched	2	2	3	3	6a55e0a52776f881b02cf7c72457dcd6954dbd588de649940a2e040a70d62e7a	6a55e0a52776f881b02cf7c72457dcd6954dbd588de649940a2e040a70d62e7a	1	1	1	1	1	0	0	0	0	0	0	0	0	0	0	1
canonical_hybrid_v2_regression:hq07_ht02__repeat00	canonical_hybrid_v2_regression_36	hq07_ht02	0	stability		matched	3	3	4	4	c3e37628bb350b0cc28228e50dd1adfa14a871399781792b642acbc1848750f7	c3e37628bb350b0cc28228e50dd1adfa14a871399781792b642acbc1848750f7	1	1	1	1	1	0	0	0	0	0	0	0	0	0	0	1
canonical_hybrid_v2_regression:hq07_ht02__repeat00	canonical_hybrid_v2_regression_36	hq07_ht02	0	stability		matched	4	4	5	5	64dd8d57f63774474ae0e0975470db23db35f98c71228ea34e96a81a09feb0d6	64dd8d57f63774474ae0e0975470db23db35f98c71228ea34e96a81a09feb0d6	1	1	1	1	1	0	0	0	0	0	0	0	0	0	0	1
canonical_hybrid_v2_regression:hq07_ht02__repeat00	canonical_hybrid_v2_regression_36	hq07_ht02	0	nt		matched	0	0	1	1	99eaf5745cdf93f9a3ad2baedd33631d1a53d3d65494399471b1d134b5dd5d13	99eaf5745cdf93f9a3ad2baedd33631d1a53d3d65494399471b1d134b5dd5d13	1	1	1	1	1	0	0	0	0	0	0	0	0	0	0	1
canonical_hybrid_v2_regression:hq07_ht02__repeat00	canonical_hybrid_v2_regression_36	hq07_ht02	0	nt		matched	1	1	2	2	6343d4c5de44e39f9a1c3be17734956d507ef8f2a891dbe2a5becf41d3e6219c	6343d4c5de44e39f9a1c3be17734956d507ef8f2a891dbe2a5becf41d3e6219c	1	1	1	1	1	0	0	0	0	0	0	0	0	0	0	1
canonical_hybrid_v2_regression:hq07_ht02__repeat00	canonical_hybrid_v2_regression_36	hq07_ht02	0	nt		matched	2	2	3	3	ed4e8f4ca4f3bcaa41db5024ab0b3c79a6c16c7b812f50513479d06eca5a971f	ed4e8f4ca4f3bcaa41db5024ab0b3c79a6c16c7b812f50513479d06eca5a971f	1	1	1	1	1	0	0	0	0	0	0	0	0	0	0	1
canonical_hybrid_v2_regression:hq07_ht02__repeat00	canonical_hybrid_v2_regression_36	hq07_ht02	0	nt		matched	3	3	4	4	b988e01e440b79d504b73f37cab2ac1dfbe64a17d3867dd34782d2e91c8b4068	b988e01e440b79d504b73f37cab2ac1dfbe64a17d3867dd34782d2e91c8b4068	1	1	1	1	1	0	0	0	0	0	0	0	0	0	0	1
canonical_hybrid_v2_regression:hq07_ht02__repeat00	canonical_hybrid_v2_regression_36	hq07_ht02	0	nt		matched	4	4	5	5	64dd8d57f63774474ae0e0975470db23db35f98c71228ea34e96a81a09feb0d6	64dd8d57f63774474ae0e0975470db23db35f98c71228ea34e96a81a09feb0d6	1	1	1	1	1	0	0	0	0	0	0	0	0	0	0	1
canonical_hybrid_v2_regression:hq08_ht01__repeat00	canonical_hybrid_v2_regression_36	hq08_ht01	0	score		matched	0	0	1	1	3d82ad1143fe8be2535fef7ff56fb3bb22b8b3f83b92478a08379c46e1566c55	3d82ad1143fe8be2535fef7ff56fb3bb22b8b3f83b92478a08379c46e1566c55	1	1	1	1	1	0	0	0	0	0	0	0	0	0	0	1
canonical_hybrid_v2_regression:hq08_ht01__repeat00	canonical_hybrid_v2_regression_36	hq08_ht01	0	score		matched	1	1	2	2	0c28e768493ce05adb70ba73c7a82c46135ecbb319960de020999a2b4389f246	0c28e768493ce05adb70ba73c7a82c46135ecbb319960de020999a2b4389f246	1	1	1	1	1	0	0	0	0	0	0	0	0	0	0	1
canonical_hybrid_v2_regression:hq08_ht01__repeat00	canonical_hybrid_v2_regression_36	hq08_ht01	0	score		matched	2	2	3	3	8ef46ed98c0a01751890ec4a4f4266d28032a076f9adb2157723c5ec17344968	8ef46ed98c0a01751890ec4a4f4266d28032a076f9adb2157723c5ec17344968	1	1	1	1	1	0	0	0	0	0	0	0	0	0	0	1
canonical_hybrid_v2_regression:hq08_ht01__repeat00	canonical_hybrid_v2_regression_36	hq08_ht01	0	score		matched	3	3	4	4	eed979f62997e64e88bb355bf0e235c84c787413b4cbfcb476d33ea94a989046	eed979f62997e64e88bb355bf0e235c84c787413b4cbfcb476d33ea94a989046	1	1	1	1	1	0	0	0	0	0	0	0	0	0	0	1
canonical_hybrid_v2_regression:hq08_ht01__repeat00	canonical_hybrid_v2_regression_36	hq08_ht01	0	score		matched	4	4	5	5	419c13a361f7203661056ea81367f50c5441ce2a474c479613ff8105251a8ba7	419c13a361f7203661056ea81367f50c5441ce2a474c479613ff8105251a8ba7	1	1	1	1	1	0	0	0	0	0	0	0	0	0	0	1
canonical_hybrid_v2_regression:hq08_ht01__repeat00	canonical_hybrid_v2_regression_36	hq08_ht01	0	stability		matched	0	0	1	1	592282fbc99e8ccc04a028936782b7a126bc3f95f832323bfe5275e7547307ab	592282fbc99e8ccc04a028936782b7a126bc3f95f832323bfe5275e7547307ab	1	1	1	1	1	0	0	0	0	0	0	0	0	0	0	1
canonical_hybrid_v2_regression:hq08_ht01__repeat00	canonical_hybrid_v2_regression_36	hq08_ht01	0	stability		matched	1	1	2	2	0c28e768493ce05adb70ba73c7a82c46135ecbb319960de020999a2b4389f246	0c28e768493ce05adb70ba73c7a82c46135ecbb319960de020999a2b4389f246	1	1	1	1	1	0	0	0	0	0	0	0	0	0	0	1
canonical_hybrid_v2_regression:hq08_ht01__repeat00	canonical_hybrid_v2_regression_36	hq08_ht01	0	stability		matched	2	2	3	3	419c13a361f7203661056ea81367f50c5441ce2a474c479613ff8105251a8ba7	419c13a361f7203661056ea81367f50c5441ce2a474c479613ff8105251a8ba7	1	1	1	1	1	0	0	0	0	0	0	0	0	0	0	1
canonical_hybrid_v2_regression:hq08_ht01__repeat00	canonical_hybrid_v2_regression_36	hq08_ht01	0	stability		matched	3	3	4	4	eed979f62997e64e88bb355bf0e235c84c787413b4cbfcb476d33ea94a989046	eed979f62997e64e88bb355bf0e235c84c787413b4cbfcb476d33ea94a989046	1	1	1	1	1	0	0	0	0	0	0	0	0	0	0	1
canonical_hybrid_v2_regression:hq08_ht01__repeat00	canonical_hybrid_v2_regression_36	hq08_ht01	0	stability		matched	4	4	5	5	8ef46ed98c0a01751890ec4a4f4266d28032a076f9adb2157723c5ec17344968	8ef46ed98c0a01751890ec4a4f4266d28032a076f9adb2157723c5ec17344968	1	1	1	1	1	0	0	0	0	0	0	0	0	0	0	1
canonical_hybrid_v2_regression:hq08_ht01__repeat00	canonical_hybrid_v2_regression_36	hq08_ht01	0	nt		matched	0	0	1	1	3d82ad1143fe8be2535fef7ff56fb3bb22b8b3f83b92478a08379c46e1566c55	3d82ad1143fe8be2535fef7ff56fb3bb22b8b3f83b92478a08379c46e1566c55	1	1	1	1	1	0	0	0	0	0	0	0	0	0	0	1
canonical_hybrid_v2_regression:hq08_ht01__repeat00	canonical_hybrid_v2_regression_36	hq08_ht01	0	nt		matched	1	1	2	2	8ef46ed98c0a01751890ec4a4f4266d28032a076f9adb2157723c5ec17344968	8ef46ed98c0a01751890ec4a4f4266d28032a076f9adb2157723c5ec17344968	1	1	1	1	1	0	0	0	0	0	0	0	0	0	0	1
canonical_hybrid_v2_regression:hq08_ht01__repeat00	canonical_hybrid_v2_regression_36	hq08_ht01	0	nt		matched	2	2	3	3	0c28e768493ce05adb70ba73c7a82c46135ecbb319960de020999a2b4389f246	0c28e768493ce05adb70ba73c7a82c46135ecbb319960de020999a2b4389f246	1	1	1	1	1	0	0	0	0	0	0	0	0	0	0	1
canonical_hybrid_v2_regression:hq08_ht01__repeat00	canonical_hybrid_v2_regression_36	hq08_ht01	0	nt		matched	3	3	4	4	eed979f62997e64e88bb355bf0e235c84c787413b4cbfcb476d33ea94a989046	eed979f62997e64e88bb355bf0e235c84c787413b4cbfcb476d33ea94a989046	1	1	1	1	1	0	0	0	0	0	0	0	0	0	0	1
canonical_hybrid_v2_regression:hq08_ht01__repeat00	canonical_hybrid_v2_regression_36	hq08_ht01	0	nt		matched	4	4	5	5	419c13a361f7203661056ea81367f50c5441ce2a474c479613ff8105251a8ba7	419c13a361f7203661056ea81367f50c5441ce2a474c479613ff8105251a8ba7	1	1	1	1	1	0	0	0	0	0	0	0	0	0	0	1
canonical_hybrid_v2_regression:hq08_ht02__repeat00	canonical_hybrid_v2_regression_36	hq08_ht02	0	score		matched	0	0	1	1	ea377b7c13d04bd54cf371d3fc73202ca228f74991796db3d736a4a39d61b88c	ea377b7c13d04bd54cf371d3fc73202ca228f74991796db3d736a4a39d61b88c	1	1	1	1	1	0	0	0	0	0	0	0	0	0	0	1
canonical_hybrid_v2_regression:hq08_ht02__repeat00	canonical_hybrid_v2_regression_36	hq08_ht02	0	score		matched	1	1	2	2	8b4dc9ccc2b12acb00c1237a2e8fea49ae6aceb0e9200881c1eb917696a0cdb2	8b4dc9ccc2b12acb00c1237a2e8fea49ae6aceb0e9200881c1eb917696a0cdb2	1	1	1	1	1	0	0	0	0	0	0	0	0	0	0	1
canonical_hybrid_v2_regression:hq08_ht02__repeat00	canonical_hybrid_v2_regression_36	hq08_ht02	0	score		matched	2	2	3	3	50700fffa77c867523e177195dda636b01ecc4189241f71b11fb073402c4ce02	50700fffa77c867523e177195dda636b01ecc4189241f71b11fb073402c4ce02	1	1	1	1	1	0	0	0	0	0	0	0	0	0	0	1
canonical_hybrid_v2_regression:hq08_ht02__repeat00	canonical_hybrid_v2_regression_36	hq08_ht02	0	score		matched	3	3	4	4	60479564c0233522d2a5f699fa98afb7ca7c9452f5d42a7d0656cae2caee0775	60479564c0233522d2a5f699fa98afb7ca7c9452f5d42a7d0656cae2caee0775	1	1	1	1	1	0	0	0	0	0	0	0	0	0	0	1
canonical_hybrid_v2_regression:hq08_ht02__repeat00	canonical_hybrid_v2_regression_36	hq08_ht02	0	score		matched	4	4	5	5	92900efe4639937fb8225893a274c996808415d82c325ef2eaee60e0359873b3	92900efe4639937fb8225893a274c996808415d82c325ef2eaee60e0359873b3	1	1	1	1	1	0	0	0	0	0	0	0	0	0	0	1
canonical_hybrid_v2_regression:hq08_ht02__repeat00	canonical_hybrid_v2_regression_36	hq08_ht02	0	stability		matched	0	0	1	1	db18dcf1e51adbab4b4be8d46d74f7ce4d471a05ce5072e128cfbc71f8998f56	db18dcf1e51adbab4b4be8d46d74f7ce4d471a05ce5072e128cfbc71f8998f56	1	1	1	1	1	0	0	0	0	0	0	0	0	0	0	1
canonical_hybrid_v2_regression:hq08_ht02__repeat00	canonical_hybrid_v2_regression_36	hq08_ht02	0	stability		matched	1	1	2	2	eaac37f6a6621d66da5b0acf7170bbf73cb6b1511eb60657283071cae6031a17	eaac37f6a6621d66da5b0acf7170bbf73cb6b1511eb60657283071cae6031a17	1	1	1	1	1	0	0	0	0	0	0	0	0	0	0	1
canonical_hybrid_v2_regression:hq08_ht02__repeat00	canonical_hybrid_v2_regression_36	hq08_ht02	0	stability		matched	2	2	3	3	95e938e30f50316e115841471524d381eb94bffae26a0a9a477f21211868d82d	95e938e30f50316e115841471524d381eb94bffae26a0a9a477f21211868d82d	1	1	1	1	1	0	0	0	0	0	0	0	0	0	0	1
canonical_hybrid_v2_regression:hq08_ht02__repeat00	canonical_hybrid_v2_regression_36	hq08_ht02	0	stability		matched	3	3	4	4	92900efe4639937fb8225893a274c996808415d82c325ef2eaee60e0359873b3	92900efe4639937fb8225893a274c996808415d82c325ef2eaee60e0359873b3	1	1	1	1	1	0	0	0	0	0	0	0	0	0	0	1
canonical_hybrid_v2_regression:hq08_ht02__repeat00	canonical_hybrid_v2_regression_36	hq08_ht02	0	stability		matched	4	4	5	5	37d9c30118100dd754b634272bd753d4ad89b4ce995201ef4db5653c43a8130c	37d9c30118100dd754b634272bd753d4ad89b4ce995201ef4db5653c43a8130c	1	1	1	1	1	0	0	0	0	0	0	0	0	0	0	1
canonical_hybrid_v2_regression:hq08_ht02__repeat00	canonical_hybrid_v2_regression_36	hq08_ht02	0	nt		matched	0	0	1	1	8b4dc9ccc2b12acb00c1237a2e8fea49ae6aceb0e9200881c1eb917696a0cdb2	8b4dc9ccc2b12acb00c1237a2e8fea49ae6aceb0e9200881c1eb917696a0cdb2	1	1	1	1	1	0	0	0	0	0	0	0	0	0	0	1
canonical_hybrid_v2_regression:hq08_ht02__repeat00	canonical_hybrid_v2_regression_36	hq08_ht02	0	nt		matched	1	1	2	2	60479564c0233522d2a5f699fa98afb7ca7c9452f5d42a7d0656cae2caee0775	60479564c0233522d2a5f699fa98afb7ca7c9452f5d42a7d0656cae2caee0775	1	1	1	1	1	0	0	0	0	0	0	0	0	0	0	1
canonical_hybrid_v2_regression:hq08_ht02__repeat00	canonical_hybrid_v2_regression_36	hq08_ht02	0	nt		matched	2	2	3	3	4db88a77fb058554d9ce4903a05c8cf2771291605840d57d6fda0eccb1c3271f	4db88a77fb058554d9ce4903a05c8cf2771291605840d57d6fda0eccb1c3271f	1	1	1	1	1	0	0	0	0	0	0	0	0	0	0	1
canonical_hybrid_v2_regression:hq08_ht02__repeat00	canonical_hybrid_v2_regression_36	hq08_ht02	0	nt		matched	3	3	4	4	ab84b327c8a92232addda1398d36c4ad9e25eae2e7b16a84255fd8d0937f20bf	ab84b327c8a92232addda1398d36c4ad9e25eae2e7b16a84255fd8d0937f20bf	1	1	1	1	1	0	0	0	0	0	0	0	0	0	0	1
canonical_hybrid_v2_regression:hq08_ht02__repeat00	canonical_hybrid_v2_regression_36	hq08_ht02	0	nt		matched	4	4	5	5	ea377b7c13d04bd54cf371d3fc73202ca228f74991796db3d736a4a39d61b88c	ea377b7c13d04bd54cf371d3fc73202ca228f74991796db3d736a4a39d61b88c	1	1	1	1	1	0	0	0	0	0	0	0	0	0	0	1
canonical_hybrid_v2_regression:hq09_ht01__repeat00	canonical_hybrid_v2_regression_36	hq09_ht01	0	score		matched	0	0	1	1	106934e65e02231d907d0746e891bd472a2df93c7244360ed22bdbc0f7bf46cf	106934e65e02231d907d0746e891bd472a2df93c7244360ed22bdbc0f7bf46cf	1	1	1	1	1	0	0	0	0	0	0	0	0	0	0	1
canonical_hybrid_v2_regression:hq09_ht01__repeat00	canonical_hybrid_v2_regression_36	hq09_ht01	0	score		matched	1	1	2	2	c8631c764ef041a342f30c2e0df3ba8f877cfaf37da1fd2d6ead1f1e0cda1497	c8631c764ef041a342f30c2e0df3ba8f877cfaf37da1fd2d6ead1f1e0cda1497	1	1	1	1	1	0	0	0	0	0	0	0	0	0	0	1
canonical_hybrid_v2_regression:hq09_ht01__repeat00	canonical_hybrid_v2_regression_36	hq09_ht01	0	score		matched	2	2	3	3	174e7750b193a8f63af99e769a60ad7455c29afc8cce955cddfb2d0f6c782ec6	174e7750b193a8f63af99e769a60ad7455c29afc8cce955cddfb2d0f6c782ec6	1	1	1	1	1	0	0	0	0	0	0	0	0	0	0	1
canonical_hybrid_v2_regression:hq09_ht01__repeat00	canonical_hybrid_v2_regression_36	hq09_ht01	0	stability		matched	0	0	1	1	174e7750b193a8f63af99e769a60ad7455c29afc8cce955cddfb2d0f6c782ec6	174e7750b193a8f63af99e769a60ad7455c29afc8cce955cddfb2d0f6c782ec6	1	1	1	1	1	0	0	0	0	0	0	0	0	0	0	1
canonical_hybrid_v2_regression:hq09_ht01__repeat00	canonical_hybrid_v2_regression_36	hq09_ht01	0	stability		matched	1	1	2	2	c8631c764ef041a342f30c2e0df3ba8f877cfaf37da1fd2d6ead1f1e0cda1497	c8631c764ef041a342f30c2e0df3ba8f877cfaf37da1fd2d6ead1f1e0cda1497	1	1	1	1	1	0	0	0	0	0	0	0	0	0	0	1
canonical_hybrid_v2_regression:hq09_ht01__repeat00	canonical_hybrid_v2_regression_36	hq09_ht01	0	stability		matched	2	2	3	3	106934e65e02231d907d0746e891bd472a2df93c7244360ed22bdbc0f7bf46cf	106934e65e02231d907d0746e891bd472a2df93c7244360ed22bdbc0f7bf46cf	1	1	1	1	1	0	0	0	0	0	0	0	0	0	0	1
canonical_hybrid_v2_regression:hq09_ht01__repeat00	canonical_hybrid_v2_regression_36	hq09_ht01	0	nt		matched	0	0	1	1	106934e65e02231d907d0746e891bd472a2df93c7244360ed22bdbc0f7bf46cf	106934e65e02231d907d0746e891bd472a2df93c7244360ed22bdbc0f7bf46cf	1	1	1	1	1	0	0	0	0	0	0	0	0	0	0	1
canonical_hybrid_v2_regression:hq09_ht01__repeat00	canonical_hybrid_v2_regression_36	hq09_ht01	0	nt		matched	1	1	2	2	c8631c764ef041a342f30c2e0df3ba8f877cfaf37da1fd2d6ead1f1e0cda1497	c8631c764ef041a342f30c2e0df3ba8f877cfaf37da1fd2d6ead1f1e0cda1497	1	1	1	1	1	0	0	0	0	0	0	0	0	0	0	1
canonical_hybrid_v2_regression:hq09_ht01__repeat00	canonical_hybrid_v2_regression_36	hq09_ht01	0	nt		matched	2	2	3	3	174e7750b193a8f63af99e769a60ad7455c29afc8cce955cddfb2d0f6c782ec6	174e7750b193a8f63af99e769a60ad7455c29afc8cce955cddfb2d0f6c782ec6	1	1	1	1	1	0	0	0	0	0	0	0	0	0	0	1
canonical_hybrid_v2_regression:hq09_ht01__repeat01	canonical_hybrid_v2_regression_36	hq09_ht01	1	score		matched	0	0	1	1	106934e65e02231d907d0746e891bd472a2df93c7244360ed22bdbc0f7bf46cf	106934e65e02231d907d0746e891bd472a2df93c7244360ed22bdbc0f7bf46cf	1	1	1	1	1	0	0	0	0	0	0	0	0	0	0	1
canonical_hybrid_v2_regression:hq09_ht01__repeat01	canonical_hybrid_v2_regression_36	hq09_ht01	1	score		matched	1	1	2	2	c8631c764ef041a342f30c2e0df3ba8f877cfaf37da1fd2d6ead1f1e0cda1497	c8631c764ef041a342f30c2e0df3ba8f877cfaf37da1fd2d6ead1f1e0cda1497	1	1	1	1	1	0	0	0	0	0	0	0	0	0	0	1
canonical_hybrid_v2_regression:hq09_ht01__repeat01	canonical_hybrid_v2_regression_36	hq09_ht01	1	score		matched	2	2	3	3	174e7750b193a8f63af99e769a60ad7455c29afc8cce955cddfb2d0f6c782ec6	174e7750b193a8f63af99e769a60ad7455c29afc8cce955cddfb2d0f6c782ec6	1	1	1	1	1	0	0	0	0	0	0	0	0	0	0	1
canonical_hybrid_v2_regression:hq09_ht01__repeat01	canonical_hybrid_v2_regression_36	hq09_ht01	1	stability		matched	0	0	1	1	174e7750b193a8f63af99e769a60ad7455c29afc8cce955cddfb2d0f6c782ec6	174e7750b193a8f63af99e769a60ad7455c29afc8cce955cddfb2d0f6c782ec6	1	1	1	1	1	0	0	0	0	0	0	0	0	0	0	1
canonical_hybrid_v2_regression:hq09_ht01__repeat01	canonical_hybrid_v2_regression_36	hq09_ht01	1	stability		matched	1	1	2	2	c8631c764ef041a342f30c2e0df3ba8f877cfaf37da1fd2d6ead1f1e0cda1497	c8631c764ef041a342f30c2e0df3ba8f877cfaf37da1fd2d6ead1f1e0cda1497	1	1	1	1	1	0	0	0	0	0	0	0	0	0	0	1
canonical_hybrid_v2_regression:hq09_ht01__repeat01	canonical_hybrid_v2_regression_36	hq09_ht01	1	stability		matched	2	2	3	3	106934e65e02231d907d0746e891bd472a2df93c7244360ed22bdbc0f7bf46cf	106934e65e02231d907d0746e891bd472a2df93c7244360ed22bdbc0f7bf46cf	1	1	1	1	1	0	0	0	0	0	0	0	0	0	0	1
canonical_hybrid_v2_regression:hq09_ht01__repeat01	canonical_hybrid_v2_regression_36	hq09_ht01	1	nt		matched	0	0	1	1	106934e65e02231d907d0746e891bd472a2df93c7244360ed22bdbc0f7bf46cf	106934e65e02231d907d0746e891bd472a2df93c7244360ed22bdbc0f7bf46cf	1	1	1	1	1	0	0	0	0	0	0	0	0	0	0	1
canonical_hybrid_v2_regression:hq09_ht01__repeat01	canonical_hybrid_v2_regression_36	hq09_ht01	1	nt		matched	1	1	2	2	c8631c764ef041a342f30c2e0df3ba8f877cfaf37da1fd2d6ead1f1e0cda1497	c8631c764ef041a342f30c2e0df3ba8f877cfaf37da1fd2d6ead1f1e0cda1497	1	1	1	1	1	0	0	0	0	0	0	0	0	0	0	1
canonical_hybrid_v2_regression:hq09_ht01__repeat01	canonical_hybrid_v2_regression_36	hq09_ht01	1	nt		matched	2	2	3	3	174e7750b193a8f63af99e769a60ad7455c29afc8cce955cddfb2d0f6c782ec6	174e7750b193a8f63af99e769a60ad7455c29afc8cce955cddfb2d0f6c782ec6	1	1	1	1	1	0	0	0	0	0	0	0	0	0	0	1
canonical_hybrid_v2_regression:hq09_ht01__repeat02	canonical_hybrid_v2_regression_36	hq09_ht01	2	score		matched	0	0	1	1	106934e65e02231d907d0746e891bd472a2df93c7244360ed22bdbc0f7bf46cf	106934e65e02231d907d0746e891bd472a2df93c7244360ed22bdbc0f7bf46cf	1	1	1	1	1	0	0	0	0	0	0	0	0	0	0	1
canonical_hybrid_v2_regression:hq09_ht01__repeat02	canonical_hybrid_v2_regression_36	hq09_ht01	2	score		matched	1	1	2	2	c8631c764ef041a342f30c2e0df3ba8f877cfaf37da1fd2d6ead1f1e0cda1497	c8631c764ef041a342f30c2e0df3ba8f877cfaf37da1fd2d6ead1f1e0cda1497	1	1	1	1	1	0	0	0	0	0	0	0	0	0	0	1
canonical_hybrid_v2_regression:hq09_ht01__repeat02	canonical_hybrid_v2_regression_36	hq09_ht01	2	score		matched	2	2	3	3	174e7750b193a8f63af99e769a60ad7455c29afc8cce955cddfb2d0f6c782ec6	174e7750b193a8f63af99e769a60ad7455c29afc8cce955cddfb2d0f6c782ec6	1	1	1	1	1	0	0	0	0	0	0	0	0	0	0	1
canonical_hybrid_v2_regression:hq09_ht01__repeat02	canonical_hybrid_v2_regression_36	hq09_ht01	2	stability		matched	0	0	1	1	174e7750b193a8f63af99e769a60ad7455c29afc8cce955cddfb2d0f6c782ec6	174e7750b193a8f63af99e769a60ad7455c29afc8cce955cddfb2d0f6c782ec6	1	1	1	1	1	0	0	0	0	0	0	0	0	0	0	1
canonical_hybrid_v2_regression:hq09_ht01__repeat02	canonical_hybrid_v2_regression_36	hq09_ht01	2	stability		matched	1	1	2	2	c8631c764ef041a342f30c2e0df3ba8f877cfaf37da1fd2d6ead1f1e0cda1497	c8631c764ef041a342f30c2e0df3ba8f877cfaf37da1fd2d6ead1f1e0cda1497	1	1	1	1	1	0	0	0	0	0	0	0	0	0	0	1
canonical_hybrid_v2_regression:hq09_ht01__repeat02	canonical_hybrid_v2_regression_36	hq09_ht01	2	stability		matched	2	2	3	3	106934e65e02231d907d0746e891bd472a2df93c7244360ed22bdbc0f7bf46cf	106934e65e02231d907d0746e891bd472a2df93c7244360ed22bdbc0f7bf46cf	1	1	1	1	1	0	0	0	0	0	0	0	0	0	0	1
canonical_hybrid_v2_regression:hq09_ht01__repeat02	canonical_hybrid_v2_regression_36	hq09_ht01	2	nt		matched	0	0	1	1	106934e65e02231d907d0746e891bd472a2df93c7244360ed22bdbc0f7bf46cf	106934e65e02231d907d0746e891bd472a2df93c7244360ed22bdbc0f7bf46cf	1	1	1	1	1	0	0	0	0	0	0	0	0	0	0	1
canonical_hybrid_v2_regression:hq09_ht01__repeat02	canonical_hybrid_v2_regression_36	hq09_ht01	2	nt		matched	1	1	2	2	c8631c764ef041a342f30c2e0df3ba8f877cfaf37da1fd2d6ead1f1e0cda1497	c8631c764ef041a342f30c2e0df3ba8f877cfaf37da1fd2d6ead1f1e0cda1497	1	1	1	1	1	0	0	0	0	0	0	0	0	0	0	1
canonical_hybrid_v2_regression:hq09_ht01__repeat02	canonical_hybrid_v2_regression_36	hq09_ht01	2	nt		matched	2	2	3	3	174e7750b193a8f63af99e769a60ad7455c29afc8cce955cddfb2d0f6c782ec6	174e7750b193a8f63af99e769a60ad7455c29afc8cce955cddfb2d0f6c782ec6	1	1	1	1	1	0	0	0	0	0	0	0	0	0	0	1
canonical_hybrid_v2_regression:hq09_ht02__repeat00	canonical_hybrid_v2_regression_36	hq09_ht02	0	score		matched	0	0	1	1	f2d3a50248834c4dc24f5110d9159ae8647663572c5cf4fad78c595fef6c2f04	f2d3a50248834c4dc24f5110d9159ae8647663572c5cf4fad78c595fef6c2f04	1	1	1	1	1	0	0	0	0	0	0	0	0	0	0	1
canonical_hybrid_v2_regression:hq09_ht02__repeat00	canonical_hybrid_v2_regression_36	hq09_ht02	0	score		matched	1	1	2	2	c6f598db9bce010c233c334ff684d486a6152122eac84b0dc7bd60d27c6637d5	c6f598db9bce010c233c334ff684d486a6152122eac84b0dc7bd60d27c6637d5	1	1	1	1	1	0	0	0	0	0	0	0	0	0	0	1
canonical_hybrid_v2_regression:hq09_ht02__repeat00	canonical_hybrid_v2_regression_36	hq09_ht02	0	score		matched	2	2	3	3	1326848627519eba4601ede7369ff5638e083f4251512339a33a676219393d19	1326848627519eba4601ede7369ff5638e083f4251512339a33a676219393d19	1	1	1	1	1	0	0	0	0	0	0	0	0	0	0	1
canonical_hybrid_v2_regression:hq09_ht02__repeat00	canonical_hybrid_v2_regression_36	hq09_ht02	0	score		matched	3	3	4	4	6c43361d63df0589b9d4c4d3795c9f61580d58828b8d7370f61fc7e2fc9266d5	6c43361d63df0589b9d4c4d3795c9f61580d58828b8d7370f61fc7e2fc9266d5	1	1	1	1	1	0	0	0	0	0	0	0	0	0	0	1
canonical_hybrid_v2_regression:hq09_ht02__repeat00	canonical_hybrid_v2_regression_36	hq09_ht02	0	score		matched	4	4	5	5	61c961dff8e19d34367bf836d9cf08acb1960216b06f54c722846ce635a5bbae	61c961dff8e19d34367bf836d9cf08acb1960216b06f54c722846ce635a5bbae	1	1	1	1	1	0	0	0	0	0	0	0	0	0	0	1
canonical_hybrid_v2_regression:hq09_ht02__repeat00	canonical_hybrid_v2_regression_36	hq09_ht02	0	stability		matched	0	0	1	1	231a4f7fa9a8ec168c7d15be3cb4afc4686ed90eb234a88e25d16cdaf2695374	231a4f7fa9a8ec168c7d15be3cb4afc4686ed90eb234a88e25d16cdaf2695374	1	1	1	1	1	0	0	0	0	0	0	0	0	0	0	1
canonical_hybrid_v2_regression:hq09_ht02__repeat00	canonical_hybrid_v2_regression_36	hq09_ht02	0	stability		matched	1	1	2	2	6c43361d63df0589b9d4c4d3795c9f61580d58828b8d7370f61fc7e2fc9266d5	6c43361d63df0589b9d4c4d3795c9f61580d58828b8d7370f61fc7e2fc9266d5	1	1	1	1	1	0	0	0	0	0	0	0	0	0	0	1
canonical_hybrid_v2_regression:hq09_ht02__repeat00	canonical_hybrid_v2_regression_36	hq09_ht02	0	stability		matched	2	2	3	3	a61acabe8687ac8f3815743946df3a8d8aab13ffa6f29eccfdbb396fb86eb70e	a61acabe8687ac8f3815743946df3a8d8aab13ffa6f29eccfdbb396fb86eb70e	1	1	1	1	1	0	0	0	0	0	0	0	0	0	0	1
canonical_hybrid_v2_regression:hq09_ht02__repeat00	canonical_hybrid_v2_regression_36	hq09_ht02	0	stability		matched	3	3	4	4	a384b47004380ebbf75e8c4a327bfba3ea5e289f25ed71d3c75460ea5bd63f6e	a384b47004380ebbf75e8c4a327bfba3ea5e289f25ed71d3c75460ea5bd63f6e	1	1	1	1	1	0	0	0	0	0	0	0	0	0	0	1
canonical_hybrid_v2_regression:hq09_ht02__repeat00	canonical_hybrid_v2_regression_36	hq09_ht02	0	stability		matched	4	4	5	5	f2d3a50248834c4dc24f5110d9159ae8647663572c5cf4fad78c595fef6c2f04	f2d3a50248834c4dc24f5110d9159ae8647663572c5cf4fad78c595fef6c2f04	1	1	1	1	1	0	0	0	0	0	0	0	0	0	0	1
canonical_hybrid_v2_regression:hq09_ht02__repeat00	canonical_hybrid_v2_regression_36	hq09_ht02	0	nt		matched	0	0	1	1	c6f598db9bce010c233c334ff684d486a6152122eac84b0dc7bd60d27c6637d5	c6f598db9bce010c233c334ff684d486a6152122eac84b0dc7bd60d27c6637d5	1	1	1	1	1	0	0	0	0	0	0	0	0	0	0	1
canonical_hybrid_v2_regression:hq09_ht02__repeat00	canonical_hybrid_v2_regression_36	hq09_ht02	0	nt		matched	1	1	2	2	f2d3a50248834c4dc24f5110d9159ae8647663572c5cf4fad78c595fef6c2f04	f2d3a50248834c4dc24f5110d9159ae8647663572c5cf4fad78c595fef6c2f04	1	1	1	1	1	0	0	0	0	0	0	0	0	0	0	1
canonical_hybrid_v2_regression:hq09_ht02__repeat00	canonical_hybrid_v2_regression_36	hq09_ht02	0	nt		matched	2	2	3	3	1326848627519eba4601ede7369ff5638e083f4251512339a33a676219393d19	1326848627519eba4601ede7369ff5638e083f4251512339a33a676219393d19	1	1	1	1	1	0	0	0	0	0	0	0	0	0	0	1
canonical_hybrid_v2_regression:hq09_ht02__repeat00	canonical_hybrid_v2_regression_36	hq09_ht02	0	nt		matched	3	3	4	4	61c961dff8e19d34367bf836d9cf08acb1960216b06f54c722846ce635a5bbae	61c961dff8e19d34367bf836d9cf08acb1960216b06f54c722846ce635a5bbae	1	1	1	1	1	0	0	0	0	0	0	0	0	0	0	1
canonical_hybrid_v2_regression:hq09_ht02__repeat00	canonical_hybrid_v2_regression_36	hq09_ht02	0	nt		matched	4	4	5	5	6c43361d63df0589b9d4c4d3795c9f61580d58828b8d7370f61fc7e2fc9266d5	6c43361d63df0589b9d4c4d3795c9f61580d58828b8d7370f61fc7e2fc9266d5	1	1	1	1	1	0	0	0	0	0	0	0	0	0	0	1
canonical_hybrid_v2_regression:hq09_ht02__repeat01	canonical_hybrid_v2_regression_36	hq09_ht02	1	score		matched	0	0	1	1	f2d3a50248834c4dc24f5110d9159ae8647663572c5cf4fad78c595fef6c2f04	f2d3a50248834c4dc24f5110d9159ae8647663572c5cf4fad78c595fef6c2f04	1	1	1	1	1	0	0	0	0	0	0	0	0	0	0	1
canonical_hybrid_v2_regression:hq09_ht02__repeat01	canonical_hybrid_v2_regression_36	hq09_ht02	1	score		matched	1	1	2	2	c6f598db9bce010c233c334ff684d486a6152122eac84b0dc7bd60d27c6637d5	c6f598db9bce010c233c334ff684d486a6152122eac84b0dc7bd60d27c6637d5	1	1	1	1	1	0	0	0	0	0	0	0	0	0	0	1
canonical_hybrid_v2_regression:hq09_ht02__repeat01	canonical_hybrid_v2_regression_36	hq09_ht02	1	score		matched	2	2	3	3	1326848627519eba4601ede7369ff5638e083f4251512339a33a676219393d19	1326848627519eba4601ede7369ff5638e083f4251512339a33a676219393d19	1	1	1	1	1	0	0	0	0	0	0	0	0	0	0	1
canonical_hybrid_v2_regression:hq09_ht02__repeat01	canonical_hybrid_v2_regression_36	hq09_ht02	1	score		matched	3	3	4	4	6c43361d63df0589b9d4c4d3795c9f61580d58828b8d7370f61fc7e2fc9266d5	6c43361d63df0589b9d4c4d3795c9f61580d58828b8d7370f61fc7e2fc9266d5	1	1	1	1	1	0	0	0	0	0	0	0	0	0	0	1
canonical_hybrid_v2_regression:hq09_ht02__repeat01	canonical_hybrid_v2_regression_36	hq09_ht02	1	score		matched	4	4	5	5	61c961dff8e19d34367bf836d9cf08acb1960216b06f54c722846ce635a5bbae	61c961dff8e19d34367bf836d9cf08acb1960216b06f54c722846ce635a5bbae	1	1	1	1	1	0	0	0	0	0	0	0	0	0	0	1
canonical_hybrid_v2_regression:hq09_ht02__repeat01	canonical_hybrid_v2_regression_36	hq09_ht02	1	stability		matched	0	0	1	1	231a4f7fa9a8ec168c7d15be3cb4afc4686ed90eb234a88e25d16cdaf2695374	231a4f7fa9a8ec168c7d15be3cb4afc4686ed90eb234a88e25d16cdaf2695374	1	1	1	1	1	0	0	0	0	0	0	0	0	0	0	1
canonical_hybrid_v2_regression:hq09_ht02__repeat01	canonical_hybrid_v2_regression_36	hq09_ht02	1	stability		matched	1	1	2	2	6c43361d63df0589b9d4c4d3795c9f61580d58828b8d7370f61fc7e2fc9266d5	6c43361d63df0589b9d4c4d3795c9f61580d58828b8d7370f61fc7e2fc9266d5	1	1	1	1	1	0	0	0	0	0	0	0	0	0	0	1
canonical_hybrid_v2_regression:hq09_ht02__repeat01	canonical_hybrid_v2_regression_36	hq09_ht02	1	stability		matched	2	2	3	3	a61acabe8687ac8f3815743946df3a8d8aab13ffa6f29eccfdbb396fb86eb70e	a61acabe8687ac8f3815743946df3a8d8aab13ffa6f29eccfdbb396fb86eb70e	1	1	1	1	1	0	0	0	0	0	0	0	0	0	0	1
canonical_hybrid_v2_regression:hq09_ht02__repeat01	canonical_hybrid_v2_regression_36	hq09_ht02	1	stability		matched	3	3	4	4	a384b47004380ebbf75e8c4a327bfba3ea5e289f25ed71d3c75460ea5bd63f6e	a384b47004380ebbf75e8c4a327bfba3ea5e289f25ed71d3c75460ea5bd63f6e	1	1	1	1	1	0	0	0	0	0	0	0	0	0	0	1
canonical_hybrid_v2_regression:hq09_ht02__repeat01	canonical_hybrid_v2_regression_36	hq09_ht02	1	stability		matched	4	4	5	5	f2d3a50248834c4dc24f5110d9159ae8647663572c5cf4fad78c595fef6c2f04	f2d3a50248834c4dc24f5110d9159ae8647663572c5cf4fad78c595fef6c2f04	1	1	1	1	1	0	0	0	0	0	0	0	0	0	0	1
canonical_hybrid_v2_regression:hq09_ht02__repeat01	canonical_hybrid_v2_regression_36	hq09_ht02	1	nt		matched	0	0	1	1	c6f598db9bce010c233c334ff684d486a6152122eac84b0dc7bd60d27c6637d5	c6f598db9bce010c233c334ff684d486a6152122eac84b0dc7bd60d27c6637d5	1	1	1	1	1	0	0	0	0	0	0	0	0	0	0	1
canonical_hybrid_v2_regression:hq09_ht02__repeat01	canonical_hybrid_v2_regression_36	hq09_ht02	1	nt		matched	1	1	2	2	f2d3a50248834c4dc24f5110d9159ae8647663572c5cf4fad78c595fef6c2f04	f2d3a50248834c4dc24f5110d9159ae8647663572c5cf4fad78c595fef6c2f04	1	1	1	1	1	0	0	0	0	0	0	0	0	0	0	1
canonical_hybrid_v2_regression:hq09_ht02__repeat01	canonical_hybrid_v2_regression_36	hq09_ht02	1	nt		matched	2	2	3	3	1326848627519eba4601ede7369ff5638e083f4251512339a33a676219393d19	1326848627519eba4601ede7369ff5638e083f4251512339a33a676219393d19	1	1	1	1	1	0	0	0	0	0	0	0	0	0	0	1
canonical_hybrid_v2_regression:hq09_ht02__repeat01	canonical_hybrid_v2_regression_36	hq09_ht02	1	nt		matched	3	3	4	4	61c961dff8e19d34367bf836d9cf08acb1960216b06f54c722846ce635a5bbae	61c961dff8e19d34367bf836d9cf08acb1960216b06f54c722846ce635a5bbae	1	1	1	1	1	0	0	0	0	0	0	0	0	0	0	1
canonical_hybrid_v2_regression:hq09_ht02__repeat01	canonical_hybrid_v2_regression_36	hq09_ht02	1	nt		matched	4	4	5	5	6c43361d63df0589b9d4c4d3795c9f61580d58828b8d7370f61fc7e2fc9266d5	6c43361d63df0589b9d4c4d3795c9f61580d58828b8d7370f61fc7e2fc9266d5	1	1	1	1	1	0	0	0	0	0	0	0	0	0	0	1
canonical_hybrid_v2_regression:hq09_ht02__repeat02	canonical_hybrid_v2_regression_36	hq09_ht02	2	score		matched	0	0	1	1	f2d3a50248834c4dc24f5110d9159ae8647663572c5cf4fad78c595fef6c2f04	f2d3a50248834c4dc24f5110d9159ae8647663572c5cf4fad78c595fef6c2f04	1	1	1	1	1	0	0	0	0	0	0	0	0	0	0	1
canonical_hybrid_v2_regression:hq09_ht02__repeat02	canonical_hybrid_v2_regression_36	hq09_ht02	2	score		matched	1	1	2	2	c6f598db9bce010c233c334ff684d486a6152122eac84b0dc7bd60d27c6637d5	c6f598db9bce010c233c334ff684d486a6152122eac84b0dc7bd60d27c6637d5	1	1	1	1	1	0	0	0	0	0	0	0	0	0	0	1
canonical_hybrid_v2_regression:hq09_ht02__repeat02	canonical_hybrid_v2_regression_36	hq09_ht02	2	score		matched	2	2	3	3	1326848627519eba4601ede7369ff5638e083f4251512339a33a676219393d19	1326848627519eba4601ede7369ff5638e083f4251512339a33a676219393d19	1	1	1	1	1	0	0	0	0	0	0	0	0	0	0	1
canonical_hybrid_v2_regression:hq09_ht02__repeat02	canonical_hybrid_v2_regression_36	hq09_ht02	2	score		matched	3	3	4	4	6c43361d63df0589b9d4c4d3795c9f61580d58828b8d7370f61fc7e2fc9266d5	6c43361d63df0589b9d4c4d3795c9f61580d58828b8d7370f61fc7e2fc9266d5	1	1	1	1	1	0	0	0	0	0	0	0	0	0	0	1
canonical_hybrid_v2_regression:hq09_ht02__repeat02	canonical_hybrid_v2_regression_36	hq09_ht02	2	score		matched	4	4	5	5	61c961dff8e19d34367bf836d9cf08acb1960216b06f54c722846ce635a5bbae	61c961dff8e19d34367bf836d9cf08acb1960216b06f54c722846ce635a5bbae	1	1	1	1	1	0	0	0	0	0	0	0	0	0	0	1
canonical_hybrid_v2_regression:hq09_ht02__repeat02	canonical_hybrid_v2_regression_36	hq09_ht02	2	stability		matched	0	0	1	1	231a4f7fa9a8ec168c7d15be3cb4afc4686ed90eb234a88e25d16cdaf2695374	231a4f7fa9a8ec168c7d15be3cb4afc4686ed90eb234a88e25d16cdaf2695374	1	1	1	1	1	0	0	0	0	0	0	0	0	0	0	1
canonical_hybrid_v2_regression:hq09_ht02__repeat02	canonical_hybrid_v2_regression_36	hq09_ht02	2	stability		matched	1	1	2	2	6c43361d63df0589b9d4c4d3795c9f61580d58828b8d7370f61fc7e2fc9266d5	6c43361d63df0589b9d4c4d3795c9f61580d58828b8d7370f61fc7e2fc9266d5	1	1	1	1	1	0	0	0	0	0	0	0	0	0	0	1
canonical_hybrid_v2_regression:hq09_ht02__repeat02	canonical_hybrid_v2_regression_36	hq09_ht02	2	stability		matched	2	2	3	3	a61acabe8687ac8f3815743946df3a8d8aab13ffa6f29eccfdbb396fb86eb70e	a61acabe8687ac8f3815743946df3a8d8aab13ffa6f29eccfdbb396fb86eb70e	1	1	1	1	1	0	0	0	0	0	0	0	0	0	0	1
canonical_hybrid_v2_regression:hq09_ht02__repeat02	canonical_hybrid_v2_regression_36	hq09_ht02	2	stability		matched	3	3	4	4	a384b47004380ebbf75e8c4a327bfba3ea5e289f25ed71d3c75460ea5bd63f6e	a384b47004380ebbf75e8c4a327bfba3ea5e289f25ed71d3c75460ea5bd63f6e	1	1	1	1	1	0	0	0	0	0	0	0	0	0	0	1
canonical_hybrid_v2_regression:hq09_ht02__repeat02	canonical_hybrid_v2_regression_36	hq09_ht02	2	stability		matched	4	4	5	5	f2d3a50248834c4dc24f5110d9159ae8647663572c5cf4fad78c595fef6c2f04	f2d3a50248834c4dc24f5110d9159ae8647663572c5cf4fad78c595fef6c2f04	1	1	1	1	1	0	0	0	0	0	0	0	0	0	0	1
canonical_hybrid_v2_regression:hq09_ht02__repeat02	canonical_hybrid_v2_regression_36	hq09_ht02	2	nt		matched	0	0	1	1	c6f598db9bce010c233c334ff684d486a6152122eac84b0dc7bd60d27c6637d5	c6f598db9bce010c233c334ff684d486a6152122eac84b0dc7bd60d27c6637d5	1	1	1	1	1	0	0	0	0	0	0	0	0	0	0	1
canonical_hybrid_v2_regression:hq09_ht02__repeat02	canonical_hybrid_v2_regression_36	hq09_ht02	2	nt		matched	1	1	2	2	f2d3a50248834c4dc24f5110d9159ae8647663572c5cf4fad78c595fef6c2f04	f2d3a50248834c4dc24f5110d9159ae8647663572c5cf4fad78c595fef6c2f04	1	1	1	1	1	0	0	0	0	0	0	0	0	0	0	1
canonical_hybrid_v2_regression:hq09_ht02__repeat02	canonical_hybrid_v2_regression_36	hq09_ht02	2	nt		matched	2	2	3	3	1326848627519eba4601ede7369ff5638e083f4251512339a33a676219393d19	1326848627519eba4601ede7369ff5638e083f4251512339a33a676219393d19	1	1	1	1	1	0	0	0	0	0	0	0	0	0	0	1
canonical_hybrid_v2_regression:hq09_ht02__repeat02	canonical_hybrid_v2_regression_36	hq09_ht02	2	nt		matched	3	3	4	4	61c961dff8e19d34367bf836d9cf08acb1960216b06f54c722846ce635a5bbae	61c961dff8e19d34367bf836d9cf08acb1960216b06f54c722846ce635a5bbae	1	1	1	1	1	0	0	0	0	0	0	0	0	0	0	1
canonical_hybrid_v2_regression:hq09_ht02__repeat02	canonical_hybrid_v2_regression_36	hq09_ht02	2	nt		matched	4	4	5	5	6c43361d63df0589b9d4c4d3795c9f61580d58828b8d7370f61fc7e2fc9266d5	6c43361d63df0589b9d4c4d3795c9f61580d58828b8d7370f61fc7e2fc9266d5	1	1	1	1	1	0	0	0	0	0	0	0	0	0	0	1
canonical_hybrid_v2_regression:hq10_ht01__repeat00	canonical_hybrid_v2_regression_36	hq10_ht01	0	score		matched	0	0	1	1	d6473ec2698eef25ae8a3dc070b7b6ebaf2b2a823060427d151c3623f1c36973	d6473ec2698eef25ae8a3dc070b7b6ebaf2b2a823060427d151c3623f1c36973	1	1	1	1	1	0	0	0	0	0	0	0	0	0	0	1
canonical_hybrid_v2_regression:hq10_ht01__repeat00	canonical_hybrid_v2_regression_36	hq10_ht01	0	score		matched	1	1	2	2	7a19f27aa16cd18706abf76732b2f2de838b8ac58912135c7abcd3c39d386d6d	7a19f27aa16cd18706abf76732b2f2de838b8ac58912135c7abcd3c39d386d6d	1	1	1	1	1	0	0	0	0	0	0	0	0	0	0	1
canonical_hybrid_v2_regression:hq10_ht01__repeat00	canonical_hybrid_v2_regression_36	hq10_ht01	0	score		matched	2	2	3	3	576a1d836e777b9a54087308c5d1f8199cac8181298b499497ccc5a0448ee059	576a1d836e777b9a54087308c5d1f8199cac8181298b499497ccc5a0448ee059	1	1	1	1	1	0	0	0	0	0	0	0	0	0	0	1
canonical_hybrid_v2_regression:hq10_ht01__repeat00	canonical_hybrid_v2_regression_36	hq10_ht01	0	score		matched	3	3	4	4	db57f3348f0cde6282e326528b167e1922e5b84546e881e776d426b44b675107	db57f3348f0cde6282e326528b167e1922e5b84546e881e776d426b44b675107	1	1	1	1	1	0	0	0	0	0	0	0	0	0	0	1
canonical_hybrid_v2_regression:hq10_ht01__repeat00	canonical_hybrid_v2_regression_36	hq10_ht01	0	score		matched	4	4	5	5	1624064c597855bcc6e5110cbf9a91cae6266f5af36f3f8796d992c7f8131f76	1624064c597855bcc6e5110cbf9a91cae6266f5af36f3f8796d992c7f8131f76	1	1	1	1	1	0	0	0	0	0	0	0	0	0	0	1
canonical_hybrid_v2_regression:hq10_ht01__repeat00	canonical_hybrid_v2_regression_36	hq10_ht01	0	stability		matched	0	0	1	1	86a7020435557b8a159f2c8c010ca86f723de1be6b3eff6c47d600f67b594db4	86a7020435557b8a159f2c8c010ca86f723de1be6b3eff6c47d600f67b594db4	1	1	1	1	1	0	0	0	0	0	0	0	0	0	0	1
canonical_hybrid_v2_regression:hq10_ht01__repeat00	canonical_hybrid_v2_regression_36	hq10_ht01	0	stability		matched	1	1	2	2	db57f3348f0cde6282e326528b167e1922e5b84546e881e776d426b44b675107	db57f3348f0cde6282e326528b167e1922e5b84546e881e776d426b44b675107	1	1	1	1	1	0	0	0	0	0	0	0	0	0	0	1
canonical_hybrid_v2_regression:hq10_ht01__repeat00	canonical_hybrid_v2_regression_36	hq10_ht01	0	stability		matched	2	2	3	3	601c88e9620b1c12d1e64a0a8f69e99b884b593178f510db65a43cec3b218602	601c88e9620b1c12d1e64a0a8f69e99b884b593178f510db65a43cec3b218602	1	1	1	1	1	0	0	0	0	0	0	0	0	0	0	1
canonical_hybrid_v2_regression:hq10_ht01__repeat00	canonical_hybrid_v2_regression_36	hq10_ht01	0	stability		matched	3	3	4	4	d6473ec2698eef25ae8a3dc070b7b6ebaf2b2a823060427d151c3623f1c36973	d6473ec2698eef25ae8a3dc070b7b6ebaf2b2a823060427d151c3623f1c36973	1	1	1	1	1	0	0	0	0	0	0	0	0	0	0	1
canonical_hybrid_v2_regression:hq10_ht01__repeat00	canonical_hybrid_v2_regression_36	hq10_ht01	0	stability		matched	4	4	5	5	8d148d064faddf4233d961a6b2eaf7b4641c691f25731b275e9f21256c1e4b59	8d148d064faddf4233d961a6b2eaf7b4641c691f25731b275e9f21256c1e4b59	1	1	1	1	1	0	0	0	0	0	0	0	0	0	0	1
canonical_hybrid_v2_regression:hq10_ht01__repeat00	canonical_hybrid_v2_regression_36	hq10_ht01	0	nt		matched	0	0	1	1	d6473ec2698eef25ae8a3dc070b7b6ebaf2b2a823060427d151c3623f1c36973	d6473ec2698eef25ae8a3dc070b7b6ebaf2b2a823060427d151c3623f1c36973	1	1	1	1	1	0	0	0	0	0	0	0	0	0	0	1
canonical_hybrid_v2_regression:hq10_ht01__repeat00	canonical_hybrid_v2_regression_36	hq10_ht01	0	nt		matched	1	1	2	2	7a19f27aa16cd18706abf76732b2f2de838b8ac58912135c7abcd3c39d386d6d	7a19f27aa16cd18706abf76732b2f2de838b8ac58912135c7abcd3c39d386d6d	1	1	1	1	1	0	0	0	0	0	0	0	0	0	0	1
canonical_hybrid_v2_regression:hq10_ht01__repeat00	canonical_hybrid_v2_regression_36	hq10_ht01	0	nt		matched	2	2	3	3	6b6d534204e77f8bde245493dc55ccfd71197c01f5478f34bd41cfe32ef58c7d	6b6d534204e77f8bde245493dc55ccfd71197c01f5478f34bd41cfe32ef58c7d	1	1	1	1	1	0	0	0	0	0	0	0	0	0	0	1
canonical_hybrid_v2_regression:hq10_ht01__repeat00	canonical_hybrid_v2_regression_36	hq10_ht01	0	nt		matched	3	3	4	4	86a7020435557b8a159f2c8c010ca86f723de1be6b3eff6c47d600f67b594db4	86a7020435557b8a159f2c8c010ca86f723de1be6b3eff6c47d600f67b594db4	1	1	1	1	1	0	0	0	0	0	0	0	0	0	0	1
canonical_hybrid_v2_regression:hq10_ht01__repeat00	canonical_hybrid_v2_regression_36	hq10_ht01	0	nt		matched	4	4	5	5	d66bc8c1bffb290e47d55969e94dd86567494a5afacd1eedd5beba3c3dc94202	d66bc8c1bffb290e47d55969e94dd86567494a5afacd1eedd5beba3c3dc94202	1	1	1	1	1	0	0	0	0	0	0	0	0	0	0	1
canonical_hybrid_v2_regression:hq10_ht02__repeat00	canonical_hybrid_v2_regression_36	hq10_ht02	0	score		matched	0	0	1	1	caba5de8f9ad50d551234d7fbd596ce5e2c0b33b14a079d4b2bdbdfbe70d032b	caba5de8f9ad50d551234d7fbd596ce5e2c0b33b14a079d4b2bdbdfbe70d032b	1	1	1	1	1	0	0	0	0	0	0	0	0	0	0	1
canonical_hybrid_v2_regression:hq10_ht02__repeat00	canonical_hybrid_v2_regression_36	hq10_ht02	0	score		matched	1	1	2	2	c439b62a67ac266734e45b8b112e13177d997b7c379f1e000dc2a004f7533cbb	c439b62a67ac266734e45b8b112e13177d997b7c379f1e000dc2a004f7533cbb	1	1	1	1	1	0	0	0	0	0	0	0	0	0	0	1
canonical_hybrid_v2_regression:hq10_ht02__repeat00	canonical_hybrid_v2_regression_36	hq10_ht02	0	score		matched	2	2	3	3	6aba36a81332d6a31558d2afdbf9d9178781cc1ae0165e2dbe32106061d93260	6aba36a81332d6a31558d2afdbf9d9178781cc1ae0165e2dbe32106061d93260	1	1	1	1	1	0	0	0	0	0	0	0	0	0	0	1
canonical_hybrid_v2_regression:hq10_ht02__repeat00	canonical_hybrid_v2_regression_36	hq10_ht02	0	score		matched	3	3	4	4	073a4a5c70eadd2d567ffb604d2fcdefdaa92d0fe7c8b4368148f61acee3ef8f	073a4a5c70eadd2d567ffb604d2fcdefdaa92d0fe7c8b4368148f61acee3ef8f	1	1	1	1	1	0	0	0	0	0	0	0	0	0	0	1
canonical_hybrid_v2_regression:hq10_ht02__repeat00	canonical_hybrid_v2_regression_36	hq10_ht02	0	score		matched	4	4	5	5	4cb2b2ed58b50b6b025a5e72edbc778e682cc57641474a76411bedb3e18cb5ee	4cb2b2ed58b50b6b025a5e72edbc778e682cc57641474a76411bedb3e18cb5ee	1	1	1	1	1	0	0	0	0	0	0	0	0	0	0	1
canonical_hybrid_v2_regression:hq10_ht02__repeat00	canonical_hybrid_v2_regression_36	hq10_ht02	0	stability		matched	0	0	1	1	482dc6963db36f056bfe39d31a91c2f2df8701c1c780db8c2bc0f11f7c198e1a	482dc6963db36f056bfe39d31a91c2f2df8701c1c780db8c2bc0f11f7c198e1a	1	1	1	1	1	0	0	0	0	0	0	0	0	0	0	1
canonical_hybrid_v2_regression:hq10_ht02__repeat00	canonical_hybrid_v2_regression_36	hq10_ht02	0	stability		matched	1	1	2	2	0fe0d166391443a4177705f909086c06e7a607e0511dba94811e1141bb693348	0fe0d166391443a4177705f909086c06e7a607e0511dba94811e1141bb693348	1	1	1	1	1	0	0	0	0	0	0	0	0	0	0	1
canonical_hybrid_v2_regression:hq10_ht02__repeat00	canonical_hybrid_v2_regression_36	hq10_ht02	0	stability		matched	2	2	3	3	6aba36a81332d6a31558d2afdbf9d9178781cc1ae0165e2dbe32106061d93260	6aba36a81332d6a31558d2afdbf9d9178781cc1ae0165e2dbe32106061d93260	1	1	1	1	1	0	0	0	0	0	0	0	0	0	0	1
canonical_hybrid_v2_regression:hq10_ht02__repeat00	canonical_hybrid_v2_regression_36	hq10_ht02	0	stability		matched	3	3	4	4	073a4a5c70eadd2d567ffb604d2fcdefdaa92d0fe7c8b4368148f61acee3ef8f	073a4a5c70eadd2d567ffb604d2fcdefdaa92d0fe7c8b4368148f61acee3ef8f	1	1	1	1	1	0	0	0	0	0	0	0	0	0	0	1
canonical_hybrid_v2_regression:hq10_ht02__repeat00	canonical_hybrid_v2_regression_36	hq10_ht02	0	stability		matched	4	4	5	5	0210dc6fc7e3b2326684010a8a1256d7b8c206ed7e4807348336fc3b80a1db8e	0210dc6fc7e3b2326684010a8a1256d7b8c206ed7e4807348336fc3b80a1db8e	1	1	1	1	1	0	0	0	0	0	0	0	0	0	0	1
canonical_hybrid_v2_regression:hq10_ht02__repeat00	canonical_hybrid_v2_regression_36	hq10_ht02	0	nt		matched	0	0	1	1	c439b62a67ac266734e45b8b112e13177d997b7c379f1e000dc2a004f7533cbb	c439b62a67ac266734e45b8b112e13177d997b7c379f1e000dc2a004f7533cbb	1	1	1	1	1	0	0	0	0	0	0	0	0	0	0	1
canonical_hybrid_v2_regression:hq10_ht02__repeat00	canonical_hybrid_v2_regression_36	hq10_ht02	0	nt		matched	1	1	2	2	4cb2b2ed58b50b6b025a5e72edbc778e682cc57641474a76411bedb3e18cb5ee	4cb2b2ed58b50b6b025a5e72edbc778e682cc57641474a76411bedb3e18cb5ee	1	1	1	1	1	0	0	0	0	0	0	0	0	0	0	1
canonical_hybrid_v2_regression:hq10_ht02__repeat00	canonical_hybrid_v2_regression_36	hq10_ht02	0	nt		matched	2	2	3	3	1e044da15b808e74b9f003976d587573ead3dc99d6c5686ef33898f4614bf5fa	1e044da15b808e74b9f003976d587573ead3dc99d6c5686ef33898f4614bf5fa	1	1	1	1	1	0	0	0	0	0	0	0	0	0	0	1
canonical_hybrid_v2_regression:hq10_ht02__repeat00	canonical_hybrid_v2_regression_36	hq10_ht02	0	nt		matched	3	3	4	4	073a4a5c70eadd2d567ffb604d2fcdefdaa92d0fe7c8b4368148f61acee3ef8f	073a4a5c70eadd2d567ffb604d2fcdefdaa92d0fe7c8b4368148f61acee3ef8f	1	1	1	1	1	0	0	0	0	0	0	0	0	0	0	1
canonical_hybrid_v2_regression:hq10_ht02__repeat00	canonical_hybrid_v2_regression_36	hq10_ht02	0	nt		matched	4	4	5	5	6aba36a81332d6a31558d2afdbf9d9178781cc1ae0165e2dbe32106061d93260	6aba36a81332d6a31558d2afdbf9d9178781cc1ae0165e2dbe32106061d93260	1	1	1	1	1	0	0	0	0	0	0	0	0	0	0	1
canonical_hybrid_v2_regression:hq11_ht01__repeat00	canonical_hybrid_v2_regression_36	hq11_ht01	0	score		matched	0	0	1	1	b29d74427d2c43d66b3f8de8c303f2e112cf5eb771dcb9657641ecf4579011b7	b29d74427d2c43d66b3f8de8c303f2e112cf5eb771dcb9657641ecf4579011b7	1	1	1	1	1	0	0	0	0	0	0	0	0	0	0	1
canonical_hybrid_v2_regression:hq11_ht01__repeat00	canonical_hybrid_v2_regression_36	hq11_ht01	0	score		matched	1	1	2	2	d59258a52c45e572ef7d89df9ed271c49c232c16dff222ecfc9a43fb55bd1f05	d59258a52c45e572ef7d89df9ed271c49c232c16dff222ecfc9a43fb55bd1f05	1	1	1	1	1	0	0	0	0	0	0	0	0	0	0	1
canonical_hybrid_v2_regression:hq11_ht01__repeat00	canonical_hybrid_v2_regression_36	hq11_ht01	0	score		matched	2	2	3	3	ee0623a52e6a84ad1a1f47066f988f79c7c8ebe415e9a1f9edd92d47a0866079	ee0623a52e6a84ad1a1f47066f988f79c7c8ebe415e9a1f9edd92d47a0866079	1	1	1	1	1	0	0	0	0	0	0	0	0	0	0	1
canonical_hybrid_v2_regression:hq11_ht01__repeat00	canonical_hybrid_v2_regression_36	hq11_ht01	0	score		matched	3	3	4	4	4c02dfb4b39c77748ad88d758ce6bddfed2891d4385c50e834db41cce9afe937	4c02dfb4b39c77748ad88d758ce6bddfed2891d4385c50e834db41cce9afe937	1	1	1	1	1	0	0	0	0	0	0	0	0	0	0	1
canonical_hybrid_v2_regression:hq11_ht01__repeat00	canonical_hybrid_v2_regression_36	hq11_ht01	0	score		matched	4	4	5	5	81417f8804b5c34e1b23e3711321cfb56c790b313cdc64878b176ebba693742e	81417f8804b5c34e1b23e3711321cfb56c790b313cdc64878b176ebba693742e	1	1	1	1	1	0	0	0	0	0	0	0	0	0	0	1
canonical_hybrid_v2_regression:hq11_ht01__repeat00	canonical_hybrid_v2_regression_36	hq11_ht01	0	stability		matched	0	0	1	1	6d570484e9656f7072e6d7d8e7d581d14d1b9335072e42f0ec2b2001a59aae32	6d570484e9656f7072e6d7d8e7d581d14d1b9335072e42f0ec2b2001a59aae32	1	1	1	1	1	0	0	0	0	0	0	0	0	0	0	1
canonical_hybrid_v2_regression:hq11_ht01__repeat00	canonical_hybrid_v2_regression_36	hq11_ht01	0	stability		matched	1	1	2	2	81417f8804b5c34e1b23e3711321cfb56c790b313cdc64878b176ebba693742e	81417f8804b5c34e1b23e3711321cfb56c790b313cdc64878b176ebba693742e	1	1	1	1	1	0	0	0	0	0	0	0	0	0	0	1
canonical_hybrid_v2_regression:hq11_ht01__repeat00	canonical_hybrid_v2_regression_36	hq11_ht01	0	stability		matched	2	2	3	3	b29d74427d2c43d66b3f8de8c303f2e112cf5eb771dcb9657641ecf4579011b7	b29d74427d2c43d66b3f8de8c303f2e112cf5eb771dcb9657641ecf4579011b7	1	1	1	1	1	0	0	0	0	0	0	0	0	0	0	1
canonical_hybrid_v2_regression:hq11_ht01__repeat00	canonical_hybrid_v2_regression_36	hq11_ht01	0	stability		matched	3	3	4	4	a8f154bb2a8ae04c7469eb31a9dc7141095baeef6fa8c60da3a3ca5b116bd171	a8f154bb2a8ae04c7469eb31a9dc7141095baeef6fa8c60da3a3ca5b116bd171	1	1	1	1	1	0	0	0	0	0	0	0	0	0	0	1
canonical_hybrid_v2_regression:hq11_ht01__repeat00	canonical_hybrid_v2_regression_36	hq11_ht01	0	stability		matched	4	4	5	5	4c02dfb4b39c77748ad88d758ce6bddfed2891d4385c50e834db41cce9afe937	4c02dfb4b39c77748ad88d758ce6bddfed2891d4385c50e834db41cce9afe937	1	1	1	1	1	0	0	0	0	0	0	0	0	0	0	1
canonical_hybrid_v2_regression:hq11_ht01__repeat00	canonical_hybrid_v2_regression_36	hq11_ht01	0	nt		matched	0	0	1	1	d59258a52c45e572ef7d89df9ed271c49c232c16dff222ecfc9a43fb55bd1f05	d59258a52c45e572ef7d89df9ed271c49c232c16dff222ecfc9a43fb55bd1f05	1	1	1	1	1	0	0	0	0	0	0	0	0	0	0	1
canonical_hybrid_v2_regression:hq11_ht01__repeat00	canonical_hybrid_v2_regression_36	hq11_ht01	0	nt		matched	1	1	2	2	4c02dfb4b39c77748ad88d758ce6bddfed2891d4385c50e834db41cce9afe937	4c02dfb4b39c77748ad88d758ce6bddfed2891d4385c50e834db41cce9afe937	1	1	1	1	1	0	0	0	0	0	0	0	0	0	0	1
canonical_hybrid_v2_regression:hq11_ht01__repeat00	canonical_hybrid_v2_regression_36	hq11_ht01	0	nt		matched	2	2	3	3	ee0623a52e6a84ad1a1f47066f988f79c7c8ebe415e9a1f9edd92d47a0866079	ee0623a52e6a84ad1a1f47066f988f79c7c8ebe415e9a1f9edd92d47a0866079	1	1	1	1	1	0	0	0	0	0	0	0	0	0	0	1
canonical_hybrid_v2_regression:hq11_ht01__repeat00	canonical_hybrid_v2_regression_36	hq11_ht01	0	nt		matched	3	3	4	4	b29d74427d2c43d66b3f8de8c303f2e112cf5eb771dcb9657641ecf4579011b7	b29d74427d2c43d66b3f8de8c303f2e112cf5eb771dcb9657641ecf4579011b7	1	1	1	1	1	0	0	0	0	0	0	0	0	0	0	1
canonical_hybrid_v2_regression:hq11_ht01__repeat00	canonical_hybrid_v2_regression_36	hq11_ht01	0	nt		matched	4	4	5	5	81417f8804b5c34e1b23e3711321cfb56c790b313cdc64878b176ebba693742e	81417f8804b5c34e1b23e3711321cfb56c790b313cdc64878b176ebba693742e	1	1	1	1	1	0	0	0	0	0	0	0	0	0	0	1
canonical_hybrid_v2_regression:hq11_ht02__repeat00	canonical_hybrid_v2_regression_36	hq11_ht02	0	score		matched	0	0	1	1	40b58c6d8c1c273cf5f2c0103091e1bddfb456d8d038ddac92c4614cca68e280	40b58c6d8c1c273cf5f2c0103091e1bddfb456d8d038ddac92c4614cca68e280	1	1	1	1	1	0	0	0	0	0	0	0	0	0	0	1
canonical_hybrid_v2_regression:hq11_ht02__repeat00	canonical_hybrid_v2_regression_36	hq11_ht02	0	score		matched	1	1	2	2	271dd1da9cbfe379ca8060a3008a031a795afe497278eeb9f933097d5e1a09b9	271dd1da9cbfe379ca8060a3008a031a795afe497278eeb9f933097d5e1a09b9	1	1	1	1	1	0	0	0	0	0	0	0	0	0	0	1
canonical_hybrid_v2_regression:hq11_ht02__repeat00	canonical_hybrid_v2_regression_36	hq11_ht02	0	score		matched	2	2	3	3	49d567deccbbd4de636ad06be3b126f303dded9866e2693d541a1c4fe2cbb049	49d567deccbbd4de636ad06be3b126f303dded9866e2693d541a1c4fe2cbb049	1	1	1	1	1	0	0	0	0	0	0	0	0	0	0	1
canonical_hybrid_v2_regression:hq11_ht02__repeat00	canonical_hybrid_v2_regression_36	hq11_ht02	0	score		matched	3	3	4	4	6142c1f3c9d81a9e1b54dbd1c57f4fd0bf37d8f82044afef1d61a261271da751	6142c1f3c9d81a9e1b54dbd1c57f4fd0bf37d8f82044afef1d61a261271da751	1	1	1	1	1	0	0	0	0	0	0	0	0	0	0	1
canonical_hybrid_v2_regression:hq11_ht02__repeat00	canonical_hybrid_v2_regression_36	hq11_ht02	0	score		matched	4	4	5	5	f953ca8a7a3cf4f0f6ea409482aa767a31aa7d5d8cf8b65f9cc5d59700490a07	f953ca8a7a3cf4f0f6ea409482aa767a31aa7d5d8cf8b65f9cc5d59700490a07	1	1	1	1	1	0	0	0	0	0	0	0	0	0	0	1
canonical_hybrid_v2_regression:hq11_ht02__repeat00	canonical_hybrid_v2_regression_36	hq11_ht02	0	stability		matched	0	0	1	1	88f0b7449f182bb4329933bec572244f5c2e22ec5d4c3676f9da341e2d2fe448	88f0b7449f182bb4329933bec572244f5c2e22ec5d4c3676f9da341e2d2fe448	1	1	1	1	1	0	0	0	0	0	0	0	0	0	0	1
canonical_hybrid_v2_regression:hq11_ht02__repeat00	canonical_hybrid_v2_regression_36	hq11_ht02	0	stability		matched	1	1	2	2	480dc719366a8c3b2c8feeec03c9feeb750a1f1581c83926cee7abc2cb4dc542	480dc719366a8c3b2c8feeec03c9feeb750a1f1581c83926cee7abc2cb4dc542	1	1	1	1	1	0	0	0	0	0	0	0	0	0	0	1
canonical_hybrid_v2_regression:hq11_ht02__repeat00	canonical_hybrid_v2_regression_36	hq11_ht02	0	stability		matched	2	2	3	3	ad1606f86b0d07bbda36d0e774d8bb1f28110ef2039072111c15235d4a6a84d4	ad1606f86b0d07bbda36d0e774d8bb1f28110ef2039072111c15235d4a6a84d4	1	1	1	1	1	0	0	0	0	0	0	0	0	0	0	1
canonical_hybrid_v2_regression:hq11_ht02__repeat00	canonical_hybrid_v2_regression_36	hq11_ht02	0	stability		matched	3	3	4	4	6142c1f3c9d81a9e1b54dbd1c57f4fd0bf37d8f82044afef1d61a261271da751	6142c1f3c9d81a9e1b54dbd1c57f4fd0bf37d8f82044afef1d61a261271da751	1	1	1	1	1	0	0	0	0	0	0	0	0	0	0	1
canonical_hybrid_v2_regression:hq11_ht02__repeat00	canonical_hybrid_v2_regression_36	hq11_ht02	0	stability		matched	4	4	5	5	ac92a8c4a7267bd8bd9da415890cfeb2fb7c29be0930571a8d7bc159b53d4e38	ac92a8c4a7267bd8bd9da415890cfeb2fb7c29be0930571a8d7bc159b53d4e38	1	1	1	1	1	0	0	0	0	0	0	0	0	0	0	1
canonical_hybrid_v2_regression:hq11_ht02__repeat00	canonical_hybrid_v2_regression_36	hq11_ht02	0	nt		matched	0	0	1	1	480dc719366a8c3b2c8feeec03c9feeb750a1f1581c83926cee7abc2cb4dc542	480dc719366a8c3b2c8feeec03c9feeb750a1f1581c83926cee7abc2cb4dc542	1	1	1	1	1	0	0	0	0	0	0	0	0	0	0	1
canonical_hybrid_v2_regression:hq11_ht02__repeat00	canonical_hybrid_v2_regression_36	hq11_ht02	0	nt		matched	1	1	2	2	ad1606f86b0d07bbda36d0e774d8bb1f28110ef2039072111c15235d4a6a84d4	ad1606f86b0d07bbda36d0e774d8bb1f28110ef2039072111c15235d4a6a84d4	1	1	1	1	1	0	0	0	0	0	0	0	0	0	0	1
canonical_hybrid_v2_regression:hq11_ht02__repeat00	canonical_hybrid_v2_regression_36	hq11_ht02	0	nt		matched	2	2	3	3	84c1ad43abede72e900b190d2153745c3fa565603b2809f7fab80cc9dc589091	84c1ad43abede72e900b190d2153745c3fa565603b2809f7fab80cc9dc589091	1	1	1	1	1	0	0	0	0	0	0	0	0	0	0	1
canonical_hybrid_v2_regression:hq11_ht02__repeat00	canonical_hybrid_v2_regression_36	hq11_ht02	0	nt		matched	3	3	4	4	88f0b7449f182bb4329933bec572244f5c2e22ec5d4c3676f9da341e2d2fe448	88f0b7449f182bb4329933bec572244f5c2e22ec5d4c3676f9da341e2d2fe448	1	1	1	1	1	0	0	0	0	0	0	0	0	0	0	1
canonical_hybrid_v2_regression:hq11_ht02__repeat00	canonical_hybrid_v2_regression_36	hq11_ht02	0	nt		matched	4	4	5	5	f953ca8a7a3cf4f0f6ea409482aa767a31aa7d5d8cf8b65f9cc5d59700490a07	f953ca8a7a3cf4f0f6ea409482aa767a31aa7d5d8cf8b65f9cc5d59700490a07	1	1	1	1	1	0	0	0	0	0	0	0	0	0	0	1
canonical_hybrid_v2_regression:hq12_ht01__repeat00	canonical_hybrid_v2_regression_36	hq12_ht01	0	score		matched	0	0	1	1	4231c50dd604c36ceb2410a357b83652cf14ca19af2262d816b7e776773edf25	4231c50dd604c36ceb2410a357b83652cf14ca19af2262d816b7e776773edf25	1	1	1	1	1	0	0	0	0	0	0	0	0	0	0	1
canonical_hybrid_v2_regression:hq12_ht01__repeat00	canonical_hybrid_v2_regression_36	hq12_ht01	0	score		matched	1	1	2	2	34c7433bfc16ceb0dad252b9d0bc49e14edec2311d01f084615d7a7be74da9aa	34c7433bfc16ceb0dad252b9d0bc49e14edec2311d01f084615d7a7be74da9aa	1	1	1	1	1	0	0	0	0	0	0	0	0	0	0	1
canonical_hybrid_v2_regression:hq12_ht01__repeat00	canonical_hybrid_v2_regression_36	hq12_ht01	0	score		matched	2	2	3	3	93a400e9c9e9983bb0a10605e5774ea99091ee9b9b4691bba749847d62b4e11b	93a400e9c9e9983bb0a10605e5774ea99091ee9b9b4691bba749847d62b4e11b	1	1	1	1	1	0	0	0	0	0	0	0	0	0	0	1
canonical_hybrid_v2_regression:hq12_ht01__repeat00	canonical_hybrid_v2_regression_36	hq12_ht01	0	score		matched	3	3	4	4	56149fde62e5884db5cd9bdefe89ef3f083e8038ade7dd5eea0afd40037b5edd	56149fde62e5884db5cd9bdefe89ef3f083e8038ade7dd5eea0afd40037b5edd	1	1	1	1	1	0	0	0	0	0	0	0	0	0	0	1
canonical_hybrid_v2_regression:hq12_ht01__repeat00	canonical_hybrid_v2_regression_36	hq12_ht01	0	score		matched	4	4	5	5	11a150fd2a100b8178889f5f072c56180653c884cfa150dcef4343b3802532a4	11a150fd2a100b8178889f5f072c56180653c884cfa150dcef4343b3802532a4	1	1	1	1	1	0	0	0	0	0	0	0	0	0	0	1
canonical_hybrid_v2_regression:hq12_ht01__repeat00	canonical_hybrid_v2_regression_36	hq12_ht01	0	stability		matched	0	0	1	1	93a400e9c9e9983bb0a10605e5774ea99091ee9b9b4691bba749847d62b4e11b	93a400e9c9e9983bb0a10605e5774ea99091ee9b9b4691bba749847d62b4e11b	1	1	1	1	1	0	0	0	0	0	0	0	0	0	0	1
canonical_hybrid_v2_regression:hq12_ht01__repeat00	canonical_hybrid_v2_regression_36	hq12_ht01	0	stability		matched	1	1	2	2	d272f3d40241bf0d86bad81531f6f65bf9ed5d97760cf6fc080109faba2c642d	d272f3d40241bf0d86bad81531f6f65bf9ed5d97760cf6fc080109faba2c642d	1	1	1	1	1	0	0	0	0	0	0	0	0	0	0	1
canonical_hybrid_v2_regression:hq12_ht01__repeat00	canonical_hybrid_v2_regression_36	hq12_ht01	0	stability		matched	2	2	3	3	4d09dc7edd8fda210de70333a965e8c5e9094314db3baec7b9a9e29199860adb	4d09dc7edd8fda210de70333a965e8c5e9094314db3baec7b9a9e29199860adb	1	1	1	1	1	0	0	0	0	0	0	0	0	0	0	1
canonical_hybrid_v2_regression:hq12_ht01__repeat00	canonical_hybrid_v2_regression_36	hq12_ht01	0	stability		matched	3	3	4	4	56149fde62e5884db5cd9bdefe89ef3f083e8038ade7dd5eea0afd40037b5edd	56149fde62e5884db5cd9bdefe89ef3f083e8038ade7dd5eea0afd40037b5edd	1	1	1	1	1	0	0	0	0	0	0	0	0	0	0	1
canonical_hybrid_v2_regression:hq12_ht01__repeat00	canonical_hybrid_v2_regression_36	hq12_ht01	0	stability		matched	4	4	5	5	633491533b2c07b33c01263ea176f1687c4d75af515e89d8d0bc643220a98d39	633491533b2c07b33c01263ea176f1687c4d75af515e89d8d0bc643220a98d39	1	1	1	1	1	0	0	0	0	0	0	0	0	0	0	1
canonical_hybrid_v2_regression:hq12_ht01__repeat00	canonical_hybrid_v2_regression_36	hq12_ht01	0	nt		matched	0	0	1	1	34c7433bfc16ceb0dad252b9d0bc49e14edec2311d01f084615d7a7be74da9aa	34c7433bfc16ceb0dad252b9d0bc49e14edec2311d01f084615d7a7be74da9aa	1	1	1	1	1	0	0	0	0	0	0	0	0	0	0	1
canonical_hybrid_v2_regression:hq12_ht01__repeat00	canonical_hybrid_v2_regression_36	hq12_ht01	0	nt		matched	1	1	2	2	4231c50dd604c36ceb2410a357b83652cf14ca19af2262d816b7e776773edf25	4231c50dd604c36ceb2410a357b83652cf14ca19af2262d816b7e776773edf25	1	1	1	1	1	0	0	0	0	0	0	0	0	0	0	1
canonical_hybrid_v2_regression:hq12_ht01__repeat00	canonical_hybrid_v2_regression_36	hq12_ht01	0	nt		matched	2	2	3	3	56149fde62e5884db5cd9bdefe89ef3f083e8038ade7dd5eea0afd40037b5edd	56149fde62e5884db5cd9bdefe89ef3f083e8038ade7dd5eea0afd40037b5edd	1	1	1	1	1	0	0	0	0	0	0	0	0	0	0	1
canonical_hybrid_v2_regression:hq12_ht01__repeat00	canonical_hybrid_v2_regression_36	hq12_ht01	0	nt		matched	3	3	4	4	d272f3d40241bf0d86bad81531f6f65bf9ed5d97760cf6fc080109faba2c642d	d272f3d40241bf0d86bad81531f6f65bf9ed5d97760cf6fc080109faba2c642d	1	1	1	1	1	0	0	0	0	0	0	0	0	0	0	1
canonical_hybrid_v2_regression:hq12_ht01__repeat00	canonical_hybrid_v2_regression_36	hq12_ht01	0	nt		matched	4	4	5	5	633491533b2c07b33c01263ea176f1687c4d75af515e89d8d0bc643220a98d39	633491533b2c07b33c01263ea176f1687c4d75af515e89d8d0bc643220a98d39	1	1	1	1	1	0	0	0	0	0	0	0	0	0	0	1
canonical_hybrid_v2_regression:hq12_ht02__repeat00	canonical_hybrid_v2_regression_36	hq12_ht02	0	score		matched	0	0	1	1	3cf3d010d93f71ecabdb402771d790992bb10209b8d49ae583141959b60d8942	3cf3d010d93f71ecabdb402771d790992bb10209b8d49ae583141959b60d8942	1	1	1	1	1	0	0	0	0	0	0	0	0	0	0	1
canonical_hybrid_v2_regression:hq12_ht02__repeat00	canonical_hybrid_v2_regression_36	hq12_ht02	0	score		matched	1	1	2	2	195483634b579ed3e331af5d3f4f59e75f7fecbb42ed217ef4ce84715946a9c5	195483634b579ed3e331af5d3f4f59e75f7fecbb42ed217ef4ce84715946a9c5	1	1	1	1	1	0	0	0	0	0	0	0	0	0	0	1
canonical_hybrid_v2_regression:hq12_ht02__repeat00	canonical_hybrid_v2_regression_36	hq12_ht02	0	score		matched	2	2	3	3	81aabc3c34970c6f429c02e4f1cc285d0e99aef17f3020662f599339fa876c81	81aabc3c34970c6f429c02e4f1cc285d0e99aef17f3020662f599339fa876c81	1	1	1	1	1	0	0	0	0	0	0	0	0	0	0	1
canonical_hybrid_v2_regression:hq12_ht02__repeat00	canonical_hybrid_v2_regression_36	hq12_ht02	0	score		matched	3	3	4	4	5d5ef17372613b2b95620c514cae712804a7002aa37f2e7551008b6b36793390	5d5ef17372613b2b95620c514cae712804a7002aa37f2e7551008b6b36793390	1	1	1	1	1	0	0	0	0	0	0	0	0	0	0	1
canonical_hybrid_v2_regression:hq12_ht02__repeat00	canonical_hybrid_v2_regression_36	hq12_ht02	0	score		matched	4	4	5	5	3d0d8c833c1d27dd6fe685616574b12352bef65a9fee487d9368dccccafd3fa7	3d0d8c833c1d27dd6fe685616574b12352bef65a9fee487d9368dccccafd3fa7	1	1	1	1	1	0	0	0	0	0	0	0	0	0	0	1
canonical_hybrid_v2_regression:hq12_ht02__repeat00	canonical_hybrid_v2_regression_36	hq12_ht02	0	stability		matched	0	0	1	1	6208579aa6c0ab86bf63458208ec42278e85f62c5001a50897aa10101732bbbe	6208579aa6c0ab86bf63458208ec42278e85f62c5001a50897aa10101732bbbe	1	1	1	1	1	0	0	0	0	0	0	0	0	0	0	1
canonical_hybrid_v2_regression:hq12_ht02__repeat00	canonical_hybrid_v2_regression_36	hq12_ht02	0	stability		matched	1	1	2	2	195483634b579ed3e331af5d3f4f59e75f7fecbb42ed217ef4ce84715946a9c5	195483634b579ed3e331af5d3f4f59e75f7fecbb42ed217ef4ce84715946a9c5	1	1	1	1	1	0	0	0	0	0	0	0	0	0	0	1
canonical_hybrid_v2_regression:hq12_ht02__repeat00	canonical_hybrid_v2_regression_36	hq12_ht02	0	stability		matched	2	2	3	3	3d0d8c833c1d27dd6fe685616574b12352bef65a9fee487d9368dccccafd3fa7	3d0d8c833c1d27dd6fe685616574b12352bef65a9fee487d9368dccccafd3fa7	1	1	1	1	1	0	0	0	0	0	0	0	0	0	0	1
canonical_hybrid_v2_regression:hq12_ht02__repeat00	canonical_hybrid_v2_regression_36	hq12_ht02	0	stability		matched	3	3	4	4	81aabc3c34970c6f429c02e4f1cc285d0e99aef17f3020662f599339fa876c81	81aabc3c34970c6f429c02e4f1cc285d0e99aef17f3020662f599339fa876c81	1	1	1	1	1	0	0	0	0	0	0	0	0	0	0	1
canonical_hybrid_v2_regression:hq12_ht02__repeat00	canonical_hybrid_v2_regression_36	hq12_ht02	0	stability		matched	4	4	5	5	02931a6e892440913a46c2fcbce9da2298f996f3e8d4269ca064243b631fb073	02931a6e892440913a46c2fcbce9da2298f996f3e8d4269ca064243b631fb073	1	1	1	1	1	0	0	0	0	0	0	0	0	0	0	1
canonical_hybrid_v2_regression:hq12_ht02__repeat00	canonical_hybrid_v2_regression_36	hq12_ht02	0	nt		matched	0	0	1	1	7cc2bc7d92edc4c731f939a9244feea5cc902a95ecb7b7d48d11c68c01f60c88	7cc2bc7d92edc4c731f939a9244feea5cc902a95ecb7b7d48d11c68c01f60c88	1	1	1	1	1	0	0	0	0	0	0	0	0	0	0	1
canonical_hybrid_v2_regression:hq12_ht02__repeat00	canonical_hybrid_v2_regression_36	hq12_ht02	0	nt		matched	1	1	2	2	7a7f41eef8021dd5a18b7bc0c3140bce07c347f3b635add0365218b8fff89342	7a7f41eef8021dd5a18b7bc0c3140bce07c347f3b635add0365218b8fff89342	1	1	1	1	1	0	0	0	0	0	0	0	0	0	0	1
canonical_hybrid_v2_regression:hq12_ht02__repeat00	canonical_hybrid_v2_regression_36	hq12_ht02	0	nt		matched	2	2	3	3	195483634b579ed3e331af5d3f4f59e75f7fecbb42ed217ef4ce84715946a9c5	195483634b579ed3e331af5d3f4f59e75f7fecbb42ed217ef4ce84715946a9c5	1	1	1	1	1	0	0	0	0	0	0	0	0	0	0	1
canonical_hybrid_v2_regression:hq12_ht02__repeat00	canonical_hybrid_v2_regression_36	hq12_ht02	0	nt		matched	3	3	4	4	926c36b8e55558d4f8a10780f213292209af3e23c68e944ab9595ed8e8c0c3a3	926c36b8e55558d4f8a10780f213292209af3e23c68e944ab9595ed8e8c0c3a3	1	1	1	1	1	0	0	0	0	0	0	0	0	0	0	1
canonical_hybrid_v2_regression:hq12_ht02__repeat00	canonical_hybrid_v2_regression_36	hq12_ht02	0	nt		matched	4	4	5	5	02931a6e892440913a46c2fcbce9da2298f996f3e8d4269ca064243b631fb073	02931a6e892440913a46c2fcbce9da2298f996f3e8d4269ca064243b631fb073	1	1	1	1	1	0	0	0	0	0	0	0	0	0	0	1
paper_core:c7_kcnq_max8_chr22__pair01:shift_0	historical_paper_core_available	c7_kcnq_max8_chr22	1:shift_0	score		matched	0	0	1	1	a2a348ef54841a3445e9774c3e3928fd848710c4b480584a6ab140ae6d31b3d3	a2a348ef54841a3445e9774c3e3928fd848710c4b480584a6ab140ae6d31b3d3	1	1	1	1	1	0	0	0	0	0	0	0	0	0	0	1
paper_core:c7_kcnq_max8_chr22__pair01:shift_0	historical_paper_core_available	c7_kcnq_max8_chr22	1:shift_0	score		matched	1	1	2	2	acf10ff27e872072e4386824f0eb73841e8ddbf1ad11da916cd9a45840922d63	acf10ff27e872072e4386824f0eb73841e8ddbf1ad11da916cd9a45840922d63	1	1	1	1	1	0	0	0	0	0	0	0	0	0	0	1
paper_core:c7_kcnq_max8_chr22__pair01:shift_0	historical_paper_core_available	c7_kcnq_max8_chr22	1:shift_0	score		matched	2	2	3	3	a1cc10b67b5cb2181d3f21cc79fce44b64956745108e2eebb01e7f2916bf2e46	a1cc10b67b5cb2181d3f21cc79fce44b64956745108e2eebb01e7f2916bf2e46	1	1	1	1	1	0	0	0	0	0	0	0	0	0	0	1
paper_core:c7_kcnq_max8_chr22__pair01:shift_0	historical_paper_core_available	c7_kcnq_max8_chr22	1:shift_0	score		matched	3	3	4	4	4dc01d7a29699d514431626d5f2efe41edbbef2e3d3a8d0947fc9e87d3030460	4dc01d7a29699d514431626d5f2efe41edbbef2e3d3a8d0947fc9e87d3030460	1	1	1	1	1	0	0	0	0	0	0	0	0	0	0	1
paper_core:c7_kcnq_max8_chr22__pair01:shift_0	historical_paper_core_available	c7_kcnq_max8_chr22	1:shift_0	score		matched	4	4	5	5	0942e16faf96dca540d9a6022f5183742ae3d88405eb0f553ae74ea3d73bd865	0942e16faf96dca540d9a6022f5183742ae3d88405eb0f553ae74ea3d73bd865	1	1	1	1	1	0	0	0	0	0	0	0	0	0	0	1
paper_core:c7_kcnq_max8_chr22__pair01:shift_0	historical_paper_core_available	c7_kcnq_max8_chr22	1:shift_0	stability		matched	0	0	1	1	6386e5e8cce4abfd91b68bb90378709b1a9fc832684f6f34bce51acc21ed62a6	6386e5e8cce4abfd91b68bb90378709b1a9fc832684f6f34bce51acc21ed62a6	1	1	1	1	1	0	0	0	0	0	0	0	0	0	0	1
paper_core:c7_kcnq_max8_chr22__pair01:shift_0	historical_paper_core_available	c7_kcnq_max8_chr22	1:shift_0	stability		matched	1	1	2	2	f729532692310ff1b927e6ad7d89c28a3067131919104a5d9b0c4d3eddefdb85	f729532692310ff1b927e6ad7d89c28a3067131919104a5d9b0c4d3eddefdb85	1	1	1	1	1	0	0	0	0	0	0	0	0	0	0	1
paper_core:c7_kcnq_max8_chr22__pair01:shift_0	historical_paper_core_available	c7_kcnq_max8_chr22	1:shift_0	stability		matched	2	2	3	3	d72011379d39fd4bb26ddc5e2f775889d38b4f8b7c5ac4ff5761afeb4e176b32	d72011379d39fd4bb26ddc5e2f775889d38b4f8b7c5ac4ff5761afeb4e176b32	1	1	1	1	1	0	0	0	0	0	0	0	0	0	0	1
paper_core:c7_kcnq_max8_chr22__pair01:shift_0	historical_paper_core_available	c7_kcnq_max8_chr22	1:shift_0	stability		matched	3	3	4	4	d20699a656db5bd3d3a9e28f75aa8ad260f80d30ce018a33510a34a52928041f	d20699a656db5bd3d3a9e28f75aa8ad260f80d30ce018a33510a34a52928041f	1	1	1	1	1	0	0	0	0	0	0	0	0	0	0	1
paper_core:c7_kcnq_max8_chr22__pair01:shift_0	historical_paper_core_available	c7_kcnq_max8_chr22	1:shift_0	stability		matched	4	4	5	5	0f20f8d03d9c93430db53c92212118a8c530a1f2585c23ea3aa222a879bfb7f3	0f20f8d03d9c93430db53c92212118a8c530a1f2585c23ea3aa222a879bfb7f3	1	1	1	1	1	0	0	0	0	0	0	0	0	0	0	1
paper_core:c7_kcnq_max8_chr22__pair01:shift_0	historical_paper_core_available	c7_kcnq_max8_chr22	1:shift_0	nt		matched	0	0	1	1	fc2e34a37c6afa621a321a305b20255a09dfa614f179e41261781cb2d1144cdb	fc2e34a37c6afa621a321a305b20255a09dfa614f179e41261781cb2d1144cdb	1	1	1	1	1	0	0	0	0	0	0	0	0	0	0	1
paper_core:c7_kcnq_max8_chr22__pair01:shift_0	historical_paper_core_available	c7_kcnq_max8_chr22	1:shift_0	nt		matched	1	1	2	2	48886312e6042f54aeca007cd5ce62fddc765a5516824762a136ed6cb7418def	48886312e6042f54aeca007cd5ce62fddc765a5516824762a136ed6cb7418def	1	1	1	1	1	0	0	0	0	0	0	0	0	0	0	1
paper_core:c7_kcnq_max8_chr22__pair01:shift_0	historical_paper_core_available	c7_kcnq_max8_chr22	1:shift_0	nt		matched	2	2	3	3	68d616aa4b0bbf65a52bac2dee9347ddd06d4ddcb3fbbdcdcaa4faeee841b599	68d616aa4b0bbf65a52bac2dee9347ddd06d4ddcb3fbbdcdcaa4faeee841b599	1	1	1	1	1	0	0	0	0	0	0	0	0	0	0	1
paper_core:c7_kcnq_max8_chr22__pair01:shift_0	historical_paper_core_available	c7_kcnq_max8_chr22	1:shift_0	nt		matched	3	3	4	4	345cd8447e44ac46ea31c98895cc7defb899682945aff3facd8654a49044237b	345cd8447e44ac46ea31c98895cc7defb899682945aff3facd8654a49044237b	1	1	1	1	1	0	0	0	0	0	0	0	0	0	0	1
paper_core:c7_kcnq_max8_chr22__pair01:shift_0	historical_paper_core_available	c7_kcnq_max8_chr22	1:shift_0	nt		matched	4	4	5	5	89d192cc8134f2c3c9acf90de4ba066dec00a34a50aa7602aa0170d232606074	89d192cc8134f2c3c9acf90de4ba066dec00a34a50aa7602aa0170d232606074	1	1	1	1	1	0	0	0	0	0	0	0	0	0	0	1
paper_core:c7_kcnq_max8_chr22__pair01:shift_256	historical_paper_core_available	c7_kcnq_max8_chr22	1:shift_256	score		matched	0	0	1	1	a2a348ef54841a3445e9774c3e3928fd848710c4b480584a6ab140ae6d31b3d3	a2a348ef54841a3445e9774c3e3928fd848710c4b480584a6ab140ae6d31b3d3	1	1	1	1	1	0	0	0	0	0	0	0	0	0	0	1
paper_core:c7_kcnq_max8_chr22__pair01:shift_256	historical_paper_core_available	c7_kcnq_max8_chr22	1:shift_256	score		matched	1	1	2	2	7d44fd7705beba4051315403c2f457a7b5bb4ba9dced052c9cd01a8c7ba5072b	7d44fd7705beba4051315403c2f457a7b5bb4ba9dced052c9cd01a8c7ba5072b	1	1	1	1	1	0	0	0	0	0	0	0	0	0	0	1
paper_core:c7_kcnq_max8_chr22__pair01:shift_256	historical_paper_core_available	c7_kcnq_max8_chr22	1:shift_256	score		matched	2	2	3	3	9ad41f2d2dac2e12268281f69da515fc8f741ce3dfcfce6d8e571b003b1e4133	9ad41f2d2dac2e12268281f69da515fc8f741ce3dfcfce6d8e571b003b1e4133	1	1	1	1	1	0	0	0	0	0	0	0	0	0	0	1
paper_core:c7_kcnq_max8_chr22__pair01:shift_256	historical_paper_core_available	c7_kcnq_max8_chr22	1:shift_256	score		matched	3	3	4	4	9d355764e82fcf8ca6b6525874f230518282513f96654f1531df2e66b04b0ee2	9d355764e82fcf8ca6b6525874f230518282513f96654f1531df2e66b04b0ee2	1	1	1	1	1	0	0	0	0	0	0	0	0	0	0	1
paper_core:c7_kcnq_max8_chr22__pair01:shift_256	historical_paper_core_available	c7_kcnq_max8_chr22	1:shift_256	score		matched	4	4	5	5	d7ca798da664e35780679cb80fdde626db6e872ebf0dc4af78170f00b4661365	d7ca798da664e35780679cb80fdde626db6e872ebf0dc4af78170f00b4661365	1	1	1	1	1	0	0	0	0	0	0	0	0	0	0	1
paper_core:c7_kcnq_max8_chr22__pair01:shift_256	historical_paper_core_available	c7_kcnq_max8_chr22	1:shift_256	stability		matched	0	0	1	1	2192453ed55895e523de72a6752fd9c84903dba6f72a3a4fd3c784a095be7fbe	2192453ed55895e523de72a6752fd9c84903dba6f72a3a4fd3c784a095be7fbe	1	1	1	1	1	0	0	0	0	0	0	0	0	0	0	1
paper_core:c7_kcnq_max8_chr22__pair01:shift_256	historical_paper_core_available	c7_kcnq_max8_chr22	1:shift_256	stability		matched	1	1	2	2	f729532692310ff1b927e6ad7d89c28a3067131919104a5d9b0c4d3eddefdb85	f729532692310ff1b927e6ad7d89c28a3067131919104a5d9b0c4d3eddefdb85	1	1	1	1	1	0	0	0	0	0	0	0	0	0	0	1
paper_core:c7_kcnq_max8_chr22__pair01:shift_256	historical_paper_core_available	c7_kcnq_max8_chr22	1:shift_256	stability		matched	2	2	3	3	d72011379d39fd4bb26ddc5e2f775889d38b4f8b7c5ac4ff5761afeb4e176b32	d72011379d39fd4bb26ddc5e2f775889d38b4f8b7c5ac4ff5761afeb4e176b32	1	1	1	1	1	0	0	0	0	0	0	0	0	0	0	1
paper_core:c7_kcnq_max8_chr22__pair01:shift_256	historical_paper_core_available	c7_kcnq_max8_chr22	1:shift_256	stability		matched	3	3	4	4	d20699a656db5bd3d3a9e28f75aa8ad260f80d30ce018a33510a34a52928041f	d20699a656db5bd3d3a9e28f75aa8ad260f80d30ce018a33510a34a52928041f	1	1	1	1	1	0	0	0	0	0	0	0	0	0	0	1
paper_core:c7_kcnq_max8_chr22__pair01:shift_256	historical_paper_core_available	c7_kcnq_max8_chr22	1:shift_256	stability		matched	4	4	5	5	3afbff3c5ba395e7ee8f121131959610fff99c50b6c034cc71ffecce8a954999	3afbff3c5ba395e7ee8f121131959610fff99c50b6c034cc71ffecce8a954999	1	1	1	1	1	0	0	0	0	0	0	0	0	0	0	1
paper_core:c7_kcnq_max8_chr22__pair01:shift_256	historical_paper_core_available	c7_kcnq_max8_chr22	1:shift_256	nt		matched	0	0	1	1	06ffa2be767ea4e6cc2eed493f8e8e5d2f7f2c1ba502859e0e97d0e67b88247e	06ffa2be767ea4e6cc2eed493f8e8e5d2f7f2c1ba502859e0e97d0e67b88247e	1	1	1	1	1	0	0	0	0	0	0	0	0	0	0	1
paper_core:c7_kcnq_max8_chr22__pair01:shift_256	historical_paper_core_available	c7_kcnq_max8_chr22	1:shift_256	nt		matched	1	1	2	2	3685d462caa55d8613f4410774d8dbd4efb8537e7807f47857671fb81971c1c2	3685d462caa55d8613f4410774d8dbd4efb8537e7807f47857671fb81971c1c2	1	1	1	1	1	0	0	0	0	0	0	0	0	0	0	1
paper_core:c7_kcnq_max8_chr22__pair01:shift_256	historical_paper_core_available	c7_kcnq_max8_chr22	1:shift_256	nt		matched	2	2	3	3	55d336551b65550115438f5a5f49b367587097ebdc7a6c312ab6d157d8ce4f47	55d336551b65550115438f5a5f49b367587097ebdc7a6c312ab6d157d8ce4f47	1	1	1	1	1	0	0	0	0	0	0	0	0	0	0	1
paper_core:c7_kcnq_max8_chr22__pair01:shift_256	historical_paper_core_available	c7_kcnq_max8_chr22	1:shift_256	nt		matched	3	3	4	4	c49cea0ed2e85a0462629db0016485c002db8c356ee17285b361f62b0c760d60	c49cea0ed2e85a0462629db0016485c002db8c356ee17285b361f62b0c760d60	1	1	1	1	1	0	0	0	0	0	0	0	0	0	0	1
paper_core:c7_kcnq_max8_chr22__pair01:shift_256	historical_paper_core_available	c7_kcnq_max8_chr22	1:shift_256	nt		matched	4	4	5	5	608a88086cb95725d9a860f79693c97160b672eae76dbbf08571d4dbe2ac208c	608a88086cb95725d9a860f79693c97160b672eae76dbbf08571d4dbe2ac208c	1	1	1	1	1	0	0	0	0	0	0	0	0	0	0	1
paper_core:c7_kcnq_max8_chr22__pair02:shift_0	historical_paper_core_available	c7_kcnq_max8_chr22	2:shift_0	score		matched	0	0	1	1	a2a348ef54841a3445e9774c3e3928fd848710c4b480584a6ab140ae6d31b3d3	a2a348ef54841a3445e9774c3e3928fd848710c4b480584a6ab140ae6d31b3d3	1	1	1	1	1	0	0	0	0	0	0	0	0	0	0	1
paper_core:c7_kcnq_max8_chr22__pair02:shift_0	historical_paper_core_available	c7_kcnq_max8_chr22	2:shift_0	score		matched	1	1	2	2	acf10ff27e872072e4386824f0eb73841e8ddbf1ad11da916cd9a45840922d63	acf10ff27e872072e4386824f0eb73841e8ddbf1ad11da916cd9a45840922d63	1	1	1	1	1	0	0	0	0	0	0	0	0	0	0	1
paper_core:c7_kcnq_max8_chr22__pair02:shift_0	historical_paper_core_available	c7_kcnq_max8_chr22	2:shift_0	score		matched	2	2	3	3	a1cc10b67b5cb2181d3f21cc79fce44b64956745108e2eebb01e7f2916bf2e46	a1cc10b67b5cb2181d3f21cc79fce44b64956745108e2eebb01e7f2916bf2e46	1	1	1	1	1	0	0	0	0	0	0	0	0	0	0	1
paper_core:c7_kcnq_max8_chr22__pair02:shift_0	historical_paper_core_available	c7_kcnq_max8_chr22	2:shift_0	score		matched	3	3	4	4	4dc01d7a29699d514431626d5f2efe41edbbef2e3d3a8d0947fc9e87d3030460	4dc01d7a29699d514431626d5f2efe41edbbef2e3d3a8d0947fc9e87d3030460	1	1	1	1	1	0	0	0	0	0	0	0	0	0	0	1
paper_core:c7_kcnq_max8_chr22__pair02:shift_0	historical_paper_core_available	c7_kcnq_max8_chr22	2:shift_0	score		matched	4	4	5	5	0942e16faf96dca540d9a6022f5183742ae3d88405eb0f553ae74ea3d73bd865	0942e16faf96dca540d9a6022f5183742ae3d88405eb0f553ae74ea3d73bd865	1	1	1	1	1	0	0	0	0	0	0	0	0	0	0	1
paper_core:c7_kcnq_max8_chr22__pair02:shift_0	historical_paper_core_available	c7_kcnq_max8_chr22	2:shift_0	stability		matched	0	0	1	1	6386e5e8cce4abfd91b68bb90378709b1a9fc832684f6f34bce51acc21ed62a6	6386e5e8cce4abfd91b68bb90378709b1a9fc832684f6f34bce51acc21ed62a6	1	1	1	1	1	0	0	0	0	0	0	0	0	0	0	1
paper_core:c7_kcnq_max8_chr22__pair02:shift_0	historical_paper_core_available	c7_kcnq_max8_chr22	2:shift_0	stability		matched	1	1	2	2	f729532692310ff1b927e6ad7d89c28a3067131919104a5d9b0c4d3eddefdb85	f729532692310ff1b927e6ad7d89c28a3067131919104a5d9b0c4d3eddefdb85	1	1	1	1	1	0	0	0	0	0	0	0	0	0	0	1
paper_core:c7_kcnq_max8_chr22__pair02:shift_0	historical_paper_core_available	c7_kcnq_max8_chr22	2:shift_0	stability		matched	2	2	3	3	d72011379d39fd4bb26ddc5e2f775889d38b4f8b7c5ac4ff5761afeb4e176b32	d72011379d39fd4bb26ddc5e2f775889d38b4f8b7c5ac4ff5761afeb4e176b32	1	1	1	1	1	0	0	0	0	0	0	0	0	0	0	1
paper_core:c7_kcnq_max8_chr22__pair02:shift_0	historical_paper_core_available	c7_kcnq_max8_chr22	2:shift_0	stability		matched	3	3	4	4	d20699a656db5bd3d3a9e28f75aa8ad260f80d30ce018a33510a34a52928041f	d20699a656db5bd3d3a9e28f75aa8ad260f80d30ce018a33510a34a52928041f	1	1	1	1	1	0	0	0	0	0	0	0	0	0	0	1
paper_core:c7_kcnq_max8_chr22__pair02:shift_0	historical_paper_core_available	c7_kcnq_max8_chr22	2:shift_0	stability		matched	4	4	5	5	0f20f8d03d9c93430db53c92212118a8c530a1f2585c23ea3aa222a879bfb7f3	0f20f8d03d9c93430db53c92212118a8c530a1f2585c23ea3aa222a879bfb7f3	1	1	1	1	1	0	0	0	0	0	0	0	0	0	0	1
paper_core:c7_kcnq_max8_chr22__pair02:shift_0	historical_paper_core_available	c7_kcnq_max8_chr22	2:shift_0	nt		matched	0	0	1	1	fc2e34a37c6afa621a321a305b20255a09dfa614f179e41261781cb2d1144cdb	fc2e34a37c6afa621a321a305b20255a09dfa614f179e41261781cb2d1144cdb	1	1	1	1	1	0	0	0	0	0	0	0	0	0	0	1
paper_core:c7_kcnq_max8_chr22__pair02:shift_0	historical_paper_core_available	c7_kcnq_max8_chr22	2:shift_0	nt		matched	1	1	2	2	48886312e6042f54aeca007cd5ce62fddc765a5516824762a136ed6cb7418def	48886312e6042f54aeca007cd5ce62fddc765a5516824762a136ed6cb7418def	1	1	1	1	1	0	0	0	0	0	0	0	0	0	0	1
paper_core:c7_kcnq_max8_chr22__pair02:shift_0	historical_paper_core_available	c7_kcnq_max8_chr22	2:shift_0	nt		matched	2	2	3	3	68d616aa4b0bbf65a52bac2dee9347ddd06d4ddcb3fbbdcdcaa4faeee841b599	68d616aa4b0bbf65a52bac2dee9347ddd06d4ddcb3fbbdcdcaa4faeee841b599	1	1	1	1	1	0	0	0	0	0	0	0	0	0	0	1
paper_core:c7_kcnq_max8_chr22__pair02:shift_0	historical_paper_core_available	c7_kcnq_max8_chr22	2:shift_0	nt		matched	3	3	4	4	345cd8447e44ac46ea31c98895cc7defb899682945aff3facd8654a49044237b	345cd8447e44ac46ea31c98895cc7defb899682945aff3facd8654a49044237b	1	1	1	1	1	0	0	0	0	0	0	0	0	0	0	1
paper_core:c7_kcnq_max8_chr22__pair02:shift_0	historical_paper_core_available	c7_kcnq_max8_chr22	2:shift_0	nt		matched	4	4	5	5	89d192cc8134f2c3c9acf90de4ba066dec00a34a50aa7602aa0170d232606074	89d192cc8134f2c3c9acf90de4ba066dec00a34a50aa7602aa0170d232606074	1	1	1	1	1	0	0	0	0	0	0	0	0	0	0	1
paper_core:c7_kcnq_max8_chr22__pair02:shift_256	historical_paper_core_available	c7_kcnq_max8_chr22	2:shift_256	score		matched	0	0	1	1	a2a348ef54841a3445e9774c3e3928fd848710c4b480584a6ab140ae6d31b3d3	a2a348ef54841a3445e9774c3e3928fd848710c4b480584a6ab140ae6d31b3d3	1	1	1	1	1	0	0	0	0	0	0	0	0	0	0	1
paper_core:c7_kcnq_max8_chr22__pair02:shift_256	historical_paper_core_available	c7_kcnq_max8_chr22	2:shift_256	score		matched	1	1	2	2	7d44fd7705beba4051315403c2f457a7b5bb4ba9dced052c9cd01a8c7ba5072b	7d44fd7705beba4051315403c2f457a7b5bb4ba9dced052c9cd01a8c7ba5072b	1	1	1	1	1	0	0	0	0	0	0	0	0	0	0	1
paper_core:c7_kcnq_max8_chr22__pair02:shift_256	historical_paper_core_available	c7_kcnq_max8_chr22	2:shift_256	score		matched	2	2	3	3	9ad41f2d2dac2e12268281f69da515fc8f741ce3dfcfce6d8e571b003b1e4133	9ad41f2d2dac2e12268281f69da515fc8f741ce3dfcfce6d8e571b003b1e4133	1	1	1	1	1	0	0	0	0	0	0	0	0	0	0	1
paper_core:c7_kcnq_max8_chr22__pair02:shift_256	historical_paper_core_available	c7_kcnq_max8_chr22	2:shift_256	score		matched	3	3	4	4	9d355764e82fcf8ca6b6525874f230518282513f96654f1531df2e66b04b0ee2	9d355764e82fcf8ca6b6525874f230518282513f96654f1531df2e66b04b0ee2	1	1	1	1	1	0	0	0	0	0	0	0	0	0	0	1
paper_core:c7_kcnq_max8_chr22__pair02:shift_256	historical_paper_core_available	c7_kcnq_max8_chr22	2:shift_256	score		matched	4	4	5	5	d7ca798da664e35780679cb80fdde626db6e872ebf0dc4af78170f00b4661365	d7ca798da664e35780679cb80fdde626db6e872ebf0dc4af78170f00b4661365	1	1	1	1	1	0	0	0	0	0	0	0	0	0	0	1
paper_core:c7_kcnq_max8_chr22__pair02:shift_256	historical_paper_core_available	c7_kcnq_max8_chr22	2:shift_256	stability		matched	0	0	1	1	2192453ed55895e523de72a6752fd9c84903dba6f72a3a4fd3c784a095be7fbe	2192453ed55895e523de72a6752fd9c84903dba6f72a3a4fd3c784a095be7fbe	1	1	1	1	1	0	0	0	0	0	0	0	0	0	0	1
paper_core:c7_kcnq_max8_chr22__pair02:shift_256	historical_paper_core_available	c7_kcnq_max8_chr22	2:shift_256	stability		matched	1	1	2	2	f729532692310ff1b927e6ad7d89c28a3067131919104a5d9b0c4d3eddefdb85	f729532692310ff1b927e6ad7d89c28a3067131919104a5d9b0c4d3eddefdb85	1	1	1	1	1	0	0	0	0	0	0	0	0	0	0	1
paper_core:c7_kcnq_max8_chr22__pair02:shift_256	historical_paper_core_available	c7_kcnq_max8_chr22	2:shift_256	stability		matched	2	2	3	3	d72011379d39fd4bb26ddc5e2f775889d38b4f8b7c5ac4ff5761afeb4e176b32	d72011379d39fd4bb26ddc5e2f775889d38b4f8b7c5ac4ff5761afeb4e176b32	1	1	1	1	1	0	0	0	0	0	0	0	0	0	0	1
paper_core:c7_kcnq_max8_chr22__pair02:shift_256	historical_paper_core_available	c7_kcnq_max8_chr22	2:shift_256	stability		matched	3	3	4	4	d20699a656db5bd3d3a9e28f75aa8ad260f80d30ce018a33510a34a52928041f	d20699a656db5bd3d3a9e28f75aa8ad260f80d30ce018a33510a34a52928041f	1	1	1	1	1	0	0	0	0	0	0	0	0	0	0	1
paper_core:c7_kcnq_max8_chr22__pair02:shift_256	historical_paper_core_available	c7_kcnq_max8_chr22	2:shift_256	stability		matched	4	4	5	5	3afbff3c5ba395e7ee8f121131959610fff99c50b6c034cc71ffecce8a954999	3afbff3c5ba395e7ee8f121131959610fff99c50b6c034cc71ffecce8a954999	1	1	1	1	1	0	0	0	0	0	0	0	0	0	0	1
paper_core:c7_kcnq_max8_chr22__pair02:shift_256	historical_paper_core_available	c7_kcnq_max8_chr22	2:shift_256	nt		matched	0	0	1	1	06ffa2be767ea4e6cc2eed493f8e8e5d2f7f2c1ba502859e0e97d0e67b88247e	06ffa2be767ea4e6cc2eed493f8e8e5d2f7f2c1ba502859e0e97d0e67b88247e	1	1	1	1	1	0	0	0	0	0	0	0	0	0	0	1
paper_core:c7_kcnq_max8_chr22__pair02:shift_256	historical_paper_core_available	c7_kcnq_max8_chr22	2:shift_256	nt		matched	1	1	2	2	3685d462caa55d8613f4410774d8dbd4efb8537e7807f47857671fb81971c1c2	3685d462caa55d8613f4410774d8dbd4efb8537e7807f47857671fb81971c1c2	1	1	1	1	1	0	0	0	0	0	0	0	0	0	0	1
paper_core:c7_kcnq_max8_chr22__pair02:shift_256	historical_paper_core_available	c7_kcnq_max8_chr22	2:shift_256	nt		matched	2	2	3	3	55d336551b65550115438f5a5f49b367587097ebdc7a6c312ab6d157d8ce4f47	55d336551b65550115438f5a5f49b367587097ebdc7a6c312ab6d157d8ce4f47	1	1	1	1	1	0	0	0	0	0	0	0	0	0	0	1
paper_core:c7_kcnq_max8_chr22__pair02:shift_256	historical_paper_core_available	c7_kcnq_max8_chr22	2:shift_256	nt		matched	3	3	4	4	c49cea0ed2e85a0462629db0016485c002db8c356ee17285b361f62b0c760d60	c49cea0ed2e85a0462629db0016485c002db8c356ee17285b361f62b0c760d60	1	1	1	1	1	0	0	0	0	0	0	0	0	0	0	1
paper_core:c7_kcnq_max8_chr22__pair02:shift_256	historical_paper_core_available	c7_kcnq_max8_chr22	2:shift_256	nt		matched	4	4	5	5	608a88086cb95725d9a860f79693c97160b672eae76dbbf08571d4dbe2ac208c	608a88086cb95725d9a860f79693c97160b672eae76dbbf08571d4dbe2ac208c	1	1	1	1	1	0	0	0	0	0	0	0	0	0	0	1
paper_core:c7_kcnq_max8_chr22__pair03:shift_0	historical_paper_core_available	c7_kcnq_max8_chr22	3:shift_0	score		matched	0	0	1	1	a2a348ef54841a3445e9774c3e3928fd848710c4b480584a6ab140ae6d31b3d3	a2a348ef54841a3445e9774c3e3928fd848710c4b480584a6ab140ae6d31b3d3	1	1	1	1	1	0	0	0	0	0	0	0	0	0	0	1
paper_core:c7_kcnq_max8_chr22__pair03:shift_0	historical_paper_core_available	c7_kcnq_max8_chr22	3:shift_0	score		matched	1	1	2	2	acf10ff27e872072e4386824f0eb73841e8ddbf1ad11da916cd9a45840922d63	acf10ff27e872072e4386824f0eb73841e8ddbf1ad11da916cd9a45840922d63	1	1	1	1	1	0	0	0	0	0	0	0	0	0	0	1
paper_core:c7_kcnq_max8_chr22__pair03:shift_0	historical_paper_core_available	c7_kcnq_max8_chr22	3:shift_0	score		matched	2	2	3	3	a1cc10b67b5cb2181d3f21cc79fce44b64956745108e2eebb01e7f2916bf2e46	a1cc10b67b5cb2181d3f21cc79fce44b64956745108e2eebb01e7f2916bf2e46	1	1	1	1	1	0	0	0	0	0	0	0	0	0	0	1
paper_core:c7_kcnq_max8_chr22__pair03:shift_0	historical_paper_core_available	c7_kcnq_max8_chr22	3:shift_0	score		matched	3	3	4	4	4dc01d7a29699d514431626d5f2efe41edbbef2e3d3a8d0947fc9e87d3030460	4dc01d7a29699d514431626d5f2efe41edbbef2e3d3a8d0947fc9e87d3030460	1	1	1	1	1	0	0	0	0	0	0	0	0	0	0	1
paper_core:c7_kcnq_max8_chr22__pair03:shift_0	historical_paper_core_available	c7_kcnq_max8_chr22	3:shift_0	score		matched	4	4	5	5	0942e16faf96dca540d9a6022f5183742ae3d88405eb0f553ae74ea3d73bd865	0942e16faf96dca540d9a6022f5183742ae3d88405eb0f553ae74ea3d73bd865	1	1	1	1	1	0	0	0	0	0	0	0	0	0	0	1
paper_core:c7_kcnq_max8_chr22__pair03:shift_0	historical_paper_core_available	c7_kcnq_max8_chr22	3:shift_0	stability		matched	0	0	1	1	6386e5e8cce4abfd91b68bb90378709b1a9fc832684f6f34bce51acc21ed62a6	6386e5e8cce4abfd91b68bb90378709b1a9fc832684f6f34bce51acc21ed62a6	1	1	1	1	1	0	0	0	0	0	0	0	0	0	0	1
paper_core:c7_kcnq_max8_chr22__pair03:shift_0	historical_paper_core_available	c7_kcnq_max8_chr22	3:shift_0	stability		matched	1	1	2	2	f729532692310ff1b927e6ad7d89c28a3067131919104a5d9b0c4d3eddefdb85	f729532692310ff1b927e6ad7d89c28a3067131919104a5d9b0c4d3eddefdb85	1	1	1	1	1	0	0	0	0	0	0	0	0	0	0	1
paper_core:c7_kcnq_max8_chr22__pair03:shift_0	historical_paper_core_available	c7_kcnq_max8_chr22	3:shift_0	stability		matched	2	2	3	3	d72011379d39fd4bb26ddc5e2f775889d38b4f8b7c5ac4ff5761afeb4e176b32	d72011379d39fd4bb26ddc5e2f775889d38b4f8b7c5ac4ff5761afeb4e176b32	1	1	1	1	1	0	0	0	0	0	0	0	0	0	0	1
paper_core:c7_kcnq_max8_chr22__pair03:shift_0	historical_paper_core_available	c7_kcnq_max8_chr22	3:shift_0	stability		matched	3	3	4	4	d20699a656db5bd3d3a9e28f75aa8ad260f80d30ce018a33510a34a52928041f	d20699a656db5bd3d3a9e28f75aa8ad260f80d30ce018a33510a34a52928041f	1	1	1	1	1	0	0	0	0	0	0	0	0	0	0	1
paper_core:c7_kcnq_max8_chr22__pair03:shift_0	historical_paper_core_available	c7_kcnq_max8_chr22	3:shift_0	stability		matched	4	4	5	5	0f20f8d03d9c93430db53c92212118a8c530a1f2585c23ea3aa222a879bfb7f3	0f20f8d03d9c93430db53c92212118a8c530a1f2585c23ea3aa222a879bfb7f3	1	1	1	1	1	0	0	0	0	0	0	0	0	0	0	1
paper_core:c7_kcnq_max8_chr22__pair03:shift_0	historical_paper_core_available	c7_kcnq_max8_chr22	3:shift_0	nt		matched	0	0	1	1	fc2e34a37c6afa621a321a305b20255a09dfa614f179e41261781cb2d1144cdb	fc2e34a37c6afa621a321a305b20255a09dfa614f179e41261781cb2d1144cdb	1	1	1	1	1	0	0	0	0	0	0	0	0	0	0	1
paper_core:c7_kcnq_max8_chr22__pair03:shift_0	historical_paper_core_available	c7_kcnq_max8_chr22	3:shift_0	nt		matched	1	1	2	2	48886312e6042f54aeca007cd5ce62fddc765a5516824762a136ed6cb7418def	48886312e6042f54aeca007cd5ce62fddc765a5516824762a136ed6cb7418def	1	1	1	1	1	0	0	0	0	0	0	0	0	0	0	1
paper_core:c7_kcnq_max8_chr22__pair03:shift_0	historical_paper_core_available	c7_kcnq_max8_chr22	3:shift_0	nt		matched	2	2	3	3	68d616aa4b0bbf65a52bac2dee9347ddd06d4ddcb3fbbdcdcaa4faeee841b599	68d616aa4b0bbf65a52bac2dee9347ddd06d4ddcb3fbbdcdcaa4faeee841b599	1	1	1	1	1	0	0	0	0	0	0	0	0	0	0	1
paper_core:c7_kcnq_max8_chr22__pair03:shift_0	historical_paper_core_available	c7_kcnq_max8_chr22	3:shift_0	nt		matched	3	3	4	4	345cd8447e44ac46ea31c98895cc7defb899682945aff3facd8654a49044237b	345cd8447e44ac46ea31c98895cc7defb899682945aff3facd8654a49044237b	1	1	1	1	1	0	0	0	0	0	0	0	0	0	0	1
paper_core:c7_kcnq_max8_chr22__pair03:shift_0	historical_paper_core_available	c7_kcnq_max8_chr22	3:shift_0	nt		matched	4	4	5	5	89d192cc8134f2c3c9acf90de4ba066dec00a34a50aa7602aa0170d232606074	89d192cc8134f2c3c9acf90de4ba066dec00a34a50aa7602aa0170d232606074	1	1	1	1	1	0	0	0	0	0	0	0	0	0	0	1
paper_core:c7_kcnq_max8_chr22__pair03:shift_256	historical_paper_core_available	c7_kcnq_max8_chr22	3:shift_256	score		matched	0	0	1	1	a2a348ef54841a3445e9774c3e3928fd848710c4b480584a6ab140ae6d31b3d3	a2a348ef54841a3445e9774c3e3928fd848710c4b480584a6ab140ae6d31b3d3	1	1	1	1	1	0	0	0	0	0	0	0	0	0	0	1
paper_core:c7_kcnq_max8_chr22__pair03:shift_256	historical_paper_core_available	c7_kcnq_max8_chr22	3:shift_256	score		matched	1	1	2	2	7d44fd7705beba4051315403c2f457a7b5bb4ba9dced052c9cd01a8c7ba5072b	7d44fd7705beba4051315403c2f457a7b5bb4ba9dced052c9cd01a8c7ba5072b	1	1	1	1	1	0	0	0	0	0	0	0	0	0	0	1
paper_core:c7_kcnq_max8_chr22__pair03:shift_256	historical_paper_core_available	c7_kcnq_max8_chr22	3:shift_256	score		matched	2	2	3	3	9ad41f2d2dac2e12268281f69da515fc8f741ce3dfcfce6d8e571b003b1e4133	9ad41f2d2dac2e12268281f69da515fc8f741ce3dfcfce6d8e571b003b1e4133	1	1	1	1	1	0	0	0	0	0	0	0	0	0	0	1
paper_core:c7_kcnq_max8_chr22__pair03:shift_256	historical_paper_core_available	c7_kcnq_max8_chr22	3:shift_256	score		matched	3	3	4	4	9d355764e82fcf8ca6b6525874f230518282513f96654f1531df2e66b04b0ee2	9d355764e82fcf8ca6b6525874f230518282513f96654f1531df2e66b04b0ee2	1	1	1	1	1	0	0	0	0	0	0	0	0	0	0	1
paper_core:c7_kcnq_max8_chr22__pair03:shift_256	historical_paper_core_available	c7_kcnq_max8_chr22	3:shift_256	score		matched	4	4	5	5	d7ca798da664e35780679cb80fdde626db6e872ebf0dc4af78170f00b4661365	d7ca798da664e35780679cb80fdde626db6e872ebf0dc4af78170f00b4661365	1	1	1	1	1	0	0	0	0	0	0	0	0	0	0	1
paper_core:c7_kcnq_max8_chr22__pair03:shift_256	historical_paper_core_available	c7_kcnq_max8_chr22	3:shift_256	stability		matched	0	0	1	1	2192453ed55895e523de72a6752fd9c84903dba6f72a3a4fd3c784a095be7fbe	2192453ed55895e523de72a6752fd9c84903dba6f72a3a4fd3c784a095be7fbe	1	1	1	1	1	0	0	0	0	0	0	0	0	0	0	1
paper_core:c7_kcnq_max8_chr22__pair03:shift_256	historical_paper_core_available	c7_kcnq_max8_chr22	3:shift_256	stability		matched	1	1	2	2	f729532692310ff1b927e6ad7d89c28a3067131919104a5d9b0c4d3eddefdb85	f729532692310ff1b927e6ad7d89c28a3067131919104a5d9b0c4d3eddefdb85	1	1	1	1	1	0	0	0	0	0	0	0	0	0	0	1
paper_core:c7_kcnq_max8_chr22__pair03:shift_256	historical_paper_core_available	c7_kcnq_max8_chr22	3:shift_256	stability		matched	2	2	3	3	d72011379d39fd4bb26ddc5e2f775889d38b4f8b7c5ac4ff5761afeb4e176b32	d72011379d39fd4bb26ddc5e2f775889d38b4f8b7c5ac4ff5761afeb4e176b32	1	1	1	1	1	0	0	0	0	0	0	0	0	0	0	1
paper_core:c7_kcnq_max8_chr22__pair03:shift_256	historical_paper_core_available	c7_kcnq_max8_chr22	3:shift_256	stability		matched	3	3	4	4	d20699a656db5bd3d3a9e28f75aa8ad260f80d30ce018a33510a34a52928041f	d20699a656db5bd3d3a9e28f75aa8ad260f80d30ce018a33510a34a52928041f	1	1	1	1	1	0	0	0	0	0	0	0	0	0	0	1
paper_core:c7_kcnq_max8_chr22__pair03:shift_256	historical_paper_core_available	c7_kcnq_max8_chr22	3:shift_256	stability		matched	4	4	5	5	3afbff3c5ba395e7ee8f121131959610fff99c50b6c034cc71ffecce8a954999	3afbff3c5ba395e7ee8f121131959610fff99c50b6c034cc71ffecce8a954999	1	1	1	1	1	0	0	0	0	0	0	0	0	0	0	1
paper_core:c7_kcnq_max8_chr22__pair03:shift_256	historical_paper_core_available	c7_kcnq_max8_chr22	3:shift_256	nt		matched	0	0	1	1	06ffa2be767ea4e6cc2eed493f8e8e5d2f7f2c1ba502859e0e97d0e67b88247e	06ffa2be767ea4e6cc2eed493f8e8e5d2f7f2c1ba502859e0e97d0e67b88247e	1	1	1	1	1	0	0	0	0	0	0	0	0	0	0	1
paper_core:c7_kcnq_max8_chr22__pair03:shift_256	historical_paper_core_available	c7_kcnq_max8_chr22	3:shift_256	nt		matched	1	1	2	2	3685d462caa55d8613f4410774d8dbd4efb8537e7807f47857671fb81971c1c2	3685d462caa55d8613f4410774d8dbd4efb8537e7807f47857671fb81971c1c2	1	1	1	1	1	0	0	0	0	0	0	0	0	0	0	1
paper_core:c7_kcnq_max8_chr22__pair03:shift_256	historical_paper_core_available	c7_kcnq_max8_chr22	3:shift_256	nt		matched	2	2	3	3	55d336551b65550115438f5a5f49b367587097ebdc7a6c312ab6d157d8ce4f47	55d336551b65550115438f5a5f49b367587097ebdc7a6c312ab6d157d8ce4f47	1	1	1	1	1	0	0	0	0	0	0	0	0	0	0	1
paper_core:c7_kcnq_max8_chr22__pair03:shift_256	historical_paper_core_available	c7_kcnq_max8_chr22	3:shift_256	nt		matched	3	3	4	4	c49cea0ed2e85a0462629db0016485c002db8c356ee17285b361f62b0c760d60	c49cea0ed2e85a0462629db0016485c002db8c356ee17285b361f62b0c760d60	1	1	1	1	1	0	0	0	0	0	0	0	0	0	0	1
paper_core:c7_kcnq_max8_chr22__pair03:shift_256	historical_paper_core_available	c7_kcnq_max8_chr22	3:shift_256	nt		matched	4	4	5	5	608a88086cb95725d9a860f79693c97160b672eae76dbbf08571d4dbe2ac208c	608a88086cb95725d9a860f79693c97160b672eae76dbbf08571d4dbe2ac208c	1	1	1	1	1	0	0	0	0	0	0	0	0	0	0	1
paper_core:c7_kcnq_max8_chr22__warmup:shift_0	historical_paper_core_available	c7_kcnq_max8_chr22	0:shift_0	score		matched	0	0	1	1	a2a348ef54841a3445e9774c3e3928fd848710c4b480584a6ab140ae6d31b3d3	a2a348ef54841a3445e9774c3e3928fd848710c4b480584a6ab140ae6d31b3d3	1	1	1	1	1	0	0	0	0	0	0	0	0	0	0	1
paper_core:c7_kcnq_max8_chr22__warmup:shift_0	historical_paper_core_available	c7_kcnq_max8_chr22	0:shift_0	score		matched	1	1	2	2	acf10ff27e872072e4386824f0eb73841e8ddbf1ad11da916cd9a45840922d63	acf10ff27e872072e4386824f0eb73841e8ddbf1ad11da916cd9a45840922d63	1	1	1	1	1	0	0	0	0	0	0	0	0	0	0	1
paper_core:c7_kcnq_max8_chr22__warmup:shift_0	historical_paper_core_available	c7_kcnq_max8_chr22	0:shift_0	score		matched	2	2	3	3	a1cc10b67b5cb2181d3f21cc79fce44b64956745108e2eebb01e7f2916bf2e46	a1cc10b67b5cb2181d3f21cc79fce44b64956745108e2eebb01e7f2916bf2e46	1	1	1	1	1	0	0	0	0	0	0	0	0	0	0	1
paper_core:c7_kcnq_max8_chr22__warmup:shift_0	historical_paper_core_available	c7_kcnq_max8_chr22	0:shift_0	score		matched	3	3	4	4	4dc01d7a29699d514431626d5f2efe41edbbef2e3d3a8d0947fc9e87d3030460	4dc01d7a29699d514431626d5f2efe41edbbef2e3d3a8d0947fc9e87d3030460	1	1	1	1	1	0	0	0	0	0	0	0	0	0	0	1
paper_core:c7_kcnq_max8_chr22__warmup:shift_0	historical_paper_core_available	c7_kcnq_max8_chr22	0:shift_0	score		matched	4	4	5	5	0942e16faf96dca540d9a6022f5183742ae3d88405eb0f553ae74ea3d73bd865	0942e16faf96dca540d9a6022f5183742ae3d88405eb0f553ae74ea3d73bd865	1	1	1	1	1	0	0	0	0	0	0	0	0	0	0	1
paper_core:c7_kcnq_max8_chr22__warmup:shift_0	historical_paper_core_available	c7_kcnq_max8_chr22	0:shift_0	stability		matched	0	0	1	1	6386e5e8cce4abfd91b68bb90378709b1a9fc832684f6f34bce51acc21ed62a6	6386e5e8cce4abfd91b68bb90378709b1a9fc832684f6f34bce51acc21ed62a6	1	1	1	1	1	0	0	0	0	0	0	0	0	0	0	1
paper_core:c7_kcnq_max8_chr22__warmup:shift_0	historical_paper_core_available	c7_kcnq_max8_chr22	0:shift_0	stability		matched	1	1	2	2	f729532692310ff1b927e6ad7d89c28a3067131919104a5d9b0c4d3eddefdb85	f729532692310ff1b927e6ad7d89c28a3067131919104a5d9b0c4d3eddefdb85	1	1	1	1	1	0	0	0	0	0	0	0	0	0	0	1
paper_core:c7_kcnq_max8_chr22__warmup:shift_0	historical_paper_core_available	c7_kcnq_max8_chr22	0:shift_0	stability		matched	2	2	3	3	d72011379d39fd4bb26ddc5e2f775889d38b4f8b7c5ac4ff5761afeb4e176b32	d72011379d39fd4bb26ddc5e2f775889d38b4f8b7c5ac4ff5761afeb4e176b32	1	1	1	1	1	0	0	0	0	0	0	0	0	0	0	1
paper_core:c7_kcnq_max8_chr22__warmup:shift_0	historical_paper_core_available	c7_kcnq_max8_chr22	0:shift_0	stability		matched	3	3	4	4	d20699a656db5bd3d3a9e28f75aa8ad260f80d30ce018a33510a34a52928041f	d20699a656db5bd3d3a9e28f75aa8ad260f80d30ce018a33510a34a52928041f	1	1	1	1	1	0	0	0	0	0	0	0	0	0	0	1
paper_core:c7_kcnq_max8_chr22__warmup:shift_0	historical_paper_core_available	c7_kcnq_max8_chr22	0:shift_0	stability		matched	4	4	5	5	0f20f8d03d9c93430db53c92212118a8c530a1f2585c23ea3aa222a879bfb7f3	0f20f8d03d9c93430db53c92212118a8c530a1f2585c23ea3aa222a879bfb7f3	1	1	1	1	1	0	0	0	0	0	0	0	0	0	0	1
paper_core:c7_kcnq_max8_chr22__warmup:shift_0	historical_paper_core_available	c7_kcnq_max8_chr22	0:shift_0	nt		matched	0	0	1	1	fc2e34a37c6afa621a321a305b20255a09dfa614f179e41261781cb2d1144cdb	fc2e34a37c6afa621a321a305b20255a09dfa614f179e41261781cb2d1144cdb	1	1	1	1	1	0	0	0	0	0	0	0	0	0	0	1
paper_core:c7_kcnq_max8_chr22__warmup:shift_0	historical_paper_core_available	c7_kcnq_max8_chr22	0:shift_0	nt		matched	1	1	2	2	48886312e6042f54aeca007cd5ce62fddc765a5516824762a136ed6cb7418def	48886312e6042f54aeca007cd5ce62fddc765a5516824762a136ed6cb7418def	1	1	1	1	1	0	0	0	0	0	0	0	0	0	0	1
paper_core:c7_kcnq_max8_chr22__warmup:shift_0	historical_paper_core_available	c7_kcnq_max8_chr22	0:shift_0	nt		matched	2	2	3	3	68d616aa4b0bbf65a52bac2dee9347ddd06d4ddcb3fbbdcdcaa4faeee841b599	68d616aa4b0bbf65a52bac2dee9347ddd06d4ddcb3fbbdcdcaa4faeee841b599	1	1	1	1	1	0	0	0	0	0	0	0	0	0	0	1
paper_core:c7_kcnq_max8_chr22__warmup:shift_0	historical_paper_core_available	c7_kcnq_max8_chr22	0:shift_0	nt		matched	3	3	4	4	345cd8447e44ac46ea31c98895cc7defb899682945aff3facd8654a49044237b	345cd8447e44ac46ea31c98895cc7defb899682945aff3facd8654a49044237b	1	1	1	1	1	0	0	0	0	0	0	0	0	0	0	1
paper_core:c7_kcnq_max8_chr22__warmup:shift_0	historical_paper_core_available	c7_kcnq_max8_chr22	0:shift_0	nt		matched	4	4	5	5	89d192cc8134f2c3c9acf90de4ba066dec00a34a50aa7602aa0170d232606074	89d192cc8134f2c3c9acf90de4ba066dec00a34a50aa7602aa0170d232606074	1	1	1	1	1	0	0	0	0	0	0	0	0	0	0	1
paper_core:c7_kcnq_max8_chr22__warmup:shift_256	historical_paper_core_available	c7_kcnq_max8_chr22	0:shift_256	score		matched	0	0	1	1	a2a348ef54841a3445e9774c3e3928fd848710c4b480584a6ab140ae6d31b3d3	a2a348ef54841a3445e9774c3e3928fd848710c4b480584a6ab140ae6d31b3d3	1	1	1	1	1	0	0	0	0	0	0	0	0	0	0	1
paper_core:c7_kcnq_max8_chr22__warmup:shift_256	historical_paper_core_available	c7_kcnq_max8_chr22	0:shift_256	score		matched	1	1	2	2	7d44fd7705beba4051315403c2f457a7b5bb4ba9dced052c9cd01a8c7ba5072b	7d44fd7705beba4051315403c2f457a7b5bb4ba9dced052c9cd01a8c7ba5072b	1	1	1	1	1	0	0	0	0	0	0	0	0	0	0	1
paper_core:c7_kcnq_max8_chr22__warmup:shift_256	historical_paper_core_available	c7_kcnq_max8_chr22	0:shift_256	score		matched	2	2	3	3	9ad41f2d2dac2e12268281f69da515fc8f741ce3dfcfce6d8e571b003b1e4133	9ad41f2d2dac2e12268281f69da515fc8f741ce3dfcfce6d8e571b003b1e4133	1	1	1	1	1	0	0	0	0	0	0	0	0	0	0	1
paper_core:c7_kcnq_max8_chr22__warmup:shift_256	historical_paper_core_available	c7_kcnq_max8_chr22	0:shift_256	score		matched	3	3	4	4	9d355764e82fcf8ca6b6525874f230518282513f96654f1531df2e66b04b0ee2	9d355764e82fcf8ca6b6525874f230518282513f96654f1531df2e66b04b0ee2	1	1	1	1	1	0	0	0	0	0	0	0	0	0	0	1
paper_core:c7_kcnq_max8_chr22__warmup:shift_256	historical_paper_core_available	c7_kcnq_max8_chr22	0:shift_256	score		matched	4	4	5	5	d7ca798da664e35780679cb80fdde626db6e872ebf0dc4af78170f00b4661365	d7ca798da664e35780679cb80fdde626db6e872ebf0dc4af78170f00b4661365	1	1	1	1	1	0	0	0	0	0	0	0	0	0	0	1
paper_core:c7_kcnq_max8_chr22__warmup:shift_256	historical_paper_core_available	c7_kcnq_max8_chr22	0:shift_256	stability		matched	0	0	1	1	2192453ed55895e523de72a6752fd9c84903dba6f72a3a4fd3c784a095be7fbe	2192453ed55895e523de72a6752fd9c84903dba6f72a3a4fd3c784a095be7fbe	1	1	1	1	1	0	0	0	0	0	0	0	0	0	0	1
paper_core:c7_kcnq_max8_chr22__warmup:shift_256	historical_paper_core_available	c7_kcnq_max8_chr22	0:shift_256	stability		matched	1	1	2	2	f729532692310ff1b927e6ad7d89c28a3067131919104a5d9b0c4d3eddefdb85	f729532692310ff1b927e6ad7d89c28a3067131919104a5d9b0c4d3eddefdb85	1	1	1	1	1	0	0	0	0	0	0	0	0	0	0	1
paper_core:c7_kcnq_max8_chr22__warmup:shift_256	historical_paper_core_available	c7_kcnq_max8_chr22	0:shift_256	stability		matched	2	2	3	3	d72011379d39fd4bb26ddc5e2f775889d38b4f8b7c5ac4ff5761afeb4e176b32	d72011379d39fd4bb26ddc5e2f775889d38b4f8b7c5ac4ff5761afeb4e176b32	1	1	1	1	1	0	0	0	0	0	0	0	0	0	0	1
paper_core:c7_kcnq_max8_chr22__warmup:shift_256	historical_paper_core_available	c7_kcnq_max8_chr22	0:shift_256	stability		matched	3	3	4	4	d20699a656db5bd3d3a9e28f75aa8ad260f80d30ce018a33510a34a52928041f	d20699a656db5bd3d3a9e28f75aa8ad260f80d30ce018a33510a34a52928041f	1	1	1	1	1	0	0	0	0	0	0	0	0	0	0	1
paper_core:c7_kcnq_max8_chr22__warmup:shift_256	historical_paper_core_available	c7_kcnq_max8_chr22	0:shift_256	stability		matched	4	4	5	5	3afbff3c5ba395e7ee8f121131959610fff99c50b6c034cc71ffecce8a954999	3afbff3c5ba395e7ee8f121131959610fff99c50b6c034cc71ffecce8a954999	1	1	1	1	1	0	0	0	0	0	0	0	0	0	0	1
paper_core:c7_kcnq_max8_chr22__warmup:shift_256	historical_paper_core_available	c7_kcnq_max8_chr22	0:shift_256	nt		matched	0	0	1	1	06ffa2be767ea4e6cc2eed493f8e8e5d2f7f2c1ba502859e0e97d0e67b88247e	06ffa2be767ea4e6cc2eed493f8e8e5d2f7f2c1ba502859e0e97d0e67b88247e	1	1	1	1	1	0	0	0	0	0	0	0	0	0	0	1
paper_core:c7_kcnq_max8_chr22__warmup:shift_256	historical_paper_core_available	c7_kcnq_max8_chr22	0:shift_256	nt		matched	1	1	2	2	3685d462caa55d8613f4410774d8dbd4efb8537e7807f47857671fb81971c1c2	3685d462caa55d8613f4410774d8dbd4efb8537e7807f47857671fb81971c1c2	1	1	1	1	1	0	0	0	0	0	0	0	0	0	0	1
paper_core:c7_kcnq_max8_chr22__warmup:shift_256	historical_paper_core_available	c7_kcnq_max8_chr22	0:shift_256	nt		matched	2	2	3	3	55d336551b65550115438f5a5f49b367587097ebdc7a6c312ab6d157d8ce4f47	55d336551b65550115438f5a5f49b367587097ebdc7a6c312ab6d157d8ce4f47	1	1	1	1	1	0	0	0	0	0	0	0	0	0	0	1
paper_core:c7_kcnq_max8_chr22__warmup:shift_256	historical_paper_core_available	c7_kcnq_max8_chr22	0:shift_256	nt		matched	3	3	4	4	c49cea0ed2e85a0462629db0016485c002db8c356ee17285b361f62b0c760d60	c49cea0ed2e85a0462629db0016485c002db8c356ee17285b361f62b0c760d60	1	1	1	1	1	0	0	0	0	0	0	0	0	0	0	1
paper_core:c7_kcnq_max8_chr22__warmup:shift_256	historical_paper_core_available	c7_kcnq_max8_chr22	0:shift_256	nt		matched	4	4	5	5	608a88086cb95725d9a860f79693c97160b672eae76dbbf08571d4dbe2ac208c	608a88086cb95725d9a860f79693c97160b672eae76dbbf08571d4dbe2ac208c	1	1	1	1	1	0	0	0	0	0	0	0	0	0	0	1
paper_generalization:g01_malat1_5p_1024_chr11__pair01	historical_paper_generalization_available	g01_malat1_5p_1024_chr11	1	score		matched	0	0	1	1	873d7d3255387f3c949e85ad261a94f1311abed9e49260cab8b3a1ca91e20f0e	873d7d3255387f3c949e85ad261a94f1311abed9e49260cab8b3a1ca91e20f0e	1	1	1	1	1	0	0	0	0	0	0	0	0	0	0	1
paper_generalization:g01_malat1_5p_1024_chr11__pair01	historical_paper_generalization_available	g01_malat1_5p_1024_chr11	1	score		matched	1	1	2	2	12065d154fdb1b905f7c5e3511c7c2a73e5fd3aec8996de2daa069708a17916d	12065d154fdb1b905f7c5e3511c7c2a73e5fd3aec8996de2daa069708a17916d	1	1	1	1	1	0	0	0	0	0	0	0	0	0	0	1
paper_generalization:g01_malat1_5p_1024_chr11__pair01	historical_paper_generalization_available	g01_malat1_5p_1024_chr11	1	score		matched	2	2	3	3	77deed4a00222ec6d852911587edfa31acaaa7e64ad418e16094738793eabe20	77deed4a00222ec6d852911587edfa31acaaa7e64ad418e16094738793eabe20	1	1	1	1	1	0	0	0	0	0	0	0	0	0	0	1
paper_generalization:g01_malat1_5p_1024_chr11__pair01	historical_paper_generalization_available	g01_malat1_5p_1024_chr11	1	score		matched	3	3	4	4	b445a9a1b80b63a6776dd1978ce32e5b213249d48d5f70e2e78d7f5a311c03b7	b445a9a1b80b63a6776dd1978ce32e5b213249d48d5f70e2e78d7f5a311c03b7	1	1	1	1	1	0	0	0	0	0	0	0	0	0	0	1
paper_generalization:g01_malat1_5p_1024_chr11__pair01	historical_paper_generalization_available	g01_malat1_5p_1024_chr11	1	score		matched	4	4	5	5	cb198680ecdc0002c6a9c761edc88f67d0014b5e12af162d0adaadd7910921a8	cb198680ecdc0002c6a9c761edc88f67d0014b5e12af162d0adaadd7910921a8	1	1	1	1	1	0	0	0	0	0	0	0	0	0	0	1
paper_generalization:g01_malat1_5p_1024_chr11__pair01	historical_paper_generalization_available	g01_malat1_5p_1024_chr11	1	stability		matched	0	0	1	1	fcb34a1df1e517d77f7e058c96076a964254f04479bf42edaed7d52a84e2c058	fcb34a1df1e517d77f7e058c96076a964254f04479bf42edaed7d52a84e2c058	1	1	1	1	1	0	0	0	0	0	0	0	0	0	0	1
paper_generalization:g01_malat1_5p_1024_chr11__pair01	historical_paper_generalization_available	g01_malat1_5p_1024_chr11	1	stability		matched	1	1	2	2	47ef947bedcf2d3dda4d5dc08ee326e3fd87ab352d978eaf7de1e587800a11f2	47ef947bedcf2d3dda4d5dc08ee326e3fd87ab352d978eaf7de1e587800a11f2	1	1	1	1	1	0	0	0	0	0	0	0	0	0	0	1
paper_generalization:g01_malat1_5p_1024_chr11__pair01	historical_paper_generalization_available	g01_malat1_5p_1024_chr11	1	stability		matched	2	2	3	3	cad129802290630dbc07d67ca4180fde8867175a4361f8748e6fb94be20ec1fe	cad129802290630dbc07d67ca4180fde8867175a4361f8748e6fb94be20ec1fe	1	1	1	1	1	0	0	0	0	0	0	0	0	0	0	1
paper_generalization:g01_malat1_5p_1024_chr11__pair01	historical_paper_generalization_available	g01_malat1_5p_1024_chr11	1	stability		matched	3	3	4	4	48cdda937694cb44bece7385db6dfc25f35227830362790a81b2c45d37e00979	48cdda937694cb44bece7385db6dfc25f35227830362790a81b2c45d37e00979	1	1	1	1	1	0	0	0	0	0	0	0	0	0	0	1
paper_generalization:g01_malat1_5p_1024_chr11__pair01	historical_paper_generalization_available	g01_malat1_5p_1024_chr11	1	stability		matched	4	4	5	5	611769b41cf0c9c740b8eb75e1c5ff81d862644dc80e4e1b448a9f8316839cad	611769b41cf0c9c740b8eb75e1c5ff81d862644dc80e4e1b448a9f8316839cad	1	1	1	1	1	0	0	0	0	0	0	0	0	0	0	1
paper_generalization:g01_malat1_5p_1024_chr11__pair01	historical_paper_generalization_available	g01_malat1_5p_1024_chr11	1	nt		matched	0	0	1	1	0cd2ad4f5c683db2a0e945d9c3a476eed5014184108ca74edebaec4fef3c112d	0cd2ad4f5c683db2a0e945d9c3a476eed5014184108ca74edebaec4fef3c112d	1	1	1	1	1	0	0	0	0	0	0	0	0	0	0	1
paper_generalization:g01_malat1_5p_1024_chr11__pair01	historical_paper_generalization_available	g01_malat1_5p_1024_chr11	1	nt		matched	1	1	2	2	404933ad1484a8c4634230d0f2c2f01e80c0a917c5c105a09e474045aab3e86e	404933ad1484a8c4634230d0f2c2f01e80c0a917c5c105a09e474045aab3e86e	1	1	1	1	1	0	0	0	0	0	0	0	0	0	0	1
paper_generalization:g01_malat1_5p_1024_chr11__pair01	historical_paper_generalization_available	g01_malat1_5p_1024_chr11	1	nt		matched	2	2	3	3	a9ea1f6c984a9af6fd5e002b52ac6f6a23c7df2fb75de01ec138d1259fbddfd0	a9ea1f6c984a9af6fd5e002b52ac6f6a23c7df2fb75de01ec138d1259fbddfd0	1	1	1	1	1	0	0	0	0	0	0	0	0	0	0	1
paper_generalization:g01_malat1_5p_1024_chr11__pair01	historical_paper_generalization_available	g01_malat1_5p_1024_chr11	1	nt		matched	3	3	4	4	2c7cb9035c93977691e18b4f80fd92697d1933b53f5e506c4bf5949ca532ce4a	2c7cb9035c93977691e18b4f80fd92697d1933b53f5e506c4bf5949ca532ce4a	1	1	1	1	1	0	0	0	0	0	0	0	0	0	0	1
paper_generalization:g01_malat1_5p_1024_chr11__pair01	historical_paper_generalization_available	g01_malat1_5p_1024_chr11	1	nt		matched	4	4	5	5	fcfc2416730391a16bfaf4732fdd7195230c5050cb377980cdad417095c10de4	fcfc2416730391a16bfaf4732fdd7195230c5050cb377980cdad417095c10de4	1	1	1	1	1	0	0	0	0	0	0	0	0	0	0	1
paper_generalization:g01_malat1_5p_1024_chr11__pair02	historical_paper_generalization_available	g01_malat1_5p_1024_chr11	2	score		matched	0	0	1	1	873d7d3255387f3c949e85ad261a94f1311abed9e49260cab8b3a1ca91e20f0e	873d7d3255387f3c949e85ad261a94f1311abed9e49260cab8b3a1ca91e20f0e	1	1	1	1	1	0	0	0	0	0	0	0	0	0	0	1
paper_generalization:g01_malat1_5p_1024_chr11__pair02	historical_paper_generalization_available	g01_malat1_5p_1024_chr11	2	score		matched	1	1	2	2	12065d154fdb1b905f7c5e3511c7c2a73e5fd3aec8996de2daa069708a17916d	12065d154fdb1b905f7c5e3511c7c2a73e5fd3aec8996de2daa069708a17916d	1	1	1	1	1	0	0	0	0	0	0	0	0	0	0	1
paper_generalization:g01_malat1_5p_1024_chr11__pair02	historical_paper_generalization_available	g01_malat1_5p_1024_chr11	2	score		matched	2	2	3	3	77deed4a00222ec6d852911587edfa31acaaa7e64ad418e16094738793eabe20	77deed4a00222ec6d852911587edfa31acaaa7e64ad418e16094738793eabe20	1	1	1	1	1	0	0	0	0	0	0	0	0	0	0	1
paper_generalization:g01_malat1_5p_1024_chr11__pair02	historical_paper_generalization_available	g01_malat1_5p_1024_chr11	2	score		matched	3	3	4	4	b445a9a1b80b63a6776dd1978ce32e5b213249d48d5f70e2e78d7f5a311c03b7	b445a9a1b80b63a6776dd1978ce32e5b213249d48d5f70e2e78d7f5a311c03b7	1	1	1	1	1	0	0	0	0	0	0	0	0	0	0	1
paper_generalization:g01_malat1_5p_1024_chr11__pair02	historical_paper_generalization_available	g01_malat1_5p_1024_chr11	2	score		matched	4	4	5	5	cb198680ecdc0002c6a9c761edc88f67d0014b5e12af162d0adaadd7910921a8	cb198680ecdc0002c6a9c761edc88f67d0014b5e12af162d0adaadd7910921a8	1	1	1	1	1	0	0	0	0	0	0	0	0	0	0	1
paper_generalization:g01_malat1_5p_1024_chr11__pair02	historical_paper_generalization_available	g01_malat1_5p_1024_chr11	2	stability		matched	0	0	1	1	fcb34a1df1e517d77f7e058c96076a964254f04479bf42edaed7d52a84e2c058	fcb34a1df1e517d77f7e058c96076a964254f04479bf42edaed7d52a84e2c058	1	1	1	1	1	0	0	0	0	0	0	0	0	0	0	1
paper_generalization:g01_malat1_5p_1024_chr11__pair02	historical_paper_generalization_available	g01_malat1_5p_1024_chr11	2	stability		matched	1	1	2	2	47ef947bedcf2d3dda4d5dc08ee326e3fd87ab352d978eaf7de1e587800a11f2	47ef947bedcf2d3dda4d5dc08ee326e3fd87ab352d978eaf7de1e587800a11f2	1	1	1	1	1	0	0	0	0	0	0	0	0	0	0	1
paper_generalization:g01_malat1_5p_1024_chr11__pair02	historical_paper_generalization_available	g01_malat1_5p_1024_chr11	2	stability		matched	2	2	3	3	cad129802290630dbc07d67ca4180fde8867175a4361f8748e6fb94be20ec1fe	cad129802290630dbc07d67ca4180fde8867175a4361f8748e6fb94be20ec1fe	1	1	1	1	1	0	0	0	0	0	0	0	0	0	0	1
paper_generalization:g01_malat1_5p_1024_chr11__pair02	historical_paper_generalization_available	g01_malat1_5p_1024_chr11	2	stability		matched	3	3	4	4	48cdda937694cb44bece7385db6dfc25f35227830362790a81b2c45d37e00979	48cdda937694cb44bece7385db6dfc25f35227830362790a81b2c45d37e00979	1	1	1	1	1	0	0	0	0	0	0	0	0	0	0	1
paper_generalization:g01_malat1_5p_1024_chr11__pair02	historical_paper_generalization_available	g01_malat1_5p_1024_chr11	2	stability		matched	4	4	5	5	611769b41cf0c9c740b8eb75e1c5ff81d862644dc80e4e1b448a9f8316839cad	611769b41cf0c9c740b8eb75e1c5ff81d862644dc80e4e1b448a9f8316839cad	1	1	1	1	1	0	0	0	0	0	0	0	0	0	0	1
paper_generalization:g01_malat1_5p_1024_chr11__pair02	historical_paper_generalization_available	g01_malat1_5p_1024_chr11	2	nt		matched	0	0	1	1	0cd2ad4f5c683db2a0e945d9c3a476eed5014184108ca74edebaec4fef3c112d	0cd2ad4f5c683db2a0e945d9c3a476eed5014184108ca74edebaec4fef3c112d	1	1	1	1	1	0	0	0	0	0	0	0	0	0	0	1
paper_generalization:g01_malat1_5p_1024_chr11__pair02	historical_paper_generalization_available	g01_malat1_5p_1024_chr11	2	nt		matched	1	1	2	2	404933ad1484a8c4634230d0f2c2f01e80c0a917c5c105a09e474045aab3e86e	404933ad1484a8c4634230d0f2c2f01e80c0a917c5c105a09e474045aab3e86e	1	1	1	1	1	0	0	0	0	0	0	0	0	0	0	1
paper_generalization:g01_malat1_5p_1024_chr11__pair02	historical_paper_generalization_available	g01_malat1_5p_1024_chr11	2	nt		matched	2	2	3	3	a9ea1f6c984a9af6fd5e002b52ac6f6a23c7df2fb75de01ec138d1259fbddfd0	a9ea1f6c984a9af6fd5e002b52ac6f6a23c7df2fb75de01ec138d1259fbddfd0	1	1	1	1	1	0	0	0	0	0	0	0	0	0	0	1
paper_generalization:g01_malat1_5p_1024_chr11__pair02	historical_paper_generalization_available	g01_malat1_5p_1024_chr11	2	nt		matched	3	3	4	4	2c7cb9035c93977691e18b4f80fd92697d1933b53f5e506c4bf5949ca532ce4a	2c7cb9035c93977691e18b4f80fd92697d1933b53f5e506c4bf5949ca532ce4a	1	1	1	1	1	0	0	0	0	0	0	0	0	0	0	1
paper_generalization:g01_malat1_5p_1024_chr11__pair02	historical_paper_generalization_available	g01_malat1_5p_1024_chr11	2	nt		matched	4	4	5	5	fcfc2416730391a16bfaf4732fdd7195230c5050cb377980cdad417095c10de4	fcfc2416730391a16bfaf4732fdd7195230c5050cb377980cdad417095c10de4	1	1	1	1	1	0	0	0	0	0	0	0	0	0	0	1
paper_generalization:g01_malat1_5p_1024_chr11__pair03	historical_paper_generalization_available	g01_malat1_5p_1024_chr11	3	score		matched	0	0	1	1	873d7d3255387f3c949e85ad261a94f1311abed9e49260cab8b3a1ca91e20f0e	873d7d3255387f3c949e85ad261a94f1311abed9e49260cab8b3a1ca91e20f0e	1	1	1	1	1	0	0	0	0	0	0	0	0	0	0	1
paper_generalization:g01_malat1_5p_1024_chr11__pair03	historical_paper_generalization_available	g01_malat1_5p_1024_chr11	3	score		matched	1	1	2	2	12065d154fdb1b905f7c5e3511c7c2a73e5fd3aec8996de2daa069708a17916d	12065d154fdb1b905f7c5e3511c7c2a73e5fd3aec8996de2daa069708a17916d	1	1	1	1	1	0	0	0	0	0	0	0	0	0	0	1
paper_generalization:g01_malat1_5p_1024_chr11__pair03	historical_paper_generalization_available	g01_malat1_5p_1024_chr11	3	score		matched	2	2	3	3	77deed4a00222ec6d852911587edfa31acaaa7e64ad418e16094738793eabe20	77deed4a00222ec6d852911587edfa31acaaa7e64ad418e16094738793eabe20	1	1	1	1	1	0	0	0	0	0	0	0	0	0	0	1
paper_generalization:g01_malat1_5p_1024_chr11__pair03	historical_paper_generalization_available	g01_malat1_5p_1024_chr11	3	score		matched	3	3	4	4	b445a9a1b80b63a6776dd1978ce32e5b213249d48d5f70e2e78d7f5a311c03b7	b445a9a1b80b63a6776dd1978ce32e5b213249d48d5f70e2e78d7f5a311c03b7	1	1	1	1	1	0	0	0	0	0	0	0	0	0	0	1
paper_generalization:g01_malat1_5p_1024_chr11__pair03	historical_paper_generalization_available	g01_malat1_5p_1024_chr11	3	score		matched	4	4	5	5	cb198680ecdc0002c6a9c761edc88f67d0014b5e12af162d0adaadd7910921a8	cb198680ecdc0002c6a9c761edc88f67d0014b5e12af162d0adaadd7910921a8	1	1	1	1	1	0	0	0	0	0	0	0	0	0	0	1
paper_generalization:g01_malat1_5p_1024_chr11__pair03	historical_paper_generalization_available	g01_malat1_5p_1024_chr11	3	stability		matched	0	0	1	1	fcb34a1df1e517d77f7e058c96076a964254f04479bf42edaed7d52a84e2c058	fcb34a1df1e517d77f7e058c96076a964254f04479bf42edaed7d52a84e2c058	1	1	1	1	1	0	0	0	0	0	0	0	0	0	0	1
paper_generalization:g01_malat1_5p_1024_chr11__pair03	historical_paper_generalization_available	g01_malat1_5p_1024_chr11	3	stability		matched	1	1	2	2	47ef947bedcf2d3dda4d5dc08ee326e3fd87ab352d978eaf7de1e587800a11f2	47ef947bedcf2d3dda4d5dc08ee326e3fd87ab352d978eaf7de1e587800a11f2	1	1	1	1	1	0	0	0	0	0	0	0	0	0	0	1
paper_generalization:g01_malat1_5p_1024_chr11__pair03	historical_paper_generalization_available	g01_malat1_5p_1024_chr11	3	stability		matched	2	2	3	3	cad129802290630dbc07d67ca4180fde8867175a4361f8748e6fb94be20ec1fe	cad129802290630dbc07d67ca4180fde8867175a4361f8748e6fb94be20ec1fe	1	1	1	1	1	0	0	0	0	0	0	0	0	0	0	1
paper_generalization:g01_malat1_5p_1024_chr11__pair03	historical_paper_generalization_available	g01_malat1_5p_1024_chr11	3	stability		matched	3	3	4	4	48cdda937694cb44bece7385db6dfc25f35227830362790a81b2c45d37e00979	48cdda937694cb44bece7385db6dfc25f35227830362790a81b2c45d37e00979	1	1	1	1	1	0	0	0	0	0	0	0	0	0	0	1
paper_generalization:g01_malat1_5p_1024_chr11__pair03	historical_paper_generalization_available	g01_malat1_5p_1024_chr11	3	stability		matched	4	4	5	5	611769b41cf0c9c740b8eb75e1c5ff81d862644dc80e4e1b448a9f8316839cad	611769b41cf0c9c740b8eb75e1c5ff81d862644dc80e4e1b448a9f8316839cad	1	1	1	1	1	0	0	0	0	0	0	0	0	0	0	1
paper_generalization:g01_malat1_5p_1024_chr11__pair03	historical_paper_generalization_available	g01_malat1_5p_1024_chr11	3	nt		matched	0	0	1	1	0cd2ad4f5c683db2a0e945d9c3a476eed5014184108ca74edebaec4fef3c112d	0cd2ad4f5c683db2a0e945d9c3a476eed5014184108ca74edebaec4fef3c112d	1	1	1	1	1	0	0	0	0	0	0	0	0	0	0	1
paper_generalization:g01_malat1_5p_1024_chr11__pair03	historical_paper_generalization_available	g01_malat1_5p_1024_chr11	3	nt		matched	1	1	2	2	404933ad1484a8c4634230d0f2c2f01e80c0a917c5c105a09e474045aab3e86e	404933ad1484a8c4634230d0f2c2f01e80c0a917c5c105a09e474045aab3e86e	1	1	1	1	1	0	0	0	0	0	0	0	0	0	0	1
paper_generalization:g01_malat1_5p_1024_chr11__pair03	historical_paper_generalization_available	g01_malat1_5p_1024_chr11	3	nt		matched	2	2	3	3	a9ea1f6c984a9af6fd5e002b52ac6f6a23c7df2fb75de01ec138d1259fbddfd0	a9ea1f6c984a9af6fd5e002b52ac6f6a23c7df2fb75de01ec138d1259fbddfd0	1	1	1	1	1	0	0	0	0	0	0	0	0	0	0	1
paper_generalization:g01_malat1_5p_1024_chr11__pair03	historical_paper_generalization_available	g01_malat1_5p_1024_chr11	3	nt		matched	3	3	4	4	2c7cb9035c93977691e18b4f80fd92697d1933b53f5e506c4bf5949ca532ce4a	2c7cb9035c93977691e18b4f80fd92697d1933b53f5e506c4bf5949ca532ce4a	1	1	1	1	1	0	0	0	0	0	0	0	0	0	0	1
paper_generalization:g01_malat1_5p_1024_chr11__pair03	historical_paper_generalization_available	g01_malat1_5p_1024_chr11	3	nt		matched	4	4	5	5	fcfc2416730391a16bfaf4732fdd7195230c5050cb377980cdad417095c10de4	fcfc2416730391a16bfaf4732fdd7195230c5050cb377980cdad417095c10de4	1	1	1	1	1	0	0	0	0	0	0	0	0	0	0	1
paper_generalization:g01_malat1_5p_1024_chr11__warmup	historical_paper_generalization_available	g01_malat1_5p_1024_chr11	0	score		matched	0	0	1	1	873d7d3255387f3c949e85ad261a94f1311abed9e49260cab8b3a1ca91e20f0e	873d7d3255387f3c949e85ad261a94f1311abed9e49260cab8b3a1ca91e20f0e	1	1	1	1	1	0	0	0	0	0	0	0	0	0	0	1
paper_generalization:g01_malat1_5p_1024_chr11__warmup	historical_paper_generalization_available	g01_malat1_5p_1024_chr11	0	score		matched	1	1	2	2	12065d154fdb1b905f7c5e3511c7c2a73e5fd3aec8996de2daa069708a17916d	12065d154fdb1b905f7c5e3511c7c2a73e5fd3aec8996de2daa069708a17916d	1	1	1	1	1	0	0	0	0	0	0	0	0	0	0	1
paper_generalization:g01_malat1_5p_1024_chr11__warmup	historical_paper_generalization_available	g01_malat1_5p_1024_chr11	0	score		matched	2	2	3	3	77deed4a00222ec6d852911587edfa31acaaa7e64ad418e16094738793eabe20	77deed4a00222ec6d852911587edfa31acaaa7e64ad418e16094738793eabe20	1	1	1	1	1	0	0	0	0	0	0	0	0	0	0	1
paper_generalization:g01_malat1_5p_1024_chr11__warmup	historical_paper_generalization_available	g01_malat1_5p_1024_chr11	0	score		matched	3	3	4	4	b445a9a1b80b63a6776dd1978ce32e5b213249d48d5f70e2e78d7f5a311c03b7	b445a9a1b80b63a6776dd1978ce32e5b213249d48d5f70e2e78d7f5a311c03b7	1	1	1	1	1	0	0	0	0	0	0	0	0	0	0	1
paper_generalization:g01_malat1_5p_1024_chr11__warmup	historical_paper_generalization_available	g01_malat1_5p_1024_chr11	0	score		matched	4	4	5	5	cb198680ecdc0002c6a9c761edc88f67d0014b5e12af162d0adaadd7910921a8	cb198680ecdc0002c6a9c761edc88f67d0014b5e12af162d0adaadd7910921a8	1	1	1	1	1	0	0	0	0	0	0	0	0	0	0	1
paper_generalization:g01_malat1_5p_1024_chr11__warmup	historical_paper_generalization_available	g01_malat1_5p_1024_chr11	0	stability		matched	0	0	1	1	fcb34a1df1e517d77f7e058c96076a964254f04479bf42edaed7d52a84e2c058	fcb34a1df1e517d77f7e058c96076a964254f04479bf42edaed7d52a84e2c058	1	1	1	1	1	0	0	0	0	0	0	0	0	0	0	1
paper_generalization:g01_malat1_5p_1024_chr11__warmup	historical_paper_generalization_available	g01_malat1_5p_1024_chr11	0	stability		matched	1	1	2	2	47ef947bedcf2d3dda4d5dc08ee326e3fd87ab352d978eaf7de1e587800a11f2	47ef947bedcf2d3dda4d5dc08ee326e3fd87ab352d978eaf7de1e587800a11f2	1	1	1	1	1	0	0	0	0	0	0	0	0	0	0	1
paper_generalization:g01_malat1_5p_1024_chr11__warmup	historical_paper_generalization_available	g01_malat1_5p_1024_chr11	0	stability		matched	2	2	3	3	cad129802290630dbc07d67ca4180fde8867175a4361f8748e6fb94be20ec1fe	cad129802290630dbc07d67ca4180fde8867175a4361f8748e6fb94be20ec1fe	1	1	1	1	1	0	0	0	0	0	0	0	0	0	0	1
paper_generalization:g01_malat1_5p_1024_chr11__warmup	historical_paper_generalization_available	g01_malat1_5p_1024_chr11	0	stability		matched	3	3	4	4	48cdda937694cb44bece7385db6dfc25f35227830362790a81b2c45d37e00979	48cdda937694cb44bece7385db6dfc25f35227830362790a81b2c45d37e00979	1	1	1	1	1	0	0	0	0	0	0	0	0	0	0	1
paper_generalization:g01_malat1_5p_1024_chr11__warmup	historical_paper_generalization_available	g01_malat1_5p_1024_chr11	0	stability		matched	4	4	5	5	611769b41cf0c9c740b8eb75e1c5ff81d862644dc80e4e1b448a9f8316839cad	611769b41cf0c9c740b8eb75e1c5ff81d862644dc80e4e1b448a9f8316839cad	1	1	1	1	1	0	0	0	0	0	0	0	0	0	0	1
paper_generalization:g01_malat1_5p_1024_chr11__warmup	historical_paper_generalization_available	g01_malat1_5p_1024_chr11	0	nt		matched	0	0	1	1	0cd2ad4f5c683db2a0e945d9c3a476eed5014184108ca74edebaec4fef3c112d	0cd2ad4f5c683db2a0e945d9c3a476eed5014184108ca74edebaec4fef3c112d	1	1	1	1	1	0	0	0	0	0	0	0	0	0	0	1
paper_generalization:g01_malat1_5p_1024_chr11__warmup	historical_paper_generalization_available	g01_malat1_5p_1024_chr11	0	nt		matched	1	1	2	2	404933ad1484a8c4634230d0f2c2f01e80c0a917c5c105a09e474045aab3e86e	404933ad1484a8c4634230d0f2c2f01e80c0a917c5c105a09e474045aab3e86e	1	1	1	1	1	0	0	0	0	0	0	0	0	0	0	1
paper_generalization:g01_malat1_5p_1024_chr11__warmup	historical_paper_generalization_available	g01_malat1_5p_1024_chr11	0	nt		matched	2	2	3	3	a9ea1f6c984a9af6fd5e002b52ac6f6a23c7df2fb75de01ec138d1259fbddfd0	a9ea1f6c984a9af6fd5e002b52ac6f6a23c7df2fb75de01ec138d1259fbddfd0	1	1	1	1	1	0	0	0	0	0	0	0	0	0	0	1
paper_generalization:g01_malat1_5p_1024_chr11__warmup	historical_paper_generalization_available	g01_malat1_5p_1024_chr11	0	nt		matched	3	3	4	4	2c7cb9035c93977691e18b4f80fd92697d1933b53f5e506c4bf5949ca532ce4a	2c7cb9035c93977691e18b4f80fd92697d1933b53f5e506c4bf5949ca532ce4a	1	1	1	1	1	0	0	0	0	0	0	0	0	0	0	1
paper_generalization:g01_malat1_5p_1024_chr11__warmup	historical_paper_generalization_available	g01_malat1_5p_1024_chr11	0	nt		matched	4	4	5	5	fcfc2416730391a16bfaf4732fdd7195230c5050cb377980cdad417095c10de4	fcfc2416730391a16bfaf4732fdd7195230c5050cb377980cdad417095c10de4	1	1	1	1	1	0	0	0	0	0	0	0	0	0	0	1
paper_generalization:g02_malat1_mid_2048_chr21__pair01	historical_paper_generalization_available	g02_malat1_mid_2048_chr21	1	score		matched	0	0	1	1	68f6ce734d57da972400ff6239029abdbefa2aa6212f9f52d7a771a91ca5daab	68f6ce734d57da972400ff6239029abdbefa2aa6212f9f52d7a771a91ca5daab	1	1	1	1	1	0	0	0	0	0	0	0	0	0	0	1
paper_generalization:g02_malat1_mid_2048_chr21__pair01	historical_paper_generalization_available	g02_malat1_mid_2048_chr21	1	score		matched	1	1	2	2	1732fefdbbedc2aa23b94d5bdef436744843928ada4a7cc4082185b8f94ebfba	1732fefdbbedc2aa23b94d5bdef436744843928ada4a7cc4082185b8f94ebfba	1	1	1	1	1	0	0	0	0	0	0	0	0	0	0	1
paper_generalization:g02_malat1_mid_2048_chr21__pair01	historical_paper_generalization_available	g02_malat1_mid_2048_chr21	1	score		matched	2	2	3	3	5df5ddb13cd32d4312037d98952d98de4fcad02c451613ab9a5360c54bf1614a	5df5ddb13cd32d4312037d98952d98de4fcad02c451613ab9a5360c54bf1614a	1	1	1	1	1	0	0	0	0	0	0	0	0	0	0	1
paper_generalization:g02_malat1_mid_2048_chr21__pair01	historical_paper_generalization_available	g02_malat1_mid_2048_chr21	1	score		matched	3	3	4	4	9ca868bb4d4401975e3abdda4272beb475110e5cece37e270703983303c2958c	9ca868bb4d4401975e3abdda4272beb475110e5cece37e270703983303c2958c	1	1	1	1	1	0	0	0	0	0	0	0	0	0	0	1
paper_generalization:g02_malat1_mid_2048_chr21__pair01	historical_paper_generalization_available	g02_malat1_mid_2048_chr21	1	score		matched	4	4	5	5	0e1bfed4cf6255169939a27057a47d375a5975e85e1d43cb810efe4f3bb276c7	0e1bfed4cf6255169939a27057a47d375a5975e85e1d43cb810efe4f3bb276c7	1	1	1	1	1	0	0	0	0	0	0	0	0	0	0	1
paper_generalization:g02_malat1_mid_2048_chr21__pair01	historical_paper_generalization_available	g02_malat1_mid_2048_chr21	1	stability	true candidate-site substitution;extra candidate site;missing candidate site;strict-row diagnostic mismatch	matched	0	0	1	1	1ab075e7793c9bc67a06c16dd66562405fa1222ef2bea60d3a6d7553b7affe53	1ab075e7793c9bc67a06c16dd66562405fa1222ef2bea60d3a6d7553b7affe53	1	1	1	1	1	0	0	0	0	0	0	0	0	0	0	1
paper_generalization:g02_malat1_mid_2048_chr21__pair01	historical_paper_generalization_available	g02_malat1_mid_2048_chr21	1	stability	true candidate-site substitution;extra candidate site;missing candidate site;strict-row diagnostic mismatch	matched	1	2	2	3	e75c402928528380c392fe99ee6bf9350fa39a7312901df9fa66c582cdcc5249	e75c402928528380c392fe99ee6bf9350fa39a7312901df9fa66c582cdcc5249	1	1	1	1	1	0	0	0	0	0	0	1	0	0	0	1
paper_generalization:g02_malat1_mid_2048_chr21__pair01	historical_paper_generalization_available	g02_malat1_mid_2048_chr21	1	stability	true candidate-site substitution;extra candidate site;missing candidate site;strict-row diagnostic mismatch	matched	2	3	3	4	cd7d260c60af8598b98b6b44cc23acdd18878a4edfca92dad2b6c9d0d24da0ef	cd7d260c60af8598b98b6b44cc23acdd18878a4edfca92dad2b6c9d0d24da0ef	1	1	1	1	1	0	0	0	0	0	0	1	0	0	0	1
paper_generalization:g02_malat1_mid_2048_chr21__pair01	historical_paper_generalization_available	g02_malat1_mid_2048_chr21	1	stability	true candidate-site substitution;extra candidate site;missing candidate site;strict-row diagnostic mismatch	unmatched_authority	3	NA	4	NA	97a5f9f7a296ce2ab46ed8f9945079a90afa8aeeaea2ce521d7e74d62133c6b2	NA	NA	NA	NA	NA	NA	NA	NA	NA	NA	NA	NA	NA	NA	NA	NA	NA
paper_generalization:g02_malat1_mid_2048_chr21__pair01	historical_paper_generalization_available	g02_malat1_mid_2048_chr21	1	stability	true candidate-site substitution;extra candidate site;missing candidate site;strict-row diagnostic mismatch	unmatched_authority	4	NA	5	NA	fab391e9a09b9af761cdf51040c4c250748b0758cc46799b246ca60f046612fa	NA	NA	NA	NA	NA	NA	NA	NA	NA	NA	NA	NA	NA	NA	NA	NA	NA
paper_generalization:g02_malat1_mid_2048_chr21__pair01	historical_paper_generalization_available	g02_malat1_mid_2048_chr21	1	stability	true candidate-site substitution;extra candidate site;missing candidate site;strict-row diagnostic mismatch	unmatched_candidate	NA	1	NA	2	NA	016fbfe29450a8b505f672a1a3423e62902f3ae4ae2169f297f115772353b62a	NA	NA	NA	NA	NA	NA	NA	NA	NA	NA	NA	NA	NA	NA	NA	NA
paper_generalization:g02_malat1_mid_2048_chr21__pair01	historical_paper_generalization_available	g02_malat1_mid_2048_chr21	1	stability	true candidate-site substitution;extra candidate site;missing candidate site;strict-row diagnostic mismatch	unmatched_candidate	NA	4	NA	5	NA	a4d928f91de87834bafb06427b46e850ecd07834272a40c00c5d463f987f8bc2	NA	NA	NA	NA	NA	NA	NA	NA	NA	NA	NA	NA	NA	NA	NA	NA
paper_generalization:g02_malat1_mid_2048_chr21__pair01	historical_paper_generalization_available	g02_malat1_mid_2048_chr21	1	nt		matched	0	0	1	1	a6c2866bb0c7a60020cebf6841d996522ecd7a938388b941ceccf379b3aaf33c	a6c2866bb0c7a60020cebf6841d996522ecd7a938388b941ceccf379b3aaf33c	1	1	1	1	1	0	0	0	0	0	0	0	0	0	0	1
paper_generalization:g02_malat1_mid_2048_chr21__pair01	historical_paper_generalization_available	g02_malat1_mid_2048_chr21	1	nt		matched	1	1	2	2	88b07a55c57e493081b50ea0062f1b95bab54c080e93fea64a2b3a6bfe969d99	88b07a55c57e493081b50ea0062f1b95bab54c080e93fea64a2b3a6bfe969d99	1	1	1	1	1	0	0	0	0	0	0	0	0	0	0	1
paper_generalization:g02_malat1_mid_2048_chr21__pair01	historical_paper_generalization_available	g02_malat1_mid_2048_chr21	1	nt		matched	2	2	3	3	ef12803f178b0e2714f9a79d7a60850abaf6a7b81ef32345f564bf66443a9434	ef12803f178b0e2714f9a79d7a60850abaf6a7b81ef32345f564bf66443a9434	1	1	1	1	1	0	0	0	0	0	0	0	0	0	0	1
paper_generalization:g02_malat1_mid_2048_chr21__pair01	historical_paper_generalization_available	g02_malat1_mid_2048_chr21	1	nt		matched	3	3	4	4	cedf86a4ae28b1972f5ee9ff1e32d56957c6d40198286dc4abeddb84f41364dd	cedf86a4ae28b1972f5ee9ff1e32d56957c6d40198286dc4abeddb84f41364dd	1	1	1	1	1	0	0	0	0	0	0	0	0	0	0	1
paper_generalization:g02_malat1_mid_2048_chr21__pair01	historical_paper_generalization_available	g02_malat1_mid_2048_chr21	1	nt		matched	4	4	5	5	7ae0c367d2ffa4dfee138fd3de16991e07cc4a885de1833309f74fc4272ef2a7	7ae0c367d2ffa4dfee138fd3de16991e07cc4a885de1833309f74fc4272ef2a7	1	1	1	1	1	0	0	0	0	0	0	0	0	0	0	1
paper_generalization:g02_malat1_mid_2048_chr21__pair02	historical_paper_generalization_available	g02_malat1_mid_2048_chr21	2	score		matched	0	0	1	1	68f6ce734d57da972400ff6239029abdbefa2aa6212f9f52d7a771a91ca5daab	68f6ce734d57da972400ff6239029abdbefa2aa6212f9f52d7a771a91ca5daab	1	1	1	1	1	0	0	0	0	0	0	0	0	0	0	1
paper_generalization:g02_malat1_mid_2048_chr21__pair02	historical_paper_generalization_available	g02_malat1_mid_2048_chr21	2	score		matched	1	1	2	2	1732fefdbbedc2aa23b94d5bdef436744843928ada4a7cc4082185b8f94ebfba	1732fefdbbedc2aa23b94d5bdef436744843928ada4a7cc4082185b8f94ebfba	1	1	1	1	1	0	0	0	0	0	0	0	0	0	0	1
paper_generalization:g02_malat1_mid_2048_chr21__pair02	historical_paper_generalization_available	g02_malat1_mid_2048_chr21	2	score		matched	2	2	3	3	5df5ddb13cd32d4312037d98952d98de4fcad02c451613ab9a5360c54bf1614a	5df5ddb13cd32d4312037d98952d98de4fcad02c451613ab9a5360c54bf1614a	1	1	1	1	1	0	0	0	0	0	0	0	0	0	0	1
paper_generalization:g02_malat1_mid_2048_chr21__pair02	historical_paper_generalization_available	g02_malat1_mid_2048_chr21	2	score		matched	3	3	4	4	9ca868bb4d4401975e3abdda4272beb475110e5cece37e270703983303c2958c	9ca868bb4d4401975e3abdda4272beb475110e5cece37e270703983303c2958c	1	1	1	1	1	0	0	0	0	0	0	0	0	0	0	1
paper_generalization:g02_malat1_mid_2048_chr21__pair02	historical_paper_generalization_available	g02_malat1_mid_2048_chr21	2	score		matched	4	4	5	5	0e1bfed4cf6255169939a27057a47d375a5975e85e1d43cb810efe4f3bb276c7	0e1bfed4cf6255169939a27057a47d375a5975e85e1d43cb810efe4f3bb276c7	1	1	1	1	1	0	0	0	0	0	0	0	0	0	0	1
paper_generalization:g02_malat1_mid_2048_chr21__pair02	historical_paper_generalization_available	g02_malat1_mid_2048_chr21	2	stability	true candidate-site substitution;extra candidate site;missing candidate site;strict-row diagnostic mismatch	matched	0	0	1	1	1ab075e7793c9bc67a06c16dd66562405fa1222ef2bea60d3a6d7553b7affe53	1ab075e7793c9bc67a06c16dd66562405fa1222ef2bea60d3a6d7553b7affe53	1	1	1	1	1	0	0	0	0	0	0	0	0	0	0	1
paper_generalization:g02_malat1_mid_2048_chr21__pair02	historical_paper_generalization_available	g02_malat1_mid_2048_chr21	2	stability	true candidate-site substitution;extra candidate site;missing candidate site;strict-row diagnostic mismatch	matched	1	2	2	3	e75c402928528380c392fe99ee6bf9350fa39a7312901df9fa66c582cdcc5249	e75c402928528380c392fe99ee6bf9350fa39a7312901df9fa66c582cdcc5249	1	1	1	1	1	0	0	0	0	0	0	1	0	0	0	1
paper_generalization:g02_malat1_mid_2048_chr21__pair02	historical_paper_generalization_available	g02_malat1_mid_2048_chr21	2	stability	true candidate-site substitution;extra candidate site;missing candidate site;strict-row diagnostic mismatch	matched	2	3	3	4	cd7d260c60af8598b98b6b44cc23acdd18878a4edfca92dad2b6c9d0d24da0ef	cd7d260c60af8598b98b6b44cc23acdd18878a4edfca92dad2b6c9d0d24da0ef	1	1	1	1	1	0	0	0	0	0	0	1	0	0	0	1
paper_generalization:g02_malat1_mid_2048_chr21__pair02	historical_paper_generalization_available	g02_malat1_mid_2048_chr21	2	stability	true candidate-site substitution;extra candidate site;missing candidate site;strict-row diagnostic mismatch	unmatched_authority	3	NA	4	NA	97a5f9f7a296ce2ab46ed8f9945079a90afa8aeeaea2ce521d7e74d62133c6b2	NA	NA	NA	NA	NA	NA	NA	NA	NA	NA	NA	NA	NA	NA	NA	NA	NA
paper_generalization:g02_malat1_mid_2048_chr21__pair02	historical_paper_generalization_available	g02_malat1_mid_2048_chr21	2	stability	true candidate-site substitution;extra candidate site;missing candidate site;strict-row diagnostic mismatch	unmatched_authority	4	NA	5	NA	fab391e9a09b9af761cdf51040c4c250748b0758cc46799b246ca60f046612fa	NA	NA	NA	NA	NA	NA	NA	NA	NA	NA	NA	NA	NA	NA	NA	NA	NA
paper_generalization:g02_malat1_mid_2048_chr21__pair02	historical_paper_generalization_available	g02_malat1_mid_2048_chr21	2	stability	true candidate-site substitution;extra candidate site;missing candidate site;strict-row diagnostic mismatch	unmatched_candidate	NA	1	NA	2	NA	016fbfe29450a8b505f672a1a3423e62902f3ae4ae2169f297f115772353b62a	NA	NA	NA	NA	NA	NA	NA	NA	NA	NA	NA	NA	NA	NA	NA	NA
paper_generalization:g02_malat1_mid_2048_chr21__pair02	historical_paper_generalization_available	g02_malat1_mid_2048_chr21	2	stability	true candidate-site substitution;extra candidate site;missing candidate site;strict-row diagnostic mismatch	unmatched_candidate	NA	4	NA	5	NA	a4d928f91de87834bafb06427b46e850ecd07834272a40c00c5d463f987f8bc2	NA	NA	NA	NA	NA	NA	NA	NA	NA	NA	NA	NA	NA	NA	NA	NA
paper_generalization:g02_malat1_mid_2048_chr21__pair02	historical_paper_generalization_available	g02_malat1_mid_2048_chr21	2	nt		matched	0	0	1	1	a6c2866bb0c7a60020cebf6841d996522ecd7a938388b941ceccf379b3aaf33c	a6c2866bb0c7a60020cebf6841d996522ecd7a938388b941ceccf379b3aaf33c	1	1	1	1	1	0	0	0	0	0	0	0	0	0	0	1
paper_generalization:g02_malat1_mid_2048_chr21__pair02	historical_paper_generalization_available	g02_malat1_mid_2048_chr21	2	nt		matched	1	1	2	2	88b07a55c57e493081b50ea0062f1b95bab54c080e93fea64a2b3a6bfe969d99	88b07a55c57e493081b50ea0062f1b95bab54c080e93fea64a2b3a6bfe969d99	1	1	1	1	1	0	0	0	0	0	0	0	0	0	0	1
paper_generalization:g02_malat1_mid_2048_chr21__pair02	historical_paper_generalization_available	g02_malat1_mid_2048_chr21	2	nt		matched	2	2	3	3	ef12803f178b0e2714f9a79d7a60850abaf6a7b81ef32345f564bf66443a9434	ef12803f178b0e2714f9a79d7a60850abaf6a7b81ef32345f564bf66443a9434	1	1	1	1	1	0	0	0	0	0	0	0	0	0	0	1
paper_generalization:g02_malat1_mid_2048_chr21__pair02	historical_paper_generalization_available	g02_malat1_mid_2048_chr21	2	nt		matched	3	3	4	4	cedf86a4ae28b1972f5ee9ff1e32d56957c6d40198286dc4abeddb84f41364dd	cedf86a4ae28b1972f5ee9ff1e32d56957c6d40198286dc4abeddb84f41364dd	1	1	1	1	1	0	0	0	0	0	0	0	0	0	0	1
paper_generalization:g02_malat1_mid_2048_chr21__pair02	historical_paper_generalization_available	g02_malat1_mid_2048_chr21	2	nt		matched	4	4	5	5	7ae0c367d2ffa4dfee138fd3de16991e07cc4a885de1833309f74fc4272ef2a7	7ae0c367d2ffa4dfee138fd3de16991e07cc4a885de1833309f74fc4272ef2a7	1	1	1	1	1	0	0	0	0	0	0	0	0	0	0	1
paper_generalization:g02_malat1_mid_2048_chr21__pair03	historical_paper_generalization_available	g02_malat1_mid_2048_chr21	3	score		matched	0	0	1	1	68f6ce734d57da972400ff6239029abdbefa2aa6212f9f52d7a771a91ca5daab	68f6ce734d57da972400ff6239029abdbefa2aa6212f9f52d7a771a91ca5daab	1	1	1	1	1	0	0	0	0	0	0	0	0	0	0	1
paper_generalization:g02_malat1_mid_2048_chr21__pair03	historical_paper_generalization_available	g02_malat1_mid_2048_chr21	3	score		matched	1	1	2	2	1732fefdbbedc2aa23b94d5bdef436744843928ada4a7cc4082185b8f94ebfba	1732fefdbbedc2aa23b94d5bdef436744843928ada4a7cc4082185b8f94ebfba	1	1	1	1	1	0	0	0	0	0	0	0	0	0	0	1
paper_generalization:g02_malat1_mid_2048_chr21__pair03	historical_paper_generalization_available	g02_malat1_mid_2048_chr21	3	score		matched	2	2	3	3	5df5ddb13cd32d4312037d98952d98de4fcad02c451613ab9a5360c54bf1614a	5df5ddb13cd32d4312037d98952d98de4fcad02c451613ab9a5360c54bf1614a	1	1	1	1	1	0	0	0	0	0	0	0	0	0	0	1
paper_generalization:g02_malat1_mid_2048_chr21__pair03	historical_paper_generalization_available	g02_malat1_mid_2048_chr21	3	score		matched	3	3	4	4	9ca868bb4d4401975e3abdda4272beb475110e5cece37e270703983303c2958c	9ca868bb4d4401975e3abdda4272beb475110e5cece37e270703983303c2958c	1	1	1	1	1	0	0	0	0	0	0	0	0	0	0	1
paper_generalization:g02_malat1_mid_2048_chr21__pair03	historical_paper_generalization_available	g02_malat1_mid_2048_chr21	3	score		matched	4	4	5	5	0e1bfed4cf6255169939a27057a47d375a5975e85e1d43cb810efe4f3bb276c7	0e1bfed4cf6255169939a27057a47d375a5975e85e1d43cb810efe4f3bb276c7	1	1	1	1	1	0	0	0	0	0	0	0	0	0	0	1
paper_generalization:g02_malat1_mid_2048_chr21__pair03	historical_paper_generalization_available	g02_malat1_mid_2048_chr21	3	stability	true candidate-site substitution;extra candidate site;missing candidate site;strict-row diagnostic mismatch	matched	0	0	1	1	1ab075e7793c9bc67a06c16dd66562405fa1222ef2bea60d3a6d7553b7affe53	1ab075e7793c9bc67a06c16dd66562405fa1222ef2bea60d3a6d7553b7affe53	1	1	1	1	1	0	0	0	0	0	0	0	0	0	0	1
paper_generalization:g02_malat1_mid_2048_chr21__pair03	historical_paper_generalization_available	g02_malat1_mid_2048_chr21	3	stability	true candidate-site substitution;extra candidate site;missing candidate site;strict-row diagnostic mismatch	matched	1	2	2	3	e75c402928528380c392fe99ee6bf9350fa39a7312901df9fa66c582cdcc5249	e75c402928528380c392fe99ee6bf9350fa39a7312901df9fa66c582cdcc5249	1	1	1	1	1	0	0	0	0	0	0	1	0	0	0	1
paper_generalization:g02_malat1_mid_2048_chr21__pair03	historical_paper_generalization_available	g02_malat1_mid_2048_chr21	3	stability	true candidate-site substitution;extra candidate site;missing candidate site;strict-row diagnostic mismatch	matched	2	3	3	4	cd7d260c60af8598b98b6b44cc23acdd18878a4edfca92dad2b6c9d0d24da0ef	cd7d260c60af8598b98b6b44cc23acdd18878a4edfca92dad2b6c9d0d24da0ef	1	1	1	1	1	0	0	0	0	0	0	1	0	0	0	1
paper_generalization:g02_malat1_mid_2048_chr21__pair03	historical_paper_generalization_available	g02_malat1_mid_2048_chr21	3	stability	true candidate-site substitution;extra candidate site;missing candidate site;strict-row diagnostic mismatch	unmatched_authority	3	NA	4	NA	97a5f9f7a296ce2ab46ed8f9945079a90afa8aeeaea2ce521d7e74d62133c6b2	NA	NA	NA	NA	NA	NA	NA	NA	NA	NA	NA	NA	NA	NA	NA	NA	NA
paper_generalization:g02_malat1_mid_2048_chr21__pair03	historical_paper_generalization_available	g02_malat1_mid_2048_chr21	3	stability	true candidate-site substitution;extra candidate site;missing candidate site;strict-row diagnostic mismatch	unmatched_authority	4	NA	5	NA	fab391e9a09b9af761cdf51040c4c250748b0758cc46799b246ca60f046612fa	NA	NA	NA	NA	NA	NA	NA	NA	NA	NA	NA	NA	NA	NA	NA	NA	NA
paper_generalization:g02_malat1_mid_2048_chr21__pair03	historical_paper_generalization_available	g02_malat1_mid_2048_chr21	3	stability	true candidate-site substitution;extra candidate site;missing candidate site;strict-row diagnostic mismatch	unmatched_candidate	NA	1	NA	2	NA	016fbfe29450a8b505f672a1a3423e62902f3ae4ae2169f297f115772353b62a	NA	NA	NA	NA	NA	NA	NA	NA	NA	NA	NA	NA	NA	NA	NA	NA
paper_generalization:g02_malat1_mid_2048_chr21__pair03	historical_paper_generalization_available	g02_malat1_mid_2048_chr21	3	stability	true candidate-site substitution;extra candidate site;missing candidate site;strict-row diagnostic mismatch	unmatched_candidate	NA	4	NA	5	NA	a4d928f91de87834bafb06427b46e850ecd07834272a40c00c5d463f987f8bc2	NA	NA	NA	NA	NA	NA	NA	NA	NA	NA	NA	NA	NA	NA	NA	NA
paper_generalization:g02_malat1_mid_2048_chr21__pair03	historical_paper_generalization_available	g02_malat1_mid_2048_chr21	3	nt		matched	0	0	1	1	a6c2866bb0c7a60020cebf6841d996522ecd7a938388b941ceccf379b3aaf33c	a6c2866bb0c7a60020cebf6841d996522ecd7a938388b941ceccf379b3aaf33c	1	1	1	1	1	0	0	0	0	0	0	0	0	0	0	1
paper_generalization:g02_malat1_mid_2048_chr21__pair03	historical_paper_generalization_available	g02_malat1_mid_2048_chr21	3	nt		matched	1	1	2	2	88b07a55c57e493081b50ea0062f1b95bab54c080e93fea64a2b3a6bfe969d99	88b07a55c57e493081b50ea0062f1b95bab54c080e93fea64a2b3a6bfe969d99	1	1	1	1	1	0	0	0	0	0	0	0	0	0	0	1
paper_generalization:g02_malat1_mid_2048_chr21__pair03	historical_paper_generalization_available	g02_malat1_mid_2048_chr21	3	nt		matched	2	2	3	3	ef12803f178b0e2714f9a79d7a60850abaf6a7b81ef32345f564bf66443a9434	ef12803f178b0e2714f9a79d7a60850abaf6a7b81ef32345f564bf66443a9434	1	1	1	1	1	0	0	0	0	0	0	0	0	0	0	1
paper_generalization:g02_malat1_mid_2048_chr21__pair03	historical_paper_generalization_available	g02_malat1_mid_2048_chr21	3	nt		matched	3	3	4	4	cedf86a4ae28b1972f5ee9ff1e32d56957c6d40198286dc4abeddb84f41364dd	cedf86a4ae28b1972f5ee9ff1e32d56957c6d40198286dc4abeddb84f41364dd	1	1	1	1	1	0	0	0	0	0	0	0	0	0	0	1
paper_generalization:g02_malat1_mid_2048_chr21__pair03	historical_paper_generalization_available	g02_malat1_mid_2048_chr21	3	nt		matched	4	4	5	5	7ae0c367d2ffa4dfee138fd3de16991e07cc4a885de1833309f74fc4272ef2a7	7ae0c367d2ffa4dfee138fd3de16991e07cc4a885de1833309f74fc4272ef2a7	1	1	1	1	1	0	0	0	0	0	0	0	0	0	0	1
paper_generalization:g02_malat1_mid_2048_chr21__warmup	historical_paper_generalization_available	g02_malat1_mid_2048_chr21	0	score		matched	0	0	1	1	68f6ce734d57da972400ff6239029abdbefa2aa6212f9f52d7a771a91ca5daab	68f6ce734d57da972400ff6239029abdbefa2aa6212f9f52d7a771a91ca5daab	1	1	1	1	1	0	0	0	0	0	0	0	0	0	0	1
paper_generalization:g02_malat1_mid_2048_chr21__warmup	historical_paper_generalization_available	g02_malat1_mid_2048_chr21	0	score		matched	1	1	2	2	1732fefdbbedc2aa23b94d5bdef436744843928ada4a7cc4082185b8f94ebfba	1732fefdbbedc2aa23b94d5bdef436744843928ada4a7cc4082185b8f94ebfba	1	1	1	1	1	0	0	0	0	0	0	0	0	0	0	1
paper_generalization:g02_malat1_mid_2048_chr21__warmup	historical_paper_generalization_available	g02_malat1_mid_2048_chr21	0	score		matched	2	2	3	3	5df5ddb13cd32d4312037d98952d98de4fcad02c451613ab9a5360c54bf1614a	5df5ddb13cd32d4312037d98952d98de4fcad02c451613ab9a5360c54bf1614a	1	1	1	1	1	0	0	0	0	0	0	0	0	0	0	1
paper_generalization:g02_malat1_mid_2048_chr21__warmup	historical_paper_generalization_available	g02_malat1_mid_2048_chr21	0	score		matched	3	3	4	4	9ca868bb4d4401975e3abdda4272beb475110e5cece37e270703983303c2958c	9ca868bb4d4401975e3abdda4272beb475110e5cece37e270703983303c2958c	1	1	1	1	1	0	0	0	0	0	0	0	0	0	0	1
paper_generalization:g02_malat1_mid_2048_chr21__warmup	historical_paper_generalization_available	g02_malat1_mid_2048_chr21	0	score		matched	4	4	5	5	0e1bfed4cf6255169939a27057a47d375a5975e85e1d43cb810efe4f3bb276c7	0e1bfed4cf6255169939a27057a47d375a5975e85e1d43cb810efe4f3bb276c7	1	1	1	1	1	0	0	0	0	0	0	0	0	0	0	1
paper_generalization:g02_malat1_mid_2048_chr21__warmup	historical_paper_generalization_available	g02_malat1_mid_2048_chr21	0	stability	true candidate-site substitution;extra candidate site;missing candidate site;strict-row diagnostic mismatch	matched	0	0	1	1	1ab075e7793c9bc67a06c16dd66562405fa1222ef2bea60d3a6d7553b7affe53	1ab075e7793c9bc67a06c16dd66562405fa1222ef2bea60d3a6d7553b7affe53	1	1	1	1	1	0	0	0	0	0	0	0	0	0	0	1
paper_generalization:g02_malat1_mid_2048_chr21__warmup	historical_paper_generalization_available	g02_malat1_mid_2048_chr21	0	stability	true candidate-site substitution;extra candidate site;missing candidate site;strict-row diagnostic mismatch	matched	1	2	2	3	e75c402928528380c392fe99ee6bf9350fa39a7312901df9fa66c582cdcc5249	e75c402928528380c392fe99ee6bf9350fa39a7312901df9fa66c582cdcc5249	1	1	1	1	1	0	0	0	0	0	0	1	0	0	0	1
paper_generalization:g02_malat1_mid_2048_chr21__warmup	historical_paper_generalization_available	g02_malat1_mid_2048_chr21	0	stability	true candidate-site substitution;extra candidate site;missing candidate site;strict-row diagnostic mismatch	matched	2	3	3	4	cd7d260c60af8598b98b6b44cc23acdd18878a4edfca92dad2b6c9d0d24da0ef	cd7d260c60af8598b98b6b44cc23acdd18878a4edfca92dad2b6c9d0d24da0ef	1	1	1	1	1	0	0	0	0	0	0	1	0	0	0	1
paper_generalization:g02_malat1_mid_2048_chr21__warmup	historical_paper_generalization_available	g02_malat1_mid_2048_chr21	0	stability	true candidate-site substitution;extra candidate site;missing candidate site;strict-row diagnostic mismatch	unmatched_authority	3	NA	4	NA	97a5f9f7a296ce2ab46ed8f9945079a90afa8aeeaea2ce521d7e74d62133c6b2	NA	NA	NA	NA	NA	NA	NA	NA	NA	NA	NA	NA	NA	NA	NA	NA	NA
paper_generalization:g02_malat1_mid_2048_chr21__warmup	historical_paper_generalization_available	g02_malat1_mid_2048_chr21	0	stability	true candidate-site substitution;extra candidate site;missing candidate site;strict-row diagnostic mismatch	unmatched_authority	4	NA	5	NA	fab391e9a09b9af761cdf51040c4c250748b0758cc46799b246ca60f046612fa	NA	NA	NA	NA	NA	NA	NA	NA	NA	NA	NA	NA	NA	NA	NA	NA	NA
paper_generalization:g02_malat1_mid_2048_chr21__warmup	historical_paper_generalization_available	g02_malat1_mid_2048_chr21	0	stability	true candidate-site substitution;extra candidate site;missing candidate site;strict-row diagnostic mismatch	unmatched_candidate	NA	1	NA	2	NA	016fbfe29450a8b505f672a1a3423e62902f3ae4ae2169f297f115772353b62a	NA	NA	NA	NA	NA	NA	NA	NA	NA	NA	NA	NA	NA	NA	NA	NA
paper_generalization:g02_malat1_mid_2048_chr21__warmup	historical_paper_generalization_available	g02_malat1_mid_2048_chr21	0	stability	true candidate-site substitution;extra candidate site;missing candidate site;strict-row diagnostic mismatch	unmatched_candidate	NA	4	NA	5	NA	a4d928f91de87834bafb06427b46e850ecd07834272a40c00c5d463f987f8bc2	NA	NA	NA	NA	NA	NA	NA	NA	NA	NA	NA	NA	NA	NA	NA	NA
paper_generalization:g02_malat1_mid_2048_chr21__warmup	historical_paper_generalization_available	g02_malat1_mid_2048_chr21	0	nt		matched	0	0	1	1	a6c2866bb0c7a60020cebf6841d996522ecd7a938388b941ceccf379b3aaf33c	a6c2866bb0c7a60020cebf6841d996522ecd7a938388b941ceccf379b3aaf33c	1	1	1	1	1	0	0	0	0	0	0	0	0	0	0	1
paper_generalization:g02_malat1_mid_2048_chr21__warmup	historical_paper_generalization_available	g02_malat1_mid_2048_chr21	0	nt		matched	1	1	2	2	88b07a55c57e493081b50ea0062f1b95bab54c080e93fea64a2b3a6bfe969d99	88b07a55c57e493081b50ea0062f1b95bab54c080e93fea64a2b3a6bfe969d99	1	1	1	1	1	0	0	0	0	0	0	0	0	0	0	1
paper_generalization:g02_malat1_mid_2048_chr21__warmup	historical_paper_generalization_available	g02_malat1_mid_2048_chr21	0	nt		matched	2	2	3	3	ef12803f178b0e2714f9a79d7a60850abaf6a7b81ef32345f564bf66443a9434	ef12803f178b0e2714f9a79d7a60850abaf6a7b81ef32345f564bf66443a9434	1	1	1	1	1	0	0	0	0	0	0	0	0	0	0	1
paper_generalization:g02_malat1_mid_2048_chr21__warmup	historical_paper_generalization_available	g02_malat1_mid_2048_chr21	0	nt		matched	3	3	4	4	cedf86a4ae28b1972f5ee9ff1e32d56957c6d40198286dc4abeddb84f41364dd	cedf86a4ae28b1972f5ee9ff1e32d56957c6d40198286dc4abeddb84f41364dd	1	1	1	1	1	0	0	0	0	0	0	0	0	0	0	1
paper_generalization:g02_malat1_mid_2048_chr21__warmup	historical_paper_generalization_available	g02_malat1_mid_2048_chr21	0	nt		matched	4	4	5	5	7ae0c367d2ffa4dfee138fd3de16991e07cc4a885de1833309f74fc4272ef2a7	7ae0c367d2ffa4dfee138fd3de16991e07cc4a885de1833309f74fc4272ef2a7	1	1	1	1	1	0	0	0	0	0	0	0	0	0	0	1
paper_generalization:g03_malat1_3p_2812_chr22__pair01	historical_paper_generalization_available	g03_malat1_3p_2812_chr22	1	score		matched	0	0	1	1	60d2346ffc8cf59309f059cd67ec49d7176e8ca163179758c0745c0590b11a96	60d2346ffc8cf59309f059cd67ec49d7176e8ca163179758c0745c0590b11a96	1	1	1	1	1	0	0	0	0	0	0	0	0	0	0	1
paper_generalization:g03_malat1_3p_2812_chr22__pair01	historical_paper_generalization_available	g03_malat1_3p_2812_chr22	1	score		matched	1	1	2	2	eabf60dca38dfcd28131092f1ba855839edae4ba18a9e6a3e03e885b4c05061b	eabf60dca38dfcd28131092f1ba855839edae4ba18a9e6a3e03e885b4c05061b	1	1	1	1	1	0	0	0	0	0	0	0	0	0	0	1
paper_generalization:g03_malat1_3p_2812_chr22__pair01	historical_paper_generalization_available	g03_malat1_3p_2812_chr22	1	score		matched	2	2	3	3	dd4359ca2dafc23e0a89ed507cad628179596810536f73eec077d97956f34050	dd4359ca2dafc23e0a89ed507cad628179596810536f73eec077d97956f34050	1	1	1	1	1	0	0	0	0	0	0	0	0	0	0	1
paper_generalization:g03_malat1_3p_2812_chr22__pair01	historical_paper_generalization_available	g03_malat1_3p_2812_chr22	1	score		matched	3	3	4	4	57a90cca5f59de0a8435bb44a1204fccb8cdf0826de77709fae1ac8abfa72ba7	57a90cca5f59de0a8435bb44a1204fccb8cdf0826de77709fae1ac8abfa72ba7	1	1	1	1	1	0	0	0	0	0	0	0	0	0	0	1
paper_generalization:g03_malat1_3p_2812_chr22__pair01	historical_paper_generalization_available	g03_malat1_3p_2812_chr22	1	score		matched	4	4	5	5	f87ab0098cb57ef3ebfce811fa5f9ff11b3645b0c720e090ac93eb154fc86fc0	f87ab0098cb57ef3ebfce811fa5f9ff11b3645b0c720e090ac93eb154fc86fc0	1	1	1	1	1	0	0	0	0	0	0	0	0	0	0	1
paper_generalization:g03_malat1_3p_2812_chr22__pair01	historical_paper_generalization_available	g03_malat1_3p_2812_chr22	1	stability		matched	0	0	1	1	411d2223a7bda917c034f9fdc37321ce51197a06eff1316325587362607f239b	411d2223a7bda917c034f9fdc37321ce51197a06eff1316325587362607f239b	1	1	1	1	1	0	0	0	0	0	0	0	0	0	0	1
paper_generalization:g03_malat1_3p_2812_chr22__pair01	historical_paper_generalization_available	g03_malat1_3p_2812_chr22	1	stability		matched	1	1	2	2	693fe6cf6cdbf727f5a43522b1ee11a210c73685f01994a2b99e403718b07623	693fe6cf6cdbf727f5a43522b1ee11a210c73685f01994a2b99e403718b07623	1	1	1	1	1	0	0	0	0	0	0	0	0	0	0	1
paper_generalization:g03_malat1_3p_2812_chr22__pair01	historical_paper_generalization_available	g03_malat1_3p_2812_chr22	1	stability		matched	2	2	3	3	e26f5a579c214e51060ed34c8d549a8ad48a57853a3e59aa4120709553843188	e26f5a579c214e51060ed34c8d549a8ad48a57853a3e59aa4120709553843188	1	1	1	1	1	0	0	0	0	0	0	0	0	0	0	1
paper_generalization:g03_malat1_3p_2812_chr22__pair01	historical_paper_generalization_available	g03_malat1_3p_2812_chr22	1	stability		matched	3	3	4	4	bc393137c8eece0885cb72fbb4754001c4cca14d2c528fda3a9b3823eb868d48	bc393137c8eece0885cb72fbb4754001c4cca14d2c528fda3a9b3823eb868d48	1	1	1	1	1	0	0	0	0	0	0	0	0	0	0	1
paper_generalization:g03_malat1_3p_2812_chr22__pair01	historical_paper_generalization_available	g03_malat1_3p_2812_chr22	1	stability		matched	4	4	5	5	68aea5a224de6f629b8d508225ce3b4042b8c9f9daab7d203532a50cead68d32	68aea5a224de6f629b8d508225ce3b4042b8c9f9daab7d203532a50cead68d32	1	1	1	1	1	0	0	0	0	0	0	0	0	0	0	1
paper_generalization:g03_malat1_3p_2812_chr22__pair01	historical_paper_generalization_available	g03_malat1_3p_2812_chr22	1	nt		matched	0	0	1	1	60d2346ffc8cf59309f059cd67ec49d7176e8ca163179758c0745c0590b11a96	60d2346ffc8cf59309f059cd67ec49d7176e8ca163179758c0745c0590b11a96	1	1	1	1	1	0	0	0	0	0	0	0	0	0	0	1
paper_generalization:g03_malat1_3p_2812_chr22__pair01	historical_paper_generalization_available	g03_malat1_3p_2812_chr22	1	nt		matched	1	1	2	2	51d00e012cbcd7e5237db17d94a677508615cc7c9aa6547200be79639722f919	51d00e012cbcd7e5237db17d94a677508615cc7c9aa6547200be79639722f919	1	1	1	1	1	0	0	0	0	0	0	0	0	0	0	1
paper_generalization:g03_malat1_3p_2812_chr22__pair01	historical_paper_generalization_available	g03_malat1_3p_2812_chr22	1	nt		matched	2	2	3	3	5997841b670b8c5eee7395120961ede7331a29f4870f6923d31d3c5c8c9953c0	5997841b670b8c5eee7395120961ede7331a29f4870f6923d31d3c5c8c9953c0	1	1	1	1	1	0	0	0	0	0	0	0	0	0	0	1
paper_generalization:g03_malat1_3p_2812_chr22__pair01	historical_paper_generalization_available	g03_malat1_3p_2812_chr22	1	nt		matched	3	3	4	4	30336a9f044ac07beeb6caac142e5a581da9e40730abef1947dcf2ed015405cd	30336a9f044ac07beeb6caac142e5a581da9e40730abef1947dcf2ed015405cd	1	1	1	1	1	0	0	0	0	0	0	0	0	0	0	1
paper_generalization:g03_malat1_3p_2812_chr22__pair01	historical_paper_generalization_available	g03_malat1_3p_2812_chr22	1	nt		matched	4	4	5	5	f87ab0098cb57ef3ebfce811fa5f9ff11b3645b0c720e090ac93eb154fc86fc0	f87ab0098cb57ef3ebfce811fa5f9ff11b3645b0c720e090ac93eb154fc86fc0	1	1	1	1	1	0	0	0	0	0	0	0	0	0	0	1
paper_generalization:g03_malat1_3p_2812_chr22__pair02	historical_paper_generalization_available	g03_malat1_3p_2812_chr22	2	score		matched	0	0	1	1	60d2346ffc8cf59309f059cd67ec49d7176e8ca163179758c0745c0590b11a96	60d2346ffc8cf59309f059cd67ec49d7176e8ca163179758c0745c0590b11a96	1	1	1	1	1	0	0	0	0	0	0	0	0	0	0	1
paper_generalization:g03_malat1_3p_2812_chr22__pair02	historical_paper_generalization_available	g03_malat1_3p_2812_chr22	2	score		matched	1	1	2	2	eabf60dca38dfcd28131092f1ba855839edae4ba18a9e6a3e03e885b4c05061b	eabf60dca38dfcd28131092f1ba855839edae4ba18a9e6a3e03e885b4c05061b	1	1	1	1	1	0	0	0	0	0	0	0	0	0	0	1
paper_generalization:g03_malat1_3p_2812_chr22__pair02	historical_paper_generalization_available	g03_malat1_3p_2812_chr22	2	score		matched	2	2	3	3	dd4359ca2dafc23e0a89ed507cad628179596810536f73eec077d97956f34050	dd4359ca2dafc23e0a89ed507cad628179596810536f73eec077d97956f34050	1	1	1	1	1	0	0	0	0	0	0	0	0	0	0	1
paper_generalization:g03_malat1_3p_2812_chr22__pair02	historical_paper_generalization_available	g03_malat1_3p_2812_chr22	2	score		matched	3	3	4	4	57a90cca5f59de0a8435bb44a1204fccb8cdf0826de77709fae1ac8abfa72ba7	57a90cca5f59de0a8435bb44a1204fccb8cdf0826de77709fae1ac8abfa72ba7	1	1	1	1	1	0	0	0	0	0	0	0	0	0	0	1
paper_generalization:g03_malat1_3p_2812_chr22__pair02	historical_paper_generalization_available	g03_malat1_3p_2812_chr22	2	score		matched	4	4	5	5	f87ab0098cb57ef3ebfce811fa5f9ff11b3645b0c720e090ac93eb154fc86fc0	f87ab0098cb57ef3ebfce811fa5f9ff11b3645b0c720e090ac93eb154fc86fc0	1	1	1	1	1	0	0	0	0	0	0	0	0	0	0	1
paper_generalization:g03_malat1_3p_2812_chr22__pair02	historical_paper_generalization_available	g03_malat1_3p_2812_chr22	2	stability		matched	0	0	1	1	411d2223a7bda917c034f9fdc37321ce51197a06eff1316325587362607f239b	411d2223a7bda917c034f9fdc37321ce51197a06eff1316325587362607f239b	1	1	1	1	1	0	0	0	0	0	0	0	0	0	0	1
paper_generalization:g03_malat1_3p_2812_chr22__pair02	historical_paper_generalization_available	g03_malat1_3p_2812_chr22	2	stability		matched	1	1	2	2	693fe6cf6cdbf727f5a43522b1ee11a210c73685f01994a2b99e403718b07623	693fe6cf6cdbf727f5a43522b1ee11a210c73685f01994a2b99e403718b07623	1	1	1	1	1	0	0	0	0	0	0	0	0	0	0	1
paper_generalization:g03_malat1_3p_2812_chr22__pair02	historical_paper_generalization_available	g03_malat1_3p_2812_chr22	2	stability		matched	2	2	3	3	e26f5a579c214e51060ed34c8d549a8ad48a57853a3e59aa4120709553843188	e26f5a579c214e51060ed34c8d549a8ad48a57853a3e59aa4120709553843188	1	1	1	1	1	0	0	0	0	0	0	0	0	0	0	1
paper_generalization:g03_malat1_3p_2812_chr22__pair02	historical_paper_generalization_available	g03_malat1_3p_2812_chr22	2	stability		matched	3	3	4	4	bc393137c8eece0885cb72fbb4754001c4cca14d2c528fda3a9b3823eb868d48	bc393137c8eece0885cb72fbb4754001c4cca14d2c528fda3a9b3823eb868d48	1	1	1	1	1	0	0	0	0	0	0	0	0	0	0	1
paper_generalization:g03_malat1_3p_2812_chr22__pair02	historical_paper_generalization_available	g03_malat1_3p_2812_chr22	2	stability		matched	4	4	5	5	68aea5a224de6f629b8d508225ce3b4042b8c9f9daab7d203532a50cead68d32	68aea5a224de6f629b8d508225ce3b4042b8c9f9daab7d203532a50cead68d32	1	1	1	1	1	0	0	0	0	0	0	0	0	0	0	1
paper_generalization:g03_malat1_3p_2812_chr22__pair02	historical_paper_generalization_available	g03_malat1_3p_2812_chr22	2	nt		matched	0	0	1	1	60d2346ffc8cf59309f059cd67ec49d7176e8ca163179758c0745c0590b11a96	60d2346ffc8cf59309f059cd67ec49d7176e8ca163179758c0745c0590b11a96	1	1	1	1	1	0	0	0	0	0	0	0	0	0	0	1
paper_generalization:g03_malat1_3p_2812_chr22__pair02	historical_paper_generalization_available	g03_malat1_3p_2812_chr22	2	nt		matched	1	1	2	2	51d00e012cbcd7e5237db17d94a677508615cc7c9aa6547200be79639722f919	51d00e012cbcd7e5237db17d94a677508615cc7c9aa6547200be79639722f919	1	1	1	1	1	0	0	0	0	0	0	0	0	0	0	1
paper_generalization:g03_malat1_3p_2812_chr22__pair02	historical_paper_generalization_available	g03_malat1_3p_2812_chr22	2	nt		matched	2	2	3	3	5997841b670b8c5eee7395120961ede7331a29f4870f6923d31d3c5c8c9953c0	5997841b670b8c5eee7395120961ede7331a29f4870f6923d31d3c5c8c9953c0	1	1	1	1	1	0	0	0	0	0	0	0	0	0	0	1
paper_generalization:g03_malat1_3p_2812_chr22__pair02	historical_paper_generalization_available	g03_malat1_3p_2812_chr22	2	nt		matched	3	3	4	4	30336a9f044ac07beeb6caac142e5a581da9e40730abef1947dcf2ed015405cd	30336a9f044ac07beeb6caac142e5a581da9e40730abef1947dcf2ed015405cd	1	1	1	1	1	0	0	0	0	0	0	0	0	0	0	1
paper_generalization:g03_malat1_3p_2812_chr22__pair02	historical_paper_generalization_available	g03_malat1_3p_2812_chr22	2	nt		matched	4	4	5	5	f87ab0098cb57ef3ebfce811fa5f9ff11b3645b0c720e090ac93eb154fc86fc0	f87ab0098cb57ef3ebfce811fa5f9ff11b3645b0c720e090ac93eb154fc86fc0	1	1	1	1	1	0	0	0	0	0	0	0	0	0	0	1
paper_generalization:g03_malat1_3p_2812_chr22__pair03	historical_paper_generalization_available	g03_malat1_3p_2812_chr22	3	score		matched	0	0	1	1	60d2346ffc8cf59309f059cd67ec49d7176e8ca163179758c0745c0590b11a96	60d2346ffc8cf59309f059cd67ec49d7176e8ca163179758c0745c0590b11a96	1	1	1	1	1	0	0	0	0	0	0	0	0	0	0	1
paper_generalization:g03_malat1_3p_2812_chr22__pair03	historical_paper_generalization_available	g03_malat1_3p_2812_chr22	3	score		matched	1	1	2	2	eabf60dca38dfcd28131092f1ba855839edae4ba18a9e6a3e03e885b4c05061b	eabf60dca38dfcd28131092f1ba855839edae4ba18a9e6a3e03e885b4c05061b	1	1	1	1	1	0	0	0	0	0	0	0	0	0	0	1
paper_generalization:g03_malat1_3p_2812_chr22__pair03	historical_paper_generalization_available	g03_malat1_3p_2812_chr22	3	score		matched	2	2	3	3	dd4359ca2dafc23e0a89ed507cad628179596810536f73eec077d97956f34050	dd4359ca2dafc23e0a89ed507cad628179596810536f73eec077d97956f34050	1	1	1	1	1	0	0	0	0	0	0	0	0	0	0	1
paper_generalization:g03_malat1_3p_2812_chr22__pair03	historical_paper_generalization_available	g03_malat1_3p_2812_chr22	3	score		matched	3	3	4	4	57a90cca5f59de0a8435bb44a1204fccb8cdf0826de77709fae1ac8abfa72ba7	57a90cca5f59de0a8435bb44a1204fccb8cdf0826de77709fae1ac8abfa72ba7	1	1	1	1	1	0	0	0	0	0	0	0	0	0	0	1
paper_generalization:g03_malat1_3p_2812_chr22__pair03	historical_paper_generalization_available	g03_malat1_3p_2812_chr22	3	score		matched	4	4	5	5	f87ab0098cb57ef3ebfce811fa5f9ff11b3645b0c720e090ac93eb154fc86fc0	f87ab0098cb57ef3ebfce811fa5f9ff11b3645b0c720e090ac93eb154fc86fc0	1	1	1	1	1	0	0	0	0	0	0	0	0	0	0	1
paper_generalization:g03_malat1_3p_2812_chr22__pair03	historical_paper_generalization_available	g03_malat1_3p_2812_chr22	3	stability		matched	0	0	1	1	411d2223a7bda917c034f9fdc37321ce51197a06eff1316325587362607f239b	411d2223a7bda917c034f9fdc37321ce51197a06eff1316325587362607f239b	1	1	1	1	1	0	0	0	0	0	0	0	0	0	0	1
paper_generalization:g03_malat1_3p_2812_chr22__pair03	historical_paper_generalization_available	g03_malat1_3p_2812_chr22	3	stability		matched	1	1	2	2	693fe6cf6cdbf727f5a43522b1ee11a210c73685f01994a2b99e403718b07623	693fe6cf6cdbf727f5a43522b1ee11a210c73685f01994a2b99e403718b07623	1	1	1	1	1	0	0	0	0	0	0	0	0	0	0	1
paper_generalization:g03_malat1_3p_2812_chr22__pair03	historical_paper_generalization_available	g03_malat1_3p_2812_chr22	3	stability		matched	2	2	3	3	e26f5a579c214e51060ed34c8d549a8ad48a57853a3e59aa4120709553843188	e26f5a579c214e51060ed34c8d549a8ad48a57853a3e59aa4120709553843188	1	1	1	1	1	0	0	0	0	0	0	0	0	0	0	1
paper_generalization:g03_malat1_3p_2812_chr22__pair03	historical_paper_generalization_available	g03_malat1_3p_2812_chr22	3	stability		matched	3	3	4	4	bc393137c8eece0885cb72fbb4754001c4cca14d2c528fda3a9b3823eb868d48	bc393137c8eece0885cb72fbb4754001c4cca14d2c528fda3a9b3823eb868d48	1	1	1	1	1	0	0	0	0	0	0	0	0	0	0	1
paper_generalization:g03_malat1_3p_2812_chr22__pair03	historical_paper_generalization_available	g03_malat1_3p_2812_chr22	3	stability		matched	4	4	5	5	68aea5a224de6f629b8d508225ce3b4042b8c9f9daab7d203532a50cead68d32	68aea5a224de6f629b8d508225ce3b4042b8c9f9daab7d203532a50cead68d32	1	1	1	1	1	0	0	0	0	0	0	0	0	0	0	1
paper_generalization:g03_malat1_3p_2812_chr22__pair03	historical_paper_generalization_available	g03_malat1_3p_2812_chr22	3	nt		matched	0	0	1	1	60d2346ffc8cf59309f059cd67ec49d7176e8ca163179758c0745c0590b11a96	60d2346ffc8cf59309f059cd67ec49d7176e8ca163179758c0745c0590b11a96	1	1	1	1	1	0	0	0	0	0	0	0	0	0	0	1
paper_generalization:g03_malat1_3p_2812_chr22__pair03	historical_paper_generalization_available	g03_malat1_3p_2812_chr22	3	nt		matched	1	1	2	2	51d00e012cbcd7e5237db17d94a677508615cc7c9aa6547200be79639722f919	51d00e012cbcd7e5237db17d94a677508615cc7c9aa6547200be79639722f919	1	1	1	1	1	0	0	0	0	0	0	0	0	0	0	1
paper_generalization:g03_malat1_3p_2812_chr22__pair03	historical_paper_generalization_available	g03_malat1_3p_2812_chr22	3	nt		matched	2	2	3	3	5997841b670b8c5eee7395120961ede7331a29f4870f6923d31d3c5c8c9953c0	5997841b670b8c5eee7395120961ede7331a29f4870f6923d31d3c5c8c9953c0	1	1	1	1	1	0	0	0	0	0	0	0	0	0	0	1
paper_generalization:g03_malat1_3p_2812_chr22__pair03	historical_paper_generalization_available	g03_malat1_3p_2812_chr22	3	nt		matched	3	3	4	4	30336a9f044ac07beeb6caac142e5a581da9e40730abef1947dcf2ed015405cd	30336a9f044ac07beeb6caac142e5a581da9e40730abef1947dcf2ed015405cd	1	1	1	1	1	0	0	0	0	0	0	0	0	0	0	1
paper_generalization:g03_malat1_3p_2812_chr22__pair03	historical_paper_generalization_available	g03_malat1_3p_2812_chr22	3	nt		matched	4	4	5	5	f87ab0098cb57ef3ebfce811fa5f9ff11b3645b0c720e090ac93eb154fc86fc0	f87ab0098cb57ef3ebfce811fa5f9ff11b3645b0c720e090ac93eb154fc86fc0	1	1	1	1	1	0	0	0	0	0	0	0	0	0	0	1
paper_generalization:g03_malat1_3p_2812_chr22__warmup	historical_paper_generalization_available	g03_malat1_3p_2812_chr22	0	score		matched	0	0	1	1	60d2346ffc8cf59309f059cd67ec49d7176e8ca163179758c0745c0590b11a96	60d2346ffc8cf59309f059cd67ec49d7176e8ca163179758c0745c0590b11a96	1	1	1	1	1	0	0	0	0	0	0	0	0	0	0	1
paper_generalization:g03_malat1_3p_2812_chr22__warmup	historical_paper_generalization_available	g03_malat1_3p_2812_chr22	0	score		matched	1	1	2	2	eabf60dca38dfcd28131092f1ba855839edae4ba18a9e6a3e03e885b4c05061b	eabf60dca38dfcd28131092f1ba855839edae4ba18a9e6a3e03e885b4c05061b	1	1	1	1	1	0	0	0	0	0	0	0	0	0	0	1
paper_generalization:g03_malat1_3p_2812_chr22__warmup	historical_paper_generalization_available	g03_malat1_3p_2812_chr22	0	score		matched	2	2	3	3	dd4359ca2dafc23e0a89ed507cad628179596810536f73eec077d97956f34050	dd4359ca2dafc23e0a89ed507cad628179596810536f73eec077d97956f34050	1	1	1	1	1	0	0	0	0	0	0	0	0	0	0	1
paper_generalization:g03_malat1_3p_2812_chr22__warmup	historical_paper_generalization_available	g03_malat1_3p_2812_chr22	0	score		matched	3	3	4	4	57a90cca5f59de0a8435bb44a1204fccb8cdf0826de77709fae1ac8abfa72ba7	57a90cca5f59de0a8435bb44a1204fccb8cdf0826de77709fae1ac8abfa72ba7	1	1	1	1	1	0	0	0	0	0	0	0	0	0	0	1
paper_generalization:g03_malat1_3p_2812_chr22__warmup	historical_paper_generalization_available	g03_malat1_3p_2812_chr22	0	score		matched	4	4	5	5	f87ab0098cb57ef3ebfce811fa5f9ff11b3645b0c720e090ac93eb154fc86fc0	f87ab0098cb57ef3ebfce811fa5f9ff11b3645b0c720e090ac93eb154fc86fc0	1	1	1	1	1	0	0	0	0	0	0	0	0	0	0	1
paper_generalization:g03_malat1_3p_2812_chr22__warmup	historical_paper_generalization_available	g03_malat1_3p_2812_chr22	0	stability		matched	0	0	1	1	411d2223a7bda917c034f9fdc37321ce51197a06eff1316325587362607f239b	411d2223a7bda917c034f9fdc37321ce51197a06eff1316325587362607f239b	1	1	1	1	1	0	0	0	0	0	0	0	0	0	0	1
paper_generalization:g03_malat1_3p_2812_chr22__warmup	historical_paper_generalization_available	g03_malat1_3p_2812_chr22	0	stability		matched	1	1	2	2	693fe6cf6cdbf727f5a43522b1ee11a210c73685f01994a2b99e403718b07623	693fe6cf6cdbf727f5a43522b1ee11a210c73685f01994a2b99e403718b07623	1	1	1	1	1	0	0	0	0	0	0	0	0	0	0	1
paper_generalization:g03_malat1_3p_2812_chr22__warmup	historical_paper_generalization_available	g03_malat1_3p_2812_chr22	0	stability		matched	2	2	3	3	e26f5a579c214e51060ed34c8d549a8ad48a57853a3e59aa4120709553843188	e26f5a579c214e51060ed34c8d549a8ad48a57853a3e59aa4120709553843188	1	1	1	1	1	0	0	0	0	0	0	0	0	0	0	1
paper_generalization:g03_malat1_3p_2812_chr22__warmup	historical_paper_generalization_available	g03_malat1_3p_2812_chr22	0	stability		matched	3	3	4	4	bc393137c8eece0885cb72fbb4754001c4cca14d2c528fda3a9b3823eb868d48	bc393137c8eece0885cb72fbb4754001c4cca14d2c528fda3a9b3823eb868d48	1	1	1	1	1	0	0	0	0	0	0	0	0	0	0	1
paper_generalization:g03_malat1_3p_2812_chr22__warmup	historical_paper_generalization_available	g03_malat1_3p_2812_chr22	0	stability		matched	4	4	5	5	68aea5a224de6f629b8d508225ce3b4042b8c9f9daab7d203532a50cead68d32	68aea5a224de6f629b8d508225ce3b4042b8c9f9daab7d203532a50cead68d32	1	1	1	1	1	0	0	0	0	0	0	0	0	0	0	1
paper_generalization:g03_malat1_3p_2812_chr22__warmup	historical_paper_generalization_available	g03_malat1_3p_2812_chr22	0	nt		matched	0	0	1	1	60d2346ffc8cf59309f059cd67ec49d7176e8ca163179758c0745c0590b11a96	60d2346ffc8cf59309f059cd67ec49d7176e8ca163179758c0745c0590b11a96	1	1	1	1	1	0	0	0	0	0	0	0	0	0	0	1
paper_generalization:g03_malat1_3p_2812_chr22__warmup	historical_paper_generalization_available	g03_malat1_3p_2812_chr22	0	nt		matched	1	1	2	2	51d00e012cbcd7e5237db17d94a677508615cc7c9aa6547200be79639722f919	51d00e012cbcd7e5237db17d94a677508615cc7c9aa6547200be79639722f919	1	1	1	1	1	0	0	0	0	0	0	0	0	0	0	1
paper_generalization:g03_malat1_3p_2812_chr22__warmup	historical_paper_generalization_available	g03_malat1_3p_2812_chr22	0	nt		matched	2	2	3	3	5997841b670b8c5eee7395120961ede7331a29f4870f6923d31d3c5c8c9953c0	5997841b670b8c5eee7395120961ede7331a29f4870f6923d31d3c5c8c9953c0	1	1	1	1	1	0	0	0	0	0	0	0	0	0	0	1
paper_generalization:g03_malat1_3p_2812_chr22__warmup	historical_paper_generalization_available	g03_malat1_3p_2812_chr22	0	nt		matched	3	3	4	4	30336a9f044ac07beeb6caac142e5a581da9e40730abef1947dcf2ed015405cd	30336a9f044ac07beeb6caac142e5a581da9e40730abef1947dcf2ed015405cd	1	1	1	1	1	0	0	0	0	0	0	0	0	0	0	1
paper_generalization:g03_malat1_3p_2812_chr22__warmup	historical_paper_generalization_available	g03_malat1_3p_2812_chr22	0	nt		matched	4	4	5	5	f87ab0098cb57ef3ebfce811fa5f9ff11b3645b0c720e090ac93eb154fc86fc0	f87ab0098cb57ef3ebfce811fa5f9ff11b3645b0c720e090ac93eb154fc86fc0	1	1	1	1	1	0	0	0	0	0	0	0	0	0	0	1
paper_generalization:g04_neat1_5p_2048_chr22__pair01	historical_paper_generalization_available	g04_neat1_5p_2048_chr22	1	score		matched	0	0	1	1	84158f4ede0f2a194342c1024df1c54263b0b23bb3b2b4e8d2cbd389861388b9	84158f4ede0f2a194342c1024df1c54263b0b23bb3b2b4e8d2cbd389861388b9	1	1	1	1	1	0	0	0	0	0	0	0	0	0	0	1
paper_generalization:g04_neat1_5p_2048_chr22__pair01	historical_paper_generalization_available	g04_neat1_5p_2048_chr22	1	score		matched	1	1	2	2	6bc7eaabc08f29e5af88a2fa5233aed8bab5b76440b0cac707d0c2325cdf3186	6bc7eaabc08f29e5af88a2fa5233aed8bab5b76440b0cac707d0c2325cdf3186	1	1	1	1	1	0	0	0	0	0	0	0	0	0	0	1
paper_generalization:g04_neat1_5p_2048_chr22__pair01	historical_paper_generalization_available	g04_neat1_5p_2048_chr22	1	score		matched	2	2	3	3	870e1a8a60dcce7df48b869f20e61c7ae513aeaea9818a2184b9eeb4b5631108	870e1a8a60dcce7df48b869f20e61c7ae513aeaea9818a2184b9eeb4b5631108	1	1	1	1	1	0	0	0	0	0	0	0	0	0	0	1
paper_generalization:g04_neat1_5p_2048_chr22__pair01	historical_paper_generalization_available	g04_neat1_5p_2048_chr22	1	score		matched	3	3	4	4	fcd1aeeb9b9d2bdea42a9febf8133dbc355353a31decde969c018d71a0e698b4	fcd1aeeb9b9d2bdea42a9febf8133dbc355353a31decde969c018d71a0e698b4	1	1	1	1	1	0	0	0	0	0	0	0	0	0	0	1
paper_generalization:g04_neat1_5p_2048_chr22__pair01	historical_paper_generalization_available	g04_neat1_5p_2048_chr22	1	score		matched	4	4	5	5	fc3027bf57103665b4f5c8026333a449b3a74528ac664f33b464558238063487	fc3027bf57103665b4f5c8026333a449b3a74528ac664f33b464558238063487	1	1	1	1	1	0	0	0	0	0	0	0	0	0	0	1
paper_generalization:g04_neat1_5p_2048_chr22__pair01	historical_paper_generalization_available	g04_neat1_5p_2048_chr22	1	stability		matched	0	0	1	1	8f979efaa39debe185f39c9c621f07f3647ffb4af1683f76f3246564400de7fd	8f979efaa39debe185f39c9c621f07f3647ffb4af1683f76f3246564400de7fd	1	1	1	1	1	0	0	0	0	0	0	0	0	0	0	1
paper_generalization:g04_neat1_5p_2048_chr22__pair01	historical_paper_generalization_available	g04_neat1_5p_2048_chr22	1	stability		matched	1	1	2	2	844b982f9ddb772b2a1b6d9ff121e030b11df8cdbe732277b48314da50669696	844b982f9ddb772b2a1b6d9ff121e030b11df8cdbe732277b48314da50669696	1	1	1	1	1	0	0	0	0	0	0	0	0	0	0	1
paper_generalization:g04_neat1_5p_2048_chr22__pair01	historical_paper_generalization_available	g04_neat1_5p_2048_chr22	1	stability		matched	2	2	3	3	25264153f70d2a19fb2b3160ac27c5f69dde5d771a8572baaf9279e82892735e	25264153f70d2a19fb2b3160ac27c5f69dde5d771a8572baaf9279e82892735e	1	1	1	1	1	0	0	0	0	0	0	0	0	0	0	1
paper_generalization:g04_neat1_5p_2048_chr22__pair01	historical_paper_generalization_available	g04_neat1_5p_2048_chr22	1	stability		matched	3	3	4	4	e5fbcde2d9e87012e119ad14cdc20e5223289ea6990e4541b359f37e97fd4e9f	e5fbcde2d9e87012e119ad14cdc20e5223289ea6990e4541b359f37e97fd4e9f	1	1	1	1	1	0	0	0	0	0	0	0	0	0	0	1
paper_generalization:g04_neat1_5p_2048_chr22__pair01	historical_paper_generalization_available	g04_neat1_5p_2048_chr22	1	stability		matched	4	4	5	5	48d2fba579b663e8c54b17408153359c3e724eb4a00694afd83f1088bc6c0aa2	48d2fba579b663e8c54b17408153359c3e724eb4a00694afd83f1088bc6c0aa2	1	1	1	1	1	0	0	0	0	0	0	0	0	0	0	1
paper_generalization:g04_neat1_5p_2048_chr22__pair01	historical_paper_generalization_available	g04_neat1_5p_2048_chr22	1	nt		matched	0	0	1	1	eef182f74bf124c2ed58c81ef51c9758b2cd3280c1ec0fbeb18683e86794c268	eef182f74bf124c2ed58c81ef51c9758b2cd3280c1ec0fbeb18683e86794c268	1	1	1	1	1	0	0	0	0	0	0	0	0	0	0	1
paper_generalization:g04_neat1_5p_2048_chr22__pair01	historical_paper_generalization_available	g04_neat1_5p_2048_chr22	1	nt		matched	1	1	2	2	296883a1ca78943a07a005c8b9fc9ebb7c7542633594b04ce58e6c89247b3ffa	296883a1ca78943a07a005c8b9fc9ebb7c7542633594b04ce58e6c89247b3ffa	1	1	1	1	1	0	0	0	0	0	0	0	0	0	0	1
paper_generalization:g04_neat1_5p_2048_chr22__pair01	historical_paper_generalization_available	g04_neat1_5p_2048_chr22	1	nt		matched	2	2	3	3	fc3027bf57103665b4f5c8026333a449b3a74528ac664f33b464558238063487	fc3027bf57103665b4f5c8026333a449b3a74528ac664f33b464558238063487	1	1	1	1	1	0	0	0	0	0	0	0	0	0	0	1
paper_generalization:g04_neat1_5p_2048_chr22__pair01	historical_paper_generalization_available	g04_neat1_5p_2048_chr22	1	nt		matched	3	3	4	4	f45c46c6227472972a222bba774d2f67a337c9013acb9690bc630be6fb5e3de9	f45c46c6227472972a222bba774d2f67a337c9013acb9690bc630be6fb5e3de9	1	1	1	1	1	0	0	0	0	0	0	0	0	0	0	1
paper_generalization:g04_neat1_5p_2048_chr22__pair01	historical_paper_generalization_available	g04_neat1_5p_2048_chr22	1	nt		matched	4	4	5	5	78b4769cd8eb29e8ac36883b15bf6c1293bad63f9eef1f6a744cfb9a07d52559	78b4769cd8eb29e8ac36883b15bf6c1293bad63f9eef1f6a744cfb9a07d52559	1	1	1	1	1	0	0	0	0	0	0	0	0	0	0	1
paper_generalization:g04_neat1_5p_2048_chr22__pair02	historical_paper_generalization_available	g04_neat1_5p_2048_chr22	2	score		matched	0	0	1	1	84158f4ede0f2a194342c1024df1c54263b0b23bb3b2b4e8d2cbd389861388b9	84158f4ede0f2a194342c1024df1c54263b0b23bb3b2b4e8d2cbd389861388b9	1	1	1	1	1	0	0	0	0	0	0	0	0	0	0	1
paper_generalization:g04_neat1_5p_2048_chr22__pair02	historical_paper_generalization_available	g04_neat1_5p_2048_chr22	2	score		matched	1	1	2	2	6bc7eaabc08f29e5af88a2fa5233aed8bab5b76440b0cac707d0c2325cdf3186	6bc7eaabc08f29e5af88a2fa5233aed8bab5b76440b0cac707d0c2325cdf3186	1	1	1	1	1	0	0	0	0	0	0	0	0	0	0	1
paper_generalization:g04_neat1_5p_2048_chr22__pair02	historical_paper_generalization_available	g04_neat1_5p_2048_chr22	2	score		matched	2	2	3	3	870e1a8a60dcce7df48b869f20e61c7ae513aeaea9818a2184b9eeb4b5631108	870e1a8a60dcce7df48b869f20e61c7ae513aeaea9818a2184b9eeb4b5631108	1	1	1	1	1	0	0	0	0	0	0	0	0	0	0	1
paper_generalization:g04_neat1_5p_2048_chr22__pair02	historical_paper_generalization_available	g04_neat1_5p_2048_chr22	2	score		matched	3	3	4	4	fcd1aeeb9b9d2bdea42a9febf8133dbc355353a31decde969c018d71a0e698b4	fcd1aeeb9b9d2bdea42a9febf8133dbc355353a31decde969c018d71a0e698b4	1	1	1	1	1	0	0	0	0	0	0	0	0	0	0	1
paper_generalization:g04_neat1_5p_2048_chr22__pair02	historical_paper_generalization_available	g04_neat1_5p_2048_chr22	2	score		matched	4	4	5	5	fc3027bf57103665b4f5c8026333a449b3a74528ac664f33b464558238063487	fc3027bf57103665b4f5c8026333a449b3a74528ac664f33b464558238063487	1	1	1	1	1	0	0	0	0	0	0	0	0	0	0	1
paper_generalization:g04_neat1_5p_2048_chr22__pair02	historical_paper_generalization_available	g04_neat1_5p_2048_chr22	2	stability		matched	0	0	1	1	8f979efaa39debe185f39c9c621f07f3647ffb4af1683f76f3246564400de7fd	8f979efaa39debe185f39c9c621f07f3647ffb4af1683f76f3246564400de7fd	1	1	1	1	1	0	0	0	0	0	0	0	0	0	0	1
paper_generalization:g04_neat1_5p_2048_chr22__pair02	historical_paper_generalization_available	g04_neat1_5p_2048_chr22	2	stability		matched	1	1	2	2	844b982f9ddb772b2a1b6d9ff121e030b11df8cdbe732277b48314da50669696	844b982f9ddb772b2a1b6d9ff121e030b11df8cdbe732277b48314da50669696	1	1	1	1	1	0	0	0	0	0	0	0	0	0	0	1
paper_generalization:g04_neat1_5p_2048_chr22__pair02	historical_paper_generalization_available	g04_neat1_5p_2048_chr22	2	stability		matched	2	2	3	3	25264153f70d2a19fb2b3160ac27c5f69dde5d771a8572baaf9279e82892735e	25264153f70d2a19fb2b3160ac27c5f69dde5d771a8572baaf9279e82892735e	1	1	1	1	1	0	0	0	0	0	0	0	0	0	0	1
paper_generalization:g04_neat1_5p_2048_chr22__pair02	historical_paper_generalization_available	g04_neat1_5p_2048_chr22	2	stability		matched	3	3	4	4	e5fbcde2d9e87012e119ad14cdc20e5223289ea6990e4541b359f37e97fd4e9f	e5fbcde2d9e87012e119ad14cdc20e5223289ea6990e4541b359f37e97fd4e9f	1	1	1	1	1	0	0	0	0	0	0	0	0	0	0	1
paper_generalization:g04_neat1_5p_2048_chr22__pair02	historical_paper_generalization_available	g04_neat1_5p_2048_chr22	2	stability		matched	4	4	5	5	48d2fba579b663e8c54b17408153359c3e724eb4a00694afd83f1088bc6c0aa2	48d2fba579b663e8c54b17408153359c3e724eb4a00694afd83f1088bc6c0aa2	1	1	1	1	1	0	0	0	0	0	0	0	0	0	0	1
paper_generalization:g04_neat1_5p_2048_chr22__pair02	historical_paper_generalization_available	g04_neat1_5p_2048_chr22	2	nt		matched	0	0	1	1	eef182f74bf124c2ed58c81ef51c9758b2cd3280c1ec0fbeb18683e86794c268	eef182f74bf124c2ed58c81ef51c9758b2cd3280c1ec0fbeb18683e86794c268	1	1	1	1	1	0	0	0	0	0	0	0	0	0	0	1
paper_generalization:g04_neat1_5p_2048_chr22__pair02	historical_paper_generalization_available	g04_neat1_5p_2048_chr22	2	nt		matched	1	1	2	2	296883a1ca78943a07a005c8b9fc9ebb7c7542633594b04ce58e6c89247b3ffa	296883a1ca78943a07a005c8b9fc9ebb7c7542633594b04ce58e6c89247b3ffa	1	1	1	1	1	0	0	0	0	0	0	0	0	0	0	1
paper_generalization:g04_neat1_5p_2048_chr22__pair02	historical_paper_generalization_available	g04_neat1_5p_2048_chr22	2	nt		matched	2	2	3	3	fc3027bf57103665b4f5c8026333a449b3a74528ac664f33b464558238063487	fc3027bf57103665b4f5c8026333a449b3a74528ac664f33b464558238063487	1	1	1	1	1	0	0	0	0	0	0	0	0	0	0	1
paper_generalization:g04_neat1_5p_2048_chr22__pair02	historical_paper_generalization_available	g04_neat1_5p_2048_chr22	2	nt		matched	3	3	4	4	f45c46c6227472972a222bba774d2f67a337c9013acb9690bc630be6fb5e3de9	f45c46c6227472972a222bba774d2f67a337c9013acb9690bc630be6fb5e3de9	1	1	1	1	1	0	0	0	0	0	0	0	0	0	0	1
paper_generalization:g04_neat1_5p_2048_chr22__pair02	historical_paper_generalization_available	g04_neat1_5p_2048_chr22	2	nt		matched	4	4	5	5	78b4769cd8eb29e8ac36883b15bf6c1293bad63f9eef1f6a744cfb9a07d52559	78b4769cd8eb29e8ac36883b15bf6c1293bad63f9eef1f6a744cfb9a07d52559	1	1	1	1	1	0	0	0	0	0	0	0	0	0	0	1
paper_generalization:g04_neat1_5p_2048_chr22__pair03	historical_paper_generalization_available	g04_neat1_5p_2048_chr22	3	score		matched	0	0	1	1	84158f4ede0f2a194342c1024df1c54263b0b23bb3b2b4e8d2cbd389861388b9	84158f4ede0f2a194342c1024df1c54263b0b23bb3b2b4e8d2cbd389861388b9	1	1	1	1	1	0	0	0	0	0	0	0	0	0	0	1
paper_generalization:g04_neat1_5p_2048_chr22__pair03	historical_paper_generalization_available	g04_neat1_5p_2048_chr22	3	score		matched	1	1	2	2	6bc7eaabc08f29e5af88a2fa5233aed8bab5b76440b0cac707d0c2325cdf3186	6bc7eaabc08f29e5af88a2fa5233aed8bab5b76440b0cac707d0c2325cdf3186	1	1	1	1	1	0	0	0	0	0	0	0	0	0	0	1
paper_generalization:g04_neat1_5p_2048_chr22__pair03	historical_paper_generalization_available	g04_neat1_5p_2048_chr22	3	score		matched	2	2	3	3	870e1a8a60dcce7df48b869f20e61c7ae513aeaea9818a2184b9eeb4b5631108	870e1a8a60dcce7df48b869f20e61c7ae513aeaea9818a2184b9eeb4b5631108	1	1	1	1	1	0	0	0	0	0	0	0	0	0	0	1
paper_generalization:g04_neat1_5p_2048_chr22__pair03	historical_paper_generalization_available	g04_neat1_5p_2048_chr22	3	score		matched	3	3	4	4	fcd1aeeb9b9d2bdea42a9febf8133dbc355353a31decde969c018d71a0e698b4	fcd1aeeb9b9d2bdea42a9febf8133dbc355353a31decde969c018d71a0e698b4	1	1	1	1	1	0	0	0	0	0	0	0	0	0	0	1
paper_generalization:g04_neat1_5p_2048_chr22__pair03	historical_paper_generalization_available	g04_neat1_5p_2048_chr22	3	score		matched	4	4	5	5	fc3027bf57103665b4f5c8026333a449b3a74528ac664f33b464558238063487	fc3027bf57103665b4f5c8026333a449b3a74528ac664f33b464558238063487	1	1	1	1	1	0	0	0	0	0	0	0	0	0	0	1
paper_generalization:g04_neat1_5p_2048_chr22__pair03	historical_paper_generalization_available	g04_neat1_5p_2048_chr22	3	stability		matched	0	0	1	1	8f979efaa39debe185f39c9c621f07f3647ffb4af1683f76f3246564400de7fd	8f979efaa39debe185f39c9c621f07f3647ffb4af1683f76f3246564400de7fd	1	1	1	1	1	0	0	0	0	0	0	0	0	0	0	1
paper_generalization:g04_neat1_5p_2048_chr22__pair03	historical_paper_generalization_available	g04_neat1_5p_2048_chr22	3	stability		matched	1	1	2	2	844b982f9ddb772b2a1b6d9ff121e030b11df8cdbe732277b48314da50669696	844b982f9ddb772b2a1b6d9ff121e030b11df8cdbe732277b48314da50669696	1	1	1	1	1	0	0	0	0	0	0	0	0	0	0	1
paper_generalization:g04_neat1_5p_2048_chr22__pair03	historical_paper_generalization_available	g04_neat1_5p_2048_chr22	3	stability		matched	2	2	3	3	25264153f70d2a19fb2b3160ac27c5f69dde5d771a8572baaf9279e82892735e	25264153f70d2a19fb2b3160ac27c5f69dde5d771a8572baaf9279e82892735e	1	1	1	1	1	0	0	0	0	0	0	0	0	0	0	1
paper_generalization:g04_neat1_5p_2048_chr22__pair03	historical_paper_generalization_available	g04_neat1_5p_2048_chr22	3	stability		matched	3	3	4	4	e5fbcde2d9e87012e119ad14cdc20e5223289ea6990e4541b359f37e97fd4e9f	e5fbcde2d9e87012e119ad14cdc20e5223289ea6990e4541b359f37e97fd4e9f	1	1	1	1	1	0	0	0	0	0	0	0	0	0	0	1
paper_generalization:g04_neat1_5p_2048_chr22__pair03	historical_paper_generalization_available	g04_neat1_5p_2048_chr22	3	stability		matched	4	4	5	5	48d2fba579b663e8c54b17408153359c3e724eb4a00694afd83f1088bc6c0aa2	48d2fba579b663e8c54b17408153359c3e724eb4a00694afd83f1088bc6c0aa2	1	1	1	1	1	0	0	0	0	0	0	0	0	0	0	1
paper_generalization:g04_neat1_5p_2048_chr22__pair03	historical_paper_generalization_available	g04_neat1_5p_2048_chr22	3	nt		matched	0	0	1	1	eef182f74bf124c2ed58c81ef51c9758b2cd3280c1ec0fbeb18683e86794c268	eef182f74bf124c2ed58c81ef51c9758b2cd3280c1ec0fbeb18683e86794c268	1	1	1	1	1	0	0	0	0	0	0	0	0	0	0	1
paper_generalization:g04_neat1_5p_2048_chr22__pair03	historical_paper_generalization_available	g04_neat1_5p_2048_chr22	3	nt		matched	1	1	2	2	296883a1ca78943a07a005c8b9fc9ebb7c7542633594b04ce58e6c89247b3ffa	296883a1ca78943a07a005c8b9fc9ebb7c7542633594b04ce58e6c89247b3ffa	1	1	1	1	1	0	0	0	0	0	0	0	0	0	0	1
paper_generalization:g04_neat1_5p_2048_chr22__pair03	historical_paper_generalization_available	g04_neat1_5p_2048_chr22	3	nt		matched	2	2	3	3	fc3027bf57103665b4f5c8026333a449b3a74528ac664f33b464558238063487	fc3027bf57103665b4f5c8026333a449b3a74528ac664f33b464558238063487	1	1	1	1	1	0	0	0	0	0	0	0	0	0	0	1
paper_generalization:g04_neat1_5p_2048_chr22__pair03	historical_paper_generalization_available	g04_neat1_5p_2048_chr22	3	nt		matched	3	3	4	4	f45c46c6227472972a222bba774d2f67a337c9013acb9690bc630be6fb5e3de9	f45c46c6227472972a222bba774d2f67a337c9013acb9690bc630be6fb5e3de9	1	1	1	1	1	0	0	0	0	0	0	0	0	0	0	1
paper_generalization:g04_neat1_5p_2048_chr22__pair03	historical_paper_generalization_available	g04_neat1_5p_2048_chr22	3	nt		matched	4	4	5	5	78b4769cd8eb29e8ac36883b15bf6c1293bad63f9eef1f6a744cfb9a07d52559	78b4769cd8eb29e8ac36883b15bf6c1293bad63f9eef1f6a744cfb9a07d52559	1	1	1	1	1	0	0	0	0	0	0	0	0	0	0	1
paper_generalization:g04_neat1_5p_2048_chr22__warmup	historical_paper_generalization_available	g04_neat1_5p_2048_chr22	0	score		matched	0	0	1	1	84158f4ede0f2a194342c1024df1c54263b0b23bb3b2b4e8d2cbd389861388b9	84158f4ede0f2a194342c1024df1c54263b0b23bb3b2b4e8d2cbd389861388b9	1	1	1	1	1	0	0	0	0	0	0	0	0	0	0	1
paper_generalization:g04_neat1_5p_2048_chr22__warmup	historical_paper_generalization_available	g04_neat1_5p_2048_chr22	0	score		matched	1	1	2	2	6bc7eaabc08f29e5af88a2fa5233aed8bab5b76440b0cac707d0c2325cdf3186	6bc7eaabc08f29e5af88a2fa5233aed8bab5b76440b0cac707d0c2325cdf3186	1	1	1	1	1	0	0	0	0	0	0	0	0	0	0	1
paper_generalization:g04_neat1_5p_2048_chr22__warmup	historical_paper_generalization_available	g04_neat1_5p_2048_chr22	0	score		matched	2	2	3	3	870e1a8a60dcce7df48b869f20e61c7ae513aeaea9818a2184b9eeb4b5631108	870e1a8a60dcce7df48b869f20e61c7ae513aeaea9818a2184b9eeb4b5631108	1	1	1	1	1	0	0	0	0	0	0	0	0	0	0	1
paper_generalization:g04_neat1_5p_2048_chr22__warmup	historical_paper_generalization_available	g04_neat1_5p_2048_chr22	0	score		matched	3	3	4	4	fcd1aeeb9b9d2bdea42a9febf8133dbc355353a31decde969c018d71a0e698b4	fcd1aeeb9b9d2bdea42a9febf8133dbc355353a31decde969c018d71a0e698b4	1	1	1	1	1	0	0	0	0	0	0	0	0	0	0	1
paper_generalization:g04_neat1_5p_2048_chr22__warmup	historical_paper_generalization_available	g04_neat1_5p_2048_chr22	0	score		matched	4	4	5	5	fc3027bf57103665b4f5c8026333a449b3a74528ac664f33b464558238063487	fc3027bf57103665b4f5c8026333a449b3a74528ac664f33b464558238063487	1	1	1	1	1	0	0	0	0	0	0	0	0	0	0	1
paper_generalization:g04_neat1_5p_2048_chr22__warmup	historical_paper_generalization_available	g04_neat1_5p_2048_chr22	0	stability		matched	0	0	1	1	8f979efaa39debe185f39c9c621f07f3647ffb4af1683f76f3246564400de7fd	8f979efaa39debe185f39c9c621f07f3647ffb4af1683f76f3246564400de7fd	1	1	1	1	1	0	0	0	0	0	0	0	0	0	0	1
paper_generalization:g04_neat1_5p_2048_chr22__warmup	historical_paper_generalization_available	g04_neat1_5p_2048_chr22	0	stability		matched	1	1	2	2	844b982f9ddb772b2a1b6d9ff121e030b11df8cdbe732277b48314da50669696	844b982f9ddb772b2a1b6d9ff121e030b11df8cdbe732277b48314da50669696	1	1	1	1	1	0	0	0	0	0	0	0	0	0	0	1
paper_generalization:g04_neat1_5p_2048_chr22__warmup	historical_paper_generalization_available	g04_neat1_5p_2048_chr22	0	stability		matched	2	2	3	3	25264153f70d2a19fb2b3160ac27c5f69dde5d771a8572baaf9279e82892735e	25264153f70d2a19fb2b3160ac27c5f69dde5d771a8572baaf9279e82892735e	1	1	1	1	1	0	0	0	0	0	0	0	0	0	0	1
paper_generalization:g04_neat1_5p_2048_chr22__warmup	historical_paper_generalization_available	g04_neat1_5p_2048_chr22	0	stability		matched	3	3	4	4	e5fbcde2d9e87012e119ad14cdc20e5223289ea6990e4541b359f37e97fd4e9f	e5fbcde2d9e87012e119ad14cdc20e5223289ea6990e4541b359f37e97fd4e9f	1	1	1	1	1	0	0	0	0	0	0	0	0	0	0	1
paper_generalization:g04_neat1_5p_2048_chr22__warmup	historical_paper_generalization_available	g04_neat1_5p_2048_chr22	0	stability		matched	4	4	5	5	48d2fba579b663e8c54b17408153359c3e724eb4a00694afd83f1088bc6c0aa2	48d2fba579b663e8c54b17408153359c3e724eb4a00694afd83f1088bc6c0aa2	1	1	1	1	1	0	0	0	0	0	0	0	0	0	0	1
paper_generalization:g04_neat1_5p_2048_chr22__warmup	historical_paper_generalization_available	g04_neat1_5p_2048_chr22	0	nt		matched	0	0	1	1	eef182f74bf124c2ed58c81ef51c9758b2cd3280c1ec0fbeb18683e86794c268	eef182f74bf124c2ed58c81ef51c9758b2cd3280c1ec0fbeb18683e86794c268	1	1	1	1	1	0	0	0	0	0	0	0	0	0	0	1
paper_generalization:g04_neat1_5p_2048_chr22__warmup	historical_paper_generalization_available	g04_neat1_5p_2048_chr22	0	nt		matched	1	1	2	2	296883a1ca78943a07a005c8b9fc9ebb7c7542633594b04ce58e6c89247b3ffa	296883a1ca78943a07a005c8b9fc9ebb7c7542633594b04ce58e6c89247b3ffa	1	1	1	1	1	0	0	0	0	0	0	0	0	0	0	1
paper_generalization:g04_neat1_5p_2048_chr22__warmup	historical_paper_generalization_available	g04_neat1_5p_2048_chr22	0	nt		matched	2	2	3	3	fc3027bf57103665b4f5c8026333a449b3a74528ac664f33b464558238063487	fc3027bf57103665b4f5c8026333a449b3a74528ac664f33b464558238063487	1	1	1	1	1	0	0	0	0	0	0	0	0	0	0	1
paper_generalization:g04_neat1_5p_2048_chr22__warmup	historical_paper_generalization_available	g04_neat1_5p_2048_chr22	0	nt		matched	3	3	4	4	f45c46c6227472972a222bba774d2f67a337c9013acb9690bc630be6fb5e3de9	f45c46c6227472972a222bba774d2f67a337c9013acb9690bc630be6fb5e3de9	1	1	1	1	1	0	0	0	0	0	0	0	0	0	0	1
paper_generalization:g04_neat1_5p_2048_chr22__warmup	historical_paper_generalization_available	g04_neat1_5p_2048_chr22	0	nt		matched	4	4	5	5	78b4769cd8eb29e8ac36883b15bf6c1293bad63f9eef1f6a744cfb9a07d52559	78b4769cd8eb29e8ac36883b15bf6c1293bad63f9eef1f6a744cfb9a07d52559	1	1	1	1	1	0	0	0	0	0	0	0	0	0	0	1
paper_generalization:g05_neat1_mid_2812_chr11__pair01	historical_paper_generalization_available	g05_neat1_mid_2812_chr11	1	score		matched	0	0	1	1	f7674d7c785d4faed2eaf0a8f4a830c187b3c659902dd2d6dfb301daffe9d509	f7674d7c785d4faed2eaf0a8f4a830c187b3c659902dd2d6dfb301daffe9d509	1	1	1	1	1	0	0	0	0	0	0	0	0	0	0	1
paper_generalization:g05_neat1_mid_2812_chr11__pair01	historical_paper_generalization_available	g05_neat1_mid_2812_chr11	1	score		matched	1	1	2	2	8e19c1c475446f4fdec50c004b4e31fc44d215d213f258645a14158acb19abe8	8e19c1c475446f4fdec50c004b4e31fc44d215d213f258645a14158acb19abe8	1	1	1	1	1	0	0	0	0	0	0	0	0	0	0	1
paper_generalization:g05_neat1_mid_2812_chr11__pair01	historical_paper_generalization_available	g05_neat1_mid_2812_chr11	1	score		matched	2	2	3	3	fd476aedb656966c9e0a67becc83aeab141c98a43bcf8b64f2b175aa230acd34	fd476aedb656966c9e0a67becc83aeab141c98a43bcf8b64f2b175aa230acd34	1	1	1	1	1	0	0	0	0	0	0	0	0	0	0	1
paper_generalization:g05_neat1_mid_2812_chr11__pair01	historical_paper_generalization_available	g05_neat1_mid_2812_chr11	1	score		matched	3	3	4	4	f4ec5663be56757e36fd863157fcd8ab161bfabd8335fcb4c284ee6d003ed341	f4ec5663be56757e36fd863157fcd8ab161bfabd8335fcb4c284ee6d003ed341	1	1	1	1	1	0	0	0	0	0	0	0	0	0	0	1
paper_generalization:g05_neat1_mid_2812_chr11__pair01	historical_paper_generalization_available	g05_neat1_mid_2812_chr11	1	score		matched	4	4	5	5	70b9399e021047da83bab7fee2029b6827b24b6fab05faa89ec00ee87b92503d	70b9399e021047da83bab7fee2029b6827b24b6fab05faa89ec00ee87b92503d	1	1	1	1	1	0	0	0	0	0	0	0	0	0	0	1
paper_generalization:g05_neat1_mid_2812_chr11__pair01	historical_paper_generalization_available	g05_neat1_mid_2812_chr11	1	stability		matched	0	0	1	1	6cb35c517bbfdfffbf5421bea07d1b39f438e01e91866d3bf75802918fe243aa	6cb35c517bbfdfffbf5421bea07d1b39f438e01e91866d3bf75802918fe243aa	1	1	1	1	1	0	0	0	0	0	0	0	0	0	0	1
paper_generalization:g05_neat1_mid_2812_chr11__pair01	historical_paper_generalization_available	g05_neat1_mid_2812_chr11	1	stability		matched	1	1	2	2	b2d652ef747ac52ae7d6e069cd6ec06627846e00b5ce641859c907f922413310	b2d652ef747ac52ae7d6e069cd6ec06627846e00b5ce641859c907f922413310	1	1	1	1	1	0	0	0	0	0	0	0	0	0	0	1
paper_generalization:g05_neat1_mid_2812_chr11__pair01	historical_paper_generalization_available	g05_neat1_mid_2812_chr11	1	stability		matched	2	2	3	3	34d739c7a9cafab7487b9890102153483c8285e17514ef562b9e360246fd1deb	34d739c7a9cafab7487b9890102153483c8285e17514ef562b9e360246fd1deb	1	1	1	1	1	0	0	0	0	0	0	0	0	0	0	1
paper_generalization:g05_neat1_mid_2812_chr11__pair01	historical_paper_generalization_available	g05_neat1_mid_2812_chr11	1	stability		matched	3	3	4	4	3c4956d05ee941a8794ebd2d3b8d42e09a05629d48a7f7cb0cc2c212d3ac82ac	3c4956d05ee941a8794ebd2d3b8d42e09a05629d48a7f7cb0cc2c212d3ac82ac	1	1	1	1	1	0	0	0	0	0	0	0	0	0	0	1
paper_generalization:g05_neat1_mid_2812_chr11__pair01	historical_paper_generalization_available	g05_neat1_mid_2812_chr11	1	stability		matched	4	4	5	5	64c7ba648b1d3e41ef98225e85572f2c86946e0762643c3b6a75cb3b767b6360	64c7ba648b1d3e41ef98225e85572f2c86946e0762643c3b6a75cb3b767b6360	1	1	1	1	1	0	0	0	0	0	0	0	0	0	0	1
paper_generalization:g05_neat1_mid_2812_chr11__pair01	historical_paper_generalization_available	g05_neat1_mid_2812_chr11	1	nt		matched	0	0	1	1	dd42dd66e31fad5adfc836c131d867df16e2c5cd68f328414948e102a736b5b9	dd42dd66e31fad5adfc836c131d867df16e2c5cd68f328414948e102a736b5b9	1	1	1	1	1	0	0	0	0	0	0	0	0	0	0	1
paper_generalization:g05_neat1_mid_2812_chr11__pair01	historical_paper_generalization_available	g05_neat1_mid_2812_chr11	1	nt		matched	1	1	2	2	845b2867005fc2bbc7e64f5c588c184d8ea61ccba97c8fa8333b7e2a2a1d9749	845b2867005fc2bbc7e64f5c588c184d8ea61ccba97c8fa8333b7e2a2a1d9749	1	1	1	1	1	0	0	0	0	0	0	0	0	0	0	1
paper_generalization:g05_neat1_mid_2812_chr11__pair01	historical_paper_generalization_available	g05_neat1_mid_2812_chr11	1	nt		matched	2	2	3	3	a9c55bde9325ced69e0beb1b8da8a84b25a3afec0736380a3cc4b8f0e4beed15	a9c55bde9325ced69e0beb1b8da8a84b25a3afec0736380a3cc4b8f0e4beed15	1	1	1	1	1	0	0	0	0	0	0	0	0	0	0	1
paper_generalization:g05_neat1_mid_2812_chr11__pair01	historical_paper_generalization_available	g05_neat1_mid_2812_chr11	1	nt		matched	3	3	4	4	372fbb277fc09a4c80d1a352eeea3f579e41b5ec4e759bdaa17bd10cce3dff47	372fbb277fc09a4c80d1a352eeea3f579e41b5ec4e759bdaa17bd10cce3dff47	1	1	1	1	1	0	0	0	0	0	0	0	0	0	0	1
paper_generalization:g05_neat1_mid_2812_chr11__pair01	historical_paper_generalization_available	g05_neat1_mid_2812_chr11	1	nt		matched	4	4	5	5	6f835479f272a7aefec09eaedbee2ab63fb2a53ccfec2429b621d2b50900125a	6f835479f272a7aefec09eaedbee2ab63fb2a53ccfec2429b621d2b50900125a	1	1	1	1	1	0	0	0	0	0	0	0	0	0	0	1
paper_generalization:g05_neat1_mid_2812_chr11__pair02	historical_paper_generalization_available	g05_neat1_mid_2812_chr11	2	score		matched	0	0	1	1	f7674d7c785d4faed2eaf0a8f4a830c187b3c659902dd2d6dfb301daffe9d509	f7674d7c785d4faed2eaf0a8f4a830c187b3c659902dd2d6dfb301daffe9d509	1	1	1	1	1	0	0	0	0	0	0	0	0	0	0	1
paper_generalization:g05_neat1_mid_2812_chr11__pair02	historical_paper_generalization_available	g05_neat1_mid_2812_chr11	2	score		matched	1	1	2	2	8e19c1c475446f4fdec50c004b4e31fc44d215d213f258645a14158acb19abe8	8e19c1c475446f4fdec50c004b4e31fc44d215d213f258645a14158acb19abe8	1	1	1	1	1	0	0	0	0	0	0	0	0	0	0	1
paper_generalization:g05_neat1_mid_2812_chr11__pair02	historical_paper_generalization_available	g05_neat1_mid_2812_chr11	2	score		matched	2	2	3	3	fd476aedb656966c9e0a67becc83aeab141c98a43bcf8b64f2b175aa230acd34	fd476aedb656966c9e0a67becc83aeab141c98a43bcf8b64f2b175aa230acd34	1	1	1	1	1	0	0	0	0	0	0	0	0	0	0	1
paper_generalization:g05_neat1_mid_2812_chr11__pair02	historical_paper_generalization_available	g05_neat1_mid_2812_chr11	2	score		matched	3	3	4	4	f4ec5663be56757e36fd863157fcd8ab161bfabd8335fcb4c284ee6d003ed341	f4ec5663be56757e36fd863157fcd8ab161bfabd8335fcb4c284ee6d003ed341	1	1	1	1	1	0	0	0	0	0	0	0	0	0	0	1
paper_generalization:g05_neat1_mid_2812_chr11__pair02	historical_paper_generalization_available	g05_neat1_mid_2812_chr11	2	score		matched	4	4	5	5	70b9399e021047da83bab7fee2029b6827b24b6fab05faa89ec00ee87b92503d	70b9399e021047da83bab7fee2029b6827b24b6fab05faa89ec00ee87b92503d	1	1	1	1	1	0	0	0	0	0	0	0	0	0	0	1
paper_generalization:g05_neat1_mid_2812_chr11__pair02	historical_paper_generalization_available	g05_neat1_mid_2812_chr11	2	stability		matched	0	0	1	1	6cb35c517bbfdfffbf5421bea07d1b39f438e01e91866d3bf75802918fe243aa	6cb35c517bbfdfffbf5421bea07d1b39f438e01e91866d3bf75802918fe243aa	1	1	1	1	1	0	0	0	0	0	0	0	0	0	0	1
paper_generalization:g05_neat1_mid_2812_chr11__pair02	historical_paper_generalization_available	g05_neat1_mid_2812_chr11	2	stability		matched	1	1	2	2	b2d652ef747ac52ae7d6e069cd6ec06627846e00b5ce641859c907f922413310	b2d652ef747ac52ae7d6e069cd6ec06627846e00b5ce641859c907f922413310	1	1	1	1	1	0	0	0	0	0	0	0	0	0	0	1
paper_generalization:g05_neat1_mid_2812_chr11__pair02	historical_paper_generalization_available	g05_neat1_mid_2812_chr11	2	stability		matched	2	2	3	3	34d739c7a9cafab7487b9890102153483c8285e17514ef562b9e360246fd1deb	34d739c7a9cafab7487b9890102153483c8285e17514ef562b9e360246fd1deb	1	1	1	1	1	0	0	0	0	0	0	0	0	0	0	1
paper_generalization:g05_neat1_mid_2812_chr11__pair02	historical_paper_generalization_available	g05_neat1_mid_2812_chr11	2	stability		matched	3	3	4	4	3c4956d05ee941a8794ebd2d3b8d42e09a05629d48a7f7cb0cc2c212d3ac82ac	3c4956d05ee941a8794ebd2d3b8d42e09a05629d48a7f7cb0cc2c212d3ac82ac	1	1	1	1	1	0	0	0	0	0	0	0	0	0	0	1
paper_generalization:g05_neat1_mid_2812_chr11__pair02	historical_paper_generalization_available	g05_neat1_mid_2812_chr11	2	stability		matched	4	4	5	5	64c7ba648b1d3e41ef98225e85572f2c86946e0762643c3b6a75cb3b767b6360	64c7ba648b1d3e41ef98225e85572f2c86946e0762643c3b6a75cb3b767b6360	1	1	1	1	1	0	0	0	0	0	0	0	0	0	0	1
paper_generalization:g05_neat1_mid_2812_chr11__pair02	historical_paper_generalization_available	g05_neat1_mid_2812_chr11	2	nt		matched	0	0	1	1	dd42dd66e31fad5adfc836c131d867df16e2c5cd68f328414948e102a736b5b9	dd42dd66e31fad5adfc836c131d867df16e2c5cd68f328414948e102a736b5b9	1	1	1	1	1	0	0	0	0	0	0	0	0	0	0	1
paper_generalization:g05_neat1_mid_2812_chr11__pair02	historical_paper_generalization_available	g05_neat1_mid_2812_chr11	2	nt		matched	1	1	2	2	845b2867005fc2bbc7e64f5c588c184d8ea61ccba97c8fa8333b7e2a2a1d9749	845b2867005fc2bbc7e64f5c588c184d8ea61ccba97c8fa8333b7e2a2a1d9749	1	1	1	1	1	0	0	0	0	0	0	0	0	0	0	1
paper_generalization:g05_neat1_mid_2812_chr11__pair02	historical_paper_generalization_available	g05_neat1_mid_2812_chr11	2	nt		matched	2	2	3	3	a9c55bde9325ced69e0beb1b8da8a84b25a3afec0736380a3cc4b8f0e4beed15	a9c55bde9325ced69e0beb1b8da8a84b25a3afec0736380a3cc4b8f0e4beed15	1	1	1	1	1	0	0	0	0	0	0	0	0	0	0	1
paper_generalization:g05_neat1_mid_2812_chr11__pair02	historical_paper_generalization_available	g05_neat1_mid_2812_chr11	2	nt		matched	3	3	4	4	372fbb277fc09a4c80d1a352eeea3f579e41b5ec4e759bdaa17bd10cce3dff47	372fbb277fc09a4c80d1a352eeea3f579e41b5ec4e759bdaa17bd10cce3dff47	1	1	1	1	1	0	0	0	0	0	0	0	0	0	0	1
paper_generalization:g05_neat1_mid_2812_chr11__pair02	historical_paper_generalization_available	g05_neat1_mid_2812_chr11	2	nt		matched	4	4	5	5	6f835479f272a7aefec09eaedbee2ab63fb2a53ccfec2429b621d2b50900125a	6f835479f272a7aefec09eaedbee2ab63fb2a53ccfec2429b621d2b50900125a	1	1	1	1	1	0	0	0	0	0	0	0	0	0	0	1
paper_generalization:g05_neat1_mid_2812_chr11__pair03	historical_paper_generalization_available	g05_neat1_mid_2812_chr11	3	score		matched	0	0	1	1	f7674d7c785d4faed2eaf0a8f4a830c187b3c659902dd2d6dfb301daffe9d509	f7674d7c785d4faed2eaf0a8f4a830c187b3c659902dd2d6dfb301daffe9d509	1	1	1	1	1	0	0	0	0	0	0	0	0	0	0	1
paper_generalization:g05_neat1_mid_2812_chr11__pair03	historical_paper_generalization_available	g05_neat1_mid_2812_chr11	3	score		matched	1	1	2	2	8e19c1c475446f4fdec50c004b4e31fc44d215d213f258645a14158acb19abe8	8e19c1c475446f4fdec50c004b4e31fc44d215d213f258645a14158acb19abe8	1	1	1	1	1	0	0	0	0	0	0	0	0	0	0	1
paper_generalization:g05_neat1_mid_2812_chr11__pair03	historical_paper_generalization_available	g05_neat1_mid_2812_chr11	3	score		matched	2	2	3	3	fd476aedb656966c9e0a67becc83aeab141c98a43bcf8b64f2b175aa230acd34	fd476aedb656966c9e0a67becc83aeab141c98a43bcf8b64f2b175aa230acd34	1	1	1	1	1	0	0	0	0	0	0	0	0	0	0	1
paper_generalization:g05_neat1_mid_2812_chr11__pair03	historical_paper_generalization_available	g05_neat1_mid_2812_chr11	3	score		matched	3	3	4	4	f4ec5663be56757e36fd863157fcd8ab161bfabd8335fcb4c284ee6d003ed341	f4ec5663be56757e36fd863157fcd8ab161bfabd8335fcb4c284ee6d003ed341	1	1	1	1	1	0	0	0	0	0	0	0	0	0	0	1
paper_generalization:g05_neat1_mid_2812_chr11__pair03	historical_paper_generalization_available	g05_neat1_mid_2812_chr11	3	score		matched	4	4	5	5	70b9399e021047da83bab7fee2029b6827b24b6fab05faa89ec00ee87b92503d	70b9399e021047da83bab7fee2029b6827b24b6fab05faa89ec00ee87b92503d	1	1	1	1	1	0	0	0	0	0	0	0	0	0	0	1
paper_generalization:g05_neat1_mid_2812_chr11__pair03	historical_paper_generalization_available	g05_neat1_mid_2812_chr11	3	stability		matched	0	0	1	1	6cb35c517bbfdfffbf5421bea07d1b39f438e01e91866d3bf75802918fe243aa	6cb35c517bbfdfffbf5421bea07d1b39f438e01e91866d3bf75802918fe243aa	1	1	1	1	1	0	0	0	0	0	0	0	0	0	0	1
paper_generalization:g05_neat1_mid_2812_chr11__pair03	historical_paper_generalization_available	g05_neat1_mid_2812_chr11	3	stability		matched	1	1	2	2	b2d652ef747ac52ae7d6e069cd6ec06627846e00b5ce641859c907f922413310	b2d652ef747ac52ae7d6e069cd6ec06627846e00b5ce641859c907f922413310	1	1	1	1	1	0	0	0	0	0	0	0	0	0	0	1
paper_generalization:g05_neat1_mid_2812_chr11__pair03	historical_paper_generalization_available	g05_neat1_mid_2812_chr11	3	stability		matched	2	2	3	3	34d739c7a9cafab7487b9890102153483c8285e17514ef562b9e360246fd1deb	34d739c7a9cafab7487b9890102153483c8285e17514ef562b9e360246fd1deb	1	1	1	1	1	0	0	0	0	0	0	0	0	0	0	1
paper_generalization:g05_neat1_mid_2812_chr11__pair03	historical_paper_generalization_available	g05_neat1_mid_2812_chr11	3	stability		matched	3	3	4	4	3c4956d05ee941a8794ebd2d3b8d42e09a05629d48a7f7cb0cc2c212d3ac82ac	3c4956d05ee941a8794ebd2d3b8d42e09a05629d48a7f7cb0cc2c212d3ac82ac	1	1	1	1	1	0	0	0	0	0	0	0	0	0	0	1
paper_generalization:g05_neat1_mid_2812_chr11__pair03	historical_paper_generalization_available	g05_neat1_mid_2812_chr11	3	stability		matched	4	4	5	5	64c7ba648b1d3e41ef98225e85572f2c86946e0762643c3b6a75cb3b767b6360	64c7ba648b1d3e41ef98225e85572f2c86946e0762643c3b6a75cb3b767b6360	1	1	1	1	1	0	0	0	0	0	0	0	0	0	0	1
paper_generalization:g05_neat1_mid_2812_chr11__pair03	historical_paper_generalization_available	g05_neat1_mid_2812_chr11	3	nt		matched	0	0	1	1	dd42dd66e31fad5adfc836c131d867df16e2c5cd68f328414948e102a736b5b9	dd42dd66e31fad5adfc836c131d867df16e2c5cd68f328414948e102a736b5b9	1	1	1	1	1	0	0	0	0	0	0	0	0	0	0	1
paper_generalization:g05_neat1_mid_2812_chr11__pair03	historical_paper_generalization_available	g05_neat1_mid_2812_chr11	3	nt		matched	1	1	2	2	845b2867005fc2bbc7e64f5c588c184d8ea61ccba97c8fa8333b7e2a2a1d9749	845b2867005fc2bbc7e64f5c588c184d8ea61ccba97c8fa8333b7e2a2a1d9749	1	1	1	1	1	0	0	0	0	0	0	0	0	0	0	1
paper_generalization:g05_neat1_mid_2812_chr11__pair03	historical_paper_generalization_available	g05_neat1_mid_2812_chr11	3	nt		matched	2	2	3	3	a9c55bde9325ced69e0beb1b8da8a84b25a3afec0736380a3cc4b8f0e4beed15	a9c55bde9325ced69e0beb1b8da8a84b25a3afec0736380a3cc4b8f0e4beed15	1	1	1	1	1	0	0	0	0	0	0	0	0	0	0	1
paper_generalization:g05_neat1_mid_2812_chr11__pair03	historical_paper_generalization_available	g05_neat1_mid_2812_chr11	3	nt		matched	3	3	4	4	372fbb277fc09a4c80d1a352eeea3f579e41b5ec4e759bdaa17bd10cce3dff47	372fbb277fc09a4c80d1a352eeea3f579e41b5ec4e759bdaa17bd10cce3dff47	1	1	1	1	1	0	0	0	0	0	0	0	0	0	0	1
paper_generalization:g05_neat1_mid_2812_chr11__pair03	historical_paper_generalization_available	g05_neat1_mid_2812_chr11	3	nt		matched	4	4	5	5	6f835479f272a7aefec09eaedbee2ab63fb2a53ccfec2429b621d2b50900125a	6f835479f272a7aefec09eaedbee2ab63fb2a53ccfec2429b621d2b50900125a	1	1	1	1	1	0	0	0	0	0	0	0	0	0	0	1
paper_generalization:g05_neat1_mid_2812_chr11__warmup	historical_paper_generalization_available	g05_neat1_mid_2812_chr11	0	score		matched	0	0	1	1	f7674d7c785d4faed2eaf0a8f4a830c187b3c659902dd2d6dfb301daffe9d509	f7674d7c785d4faed2eaf0a8f4a830c187b3c659902dd2d6dfb301daffe9d509	1	1	1	1	1	0	0	0	0	0	0	0	0	0	0	1
paper_generalization:g05_neat1_mid_2812_chr11__warmup	historical_paper_generalization_available	g05_neat1_mid_2812_chr11	0	score		matched	1	1	2	2	8e19c1c475446f4fdec50c004b4e31fc44d215d213f258645a14158acb19abe8	8e19c1c475446f4fdec50c004b4e31fc44d215d213f258645a14158acb19abe8	1	1	1	1	1	0	0	0	0	0	0	0	0	0	0	1
paper_generalization:g05_neat1_mid_2812_chr11__warmup	historical_paper_generalization_available	g05_neat1_mid_2812_chr11	0	score		matched	2	2	3	3	fd476aedb656966c9e0a67becc83aeab141c98a43bcf8b64f2b175aa230acd34	fd476aedb656966c9e0a67becc83aeab141c98a43bcf8b64f2b175aa230acd34	1	1	1	1	1	0	0	0	0	0	0	0	0	0	0	1
paper_generalization:g05_neat1_mid_2812_chr11__warmup	historical_paper_generalization_available	g05_neat1_mid_2812_chr11	0	score		matched	3	3	4	4	f4ec5663be56757e36fd863157fcd8ab161bfabd8335fcb4c284ee6d003ed341	f4ec5663be56757e36fd863157fcd8ab161bfabd8335fcb4c284ee6d003ed341	1	1	1	1	1	0	0	0	0	0	0	0	0	0	0	1
paper_generalization:g05_neat1_mid_2812_chr11__warmup	historical_paper_generalization_available	g05_neat1_mid_2812_chr11	0	score		matched	4	4	5	5	70b9399e021047da83bab7fee2029b6827b24b6fab05faa89ec00ee87b92503d	70b9399e021047da83bab7fee2029b6827b24b6fab05faa89ec00ee87b92503d	1	1	1	1	1	0	0	0	0	0	0	0	0	0	0	1
paper_generalization:g05_neat1_mid_2812_chr11__warmup	historical_paper_generalization_available	g05_neat1_mid_2812_chr11	0	stability		matched	0	0	1	1	6cb35c517bbfdfffbf5421bea07d1b39f438e01e91866d3bf75802918fe243aa	6cb35c517bbfdfffbf5421bea07d1b39f438e01e91866d3bf75802918fe243aa	1	1	1	1	1	0	0	0	0	0	0	0	0	0	0	1
paper_generalization:g05_neat1_mid_2812_chr11__warmup	historical_paper_generalization_available	g05_neat1_mid_2812_chr11	0	stability		matched	1	1	2	2	b2d652ef747ac52ae7d6e069cd6ec06627846e00b5ce641859c907f922413310	b2d652ef747ac52ae7d6e069cd6ec06627846e00b5ce641859c907f922413310	1	1	1	1	1	0	0	0	0	0	0	0	0	0	0	1
paper_generalization:g05_neat1_mid_2812_chr11__warmup	historical_paper_generalization_available	g05_neat1_mid_2812_chr11	0	stability		matched	2	2	3	3	34d739c7a9cafab7487b9890102153483c8285e17514ef562b9e360246fd1deb	34d739c7a9cafab7487b9890102153483c8285e17514ef562b9e360246fd1deb	1	1	1	1	1	0	0	0	0	0	0	0	0	0	0	1
paper_generalization:g05_neat1_mid_2812_chr11__warmup	historical_paper_generalization_available	g05_neat1_mid_2812_chr11	0	stability		matched	3	3	4	4	3c4956d05ee941a8794ebd2d3b8d42e09a05629d48a7f7cb0cc2c212d3ac82ac	3c4956d05ee941a8794ebd2d3b8d42e09a05629d48a7f7cb0cc2c212d3ac82ac	1	1	1	1	1	0	0	0	0	0	0	0	0	0	0	1
paper_generalization:g05_neat1_mid_2812_chr11__warmup	historical_paper_generalization_available	g05_neat1_mid_2812_chr11	0	stability		matched	4	4	5	5	64c7ba648b1d3e41ef98225e85572f2c86946e0762643c3b6a75cb3b767b6360	64c7ba648b1d3e41ef98225e85572f2c86946e0762643c3b6a75cb3b767b6360	1	1	1	1	1	0	0	0	0	0	0	0	0	0	0	1
paper_generalization:g05_neat1_mid_2812_chr11__warmup	historical_paper_generalization_available	g05_neat1_mid_2812_chr11	0	nt		matched	0	0	1	1	dd42dd66e31fad5adfc836c131d867df16e2c5cd68f328414948e102a736b5b9	dd42dd66e31fad5adfc836c131d867df16e2c5cd68f328414948e102a736b5b9	1	1	1	1	1	0	0	0	0	0	0	0	0	0	0	1
paper_generalization:g05_neat1_mid_2812_chr11__warmup	historical_paper_generalization_available	g05_neat1_mid_2812_chr11	0	nt		matched	1	1	2	2	845b2867005fc2bbc7e64f5c588c184d8ea61ccba97c8fa8333b7e2a2a1d9749	845b2867005fc2bbc7e64f5c588c184d8ea61ccba97c8fa8333b7e2a2a1d9749	1	1	1	1	1	0	0	0	0	0	0	0	0	0	0	1
paper_generalization:g05_neat1_mid_2812_chr11__warmup	historical_paper_generalization_available	g05_neat1_mid_2812_chr11	0	nt		matched	2	2	3	3	a9c55bde9325ced69e0beb1b8da8a84b25a3afec0736380a3cc4b8f0e4beed15	a9c55bde9325ced69e0beb1b8da8a84b25a3afec0736380a3cc4b8f0e4beed15	1	1	1	1	1	0	0	0	0	0	0	0	0	0	0	1
paper_generalization:g05_neat1_mid_2812_chr11__warmup	historical_paper_generalization_available	g05_neat1_mid_2812_chr11	0	nt		matched	3	3	4	4	372fbb277fc09a4c80d1a352eeea3f579e41b5ec4e759bdaa17bd10cce3dff47	372fbb277fc09a4c80d1a352eeea3f579e41b5ec4e759bdaa17bd10cce3dff47	1	1	1	1	1	0	0	0	0	0	0	0	0	0	0	1
paper_generalization:g05_neat1_mid_2812_chr11__warmup	historical_paper_generalization_available	g05_neat1_mid_2812_chr11	0	nt		matched	4	4	5	5	6f835479f272a7aefec09eaedbee2ab63fb2a53ccfec2429b621d2b50900125a	6f835479f272a7aefec09eaedbee2ab63fb2a53ccfec2429b621d2b50900125a	1	1	1	1	1	0	0	0	0	0	0	0	0	0	0	1
paper_generalization:g06_neat1_3p_1024_chr21__pair01	historical_paper_generalization_available	g06_neat1_3p_1024_chr21	1	score	same candidate site endpoint shift	matched	0	0	1	1	0e3c147cfb3e2e2d205566f7602e96b0972f5c773248462590ab565f84dab263	0e3c147cfb3e2e2d205566f7602e96b0972f5c773248462590ab565f84dab263	1	1	1	1	1	0	0	0	0	0	0	0	0	0	0	1
paper_generalization:g06_neat1_3p_1024_chr21__pair01	historical_paper_generalization_available	g06_neat1_3p_1024_chr21	1	score	same candidate site endpoint shift	matched	1	1	2	2	6b0ee8cb3af8feb71f37c27aac92087e7493493c11a02132f097600e0066882f	f8af661e9ef2d2adeb4fe00f37935b05ce427008195e6ea410f73b43b55e8b71	1	1	1	1	1	0	0	1	0	0	1	0	0	0	0	1
paper_generalization:g06_neat1_3p_1024_chr21__pair01	historical_paper_generalization_available	g06_neat1_3p_1024_chr21	1	score	same candidate site endpoint shift	matched	2	2	3	3	ca241fbb7508cd0291b5a8ed66e52067296c9c34a3dc6e6fda86561013987498	ca241fbb7508cd0291b5a8ed66e52067296c9c34a3dc6e6fda86561013987498	1	1	1	1	1	0	0	0	0	0	0	0	0	0	0	1
paper_generalization:g06_neat1_3p_1024_chr21__pair01	historical_paper_generalization_available	g06_neat1_3p_1024_chr21	1	score	same candidate site endpoint shift	matched	3	3	4	4	e1a602cad044c41ab5a2cf4d8d67464aad4e857c00da1ccf3781932b56b2978a	e1a602cad044c41ab5a2cf4d8d67464aad4e857c00da1ccf3781932b56b2978a	1	1	1	1	1	0	0	0	0	0	0	0	0	0	0	1
paper_generalization:g06_neat1_3p_1024_chr21__pair01	historical_paper_generalization_available	g06_neat1_3p_1024_chr21	1	score	same candidate site endpoint shift	matched	4	4	5	5	c8b19c31bf64b2728a122f07b214711dc17cee4f538746a4897abf66484033a8	c8b19c31bf64b2728a122f07b214711dc17cee4f538746a4897abf66484033a8	1	1	1	1	1	0	0	0	0	0	0	0	0	0	0	1
paper_generalization:g06_neat1_3p_1024_chr21__pair01	historical_paper_generalization_available	g06_neat1_3p_1024_chr21	1	stability		matched	0	0	1	1	4726c2087b90488627fd260e1f5c0d17ac0e64c28a4fd503713f05421c64fbca	4726c2087b90488627fd260e1f5c0d17ac0e64c28a4fd503713f05421c64fbca	1	1	1	1	1	0	0	0	0	0	0	0	0	0	0	1
paper_generalization:g06_neat1_3p_1024_chr21__pair01	historical_paper_generalization_available	g06_neat1_3p_1024_chr21	1	stability		matched	1	1	2	2	83a96451f54b222b19160516b4d0e889c1bbc8dbc924fd37999a4a090038f768	83a96451f54b222b19160516b4d0e889c1bbc8dbc924fd37999a4a090038f768	1	1	1	1	1	0	0	0	0	0	0	0	0	0	0	1
paper_generalization:g06_neat1_3p_1024_chr21__pair01	historical_paper_generalization_available	g06_neat1_3p_1024_chr21	1	stability		matched	2	2	3	3	632826e433277c000035092477af44e8bd701abfee784fdf42f8894cf8a64732	632826e433277c000035092477af44e8bd701abfee784fdf42f8894cf8a64732	1	1	1	1	1	0	0	0	0	0	0	0	0	0	0	1
paper_generalization:g06_neat1_3p_1024_chr21__pair01	historical_paper_generalization_available	g06_neat1_3p_1024_chr21	1	stability		matched	3	3	4	4	5e1b9eea1e6d026104beb6493ecc9d0e549a1a13ef2bad55d4a894914f950430	5e1b9eea1e6d026104beb6493ecc9d0e549a1a13ef2bad55d4a894914f950430	1	1	1	1	1	0	0	0	0	0	0	0	0	0	0	1
paper_generalization:g06_neat1_3p_1024_chr21__pair01	historical_paper_generalization_available	g06_neat1_3p_1024_chr21	1	stability		matched	4	4	5	5	1cc37b1c4771a62780668de1cae0684a3f13fe5c12e0c3673940c41c3d79cd21	1cc37b1c4771a62780668de1cae0684a3f13fe5c12e0c3673940c41c3d79cd21	1	1	1	1	1	0	0	0	0	0	0	0	0	0	0	1
paper_generalization:g06_neat1_3p_1024_chr21__pair01	historical_paper_generalization_available	g06_neat1_3p_1024_chr21	1	nt	same candidate site endpoint shift	matched	0	0	1	1	a44659e1ade436c061ac4a365a8ad056cf968fa172c9b183233070ef6b2073a3	a44659e1ade436c061ac4a365a8ad056cf968fa172c9b183233070ef6b2073a3	1	1	1	1	1	0	0	0	0	0	0	0	0	0	0	1
paper_generalization:g06_neat1_3p_1024_chr21__pair01	historical_paper_generalization_available	g06_neat1_3p_1024_chr21	1	nt	same candidate site endpoint shift	matched	1	1	2	2	a78bc23b313c73826af9ae17bb623b765f6134d8346b0e05bd9c65af706fe7b7	a78bc23b313c73826af9ae17bb623b765f6134d8346b0e05bd9c65af706fe7b7	1	1	1	1	1	0	0	0	0	0	0	0	0	0	0	1
paper_generalization:g06_neat1_3p_1024_chr21__pair01	historical_paper_generalization_available	g06_neat1_3p_1024_chr21	1	nt	same candidate site endpoint shift	matched	2	2	3	3	4621df7942193c0a4d5e34d18a188fd7103d53758a0e697687b55724f6c4a50f	cafb49fde34ad168a8021841c2a02e2c3494f4f19b5aecad5620dab2682b050c	1	1	1	1	1	0	0	1	0	0	1	0	0	0	0	1
paper_generalization:g06_neat1_3p_1024_chr21__pair01	historical_paper_generalization_available	g06_neat1_3p_1024_chr21	1	nt	same candidate site endpoint shift	matched	3	3	4	4	3dba27525c9180ed271758f316ab407eee1136ed73c4ea262696107c9b80feb1	3dba27525c9180ed271758f316ab407eee1136ed73c4ea262696107c9b80feb1	1	1	1	1	1	0	0	0	0	0	0	0	0	0	0	1
paper_generalization:g06_neat1_3p_1024_chr21__pair01	historical_paper_generalization_available	g06_neat1_3p_1024_chr21	1	nt	same candidate site endpoint shift	matched	4	4	5	5	f1a0bb555cd2df64f5a0934d3154effaa930d39fc32aa5c3c4bc4e7c217b707d	f1a0bb555cd2df64f5a0934d3154effaa930d39fc32aa5c3c4bc4e7c217b707d	1	1	1	1	1	0	0	0	0	0	0	0	0	0	0	1
paper_generalization:g06_neat1_3p_1024_chr21__pair02	historical_paper_generalization_available	g06_neat1_3p_1024_chr21	2	score	same candidate site endpoint shift	matched	0	0	1	1	0e3c147cfb3e2e2d205566f7602e96b0972f5c773248462590ab565f84dab263	0e3c147cfb3e2e2d205566f7602e96b0972f5c773248462590ab565f84dab263	1	1	1	1	1	0	0	0	0	0	0	0	0	0	0	1
paper_generalization:g06_neat1_3p_1024_chr21__pair02	historical_paper_generalization_available	g06_neat1_3p_1024_chr21	2	score	same candidate site endpoint shift	matched	1	1	2	2	6b0ee8cb3af8feb71f37c27aac92087e7493493c11a02132f097600e0066882f	f8af661e9ef2d2adeb4fe00f37935b05ce427008195e6ea410f73b43b55e8b71	1	1	1	1	1	0	0	1	0	0	1	0	0	0	0	1
paper_generalization:g06_neat1_3p_1024_chr21__pair02	historical_paper_generalization_available	g06_neat1_3p_1024_chr21	2	score	same candidate site endpoint shift	matched	2	2	3	3	ca241fbb7508cd0291b5a8ed66e52067296c9c34a3dc6e6fda86561013987498	ca241fbb7508cd0291b5a8ed66e52067296c9c34a3dc6e6fda86561013987498	1	1	1	1	1	0	0	0	0	0	0	0	0	0	0	1
paper_generalization:g06_neat1_3p_1024_chr21__pair02	historical_paper_generalization_available	g06_neat1_3p_1024_chr21	2	score	same candidate site endpoint shift	matched	3	3	4	4	e1a602cad044c41ab5a2cf4d8d67464aad4e857c00da1ccf3781932b56b2978a	e1a602cad044c41ab5a2cf4d8d67464aad4e857c00da1ccf3781932b56b2978a	1	1	1	1	1	0	0	0	0	0	0	0	0	0	0	1
paper_generalization:g06_neat1_3p_1024_chr21__pair02	historical_paper_generalization_available	g06_neat1_3p_1024_chr21	2	score	same candidate site endpoint shift	matched	4	4	5	5	c8b19c31bf64b2728a122f07b214711dc17cee4f538746a4897abf66484033a8	c8b19c31bf64b2728a122f07b214711dc17cee4f538746a4897abf66484033a8	1	1	1	1	1	0	0	0	0	0	0	0	0	0	0	1
paper_generalization:g06_neat1_3p_1024_chr21__pair02	historical_paper_generalization_available	g06_neat1_3p_1024_chr21	2	stability		matched	0	0	1	1	4726c2087b90488627fd260e1f5c0d17ac0e64c28a4fd503713f05421c64fbca	4726c2087b90488627fd260e1f5c0d17ac0e64c28a4fd503713f05421c64fbca	1	1	1	1	1	0	0	0	0	0	0	0	0	0	0	1
paper_generalization:g06_neat1_3p_1024_chr21__pair02	historical_paper_generalization_available	g06_neat1_3p_1024_chr21	2	stability		matched	1	1	2	2	83a96451f54b222b19160516b4d0e889c1bbc8dbc924fd37999a4a090038f768	83a96451f54b222b19160516b4d0e889c1bbc8dbc924fd37999a4a090038f768	1	1	1	1	1	0	0	0	0	0	0	0	0	0	0	1
paper_generalization:g06_neat1_3p_1024_chr21__pair02	historical_paper_generalization_available	g06_neat1_3p_1024_chr21	2	stability		matched	2	2	3	3	632826e433277c000035092477af44e8bd701abfee784fdf42f8894cf8a64732	632826e433277c000035092477af44e8bd701abfee784fdf42f8894cf8a64732	1	1	1	1	1	0	0	0	0	0	0	0	0	0	0	1
paper_generalization:g06_neat1_3p_1024_chr21__pair02	historical_paper_generalization_available	g06_neat1_3p_1024_chr21	2	stability		matched	3	3	4	4	5e1b9eea1e6d026104beb6493ecc9d0e549a1a13ef2bad55d4a894914f950430	5e1b9eea1e6d026104beb6493ecc9d0e549a1a13ef2bad55d4a894914f950430	1	1	1	1	1	0	0	0	0	0	0	0	0	0	0	1
paper_generalization:g06_neat1_3p_1024_chr21__pair02	historical_paper_generalization_available	g06_neat1_3p_1024_chr21	2	stability		matched	4	4	5	5	1cc37b1c4771a62780668de1cae0684a3f13fe5c12e0c3673940c41c3d79cd21	1cc37b1c4771a62780668de1cae0684a3f13fe5c12e0c3673940c41c3d79cd21	1	1	1	1	1	0	0	0	0	0	0	0	0	0	0	1
paper_generalization:g06_neat1_3p_1024_chr21__pair02	historical_paper_generalization_available	g06_neat1_3p_1024_chr21	2	nt	same candidate site endpoint shift	matched	0	0	1	1	a44659e1ade436c061ac4a365a8ad056cf968fa172c9b183233070ef6b2073a3	a44659e1ade436c061ac4a365a8ad056cf968fa172c9b183233070ef6b2073a3	1	1	1	1	1	0	0	0	0	0	0	0	0	0	0	1
paper_generalization:g06_neat1_3p_1024_chr21__pair02	historical_paper_generalization_available	g06_neat1_3p_1024_chr21	2	nt	same candidate site endpoint shift	matched	1	1	2	2	a78bc23b313c73826af9ae17bb623b765f6134d8346b0e05bd9c65af706fe7b7	a78bc23b313c73826af9ae17bb623b765f6134d8346b0e05bd9c65af706fe7b7	1	1	1	1	1	0	0	0	0	0	0	0	0	0	0	1
paper_generalization:g06_neat1_3p_1024_chr21__pair02	historical_paper_generalization_available	g06_neat1_3p_1024_chr21	2	nt	same candidate site endpoint shift	matched	2	2	3	3	4621df7942193c0a4d5e34d18a188fd7103d53758a0e697687b55724f6c4a50f	cafb49fde34ad168a8021841c2a02e2c3494f4f19b5aecad5620dab2682b050c	1	1	1	1	1	0	0	1	0	0	1	0	0	0	0	1
paper_generalization:g06_neat1_3p_1024_chr21__pair02	historical_paper_generalization_available	g06_neat1_3p_1024_chr21	2	nt	same candidate site endpoint shift	matched	3	3	4	4	3dba27525c9180ed271758f316ab407eee1136ed73c4ea262696107c9b80feb1	3dba27525c9180ed271758f316ab407eee1136ed73c4ea262696107c9b80feb1	1	1	1	1	1	0	0	0	0	0	0	0	0	0	0	1
paper_generalization:g06_neat1_3p_1024_chr21__pair02	historical_paper_generalization_available	g06_neat1_3p_1024_chr21	2	nt	same candidate site endpoint shift	matched	4	4	5	5	f1a0bb555cd2df64f5a0934d3154effaa930d39fc32aa5c3c4bc4e7c217b707d	f1a0bb555cd2df64f5a0934d3154effaa930d39fc32aa5c3c4bc4e7c217b707d	1	1	1	1	1	0	0	0	0	0	0	0	0	0	0	1
paper_generalization:g06_neat1_3p_1024_chr21__pair03	historical_paper_generalization_available	g06_neat1_3p_1024_chr21	3	score	same candidate site endpoint shift	matched	0	0	1	1	0e3c147cfb3e2e2d205566f7602e96b0972f5c773248462590ab565f84dab263	0e3c147cfb3e2e2d205566f7602e96b0972f5c773248462590ab565f84dab263	1	1	1	1	1	0	0	0	0	0	0	0	0	0	0	1
paper_generalization:g06_neat1_3p_1024_chr21__pair03	historical_paper_generalization_available	g06_neat1_3p_1024_chr21	3	score	same candidate site endpoint shift	matched	1	1	2	2	6b0ee8cb3af8feb71f37c27aac92087e7493493c11a02132f097600e0066882f	f8af661e9ef2d2adeb4fe00f37935b05ce427008195e6ea410f73b43b55e8b71	1	1	1	1	1	0	0	1	0	0	1	0	0	0	0	1
paper_generalization:g06_neat1_3p_1024_chr21__pair03	historical_paper_generalization_available	g06_neat1_3p_1024_chr21	3	score	same candidate site endpoint shift	matched	2	2	3	3	ca241fbb7508cd0291b5a8ed66e52067296c9c34a3dc6e6fda86561013987498	ca241fbb7508cd0291b5a8ed66e52067296c9c34a3dc6e6fda86561013987498	1	1	1	1	1	0	0	0	0	0	0	0	0	0	0	1
paper_generalization:g06_neat1_3p_1024_chr21__pair03	historical_paper_generalization_available	g06_neat1_3p_1024_chr21	3	score	same candidate site endpoint shift	matched	3	3	4	4	e1a602cad044c41ab5a2cf4d8d67464aad4e857c00da1ccf3781932b56b2978a	e1a602cad044c41ab5a2cf4d8d67464aad4e857c00da1ccf3781932b56b2978a	1	1	1	1	1	0	0	0	0	0	0	0	0	0	0	1
paper_generalization:g06_neat1_3p_1024_chr21__pair03	historical_paper_generalization_available	g06_neat1_3p_1024_chr21	3	score	same candidate site endpoint shift	matched	4	4	5	5	c8b19c31bf64b2728a122f07b214711dc17cee4f538746a4897abf66484033a8	c8b19c31bf64b2728a122f07b214711dc17cee4f538746a4897abf66484033a8	1	1	1	1	1	0	0	0	0	0	0	0	0	0	0	1
paper_generalization:g06_neat1_3p_1024_chr21__pair03	historical_paper_generalization_available	g06_neat1_3p_1024_chr21	3	stability		matched	0	0	1	1	4726c2087b90488627fd260e1f5c0d17ac0e64c28a4fd503713f05421c64fbca	4726c2087b90488627fd260e1f5c0d17ac0e64c28a4fd503713f05421c64fbca	1	1	1	1	1	0	0	0	0	0	0	0	0	0	0	1
paper_generalization:g06_neat1_3p_1024_chr21__pair03	historical_paper_generalization_available	g06_neat1_3p_1024_chr21	3	stability		matched	1	1	2	2	83a96451f54b222b19160516b4d0e889c1bbc8dbc924fd37999a4a090038f768	83a96451f54b222b19160516b4d0e889c1bbc8dbc924fd37999a4a090038f768	1	1	1	1	1	0	0	0	0	0	0	0	0	0	0	1
paper_generalization:g06_neat1_3p_1024_chr21__pair03	historical_paper_generalization_available	g06_neat1_3p_1024_chr21	3	stability		matched	2	2	3	3	632826e433277c000035092477af44e8bd701abfee784fdf42f8894cf8a64732	632826e433277c000035092477af44e8bd701abfee784fdf42f8894cf8a64732	1	1	1	1	1	0	0	0	0	0	0	0	0	0	0	1
paper_generalization:g06_neat1_3p_1024_chr21__pair03	historical_paper_generalization_available	g06_neat1_3p_1024_chr21	3	stability		matched	3	3	4	4	5e1b9eea1e6d026104beb6493ecc9d0e549a1a13ef2bad55d4a894914f950430	5e1b9eea1e6d026104beb6493ecc9d0e549a1a13ef2bad55d4a894914f950430	1	1	1	1	1	0	0	0	0	0	0	0	0	0	0	1
paper_generalization:g06_neat1_3p_1024_chr21__pair03	historical_paper_generalization_available	g06_neat1_3p_1024_chr21	3	stability		matched	4	4	5	5	1cc37b1c4771a62780668de1cae0684a3f13fe5c12e0c3673940c41c3d79cd21	1cc37b1c4771a62780668de1cae0684a3f13fe5c12e0c3673940c41c3d79cd21	1	1	1	1	1	0	0	0	0	0	0	0	0	0	0	1
paper_generalization:g06_neat1_3p_1024_chr21__pair03	historical_paper_generalization_available	g06_neat1_3p_1024_chr21	3	nt	same candidate site endpoint shift	matched	0	0	1	1	a44659e1ade436c061ac4a365a8ad056cf968fa172c9b183233070ef6b2073a3	a44659e1ade436c061ac4a365a8ad056cf968fa172c9b183233070ef6b2073a3	1	1	1	1	1	0	0	0	0	0	0	0	0	0	0	1
paper_generalization:g06_neat1_3p_1024_chr21__pair03	historical_paper_generalization_available	g06_neat1_3p_1024_chr21	3	nt	same candidate site endpoint shift	matched	1	1	2	2	a78bc23b313c73826af9ae17bb623b765f6134d8346b0e05bd9c65af706fe7b7	a78bc23b313c73826af9ae17bb623b765f6134d8346b0e05bd9c65af706fe7b7	1	1	1	1	1	0	0	0	0	0	0	0	0	0	0	1
paper_generalization:g06_neat1_3p_1024_chr21__pair03	historical_paper_generalization_available	g06_neat1_3p_1024_chr21	3	nt	same candidate site endpoint shift	matched	2	2	3	3	4621df7942193c0a4d5e34d18a188fd7103d53758a0e697687b55724f6c4a50f	cafb49fde34ad168a8021841c2a02e2c3494f4f19b5aecad5620dab2682b050c	1	1	1	1	1	0	0	1	0	0	1	0	0	0	0	1
paper_generalization:g06_neat1_3p_1024_chr21__pair03	historical_paper_generalization_available	g06_neat1_3p_1024_chr21	3	nt	same candidate site endpoint shift	matched	3	3	4	4	3dba27525c9180ed271758f316ab407eee1136ed73c4ea262696107c9b80feb1	3dba27525c9180ed271758f316ab407eee1136ed73c4ea262696107c9b80feb1	1	1	1	1	1	0	0	0	0	0	0	0	0	0	0	1
paper_generalization:g06_neat1_3p_1024_chr21__pair03	historical_paper_generalization_available	g06_neat1_3p_1024_chr21	3	nt	same candidate site endpoint shift	matched	4	4	5	5	f1a0bb555cd2df64f5a0934d3154effaa930d39fc32aa5c3c4bc4e7c217b707d	f1a0bb555cd2df64f5a0934d3154effaa930d39fc32aa5c3c4bc4e7c217b707d	1	1	1	1	1	0	0	0	0	0	0	0	0	0	0	1
paper_generalization:g06_neat1_3p_1024_chr21__warmup	historical_paper_generalization_available	g06_neat1_3p_1024_chr21	0	score	same candidate site endpoint shift	matched	0	0	1	1	0e3c147cfb3e2e2d205566f7602e96b0972f5c773248462590ab565f84dab263	0e3c147cfb3e2e2d205566f7602e96b0972f5c773248462590ab565f84dab263	1	1	1	1	1	0	0	0	0	0	0	0	0	0	0	1
paper_generalization:g06_neat1_3p_1024_chr21__warmup	historical_paper_generalization_available	g06_neat1_3p_1024_chr21	0	score	same candidate site endpoint shift	matched	1	1	2	2	6b0ee8cb3af8feb71f37c27aac92087e7493493c11a02132f097600e0066882f	f8af661e9ef2d2adeb4fe00f37935b05ce427008195e6ea410f73b43b55e8b71	1	1	1	1	1	0	0	1	0	0	1	0	0	0	0	1
paper_generalization:g06_neat1_3p_1024_chr21__warmup	historical_paper_generalization_available	g06_neat1_3p_1024_chr21	0	score	same candidate site endpoint shift	matched	2	2	3	3	ca241fbb7508cd0291b5a8ed66e52067296c9c34a3dc6e6fda86561013987498	ca241fbb7508cd0291b5a8ed66e52067296c9c34a3dc6e6fda86561013987498	1	1	1	1	1	0	0	0	0	0	0	0	0	0	0	1
paper_generalization:g06_neat1_3p_1024_chr21__warmup	historical_paper_generalization_available	g06_neat1_3p_1024_chr21	0	score	same candidate site endpoint shift	matched	3	3	4	4	e1a602cad044c41ab5a2cf4d8d67464aad4e857c00da1ccf3781932b56b2978a	e1a602cad044c41ab5a2cf4d8d67464aad4e857c00da1ccf3781932b56b2978a	1	1	1	1	1	0	0	0	0	0	0	0	0	0	0	1
paper_generalization:g06_neat1_3p_1024_chr21__warmup	historical_paper_generalization_available	g06_neat1_3p_1024_chr21	0	score	same candidate site endpoint shift	matched	4	4	5	5	c8b19c31bf64b2728a122f07b214711dc17cee4f538746a4897abf66484033a8	c8b19c31bf64b2728a122f07b214711dc17cee4f538746a4897abf66484033a8	1	1	1	1	1	0	0	0	0	0	0	0	0	0	0	1
paper_generalization:g06_neat1_3p_1024_chr21__warmup	historical_paper_generalization_available	g06_neat1_3p_1024_chr21	0	stability		matched	0	0	1	1	4726c2087b90488627fd260e1f5c0d17ac0e64c28a4fd503713f05421c64fbca	4726c2087b90488627fd260e1f5c0d17ac0e64c28a4fd503713f05421c64fbca	1	1	1	1	1	0	0	0	0	0	0	0	0	0	0	1
paper_generalization:g06_neat1_3p_1024_chr21__warmup	historical_paper_generalization_available	g06_neat1_3p_1024_chr21	0	stability		matched	1	1	2	2	83a96451f54b222b19160516b4d0e889c1bbc8dbc924fd37999a4a090038f768	83a96451f54b222b19160516b4d0e889c1bbc8dbc924fd37999a4a090038f768	1	1	1	1	1	0	0	0	0	0	0	0	0	0	0	1
paper_generalization:g06_neat1_3p_1024_chr21__warmup	historical_paper_generalization_available	g06_neat1_3p_1024_chr21	0	stability		matched	2	2	3	3	632826e433277c000035092477af44e8bd701abfee784fdf42f8894cf8a64732	632826e433277c000035092477af44e8bd701abfee784fdf42f8894cf8a64732	1	1	1	1	1	0	0	0	0	0	0	0	0	0	0	1
paper_generalization:g06_neat1_3p_1024_chr21__warmup	historical_paper_generalization_available	g06_neat1_3p_1024_chr21	0	stability		matched	3	3	4	4	5e1b9eea1e6d026104beb6493ecc9d0e549a1a13ef2bad55d4a894914f950430	5e1b9eea1e6d026104beb6493ecc9d0e549a1a13ef2bad55d4a894914f950430	1	1	1	1	1	0	0	0	0	0	0	0	0	0	0	1
paper_generalization:g06_neat1_3p_1024_chr21__warmup	historical_paper_generalization_available	g06_neat1_3p_1024_chr21	0	stability		matched	4	4	5	5	1cc37b1c4771a62780668de1cae0684a3f13fe5c12e0c3673940c41c3d79cd21	1cc37b1c4771a62780668de1cae0684a3f13fe5c12e0c3673940c41c3d79cd21	1	1	1	1	1	0	0	0	0	0	0	0	0	0	0	1
paper_generalization:g06_neat1_3p_1024_chr21__warmup	historical_paper_generalization_available	g06_neat1_3p_1024_chr21	0	nt	same candidate site endpoint shift	matched	0	0	1	1	a44659e1ade436c061ac4a365a8ad056cf968fa172c9b183233070ef6b2073a3	a44659e1ade436c061ac4a365a8ad056cf968fa172c9b183233070ef6b2073a3	1	1	1	1	1	0	0	0	0	0	0	0	0	0	0	1
paper_generalization:g06_neat1_3p_1024_chr21__warmup	historical_paper_generalization_available	g06_neat1_3p_1024_chr21	0	nt	same candidate site endpoint shift	matched	1	1	2	2	a78bc23b313c73826af9ae17bb623b765f6134d8346b0e05bd9c65af706fe7b7	a78bc23b313c73826af9ae17bb623b765f6134d8346b0e05bd9c65af706fe7b7	1	1	1	1	1	0	0	0	0	0	0	0	0	0	0	1
paper_generalization:g06_neat1_3p_1024_chr21__warmup	historical_paper_generalization_available	g06_neat1_3p_1024_chr21	0	nt	same candidate site endpoint shift	matched	2	2	3	3	4621df7942193c0a4d5e34d18a188fd7103d53758a0e697687b55724f6c4a50f	cafb49fde34ad168a8021841c2a02e2c3494f4f19b5aecad5620dab2682b050c	1	1	1	1	1	0	0	1	0	0	1	0	0	0	0	1
paper_generalization:g06_neat1_3p_1024_chr21__warmup	historical_paper_generalization_available	g06_neat1_3p_1024_chr21	0	nt	same candidate site endpoint shift	matched	3	3	4	4	3dba27525c9180ed271758f316ab407eee1136ed73c4ea262696107c9b80feb1	3dba27525c9180ed271758f316ab407eee1136ed73c4ea262696107c9b80feb1	1	1	1	1	1	0	0	0	0	0	0	0	0	0	0	1
paper_generalization:g06_neat1_3p_1024_chr21__warmup	historical_paper_generalization_available	g06_neat1_3p_1024_chr21	0	nt	same candidate site endpoint shift	matched	4	4	5	5	f1a0bb555cd2df64f5a0934d3154effaa930d39fc32aa5c3c4bc4e7c217b707d	f1a0bb555cd2df64f5a0934d3154effaa930d39fc32aa5c3c4bc4e7c217b707d	1	1	1	1	1	0	0	0	0	0	0	0	0	0	0	1
paper_generalization:g07_kcnq1ot1_5p_2812_chr21__pair01	historical_paper_generalization_available	g07_kcnq1ot1_5p_2812_chr21	1	score		matched	0	0	1	1	62f334af6631d3f8d35c1deec88d09f28ab8a554603779a9115cabf43654af56	62f334af6631d3f8d35c1deec88d09f28ab8a554603779a9115cabf43654af56	1	1	1	1	1	0	0	0	0	0	0	0	0	0	0	1
paper_generalization:g07_kcnq1ot1_5p_2812_chr21__pair01	historical_paper_generalization_available	g07_kcnq1ot1_5p_2812_chr21	1	score		matched	1	1	2	2	ef8f256dd78f6f07d177edf3da64335e4907dfdd72f3e8e3b698ca8b5c36898c	ef8f256dd78f6f07d177edf3da64335e4907dfdd72f3e8e3b698ca8b5c36898c	1	1	1	1	1	0	0	0	0	0	0	0	0	0	0	1
paper_generalization:g07_kcnq1ot1_5p_2812_chr21__pair01	historical_paper_generalization_available	g07_kcnq1ot1_5p_2812_chr21	1	score		matched	2	2	3	3	af65fbfd96dd8c90939669fbe647733aa4f3fed240521c32f253d83722895b65	af65fbfd96dd8c90939669fbe647733aa4f3fed240521c32f253d83722895b65	1	1	1	1	1	0	0	0	0	0	0	0	0	0	0	1
paper_generalization:g07_kcnq1ot1_5p_2812_chr21__pair01	historical_paper_generalization_available	g07_kcnq1ot1_5p_2812_chr21	1	score		matched	3	3	4	4	09e5d2bb662b6d66c2fd77969db95c5be246f2734c7d594a9f521dad3ed0a4db	09e5d2bb662b6d66c2fd77969db95c5be246f2734c7d594a9f521dad3ed0a4db	1	1	1	1	1	0	0	0	0	0	0	0	0	0	0	1
paper_generalization:g07_kcnq1ot1_5p_2812_chr21__pair01	historical_paper_generalization_available	g07_kcnq1ot1_5p_2812_chr21	1	score		matched	4	4	5	5	aedbe8b118a5dabaf6de1752255757833f0570eb214c35e63dbe823f9028208b	aedbe8b118a5dabaf6de1752255757833f0570eb214c35e63dbe823f9028208b	1	1	1	1	1	0	0	0	0	0	0	0	0	0	0	1
paper_generalization:g07_kcnq1ot1_5p_2812_chr21__pair01	historical_paper_generalization_available	g07_kcnq1ot1_5p_2812_chr21	1	stability		matched	0	0	1	1	cb8537aba6b27321ebeb88c1176aa69cbc953cc050004444a542e92f7c83e1b0	cb8537aba6b27321ebeb88c1176aa69cbc953cc050004444a542e92f7c83e1b0	1	1	1	1	1	0	0	0	0	0	0	0	0	0	0	1
paper_generalization:g07_kcnq1ot1_5p_2812_chr21__pair01	historical_paper_generalization_available	g07_kcnq1ot1_5p_2812_chr21	1	stability		matched	1	1	2	2	87beb358dacbb2dc3c51f0bed69685780234d037c9831e1b421c7aff018dcc69	87beb358dacbb2dc3c51f0bed69685780234d037c9831e1b421c7aff018dcc69	1	1	1	1	1	0	0	0	0	0	0	0	0	0	0	1
paper_generalization:g07_kcnq1ot1_5p_2812_chr21__pair01	historical_paper_generalization_available	g07_kcnq1ot1_5p_2812_chr21	1	stability		matched	2	2	3	3	d3da0763b5e4e3ef5ed801f38fc85cf04e37839c4434ea9ef62d7c06b3ac4edc	d3da0763b5e4e3ef5ed801f38fc85cf04e37839c4434ea9ef62d7c06b3ac4edc	1	1	1	1	1	0	0	0	0	0	0	0	0	0	0	1
paper_generalization:g07_kcnq1ot1_5p_2812_chr21__pair01	historical_paper_generalization_available	g07_kcnq1ot1_5p_2812_chr21	1	stability		matched	3	3	4	4	41b634d43db9bc650274e6529b461bae9340cd515ec9d5c8847b8c19eb5df8f5	41b634d43db9bc650274e6529b461bae9340cd515ec9d5c8847b8c19eb5df8f5	1	1	1	1	1	0	0	0	0	0	0	0	0	0	0	1
paper_generalization:g07_kcnq1ot1_5p_2812_chr21__pair01	historical_paper_generalization_available	g07_kcnq1ot1_5p_2812_chr21	1	stability		matched	4	4	5	5	5d408139bef2aec5f9df4a2ef53962f71272726f1e3c78981cbbb6a5a793b75c	5d408139bef2aec5f9df4a2ef53962f71272726f1e3c78981cbbb6a5a793b75c	1	1	1	1	1	0	0	0	0	0	0	0	0	0	0	1
paper_generalization:g07_kcnq1ot1_5p_2812_chr21__pair01	historical_paper_generalization_available	g07_kcnq1ot1_5p_2812_chr21	1	nt		matched	0	0	1	1	4c2120f6777bbf883cf02177dafc42ca71d4c87e2559cf0ceb2a6fe143fa1abf	4c2120f6777bbf883cf02177dafc42ca71d4c87e2559cf0ceb2a6fe143fa1abf	1	1	1	1	1	0	0	0	0	0	0	0	0	0	0	1
paper_generalization:g07_kcnq1ot1_5p_2812_chr21__pair01	historical_paper_generalization_available	g07_kcnq1ot1_5p_2812_chr21	1	nt		matched	1	1	2	2	aedbe8b118a5dabaf6de1752255757833f0570eb214c35e63dbe823f9028208b	aedbe8b118a5dabaf6de1752255757833f0570eb214c35e63dbe823f9028208b	1	1	1	1	1	0	0	0	0	0	0	0	0	0	0	1
paper_generalization:g07_kcnq1ot1_5p_2812_chr21__pair01	historical_paper_generalization_available	g07_kcnq1ot1_5p_2812_chr21	1	nt		matched	2	2	3	3	62f334af6631d3f8d35c1deec88d09f28ab8a554603779a9115cabf43654af56	62f334af6631d3f8d35c1deec88d09f28ab8a554603779a9115cabf43654af56	1	1	1	1	1	0	0	0	0	0	0	0	0	0	0	1
paper_generalization:g07_kcnq1ot1_5p_2812_chr21__pair01	historical_paper_generalization_available	g07_kcnq1ot1_5p_2812_chr21	1	nt		matched	3	3	4	4	32574f8dab85a4868053a6d07b9dfcde454da396fdc232d3597a8cccf7e576b0	32574f8dab85a4868053a6d07b9dfcde454da396fdc232d3597a8cccf7e576b0	1	1	1	1	1	0	0	0	0	0	0	0	0	0	0	1
paper_generalization:g07_kcnq1ot1_5p_2812_chr21__pair01	historical_paper_generalization_available	g07_kcnq1ot1_5p_2812_chr21	1	nt		matched	4	4	5	5	ef8f256dd78f6f07d177edf3da64335e4907dfdd72f3e8e3b698ca8b5c36898c	ef8f256dd78f6f07d177edf3da64335e4907dfdd72f3e8e3b698ca8b5c36898c	1	1	1	1	1	0	0	0	0	0	0	0	0	0	0	1
paper_generalization:g07_kcnq1ot1_5p_2812_chr21__pair02	historical_paper_generalization_available	g07_kcnq1ot1_5p_2812_chr21	2	score		matched	0	0	1	1	62f334af6631d3f8d35c1deec88d09f28ab8a554603779a9115cabf43654af56	62f334af6631d3f8d35c1deec88d09f28ab8a554603779a9115cabf43654af56	1	1	1	1	1	0	0	0	0	0	0	0	0	0	0	1
paper_generalization:g07_kcnq1ot1_5p_2812_chr21__pair02	historical_paper_generalization_available	g07_kcnq1ot1_5p_2812_chr21	2	score		matched	1	1	2	2	ef8f256dd78f6f07d177edf3da64335e4907dfdd72f3e8e3b698ca8b5c36898c	ef8f256dd78f6f07d177edf3da64335e4907dfdd72f3e8e3b698ca8b5c36898c	1	1	1	1	1	0	0	0	0	0	0	0	0	0	0	1
paper_generalization:g07_kcnq1ot1_5p_2812_chr21__pair02	historical_paper_generalization_available	g07_kcnq1ot1_5p_2812_chr21	2	score		matched	2	2	3	3	af65fbfd96dd8c90939669fbe647733aa4f3fed240521c32f253d83722895b65	af65fbfd96dd8c90939669fbe647733aa4f3fed240521c32f253d83722895b65	1	1	1	1	1	0	0	0	0	0	0	0	0	0	0	1
paper_generalization:g07_kcnq1ot1_5p_2812_chr21__pair02	historical_paper_generalization_available	g07_kcnq1ot1_5p_2812_chr21	2	score		matched	3	3	4	4	09e5d2bb662b6d66c2fd77969db95c5be246f2734c7d594a9f521dad3ed0a4db	09e5d2bb662b6d66c2fd77969db95c5be246f2734c7d594a9f521dad3ed0a4db	1	1	1	1	1	0	0	0	0	0	0	0	0	0	0	1
paper_generalization:g07_kcnq1ot1_5p_2812_chr21__pair02	historical_paper_generalization_available	g07_kcnq1ot1_5p_2812_chr21	2	score		matched	4	4	5	5	aedbe8b118a5dabaf6de1752255757833f0570eb214c35e63dbe823f9028208b	aedbe8b118a5dabaf6de1752255757833f0570eb214c35e63dbe823f9028208b	1	1	1	1	1	0	0	0	0	0	0	0	0	0	0	1
paper_generalization:g07_kcnq1ot1_5p_2812_chr21__pair02	historical_paper_generalization_available	g07_kcnq1ot1_5p_2812_chr21	2	stability		matched	0	0	1	1	cb8537aba6b27321ebeb88c1176aa69cbc953cc050004444a542e92f7c83e1b0	cb8537aba6b27321ebeb88c1176aa69cbc953cc050004444a542e92f7c83e1b0	1	1	1	1	1	0	0	0	0	0	0	0	0	0	0	1
paper_generalization:g07_kcnq1ot1_5p_2812_chr21__pair02	historical_paper_generalization_available	g07_kcnq1ot1_5p_2812_chr21	2	stability		matched	1	1	2	2	87beb358dacbb2dc3c51f0bed69685780234d037c9831e1b421c7aff018dcc69	87beb358dacbb2dc3c51f0bed69685780234d037c9831e1b421c7aff018dcc69	1	1	1	1	1	0	0	0	0	0	0	0	0	0	0	1
paper_generalization:g07_kcnq1ot1_5p_2812_chr21__pair02	historical_paper_generalization_available	g07_kcnq1ot1_5p_2812_chr21	2	stability		matched	2	2	3	3	d3da0763b5e4e3ef5ed801f38fc85cf04e37839c4434ea9ef62d7c06b3ac4edc	d3da0763b5e4e3ef5ed801f38fc85cf04e37839c4434ea9ef62d7c06b3ac4edc	1	1	1	1	1	0	0	0	0	0	0	0	0	0	0	1
paper_generalization:g07_kcnq1ot1_5p_2812_chr21__pair02	historical_paper_generalization_available	g07_kcnq1ot1_5p_2812_chr21	2	stability		matched	3	3	4	4	41b634d43db9bc650274e6529b461bae9340cd515ec9d5c8847b8c19eb5df8f5	41b634d43db9bc650274e6529b461bae9340cd515ec9d5c8847b8c19eb5df8f5	1	1	1	1	1	0	0	0	0	0	0	0	0	0	0	1
paper_generalization:g07_kcnq1ot1_5p_2812_chr21__pair02	historical_paper_generalization_available	g07_kcnq1ot1_5p_2812_chr21	2	stability		matched	4	4	5	5	5d408139bef2aec5f9df4a2ef53962f71272726f1e3c78981cbbb6a5a793b75c	5d408139bef2aec5f9df4a2ef53962f71272726f1e3c78981cbbb6a5a793b75c	1	1	1	1	1	0	0	0	0	0	0	0	0	0	0	1
paper_generalization:g07_kcnq1ot1_5p_2812_chr21__pair02	historical_paper_generalization_available	g07_kcnq1ot1_5p_2812_chr21	2	nt		matched	0	0	1	1	4c2120f6777bbf883cf02177dafc42ca71d4c87e2559cf0ceb2a6fe143fa1abf	4c2120f6777bbf883cf02177dafc42ca71d4c87e2559cf0ceb2a6fe143fa1abf	1	1	1	1	1	0	0	0	0	0	0	0	0	0	0	1
paper_generalization:g07_kcnq1ot1_5p_2812_chr21__pair02	historical_paper_generalization_available	g07_kcnq1ot1_5p_2812_chr21	2	nt		matched	1	1	2	2	aedbe8b118a5dabaf6de1752255757833f0570eb214c35e63dbe823f9028208b	aedbe8b118a5dabaf6de1752255757833f0570eb214c35e63dbe823f9028208b	1	1	1	1	1	0	0	0	0	0	0	0	0	0	0	1
paper_generalization:g07_kcnq1ot1_5p_2812_chr21__pair02	historical_paper_generalization_available	g07_kcnq1ot1_5p_2812_chr21	2	nt		matched	2	2	3	3	62f334af6631d3f8d35c1deec88d09f28ab8a554603779a9115cabf43654af56	62f334af6631d3f8d35c1deec88d09f28ab8a554603779a9115cabf43654af56	1	1	1	1	1	0	0	0	0	0	0	0	0	0	0	1
paper_generalization:g07_kcnq1ot1_5p_2812_chr21__pair02	historical_paper_generalization_available	g07_kcnq1ot1_5p_2812_chr21	2	nt		matched	3	3	4	4	32574f8dab85a4868053a6d07b9dfcde454da396fdc232d3597a8cccf7e576b0	32574f8dab85a4868053a6d07b9dfcde454da396fdc232d3597a8cccf7e576b0	1	1	1	1	1	0	0	0	0	0	0	0	0	0	0	1
paper_generalization:g07_kcnq1ot1_5p_2812_chr21__pair02	historical_paper_generalization_available	g07_kcnq1ot1_5p_2812_chr21	2	nt		matched	4	4	5	5	ef8f256dd78f6f07d177edf3da64335e4907dfdd72f3e8e3b698ca8b5c36898c	ef8f256dd78f6f07d177edf3da64335e4907dfdd72f3e8e3b698ca8b5c36898c	1	1	1	1	1	0	0	0	0	0	0	0	0	0	0	1
paper_generalization:g07_kcnq1ot1_5p_2812_chr21__pair03	historical_paper_generalization_available	g07_kcnq1ot1_5p_2812_chr21	3	score		matched	0	0	1	1	62f334af6631d3f8d35c1deec88d09f28ab8a554603779a9115cabf43654af56	62f334af6631d3f8d35c1deec88d09f28ab8a554603779a9115cabf43654af56	1	1	1	1	1	0	0	0	0	0	0	0	0	0	0	1
paper_generalization:g07_kcnq1ot1_5p_2812_chr21__pair03	historical_paper_generalization_available	g07_kcnq1ot1_5p_2812_chr21	3	score		matched	1	1	2	2	ef8f256dd78f6f07d177edf3da64335e4907dfdd72f3e8e3b698ca8b5c36898c	ef8f256dd78f6f07d177edf3da64335e4907dfdd72f3e8e3b698ca8b5c36898c	1	1	1	1	1	0	0	0	0	0	0	0	0	0	0	1
paper_generalization:g07_kcnq1ot1_5p_2812_chr21__pair03	historical_paper_generalization_available	g07_kcnq1ot1_5p_2812_chr21	3	score		matched	2	2	3	3	af65fbfd96dd8c90939669fbe647733aa4f3fed240521c32f253d83722895b65	af65fbfd96dd8c90939669fbe647733aa4f3fed240521c32f253d83722895b65	1	1	1	1	1	0	0	0	0	0	0	0	0	0	0	1
paper_generalization:g07_kcnq1ot1_5p_2812_chr21__pair03	historical_paper_generalization_available	g07_kcnq1ot1_5p_2812_chr21	3	score		matched	3	3	4	4	09e5d2bb662b6d66c2fd77969db95c5be246f2734c7d594a9f521dad3ed0a4db	09e5d2bb662b6d66c2fd77969db95c5be246f2734c7d594a9f521dad3ed0a4db	1	1	1	1	1	0	0	0	0	0	0	0	0	0	0	1
paper_generalization:g07_kcnq1ot1_5p_2812_chr21__pair03	historical_paper_generalization_available	g07_kcnq1ot1_5p_2812_chr21	3	score		matched	4	4	5	5	aedbe8b118a5dabaf6de1752255757833f0570eb214c35e63dbe823f9028208b	aedbe8b118a5dabaf6de1752255757833f0570eb214c35e63dbe823f9028208b	1	1	1	1	1	0	0	0	0	0	0	0	0	0	0	1
paper_generalization:g07_kcnq1ot1_5p_2812_chr21__pair03	historical_paper_generalization_available	g07_kcnq1ot1_5p_2812_chr21	3	stability		matched	0	0	1	1	cb8537aba6b27321ebeb88c1176aa69cbc953cc050004444a542e92f7c83e1b0	cb8537aba6b27321ebeb88c1176aa69cbc953cc050004444a542e92f7c83e1b0	1	1	1	1	1	0	0	0	0	0	0	0	0	0	0	1
paper_generalization:g07_kcnq1ot1_5p_2812_chr21__pair03	historical_paper_generalization_available	g07_kcnq1ot1_5p_2812_chr21	3	stability		matched	1	1	2	2	87beb358dacbb2dc3c51f0bed69685780234d037c9831e1b421c7aff018dcc69	87beb358dacbb2dc3c51f0bed69685780234d037c9831e1b421c7aff018dcc69	1	1	1	1	1	0	0	0	0	0	0	0	0	0	0	1
paper_generalization:g07_kcnq1ot1_5p_2812_chr21__pair03	historical_paper_generalization_available	g07_kcnq1ot1_5p_2812_chr21	3	stability		matched	2	2	3	3	d3da0763b5e4e3ef5ed801f38fc85cf04e37839c4434ea9ef62d7c06b3ac4edc	d3da0763b5e4e3ef5ed801f38fc85cf04e37839c4434ea9ef62d7c06b3ac4edc	1	1	1	1	1	0	0	0	0	0	0	0	0	0	0	1
paper_generalization:g07_kcnq1ot1_5p_2812_chr21__pair03	historical_paper_generalization_available	g07_kcnq1ot1_5p_2812_chr21	3	stability		matched	3	3	4	4	41b634d43db9bc650274e6529b461bae9340cd515ec9d5c8847b8c19eb5df8f5	41b634d43db9bc650274e6529b461bae9340cd515ec9d5c8847b8c19eb5df8f5	1	1	1	1	1	0	0	0	0	0	0	0	0	0	0	1
paper_generalization:g07_kcnq1ot1_5p_2812_chr21__pair03	historical_paper_generalization_available	g07_kcnq1ot1_5p_2812_chr21	3	stability		matched	4	4	5	5	5d408139bef2aec5f9df4a2ef53962f71272726f1e3c78981cbbb6a5a793b75c	5d408139bef2aec5f9df4a2ef53962f71272726f1e3c78981cbbb6a5a793b75c	1	1	1	1	1	0	0	0	0	0	0	0	0	0	0	1
paper_generalization:g07_kcnq1ot1_5p_2812_chr21__pair03	historical_paper_generalization_available	g07_kcnq1ot1_5p_2812_chr21	3	nt		matched	0	0	1	1	4c2120f6777bbf883cf02177dafc42ca71d4c87e2559cf0ceb2a6fe143fa1abf	4c2120f6777bbf883cf02177dafc42ca71d4c87e2559cf0ceb2a6fe143fa1abf	1	1	1	1	1	0	0	0	0	0	0	0	0	0	0	1
paper_generalization:g07_kcnq1ot1_5p_2812_chr21__pair03	historical_paper_generalization_available	g07_kcnq1ot1_5p_2812_chr21	3	nt		matched	1	1	2	2	aedbe8b118a5dabaf6de1752255757833f0570eb214c35e63dbe823f9028208b	aedbe8b118a5dabaf6de1752255757833f0570eb214c35e63dbe823f9028208b	1	1	1	1	1	0	0	0	0	0	0	0	0	0	0	1
paper_generalization:g07_kcnq1ot1_5p_2812_chr21__pair03	historical_paper_generalization_available	g07_kcnq1ot1_5p_2812_chr21	3	nt		matched	2	2	3	3	62f334af6631d3f8d35c1deec88d09f28ab8a554603779a9115cabf43654af56	62f334af6631d3f8d35c1deec88d09f28ab8a554603779a9115cabf43654af56	1	1	1	1	1	0	0	0	0	0	0	0	0	0	0	1
paper_generalization:g07_kcnq1ot1_5p_2812_chr21__pair03	historical_paper_generalization_available	g07_kcnq1ot1_5p_2812_chr21	3	nt		matched	3	3	4	4	32574f8dab85a4868053a6d07b9dfcde454da396fdc232d3597a8cccf7e576b0	32574f8dab85a4868053a6d07b9dfcde454da396fdc232d3597a8cccf7e576b0	1	1	1	1	1	0	0	0	0	0	0	0	0	0	0	1
paper_generalization:g07_kcnq1ot1_5p_2812_chr21__pair03	historical_paper_generalization_available	g07_kcnq1ot1_5p_2812_chr21	3	nt		matched	4	4	5	5	ef8f256dd78f6f07d177edf3da64335e4907dfdd72f3e8e3b698ca8b5c36898c	ef8f256dd78f6f07d177edf3da64335e4907dfdd72f3e8e3b698ca8b5c36898c	1	1	1	1	1	0	0	0	0	0	0	0	0	0	0	1
paper_generalization:g07_kcnq1ot1_5p_2812_chr21__warmup	historical_paper_generalization_available	g07_kcnq1ot1_5p_2812_chr21	0	score		matched	0	0	1	1	62f334af6631d3f8d35c1deec88d09f28ab8a554603779a9115cabf43654af56	62f334af6631d3f8d35c1deec88d09f28ab8a554603779a9115cabf43654af56	1	1	1	1	1	0	0	0	0	0	0	0	0	0	0	1
paper_generalization:g07_kcnq1ot1_5p_2812_chr21__warmup	historical_paper_generalization_available	g07_kcnq1ot1_5p_2812_chr21	0	score		matched	1	1	2	2	ef8f256dd78f6f07d177edf3da64335e4907dfdd72f3e8e3b698ca8b5c36898c	ef8f256dd78f6f07d177edf3da64335e4907dfdd72f3e8e3b698ca8b5c36898c	1	1	1	1	1	0	0	0	0	0	0	0	0	0	0	1
paper_generalization:g07_kcnq1ot1_5p_2812_chr21__warmup	historical_paper_generalization_available	g07_kcnq1ot1_5p_2812_chr21	0	score		matched	2	2	3	3	af65fbfd96dd8c90939669fbe647733aa4f3fed240521c32f253d83722895b65	af65fbfd96dd8c90939669fbe647733aa4f3fed240521c32f253d83722895b65	1	1	1	1	1	0	0	0	0	0	0	0	0	0	0	1
paper_generalization:g07_kcnq1ot1_5p_2812_chr21__warmup	historical_paper_generalization_available	g07_kcnq1ot1_5p_2812_chr21	0	score		matched	3	3	4	4	09e5d2bb662b6d66c2fd77969db95c5be246f2734c7d594a9f521dad3ed0a4db	09e5d2bb662b6d66c2fd77969db95c5be246f2734c7d594a9f521dad3ed0a4db	1	1	1	1	1	0	0	0	0	0	0	0	0	0	0	1
paper_generalization:g07_kcnq1ot1_5p_2812_chr21__warmup	historical_paper_generalization_available	g07_kcnq1ot1_5p_2812_chr21	0	score		matched	4	4	5	5	aedbe8b118a5dabaf6de1752255757833f0570eb214c35e63dbe823f9028208b	aedbe8b118a5dabaf6de1752255757833f0570eb214c35e63dbe823f9028208b	1	1	1	1	1	0	0	0	0	0	0	0	0	0	0	1
paper_generalization:g07_kcnq1ot1_5p_2812_chr21__warmup	historical_paper_generalization_available	g07_kcnq1ot1_5p_2812_chr21	0	stability		matched	0	0	1	1	cb8537aba6b27321ebeb88c1176aa69cbc953cc050004444a542e92f7c83e1b0	cb8537aba6b27321ebeb88c1176aa69cbc953cc050004444a542e92f7c83e1b0	1	1	1	1	1	0	0	0	0	0	0	0	0	0	0	1
paper_generalization:g07_kcnq1ot1_5p_2812_chr21__warmup	historical_paper_generalization_available	g07_kcnq1ot1_5p_2812_chr21	0	stability		matched	1	1	2	2	87beb358dacbb2dc3c51f0bed69685780234d037c9831e1b421c7aff018dcc69	87beb358dacbb2dc3c51f0bed69685780234d037c9831e1b421c7aff018dcc69	1	1	1	1	1	0	0	0	0	0	0	0	0	0	0	1
paper_generalization:g07_kcnq1ot1_5p_2812_chr21__warmup	historical_paper_generalization_available	g07_kcnq1ot1_5p_2812_chr21	0	stability		matched	2	2	3	3	d3da0763b5e4e3ef5ed801f38fc85cf04e37839c4434ea9ef62d7c06b3ac4edc	d3da0763b5e4e3ef5ed801f38fc85cf04e37839c4434ea9ef62d7c06b3ac4edc	1	1	1	1	1	0	0	0	0	0	0	0	0	0	0	1
paper_generalization:g07_kcnq1ot1_5p_2812_chr21__warmup	historical_paper_generalization_available	g07_kcnq1ot1_5p_2812_chr21	0	stability		matched	3	3	4	4	41b634d43db9bc650274e6529b461bae9340cd515ec9d5c8847b8c19eb5df8f5	41b634d43db9bc650274e6529b461bae9340cd515ec9d5c8847b8c19eb5df8f5	1	1	1	1	1	0	0	0	0	0	0	0	0	0	0	1
paper_generalization:g07_kcnq1ot1_5p_2812_chr21__warmup	historical_paper_generalization_available	g07_kcnq1ot1_5p_2812_chr21	0	stability		matched	4	4	5	5	5d408139bef2aec5f9df4a2ef53962f71272726f1e3c78981cbbb6a5a793b75c	5d408139bef2aec5f9df4a2ef53962f71272726f1e3c78981cbbb6a5a793b75c	1	1	1	1	1	0	0	0	0	0	0	0	0	0	0	1
paper_generalization:g07_kcnq1ot1_5p_2812_chr21__warmup	historical_paper_generalization_available	g07_kcnq1ot1_5p_2812_chr21	0	nt		matched	0	0	1	1	4c2120f6777bbf883cf02177dafc42ca71d4c87e2559cf0ceb2a6fe143fa1abf	4c2120f6777bbf883cf02177dafc42ca71d4c87e2559cf0ceb2a6fe143fa1abf	1	1	1	1	1	0	0	0	0	0	0	0	0	0	0	1
paper_generalization:g07_kcnq1ot1_5p_2812_chr21__warmup	historical_paper_generalization_available	g07_kcnq1ot1_5p_2812_chr21	0	nt		matched	1	1	2	2	aedbe8b118a5dabaf6de1752255757833f0570eb214c35e63dbe823f9028208b	aedbe8b118a5dabaf6de1752255757833f0570eb214c35e63dbe823f9028208b	1	1	1	1	1	0	0	0	0	0	0	0	0	0	0	1
paper_generalization:g07_kcnq1ot1_5p_2812_chr21__warmup	historical_paper_generalization_available	g07_kcnq1ot1_5p_2812_chr21	0	nt		matched	2	2	3	3	62f334af6631d3f8d35c1deec88d09f28ab8a554603779a9115cabf43654af56	62f334af6631d3f8d35c1deec88d09f28ab8a554603779a9115cabf43654af56	1	1	1	1	1	0	0	0	0	0	0	0	0	0	0	1
paper_generalization:g07_kcnq1ot1_5p_2812_chr21__warmup	historical_paper_generalization_available	g07_kcnq1ot1_5p_2812_chr21	0	nt		matched	3	3	4	4	32574f8dab85a4868053a6d07b9dfcde454da396fdc232d3597a8cccf7e576b0	32574f8dab85a4868053a6d07b9dfcde454da396fdc232d3597a8cccf7e576b0	1	1	1	1	1	0	0	0	0	0	0	0	0	0	0	1
paper_generalization:g07_kcnq1ot1_5p_2812_chr21__warmup	historical_paper_generalization_available	g07_kcnq1ot1_5p_2812_chr21	0	nt		matched	4	4	5	5	ef8f256dd78f6f07d177edf3da64335e4907dfdd72f3e8e3b698ca8b5c36898c	ef8f256dd78f6f07d177edf3da64335e4907dfdd72f3e8e3b698ca8b5c36898c	1	1	1	1	1	0	0	0	0	0	0	0	0	0	0	1
paper_generalization:g08_kcnq1ot1_mid_1024_chr22__pair01	historical_paper_generalization_available	g08_kcnq1ot1_mid_1024_chr22	1	score	same candidate site endpoint shift	matched	0	0	1	1	95af2660cf89392364614ef0124933380772d8574d70bf75e5a328cf90371395	95af2660cf89392364614ef0124933380772d8574d70bf75e5a328cf90371395	1	1	1	1	1	0	0	0	0	0	0	0	0	0	0	1
paper_generalization:g08_kcnq1ot1_mid_1024_chr22__pair01	historical_paper_generalization_available	g08_kcnq1ot1_mid_1024_chr22	1	score	same candidate site endpoint shift	matched	1	1	2	2	a7d5f245db813742fceb9dde6a90763685411850e542c352117bacc2679740d2	a7d5f245db813742fceb9dde6a90763685411850e542c352117bacc2679740d2	1	1	1	1	1	0	0	0	0	0	0	0	0	0	0	1
paper_generalization:g08_kcnq1ot1_mid_1024_chr22__pair01	historical_paper_generalization_available	g08_kcnq1ot1_mid_1024_chr22	1	score	same candidate site endpoint shift	matched	2	2	3	3	22cf86eaae2c9169d8bcaafe9e5512daa6e6eaae828c2e7bc2604fe2bd68896c	22cf86eaae2c9169d8bcaafe9e5512daa6e6eaae828c2e7bc2604fe2bd68896c	1	1	1	1	1	0	0	0	0	0	0	0	0	0	0	1
paper_generalization:g08_kcnq1ot1_mid_1024_chr22__pair01	historical_paper_generalization_available	g08_kcnq1ot1_mid_1024_chr22	1	score	same candidate site endpoint shift	matched	3	3	4	4	32c693a7009641bd70615cd72e362b7ea28e84df8e21aa7d1197029bec3ffe89	43e669aa99dcd09acf42913757f60e866ff6fa4fd34050206d93900357193174	1	1	1	1	1	0	0	24	0	0	1	0	0	0	0	1
paper_generalization:g08_kcnq1ot1_mid_1024_chr22__pair01	historical_paper_generalization_available	g08_kcnq1ot1_mid_1024_chr22	1	score	same candidate site endpoint shift	matched	4	4	5	5	a775585b7aaf67efa3c34482a7a0152547dd7ee872e2ea5d43a25a793b1c6963	a775585b7aaf67efa3c34482a7a0152547dd7ee872e2ea5d43a25a793b1c6963	1	1	1	1	1	0	0	0	0	0	0	0	0	0	0	1
paper_generalization:g08_kcnq1ot1_mid_1024_chr22__pair01	historical_paper_generalization_available	g08_kcnq1ot1_mid_1024_chr22	1	stability		matched	0	0	1	1	278b4d938976f5964447aa00de4945205f744f0b4583c1da4528063be5aff026	278b4d938976f5964447aa00de4945205f744f0b4583c1da4528063be5aff026	1	1	1	1	1	0	0	0	0	0	0	0	0	0	0	1
paper_generalization:g08_kcnq1ot1_mid_1024_chr22__pair01	historical_paper_generalization_available	g08_kcnq1ot1_mid_1024_chr22	1	stability		matched	1	1	2	2	d4c8ab466d601de3a1af683a3cd078d82f4f830ca732f8e07b8dfe444c9e88cc	d4c8ab466d601de3a1af683a3cd078d82f4f830ca732f8e07b8dfe444c9e88cc	1	1	1	1	1	0	0	0	0	0	0	0	0	0	0	1
paper_generalization:g08_kcnq1ot1_mid_1024_chr22__pair01	historical_paper_generalization_available	g08_kcnq1ot1_mid_1024_chr22	1	stability		matched	2	2	3	3	6f7ea718f8bdfe22cc35cf90e15160fcf16d844c247a8aca4cbf04909ca6095c	6f7ea718f8bdfe22cc35cf90e15160fcf16d844c247a8aca4cbf04909ca6095c	1	1	1	1	1	0	0	0	0	0	0	0	0	0	0	1
paper_generalization:g08_kcnq1ot1_mid_1024_chr22__pair01	historical_paper_generalization_available	g08_kcnq1ot1_mid_1024_chr22	1	stability		matched	3	3	4	4	f07ca6e998cf9defc141b2b22773ba6bedbe469fd4850fc6e931cf1b2f0513ca	f07ca6e998cf9defc141b2b22773ba6bedbe469fd4850fc6e931cf1b2f0513ca	1	1	1	1	1	0	0	0	0	0	0	0	0	0	0	1
paper_generalization:g08_kcnq1ot1_mid_1024_chr22__pair01	historical_paper_generalization_available	g08_kcnq1ot1_mid_1024_chr22	1	stability		matched	4	4	5	5	7ca434073745ec62cf146c0f188b90f8f193743f02898e27b7704a6a67baa96d	7ca434073745ec62cf146c0f188b90f8f193743f02898e27b7704a6a67baa96d	1	1	1	1	1	0	0	0	0	0	0	0	0	0	0	1
paper_generalization:g08_kcnq1ot1_mid_1024_chr22__pair01	historical_paper_generalization_available	g08_kcnq1ot1_mid_1024_chr22	1	nt	same candidate site endpoint shift	matched	0	0	1	1	95af2660cf89392364614ef0124933380772d8574d70bf75e5a328cf90371395	95af2660cf89392364614ef0124933380772d8574d70bf75e5a328cf90371395	1	1	1	1	1	0	0	0	0	0	0	0	0	0	0	1
paper_generalization:g08_kcnq1ot1_mid_1024_chr22__pair01	historical_paper_generalization_available	g08_kcnq1ot1_mid_1024_chr22	1	nt	same candidate site endpoint shift	matched	1	1	2	2	32c693a7009641bd70615cd72e362b7ea28e84df8e21aa7d1197029bec3ffe89	43e669aa99dcd09acf42913757f60e866ff6fa4fd34050206d93900357193174	1	1	1	1	1	0	0	24	0	0	1	0	0	0	0	1
paper_generalization:g08_kcnq1ot1_mid_1024_chr22__pair01	historical_paper_generalization_available	g08_kcnq1ot1_mid_1024_chr22	1	nt	same candidate site endpoint shift	matched	2	2	3	3	50372f1b721552b94f29614891a02adf676fd848fc6de40efd5c2a8a313bfc16	50372f1b721552b94f29614891a02adf676fd848fc6de40efd5c2a8a313bfc16	1	1	1	1	1	0	0	0	0	0	0	0	0	0	0	1
paper_generalization:g08_kcnq1ot1_mid_1024_chr22__pair01	historical_paper_generalization_available	g08_kcnq1ot1_mid_1024_chr22	1	nt	same candidate site endpoint shift	matched	3	3	4	4	1a73ae2a390e36c19a77b6c15575ba849a3267872e29602735c854917e0ea07c	1a73ae2a390e36c19a77b6c15575ba849a3267872e29602735c854917e0ea07c	1	1	1	1	1	0	0	0	0	0	0	0	0	0	0	1
paper_generalization:g08_kcnq1ot1_mid_1024_chr22__pair01	historical_paper_generalization_available	g08_kcnq1ot1_mid_1024_chr22	1	nt	same candidate site endpoint shift	matched	4	4	5	5	ebfb4a9fb93c7a476968f3436f0bc95a2acd3b5bc7b5451ce1c8f90b0216995e	ebfb4a9fb93c7a476968f3436f0bc95a2acd3b5bc7b5451ce1c8f90b0216995e	1	1	1	1	1	0	0	0	0	0	0	0	0	0	0	1
paper_generalization:g08_kcnq1ot1_mid_1024_chr22__pair02	historical_paper_generalization_available	g08_kcnq1ot1_mid_1024_chr22	2	score	same candidate site endpoint shift	matched	0	0	1	1	95af2660cf89392364614ef0124933380772d8574d70bf75e5a328cf90371395	95af2660cf89392364614ef0124933380772d8574d70bf75e5a328cf90371395	1	1	1	1	1	0	0	0	0	0	0	0	0	0	0	1
paper_generalization:g08_kcnq1ot1_mid_1024_chr22__pair02	historical_paper_generalization_available	g08_kcnq1ot1_mid_1024_chr22	2	score	same candidate site endpoint shift	matched	1	1	2	2	a7d5f245db813742fceb9dde6a90763685411850e542c352117bacc2679740d2	a7d5f245db813742fceb9dde6a90763685411850e542c352117bacc2679740d2	1	1	1	1	1	0	0	0	0	0	0	0	0	0	0	1
paper_generalization:g08_kcnq1ot1_mid_1024_chr22__pair02	historical_paper_generalization_available	g08_kcnq1ot1_mid_1024_chr22	2	score	same candidate site endpoint shift	matched	2	2	3	3	22cf86eaae2c9169d8bcaafe9e5512daa6e6eaae828c2e7bc2604fe2bd68896c	22cf86eaae2c9169d8bcaafe9e5512daa6e6eaae828c2e7bc2604fe2bd68896c	1	1	1	1	1	0	0	0	0	0	0	0	0	0	0	1
paper_generalization:g08_kcnq1ot1_mid_1024_chr22__pair02	historical_paper_generalization_available	g08_kcnq1ot1_mid_1024_chr22	2	score	same candidate site endpoint shift	matched	3	3	4	4	32c693a7009641bd70615cd72e362b7ea28e84df8e21aa7d1197029bec3ffe89	43e669aa99dcd09acf42913757f60e866ff6fa4fd34050206d93900357193174	1	1	1	1	1	0	0	24	0	0	1	0	0	0	0	1
paper_generalization:g08_kcnq1ot1_mid_1024_chr22__pair02	historical_paper_generalization_available	g08_kcnq1ot1_mid_1024_chr22	2	score	same candidate site endpoint shift	matched	4	4	5	5	a775585b7aaf67efa3c34482a7a0152547dd7ee872e2ea5d43a25a793b1c6963	a775585b7aaf67efa3c34482a7a0152547dd7ee872e2ea5d43a25a793b1c6963	1	1	1	1	1	0	0	0	0	0	0	0	0	0	0	1
paper_generalization:g08_kcnq1ot1_mid_1024_chr22__pair02	historical_paper_generalization_available	g08_kcnq1ot1_mid_1024_chr22	2	stability		matched	0	0	1	1	278b4d938976f5964447aa00de4945205f744f0b4583c1da4528063be5aff026	278b4d938976f5964447aa00de4945205f744f0b4583c1da4528063be5aff026	1	1	1	1	1	0	0	0	0	0	0	0	0	0	0	1
paper_generalization:g08_kcnq1ot1_mid_1024_chr22__pair02	historical_paper_generalization_available	g08_kcnq1ot1_mid_1024_chr22	2	stability		matched	1	1	2	2	d4c8ab466d601de3a1af683a3cd078d82f4f830ca732f8e07b8dfe444c9e88cc	d4c8ab466d601de3a1af683a3cd078d82f4f830ca732f8e07b8dfe444c9e88cc	1	1	1	1	1	0	0	0	0	0	0	0	0	0	0	1
paper_generalization:g08_kcnq1ot1_mid_1024_chr22__pair02	historical_paper_generalization_available	g08_kcnq1ot1_mid_1024_chr22	2	stability		matched	2	2	3	3	6f7ea718f8bdfe22cc35cf90e15160fcf16d844c247a8aca4cbf04909ca6095c	6f7ea718f8bdfe22cc35cf90e15160fcf16d844c247a8aca4cbf04909ca6095c	1	1	1	1	1	0	0	0	0	0	0	0	0	0	0	1
paper_generalization:g08_kcnq1ot1_mid_1024_chr22__pair02	historical_paper_generalization_available	g08_kcnq1ot1_mid_1024_chr22	2	stability		matched	3	3	4	4	f07ca6e998cf9defc141b2b22773ba6bedbe469fd4850fc6e931cf1b2f0513ca	f07ca6e998cf9defc141b2b22773ba6bedbe469fd4850fc6e931cf1b2f0513ca	1	1	1	1	1	0	0	0	0	0	0	0	0	0	0	1
paper_generalization:g08_kcnq1ot1_mid_1024_chr22__pair02	historical_paper_generalization_available	g08_kcnq1ot1_mid_1024_chr22	2	stability		matched	4	4	5	5	7ca434073745ec62cf146c0f188b90f8f193743f02898e27b7704a6a67baa96d	7ca434073745ec62cf146c0f188b90f8f193743f02898e27b7704a6a67baa96d	1	1	1	1	1	0	0	0	0	0	0	0	0	0	0	1
paper_generalization:g08_kcnq1ot1_mid_1024_chr22__pair02	historical_paper_generalization_available	g08_kcnq1ot1_mid_1024_chr22	2	nt	same candidate site endpoint shift	matched	0	0	1	1	95af2660cf89392364614ef0124933380772d8574d70bf75e5a328cf90371395	95af2660cf89392364614ef0124933380772d8574d70bf75e5a328cf90371395	1	1	1	1	1	0	0	0	0	0	0	0	0	0	0	1
paper_generalization:g08_kcnq1ot1_mid_1024_chr22__pair02	historical_paper_generalization_available	g08_kcnq1ot1_mid_1024_chr22	2	nt	same candidate site endpoint shift	matched	1	1	2	2	32c693a7009641bd70615cd72e362b7ea28e84df8e21aa7d1197029bec3ffe89	43e669aa99dcd09acf42913757f60e866ff6fa4fd34050206d93900357193174	1	1	1	1	1	0	0	24	0	0	1	0	0	0	0	1
paper_generalization:g08_kcnq1ot1_mid_1024_chr22__pair02	historical_paper_generalization_available	g08_kcnq1ot1_mid_1024_chr22	2	nt	same candidate site endpoint shift	matched	2	2	3	3	50372f1b721552b94f29614891a02adf676fd848fc6de40efd5c2a8a313bfc16	50372f1b721552b94f29614891a02adf676fd848fc6de40efd5c2a8a313bfc16	1	1	1	1	1	0	0	0	0	0	0	0	0	0	0	1
paper_generalization:g08_kcnq1ot1_mid_1024_chr22__pair02	historical_paper_generalization_available	g08_kcnq1ot1_mid_1024_chr22	2	nt	same candidate site endpoint shift	matched	3	3	4	4	1a73ae2a390e36c19a77b6c15575ba849a3267872e29602735c854917e0ea07c	1a73ae2a390e36c19a77b6c15575ba849a3267872e29602735c854917e0ea07c	1	1	1	1	1	0	0	0	0	0	0	0	0	0	0	1
paper_generalization:g08_kcnq1ot1_mid_1024_chr22__pair02	historical_paper_generalization_available	g08_kcnq1ot1_mid_1024_chr22	2	nt	same candidate site endpoint shift	matched	4	4	5	5	ebfb4a9fb93c7a476968f3436f0bc95a2acd3b5bc7b5451ce1c8f90b0216995e	ebfb4a9fb93c7a476968f3436f0bc95a2acd3b5bc7b5451ce1c8f90b0216995e	1	1	1	1	1	0	0	0	0	0	0	0	0	0	0	1
paper_generalization:g08_kcnq1ot1_mid_1024_chr22__pair03	historical_paper_generalization_available	g08_kcnq1ot1_mid_1024_chr22	3	score	same candidate site endpoint shift	matched	0	0	1	1	95af2660cf89392364614ef0124933380772d8574d70bf75e5a328cf90371395	95af2660cf89392364614ef0124933380772d8574d70bf75e5a328cf90371395	1	1	1	1	1	0	0	0	0	0	0	0	0	0	0	1
paper_generalization:g08_kcnq1ot1_mid_1024_chr22__pair03	historical_paper_generalization_available	g08_kcnq1ot1_mid_1024_chr22	3	score	same candidate site endpoint shift	matched	1	1	2	2	a7d5f245db813742fceb9dde6a90763685411850e542c352117bacc2679740d2	a7d5f245db813742fceb9dde6a90763685411850e542c352117bacc2679740d2	1	1	1	1	1	0	0	0	0	0	0	0	0	0	0	1
paper_generalization:g08_kcnq1ot1_mid_1024_chr22__pair03	historical_paper_generalization_available	g08_kcnq1ot1_mid_1024_chr22	3	score	same candidate site endpoint shift	matched	2	2	3	3	22cf86eaae2c9169d8bcaafe9e5512daa6e6eaae828c2e7bc2604fe2bd68896c	22cf86eaae2c9169d8bcaafe9e5512daa6e6eaae828c2e7bc2604fe2bd68896c	1	1	1	1	1	0	0	0	0	0	0	0	0	0	0	1
paper_generalization:g08_kcnq1ot1_mid_1024_chr22__pair03	historical_paper_generalization_available	g08_kcnq1ot1_mid_1024_chr22	3	score	same candidate site endpoint shift	matched	3	3	4	4	32c693a7009641bd70615cd72e362b7ea28e84df8e21aa7d1197029bec3ffe89	43e669aa99dcd09acf42913757f60e866ff6fa4fd34050206d93900357193174	1	1	1	1	1	0	0	24	0	0	1	0	0	0	0	1
paper_generalization:g08_kcnq1ot1_mid_1024_chr22__pair03	historical_paper_generalization_available	g08_kcnq1ot1_mid_1024_chr22	3	score	same candidate site endpoint shift	matched	4	4	5	5	a775585b7aaf67efa3c34482a7a0152547dd7ee872e2ea5d43a25a793b1c6963	a775585b7aaf67efa3c34482a7a0152547dd7ee872e2ea5d43a25a793b1c6963	1	1	1	1	1	0	0	0	0	0	0	0	0	0	0	1
paper_generalization:g08_kcnq1ot1_mid_1024_chr22__pair03	historical_paper_generalization_available	g08_kcnq1ot1_mid_1024_chr22	3	stability		matched	0	0	1	1	278b4d938976f5964447aa00de4945205f744f0b4583c1da4528063be5aff026	278b4d938976f5964447aa00de4945205f744f0b4583c1da4528063be5aff026	1	1	1	1	1	0	0	0	0	0	0	0	0	0	0	1
paper_generalization:g08_kcnq1ot1_mid_1024_chr22__pair03	historical_paper_generalization_available	g08_kcnq1ot1_mid_1024_chr22	3	stability		matched	1	1	2	2	d4c8ab466d601de3a1af683a3cd078d82f4f830ca732f8e07b8dfe444c9e88cc	d4c8ab466d601de3a1af683a3cd078d82f4f830ca732f8e07b8dfe444c9e88cc	1	1	1	1	1	0	0	0	0	0	0	0	0	0	0	1
paper_generalization:g08_kcnq1ot1_mid_1024_chr22__pair03	historical_paper_generalization_available	g08_kcnq1ot1_mid_1024_chr22	3	stability		matched	2	2	3	3	6f7ea718f8bdfe22cc35cf90e15160fcf16d844c247a8aca4cbf04909ca6095c	6f7ea718f8bdfe22cc35cf90e15160fcf16d844c247a8aca4cbf04909ca6095c	1	1	1	1	1	0	0	0	0	0	0	0	0	0	0	1
paper_generalization:g08_kcnq1ot1_mid_1024_chr22__pair03	historical_paper_generalization_available	g08_kcnq1ot1_mid_1024_chr22	3	stability		matched	3	3	4	4	f07ca6e998cf9defc141b2b22773ba6bedbe469fd4850fc6e931cf1b2f0513ca	f07ca6e998cf9defc141b2b22773ba6bedbe469fd4850fc6e931cf1b2f0513ca	1	1	1	1	1	0	0	0	0	0	0	0	0	0	0	1
paper_generalization:g08_kcnq1ot1_mid_1024_chr22__pair03	historical_paper_generalization_available	g08_kcnq1ot1_mid_1024_chr22	3	stability		matched	4	4	5	5	7ca434073745ec62cf146c0f188b90f8f193743f02898e27b7704a6a67baa96d	7ca434073745ec62cf146c0f188b90f8f193743f02898e27b7704a6a67baa96d	1	1	1	1	1	0	0	0	0	0	0	0	0	0	0	1
paper_generalization:g08_kcnq1ot1_mid_1024_chr22__pair03	historical_paper_generalization_available	g08_kcnq1ot1_mid_1024_chr22	3	nt	same candidate site endpoint shift	matched	0	0	1	1	95af2660cf89392364614ef0124933380772d8574d70bf75e5a328cf90371395	95af2660cf89392364614ef0124933380772d8574d70bf75e5a328cf90371395	1	1	1	1	1	0	0	0	0	0	0	0	0	0	0	1
paper_generalization:g08_kcnq1ot1_mid_1024_chr22__pair03	historical_paper_generalization_available	g08_kcnq1ot1_mid_1024_chr22	3	nt	same candidate site endpoint shift	matched	1	1	2	2	32c693a7009641bd70615cd72e362b7ea28e84df8e21aa7d1197029bec3ffe89	43e669aa99dcd09acf42913757f60e866ff6fa4fd34050206d93900357193174	1	1	1	1	1	0	0	24	0	0	1	0	0	0	0	1
paper_generalization:g08_kcnq1ot1_mid_1024_chr22__pair03	historical_paper_generalization_available	g08_kcnq1ot1_mid_1024_chr22	3	nt	same candidate site endpoint shift	matched	2	2	3	3	50372f1b721552b94f29614891a02adf676fd848fc6de40efd5c2a8a313bfc16	50372f1b721552b94f29614891a02adf676fd848fc6de40efd5c2a8a313bfc16	1	1	1	1	1	0	0	0	0	0	0	0	0	0	0	1
paper_generalization:g08_kcnq1ot1_mid_1024_chr22__pair03	historical_paper_generalization_available	g08_kcnq1ot1_mid_1024_chr22	3	nt	same candidate site endpoint shift	matched	3	3	4	4	1a73ae2a390e36c19a77b6c15575ba849a3267872e29602735c854917e0ea07c	1a73ae2a390e36c19a77b6c15575ba849a3267872e29602735c854917e0ea07c	1	1	1	1	1	0	0	0	0	0	0	0	0	0	0	1
paper_generalization:g08_kcnq1ot1_mid_1024_chr22__pair03	historical_paper_generalization_available	g08_kcnq1ot1_mid_1024_chr22	3	nt	same candidate site endpoint shift	matched	4	4	5	5	ebfb4a9fb93c7a476968f3436f0bc95a2acd3b5bc7b5451ce1c8f90b0216995e	ebfb4a9fb93c7a476968f3436f0bc95a2acd3b5bc7b5451ce1c8f90b0216995e	1	1	1	1	1	0	0	0	0	0	0	0	0	0	0	1
paper_generalization:g08_kcnq1ot1_mid_1024_chr22__warmup	historical_paper_generalization_available	g08_kcnq1ot1_mid_1024_chr22	0	score	same candidate site endpoint shift	matched	0	0	1	1	95af2660cf89392364614ef0124933380772d8574d70bf75e5a328cf90371395	95af2660cf89392364614ef0124933380772d8574d70bf75e5a328cf90371395	1	1	1	1	1	0	0	0	0	0	0	0	0	0	0	1
paper_generalization:g08_kcnq1ot1_mid_1024_chr22__warmup	historical_paper_generalization_available	g08_kcnq1ot1_mid_1024_chr22	0	score	same candidate site endpoint shift	matched	1	1	2	2	a7d5f245db813742fceb9dde6a90763685411850e542c352117bacc2679740d2	a7d5f245db813742fceb9dde6a90763685411850e542c352117bacc2679740d2	1	1	1	1	1	0	0	0	0	0	0	0	0	0	0	1
paper_generalization:g08_kcnq1ot1_mid_1024_chr22__warmup	historical_paper_generalization_available	g08_kcnq1ot1_mid_1024_chr22	0	score	same candidate site endpoint shift	matched	2	2	3	3	22cf86eaae2c9169d8bcaafe9e5512daa6e6eaae828c2e7bc2604fe2bd68896c	22cf86eaae2c9169d8bcaafe9e5512daa6e6eaae828c2e7bc2604fe2bd68896c	1	1	1	1	1	0	0	0	0	0	0	0	0	0	0	1
paper_generalization:g08_kcnq1ot1_mid_1024_chr22__warmup	historical_paper_generalization_available	g08_kcnq1ot1_mid_1024_chr22	0	score	same candidate site endpoint shift	matched	3	3	4	4	32c693a7009641bd70615cd72e362b7ea28e84df8e21aa7d1197029bec3ffe89	43e669aa99dcd09acf42913757f60e866ff6fa4fd34050206d93900357193174	1	1	1	1	1	0	0	24	0	0	1	0	0	0	0	1
paper_generalization:g08_kcnq1ot1_mid_1024_chr22__warmup	historical_paper_generalization_available	g08_kcnq1ot1_mid_1024_chr22	0	score	same candidate site endpoint shift	matched	4	4	5	5	a775585b7aaf67efa3c34482a7a0152547dd7ee872e2ea5d43a25a793b1c6963	a775585b7aaf67efa3c34482a7a0152547dd7ee872e2ea5d43a25a793b1c6963	1	1	1	1	1	0	0	0	0	0	0	0	0	0	0	1
paper_generalization:g08_kcnq1ot1_mid_1024_chr22__warmup	historical_paper_generalization_available	g08_kcnq1ot1_mid_1024_chr22	0	stability		matched	0	0	1	1	278b4d938976f5964447aa00de4945205f744f0b4583c1da4528063be5aff026	278b4d938976f5964447aa00de4945205f744f0b4583c1da4528063be5aff026	1	1	1	1	1	0	0	0	0	0	0	0	0	0	0	1
paper_generalization:g08_kcnq1ot1_mid_1024_chr22__warmup	historical_paper_generalization_available	g08_kcnq1ot1_mid_1024_chr22	0	stability		matched	1	1	2	2	d4c8ab466d601de3a1af683a3cd078d82f4f830ca732f8e07b8dfe444c9e88cc	d4c8ab466d601de3a1af683a3cd078d82f4f830ca732f8e07b8dfe444c9e88cc	1	1	1	1	1	0	0	0	0	0	0	0	0	0	0	1
paper_generalization:g08_kcnq1ot1_mid_1024_chr22__warmup	historical_paper_generalization_available	g08_kcnq1ot1_mid_1024_chr22	0	stability		matched	2	2	3	3	6f7ea718f8bdfe22cc35cf90e15160fcf16d844c247a8aca4cbf04909ca6095c	6f7ea718f8bdfe22cc35cf90e15160fcf16d844c247a8aca4cbf04909ca6095c	1	1	1	1	1	0	0	0	0	0	0	0	0	0	0	1
paper_generalization:g08_kcnq1ot1_mid_1024_chr22__warmup	historical_paper_generalization_available	g08_kcnq1ot1_mid_1024_chr22	0	stability		matched	3	3	4	4	f07ca6e998cf9defc141b2b22773ba6bedbe469fd4850fc6e931cf1b2f0513ca	f07ca6e998cf9defc141b2b22773ba6bedbe469fd4850fc6e931cf1b2f0513ca	1	1	1	1	1	0	0	0	0	0	0	0	0	0	0	1
paper_generalization:g08_kcnq1ot1_mid_1024_chr22__warmup	historical_paper_generalization_available	g08_kcnq1ot1_mid_1024_chr22	0	stability		matched	4	4	5	5	7ca434073745ec62cf146c0f188b90f8f193743f02898e27b7704a6a67baa96d	7ca434073745ec62cf146c0f188b90f8f193743f02898e27b7704a6a67baa96d	1	1	1	1	1	0	0	0	0	0	0	0	0	0	0	1
paper_generalization:g08_kcnq1ot1_mid_1024_chr22__warmup	historical_paper_generalization_available	g08_kcnq1ot1_mid_1024_chr22	0	nt	same candidate site endpoint shift	matched	0	0	1	1	95af2660cf89392364614ef0124933380772d8574d70bf75e5a328cf90371395	95af2660cf89392364614ef0124933380772d8574d70bf75e5a328cf90371395	1	1	1	1	1	0	0	0	0	0	0	0	0	0	0	1
paper_generalization:g08_kcnq1ot1_mid_1024_chr22__warmup	historical_paper_generalization_available	g08_kcnq1ot1_mid_1024_chr22	0	nt	same candidate site endpoint shift	matched	1	1	2	2	32c693a7009641bd70615cd72e362b7ea28e84df8e21aa7d1197029bec3ffe89	43e669aa99dcd09acf42913757f60e866ff6fa4fd34050206d93900357193174	1	1	1	1	1	0	0	24	0	0	1	0	0	0	0	1
paper_generalization:g08_kcnq1ot1_mid_1024_chr22__warmup	historical_paper_generalization_available	g08_kcnq1ot1_mid_1024_chr22	0	nt	same candidate site endpoint shift	matched	2	2	3	3	50372f1b721552b94f29614891a02adf676fd848fc6de40efd5c2a8a313bfc16	50372f1b721552b94f29614891a02adf676fd848fc6de40efd5c2a8a313bfc16	1	1	1	1	1	0	0	0	0	0	0	0	0	0	0	1
paper_generalization:g08_kcnq1ot1_mid_1024_chr22__warmup	historical_paper_generalization_available	g08_kcnq1ot1_mid_1024_chr22	0	nt	same candidate site endpoint shift	matched	3	3	4	4	1a73ae2a390e36c19a77b6c15575ba849a3267872e29602735c854917e0ea07c	1a73ae2a390e36c19a77b6c15575ba849a3267872e29602735c854917e0ea07c	1	1	1	1	1	0	0	0	0	0	0	0	0	0	0	1
paper_generalization:g08_kcnq1ot1_mid_1024_chr22__warmup	historical_paper_generalization_available	g08_kcnq1ot1_mid_1024_chr22	0	nt	same candidate site endpoint shift	matched	4	4	5	5	ebfb4a9fb93c7a476968f3436f0bc95a2acd3b5bc7b5451ce1c8f90b0216995e	ebfb4a9fb93c7a476968f3436f0bc95a2acd3b5bc7b5451ce1c8f90b0216995e	1	1	1	1	1	0	0	0	0	0	0	0	0	0	0	1
paper_generalization:g09_kcnq1ot1_3p_2048_chr11__pair01	historical_paper_generalization_available	g09_kcnq1ot1_3p_2048_chr11	1	score		matched	0	0	1	1	b073b04057dc7e49e1d2e962b1c81f85dd2394b8879ae95080b6a9055b0396c0	b073b04057dc7e49e1d2e962b1c81f85dd2394b8879ae95080b6a9055b0396c0	1	1	1	1	1	0	0	0	0	0	0	0	0	0	0	1
paper_generalization:g09_kcnq1ot1_3p_2048_chr11__pair01	historical_paper_generalization_available	g09_kcnq1ot1_3p_2048_chr11	1	score		matched	1	1	2	2	3fb95f426957cf49eed2dd356142c9841a4cb4848b0da6334a4521b7f12389f0	3fb95f426957cf49eed2dd356142c9841a4cb4848b0da6334a4521b7f12389f0	1	1	1	1	1	0	0	0	0	0	0	0	0	0	0	1
paper_generalization:g09_kcnq1ot1_3p_2048_chr11__pair01	historical_paper_generalization_available	g09_kcnq1ot1_3p_2048_chr11	1	score		matched	2	2	3	3	12fa2952a440e59a8481b108820e102a3c3a1438eaa378636ed5fec3c270ea88	12fa2952a440e59a8481b108820e102a3c3a1438eaa378636ed5fec3c270ea88	1	1	1	1	1	0	0	0	0	0	0	0	0	0	0	1
paper_generalization:g09_kcnq1ot1_3p_2048_chr11__pair01	historical_paper_generalization_available	g09_kcnq1ot1_3p_2048_chr11	1	score		matched	3	3	4	4	78e0de90675088a448138e6eda7f3573f71cac3b97ad0c09514c06d8db657e23	78e0de90675088a448138e6eda7f3573f71cac3b97ad0c09514c06d8db657e23	1	1	1	1	1	0	0	0	0	0	0	0	0	0	0	1
paper_generalization:g09_kcnq1ot1_3p_2048_chr11__pair01	historical_paper_generalization_available	g09_kcnq1ot1_3p_2048_chr11	1	score		matched	4	4	5	5	57d404eb5dd77d4745aa682f371e7064c878f8382d88b4e43a5fdbfb50529051	57d404eb5dd77d4745aa682f371e7064c878f8382d88b4e43a5fdbfb50529051	1	1	1	1	1	0	0	0	0	0	0	0	0	0	0	1
paper_generalization:g09_kcnq1ot1_3p_2048_chr11__pair01	historical_paper_generalization_available	g09_kcnq1ot1_3p_2048_chr11	1	stability		matched	0	0	1	1	cd72729ccfb3fffca8b751bf3efffabc290626632bcdae2bafbd127c4c651647	cd72729ccfb3fffca8b751bf3efffabc290626632bcdae2bafbd127c4c651647	1	1	1	1	1	0	0	0	0	0	0	0	0	0	0	1
paper_generalization:g09_kcnq1ot1_3p_2048_chr11__pair01	historical_paper_generalization_available	g09_kcnq1ot1_3p_2048_chr11	1	stability		matched	1	1	2	2	9c89830ff3d7e1069a0670a707d479495b636b9eb401322a1f9c1bbe70000eb7	9c89830ff3d7e1069a0670a707d479495b636b9eb401322a1f9c1bbe70000eb7	1	1	1	1	1	0	0	0	0	0	0	0	0	0	0	1
paper_generalization:g09_kcnq1ot1_3p_2048_chr11__pair01	historical_paper_generalization_available	g09_kcnq1ot1_3p_2048_chr11	1	stability		matched	2	2	3	3	4784cf01b7953645d31e8cc5a18c1c9f121fa9d329de78333f315361a3f42e72	4784cf01b7953645d31e8cc5a18c1c9f121fa9d329de78333f315361a3f42e72	1	1	1	1	1	0	0	0	0	0	0	0	0	0	0	1
paper_generalization:g09_kcnq1ot1_3p_2048_chr11__pair01	historical_paper_generalization_available	g09_kcnq1ot1_3p_2048_chr11	1	stability		matched	3	3	4	4	0b346bcfded0631a861ace999d8445d776492abe62ca8ff2005488e667aa592e	0b346bcfded0631a861ace999d8445d776492abe62ca8ff2005488e667aa592e	1	1	1	1	1	0	0	0	0	0	0	0	0	0	0	1
paper_generalization:g09_kcnq1ot1_3p_2048_chr11__pair01	historical_paper_generalization_available	g09_kcnq1ot1_3p_2048_chr11	1	stability		matched	4	4	5	5	46b5f7381e5549dc84d7eef599b718949e0f8bfe557b67e2d85e48af48599750	46b5f7381e5549dc84d7eef599b718949e0f8bfe557b67e2d85e48af48599750	1	1	1	1	1	0	0	0	0	0	0	0	0	0	0	1
paper_generalization:g09_kcnq1ot1_3p_2048_chr11__pair01	historical_paper_generalization_available	g09_kcnq1ot1_3p_2048_chr11	1	nt	same candidate site endpoint shift;strict-row diagnostic mismatch	matched	0	0	1	1	57d404eb5dd77d4745aa682f371e7064c878f8382d88b4e43a5fdbfb50529051	57d404eb5dd77d4745aa682f371e7064c878f8382d88b4e43a5fdbfb50529051	1	1	1	1	1	0	0	0	0	0	0	0	0	0	0	1
paper_generalization:g09_kcnq1ot1_3p_2048_chr11__pair01	historical_paper_generalization_available	g09_kcnq1ot1_3p_2048_chr11	1	nt	same candidate site endpoint shift;strict-row diagnostic mismatch	matched	1	1	2	2	c0547d209b6da5f0d1efce85cdb2c9e6df21bdc059b95c0f1d328ea76fad163b	c0547d209b6da5f0d1efce85cdb2c9e6df21bdc059b95c0f1d328ea76fad163b	1	1	1	1	1	0	0	0	0	0	0	0	0	0	0	1
paper_generalization:g09_kcnq1ot1_3p_2048_chr11__pair01	historical_paper_generalization_available	g09_kcnq1ot1_3p_2048_chr11	1	nt	same candidate site endpoint shift;strict-row diagnostic mismatch	matched	2	2	3	3	799bfa97893173a02521e6616855a61177434fc90b6738fba206c2090f56922a	799bfa97893173a02521e6616855a61177434fc90b6738fba206c2090f56922a	1	1	1	1	1	0	0	0	0	0	0	0	0	0	0	1
paper_generalization:g09_kcnq1ot1_3p_2048_chr11__pair01	historical_paper_generalization_available	g09_kcnq1ot1_3p_2048_chr11	1	nt	same candidate site endpoint shift;strict-row diagnostic mismatch	matched	3	3	4	4	f625f5f8ba8edc6f8beef46975bbe8b984511966d96822d253f712b2df7403b8	f625f5f8ba8edc6f8beef46975bbe8b984511966d96822d253f712b2df7403b8	1	1	1	1	1	0	0	0	0	0	0	0	0	0	0	1
paper_generalization:g09_kcnq1ot1_3p_2048_chr11__pair01	historical_paper_generalization_available	g09_kcnq1ot1_3p_2048_chr11	1	nt	same candidate site endpoint shift;strict-row diagnostic mismatch	matched	4	4	5	5	7a6947b4264264757d8b7948df891bf2f25eadb38109b4196a7244c2d20983b7	e5d9380ba08636d3ecbf954c686b14199e71c00066cf9e85661f1ba52f4550af	1	20/21	20/21	0	1	0	7	17	1	0	1	0	0	0	0.06579	0
paper_generalization:g09_kcnq1ot1_3p_2048_chr11__pair02	historical_paper_generalization_available	g09_kcnq1ot1_3p_2048_chr11	2	score		matched	0	0	1	1	b073b04057dc7e49e1d2e962b1c81f85dd2394b8879ae95080b6a9055b0396c0	b073b04057dc7e49e1d2e962b1c81f85dd2394b8879ae95080b6a9055b0396c0	1	1	1	1	1	0	0	0	0	0	0	0	0	0	0	1
paper_generalization:g09_kcnq1ot1_3p_2048_chr11__pair02	historical_paper_generalization_available	g09_kcnq1ot1_3p_2048_chr11	2	score		matched	1	1	2	2	3fb95f426957cf49eed2dd356142c9841a4cb4848b0da6334a4521b7f12389f0	3fb95f426957cf49eed2dd356142c9841a4cb4848b0da6334a4521b7f12389f0	1	1	1	1	1	0	0	0	0	0	0	0	0	0	0	1
paper_generalization:g09_kcnq1ot1_3p_2048_chr11__pair02	historical_paper_generalization_available	g09_kcnq1ot1_3p_2048_chr11	2	score		matched	2	2	3	3	12fa2952a440e59a8481b108820e102a3c3a1438eaa378636ed5fec3c270ea88	12fa2952a440e59a8481b108820e102a3c3a1438eaa378636ed5fec3c270ea88	1	1	1	1	1	0	0	0	0	0	0	0	0	0	0	1
paper_generalization:g09_kcnq1ot1_3p_2048_chr11__pair02	historical_paper_generalization_available	g09_kcnq1ot1_3p_2048_chr11	2	score		matched	3	3	4	4	78e0de90675088a448138e6eda7f3573f71cac3b97ad0c09514c06d8db657e23	78e0de90675088a448138e6eda7f3573f71cac3b97ad0c09514c06d8db657e23	1	1	1	1	1	0	0	0	0	0	0	0	0	0	0	1
paper_generalization:g09_kcnq1ot1_3p_2048_chr11__pair02	historical_paper_generalization_available	g09_kcnq1ot1_3p_2048_chr11	2	score		matched	4	4	5	5	57d404eb5dd77d4745aa682f371e7064c878f8382d88b4e43a5fdbfb50529051	57d404eb5dd77d4745aa682f371e7064c878f8382d88b4e43a5fdbfb50529051	1	1	1	1	1	0	0	0	0	0	0	0	0	0	0	1
paper_generalization:g09_kcnq1ot1_3p_2048_chr11__pair02	historical_paper_generalization_available	g09_kcnq1ot1_3p_2048_chr11	2	stability		matched	0	0	1	1	cd72729ccfb3fffca8b751bf3efffabc290626632bcdae2bafbd127c4c651647	cd72729ccfb3fffca8b751bf3efffabc290626632bcdae2bafbd127c4c651647	1	1	1	1	1	0	0	0	0	0	0	0	0	0	0	1
paper_generalization:g09_kcnq1ot1_3p_2048_chr11__pair02	historical_paper_generalization_available	g09_kcnq1ot1_3p_2048_chr11	2	stability		matched	1	1	2	2	9c89830ff3d7e1069a0670a707d479495b636b9eb401322a1f9c1bbe70000eb7	9c89830ff3d7e1069a0670a707d479495b636b9eb401322a1f9c1bbe70000eb7	1	1	1	1	1	0	0	0	0	0	0	0	0	0	0	1
paper_generalization:g09_kcnq1ot1_3p_2048_chr11__pair02	historical_paper_generalization_available	g09_kcnq1ot1_3p_2048_chr11	2	stability		matched	2	2	3	3	4784cf01b7953645d31e8cc5a18c1c9f121fa9d329de78333f315361a3f42e72	4784cf01b7953645d31e8cc5a18c1c9f121fa9d329de78333f315361a3f42e72	1	1	1	1	1	0	0	0	0	0	0	0	0	0	0	1
paper_generalization:g09_kcnq1ot1_3p_2048_chr11__pair02	historical_paper_generalization_available	g09_kcnq1ot1_3p_2048_chr11	2	stability		matched	3	3	4	4	0b346bcfded0631a861ace999d8445d776492abe62ca8ff2005488e667aa592e	0b346bcfded0631a861ace999d8445d776492abe62ca8ff2005488e667aa592e	1	1	1	1	1	0	0	0	0	0	0	0	0	0	0	1
paper_generalization:g09_kcnq1ot1_3p_2048_chr11__pair02	historical_paper_generalization_available	g09_kcnq1ot1_3p_2048_chr11	2	stability		matched	4	4	5	5	46b5f7381e5549dc84d7eef599b718949e0f8bfe557b67e2d85e48af48599750	46b5f7381e5549dc84d7eef599b718949e0f8bfe557b67e2d85e48af48599750	1	1	1	1	1	0	0	0	0	0	0	0	0	0	0	1
paper_generalization:g09_kcnq1ot1_3p_2048_chr11__pair02	historical_paper_generalization_available	g09_kcnq1ot1_3p_2048_chr11	2	nt	same candidate site endpoint shift;strict-row diagnostic mismatch	matched	0	0	1	1	57d404eb5dd77d4745aa682f371e7064c878f8382d88b4e43a5fdbfb50529051	57d404eb5dd77d4745aa682f371e7064c878f8382d88b4e43a5fdbfb50529051	1	1	1	1	1	0	0	0	0	0	0	0	0	0	0	1
paper_generalization:g09_kcnq1ot1_3p_2048_chr11__pair02	historical_paper_generalization_available	g09_kcnq1ot1_3p_2048_chr11	2	nt	same candidate site endpoint shift;strict-row diagnostic mismatch	matched	1	1	2	2	c0547d209b6da5f0d1efce85cdb2c9e6df21bdc059b95c0f1d328ea76fad163b	c0547d209b6da5f0d1efce85cdb2c9e6df21bdc059b95c0f1d328ea76fad163b	1	1	1	1	1	0	0	0	0	0	0	0	0	0	0	1
paper_generalization:g09_kcnq1ot1_3p_2048_chr11__pair02	historical_paper_generalization_available	g09_kcnq1ot1_3p_2048_chr11	2	nt	same candidate site endpoint shift;strict-row diagnostic mismatch	matched	2	2	3	3	799bfa97893173a02521e6616855a61177434fc90b6738fba206c2090f56922a	799bfa97893173a02521e6616855a61177434fc90b6738fba206c2090f56922a	1	1	1	1	1	0	0	0	0	0	0	0	0	0	0	1
paper_generalization:g09_kcnq1ot1_3p_2048_chr11__pair02	historical_paper_generalization_available	g09_kcnq1ot1_3p_2048_chr11	2	nt	same candidate site endpoint shift;strict-row diagnostic mismatch	matched	3	3	4	4	f625f5f8ba8edc6f8beef46975bbe8b984511966d96822d253f712b2df7403b8	f625f5f8ba8edc6f8beef46975bbe8b984511966d96822d253f712b2df7403b8	1	1	1	1	1	0	0	0	0	0	0	0	0	0	0	1
paper_generalization:g09_kcnq1ot1_3p_2048_chr11__pair02	historical_paper_generalization_available	g09_kcnq1ot1_3p_2048_chr11	2	nt	same candidate site endpoint shift;strict-row diagnostic mismatch	matched	4	4	5	5	7a6947b4264264757d8b7948df891bf2f25eadb38109b4196a7244c2d20983b7	e5d9380ba08636d3ecbf954c686b14199e71c00066cf9e85661f1ba52f4550af	1	20/21	20/21	0	1	0	7	17	1	0	1	0	0	0	0.06579	0
paper_generalization:g09_kcnq1ot1_3p_2048_chr11__pair03	historical_paper_generalization_available	g09_kcnq1ot1_3p_2048_chr11	3	score		matched	0	0	1	1	b073b04057dc7e49e1d2e962b1c81f85dd2394b8879ae95080b6a9055b0396c0	b073b04057dc7e49e1d2e962b1c81f85dd2394b8879ae95080b6a9055b0396c0	1	1	1	1	1	0	0	0	0	0	0	0	0	0	0	1
paper_generalization:g09_kcnq1ot1_3p_2048_chr11__pair03	historical_paper_generalization_available	g09_kcnq1ot1_3p_2048_chr11	3	score		matched	1	1	2	2	3fb95f426957cf49eed2dd356142c9841a4cb4848b0da6334a4521b7f12389f0	3fb95f426957cf49eed2dd356142c9841a4cb4848b0da6334a4521b7f12389f0	1	1	1	1	1	0	0	0	0	0	0	0	0	0	0	1
paper_generalization:g09_kcnq1ot1_3p_2048_chr11__pair03	historical_paper_generalization_available	g09_kcnq1ot1_3p_2048_chr11	3	score		matched	2	2	3	3	12fa2952a440e59a8481b108820e102a3c3a1438eaa378636ed5fec3c270ea88	12fa2952a440e59a8481b108820e102a3c3a1438eaa378636ed5fec3c270ea88	1	1	1	1	1	0	0	0	0	0	0	0	0	0	0	1
paper_generalization:g09_kcnq1ot1_3p_2048_chr11__pair03	historical_paper_generalization_available	g09_kcnq1ot1_3p_2048_chr11	3	score		matched	3	3	4	4	78e0de90675088a448138e6eda7f3573f71cac3b97ad0c09514c06d8db657e23	78e0de90675088a448138e6eda7f3573f71cac3b97ad0c09514c06d8db657e23	1	1	1	1	1	0	0	0	0	0	0	0	0	0	0	1
paper_generalization:g09_kcnq1ot1_3p_2048_chr11__pair03	historical_paper_generalization_available	g09_kcnq1ot1_3p_2048_chr11	3	score		matched	4	4	5	5	57d404eb5dd77d4745aa682f371e7064c878f8382d88b4e43a5fdbfb50529051	57d404eb5dd77d4745aa682f371e7064c878f8382d88b4e43a5fdbfb50529051	1	1	1	1	1	0	0	0	0	0	0	0	0	0	0	1
paper_generalization:g09_kcnq1ot1_3p_2048_chr11__pair03	historical_paper_generalization_available	g09_kcnq1ot1_3p_2048_chr11	3	stability		matched	0	0	1	1	cd72729ccfb3fffca8b751bf3efffabc290626632bcdae2bafbd127c4c651647	cd72729ccfb3fffca8b751bf3efffabc290626632bcdae2bafbd127c4c651647	1	1	1	1	1	0	0	0	0	0	0	0	0	0	0	1
paper_generalization:g09_kcnq1ot1_3p_2048_chr11__pair03	historical_paper_generalization_available	g09_kcnq1ot1_3p_2048_chr11	3	stability		matched	1	1	2	2	9c89830ff3d7e1069a0670a707d479495b636b9eb401322a1f9c1bbe70000eb7	9c89830ff3d7e1069a0670a707d479495b636b9eb401322a1f9c1bbe70000eb7	1	1	1	1	1	0	0	0	0	0	0	0	0	0	0	1
paper_generalization:g09_kcnq1ot1_3p_2048_chr11__pair03	historical_paper_generalization_available	g09_kcnq1ot1_3p_2048_chr11	3	stability		matched	2	2	3	3	4784cf01b7953645d31e8cc5a18c1c9f121fa9d329de78333f315361a3f42e72	4784cf01b7953645d31e8cc5a18c1c9f121fa9d329de78333f315361a3f42e72	1	1	1	1	1	0	0	0	0	0	0	0	0	0	0	1
paper_generalization:g09_kcnq1ot1_3p_2048_chr11__pair03	historical_paper_generalization_available	g09_kcnq1ot1_3p_2048_chr11	3	stability		matched	3	3	4	4	0b346bcfded0631a861ace999d8445d776492abe62ca8ff2005488e667aa592e	0b346bcfded0631a861ace999d8445d776492abe62ca8ff2005488e667aa592e	1	1	1	1	1	0	0	0	0	0	0	0	0	0	0	1
paper_generalization:g09_kcnq1ot1_3p_2048_chr11__pair03	historical_paper_generalization_available	g09_kcnq1ot1_3p_2048_chr11	3	stability		matched	4	4	5	5	46b5f7381e5549dc84d7eef599b718949e0f8bfe557b67e2d85e48af48599750	46b5f7381e5549dc84d7eef599b718949e0f8bfe557b67e2d85e48af48599750	1	1	1	1	1	0	0	0	0	0	0	0	0	0	0	1
paper_generalization:g09_kcnq1ot1_3p_2048_chr11__pair03	historical_paper_generalization_available	g09_kcnq1ot1_3p_2048_chr11	3	nt	same candidate site endpoint shift;strict-row diagnostic mismatch	matched	0	0	1	1	57d404eb5dd77d4745aa682f371e7064c878f8382d88b4e43a5fdbfb50529051	57d404eb5dd77d4745aa682f371e7064c878f8382d88b4e43a5fdbfb50529051	1	1	1	1	1	0	0	0	0	0	0	0	0	0	0	1
paper_generalization:g09_kcnq1ot1_3p_2048_chr11__pair03	historical_paper_generalization_available	g09_kcnq1ot1_3p_2048_chr11	3	nt	same candidate site endpoint shift;strict-row diagnostic mismatch	matched	1	1	2	2	c0547d209b6da5f0d1efce85cdb2c9e6df21bdc059b95c0f1d328ea76fad163b	c0547d209b6da5f0d1efce85cdb2c9e6df21bdc059b95c0f1d328ea76fad163b	1	1	1	1	1	0	0	0	0	0	0	0	0	0	0	1
paper_generalization:g09_kcnq1ot1_3p_2048_chr11__pair03	historical_paper_generalization_available	g09_kcnq1ot1_3p_2048_chr11	3	nt	same candidate site endpoint shift;strict-row diagnostic mismatch	matched	2	2	3	3	799bfa97893173a02521e6616855a61177434fc90b6738fba206c2090f56922a	799bfa97893173a02521e6616855a61177434fc90b6738fba206c2090f56922a	1	1	1	1	1	0	0	0	0	0	0	0	0	0	0	1
paper_generalization:g09_kcnq1ot1_3p_2048_chr11__pair03	historical_paper_generalization_available	g09_kcnq1ot1_3p_2048_chr11	3	nt	same candidate site endpoint shift;strict-row diagnostic mismatch	matched	3	3	4	4	f625f5f8ba8edc6f8beef46975bbe8b984511966d96822d253f712b2df7403b8	f625f5f8ba8edc6f8beef46975bbe8b984511966d96822d253f712b2df7403b8	1	1	1	1	1	0	0	0	0	0	0	0	0	0	0	1
paper_generalization:g09_kcnq1ot1_3p_2048_chr11__pair03	historical_paper_generalization_available	g09_kcnq1ot1_3p_2048_chr11	3	nt	same candidate site endpoint shift;strict-row diagnostic mismatch	matched	4	4	5	5	7a6947b4264264757d8b7948df891bf2f25eadb38109b4196a7244c2d20983b7	e5d9380ba08636d3ecbf954c686b14199e71c00066cf9e85661f1ba52f4550af	1	20/21	20/21	0	1	0	7	17	1	0	1	0	0	0	0.06579	0
paper_generalization:g09_kcnq1ot1_3p_2048_chr11__warmup	historical_paper_generalization_available	g09_kcnq1ot1_3p_2048_chr11	0	score		matched	0	0	1	1	b073b04057dc7e49e1d2e962b1c81f85dd2394b8879ae95080b6a9055b0396c0	b073b04057dc7e49e1d2e962b1c81f85dd2394b8879ae95080b6a9055b0396c0	1	1	1	1	1	0	0	0	0	0	0	0	0	0	0	1
paper_generalization:g09_kcnq1ot1_3p_2048_chr11__warmup	historical_paper_generalization_available	g09_kcnq1ot1_3p_2048_chr11	0	score		matched	1	1	2	2	3fb95f426957cf49eed2dd356142c9841a4cb4848b0da6334a4521b7f12389f0	3fb95f426957cf49eed2dd356142c9841a4cb4848b0da6334a4521b7f12389f0	1	1	1	1	1	0	0	0	0	0	0	0	0	0	0	1
paper_generalization:g09_kcnq1ot1_3p_2048_chr11__warmup	historical_paper_generalization_available	g09_kcnq1ot1_3p_2048_chr11	0	score		matched	2	2	3	3	12fa2952a440e59a8481b108820e102a3c3a1438eaa378636ed5fec3c270ea88	12fa2952a440e59a8481b108820e102a3c3a1438eaa378636ed5fec3c270ea88	1	1	1	1	1	0	0	0	0	0	0	0	0	0	0	1
paper_generalization:g09_kcnq1ot1_3p_2048_chr11__warmup	historical_paper_generalization_available	g09_kcnq1ot1_3p_2048_chr11	0	score		matched	3	3	4	4	78e0de90675088a448138e6eda7f3573f71cac3b97ad0c09514c06d8db657e23	78e0de90675088a448138e6eda7f3573f71cac3b97ad0c09514c06d8db657e23	1	1	1	1	1	0	0	0	0	0	0	0	0	0	0	1
paper_generalization:g09_kcnq1ot1_3p_2048_chr11__warmup	historical_paper_generalization_available	g09_kcnq1ot1_3p_2048_chr11	0	score		matched	4	4	5	5	57d404eb5dd77d4745aa682f371e7064c878f8382d88b4e43a5fdbfb50529051	57d404eb5dd77d4745aa682f371e7064c878f8382d88b4e43a5fdbfb50529051	1	1	1	1	1	0	0	0	0	0	0	0	0	0	0	1
paper_generalization:g09_kcnq1ot1_3p_2048_chr11__warmup	historical_paper_generalization_available	g09_kcnq1ot1_3p_2048_chr11	0	stability		matched	0	0	1	1	cd72729ccfb3fffca8b751bf3efffabc290626632bcdae2bafbd127c4c651647	cd72729ccfb3fffca8b751bf3efffabc290626632bcdae2bafbd127c4c651647	1	1	1	1	1	0	0	0	0	0	0	0	0	0	0	1
paper_generalization:g09_kcnq1ot1_3p_2048_chr11__warmup	historical_paper_generalization_available	g09_kcnq1ot1_3p_2048_chr11	0	stability		matched	1	1	2	2	9c89830ff3d7e1069a0670a707d479495b636b9eb401322a1f9c1bbe70000eb7	9c89830ff3d7e1069a0670a707d479495b636b9eb401322a1f9c1bbe70000eb7	1	1	1	1	1	0	0	0	0	0	0	0	0	0	0	1
paper_generalization:g09_kcnq1ot1_3p_2048_chr11__warmup	historical_paper_generalization_available	g09_kcnq1ot1_3p_2048_chr11	0	stability		matched	2	2	3	3	4784cf01b7953645d31e8cc5a18c1c9f121fa9d329de78333f315361a3f42e72	4784cf01b7953645d31e8cc5a18c1c9f121fa9d329de78333f315361a3f42e72	1	1	1	1	1	0	0	0	0	0	0	0	0	0	0	1
paper_generalization:g09_kcnq1ot1_3p_2048_chr11__warmup	historical_paper_generalization_available	g09_kcnq1ot1_3p_2048_chr11	0	stability		matched	3	3	4	4	0b346bcfded0631a861ace999d8445d776492abe62ca8ff2005488e667aa592e	0b346bcfded0631a861ace999d8445d776492abe62ca8ff2005488e667aa592e	1	1	1	1	1	0	0	0	0	0	0	0	0	0	0	1
paper_generalization:g09_kcnq1ot1_3p_2048_chr11__warmup	historical_paper_generalization_available	g09_kcnq1ot1_3p_2048_chr11	0	stability		matched	4	4	5	5	46b5f7381e5549dc84d7eef599b718949e0f8bfe557b67e2d85e48af48599750	46b5f7381e5549dc84d7eef599b718949e0f8bfe557b67e2d85e48af48599750	1	1	1	1	1	0	0	0	0	0	0	0	0	0	0	1
paper_generalization:g09_kcnq1ot1_3p_2048_chr11__warmup	historical_paper_generalization_available	g09_kcnq1ot1_3p_2048_chr11	0	nt	same candidate site endpoint shift;strict-row diagnostic mismatch	matched	0	0	1	1	57d404eb5dd77d4745aa682f371e7064c878f8382d88b4e43a5fdbfb50529051	57d404eb5dd77d4745aa682f371e7064c878f8382d88b4e43a5fdbfb50529051	1	1	1	1	1	0	0	0	0	0	0	0	0	0	0	1
paper_generalization:g09_kcnq1ot1_3p_2048_chr11__warmup	historical_paper_generalization_available	g09_kcnq1ot1_3p_2048_chr11	0	nt	same candidate site endpoint shift;strict-row diagnostic mismatch	matched	1	1	2	2	c0547d209b6da5f0d1efce85cdb2c9e6df21bdc059b95c0f1d328ea76fad163b	c0547d209b6da5f0d1efce85cdb2c9e6df21bdc059b95c0f1d328ea76fad163b	1	1	1	1	1	0	0	0	0	0	0	0	0	0	0	1
paper_generalization:g09_kcnq1ot1_3p_2048_chr11__warmup	historical_paper_generalization_available	g09_kcnq1ot1_3p_2048_chr11	0	nt	same candidate site endpoint shift;strict-row diagnostic mismatch	matched	2	2	3	3	799bfa97893173a02521e6616855a61177434fc90b6738fba206c2090f56922a	799bfa97893173a02521e6616855a61177434fc90b6738fba206c2090f56922a	1	1	1	1	1	0	0	0	0	0	0	0	0	0	0	1
paper_generalization:g09_kcnq1ot1_3p_2048_chr11__warmup	historical_paper_generalization_available	g09_kcnq1ot1_3p_2048_chr11	0	nt	same candidate site endpoint shift;strict-row diagnostic mismatch	matched	3	3	4	4	f625f5f8ba8edc6f8beef46975bbe8b984511966d96822d253f712b2df7403b8	f625f5f8ba8edc6f8beef46975bbe8b984511966d96822d253f712b2df7403b8	1	1	1	1	1	0	0	0	0	0	0	0	0	0	0	1
paper_generalization:g09_kcnq1ot1_3p_2048_chr11__warmup	historical_paper_generalization_available	g09_kcnq1ot1_3p_2048_chr11	0	nt	same candidate site endpoint shift;strict-row diagnostic mismatch	matched	4	4	5	5	7a6947b4264264757d8b7948df891bf2f25eadb38109b4196a7244c2d20983b7	e5d9380ba08636d3ecbf954c686b14199e71c00066cf9e85661f1ba52f4550af	1	20/21	20/21	0	1	0	7	17	1	0	1	0	0	0	0.06579	0
paper_generalization:g10_h19_full_chr11__pair01	historical_paper_generalization_available	g10_h19_full_chr11	1	score		matched	0	0	1	1	ba797cedf36e73bc15cd84d728c0ce2dd7769ccecf4f04205c1d2fc7de21193b	ba797cedf36e73bc15cd84d728c0ce2dd7769ccecf4f04205c1d2fc7de21193b	1	1	1	1	1	0	0	0	0	0	0	0	0	0	0	1
paper_generalization:g10_h19_full_chr11__pair01	historical_paper_generalization_available	g10_h19_full_chr11	1	score		matched	1	1	2	2	123c7cd05bc4d5bc88d2da94e4b5e2e75b2141dd0ffc20cab1c21df995482cab	123c7cd05bc4d5bc88d2da94e4b5e2e75b2141dd0ffc20cab1c21df995482cab	1	1	1	1	1	0	0	0	0	0	0	0	0	0	0	1
paper_generalization:g10_h19_full_chr11__pair01	historical_paper_generalization_available	g10_h19_full_chr11	1	score		matched	2	2	3	3	62a1b3c078bd958dcdcac29757d3c3379cba9c19f1ac071cf48d71e2ce213da7	62a1b3c078bd958dcdcac29757d3c3379cba9c19f1ac071cf48d71e2ce213da7	1	1	1	1	1	0	0	0	0	0	0	0	0	0	0	1
paper_generalization:g10_h19_full_chr11__pair01	historical_paper_generalization_available	g10_h19_full_chr11	1	score		matched	3	3	4	4	8415d0a71ee273ee7c032e2ce0741b1c5d844069260901266de773be2feca731	8415d0a71ee273ee7c032e2ce0741b1c5d844069260901266de773be2feca731	1	1	1	1	1	0	0	0	0	0	0	0	0	0	0	1
paper_generalization:g10_h19_full_chr11__pair01	historical_paper_generalization_available	g10_h19_full_chr11	1	score		matched	4	4	5	5	0bdb20e06bf9afd1c079bb05369f07a8c412f6aea3c3a4989d533606475098fc	0bdb20e06bf9afd1c079bb05369f07a8c412f6aea3c3a4989d533606475098fc	1	1	1	1	1	0	0	0	0	0	0	0	0	0	0	1
paper_generalization:g10_h19_full_chr11__pair01	historical_paper_generalization_available	g10_h19_full_chr11	1	stability		matched	0	0	1	1	5047d4286fdd1eafdc2d3b36e00694f482ffb263e48f1c1b662cb1f2feb45f10	5047d4286fdd1eafdc2d3b36e00694f482ffb263e48f1c1b662cb1f2feb45f10	1	1	1	1	1	0	0	0	0	0	0	0	0	0	0	1
paper_generalization:g10_h19_full_chr11__pair01	historical_paper_generalization_available	g10_h19_full_chr11	1	stability		matched	1	1	2	2	4d1cab6288f85a3c7be4c6050ef3e24896a71b5ade31f1dbbc43e7aaffafee02	4d1cab6288f85a3c7be4c6050ef3e24896a71b5ade31f1dbbc43e7aaffafee02	1	1	1	1	1	0	0	0	0	0	0	0	0	0	0	1
paper_generalization:g10_h19_full_chr11__pair01	historical_paper_generalization_available	g10_h19_full_chr11	1	stability		matched	2	2	3	3	ab1c46fc567ac88c963c3d87aac9f5b44f1a3a9c34c264ec4089355d57b7019e	ab1c46fc567ac88c963c3d87aac9f5b44f1a3a9c34c264ec4089355d57b7019e	1	1	1	1	1	0	0	0	0	0	0	0	0	0	0	1
paper_generalization:g10_h19_full_chr11__pair01	historical_paper_generalization_available	g10_h19_full_chr11	1	stability		matched	3	3	4	4	44cc13e6f308735f2ea397595d2d85ad20761d363bb2e5b616b6cf299a5d7c99	44cc13e6f308735f2ea397595d2d85ad20761d363bb2e5b616b6cf299a5d7c99	1	1	1	1	1	0	0	0	0	0	0	0	0	0	0	1
paper_generalization:g10_h19_full_chr11__pair01	historical_paper_generalization_available	g10_h19_full_chr11	1	stability		matched	4	4	5	5	4681e22bb9cadbf6145df8b3666cad4b3646d625fb1eee8ad3caff35013e97e9	4681e22bb9cadbf6145df8b3666cad4b3646d625fb1eee8ad3caff35013e97e9	1	1	1	1	1	0	0	0	0	0	0	0	0	0	0	1
paper_generalization:g10_h19_full_chr11__pair01	historical_paper_generalization_available	g10_h19_full_chr11	1	nt		matched	0	0	1	1	ba797cedf36e73bc15cd84d728c0ce2dd7769ccecf4f04205c1d2fc7de21193b	ba797cedf36e73bc15cd84d728c0ce2dd7769ccecf4f04205c1d2fc7de21193b	1	1	1	1	1	0	0	0	0	0	0	0	0	0	0	1
paper_generalization:g10_h19_full_chr11__pair01	historical_paper_generalization_available	g10_h19_full_chr11	1	nt		matched	1	1	2	2	43773b3948361dde99e8f2578a7d5fb27dd1f59bd1d04fc2cf3b4117401e6d72	43773b3948361dde99e8f2578a7d5fb27dd1f59bd1d04fc2cf3b4117401e6d72	1	1	1	1	1	0	0	0	0	0	0	0	0	0	0	1
paper_generalization:g10_h19_full_chr11__pair01	historical_paper_generalization_available	g10_h19_full_chr11	1	nt		matched	2	2	3	3	5529a162a2a2f28e35eb86fe0b8898da5079bad213d798d9f947c337c3ebf29e	5529a162a2a2f28e35eb86fe0b8898da5079bad213d798d9f947c337c3ebf29e	1	1	1	1	1	0	0	0	0	0	0	0	0	0	0	1
paper_generalization:g10_h19_full_chr11__pair01	historical_paper_generalization_available	g10_h19_full_chr11	1	nt		matched	3	3	4	4	22d857cd9e46b935278219bac2f468679f73b8b3b1ebcaae8c4df49b3ef0e002	22d857cd9e46b935278219bac2f468679f73b8b3b1ebcaae8c4df49b3ef0e002	1	1	1	1	1	0	0	0	0	0	0	0	0	0	0	1
paper_generalization:g10_h19_full_chr11__pair01	historical_paper_generalization_available	g10_h19_full_chr11	1	nt		matched	4	4	5	5	8958ee2098988f228eace94c11980f90456a2ba5a79a8cb1f393708c0cc66f27	8958ee2098988f228eace94c11980f90456a2ba5a79a8cb1f393708c0cc66f27	1	1	1	1	1	0	0	0	0	0	0	0	0	0	0	1
paper_generalization:g10_h19_full_chr11__warmup	historical_paper_generalization_available	g10_h19_full_chr11	0	score		matched	0	0	1	1	ba797cedf36e73bc15cd84d728c0ce2dd7769ccecf4f04205c1d2fc7de21193b	ba797cedf36e73bc15cd84d728c0ce2dd7769ccecf4f04205c1d2fc7de21193b	1	1	1	1	1	0	0	0	0	0	0	0	0	0	0	1
paper_generalization:g10_h19_full_chr11__warmup	historical_paper_generalization_available	g10_h19_full_chr11	0	score		matched	1	1	2	2	123c7cd05bc4d5bc88d2da94e4b5e2e75b2141dd0ffc20cab1c21df995482cab	123c7cd05bc4d5bc88d2da94e4b5e2e75b2141dd0ffc20cab1c21df995482cab	1	1	1	1	1	0	0	0	0	0	0	0	0	0	0	1
paper_generalization:g10_h19_full_chr11__warmup	historical_paper_generalization_available	g10_h19_full_chr11	0	score		matched	2	2	3	3	62a1b3c078bd958dcdcac29757d3c3379cba9c19f1ac071cf48d71e2ce213da7	62a1b3c078bd958dcdcac29757d3c3379cba9c19f1ac071cf48d71e2ce213da7	1	1	1	1	1	0	0	0	0	0	0	0	0	0	0	1
paper_generalization:g10_h19_full_chr11__warmup	historical_paper_generalization_available	g10_h19_full_chr11	0	score		matched	3	3	4	4	8415d0a71ee273ee7c032e2ce0741b1c5d844069260901266de773be2feca731	8415d0a71ee273ee7c032e2ce0741b1c5d844069260901266de773be2feca731	1	1	1	1	1	0	0	0	0	0	0	0	0	0	0	1
paper_generalization:g10_h19_full_chr11__warmup	historical_paper_generalization_available	g10_h19_full_chr11	0	score		matched	4	4	5	5	0bdb20e06bf9afd1c079bb05369f07a8c412f6aea3c3a4989d533606475098fc	0bdb20e06bf9afd1c079bb05369f07a8c412f6aea3c3a4989d533606475098fc	1	1	1	1	1	0	0	0	0	0	0	0	0	0	0	1
paper_generalization:g10_h19_full_chr11__warmup	historical_paper_generalization_available	g10_h19_full_chr11	0	stability		matched	0	0	1	1	5047d4286fdd1eafdc2d3b36e00694f482ffb263e48f1c1b662cb1f2feb45f10	5047d4286fdd1eafdc2d3b36e00694f482ffb263e48f1c1b662cb1f2feb45f10	1	1	1	1	1	0	0	0	0	0	0	0	0	0	0	1
paper_generalization:g10_h19_full_chr11__warmup	historical_paper_generalization_available	g10_h19_full_chr11	0	stability		matched	1	1	2	2	4d1cab6288f85a3c7be4c6050ef3e24896a71b5ade31f1dbbc43e7aaffafee02	4d1cab6288f85a3c7be4c6050ef3e24896a71b5ade31f1dbbc43e7aaffafee02	1	1	1	1	1	0	0	0	0	0	0	0	0	0	0	1
paper_generalization:g10_h19_full_chr11__warmup	historical_paper_generalization_available	g10_h19_full_chr11	0	stability		matched	2	2	3	3	ab1c46fc567ac88c963c3d87aac9f5b44f1a3a9c34c264ec4089355d57b7019e	ab1c46fc567ac88c963c3d87aac9f5b44f1a3a9c34c264ec4089355d57b7019e	1	1	1	1	1	0	0	0	0	0	0	0	0	0	0	1
paper_generalization:g10_h19_full_chr11__warmup	historical_paper_generalization_available	g10_h19_full_chr11	0	stability		matched	3	3	4	4	44cc13e6f308735f2ea397595d2d85ad20761d363bb2e5b616b6cf299a5d7c99	44cc13e6f308735f2ea397595d2d85ad20761d363bb2e5b616b6cf299a5d7c99	1	1	1	1	1	0	0	0	0	0	0	0	0	0	0	1
paper_generalization:g10_h19_full_chr11__warmup	historical_paper_generalization_available	g10_h19_full_chr11	0	stability		matched	4	4	5	5	4681e22bb9cadbf6145df8b3666cad4b3646d625fb1eee8ad3caff35013e97e9	4681e22bb9cadbf6145df8b3666cad4b3646d625fb1eee8ad3caff35013e97e9	1	1	1	1	1	0	0	0	0	0	0	0	0	0	0	1
paper_generalization:g10_h19_full_chr11__warmup	historical_paper_generalization_available	g10_h19_full_chr11	0	nt		matched	0	0	1	1	ba797cedf36e73bc15cd84d728c0ce2dd7769ccecf4f04205c1d2fc7de21193b	ba797cedf36e73bc15cd84d728c0ce2dd7769ccecf4f04205c1d2fc7de21193b	1	1	1	1	1	0	0	0	0	0	0	0	0	0	0	1
paper_generalization:g10_h19_full_chr11__warmup	historical_paper_generalization_available	g10_h19_full_chr11	0	nt		matched	1	1	2	2	43773b3948361dde99e8f2578a7d5fb27dd1f59bd1d04fc2cf3b4117401e6d72	43773b3948361dde99e8f2578a7d5fb27dd1f59bd1d04fc2cf3b4117401e6d72	1	1	1	1	1	0	0	0	0	0	0	0	0	0	0	1
paper_generalization:g10_h19_full_chr11__warmup	historical_paper_generalization_available	g10_h19_full_chr11	0	nt		matched	2	2	3	3	5529a162a2a2f28e35eb86fe0b8898da5079bad213d798d9f947c337c3ebf29e	5529a162a2a2f28e35eb86fe0b8898da5079bad213d798d9f947c337c3ebf29e	1	1	1	1	1	0	0	0	0	0	0	0	0	0	0	1
paper_generalization:g10_h19_full_chr11__warmup	historical_paper_generalization_available	g10_h19_full_chr11	0	nt		matched	3	3	4	4	22d857cd9e46b935278219bac2f468679f73b8b3b1ebcaae8c4df49b3ef0e002	22d857cd9e46b935278219bac2f468679f73b8b3b1ebcaae8c4df49b3ef0e002	1	1	1	1	1	0	0	0	0	0	0	0	0	0	0	1
paper_generalization:g10_h19_full_chr11__warmup	historical_paper_generalization_available	g10_h19_full_chr11	0	nt		matched	4	4	5	5	8958ee2098988f228eace94c11980f90456a2ba5a79a8cb1f393708c0cc66f27	8958ee2098988f228eace94c11980f90456a2ba5a79a8cb1f393708c0cc66f27	1	1	1	1	1	0	0	0	0	0	0	0	0	0	0	1
paper_generalization:g11_h19_full_chr21__pair01	historical_paper_generalization_available	g11_h19_full_chr21	1	score		matched	0	0	1	1	03ff6717165d1fe81b73bf3c2a0e2d79615e5feecf83f6812f4c1848a9470abe	03ff6717165d1fe81b73bf3c2a0e2d79615e5feecf83f6812f4c1848a9470abe	1	1	1	1	1	0	0	0	0	0	0	0	0	0	0	1
paper_generalization:g11_h19_full_chr21__pair01	historical_paper_generalization_available	g11_h19_full_chr21	1	score		matched	1	1	2	2	c66672985e5501402b654c06641b6b4e145b26b300fad0f7f3762539fd9399ce	c66672985e5501402b654c06641b6b4e145b26b300fad0f7f3762539fd9399ce	1	1	1	1	1	0	0	0	0	0	0	0	0	0	0	1
paper_generalization:g11_h19_full_chr21__pair01	historical_paper_generalization_available	g11_h19_full_chr21	1	score		matched	2	2	3	3	736a144968a772933fbea271435944fc85848e2f89467b99179952f705d11d6a	736a144968a772933fbea271435944fc85848e2f89467b99179952f705d11d6a	1	1	1	1	1	0	0	0	0	0	0	0	0	0	0	1
paper_generalization:g11_h19_full_chr21__pair01	historical_paper_generalization_available	g11_h19_full_chr21	1	score		matched	3	3	4	4	65be5167fec17ecef630c2cfe3fa24fbecea603d2564057f7f1df09e90fc6d51	65be5167fec17ecef630c2cfe3fa24fbecea603d2564057f7f1df09e90fc6d51	1	1	1	1	1	0	0	0	0	0	0	0	0	0	0	1
paper_generalization:g11_h19_full_chr21__pair01	historical_paper_generalization_available	g11_h19_full_chr21	1	score		matched	4	4	5	5	f1da8d5ba35b306458dd2eeeb0418f3fb23aa5b8d5de0e61c719adb351580f47	f1da8d5ba35b306458dd2eeeb0418f3fb23aa5b8d5de0e61c719adb351580f47	1	1	1	1	1	0	0	0	0	0	0	0	0	0	0	1
paper_generalization:g11_h19_full_chr21__pair01	historical_paper_generalization_available	g11_h19_full_chr21	1	stability		matched	0	0	1	1	e6942a3d43eb6a20ff5d9ebe2a83a78d25e07f78205fd1ceec50662f223e9b69	e6942a3d43eb6a20ff5d9ebe2a83a78d25e07f78205fd1ceec50662f223e9b69	1	1	1	1	1	0	0	0	0	0	0	0	0	0	0	1
paper_generalization:g11_h19_full_chr21__pair01	historical_paper_generalization_available	g11_h19_full_chr21	1	stability		matched	1	1	2	2	1ce4b76ed0e0a6b8d3d237f7ea3bdad02a61b4f0c3c06f21a343e6d6ee12169d	1ce4b76ed0e0a6b8d3d237f7ea3bdad02a61b4f0c3c06f21a343e6d6ee12169d	1	1	1	1	1	0	0	0	0	0	0	0	0	0	0	1
paper_generalization:g11_h19_full_chr21__pair01	historical_paper_generalization_available	g11_h19_full_chr21	1	stability		matched	2	2	3	3	1d103b00ff28361cc21a329aa5639662a3137643184083cd7517742ff3b9c782	1d103b00ff28361cc21a329aa5639662a3137643184083cd7517742ff3b9c782	1	1	1	1	1	0	0	0	0	0	0	0	0	0	0	1
paper_generalization:g11_h19_full_chr21__pair01	historical_paper_generalization_available	g11_h19_full_chr21	1	stability		matched	3	3	4	4	72412b37b0f7868c2c9a3a616f771d616b27a350e1acc01852e5eceb79444fa5	72412b37b0f7868c2c9a3a616f771d616b27a350e1acc01852e5eceb79444fa5	1	1	1	1	1	0	0	0	0	0	0	0	0	0	0	1
paper_generalization:g11_h19_full_chr21__pair01	historical_paper_generalization_available	g11_h19_full_chr21	1	stability		matched	4	4	5	5	ea7d2037abd0e852100bd3be522a1b93b5bc930eba2278a9455bf446fb30d1a5	ea7d2037abd0e852100bd3be522a1b93b5bc930eba2278a9455bf446fb30d1a5	1	1	1	1	1	0	0	0	0	0	0	0	0	0	0	1
paper_generalization:g11_h19_full_chr21__pair01	historical_paper_generalization_available	g11_h19_full_chr21	1	nt		matched	0	0	1	1	c66672985e5501402b654c06641b6b4e145b26b300fad0f7f3762539fd9399ce	c66672985e5501402b654c06641b6b4e145b26b300fad0f7f3762539fd9399ce	1	1	1	1	1	0	0	0	0	0	0	0	0	0	0	1
paper_generalization:g11_h19_full_chr21__pair01	historical_paper_generalization_available	g11_h19_full_chr21	1	nt		matched	1	1	2	2	736a144968a772933fbea271435944fc85848e2f89467b99179952f705d11d6a	736a144968a772933fbea271435944fc85848e2f89467b99179952f705d11d6a	1	1	1	1	1	0	0	0	0	0	0	0	0	0	0	1
paper_generalization:g11_h19_full_chr21__pair01	historical_paper_generalization_available	g11_h19_full_chr21	1	nt		matched	2	2	3	3	be574f193397550cf5912c3ca997d783cce70353951e54d77f2fe5af6a0ec4ee	be574f193397550cf5912c3ca997d783cce70353951e54d77f2fe5af6a0ec4ee	1	1	1	1	1	0	0	0	0	0	0	0	0	0	0	1
paper_generalization:g11_h19_full_chr21__pair01	historical_paper_generalization_available	g11_h19_full_chr21	1	nt		matched	3	3	4	4	1699d7fefc61ac83233336e16459868ebf4fc56fd0eacbc04b509b58cc47ea46	1699d7fefc61ac83233336e16459868ebf4fc56fd0eacbc04b509b58cc47ea46	1	1	1	1	1	0	0	0	0	0	0	0	0	0	0	1
paper_generalization:g11_h19_full_chr21__pair01	historical_paper_generalization_available	g11_h19_full_chr21	1	nt		matched	4	4	5	5	f1da8d5ba35b306458dd2eeeb0418f3fb23aa5b8d5de0e61c719adb351580f47	f1da8d5ba35b306458dd2eeeb0418f3fb23aa5b8d5de0e61c719adb351580f47	1	1	1	1	1	0	0	0	0	0	0	0	0	0	0	1
paper_generalization:g11_h19_full_chr21__warmup	historical_paper_generalization_available	g11_h19_full_chr21	0	score		matched	0	0	1	1	03ff6717165d1fe81b73bf3c2a0e2d79615e5feecf83f6812f4c1848a9470abe	03ff6717165d1fe81b73bf3c2a0e2d79615e5feecf83f6812f4c1848a9470abe	1	1	1	1	1	0	0	0	0	0	0	0	0	0	0	1
paper_generalization:g11_h19_full_chr21__warmup	historical_paper_generalization_available	g11_h19_full_chr21	0	score		matched	1	1	2	2	c66672985e5501402b654c06641b6b4e145b26b300fad0f7f3762539fd9399ce	c66672985e5501402b654c06641b6b4e145b26b300fad0f7f3762539fd9399ce	1	1	1	1	1	0	0	0	0	0	0	0	0	0	0	1
paper_generalization:g11_h19_full_chr21__warmup	historical_paper_generalization_available	g11_h19_full_chr21	0	score		matched	2	2	3	3	736a144968a772933fbea271435944fc85848e2f89467b99179952f705d11d6a	736a144968a772933fbea271435944fc85848e2f89467b99179952f705d11d6a	1	1	1	1	1	0	0	0	0	0	0	0	0	0	0	1
paper_generalization:g11_h19_full_chr21__warmup	historical_paper_generalization_available	g11_h19_full_chr21	0	score		matched	3	3	4	4	65be5167fec17ecef630c2cfe3fa24fbecea603d2564057f7f1df09e90fc6d51	65be5167fec17ecef630c2cfe3fa24fbecea603d2564057f7f1df09e90fc6d51	1	1	1	1	1	0	0	0	0	0	0	0	0	0	0	1
paper_generalization:g11_h19_full_chr21__warmup	historical_paper_generalization_available	g11_h19_full_chr21	0	score		matched	4	4	5	5	f1da8d5ba35b306458dd2eeeb0418f3fb23aa5b8d5de0e61c719adb351580f47	f1da8d5ba35b306458dd2eeeb0418f3fb23aa5b8d5de0e61c719adb351580f47	1	1	1	1	1	0	0	0	0	0	0	0	0	0	0	1
paper_generalization:g11_h19_full_chr21__warmup	historical_paper_generalization_available	g11_h19_full_chr21	0	stability		matched	0	0	1	1	e6942a3d43eb6a20ff5d9ebe2a83a78d25e07f78205fd1ceec50662f223e9b69	e6942a3d43eb6a20ff5d9ebe2a83a78d25e07f78205fd1ceec50662f223e9b69	1	1	1	1	1	0	0	0	0	0	0	0	0	0	0	1
paper_generalization:g11_h19_full_chr21__warmup	historical_paper_generalization_available	g11_h19_full_chr21	0	stability		matched	1	1	2	2	1ce4b76ed0e0a6b8d3d237f7ea3bdad02a61b4f0c3c06f21a343e6d6ee12169d	1ce4b76ed0e0a6b8d3d237f7ea3bdad02a61b4f0c3c06f21a343e6d6ee12169d	1	1	1	1	1	0	0	0	0	0	0	0	0	0	0	1
paper_generalization:g11_h19_full_chr21__warmup	historical_paper_generalization_available	g11_h19_full_chr21	0	stability		matched	2	2	3	3	1d103b00ff28361cc21a329aa5639662a3137643184083cd7517742ff3b9c782	1d103b00ff28361cc21a329aa5639662a3137643184083cd7517742ff3b9c782	1	1	1	1	1	0	0	0	0	0	0	0	0	0	0	1
paper_generalization:g11_h19_full_chr21__warmup	historical_paper_generalization_available	g11_h19_full_chr21	0	stability		matched	3	3	4	4	72412b37b0f7868c2c9a3a616f771d616b27a350e1acc01852e5eceb79444fa5	72412b37b0f7868c2c9a3a616f771d616b27a350e1acc01852e5eceb79444fa5	1	1	1	1	1	0	0	0	0	0	0	0	0	0	0	1
paper_generalization:g11_h19_full_chr21__warmup	historical_paper_generalization_available	g11_h19_full_chr21	0	stability		matched	4	4	5	5	ea7d2037abd0e852100bd3be522a1b93b5bc930eba2278a9455bf446fb30d1a5	ea7d2037abd0e852100bd3be522a1b93b5bc930eba2278a9455bf446fb30d1a5	1	1	1	1	1	0	0	0	0	0	0	0	0	0	0	1
paper_generalization:g11_h19_full_chr21__warmup	historical_paper_generalization_available	g11_h19_full_chr21	0	nt		matched	0	0	1	1	c66672985e5501402b654c06641b6b4e145b26b300fad0f7f3762539fd9399ce	c66672985e5501402b654c06641b6b4e145b26b300fad0f7f3762539fd9399ce	1	1	1	1	1	0	0	0	0	0	0	0	0	0	0	1
paper_generalization:g11_h19_full_chr21__warmup	historical_paper_generalization_available	g11_h19_full_chr21	0	nt		matched	1	1	2	2	736a144968a772933fbea271435944fc85848e2f89467b99179952f705d11d6a	736a144968a772933fbea271435944fc85848e2f89467b99179952f705d11d6a	1	1	1	1	1	0	0	0	0	0	0	0	0	0	0	1
paper_generalization:g11_h19_full_chr21__warmup	historical_paper_generalization_available	g11_h19_full_chr21	0	nt		matched	2	2	3	3	be574f193397550cf5912c3ca997d783cce70353951e54d77f2fe5af6a0ec4ee	be574f193397550cf5912c3ca997d783cce70353951e54d77f2fe5af6a0ec4ee	1	1	1	1	1	0	0	0	0	0	0	0	0	0	0	1
paper_generalization:g11_h19_full_chr21__warmup	historical_paper_generalization_available	g11_h19_full_chr21	0	nt		matched	3	3	4	4	1699d7fefc61ac83233336e16459868ebf4fc56fd0eacbc04b509b58cc47ea46	1699d7fefc61ac83233336e16459868ebf4fc56fd0eacbc04b509b58cc47ea46	1	1	1	1	1	0	0	0	0	0	0	0	0	0	0	1
paper_generalization:g11_h19_full_chr21__warmup	historical_paper_generalization_available	g11_h19_full_chr21	0	nt		matched	4	4	5	5	f1da8d5ba35b306458dd2eeeb0418f3fb23aa5b8d5de0e61c719adb351580f47	f1da8d5ba35b306458dd2eeeb0418f3fb23aa5b8d5de0e61c719adb351580f47	1	1	1	1	1	0	0	0	0	0	0	0	0	0	0	1
paper_generalization:g12_h19_full_chr22__pair01	historical_paper_generalization_available	g12_h19_full_chr22	1	score		matched	0	0	1	1	bd00e426fb2fe0105e7154704464663b14318d5fc907b0ac0c242e2267ca35b9	bd00e426fb2fe0105e7154704464663b14318d5fc907b0ac0c242e2267ca35b9	1	1	1	1	1	0	0	0	0	0	0	0	0	0	0	1
paper_generalization:g12_h19_full_chr22__pair01	historical_paper_generalization_available	g12_h19_full_chr22	1	score		matched	1	1	2	2	1d25132b967c8fdb996a88796c9c6774a89ba0bad4af4b25a3e0aef53d6d404e	1d25132b967c8fdb996a88796c9c6774a89ba0bad4af4b25a3e0aef53d6d404e	1	1	1	1	1	0	0	0	0	0	0	0	0	0	0	1
paper_generalization:g12_h19_full_chr22__pair01	historical_paper_generalization_available	g12_h19_full_chr22	1	score		matched	2	2	3	3	aa4df609238d63b677123b3ab2fc60bddcf11583342adcf0df416748a9748464	aa4df609238d63b677123b3ab2fc60bddcf11583342adcf0df416748a9748464	1	1	1	1	1	0	0	0	0	0	0	0	0	0	0	1
paper_generalization:g12_h19_full_chr22__pair01	historical_paper_generalization_available	g12_h19_full_chr22	1	score		matched	3	3	4	4	a66f883e641f146938538cb44aca4c83b7c553eb9e74d10560a8d12c7c0ed021	a66f883e641f146938538cb44aca4c83b7c553eb9e74d10560a8d12c7c0ed021	1	1	1	1	1	0	0	0	0	0	0	0	0	0	0	1
paper_generalization:g12_h19_full_chr22__pair01	historical_paper_generalization_available	g12_h19_full_chr22	1	score		matched	4	4	5	5	78b8edd92b184f2e40a8db3b65696e7273de59522222f2d8cb142d6b3d150923	78b8edd92b184f2e40a8db3b65696e7273de59522222f2d8cb142d6b3d150923	1	1	1	1	1	0	0	0	0	0	0	0	0	0	0	1
paper_generalization:g12_h19_full_chr22__pair01	historical_paper_generalization_available	g12_h19_full_chr22	1	stability	true candidate-site substitution;extra candidate site;missing candidate site;strict-row diagnostic mismatch	matched	0	0	1	1	a7cfa8e2ccb36f1a2bdfe1fe2d00ed798dfccc30fa51ee0730c5ef18970c9ee2	a7cfa8e2ccb36f1a2bdfe1fe2d00ed798dfccc30fa51ee0730c5ef18970c9ee2	1	1	1	1	1	0	0	0	0	0	0	0	0	0	0	1
paper_generalization:g12_h19_full_chr22__pair01	historical_paper_generalization_available	g12_h19_full_chr22	1	stability	true candidate-site substitution;extra candidate site;missing candidate site;strict-row diagnostic mismatch	matched	2	2	3	3	42918f3fa36d03b72151a4203ee7f88360e42232cdca228ad20d9266b1a5325b	42918f3fa36d03b72151a4203ee7f88360e42232cdca228ad20d9266b1a5325b	1	1	1	1	1	0	0	0	0	0	0	0	0	0	0	1
paper_generalization:g12_h19_full_chr22__pair01	historical_paper_generalization_available	g12_h19_full_chr22	1	stability	true candidate-site substitution;extra candidate site;missing candidate site;strict-row diagnostic mismatch	matched	3	3	4	4	f780662cd77be0da53755c3718ca26dfafcd2bf7621cc85ad41c60f318ed23e3	f780662cd77be0da53755c3718ca26dfafcd2bf7621cc85ad41c60f318ed23e3	1	1	1	1	1	0	0	0	0	0	0	0	0	0	0	1
paper_generalization:g12_h19_full_chr22__pair01	historical_paper_generalization_available	g12_h19_full_chr22	1	stability	true candidate-site substitution;extra candidate site;missing candidate site;strict-row diagnostic mismatch	matched	4	4	5	5	4e694d97d50f9599f1b2f821a1b4e5eba5d8d06d00de5f3f88ff317accabc21c	4e694d97d50f9599f1b2f821a1b4e5eba5d8d06d00de5f3f88ff317accabc21c	1	1	1	1	1	0	0	0	0	0	0	0	0	0	0	1
paper_generalization:g12_h19_full_chr22__pair01	historical_paper_generalization_available	g12_h19_full_chr22	1	stability	true candidate-site substitution;extra candidate site;missing candidate site;strict-row diagnostic mismatch	unmatched_authority	1	NA	2	NA	944fb68228fc54f94c8c12fa5a7f8ce31870c5e8178aa8768f839533fd99bb15	NA	NA	NA	NA	NA	NA	NA	NA	NA	NA	NA	NA	NA	NA	NA	NA	NA
paper_generalization:g12_h19_full_chr22__pair01	historical_paper_generalization_available	g12_h19_full_chr22	1	stability	true candidate-site substitution;extra candidate site;missing candidate site;strict-row diagnostic mismatch	unmatched_candidate	NA	1	NA	2	NA	1cc9ff52d33f8cefae32720e9160cb31941d166aa7bbfa8f254cb46c00fd5eb3	NA	NA	NA	NA	NA	NA	NA	NA	NA	NA	NA	NA	NA	NA	NA	NA
paper_generalization:g12_h19_full_chr22__pair01	historical_paper_generalization_available	g12_h19_full_chr22	1	nt		matched	0	0	1	1	aa4df609238d63b677123b3ab2fc60bddcf11583342adcf0df416748a9748464	aa4df609238d63b677123b3ab2fc60bddcf11583342adcf0df416748a9748464	1	1	1	1	1	0	0	0	0	0	0	0	0	0	0	1
paper_generalization:g12_h19_full_chr22__pair01	historical_paper_generalization_available	g12_h19_full_chr22	1	nt		matched	1	1	2	2	a66f883e641f146938538cb44aca4c83b7c553eb9e74d10560a8d12c7c0ed021	a66f883e641f146938538cb44aca4c83b7c553eb9e74d10560a8d12c7c0ed021	1	1	1	1	1	0	0	0	0	0	0	0	0	0	0	1
paper_generalization:g12_h19_full_chr22__pair01	historical_paper_generalization_available	g12_h19_full_chr22	1	nt		matched	2	2	3	3	003331f63487fd530eacab08fc63a3b39a336f6b6b9938b7ec59e606fe4b3664	003331f63487fd530eacab08fc63a3b39a336f6b6b9938b7ec59e606fe4b3664	1	1	1	1	1	0	0	0	0	0	0	0	0	0	0	1
paper_generalization:g12_h19_full_chr22__pair01	historical_paper_generalization_available	g12_h19_full_chr22	1	nt		matched	3	3	4	4	78b8edd92b184f2e40a8db3b65696e7273de59522222f2d8cb142d6b3d150923	78b8edd92b184f2e40a8db3b65696e7273de59522222f2d8cb142d6b3d150923	1	1	1	1	1	0	0	0	0	0	0	0	0	0	0	1
paper_generalization:g12_h19_full_chr22__pair01	historical_paper_generalization_available	g12_h19_full_chr22	1	nt		matched	4	4	5	5	98aa902a40e13811d9ecc754ffc68677ff7a916ad43cd76327a094d4cae9bab2	98aa902a40e13811d9ecc754ffc68677ff7a916ad43cd76327a094d4cae9bab2	1	1	1	1	1	0	0	0	0	0	0	0	0	0	0	1
paper_generalization:g12_h19_full_chr22__warmup	historical_paper_generalization_available	g12_h19_full_chr22	0	score		matched	0	0	1	1	bd00e426fb2fe0105e7154704464663b14318d5fc907b0ac0c242e2267ca35b9	bd00e426fb2fe0105e7154704464663b14318d5fc907b0ac0c242e2267ca35b9	1	1	1	1	1	0	0	0	0	0	0	0	0	0	0	1
paper_generalization:g12_h19_full_chr22__warmup	historical_paper_generalization_available	g12_h19_full_chr22	0	score		matched	1	1	2	2	1d25132b967c8fdb996a88796c9c6774a89ba0bad4af4b25a3e0aef53d6d404e	1d25132b967c8fdb996a88796c9c6774a89ba0bad4af4b25a3e0aef53d6d404e	1	1	1	1	1	0	0	0	0	0	0	0	0	0	0	1
paper_generalization:g12_h19_full_chr22__warmup	historical_paper_generalization_available	g12_h19_full_chr22	0	score		matched	2	2	3	3	aa4df609238d63b677123b3ab2fc60bddcf11583342adcf0df416748a9748464	aa4df609238d63b677123b3ab2fc60bddcf11583342adcf0df416748a9748464	1	1	1	1	1	0	0	0	0	0	0	0	0	0	0	1
paper_generalization:g12_h19_full_chr22__warmup	historical_paper_generalization_available	g12_h19_full_chr22	0	score		matched	3	3	4	4	a66f883e641f146938538cb44aca4c83b7c553eb9e74d10560a8d12c7c0ed021	a66f883e641f146938538cb44aca4c83b7c553eb9e74d10560a8d12c7c0ed021	1	1	1	1	1	0	0	0	0	0	0	0	0	0	0	1
paper_generalization:g12_h19_full_chr22__warmup	historical_paper_generalization_available	g12_h19_full_chr22	0	score		matched	4	4	5	5	78b8edd92b184f2e40a8db3b65696e7273de59522222f2d8cb142d6b3d150923	78b8edd92b184f2e40a8db3b65696e7273de59522222f2d8cb142d6b3d150923	1	1	1	1	1	0	0	0	0	0	0	0	0	0	0	1
paper_generalization:g12_h19_full_chr22__warmup	historical_paper_generalization_available	g12_h19_full_chr22	0	stability	true candidate-site substitution;extra candidate site;missing candidate site;strict-row diagnostic mismatch	matched	0	0	1	1	a7cfa8e2ccb36f1a2bdfe1fe2d00ed798dfccc30fa51ee0730c5ef18970c9ee2	a7cfa8e2ccb36f1a2bdfe1fe2d00ed798dfccc30fa51ee0730c5ef18970c9ee2	1	1	1	1	1	0	0	0	0	0	0	0	0	0	0	1
paper_generalization:g12_h19_full_chr22__warmup	historical_paper_generalization_available	g12_h19_full_chr22	0	stability	true candidate-site substitution;extra candidate site;missing candidate site;strict-row diagnostic mismatch	matched	2	2	3	3	42918f3fa36d03b72151a4203ee7f88360e42232cdca228ad20d9266b1a5325b	42918f3fa36d03b72151a4203ee7f88360e42232cdca228ad20d9266b1a5325b	1	1	1	1	1	0	0	0	0	0	0	0	0	0	0	1
paper_generalization:g12_h19_full_chr22__warmup	historical_paper_generalization_available	g12_h19_full_chr22	0	stability	true candidate-site substitution;extra candidate site;missing candidate site;strict-row diagnostic mismatch	matched	3	3	4	4	f780662cd77be0da53755c3718ca26dfafcd2bf7621cc85ad41c60f318ed23e3	f780662cd77be0da53755c3718ca26dfafcd2bf7621cc85ad41c60f318ed23e3	1	1	1	1	1	0	0	0	0	0	0	0	0	0	0	1
paper_generalization:g12_h19_full_chr22__warmup	historical_paper_generalization_available	g12_h19_full_chr22	0	stability	true candidate-site substitution;extra candidate site;missing candidate site;strict-row diagnostic mismatch	matched	4	4	5	5	4e694d97d50f9599f1b2f821a1b4e5eba5d8d06d00de5f3f88ff317accabc21c	4e694d97d50f9599f1b2f821a1b4e5eba5d8d06d00de5f3f88ff317accabc21c	1	1	1	1	1	0	0	0	0	0	0	0	0	0	0	1
paper_generalization:g12_h19_full_chr22__warmup	historical_paper_generalization_available	g12_h19_full_chr22	0	stability	true candidate-site substitution;extra candidate site;missing candidate site;strict-row diagnostic mismatch	unmatched_authority	1	NA	2	NA	944fb68228fc54f94c8c12fa5a7f8ce31870c5e8178aa8768f839533fd99bb15	NA	NA	NA	NA	NA	NA	NA	NA	NA	NA	NA	NA	NA	NA	NA	NA	NA
paper_generalization:g12_h19_full_chr22__warmup	historical_paper_generalization_available	g12_h19_full_chr22	0	stability	true candidate-site substitution;extra candidate site;missing candidate site;strict-row diagnostic mismatch	unmatched_candidate	NA	1	NA	2	NA	1cc9ff52d33f8cefae32720e9160cb31941d166aa7bbfa8f254cb46c00fd5eb3	NA	NA	NA	NA	NA	NA	NA	NA	NA	NA	NA	NA	NA	NA	NA	NA
paper_generalization:g12_h19_full_chr22__warmup	historical_paper_generalization_available	g12_h19_full_chr22	0	nt		matched	0	0	1	1	aa4df609238d63b677123b3ab2fc60bddcf11583342adcf0df416748a9748464	aa4df609238d63b677123b3ab2fc60bddcf11583342adcf0df416748a9748464	1	1	1	1	1	0	0	0	0	0	0	0	0	0	0	1
paper_generalization:g12_h19_full_chr22__warmup	historical_paper_generalization_available	g12_h19_full_chr22	0	nt		matched	1	1	2	2	a66f883e641f146938538cb44aca4c83b7c553eb9e74d10560a8d12c7c0ed021	a66f883e641f146938538cb44aca4c83b7c553eb9e74d10560a8d12c7c0ed021	1	1	1	1	1	0	0	0	0	0	0	0	0	0	0	1
paper_generalization:g12_h19_full_chr22__warmup	historical_paper_generalization_available	g12_h19_full_chr22	0	nt		matched	2	2	3	3	003331f63487fd530eacab08fc63a3b39a336f6b6b9938b7ec59e606fe4b3664	003331f63487fd530eacab08fc63a3b39a336f6b6b9938b7ec59e606fe4b3664	1	1	1	1	1	0	0	0	0	0	0	0	0	0	0	1
paper_generalization:g12_h19_full_chr22__warmup	historical_paper_generalization_available	g12_h19_full_chr22	0	nt		matched	3	3	4	4	78b8edd92b184f2e40a8db3b65696e7273de59522222f2d8cb142d6b3d150923	78b8edd92b184f2e40a8db3b65696e7273de59522222f2d8cb142d6b3d150923	1	1	1	1	1	0	0	0	0	0	0	0	0	0	0	1
paper_generalization:g12_h19_full_chr22__warmup	historical_paper_generalization_available	g12_h19_full_chr22	0	nt		matched	4	4	5	5	98aa902a40e13811d9ecc754ffc68677ff7a916ad43cd76327a094d4cae9bab2	98aa902a40e13811d9ecc754ffc68677ff7a916ad43cd76327a094d4cae9bab2	1	1	1	1	1	0	0	0	0	0	0	0	0	0	0	1
paper_generalization:g13_meg3_full_chr11__pair01	historical_paper_generalization_available	g13_meg3_full_chr11	1	score	true candidate-site substitution;extra candidate site;missing candidate site;strict-row diagnostic mismatch	matched	0	0	1	1	9ca91492e94a6720529289cb4b3b75e2090a1ed8bed47255f56a379ec24fc72c	9ca91492e94a6720529289cb4b3b75e2090a1ed8bed47255f56a379ec24fc72c	1	1	1	1	1	0	0	0	0	0	0	0	0	0	0	1
paper_generalization:g13_meg3_full_chr11__pair01	historical_paper_generalization_available	g13_meg3_full_chr11	1	score	true candidate-site substitution;extra candidate site;missing candidate site;strict-row diagnostic mismatch	matched	1	1	2	2	08bcd3118a09fb1752a4953051c07aaf2fed3e66a132273482998ae29620f0c6	08bcd3118a09fb1752a4953051c07aaf2fed3e66a132273482998ae29620f0c6	1	1	1	1	1	0	0	0	0	0	0	0	0	0	0	1
paper_generalization:g13_meg3_full_chr11__pair01	historical_paper_generalization_available	g13_meg3_full_chr11	1	score	true candidate-site substitution;extra candidate site;missing candidate site;strict-row diagnostic mismatch	matched	2	2	3	3	b3a1364aa9a8cbc32503e2a5af1cdd434b7367ffe41a84ba3cffefb854307b9c	b3a1364aa9a8cbc32503e2a5af1cdd434b7367ffe41a84ba3cffefb854307b9c	1	1	1	1	1	0	0	0	0	0	0	0	0	0	0	1
paper_generalization:g13_meg3_full_chr11__pair01	historical_paper_generalization_available	g13_meg3_full_chr11	1	score	true candidate-site substitution;extra candidate site;missing candidate site;strict-row diagnostic mismatch	matched	4	4	5	5	174bba52e45cd9889c8774f46936e64f0ca992e22430083d7188c4de2d1838f9	174bba52e45cd9889c8774f46936e64f0ca992e22430083d7188c4de2d1838f9	1	1	1	1	1	0	0	0	0	0	0	0	0	0	0	1
paper_generalization:g13_meg3_full_chr11__pair01	historical_paper_generalization_available	g13_meg3_full_chr11	1	score	true candidate-site substitution;extra candidate site;missing candidate site;strict-row diagnostic mismatch	unmatched_authority	3	NA	4	NA	04d6f321f88ade9ec6691a8c741d5b5dd74d145774507b6554b540dca760fd7e	NA	NA	NA	NA	NA	NA	NA	NA	NA	NA	NA	NA	NA	NA	NA	NA	NA
paper_generalization:g13_meg3_full_chr11__pair01	historical_paper_generalization_available	g13_meg3_full_chr11	1	score	true candidate-site substitution;extra candidate site;missing candidate site;strict-row diagnostic mismatch	unmatched_candidate	NA	3	NA	4	NA	9feb73a8e39b2796e28bb4a48490d9959dfa42a182f7136193a1f14d83069f7a	NA	NA	NA	NA	NA	NA	NA	NA	NA	NA	NA	NA	NA	NA	NA	NA
paper_generalization:g13_meg3_full_chr11__pair01	historical_paper_generalization_available	g13_meg3_full_chr11	1	stability	same candidate site endpoint shift	matched	0	0	1	1	39464b01aad06c897b22c645203a079f0c071c0c80cd15ff5c3cdaa051fb1804	39464b01aad06c897b22c645203a079f0c071c0c80cd15ff5c3cdaa051fb1804	1	1	1	1	1	0	0	0	0	0	0	0	0	0	0	1
paper_generalization:g13_meg3_full_chr11__pair01	historical_paper_generalization_available	g13_meg3_full_chr11	1	stability	same candidate site endpoint shift	matched	1	1	2	2	e1c7485ecd7d7e0671b09e590743b3b1d897184d0ce82c29627c850e1f8ac07b	e1c7485ecd7d7e0671b09e590743b3b1d897184d0ce82c29627c850e1f8ac07b	1	1	1	1	1	0	0	0	0	0	0	0	0	0	0	1
paper_generalization:g13_meg3_full_chr11__pair01	historical_paper_generalization_available	g13_meg3_full_chr11	1	stability	same candidate site endpoint shift	matched	2	2	3	3	4f8c100574ad2e94a6fc1be3d2fa58d0236173fd74d56c5a820b072a85693af3	4f8c100574ad2e94a6fc1be3d2fa58d0236173fd74d56c5a820b072a85693af3	1	1	1	1	1	0	0	0	0	0	0	0	0	0	0	1
paper_generalization:g13_meg3_full_chr11__pair01	historical_paper_generalization_available	g13_meg3_full_chr11	1	stability	same candidate site endpoint shift	matched	3	3	4	4	6dd5dafaa369a70b6800e1c322a47eac0bb43ba5d96b160cf9488fa82208743b	6dd5dafaa369a70b6800e1c322a47eac0bb43ba5d96b160cf9488fa82208743b	1	1	1	1	1	0	0	0	0	0	0	0	0	0	0	1
paper_generalization:g13_meg3_full_chr11__pair01	historical_paper_generalization_available	g13_meg3_full_chr11	1	stability	same candidate site endpoint shift	matched	4	4	5	5	c4ec1a91dec22a046941e4d47cebc0076525899616f32b192eb613a89c464e7e	3fec575fe52d8123d66dc44f1024e4846b6e93a4b2276cd65a6365fb4a057792	1	1	1	1	1	0	0	1	0	0	1	0	0	0	0	1
paper_generalization:g13_meg3_full_chr11__pair01	historical_paper_generalization_available	g13_meg3_full_chr11	1	nt		matched	0	0	1	1	4f8379e874533c1a0b4379a41f913f49f5643ac93a82b8a9decc1ecda905f306	4f8379e874533c1a0b4379a41f913f49f5643ac93a82b8a9decc1ecda905f306	1	1	1	1	1	0	0	0	0	0	0	0	0	0	0	1
paper_generalization:g13_meg3_full_chr11__pair01	historical_paper_generalization_available	g13_meg3_full_chr11	1	nt		matched	1	1	2	2	bcfd88af6424a79b3f50c195dd13a054e1d31f79216f94d53d18dde1337e1d4c	bcfd88af6424a79b3f50c195dd13a054e1d31f79216f94d53d18dde1337e1d4c	1	1	1	1	1	0	0	0	0	0	0	0	0	0	0	1
paper_generalization:g13_meg3_full_chr11__pair01	historical_paper_generalization_available	g13_meg3_full_chr11	1	nt		matched	2	2	3	3	04db680e43acfed770e99c8243980cf9beeafcadf41977d096ddaae0b45ec5dc	04db680e43acfed770e99c8243980cf9beeafcadf41977d096ddaae0b45ec5dc	1	1	1	1	1	0	0	0	0	0	0	0	0	0	0	1
paper_generalization:g13_meg3_full_chr11__pair01	historical_paper_generalization_available	g13_meg3_full_chr11	1	nt		matched	3	3	4	4	3ecc5d84bf18b05dd59104fbc5c76cafdffc4048bc54749f6cd6d9627fa4750a	3ecc5d84bf18b05dd59104fbc5c76cafdffc4048bc54749f6cd6d9627fa4750a	1	1	1	1	1	0	0	0	0	0	0	0	0	0	0	1
paper_generalization:g13_meg3_full_chr11__pair01	historical_paper_generalization_available	g13_meg3_full_chr11	1	nt		matched	4	4	5	5	6ed2f2dbd81fa9826f29358178f553efef9b9a8e9e6963e9ab10cd9b4b74f68a	6ed2f2dbd81fa9826f29358178f553efef9b9a8e9e6963e9ab10cd9b4b74f68a	1	1	1	1	1	0	0	0	0	0	0	0	0	0	0	1
paper_generalization:g13_meg3_full_chr11__warmup	historical_paper_generalization_available	g13_meg3_full_chr11	0	score	true candidate-site substitution;extra candidate site;missing candidate site;strict-row diagnostic mismatch	matched	0	0	1	1	9ca91492e94a6720529289cb4b3b75e2090a1ed8bed47255f56a379ec24fc72c	9ca91492e94a6720529289cb4b3b75e2090a1ed8bed47255f56a379ec24fc72c	1	1	1	1	1	0	0	0	0	0	0	0	0	0	0	1
paper_generalization:g13_meg3_full_chr11__warmup	historical_paper_generalization_available	g13_meg3_full_chr11	0	score	true candidate-site substitution;extra candidate site;missing candidate site;strict-row diagnostic mismatch	matched	1	1	2	2	08bcd3118a09fb1752a4953051c07aaf2fed3e66a132273482998ae29620f0c6	08bcd3118a09fb1752a4953051c07aaf2fed3e66a132273482998ae29620f0c6	1	1	1	1	1	0	0	0	0	0	0	0	0	0	0	1
paper_generalization:g13_meg3_full_chr11__warmup	historical_paper_generalization_available	g13_meg3_full_chr11	0	score	true candidate-site substitution;extra candidate site;missing candidate site;strict-row diagnostic mismatch	matched	2	2	3	3	b3a1364aa9a8cbc32503e2a5af1cdd434b7367ffe41a84ba3cffefb854307b9c	b3a1364aa9a8cbc32503e2a5af1cdd434b7367ffe41a84ba3cffefb854307b9c	1	1	1	1	1	0	0	0	0	0	0	0	0	0	0	1
paper_generalization:g13_meg3_full_chr11__warmup	historical_paper_generalization_available	g13_meg3_full_chr11	0	score	true candidate-site substitution;extra candidate site;missing candidate site;strict-row diagnostic mismatch	matched	4	4	5	5	174bba52e45cd9889c8774f46936e64f0ca992e22430083d7188c4de2d1838f9	174bba52e45cd9889c8774f46936e64f0ca992e22430083d7188c4de2d1838f9	1	1	1	1	1	0	0	0	0	0	0	0	0	0	0	1
paper_generalization:g13_meg3_full_chr11__warmup	historical_paper_generalization_available	g13_meg3_full_chr11	0	score	true candidate-site substitution;extra candidate site;missing candidate site;strict-row diagnostic mismatch	unmatched_authority	3	NA	4	NA	04d6f321f88ade9ec6691a8c741d5b5dd74d145774507b6554b540dca760fd7e	NA	NA	NA	NA	NA	NA	NA	NA	NA	NA	NA	NA	NA	NA	NA	NA	NA
paper_generalization:g13_meg3_full_chr11__warmup	historical_paper_generalization_available	g13_meg3_full_chr11	0	score	true candidate-site substitution;extra candidate site;missing candidate site;strict-row diagnostic mismatch	unmatched_candidate	NA	3	NA	4	NA	9feb73a8e39b2796e28bb4a48490d9959dfa42a182f7136193a1f14d83069f7a	NA	NA	NA	NA	NA	NA	NA	NA	NA	NA	NA	NA	NA	NA	NA	NA
paper_generalization:g13_meg3_full_chr11__warmup	historical_paper_generalization_available	g13_meg3_full_chr11	0	stability	same candidate site endpoint shift	matched	0	0	1	1	39464b01aad06c897b22c645203a079f0c071c0c80cd15ff5c3cdaa051fb1804	39464b01aad06c897b22c645203a079f0c071c0c80cd15ff5c3cdaa051fb1804	1	1	1	1	1	0	0	0	0	0	0	0	0	0	0	1
paper_generalization:g13_meg3_full_chr11__warmup	historical_paper_generalization_available	g13_meg3_full_chr11	0	stability	same candidate site endpoint shift	matched	1	1	2	2	e1c7485ecd7d7e0671b09e590743b3b1d897184d0ce82c29627c850e1f8ac07b	e1c7485ecd7d7e0671b09e590743b3b1d897184d0ce82c29627c850e1f8ac07b	1	1	1	1	1	0	0	0	0	0	0	0	0	0	0	1
paper_generalization:g13_meg3_full_chr11__warmup	historical_paper_generalization_available	g13_meg3_full_chr11	0	stability	same candidate site endpoint shift	matched	2	2	3	3	4f8c100574ad2e94a6fc1be3d2fa58d0236173fd74d56c5a820b072a85693af3	4f8c100574ad2e94a6fc1be3d2fa58d0236173fd74d56c5a820b072a85693af3	1	1	1	1	1	0	0	0	0	0	0	0	0	0	0	1
paper_generalization:g13_meg3_full_chr11__warmup	historical_paper_generalization_available	g13_meg3_full_chr11	0	stability	same candidate site endpoint shift	matched	3	3	4	4	6dd5dafaa369a70b6800e1c322a47eac0bb43ba5d96b160cf9488fa82208743b	6dd5dafaa369a70b6800e1c322a47eac0bb43ba5d96b160cf9488fa82208743b	1	1	1	1	1	0	0	0	0	0	0	0	0	0	0	1
paper_generalization:g13_meg3_full_chr11__warmup	historical_paper_generalization_available	g13_meg3_full_chr11	0	stability	same candidate site endpoint shift	matched	4	4	5	5	c4ec1a91dec22a046941e4d47cebc0076525899616f32b192eb613a89c464e7e	3fec575fe52d8123d66dc44f1024e4846b6e93a4b2276cd65a6365fb4a057792	1	1	1	1	1	0	0	1	0	0	1	0	0	0	0	1
paper_generalization:g13_meg3_full_chr11__warmup	historical_paper_generalization_available	g13_meg3_full_chr11	0	nt		matched	0	0	1	1	4f8379e874533c1a0b4379a41f913f49f5643ac93a82b8a9decc1ecda905f306	4f8379e874533c1a0b4379a41f913f49f5643ac93a82b8a9decc1ecda905f306	1	1	1	1	1	0	0	0	0	0	0	0	0	0	0	1
paper_generalization:g13_meg3_full_chr11__warmup	historical_paper_generalization_available	g13_meg3_full_chr11	0	nt		matched	1	1	2	2	bcfd88af6424a79b3f50c195dd13a054e1d31f79216f94d53d18dde1337e1d4c	bcfd88af6424a79b3f50c195dd13a054e1d31f79216f94d53d18dde1337e1d4c	1	1	1	1	1	0	0	0	0	0	0	0	0	0	0	1
paper_generalization:g13_meg3_full_chr11__warmup	historical_paper_generalization_available	g13_meg3_full_chr11	0	nt		matched	2	2	3	3	04db680e43acfed770e99c8243980cf9beeafcadf41977d096ddaae0b45ec5dc	04db680e43acfed770e99c8243980cf9beeafcadf41977d096ddaae0b45ec5dc	1	1	1	1	1	0	0	0	0	0	0	0	0	0	0	1
paper_generalization:g13_meg3_full_chr11__warmup	historical_paper_generalization_available	g13_meg3_full_chr11	0	nt		matched	3	3	4	4	3ecc5d84bf18b05dd59104fbc5c76cafdffc4048bc54749f6cd6d9627fa4750a	3ecc5d84bf18b05dd59104fbc5c76cafdffc4048bc54749f6cd6d9627fa4750a	1	1	1	1	1	0	0	0	0	0	0	0	0	0	0	1
paper_generalization:g13_meg3_full_chr11__warmup	historical_paper_generalization_available	g13_meg3_full_chr11	0	nt		matched	4	4	5	5	6ed2f2dbd81fa9826f29358178f553efef9b9a8e9e6963e9ab10cd9b4b74f68a	6ed2f2dbd81fa9826f29358178f553efef9b9a8e9e6963e9ab10cd9b4b74f68a	1	1	1	1	1	0	0	0	0	0	0	0	0	0	0	1
phase2_holdout:hq01_ht01__repeat00	phase2_holdout_36	hq01_ht01	0	score		matched	0	0	1	1	fce662fa5137e3348a37fcf40372822287bdcd8ee088184a5ef0daaf77f256a8	fce662fa5137e3348a37fcf40372822287bdcd8ee088184a5ef0daaf77f256a8	1	1	1	1	1	0	0	0	0	0	0	0	0	0	0	1
phase2_holdout:hq01_ht01__repeat00	phase2_holdout_36	hq01_ht01	0	stability		matched	0	0	1	1	fce662fa5137e3348a37fcf40372822287bdcd8ee088184a5ef0daaf77f256a8	fce662fa5137e3348a37fcf40372822287bdcd8ee088184a5ef0daaf77f256a8	1	1	1	1	1	0	0	0	0	0	0	0	0	0	0	1
phase2_holdout:hq01_ht01__repeat00	phase2_holdout_36	hq01_ht01	0	nt		matched	0	0	1	1	fce662fa5137e3348a37fcf40372822287bdcd8ee088184a5ef0daaf77f256a8	fce662fa5137e3348a37fcf40372822287bdcd8ee088184a5ef0daaf77f256a8	1	1	1	1	1	0	0	0	0	0	0	0	0	0	0	1
phase2_holdout:hq01_ht01__repeat01	phase2_holdout_36	hq01_ht01	1	score		matched	0	0	1	1	fce662fa5137e3348a37fcf40372822287bdcd8ee088184a5ef0daaf77f256a8	fce662fa5137e3348a37fcf40372822287bdcd8ee088184a5ef0daaf77f256a8	1	1	1	1	1	0	0	0	0	0	0	0	0	0	0	1
phase2_holdout:hq01_ht01__repeat01	phase2_holdout_36	hq01_ht01	1	stability		matched	0	0	1	1	fce662fa5137e3348a37fcf40372822287bdcd8ee088184a5ef0daaf77f256a8	fce662fa5137e3348a37fcf40372822287bdcd8ee088184a5ef0daaf77f256a8	1	1	1	1	1	0	0	0	0	0	0	0	0	0	0	1
phase2_holdout:hq01_ht01__repeat01	phase2_holdout_36	hq01_ht01	1	nt		matched	0	0	1	1	fce662fa5137e3348a37fcf40372822287bdcd8ee088184a5ef0daaf77f256a8	fce662fa5137e3348a37fcf40372822287bdcd8ee088184a5ef0daaf77f256a8	1	1	1	1	1	0	0	0	0	0	0	0	0	0	0	1
phase2_holdout:hq01_ht01__repeat02	phase2_holdout_36	hq01_ht01	2	score		matched	0	0	1	1	fce662fa5137e3348a37fcf40372822287bdcd8ee088184a5ef0daaf77f256a8	fce662fa5137e3348a37fcf40372822287bdcd8ee088184a5ef0daaf77f256a8	1	1	1	1	1	0	0	0	0	0	0	0	0	0	0	1
phase2_holdout:hq01_ht01__repeat02	phase2_holdout_36	hq01_ht01	2	stability		matched	0	0	1	1	fce662fa5137e3348a37fcf40372822287bdcd8ee088184a5ef0daaf77f256a8	fce662fa5137e3348a37fcf40372822287bdcd8ee088184a5ef0daaf77f256a8	1	1	1	1	1	0	0	0	0	0	0	0	0	0	0	1
phase2_holdout:hq01_ht01__repeat02	phase2_holdout_36	hq01_ht01	2	nt		matched	0	0	1	1	fce662fa5137e3348a37fcf40372822287bdcd8ee088184a5ef0daaf77f256a8	fce662fa5137e3348a37fcf40372822287bdcd8ee088184a5ef0daaf77f256a8	1	1	1	1	1	0	0	0	0	0	0	0	0	0	0	1
phase2_holdout:hq01_ht02__repeat00	phase2_holdout_36	hq01_ht02	0	score		matched	0	0	1	1	f3e6ea3aaaa6aa9a2407f2adb574b9dc0d065cc680f597498013c7a2980090f6	f3e6ea3aaaa6aa9a2407f2adb574b9dc0d065cc680f597498013c7a2980090f6	1	1	1	1	1	0	0	0	0	0	0	0	0	0	0	1
phase2_holdout:hq01_ht02__repeat00	phase2_holdout_36	hq01_ht02	0	stability		matched	0	0	1	1	f3e6ea3aaaa6aa9a2407f2adb574b9dc0d065cc680f597498013c7a2980090f6	f3e6ea3aaaa6aa9a2407f2adb574b9dc0d065cc680f597498013c7a2980090f6	1	1	1	1	1	0	0	0	0	0	0	0	0	0	0	1
phase2_holdout:hq01_ht02__repeat00	phase2_holdout_36	hq01_ht02	0	nt		matched	0	0	1	1	f3e6ea3aaaa6aa9a2407f2adb574b9dc0d065cc680f597498013c7a2980090f6	f3e6ea3aaaa6aa9a2407f2adb574b9dc0d065cc680f597498013c7a2980090f6	1	1	1	1	1	0	0	0	0	0	0	0	0	0	0	1
phase2_holdout:hq01_ht02__repeat01	phase2_holdout_36	hq01_ht02	1	score		matched	0	0	1	1	f3e6ea3aaaa6aa9a2407f2adb574b9dc0d065cc680f597498013c7a2980090f6	f3e6ea3aaaa6aa9a2407f2adb574b9dc0d065cc680f597498013c7a2980090f6	1	1	1	1	1	0	0	0	0	0	0	0	0	0	0	1
phase2_holdout:hq01_ht02__repeat01	phase2_holdout_36	hq01_ht02	1	stability		matched	0	0	1	1	f3e6ea3aaaa6aa9a2407f2adb574b9dc0d065cc680f597498013c7a2980090f6	f3e6ea3aaaa6aa9a2407f2adb574b9dc0d065cc680f597498013c7a2980090f6	1	1	1	1	1	0	0	0	0	0	0	0	0	0	0	1
phase2_holdout:hq01_ht02__repeat01	phase2_holdout_36	hq01_ht02	1	nt		matched	0	0	1	1	f3e6ea3aaaa6aa9a2407f2adb574b9dc0d065cc680f597498013c7a2980090f6	f3e6ea3aaaa6aa9a2407f2adb574b9dc0d065cc680f597498013c7a2980090f6	1	1	1	1	1	0	0	0	0	0	0	0	0	0	0	1
phase2_holdout:hq01_ht02__repeat02	phase2_holdout_36	hq01_ht02	2	score		matched	0	0	1	1	f3e6ea3aaaa6aa9a2407f2adb574b9dc0d065cc680f597498013c7a2980090f6	f3e6ea3aaaa6aa9a2407f2adb574b9dc0d065cc680f597498013c7a2980090f6	1	1	1	1	1	0	0	0	0	0	0	0	0	0	0	1
phase2_holdout:hq01_ht02__repeat02	phase2_holdout_36	hq01_ht02	2	stability		matched	0	0	1	1	f3e6ea3aaaa6aa9a2407f2adb574b9dc0d065cc680f597498013c7a2980090f6	f3e6ea3aaaa6aa9a2407f2adb574b9dc0d065cc680f597498013c7a2980090f6	1	1	1	1	1	0	0	0	0	0	0	0	0	0	0	1
phase2_holdout:hq01_ht02__repeat02	phase2_holdout_36	hq01_ht02	2	nt		matched	0	0	1	1	f3e6ea3aaaa6aa9a2407f2adb574b9dc0d065cc680f597498013c7a2980090f6	f3e6ea3aaaa6aa9a2407f2adb574b9dc0d065cc680f597498013c7a2980090f6	1	1	1	1	1	0	0	0	0	0	0	0	0	0	0	1
phase2_holdout:hq02_ht01__repeat00	phase2_holdout_36	hq02_ht01	0	score		matched	0	0	1	1	8d425139a77ea126e6510bbd52bf8a5f48dd83e5b2e12440f4106ad202283fb4	8d425139a77ea126e6510bbd52bf8a5f48dd83e5b2e12440f4106ad202283fb4	1	1	1	1	1	0	0	0	0	0	0	0	0	0	0	1
phase2_holdout:hq02_ht01__repeat00	phase2_holdout_36	hq02_ht01	0	stability		matched	0	0	1	1	affe03a8604a2e0a911e0878a40d5c51015b93e751b59fed60d2036c7b83d8b1	affe03a8604a2e0a911e0878a40d5c51015b93e751b59fed60d2036c7b83d8b1	1	1	1	1	1	0	0	0	0	0	0	0	0	0	0	1
phase2_holdout:hq02_ht01__repeat00	phase2_holdout_36	hq02_ht01	0	nt		matched	0	0	1	1	affe03a8604a2e0a911e0878a40d5c51015b93e751b59fed60d2036c7b83d8b1	affe03a8604a2e0a911e0878a40d5c51015b93e751b59fed60d2036c7b83d8b1	1	1	1	1	1	0	0	0	0	0	0	0	0	0	0	1
phase2_holdout:hq02_ht02__repeat00	phase2_holdout_36	hq02_ht02	0	score		matched	0	0	1	1	3aa20bff43635116fcd89aacf326307f096225bcb28ad3374a6cba0f40d66704	3aa20bff43635116fcd89aacf326307f096225bcb28ad3374a6cba0f40d66704	1	1	1	1	1	0	0	0	0	0	0	0	0	0	0	1
phase2_holdout:hq02_ht02__repeat00	phase2_holdout_36	hq02_ht02	0	score		matched	1	1	2	2	2389f5ab635fbf6ff1902e067bdab46996564dd39812248dc54a10170b563ee7	2389f5ab635fbf6ff1902e067bdab46996564dd39812248dc54a10170b563ee7	1	1	1	1	1	0	0	0	0	0	0	0	0	0	0	1
phase2_holdout:hq02_ht02__repeat00	phase2_holdout_36	hq02_ht02	0	score		matched	2	2	3	3	fc2519349f5d19ad9aa27c366ff9532d1971e3040ad355068ea7493b95b699a3	fc2519349f5d19ad9aa27c366ff9532d1971e3040ad355068ea7493b95b699a3	1	1	1	1	1	0	0	0	0	0	0	0	0	0	0	1
phase2_holdout:hq02_ht02__repeat00	phase2_holdout_36	hq02_ht02	0	stability		matched	0	0	1	1	bcff293b44276ef3a953234ef1dadd4d6014a35fd1d9beaef355ef1a07a40331	bcff293b44276ef3a953234ef1dadd4d6014a35fd1d9beaef355ef1a07a40331	1	1	1	1	1	0	0	0	0	0	0	0	0	0	0	1
phase2_holdout:hq02_ht02__repeat00	phase2_holdout_36	hq02_ht02	0	stability		matched	1	1	2	2	2389f5ab635fbf6ff1902e067bdab46996564dd39812248dc54a10170b563ee7	2389f5ab635fbf6ff1902e067bdab46996564dd39812248dc54a10170b563ee7	1	1	1	1	1	0	0	0	0	0	0	0	0	0	0	1
phase2_holdout:hq02_ht02__repeat00	phase2_holdout_36	hq02_ht02	0	stability		matched	2	2	3	3	fc2519349f5d19ad9aa27c366ff9532d1971e3040ad355068ea7493b95b699a3	fc2519349f5d19ad9aa27c366ff9532d1971e3040ad355068ea7493b95b699a3	1	1	1	1	1	0	0	0	0	0	0	0	0	0	0	1
phase2_holdout:hq02_ht02__repeat00	phase2_holdout_36	hq02_ht02	0	nt		matched	0	0	1	1	bcff293b44276ef3a953234ef1dadd4d6014a35fd1d9beaef355ef1a07a40331	bcff293b44276ef3a953234ef1dadd4d6014a35fd1d9beaef355ef1a07a40331	1	1	1	1	1	0	0	0	0	0	0	0	0	0	0	1
phase2_holdout:hq02_ht02__repeat00	phase2_holdout_36	hq02_ht02	0	nt		matched	1	1	2	2	2389f5ab635fbf6ff1902e067bdab46996564dd39812248dc54a10170b563ee7	2389f5ab635fbf6ff1902e067bdab46996564dd39812248dc54a10170b563ee7	1	1	1	1	1	0	0	0	0	0	0	0	0	0	0	1
phase2_holdout:hq02_ht02__repeat00	phase2_holdout_36	hq02_ht02	0	nt		matched	2	2	3	3	fc2519349f5d19ad9aa27c366ff9532d1971e3040ad355068ea7493b95b699a3	fc2519349f5d19ad9aa27c366ff9532d1971e3040ad355068ea7493b95b699a3	1	1	1	1	1	0	0	0	0	0	0	0	0	0	0	1
phase2_holdout:hq03_ht01__repeat00	phase2_holdout_36	hq03_ht01	0	score		matched	0	0	1	1	0cda4b2a7facb0aba28d7867116fcd2a074cfab4890c9291fe3e1e4d852f522a	0cda4b2a7facb0aba28d7867116fcd2a074cfab4890c9291fe3e1e4d852f522a	1	1	1	1	1	0	0	0	0	0	0	0	0	0	0	1
phase2_holdout:hq03_ht01__repeat00	phase2_holdout_36	hq03_ht01	0	score		matched	1	1	2	2	8f49a7e48fe2cf423444515e9aa15c8f54badbc747d01257f798d411bbf4de26	8f49a7e48fe2cf423444515e9aa15c8f54badbc747d01257f798d411bbf4de26	1	1	1	1	1	0	0	0	0	0	0	0	0	0	0	1
phase2_holdout:hq03_ht01__repeat00	phase2_holdout_36	hq03_ht01	0	stability		matched	0	0	1	1	8f49a7e48fe2cf423444515e9aa15c8f54badbc747d01257f798d411bbf4de26	8f49a7e48fe2cf423444515e9aa15c8f54badbc747d01257f798d411bbf4de26	1	1	1	1	1	0	0	0	0	0	0	0	0	0	0	1
phase2_holdout:hq03_ht01__repeat00	phase2_holdout_36	hq03_ht01	0	stability		matched	1	1	2	2	c6f2ca91cec45b41510a8db672bdbc6c2489fa71f39b6ecad16496bfff1fe267	c6f2ca91cec45b41510a8db672bdbc6c2489fa71f39b6ecad16496bfff1fe267	1	1	1	1	1	0	0	0	0	0	0	0	0	0	0	1
phase2_holdout:hq03_ht01__repeat00	phase2_holdout_36	hq03_ht01	0	nt		matched	0	0	1	1	8f49a7e48fe2cf423444515e9aa15c8f54badbc747d01257f798d411bbf4de26	8f49a7e48fe2cf423444515e9aa15c8f54badbc747d01257f798d411bbf4de26	1	1	1	1	1	0	0	0	0	0	0	0	0	0	0	1
phase2_holdout:hq03_ht01__repeat00	phase2_holdout_36	hq03_ht01	0	nt		matched	1	1	2	2	0cda4b2a7facb0aba28d7867116fcd2a074cfab4890c9291fe3e1e4d852f522a	0cda4b2a7facb0aba28d7867116fcd2a074cfab4890c9291fe3e1e4d852f522a	1	1	1	1	1	0	0	0	0	0	0	0	0	0	0	1
phase2_holdout:hq03_ht02__repeat00	phase2_holdout_36	hq03_ht02	0	score		matched	0	0	1	1	5ab75e2dba5bbe6deda5a45de375b982c1d86c69ae17c037c8dab650b85c99b3	5ab75e2dba5bbe6deda5a45de375b982c1d86c69ae17c037c8dab650b85c99b3	1	1	1	1	1	0	0	0	0	0	0	0	0	0	0	1
phase2_holdout:hq03_ht02__repeat00	phase2_holdout_36	hq03_ht02	0	score		matched	1	1	2	2	745643f7a8d8ee7361082fd6254dde6d99fecef066a623034bb189623568655e	745643f7a8d8ee7361082fd6254dde6d99fecef066a623034bb189623568655e	1	1	1	1	1	0	0	0	0	0	0	0	0	0	0	1
phase2_holdout:hq03_ht02__repeat00	phase2_holdout_36	hq03_ht02	0	score		matched	2	2	3	3	516a170412f66302bf98c1966bd1631061632b5017e05c1206162d909426e6b7	516a170412f66302bf98c1966bd1631061632b5017e05c1206162d909426e6b7	1	1	1	1	1	0	0	0	0	0	0	0	0	0	0	1
phase2_holdout:hq03_ht02__repeat00	phase2_holdout_36	hq03_ht02	0	stability		matched	0	0	1	1	516a170412f66302bf98c1966bd1631061632b5017e05c1206162d909426e6b7	516a170412f66302bf98c1966bd1631061632b5017e05c1206162d909426e6b7	1	1	1	1	1	0	0	0	0	0	0	0	0	0	0	1
phase2_holdout:hq03_ht02__repeat00	phase2_holdout_36	hq03_ht02	0	stability		matched	1	1	2	2	5ab75e2dba5bbe6deda5a45de375b982c1d86c69ae17c037c8dab650b85c99b3	5ab75e2dba5bbe6deda5a45de375b982c1d86c69ae17c037c8dab650b85c99b3	1	1	1	1	1	0	0	0	0	0	0	0	0	0	0	1
phase2_holdout:hq03_ht02__repeat00	phase2_holdout_36	hq03_ht02	0	stability		matched	2	2	3	3	1158023bcb9f4fba3e03f122526a28a54c26f7246ae6eaf311c8c04903a4bc07	1158023bcb9f4fba3e03f122526a28a54c26f7246ae6eaf311c8c04903a4bc07	1	1	1	1	1	0	0	0	0	0	0	0	0	0	0	1
phase2_holdout:hq03_ht02__repeat00	phase2_holdout_36	hq03_ht02	0	nt		matched	0	0	1	1	5ab75e2dba5bbe6deda5a45de375b982c1d86c69ae17c037c8dab650b85c99b3	5ab75e2dba5bbe6deda5a45de375b982c1d86c69ae17c037c8dab650b85c99b3	1	1	1	1	1	0	0	0	0	0	0	0	0	0	0	1
phase2_holdout:hq03_ht02__repeat00	phase2_holdout_36	hq03_ht02	0	nt		matched	1	1	2	2	745643f7a8d8ee7361082fd6254dde6d99fecef066a623034bb189623568655e	745643f7a8d8ee7361082fd6254dde6d99fecef066a623034bb189623568655e	1	1	1	1	1	0	0	0	0	0	0	0	0	0	0	1
phase2_holdout:hq03_ht02__repeat00	phase2_holdout_36	hq03_ht02	0	nt		matched	2	2	3	3	516a170412f66302bf98c1966bd1631061632b5017e05c1206162d909426e6b7	516a170412f66302bf98c1966bd1631061632b5017e05c1206162d909426e6b7	1	1	1	1	1	0	0	0	0	0	0	0	0	0	0	1
phase2_holdout:hq04_ht01__repeat00	phase2_holdout_36	hq04_ht01	0	score		matched	0	0	1	1	307107ce726dd91ead9acd4efc6d04f1e36dc738c2b57939ce98fd8a59d30009	307107ce726dd91ead9acd4efc6d04f1e36dc738c2b57939ce98fd8a59d30009	1	1	1	1	1	0	0	0	0	0	0	0	0	0	0	1
phase2_holdout:hq04_ht01__repeat00	phase2_holdout_36	hq04_ht01	0	stability		matched	0	0	1	1	73956137e202f7178f27fbe62b5778a30b3fc94d67576b7f6c93d384c6cba506	73956137e202f7178f27fbe62b5778a30b3fc94d67576b7f6c93d384c6cba506	1	1	1	1	1	0	0	0	0	0	0	0	0	0	0	1
phase2_holdout:hq04_ht01__repeat00	phase2_holdout_36	hq04_ht01	0	nt		matched	0	0	1	1	73956137e202f7178f27fbe62b5778a30b3fc94d67576b7f6c93d384c6cba506	73956137e202f7178f27fbe62b5778a30b3fc94d67576b7f6c93d384c6cba506	1	1	1	1	1	0	0	0	0	0	0	0	0	0	0	1
phase2_holdout:hq04_ht02__repeat00	phase2_holdout_36	hq04_ht02	0	score		matched	0	0	1	1	ddee3d3f8550274e93dec603f51ebd85836d4583af4dc38fdb678194a9ab6ef3	ddee3d3f8550274e93dec603f51ebd85836d4583af4dc38fdb678194a9ab6ef3	1	1	1	1	1	0	0	0	0	0	0	0	0	0	0	1
phase2_holdout:hq04_ht02__repeat00	phase2_holdout_36	hq04_ht02	0	stability		matched	0	0	1	1	3faf8ed1e37eb931d384c71efdd33066dcb913f91d4b99c38cfa9a077ab2140e	3faf8ed1e37eb931d384c71efdd33066dcb913f91d4b99c38cfa9a077ab2140e	1	1	1	1	1	0	0	0	0	0	0	0	0	0	0	1
phase2_holdout:hq04_ht02__repeat00	phase2_holdout_36	hq04_ht02	0	nt		matched	0	0	1	1	ba3b293697db411d5ffe5932d51b1ada47a3d42d7cb7d8de0d8ede8b4b4f3388	ba3b293697db411d5ffe5932d51b1ada47a3d42d7cb7d8de0d8ede8b4b4f3388	1	1	1	1	1	0	0	0	0	0	0	0	0	0	0	1
phase2_holdout:hq05_ht01__repeat00	phase2_holdout_36	hq05_ht01	0	score		matched	0	0	1	1	fbbb6627d36d0d8f42cb9476f21aba023c9f1065103937bcf9c573e0ce482da9	fbbb6627d36d0d8f42cb9476f21aba023c9f1065103937bcf9c573e0ce482da9	1	1	1	1	1	0	0	0	0	0	0	0	0	0	0	1
phase2_holdout:hq05_ht01__repeat00	phase2_holdout_36	hq05_ht01	0	score		matched	1	1	2	2	f45c7cfb9f04201b13b35194ce4b9a7cc2278d8f1a6437e07d5115f6e3be0e3a	f45c7cfb9f04201b13b35194ce4b9a7cc2278d8f1a6437e07d5115f6e3be0e3a	1	1	1	1	1	0	0	0	0	0	0	0	0	0	0	1
phase2_holdout:hq05_ht01__repeat00	phase2_holdout_36	hq05_ht01	0	score		matched	2	2	3	3	6f60124ff5bfbf0b2635d27174fcb3a92246efe46b99eb1c906d9f91a6bed9e3	6f60124ff5bfbf0b2635d27174fcb3a92246efe46b99eb1c906d9f91a6bed9e3	1	1	1	1	1	0	0	0	0	0	0	0	0	0	0	1
phase2_holdout:hq05_ht01__repeat00	phase2_holdout_36	hq05_ht01	0	score		matched	3	3	4	4	9eaca95b708986d2be036d01a89bd2a0be14a8ed30e0b00d4763e49be98d60bd	9eaca95b708986d2be036d01a89bd2a0be14a8ed30e0b00d4763e49be98d60bd	1	1	1	1	1	0	0	0	0	0	0	0	0	0	0	1
phase2_holdout:hq05_ht01__repeat00	phase2_holdout_36	hq05_ht01	0	score		matched	4	4	5	5	801e153cd1914f049040fac69f8f71e2a4396968e71e402562b2518def353e2f	801e153cd1914f049040fac69f8f71e2a4396968e71e402562b2518def353e2f	1	1	1	1	1	0	0	0	0	0	0	0	0	0	0	1
phase2_holdout:hq05_ht01__repeat00	phase2_holdout_36	hq05_ht01	0	stability		matched	0	0	1	1	002df6d3d1653db9e6036875322265d1e8aed189db41adbafffd1cd51419e07b	002df6d3d1653db9e6036875322265d1e8aed189db41adbafffd1cd51419e07b	1	1	1	1	1	0	0	0	0	0	0	0	0	0	0	1
phase2_holdout:hq05_ht01__repeat00	phase2_holdout_36	hq05_ht01	0	stability		matched	1	1	2	2	432f9daa6af1e15ce26947dcc1d48e4ff3e9a63b110d810d40cd2c6de2f442b5	432f9daa6af1e15ce26947dcc1d48e4ff3e9a63b110d810d40cd2c6de2f442b5	1	1	1	1	1	0	0	0	0	0	0	0	0	0	0	1
phase2_holdout:hq05_ht01__repeat00	phase2_holdout_36	hq05_ht01	0	stability		matched	2	2	3	3	4a57dededfc638170b67502382d05a3836055986a97150bec3d82cd91990d87d	4a57dededfc638170b67502382d05a3836055986a97150bec3d82cd91990d87d	1	1	1	1	1	0	0	0	0	0	0	0	0	0	0	1
phase2_holdout:hq05_ht01__repeat00	phase2_holdout_36	hq05_ht01	0	stability		matched	3	3	4	4	801e153cd1914f049040fac69f8f71e2a4396968e71e402562b2518def353e2f	801e153cd1914f049040fac69f8f71e2a4396968e71e402562b2518def353e2f	1	1	1	1	1	0	0	0	0	0	0	0	0	0	0	1
phase2_holdout:hq05_ht01__repeat00	phase2_holdout_36	hq05_ht01	0	stability		matched	4	4	5	5	308b7d789109689038de733601c0d7191f29cc5078da79dd199067543e352308	308b7d789109689038de733601c0d7191f29cc5078da79dd199067543e352308	1	1	1	1	1	0	0	0	0	0	0	0	0	0	0	1
phase2_holdout:hq05_ht01__repeat00	phase2_holdout_36	hq05_ht01	0	nt		matched	0	0	1	1	a75e7897359ab23f0442b1eb908e131b37f564bb45f76d4def9a10b2d3c2dfcb	a75e7897359ab23f0442b1eb908e131b37f564bb45f76d4def9a10b2d3c2dfcb	1	1	1	1	1	0	0	0	0	0	0	0	0	0	0	1
phase2_holdout:hq05_ht01__repeat00	phase2_holdout_36	hq05_ht01	0	nt		matched	1	1	2	2	9eaca95b708986d2be036d01a89bd2a0be14a8ed30e0b00d4763e49be98d60bd	9eaca95b708986d2be036d01a89bd2a0be14a8ed30e0b00d4763e49be98d60bd	1	1	1	1	1	0	0	0	0	0	0	0	0	0	0	1
phase2_holdout:hq05_ht01__repeat00	phase2_holdout_36	hq05_ht01	0	nt		matched	2	2	3	3	f45c7cfb9f04201b13b35194ce4b9a7cc2278d8f1a6437e07d5115f6e3be0e3a	f45c7cfb9f04201b13b35194ce4b9a7cc2278d8f1a6437e07d5115f6e3be0e3a	1	1	1	1	1	0	0	0	0	0	0	0	0	0	0	1
phase2_holdout:hq05_ht01__repeat00	phase2_holdout_36	hq05_ht01	0	nt		matched	3	3	4	4	432f9daa6af1e15ce26947dcc1d48e4ff3e9a63b110d810d40cd2c6de2f442b5	432f9daa6af1e15ce26947dcc1d48e4ff3e9a63b110d810d40cd2c6de2f442b5	1	1	1	1	1	0	0	0	0	0	0	0	0	0	0	1
phase2_holdout:hq05_ht01__repeat00	phase2_holdout_36	hq05_ht01	0	nt		matched	4	4	5	5	801e153cd1914f049040fac69f8f71e2a4396968e71e402562b2518def353e2f	801e153cd1914f049040fac69f8f71e2a4396968e71e402562b2518def353e2f	1	1	1	1	1	0	0	0	0	0	0	0	0	0	0	1
phase2_holdout:hq05_ht01__repeat01	phase2_holdout_36	hq05_ht01	1	score		matched	0	0	1	1	fbbb6627d36d0d8f42cb9476f21aba023c9f1065103937bcf9c573e0ce482da9	fbbb6627d36d0d8f42cb9476f21aba023c9f1065103937bcf9c573e0ce482da9	1	1	1	1	1	0	0	0	0	0	0	0	0	0	0	1
phase2_holdout:hq05_ht01__repeat01	phase2_holdout_36	hq05_ht01	1	score		matched	1	1	2	2	f45c7cfb9f04201b13b35194ce4b9a7cc2278d8f1a6437e07d5115f6e3be0e3a	f45c7cfb9f04201b13b35194ce4b9a7cc2278d8f1a6437e07d5115f6e3be0e3a	1	1	1	1	1	0	0	0	0	0	0	0	0	0	0	1
phase2_holdout:hq05_ht01__repeat01	phase2_holdout_36	hq05_ht01	1	score		matched	2	2	3	3	6f60124ff5bfbf0b2635d27174fcb3a92246efe46b99eb1c906d9f91a6bed9e3	6f60124ff5bfbf0b2635d27174fcb3a92246efe46b99eb1c906d9f91a6bed9e3	1	1	1	1	1	0	0	0	0	0	0	0	0	0	0	1
phase2_holdout:hq05_ht01__repeat01	phase2_holdout_36	hq05_ht01	1	score		matched	3	3	4	4	9eaca95b708986d2be036d01a89bd2a0be14a8ed30e0b00d4763e49be98d60bd	9eaca95b708986d2be036d01a89bd2a0be14a8ed30e0b00d4763e49be98d60bd	1	1	1	1	1	0	0	0	0	0	0	0	0	0	0	1
phase2_holdout:hq05_ht01__repeat01	phase2_holdout_36	hq05_ht01	1	score		matched	4	4	5	5	801e153cd1914f049040fac69f8f71e2a4396968e71e402562b2518def353e2f	801e153cd1914f049040fac69f8f71e2a4396968e71e402562b2518def353e2f	1	1	1	1	1	0	0	0	0	0	0	0	0	0	0	1
phase2_holdout:hq05_ht01__repeat01	phase2_holdout_36	hq05_ht01	1	stability		matched	0	0	1	1	002df6d3d1653db9e6036875322265d1e8aed189db41adbafffd1cd51419e07b	002df6d3d1653db9e6036875322265d1e8aed189db41adbafffd1cd51419e07b	1	1	1	1	1	0	0	0	0	0	0	0	0	0	0	1
phase2_holdout:hq05_ht01__repeat01	phase2_holdout_36	hq05_ht01	1	stability		matched	1	1	2	2	432f9daa6af1e15ce26947dcc1d48e4ff3e9a63b110d810d40cd2c6de2f442b5	432f9daa6af1e15ce26947dcc1d48e4ff3e9a63b110d810d40cd2c6de2f442b5	1	1	1	1	1	0	0	0	0	0	0	0	0	0	0	1
phase2_holdout:hq05_ht01__repeat01	phase2_holdout_36	hq05_ht01	1	stability		matched	2	2	3	3	4a57dededfc638170b67502382d05a3836055986a97150bec3d82cd91990d87d	4a57dededfc638170b67502382d05a3836055986a97150bec3d82cd91990d87d	1	1	1	1	1	0	0	0	0	0	0	0	0	0	0	1
phase2_holdout:hq05_ht01__repeat01	phase2_holdout_36	hq05_ht01	1	stability		matched	3	3	4	4	801e153cd1914f049040fac69f8f71e2a4396968e71e402562b2518def353e2f	801e153cd1914f049040fac69f8f71e2a4396968e71e402562b2518def353e2f	1	1	1	1	1	0	0	0	0	0	0	0	0	0	0	1
phase2_holdout:hq05_ht01__repeat01	phase2_holdout_36	hq05_ht01	1	stability		matched	4	4	5	5	308b7d789109689038de733601c0d7191f29cc5078da79dd199067543e352308	308b7d789109689038de733601c0d7191f29cc5078da79dd199067543e352308	1	1	1	1	1	0	0	0	0	0	0	0	0	0	0	1
phase2_holdout:hq05_ht01__repeat01	phase2_holdout_36	hq05_ht01	1	nt		matched	0	0	1	1	a75e7897359ab23f0442b1eb908e131b37f564bb45f76d4def9a10b2d3c2dfcb	a75e7897359ab23f0442b1eb908e131b37f564bb45f76d4def9a10b2d3c2dfcb	1	1	1	1	1	0	0	0	0	0	0	0	0	0	0	1
phase2_holdout:hq05_ht01__repeat01	phase2_holdout_36	hq05_ht01	1	nt		matched	1	1	2	2	9eaca95b708986d2be036d01a89bd2a0be14a8ed30e0b00d4763e49be98d60bd	9eaca95b708986d2be036d01a89bd2a0be14a8ed30e0b00d4763e49be98d60bd	1	1	1	1	1	0	0	0	0	0	0	0	0	0	0	1
phase2_holdout:hq05_ht01__repeat01	phase2_holdout_36	hq05_ht01	1	nt		matched	2	2	3	3	f45c7cfb9f04201b13b35194ce4b9a7cc2278d8f1a6437e07d5115f6e3be0e3a	f45c7cfb9f04201b13b35194ce4b9a7cc2278d8f1a6437e07d5115f6e3be0e3a	1	1	1	1	1	0	0	0	0	0	0	0	0	0	0	1
phase2_holdout:hq05_ht01__repeat01	phase2_holdout_36	hq05_ht01	1	nt		matched	3	3	4	4	432f9daa6af1e15ce26947dcc1d48e4ff3e9a63b110d810d40cd2c6de2f442b5	432f9daa6af1e15ce26947dcc1d48e4ff3e9a63b110d810d40cd2c6de2f442b5	1	1	1	1	1	0	0	0	0	0	0	0	0	0	0	1
phase2_holdout:hq05_ht01__repeat01	phase2_holdout_36	hq05_ht01	1	nt		matched	4	4	5	5	801e153cd1914f049040fac69f8f71e2a4396968e71e402562b2518def353e2f	801e153cd1914f049040fac69f8f71e2a4396968e71e402562b2518def353e2f	1	1	1	1	1	0	0	0	0	0	0	0	0	0	0	1
phase2_holdout:hq05_ht01__repeat02	phase2_holdout_36	hq05_ht01	2	score		matched	0	0	1	1	fbbb6627d36d0d8f42cb9476f21aba023c9f1065103937bcf9c573e0ce482da9	fbbb6627d36d0d8f42cb9476f21aba023c9f1065103937bcf9c573e0ce482da9	1	1	1	1	1	0	0	0	0	0	0	0	0	0	0	1
phase2_holdout:hq05_ht01__repeat02	phase2_holdout_36	hq05_ht01	2	score		matched	1	1	2	2	f45c7cfb9f04201b13b35194ce4b9a7cc2278d8f1a6437e07d5115f6e3be0e3a	f45c7cfb9f04201b13b35194ce4b9a7cc2278d8f1a6437e07d5115f6e3be0e3a	1	1	1	1	1	0	0	0	0	0	0	0	0	0	0	1
phase2_holdout:hq05_ht01__repeat02	phase2_holdout_36	hq05_ht01	2	score		matched	2	2	3	3	6f60124ff5bfbf0b2635d27174fcb3a92246efe46b99eb1c906d9f91a6bed9e3	6f60124ff5bfbf0b2635d27174fcb3a92246efe46b99eb1c906d9f91a6bed9e3	1	1	1	1	1	0	0	0	0	0	0	0	0	0	0	1
phase2_holdout:hq05_ht01__repeat02	phase2_holdout_36	hq05_ht01	2	score		matched	3	3	4	4	9eaca95b708986d2be036d01a89bd2a0be14a8ed30e0b00d4763e49be98d60bd	9eaca95b708986d2be036d01a89bd2a0be14a8ed30e0b00d4763e49be98d60bd	1	1	1	1	1	0	0	0	0	0	0	0	0	0	0	1
phase2_holdout:hq05_ht01__repeat02	phase2_holdout_36	hq05_ht01	2	score		matched	4	4	5	5	801e153cd1914f049040fac69f8f71e2a4396968e71e402562b2518def353e2f	801e153cd1914f049040fac69f8f71e2a4396968e71e402562b2518def353e2f	1	1	1	1	1	0	0	0	0	0	0	0	0	0	0	1
phase2_holdout:hq05_ht01__repeat02	phase2_holdout_36	hq05_ht01	2	stability		matched	0	0	1	1	002df6d3d1653db9e6036875322265d1e8aed189db41adbafffd1cd51419e07b	002df6d3d1653db9e6036875322265d1e8aed189db41adbafffd1cd51419e07b	1	1	1	1	1	0	0	0	0	0	0	0	0	0	0	1
phase2_holdout:hq05_ht01__repeat02	phase2_holdout_36	hq05_ht01	2	stability		matched	1	1	2	2	432f9daa6af1e15ce26947dcc1d48e4ff3e9a63b110d810d40cd2c6de2f442b5	432f9daa6af1e15ce26947dcc1d48e4ff3e9a63b110d810d40cd2c6de2f442b5	1	1	1	1	1	0	0	0	0	0	0	0	0	0	0	1
phase2_holdout:hq05_ht01__repeat02	phase2_holdout_36	hq05_ht01	2	stability		matched	2	2	3	3	4a57dededfc638170b67502382d05a3836055986a97150bec3d82cd91990d87d	4a57dededfc638170b67502382d05a3836055986a97150bec3d82cd91990d87d	1	1	1	1	1	0	0	0	0	0	0	0	0	0	0	1
phase2_holdout:hq05_ht01__repeat02	phase2_holdout_36	hq05_ht01	2	stability		matched	3	3	4	4	801e153cd1914f049040fac69f8f71e2a4396968e71e402562b2518def353e2f	801e153cd1914f049040fac69f8f71e2a4396968e71e402562b2518def353e2f	1	1	1	1	1	0	0	0	0	0	0	0	0	0	0	1
phase2_holdout:hq05_ht01__repeat02	phase2_holdout_36	hq05_ht01	2	stability		matched	4	4	5	5	308b7d789109689038de733601c0d7191f29cc5078da79dd199067543e352308	308b7d789109689038de733601c0d7191f29cc5078da79dd199067543e352308	1	1	1	1	1	0	0	0	0	0	0	0	0	0	0	1
phase2_holdout:hq05_ht01__repeat02	phase2_holdout_36	hq05_ht01	2	nt		matched	0	0	1	1	a75e7897359ab23f0442b1eb908e131b37f564bb45f76d4def9a10b2d3c2dfcb	a75e7897359ab23f0442b1eb908e131b37f564bb45f76d4def9a10b2d3c2dfcb	1	1	1	1	1	0	0	0	0	0	0	0	0	0	0	1
phase2_holdout:hq05_ht01__repeat02	phase2_holdout_36	hq05_ht01	2	nt		matched	1	1	2	2	9eaca95b708986d2be036d01a89bd2a0be14a8ed30e0b00d4763e49be98d60bd	9eaca95b708986d2be036d01a89bd2a0be14a8ed30e0b00d4763e49be98d60bd	1	1	1	1	1	0	0	0	0	0	0	0	0	0	0	1
phase2_holdout:hq05_ht01__repeat02	phase2_holdout_36	hq05_ht01	2	nt		matched	2	2	3	3	f45c7cfb9f04201b13b35194ce4b9a7cc2278d8f1a6437e07d5115f6e3be0e3a	f45c7cfb9f04201b13b35194ce4b9a7cc2278d8f1a6437e07d5115f6e3be0e3a	1	1	1	1	1	0	0	0	0	0	0	0	0	0	0	1
phase2_holdout:hq05_ht01__repeat02	phase2_holdout_36	hq05_ht01	2	nt		matched	3	3	4	4	432f9daa6af1e15ce26947dcc1d48e4ff3e9a63b110d810d40cd2c6de2f442b5	432f9daa6af1e15ce26947dcc1d48e4ff3e9a63b110d810d40cd2c6de2f442b5	1	1	1	1	1	0	0	0	0	0	0	0	0	0	0	1
phase2_holdout:hq05_ht01__repeat02	phase2_holdout_36	hq05_ht01	2	nt		matched	4	4	5	5	801e153cd1914f049040fac69f8f71e2a4396968e71e402562b2518def353e2f	801e153cd1914f049040fac69f8f71e2a4396968e71e402562b2518def353e2f	1	1	1	1	1	0	0	0	0	0	0	0	0	0	0	1
phase2_holdout:hq05_ht02__repeat00	phase2_holdout_36	hq05_ht02	0	score		matched	0	0	1	1	74f1fd0e079f4ef5cb234a8d01c3605bd857f2a1d24436a9ccf79315750087a6	74f1fd0e079f4ef5cb234a8d01c3605bd857f2a1d24436a9ccf79315750087a6	1	1	1	1	1	0	0	0	0	0	0	0	0	0	0	1
phase2_holdout:hq05_ht02__repeat00	phase2_holdout_36	hq05_ht02	0	score		matched	1	1	2	2	102aeeb7f2864eb2c0796d578d20531a2b58ae6d3250a6528e0b4f0b3586dd0d	102aeeb7f2864eb2c0796d578d20531a2b58ae6d3250a6528e0b4f0b3586dd0d	1	1	1	1	1	0	0	0	0	0	0	0	0	0	0	1
phase2_holdout:hq05_ht02__repeat00	phase2_holdout_36	hq05_ht02	0	score		matched	2	2	3	3	ef140a0dc65b58c32be935d556a2220425d8c3308056b436a7a483251e257eb5	ef140a0dc65b58c32be935d556a2220425d8c3308056b436a7a483251e257eb5	1	1	1	1	1	0	0	0	0	0	0	0	0	0	0	1
phase2_holdout:hq05_ht02__repeat00	phase2_holdout_36	hq05_ht02	0	score		matched	3	3	4	4	26003ed574132522e230bc67e930f1d3b55fe9cb281fa30c4ff457baa1ac8406	26003ed574132522e230bc67e930f1d3b55fe9cb281fa30c4ff457baa1ac8406	1	1	1	1	1	0	0	0	0	0	0	0	0	0	0	1
phase2_holdout:hq05_ht02__repeat00	phase2_holdout_36	hq05_ht02	0	score		matched	4	4	5	5	02221d429c57e3314ded62089cae10cbbf11a1d0f597de45056929b9cb052644	02221d429c57e3314ded62089cae10cbbf11a1d0f597de45056929b9cb052644	1	1	1	1	1	0	0	0	0	0	0	0	0	0	0	1
phase2_holdout:hq05_ht02__repeat00	phase2_holdout_36	hq05_ht02	0	stability		matched	0	0	1	1	74f1fd0e079f4ef5cb234a8d01c3605bd857f2a1d24436a9ccf79315750087a6	74f1fd0e079f4ef5cb234a8d01c3605bd857f2a1d24436a9ccf79315750087a6	1	1	1	1	1	0	0	0	0	0	0	0	0	0	0	1
phase2_holdout:hq05_ht02__repeat00	phase2_holdout_36	hq05_ht02	0	stability		matched	1	1	2	2	2173b075007c1863902404fbc7bec71a3095ba81b0c14b0218c807c0674fea39	2173b075007c1863902404fbc7bec71a3095ba81b0c14b0218c807c0674fea39	1	1	1	1	1	0	0	0	0	0	0	0	0	0	0	1
phase2_holdout:hq05_ht02__repeat00	phase2_holdout_36	hq05_ht02	0	stability		matched	2	2	3	3	ef140a0dc65b58c32be935d556a2220425d8c3308056b436a7a483251e257eb5	ef140a0dc65b58c32be935d556a2220425d8c3308056b436a7a483251e257eb5	1	1	1	1	1	0	0	0	0	0	0	0	0	0	0	1
phase2_holdout:hq05_ht02__repeat00	phase2_holdout_36	hq05_ht02	0	stability		matched	3	3	4	4	02221d429c57e3314ded62089cae10cbbf11a1d0f597de45056929b9cb052644	02221d429c57e3314ded62089cae10cbbf11a1d0f597de45056929b9cb052644	1	1	1	1	1	0	0	0	0	0	0	0	0	0	0	1
phase2_holdout:hq05_ht02__repeat00	phase2_holdout_36	hq05_ht02	0	stability		matched	4	4	5	5	26003ed574132522e230bc67e930f1d3b55fe9cb281fa30c4ff457baa1ac8406	26003ed574132522e230bc67e930f1d3b55fe9cb281fa30c4ff457baa1ac8406	1	1	1	1	1	0	0	0	0	0	0	0	0	0	0	1
phase2_holdout:hq05_ht02__repeat00	phase2_holdout_36	hq05_ht02	0	nt		matched	0	0	1	1	102aeeb7f2864eb2c0796d578d20531a2b58ae6d3250a6528e0b4f0b3586dd0d	102aeeb7f2864eb2c0796d578d20531a2b58ae6d3250a6528e0b4f0b3586dd0d	1	1	1	1	1	0	0	0	0	0	0	0	0	0	0	1
phase2_holdout:hq05_ht02__repeat00	phase2_holdout_36	hq05_ht02	0	nt		matched	1	1	2	2	74c592e237ec3c57584376e5306785442db1e84fdc603a3db8e141280e2c0e89	74c592e237ec3c57584376e5306785442db1e84fdc603a3db8e141280e2c0e89	1	1	1	1	1	0	0	0	0	0	0	0	0	0	0	1
phase2_holdout:hq05_ht02__repeat00	phase2_holdout_36	hq05_ht02	0	nt		matched	2	2	3	3	02221d429c57e3314ded62089cae10cbbf11a1d0f597de45056929b9cb052644	02221d429c57e3314ded62089cae10cbbf11a1d0f597de45056929b9cb052644	1	1	1	1	1	0	0	0	0	0	0	0	0	0	0	1
phase2_holdout:hq05_ht02__repeat00	phase2_holdout_36	hq05_ht02	0	nt		matched	3	3	4	4	26003ed574132522e230bc67e930f1d3b55fe9cb281fa30c4ff457baa1ac8406	26003ed574132522e230bc67e930f1d3b55fe9cb281fa30c4ff457baa1ac8406	1	1	1	1	1	0	0	0	0	0	0	0	0	0	0	1
phase2_holdout:hq05_ht02__repeat00	phase2_holdout_36	hq05_ht02	0	nt		matched	4	4	5	5	670d8985956d2d17325f1e1fad393de63255ca541f32136dd9e31a3bbf025807	670d8985956d2d17325f1e1fad393de63255ca541f32136dd9e31a3bbf025807	1	1	1	1	1	0	0	0	0	0	0	0	0	0	0	1
phase2_holdout:hq05_ht02__repeat01	phase2_holdout_36	hq05_ht02	1	score		matched	0	0	1	1	74f1fd0e079f4ef5cb234a8d01c3605bd857f2a1d24436a9ccf79315750087a6	74f1fd0e079f4ef5cb234a8d01c3605bd857f2a1d24436a9ccf79315750087a6	1	1	1	1	1	0	0	0	0	0	0	0	0	0	0	1
phase2_holdout:hq05_ht02__repeat01	phase2_holdout_36	hq05_ht02	1	score		matched	1	1	2	2	102aeeb7f2864eb2c0796d578d20531a2b58ae6d3250a6528e0b4f0b3586dd0d	102aeeb7f2864eb2c0796d578d20531a2b58ae6d3250a6528e0b4f0b3586dd0d	1	1	1	1	1	0	0	0	0	0	0	0	0	0	0	1
phase2_holdout:hq05_ht02__repeat01	phase2_holdout_36	hq05_ht02	1	score		matched	2	2	3	3	ef140a0dc65b58c32be935d556a2220425d8c3308056b436a7a483251e257eb5	ef140a0dc65b58c32be935d556a2220425d8c3308056b436a7a483251e257eb5	1	1	1	1	1	0	0	0	0	0	0	0	0	0	0	1
phase2_holdout:hq05_ht02__repeat01	phase2_holdout_36	hq05_ht02	1	score		matched	3	3	4	4	26003ed574132522e230bc67e930f1d3b55fe9cb281fa30c4ff457baa1ac8406	26003ed574132522e230bc67e930f1d3b55fe9cb281fa30c4ff457baa1ac8406	1	1	1	1	1	0	0	0	0	0	0	0	0	0	0	1
phase2_holdout:hq05_ht02__repeat01	phase2_holdout_36	hq05_ht02	1	score		matched	4	4	5	5	02221d429c57e3314ded62089cae10cbbf11a1d0f597de45056929b9cb052644	02221d429c57e3314ded62089cae10cbbf11a1d0f597de45056929b9cb052644	1	1	1	1	1	0	0	0	0	0	0	0	0	0	0	1
phase2_holdout:hq05_ht02__repeat01	phase2_holdout_36	hq05_ht02	1	stability		matched	0	0	1	1	74f1fd0e079f4ef5cb234a8d01c3605bd857f2a1d24436a9ccf79315750087a6	74f1fd0e079f4ef5cb234a8d01c3605bd857f2a1d24436a9ccf79315750087a6	1	1	1	1	1	0	0	0	0	0	0	0	0	0	0	1
phase2_holdout:hq05_ht02__repeat01	phase2_holdout_36	hq05_ht02	1	stability		matched	1	1	2	2	2173b075007c1863902404fbc7bec71a3095ba81b0c14b0218c807c0674fea39	2173b075007c1863902404fbc7bec71a3095ba81b0c14b0218c807c0674fea39	1	1	1	1	1	0	0	0	0	0	0	0	0	0	0	1
phase2_holdout:hq05_ht02__repeat01	phase2_holdout_36	hq05_ht02	1	stability		matched	2	2	3	3	ef140a0dc65b58c32be935d556a2220425d8c3308056b436a7a483251e257eb5	ef140a0dc65b58c32be935d556a2220425d8c3308056b436a7a483251e257eb5	1	1	1	1	1	0	0	0	0	0	0	0	0	0	0	1
phase2_holdout:hq05_ht02__repeat01	phase2_holdout_36	hq05_ht02	1	stability		matched	3	3	4	4	02221d429c57e3314ded62089cae10cbbf11a1d0f597de45056929b9cb052644	02221d429c57e3314ded62089cae10cbbf11a1d0f597de45056929b9cb052644	1	1	1	1	1	0	0	0	0	0	0	0	0	0	0	1
phase2_holdout:hq05_ht02__repeat01	phase2_holdout_36	hq05_ht02	1	stability		matched	4	4	5	5	26003ed574132522e230bc67e930f1d3b55fe9cb281fa30c4ff457baa1ac8406	26003ed574132522e230bc67e930f1d3b55fe9cb281fa30c4ff457baa1ac8406	1	1	1	1	1	0	0	0	0	0	0	0	0	0	0	1
phase2_holdout:hq05_ht02__repeat01	phase2_holdout_36	hq05_ht02	1	nt		matched	0	0	1	1	102aeeb7f2864eb2c0796d578d20531a2b58ae6d3250a6528e0b4f0b3586dd0d	102aeeb7f2864eb2c0796d578d20531a2b58ae6d3250a6528e0b4f0b3586dd0d	1	1	1	1	1	0	0	0	0	0	0	0	0	0	0	1
phase2_holdout:hq05_ht02__repeat01	phase2_holdout_36	hq05_ht02	1	nt		matched	1	1	2	2	74c592e237ec3c57584376e5306785442db1e84fdc603a3db8e141280e2c0e89	74c592e237ec3c57584376e5306785442db1e84fdc603a3db8e141280e2c0e89	1	1	1	1	1	0	0	0	0	0	0	0	0	0	0	1
phase2_holdout:hq05_ht02__repeat01	phase2_holdout_36	hq05_ht02	1	nt		matched	2	2	3	3	02221d429c57e3314ded62089cae10cbbf11a1d0f597de45056929b9cb052644	02221d429c57e3314ded62089cae10cbbf11a1d0f597de45056929b9cb052644	1	1	1	1	1	0	0	0	0	0	0	0	0	0	0	1
phase2_holdout:hq05_ht02__repeat01	phase2_holdout_36	hq05_ht02	1	nt		matched	3	3	4	4	26003ed574132522e230bc67e930f1d3b55fe9cb281fa30c4ff457baa1ac8406	26003ed574132522e230bc67e930f1d3b55fe9cb281fa30c4ff457baa1ac8406	1	1	1	1	1	0	0	0	0	0	0	0	0	0	0	1
phase2_holdout:hq05_ht02__repeat01	phase2_holdout_36	hq05_ht02	1	nt		matched	4	4	5	5	670d8985956d2d17325f1e1fad393de63255ca541f32136dd9e31a3bbf025807	670d8985956d2d17325f1e1fad393de63255ca541f32136dd9e31a3bbf025807	1	1	1	1	1	0	0	0	0	0	0	0	0	0	0	1
phase2_holdout:hq05_ht02__repeat02	phase2_holdout_36	hq05_ht02	2	score		matched	0	0	1	1	74f1fd0e079f4ef5cb234a8d01c3605bd857f2a1d24436a9ccf79315750087a6	74f1fd0e079f4ef5cb234a8d01c3605bd857f2a1d24436a9ccf79315750087a6	1	1	1	1	1	0	0	0	0	0	0	0	0	0	0	1
phase2_holdout:hq05_ht02__repeat02	phase2_holdout_36	hq05_ht02	2	score		matched	1	1	2	2	102aeeb7f2864eb2c0796d578d20531a2b58ae6d3250a6528e0b4f0b3586dd0d	102aeeb7f2864eb2c0796d578d20531a2b58ae6d3250a6528e0b4f0b3586dd0d	1	1	1	1	1	0	0	0	0	0	0	0	0	0	0	1
phase2_holdout:hq05_ht02__repeat02	phase2_holdout_36	hq05_ht02	2	score		matched	2	2	3	3	ef140a0dc65b58c32be935d556a2220425d8c3308056b436a7a483251e257eb5	ef140a0dc65b58c32be935d556a2220425d8c3308056b436a7a483251e257eb5	1	1	1	1	1	0	0	0	0	0	0	0	0	0	0	1
phase2_holdout:hq05_ht02__repeat02	phase2_holdout_36	hq05_ht02	2	score		matched	3	3	4	4	26003ed574132522e230bc67e930f1d3b55fe9cb281fa30c4ff457baa1ac8406	26003ed574132522e230bc67e930f1d3b55fe9cb281fa30c4ff457baa1ac8406	1	1	1	1	1	0	0	0	0	0	0	0	0	0	0	1
phase2_holdout:hq05_ht02__repeat02	phase2_holdout_36	hq05_ht02	2	score		matched	4	4	5	5	02221d429c57e3314ded62089cae10cbbf11a1d0f597de45056929b9cb052644	02221d429c57e3314ded62089cae10cbbf11a1d0f597de45056929b9cb052644	1	1	1	1	1	0	0	0	0	0	0	0	0	0	0	1
phase2_holdout:hq05_ht02__repeat02	phase2_holdout_36	hq05_ht02	2	stability		matched	0	0	1	1	74f1fd0e079f4ef5cb234a8d01c3605bd857f2a1d24436a9ccf79315750087a6	74f1fd0e079f4ef5cb234a8d01c3605bd857f2a1d24436a9ccf79315750087a6	1	1	1	1	1	0	0	0	0	0	0	0	0	0	0	1
phase2_holdout:hq05_ht02__repeat02	phase2_holdout_36	hq05_ht02	2	stability		matched	1	1	2	2	2173b075007c1863902404fbc7bec71a3095ba81b0c14b0218c807c0674fea39	2173b075007c1863902404fbc7bec71a3095ba81b0c14b0218c807c0674fea39	1	1	1	1	1	0	0	0	0	0	0	0	0	0	0	1
phase2_holdout:hq05_ht02__repeat02	phase2_holdout_36	hq05_ht02	2	stability		matched	2	2	3	3	ef140a0dc65b58c32be935d556a2220425d8c3308056b436a7a483251e257eb5	ef140a0dc65b58c32be935d556a2220425d8c3308056b436a7a483251e257eb5	1	1	1	1	1	0	0	0	0	0	0	0	0	0	0	1
phase2_holdout:hq05_ht02__repeat02	phase2_holdout_36	hq05_ht02	2	stability		matched	3	3	4	4	02221d429c57e3314ded62089cae10cbbf11a1d0f597de45056929b9cb052644	02221d429c57e3314ded62089cae10cbbf11a1d0f597de45056929b9cb052644	1	1	1	1	1	0	0	0	0	0	0	0	0	0	0	1
phase2_holdout:hq05_ht02__repeat02	phase2_holdout_36	hq05_ht02	2	stability		matched	4	4	5	5	26003ed574132522e230bc67e930f1d3b55fe9cb281fa30c4ff457baa1ac8406	26003ed574132522e230bc67e930f1d3b55fe9cb281fa30c4ff457baa1ac8406	1	1	1	1	1	0	0	0	0	0	0	0	0	0	0	1
phase2_holdout:hq05_ht02__repeat02	phase2_holdout_36	hq05_ht02	2	nt		matched	0	0	1	1	102aeeb7f2864eb2c0796d578d20531a2b58ae6d3250a6528e0b4f0b3586dd0d	102aeeb7f2864eb2c0796d578d20531a2b58ae6d3250a6528e0b4f0b3586dd0d	1	1	1	1	1	0	0	0	0	0	0	0	0	0	0	1
phase2_holdout:hq05_ht02__repeat02	phase2_holdout_36	hq05_ht02	2	nt		matched	1	1	2	2	74c592e237ec3c57584376e5306785442db1e84fdc603a3db8e141280e2c0e89	74c592e237ec3c57584376e5306785442db1e84fdc603a3db8e141280e2c0e89	1	1	1	1	1	0	0	0	0	0	0	0	0	0	0	1
phase2_holdout:hq05_ht02__repeat02	phase2_holdout_36	hq05_ht02	2	nt		matched	2	2	3	3	02221d429c57e3314ded62089cae10cbbf11a1d0f597de45056929b9cb052644	02221d429c57e3314ded62089cae10cbbf11a1d0f597de45056929b9cb052644	1	1	1	1	1	0	0	0	0	0	0	0	0	0	0	1
phase2_holdout:hq05_ht02__repeat02	phase2_holdout_36	hq05_ht02	2	nt		matched	3	3	4	4	26003ed574132522e230bc67e930f1d3b55fe9cb281fa30c4ff457baa1ac8406	26003ed574132522e230bc67e930f1d3b55fe9cb281fa30c4ff457baa1ac8406	1	1	1	1	1	0	0	0	0	0	0	0	0	0	0	1
phase2_holdout:hq05_ht02__repeat02	phase2_holdout_36	hq05_ht02	2	nt		matched	4	4	5	5	670d8985956d2d17325f1e1fad393de63255ca541f32136dd9e31a3bbf025807	670d8985956d2d17325f1e1fad393de63255ca541f32136dd9e31a3bbf025807	1	1	1	1	1	0	0	0	0	0	0	0	0	0	0	1
phase2_holdout:hq06_ht01__repeat00	phase2_holdout_36	hq06_ht01	0	score		matched	0	0	1	1	35f38992ea4a60072ca71a24dd030a88313e6f7a748161fdaf9edebbe89b692b	35f38992ea4a60072ca71a24dd030a88313e6f7a748161fdaf9edebbe89b692b	1	1	1	1	1	0	0	0	0	0	0	0	0	0	0	1
phase2_holdout:hq06_ht01__repeat00	phase2_holdout_36	hq06_ht01	0	score		matched	1	1	2	2	76e4e22afb5cff75d06af9215364f842a9fdd2d9fd8e381d5c033c6d6a7f77b9	76e4e22afb5cff75d06af9215364f842a9fdd2d9fd8e381d5c033c6d6a7f77b9	1	1	1	1	1	0	0	0	0	0	0	0	0	0	0	1
phase2_holdout:hq06_ht01__repeat00	phase2_holdout_36	hq06_ht01	0	score		matched	2	2	3	3	9bd832faa77d7b3ff6e6962e06b2a84f7b66092dee66aeaa17cbcd8472700bd9	9bd832faa77d7b3ff6e6962e06b2a84f7b66092dee66aeaa17cbcd8472700bd9	1	1	1	1	1	0	0	0	0	0	0	0	0	0	0	1
phase2_holdout:hq06_ht01__repeat00	phase2_holdout_36	hq06_ht01	0	stability		matched	0	0	1	1	35f38992ea4a60072ca71a24dd030a88313e6f7a748161fdaf9edebbe89b692b	35f38992ea4a60072ca71a24dd030a88313e6f7a748161fdaf9edebbe89b692b	1	1	1	1	1	0	0	0	0	0	0	0	0	0	0	1
phase2_holdout:hq06_ht01__repeat00	phase2_holdout_36	hq06_ht01	0	stability		matched	1	1	2	2	76e4e22afb5cff75d06af9215364f842a9fdd2d9fd8e381d5c033c6d6a7f77b9	76e4e22afb5cff75d06af9215364f842a9fdd2d9fd8e381d5c033c6d6a7f77b9	1	1	1	1	1	0	0	0	0	0	0	0	0	0	0	1
phase2_holdout:hq06_ht01__repeat00	phase2_holdout_36	hq06_ht01	0	stability		matched	2	2	3	3	9bd832faa77d7b3ff6e6962e06b2a84f7b66092dee66aeaa17cbcd8472700bd9	9bd832faa77d7b3ff6e6962e06b2a84f7b66092dee66aeaa17cbcd8472700bd9	1	1	1	1	1	0	0	0	0	0	0	0	0	0	0	1
phase2_holdout:hq06_ht01__repeat00	phase2_holdout_36	hq06_ht01	0	nt		matched	0	0	1	1	9bd832faa77d7b3ff6e6962e06b2a84f7b66092dee66aeaa17cbcd8472700bd9	9bd832faa77d7b3ff6e6962e06b2a84f7b66092dee66aeaa17cbcd8472700bd9	1	1	1	1	1	0	0	0	0	0	0	0	0	0	0	1
phase2_holdout:hq06_ht01__repeat00	phase2_holdout_36	hq06_ht01	0	nt		matched	1	1	2	2	5bb0fae7909e78355f9cb2f719f39675b54984f0d1c00052e4ed0e5c41e369aa	5bb0fae7909e78355f9cb2f719f39675b54984f0d1c00052e4ed0e5c41e369aa	1	1	1	1	1	0	0	0	0	0	0	0	0	0	0	1
phase2_holdout:hq06_ht01__repeat00	phase2_holdout_36	hq06_ht01	0	nt		matched	2	2	3	3	35f38992ea4a60072ca71a24dd030a88313e6f7a748161fdaf9edebbe89b692b	35f38992ea4a60072ca71a24dd030a88313e6f7a748161fdaf9edebbe89b692b	1	1	1	1	1	0	0	0	0	0	0	0	0	0	0	1
phase2_holdout:hq06_ht02__repeat00	phase2_holdout_36	hq06_ht02	0	score		matched	0	0	1	1	4b4be635ad2b78af1af65874df1441a405081fcb54b4a77a9969e6813d96f9e3	4b4be635ad2b78af1af65874df1441a405081fcb54b4a77a9969e6813d96f9e3	1	1	1	1	1	0	0	0	0	0	0	0	0	0	0	1
phase2_holdout:hq06_ht02__repeat00	phase2_holdout_36	hq06_ht02	0	score		matched	1	1	2	2	83e1943fb93c0c5d78de7a9b50e97664bae52a424b086f23ba2a1ff93418630a	83e1943fb93c0c5d78de7a9b50e97664bae52a424b086f23ba2a1ff93418630a	1	1	1	1	1	0	0	0	0	0	0	0	0	0	0	1
phase2_holdout:hq06_ht02__repeat00	phase2_holdout_36	hq06_ht02	0	score		matched	2	2	3	3	778578c548ec9261bd8b586e211cb5d752f755871a7524dbd0ae54ed07d59c17	778578c548ec9261bd8b586e211cb5d752f755871a7524dbd0ae54ed07d59c17	1	1	1	1	1	0	0	0	0	0	0	0	0	0	0	1
phase2_holdout:hq06_ht02__repeat00	phase2_holdout_36	hq06_ht02	0	score		matched	3	3	4	4	d65f6c332e79087ac715be483209b75ee3abaf13aabea2d699970137ff4dbb60	d65f6c332e79087ac715be483209b75ee3abaf13aabea2d699970137ff4dbb60	1	1	1	1	1	0	0	0	0	0	0	0	0	0	0	1
phase2_holdout:hq06_ht02__repeat00	phase2_holdout_36	hq06_ht02	0	stability		matched	0	0	1	1	d65f6c332e79087ac715be483209b75ee3abaf13aabea2d699970137ff4dbb60	d65f6c332e79087ac715be483209b75ee3abaf13aabea2d699970137ff4dbb60	1	1	1	1	1	0	0	0	0	0	0	0	0	0	0	1
phase2_holdout:hq06_ht02__repeat00	phase2_holdout_36	hq06_ht02	0	stability		matched	1	1	2	2	83e1943fb93c0c5d78de7a9b50e97664bae52a424b086f23ba2a1ff93418630a	83e1943fb93c0c5d78de7a9b50e97664bae52a424b086f23ba2a1ff93418630a	1	1	1	1	1	0	0	0	0	0	0	0	0	0	0	1
phase2_holdout:hq06_ht02__repeat00	phase2_holdout_36	hq06_ht02	0	stability		matched	2	2	3	3	778578c548ec9261bd8b586e211cb5d752f755871a7524dbd0ae54ed07d59c17	778578c548ec9261bd8b586e211cb5d752f755871a7524dbd0ae54ed07d59c17	1	1	1	1	1	0	0	0	0	0	0	0	0	0	0	1
phase2_holdout:hq06_ht02__repeat00	phase2_holdout_36	hq06_ht02	0	stability		matched	3	3	4	4	4b4be635ad2b78af1af65874df1441a405081fcb54b4a77a9969e6813d96f9e3	4b4be635ad2b78af1af65874df1441a405081fcb54b4a77a9969e6813d96f9e3	1	1	1	1	1	0	0	0	0	0	0	0	0	0	0	1
phase2_holdout:hq06_ht02__repeat00	phase2_holdout_36	hq06_ht02	0	nt		matched	0	0	1	1	4b4be635ad2b78af1af65874df1441a405081fcb54b4a77a9969e6813d96f9e3	4b4be635ad2b78af1af65874df1441a405081fcb54b4a77a9969e6813d96f9e3	1	1	1	1	1	0	0	0	0	0	0	0	0	0	0	1
phase2_holdout:hq06_ht02__repeat00	phase2_holdout_36	hq06_ht02	0	nt		matched	1	1	2	2	83e1943fb93c0c5d78de7a9b50e97664bae52a424b086f23ba2a1ff93418630a	83e1943fb93c0c5d78de7a9b50e97664bae52a424b086f23ba2a1ff93418630a	1	1	1	1	1	0	0	0	0	0	0	0	0	0	0	1
phase2_holdout:hq06_ht02__repeat00	phase2_holdout_36	hq06_ht02	0	nt		matched	2	2	3	3	778578c548ec9261bd8b586e211cb5d752f755871a7524dbd0ae54ed07d59c17	778578c548ec9261bd8b586e211cb5d752f755871a7524dbd0ae54ed07d59c17	1	1	1	1	1	0	0	0	0	0	0	0	0	0	0	1
phase2_holdout:hq06_ht02__repeat00	phase2_holdout_36	hq06_ht02	0	nt		matched	3	3	4	4	d65f6c332e79087ac715be483209b75ee3abaf13aabea2d699970137ff4dbb60	d65f6c332e79087ac715be483209b75ee3abaf13aabea2d699970137ff4dbb60	1	1	1	1	1	0	0	0	0	0	0	0	0	0	0	1
phase2_holdout:hq07_ht01__repeat00	phase2_holdout_36	hq07_ht01	0	score		matched	0	0	1	1	cfbfc06bd1606fe1822683866e6b634e283a5f61d0df665dfcdab25d1b814da6	cfbfc06bd1606fe1822683866e6b634e283a5f61d0df665dfcdab25d1b814da6	1	1	1	1	1	0	0	0	0	0	0	0	0	0	0	1
phase2_holdout:hq07_ht01__repeat00	phase2_holdout_36	hq07_ht01	0	score		matched	1	1	2	2	0d01939ad0c8ea339d17e6df328c340e54876ae9c2c0d86ede33f3b4f8a4fb8b	0d01939ad0c8ea339d17e6df328c340e54876ae9c2c0d86ede33f3b4f8a4fb8b	1	1	1	1	1	0	0	0	0	0	0	0	0	0	0	1
phase2_holdout:hq07_ht01__repeat00	phase2_holdout_36	hq07_ht01	0	score		matched	2	2	3	3	0c8e225daf8a3734f30ee612091c63f2d09026a7b33e0e8e3fbb8e9a028d4696	0c8e225daf8a3734f30ee612091c63f2d09026a7b33e0e8e3fbb8e9a028d4696	1	1	1	1	1	0	0	0	0	0	0	0	0	0	0	1
phase2_holdout:hq07_ht01__repeat00	phase2_holdout_36	hq07_ht01	0	score		matched	3	3	4	4	4f161e8eeea263305e3626f8eb611b15b6d1593b924f9160b5a179c807094d02	4f161e8eeea263305e3626f8eb611b15b6d1593b924f9160b5a179c807094d02	1	1	1	1	1	0	0	0	0	0	0	0	0	0	0	1
phase2_holdout:hq07_ht01__repeat00	phase2_holdout_36	hq07_ht01	0	stability		matched	0	0	1	1	cfbfc06bd1606fe1822683866e6b634e283a5f61d0df665dfcdab25d1b814da6	cfbfc06bd1606fe1822683866e6b634e283a5f61d0df665dfcdab25d1b814da6	1	1	1	1	1	0	0	0	0	0	0	0	0	0	0	1
phase2_holdout:hq07_ht01__repeat00	phase2_holdout_36	hq07_ht01	0	stability		matched	1	1	2	2	90d1ddf08b8ada83b2a6b9f2f420a5d5ee720ff5a10fe5c0b5baf8618f1a939a	90d1ddf08b8ada83b2a6b9f2f420a5d5ee720ff5a10fe5c0b5baf8618f1a939a	1	1	1	1	1	0	0	0	0	0	0	0	0	0	0	1
phase2_holdout:hq07_ht01__repeat00	phase2_holdout_36	hq07_ht01	0	stability		matched	2	2	3	3	0d01939ad0c8ea339d17e6df328c340e54876ae9c2c0d86ede33f3b4f8a4fb8b	0d01939ad0c8ea339d17e6df328c340e54876ae9c2c0d86ede33f3b4f8a4fb8b	1	1	1	1	1	0	0	0	0	0	0	0	0	0	0	1
phase2_holdout:hq07_ht01__repeat00	phase2_holdout_36	hq07_ht01	0	stability		matched	3	3	4	4	4f161e8eeea263305e3626f8eb611b15b6d1593b924f9160b5a179c807094d02	4f161e8eeea263305e3626f8eb611b15b6d1593b924f9160b5a179c807094d02	1	1	1	1	1	0	0	0	0	0	0	0	0	0	0	1
phase2_holdout:hq07_ht01__repeat00	phase2_holdout_36	hq07_ht01	0	nt		matched	0	0	1	1	4f161e8eeea263305e3626f8eb611b15b6d1593b924f9160b5a179c807094d02	4f161e8eeea263305e3626f8eb611b15b6d1593b924f9160b5a179c807094d02	1	1	1	1	1	0	0	0	0	0	0	0	0	0	0	1
phase2_holdout:hq07_ht01__repeat00	phase2_holdout_36	hq07_ht01	0	nt		matched	1	1	2	2	90d1ddf08b8ada83b2a6b9f2f420a5d5ee720ff5a10fe5c0b5baf8618f1a939a	90d1ddf08b8ada83b2a6b9f2f420a5d5ee720ff5a10fe5c0b5baf8618f1a939a	1	1	1	1	1	0	0	0	0	0	0	0	0	0	0	1
phase2_holdout:hq07_ht01__repeat00	phase2_holdout_36	hq07_ht01	0	nt		matched	2	2	3	3	cfbfc06bd1606fe1822683866e6b634e283a5f61d0df665dfcdab25d1b814da6	cfbfc06bd1606fe1822683866e6b634e283a5f61d0df665dfcdab25d1b814da6	1	1	1	1	1	0	0	0	0	0	0	0	0	0	0	1
phase2_holdout:hq07_ht01__repeat00	phase2_holdout_36	hq07_ht01	0	nt		matched	3	3	4	4	0d01939ad0c8ea339d17e6df328c340e54876ae9c2c0d86ede33f3b4f8a4fb8b	0d01939ad0c8ea339d17e6df328c340e54876ae9c2c0d86ede33f3b4f8a4fb8b	1	1	1	1	1	0	0	0	0	0	0	0	0	0	0	1
phase2_holdout:hq07_ht02__repeat00	phase2_holdout_36	hq07_ht02	0	score		matched	0	0	1	1	6a55e0a52776f881b02cf7c72457dcd6954dbd588de649940a2e040a70d62e7a	6a55e0a52776f881b02cf7c72457dcd6954dbd588de649940a2e040a70d62e7a	1	1	1	1	1	0	0	0	0	0	0	0	0	0	0	1
phase2_holdout:hq07_ht02__repeat00	phase2_holdout_36	hq07_ht02	0	score		matched	1	1	2	2	6343d4c5de44e39f9a1c3be17734956d507ef8f2a891dbe2a5becf41d3e6219c	6343d4c5de44e39f9a1c3be17734956d507ef8f2a891dbe2a5becf41d3e6219c	1	1	1	1	1	0	0	0	0	0	0	0	0	0	0	1
phase2_holdout:hq07_ht02__repeat00	phase2_holdout_36	hq07_ht02	0	score		matched	2	2	3	3	c3e37628bb350b0cc28228e50dd1adfa14a871399781792b642acbc1848750f7	c3e37628bb350b0cc28228e50dd1adfa14a871399781792b642acbc1848750f7	1	1	1	1	1	0	0	0	0	0	0	0	0	0	0	1
phase2_holdout:hq07_ht02__repeat00	phase2_holdout_36	hq07_ht02	0	score		matched	3	3	4	4	b988e01e440b79d504b73f37cab2ac1dfbe64a17d3867dd34782d2e91c8b4068	b988e01e440b79d504b73f37cab2ac1dfbe64a17d3867dd34782d2e91c8b4068	1	1	1	1	1	0	0	0	0	0	0	0	0	0	0	1
phase2_holdout:hq07_ht02__repeat00	phase2_holdout_36	hq07_ht02	0	score		matched	4	4	5	5	d77bf14fbe7728220fcb6ca0747ab1906674ca318fb521d8fc6a64cc3189cfa0	d77bf14fbe7728220fcb6ca0747ab1906674ca318fb521d8fc6a64cc3189cfa0	1	1	1	1	1	0	0	0	0	0	0	0	0	0	0	1
phase2_holdout:hq07_ht02__repeat00	phase2_holdout_36	hq07_ht02	0	stability		matched	0	0	1	1	b988e01e440b79d504b73f37cab2ac1dfbe64a17d3867dd34782d2e91c8b4068	b988e01e440b79d504b73f37cab2ac1dfbe64a17d3867dd34782d2e91c8b4068	1	1	1	1	1	0	0	0	0	0	0	0	0	0	0	1
phase2_holdout:hq07_ht02__repeat00	phase2_holdout_36	hq07_ht02	0	stability		matched	1	1	2	2	6343d4c5de44e39f9a1c3be17734956d507ef8f2a891dbe2a5becf41d3e6219c	6343d4c5de44e39f9a1c3be17734956d507ef8f2a891dbe2a5becf41d3e6219c	1	1	1	1	1	0	0	0	0	0	0	0	0	0	0	1
phase2_holdout:hq07_ht02__repeat00	phase2_holdout_36	hq07_ht02	0	stability		matched	2	2	3	3	6a55e0a52776f881b02cf7c72457dcd6954dbd588de649940a2e040a70d62e7a	6a55e0a52776f881b02cf7c72457dcd6954dbd588de649940a2e040a70d62e7a	1	1	1	1	1	0	0	0	0	0	0	0	0	0	0	1
phase2_holdout:hq07_ht02__repeat00	phase2_holdout_36	hq07_ht02	0	stability		matched	3	3	4	4	c3e37628bb350b0cc28228e50dd1adfa14a871399781792b642acbc1848750f7	c3e37628bb350b0cc28228e50dd1adfa14a871399781792b642acbc1848750f7	1	1	1	1	1	0	0	0	0	0	0	0	0	0	0	1
phase2_holdout:hq07_ht02__repeat00	phase2_holdout_36	hq07_ht02	0	stability		matched	4	4	5	5	64dd8d57f63774474ae0e0975470db23db35f98c71228ea34e96a81a09feb0d6	64dd8d57f63774474ae0e0975470db23db35f98c71228ea34e96a81a09feb0d6	1	1	1	1	1	0	0	0	0	0	0	0	0	0	0	1
phase2_holdout:hq07_ht02__repeat00	phase2_holdout_36	hq07_ht02	0	nt		matched	0	0	1	1	99eaf5745cdf93f9a3ad2baedd33631d1a53d3d65494399471b1d134b5dd5d13	99eaf5745cdf93f9a3ad2baedd33631d1a53d3d65494399471b1d134b5dd5d13	1	1	1	1	1	0	0	0	0	0	0	0	0	0	0	1
phase2_holdout:hq07_ht02__repeat00	phase2_holdout_36	hq07_ht02	0	nt		matched	1	1	2	2	6343d4c5de44e39f9a1c3be17734956d507ef8f2a891dbe2a5becf41d3e6219c	6343d4c5de44e39f9a1c3be17734956d507ef8f2a891dbe2a5becf41d3e6219c	1	1	1	1	1	0	0	0	0	0	0	0	0	0	0	1
phase2_holdout:hq07_ht02__repeat00	phase2_holdout_36	hq07_ht02	0	nt		matched	2	2	3	3	ed4e8f4ca4f3bcaa41db5024ab0b3c79a6c16c7b812f50513479d06eca5a971f	ed4e8f4ca4f3bcaa41db5024ab0b3c79a6c16c7b812f50513479d06eca5a971f	1	1	1	1	1	0	0	0	0	0	0	0	0	0	0	1
phase2_holdout:hq07_ht02__repeat00	phase2_holdout_36	hq07_ht02	0	nt		matched	3	3	4	4	b988e01e440b79d504b73f37cab2ac1dfbe64a17d3867dd34782d2e91c8b4068	b988e01e440b79d504b73f37cab2ac1dfbe64a17d3867dd34782d2e91c8b4068	1	1	1	1	1	0	0	0	0	0	0	0	0	0	0	1
phase2_holdout:hq07_ht02__repeat00	phase2_holdout_36	hq07_ht02	0	nt		matched	4	4	5	5	64dd8d57f63774474ae0e0975470db23db35f98c71228ea34e96a81a09feb0d6	64dd8d57f63774474ae0e0975470db23db35f98c71228ea34e96a81a09feb0d6	1	1	1	1	1	0	0	0	0	0	0	0	0	0	0	1
phase2_holdout:hq08_ht01__repeat00	phase2_holdout_36	hq08_ht01	0	score		matched	0	0	1	1	3d82ad1143fe8be2535fef7ff56fb3bb22b8b3f83b92478a08379c46e1566c55	3d82ad1143fe8be2535fef7ff56fb3bb22b8b3f83b92478a08379c46e1566c55	1	1	1	1	1	0	0	0	0	0	0	0	0	0	0	1
phase2_holdout:hq08_ht01__repeat00	phase2_holdout_36	hq08_ht01	0	score		matched	1	1	2	2	0c28e768493ce05adb70ba73c7a82c46135ecbb319960de020999a2b4389f246	0c28e768493ce05adb70ba73c7a82c46135ecbb319960de020999a2b4389f246	1	1	1	1	1	0	0	0	0	0	0	0	0	0	0	1
phase2_holdout:hq08_ht01__repeat00	phase2_holdout_36	hq08_ht01	0	score		matched	2	2	3	3	8ef46ed98c0a01751890ec4a4f4266d28032a076f9adb2157723c5ec17344968	8ef46ed98c0a01751890ec4a4f4266d28032a076f9adb2157723c5ec17344968	1	1	1	1	1	0	0	0	0	0	0	0	0	0	0	1
phase2_holdout:hq08_ht01__repeat00	phase2_holdout_36	hq08_ht01	0	score		matched	3	3	4	4	eed979f62997e64e88bb355bf0e235c84c787413b4cbfcb476d33ea94a989046	eed979f62997e64e88bb355bf0e235c84c787413b4cbfcb476d33ea94a989046	1	1	1	1	1	0	0	0	0	0	0	0	0	0	0	1
phase2_holdout:hq08_ht01__repeat00	phase2_holdout_36	hq08_ht01	0	score		matched	4	4	5	5	419c13a361f7203661056ea81367f50c5441ce2a474c479613ff8105251a8ba7	419c13a361f7203661056ea81367f50c5441ce2a474c479613ff8105251a8ba7	1	1	1	1	1	0	0	0	0	0	0	0	0	0	0	1
phase2_holdout:hq08_ht01__repeat00	phase2_holdout_36	hq08_ht01	0	stability		matched	0	0	1	1	592282fbc99e8ccc04a028936782b7a126bc3f95f832323bfe5275e7547307ab	592282fbc99e8ccc04a028936782b7a126bc3f95f832323bfe5275e7547307ab	1	1	1	1	1	0	0	0	0	0	0	0	0	0	0	1
phase2_holdout:hq08_ht01__repeat00	phase2_holdout_36	hq08_ht01	0	stability		matched	1	1	2	2	0c28e768493ce05adb70ba73c7a82c46135ecbb319960de020999a2b4389f246	0c28e768493ce05adb70ba73c7a82c46135ecbb319960de020999a2b4389f246	1	1	1	1	1	0	0	0	0	0	0	0	0	0	0	1
phase2_holdout:hq08_ht01__repeat00	phase2_holdout_36	hq08_ht01	0	stability		matched	2	2	3	3	419c13a361f7203661056ea81367f50c5441ce2a474c479613ff8105251a8ba7	419c13a361f7203661056ea81367f50c5441ce2a474c479613ff8105251a8ba7	1	1	1	1	1	0	0	0	0	0	0	0	0	0	0	1
phase2_holdout:hq08_ht01__repeat00	phase2_holdout_36	hq08_ht01	0	stability		matched	3	3	4	4	eed979f62997e64e88bb355bf0e235c84c787413b4cbfcb476d33ea94a989046	eed979f62997e64e88bb355bf0e235c84c787413b4cbfcb476d33ea94a989046	1	1	1	1	1	0	0	0	0	0	0	0	0	0	0	1
phase2_holdout:hq08_ht01__repeat00	phase2_holdout_36	hq08_ht01	0	stability		matched	4	4	5	5	8ef46ed98c0a01751890ec4a4f4266d28032a076f9adb2157723c5ec17344968	8ef46ed98c0a01751890ec4a4f4266d28032a076f9adb2157723c5ec17344968	1	1	1	1	1	0	0	0	0	0	0	0	0	0	0	1
phase2_holdout:hq08_ht01__repeat00	phase2_holdout_36	hq08_ht01	0	nt		matched	0	0	1	1	3d82ad1143fe8be2535fef7ff56fb3bb22b8b3f83b92478a08379c46e1566c55	3d82ad1143fe8be2535fef7ff56fb3bb22b8b3f83b92478a08379c46e1566c55	1	1	1	1	1	0	0	0	0	0	0	0	0	0	0	1
phase2_holdout:hq08_ht01__repeat00	phase2_holdout_36	hq08_ht01	0	nt		matched	1	1	2	2	8ef46ed98c0a01751890ec4a4f4266d28032a076f9adb2157723c5ec17344968	8ef46ed98c0a01751890ec4a4f4266d28032a076f9adb2157723c5ec17344968	1	1	1	1	1	0	0	0	0	0	0	0	0	0	0	1
phase2_holdout:hq08_ht01__repeat00	phase2_holdout_36	hq08_ht01	0	nt		matched	2	2	3	3	0c28e768493ce05adb70ba73c7a82c46135ecbb319960de020999a2b4389f246	0c28e768493ce05adb70ba73c7a82c46135ecbb319960de020999a2b4389f246	1	1	1	1	1	0	0	0	0	0	0	0	0	0	0	1
phase2_holdout:hq08_ht01__repeat00	phase2_holdout_36	hq08_ht01	0	nt		matched	3	3	4	4	eed979f62997e64e88bb355bf0e235c84c787413b4cbfcb476d33ea94a989046	eed979f62997e64e88bb355bf0e235c84c787413b4cbfcb476d33ea94a989046	1	1	1	1	1	0	0	0	0	0	0	0	0	0	0	1
phase2_holdout:hq08_ht01__repeat00	phase2_holdout_36	hq08_ht01	0	nt		matched	4	4	5	5	419c13a361f7203661056ea81367f50c5441ce2a474c479613ff8105251a8ba7	419c13a361f7203661056ea81367f50c5441ce2a474c479613ff8105251a8ba7	1	1	1	1	1	0	0	0	0	0	0	0	0	0	0	1
phase2_holdout:hq08_ht02__repeat00	phase2_holdout_36	hq08_ht02	0	score		matched	0	0	1	1	ea377b7c13d04bd54cf371d3fc73202ca228f74991796db3d736a4a39d61b88c	ea377b7c13d04bd54cf371d3fc73202ca228f74991796db3d736a4a39d61b88c	1	1	1	1	1	0	0	0	0	0	0	0	0	0	0	1
phase2_holdout:hq08_ht02__repeat00	phase2_holdout_36	hq08_ht02	0	score		matched	1	1	2	2	8b4dc9ccc2b12acb00c1237a2e8fea49ae6aceb0e9200881c1eb917696a0cdb2	8b4dc9ccc2b12acb00c1237a2e8fea49ae6aceb0e9200881c1eb917696a0cdb2	1	1	1	1	1	0	0	0	0	0	0	0	0	0	0	1
phase2_holdout:hq08_ht02__repeat00	phase2_holdout_36	hq08_ht02	0	score		matched	2	2	3	3	50700fffa77c867523e177195dda636b01ecc4189241f71b11fb073402c4ce02	50700fffa77c867523e177195dda636b01ecc4189241f71b11fb073402c4ce02	1	1	1	1	1	0	0	0	0	0	0	0	0	0	0	1
phase2_holdout:hq08_ht02__repeat00	phase2_holdout_36	hq08_ht02	0	score		matched	3	3	4	4	60479564c0233522d2a5f699fa98afb7ca7c9452f5d42a7d0656cae2caee0775	60479564c0233522d2a5f699fa98afb7ca7c9452f5d42a7d0656cae2caee0775	1	1	1	1	1	0	0	0	0	0	0	0	0	0	0	1
phase2_holdout:hq08_ht02__repeat00	phase2_holdout_36	hq08_ht02	0	score		matched	4	4	5	5	92900efe4639937fb8225893a274c996808415d82c325ef2eaee60e0359873b3	92900efe4639937fb8225893a274c996808415d82c325ef2eaee60e0359873b3	1	1	1	1	1	0	0	0	0	0	0	0	0	0	0	1
phase2_holdout:hq08_ht02__repeat00	phase2_holdout_36	hq08_ht02	0	stability		matched	0	0	1	1	db18dcf1e51adbab4b4be8d46d74f7ce4d471a05ce5072e128cfbc71f8998f56	db18dcf1e51adbab4b4be8d46d74f7ce4d471a05ce5072e128cfbc71f8998f56	1	1	1	1	1	0	0	0	0	0	0	0	0	0	0	1
phase2_holdout:hq08_ht02__repeat00	phase2_holdout_36	hq08_ht02	0	stability		matched	1	1	2	2	eaac37f6a6621d66da5b0acf7170bbf73cb6b1511eb60657283071cae6031a17	eaac37f6a6621d66da5b0acf7170bbf73cb6b1511eb60657283071cae6031a17	1	1	1	1	1	0	0	0	0	0	0	0	0	0	0	1
phase2_holdout:hq08_ht02__repeat00	phase2_holdout_36	hq08_ht02	0	stability		matched	2	2	3	3	95e938e30f50316e115841471524d381eb94bffae26a0a9a477f21211868d82d	95e938e30f50316e115841471524d381eb94bffae26a0a9a477f21211868d82d	1	1	1	1	1	0	0	0	0	0	0	0	0	0	0	1
phase2_holdout:hq08_ht02__repeat00	phase2_holdout_36	hq08_ht02	0	stability		matched	3	3	4	4	92900efe4639937fb8225893a274c996808415d82c325ef2eaee60e0359873b3	92900efe4639937fb8225893a274c996808415d82c325ef2eaee60e0359873b3	1	1	1	1	1	0	0	0	0	0	0	0	0	0	0	1
phase2_holdout:hq08_ht02__repeat00	phase2_holdout_36	hq08_ht02	0	stability		matched	4	4	5	5	37d9c30118100dd754b634272bd753d4ad89b4ce995201ef4db5653c43a8130c	37d9c30118100dd754b634272bd753d4ad89b4ce995201ef4db5653c43a8130c	1	1	1	1	1	0	0	0	0	0	0	0	0	0	0	1
phase2_holdout:hq08_ht02__repeat00	phase2_holdout_36	hq08_ht02	0	nt		matched	0	0	1	1	8b4dc9ccc2b12acb00c1237a2e8fea49ae6aceb0e9200881c1eb917696a0cdb2	8b4dc9ccc2b12acb00c1237a2e8fea49ae6aceb0e9200881c1eb917696a0cdb2	1	1	1	1	1	0	0	0	0	0	0	0	0	0	0	1
phase2_holdout:hq08_ht02__repeat00	phase2_holdout_36	hq08_ht02	0	nt		matched	1	1	2	2	60479564c0233522d2a5f699fa98afb7ca7c9452f5d42a7d0656cae2caee0775	60479564c0233522d2a5f699fa98afb7ca7c9452f5d42a7d0656cae2caee0775	1	1	1	1	1	0	0	0	0	0	0	0	0	0	0	1
phase2_holdout:hq08_ht02__repeat00	phase2_holdout_36	hq08_ht02	0	nt		matched	2	2	3	3	4db88a77fb058554d9ce4903a05c8cf2771291605840d57d6fda0eccb1c3271f	4db88a77fb058554d9ce4903a05c8cf2771291605840d57d6fda0eccb1c3271f	1	1	1	1	1	0	0	0	0	0	0	0	0	0	0	1
phase2_holdout:hq08_ht02__repeat00	phase2_holdout_36	hq08_ht02	0	nt		matched	3	3	4	4	ab84b327c8a92232addda1398d36c4ad9e25eae2e7b16a84255fd8d0937f20bf	ab84b327c8a92232addda1398d36c4ad9e25eae2e7b16a84255fd8d0937f20bf	1	1	1	1	1	0	0	0	0	0	0	0	0	0	0	1
phase2_holdout:hq08_ht02__repeat00	phase2_holdout_36	hq08_ht02	0	nt		matched	4	4	5	5	ea377b7c13d04bd54cf371d3fc73202ca228f74991796db3d736a4a39d61b88c	ea377b7c13d04bd54cf371d3fc73202ca228f74991796db3d736a4a39d61b88c	1	1	1	1	1	0	0	0	0	0	0	0	0	0	0	1
phase2_holdout:hq09_ht01__repeat00	phase2_holdout_36	hq09_ht01	0	score		matched	0	0	1	1	106934e65e02231d907d0746e891bd472a2df93c7244360ed22bdbc0f7bf46cf	106934e65e02231d907d0746e891bd472a2df93c7244360ed22bdbc0f7bf46cf	1	1	1	1	1	0	0	0	0	0	0	0	0	0	0	1
phase2_holdout:hq09_ht01__repeat00	phase2_holdout_36	hq09_ht01	0	score		matched	1	1	2	2	c8631c764ef041a342f30c2e0df3ba8f877cfaf37da1fd2d6ead1f1e0cda1497	c8631c764ef041a342f30c2e0df3ba8f877cfaf37da1fd2d6ead1f1e0cda1497	1	1	1	1	1	0	0	0	0	0	0	0	0	0	0	1
phase2_holdout:hq09_ht01__repeat00	phase2_holdout_36	hq09_ht01	0	score		matched	2	2	3	3	174e7750b193a8f63af99e769a60ad7455c29afc8cce955cddfb2d0f6c782ec6	174e7750b193a8f63af99e769a60ad7455c29afc8cce955cddfb2d0f6c782ec6	1	1	1	1	1	0	0	0	0	0	0	0	0	0	0	1
phase2_holdout:hq09_ht01__repeat00	phase2_holdout_36	hq09_ht01	0	stability		matched	0	0	1	1	174e7750b193a8f63af99e769a60ad7455c29afc8cce955cddfb2d0f6c782ec6	174e7750b193a8f63af99e769a60ad7455c29afc8cce955cddfb2d0f6c782ec6	1	1	1	1	1	0	0	0	0	0	0	0	0	0	0	1
phase2_holdout:hq09_ht01__repeat00	phase2_holdout_36	hq09_ht01	0	stability		matched	1	1	2	2	c8631c764ef041a342f30c2e0df3ba8f877cfaf37da1fd2d6ead1f1e0cda1497	c8631c764ef041a342f30c2e0df3ba8f877cfaf37da1fd2d6ead1f1e0cda1497	1	1	1	1	1	0	0	0	0	0	0	0	0	0	0	1
phase2_holdout:hq09_ht01__repeat00	phase2_holdout_36	hq09_ht01	0	stability		matched	2	2	3	3	106934e65e02231d907d0746e891bd472a2df93c7244360ed22bdbc0f7bf46cf	106934e65e02231d907d0746e891bd472a2df93c7244360ed22bdbc0f7bf46cf	1	1	1	1	1	0	0	0	0	0	0	0	0	0	0	1
phase2_holdout:hq09_ht01__repeat00	phase2_holdout_36	hq09_ht01	0	nt		matched	0	0	1	1	106934e65e02231d907d0746e891bd472a2df93c7244360ed22bdbc0f7bf46cf	106934e65e02231d907d0746e891bd472a2df93c7244360ed22bdbc0f7bf46cf	1	1	1	1	1	0	0	0	0	0	0	0	0	0	0	1
phase2_holdout:hq09_ht01__repeat00	phase2_holdout_36	hq09_ht01	0	nt		matched	1	1	2	2	c8631c764ef041a342f30c2e0df3ba8f877cfaf37da1fd2d6ead1f1e0cda1497	c8631c764ef041a342f30c2e0df3ba8f877cfaf37da1fd2d6ead1f1e0cda1497	1	1	1	1	1	0	0	0	0	0	0	0	0	0	0	1
phase2_holdout:hq09_ht01__repeat00	phase2_holdout_36	hq09_ht01	0	nt		matched	2	2	3	3	174e7750b193a8f63af99e769a60ad7455c29afc8cce955cddfb2d0f6c782ec6	174e7750b193a8f63af99e769a60ad7455c29afc8cce955cddfb2d0f6c782ec6	1	1	1	1	1	0	0	0	0	0	0	0	0	0	0	1
phase2_holdout:hq09_ht01__repeat01	phase2_holdout_36	hq09_ht01	1	score		matched	0	0	1	1	106934e65e02231d907d0746e891bd472a2df93c7244360ed22bdbc0f7bf46cf	106934e65e02231d907d0746e891bd472a2df93c7244360ed22bdbc0f7bf46cf	1	1	1	1	1	0	0	0	0	0	0	0	0	0	0	1
phase2_holdout:hq09_ht01__repeat01	phase2_holdout_36	hq09_ht01	1	score		matched	1	1	2	2	c8631c764ef041a342f30c2e0df3ba8f877cfaf37da1fd2d6ead1f1e0cda1497	c8631c764ef041a342f30c2e0df3ba8f877cfaf37da1fd2d6ead1f1e0cda1497	1	1	1	1	1	0	0	0	0	0	0	0	0	0	0	1
phase2_holdout:hq09_ht01__repeat01	phase2_holdout_36	hq09_ht01	1	score		matched	2	2	3	3	174e7750b193a8f63af99e769a60ad7455c29afc8cce955cddfb2d0f6c782ec6	174e7750b193a8f63af99e769a60ad7455c29afc8cce955cddfb2d0f6c782ec6	1	1	1	1	1	0	0	0	0	0	0	0	0	0	0	1
phase2_holdout:hq09_ht01__repeat01	phase2_holdout_36	hq09_ht01	1	stability		matched	0	0	1	1	174e7750b193a8f63af99e769a60ad7455c29afc8cce955cddfb2d0f6c782ec6	174e7750b193a8f63af99e769a60ad7455c29afc8cce955cddfb2d0f6c782ec6	1	1	1	1	1	0	0	0	0	0	0	0	0	0	0	1
phase2_holdout:hq09_ht01__repeat01	phase2_holdout_36	hq09_ht01	1	stability		matched	1	1	2	2	c8631c764ef041a342f30c2e0df3ba8f877cfaf37da1fd2d6ead1f1e0cda1497	c8631c764ef041a342f30c2e0df3ba8f877cfaf37da1fd2d6ead1f1e0cda1497	1	1	1	1	1	0	0	0	0	0	0	0	0	0	0	1
phase2_holdout:hq09_ht01__repeat01	phase2_holdout_36	hq09_ht01	1	stability		matched	2	2	3	3	106934e65e02231d907d0746e891bd472a2df93c7244360ed22bdbc0f7bf46cf	106934e65e02231d907d0746e891bd472a2df93c7244360ed22bdbc0f7bf46cf	1	1	1	1	1	0	0	0	0	0	0	0	0	0	0	1
phase2_holdout:hq09_ht01__repeat01	phase2_holdout_36	hq09_ht01	1	nt		matched	0	0	1	1	106934e65e02231d907d0746e891bd472a2df93c7244360ed22bdbc0f7bf46cf	106934e65e02231d907d0746e891bd472a2df93c7244360ed22bdbc0f7bf46cf	1	1	1	1	1	0	0	0	0	0	0	0	0	0	0	1
phase2_holdout:hq09_ht01__repeat01	phase2_holdout_36	hq09_ht01	1	nt		matched	1	1	2	2	c8631c764ef041a342f30c2e0df3ba8f877cfaf37da1fd2d6ead1f1e0cda1497	c8631c764ef041a342f30c2e0df3ba8f877cfaf37da1fd2d6ead1f1e0cda1497	1	1	1	1	1	0	0	0	0	0	0	0	0	0	0	1
phase2_holdout:hq09_ht01__repeat01	phase2_holdout_36	hq09_ht01	1	nt		matched	2	2	3	3	174e7750b193a8f63af99e769a60ad7455c29afc8cce955cddfb2d0f6c782ec6	174e7750b193a8f63af99e769a60ad7455c29afc8cce955cddfb2d0f6c782ec6	1	1	1	1	1	0	0	0	0	0	0	0	0	0	0	1
phase2_holdout:hq09_ht01__repeat02	phase2_holdout_36	hq09_ht01	2	score		matched	0	0	1	1	106934e65e02231d907d0746e891bd472a2df93c7244360ed22bdbc0f7bf46cf	106934e65e02231d907d0746e891bd472a2df93c7244360ed22bdbc0f7bf46cf	1	1	1	1	1	0	0	0	0	0	0	0	0	0	0	1
phase2_holdout:hq09_ht01__repeat02	phase2_holdout_36	hq09_ht01	2	score		matched	1	1	2	2	c8631c764ef041a342f30c2e0df3ba8f877cfaf37da1fd2d6ead1f1e0cda1497	c8631c764ef041a342f30c2e0df3ba8f877cfaf37da1fd2d6ead1f1e0cda1497	1	1	1	1	1	0	0	0	0	0	0	0	0	0	0	1
phase2_holdout:hq09_ht01__repeat02	phase2_holdout_36	hq09_ht01	2	score		matched	2	2	3	3	174e7750b193a8f63af99e769a60ad7455c29afc8cce955cddfb2d0f6c782ec6	174e7750b193a8f63af99e769a60ad7455c29afc8cce955cddfb2d0f6c782ec6	1	1	1	1	1	0	0	0	0	0	0	0	0	0	0	1
phase2_holdout:hq09_ht01__repeat02	phase2_holdout_36	hq09_ht01	2	stability		matched	0	0	1	1	174e7750b193a8f63af99e769a60ad7455c29afc8cce955cddfb2d0f6c782ec6	174e7750b193a8f63af99e769a60ad7455c29afc8cce955cddfb2d0f6c782ec6	1	1	1	1	1	0	0	0	0	0	0	0	0	0	0	1
phase2_holdout:hq09_ht01__repeat02	phase2_holdout_36	hq09_ht01	2	stability		matched	1	1	2	2	c8631c764ef041a342f30c2e0df3ba8f877cfaf37da1fd2d6ead1f1e0cda1497	c8631c764ef041a342f30c2e0df3ba8f877cfaf37da1fd2d6ead1f1e0cda1497	1	1	1	1	1	0	0	0	0	0	0	0	0	0	0	1
phase2_holdout:hq09_ht01__repeat02	phase2_holdout_36	hq09_ht01	2	stability		matched	2	2	3	3	106934e65e02231d907d0746e891bd472a2df93c7244360ed22bdbc0f7bf46cf	106934e65e02231d907d0746e891bd472a2df93c7244360ed22bdbc0f7bf46cf	1	1	1	1	1	0	0	0	0	0	0	0	0	0	0	1
phase2_holdout:hq09_ht01__repeat02	phase2_holdout_36	hq09_ht01	2	nt		matched	0	0	1	1	106934e65e02231d907d0746e891bd472a2df93c7244360ed22bdbc0f7bf46cf	106934e65e02231d907d0746e891bd472a2df93c7244360ed22bdbc0f7bf46cf	1	1	1	1	1	0	0	0	0	0	0	0	0	0	0	1
phase2_holdout:hq09_ht01__repeat02	phase2_holdout_36	hq09_ht01	2	nt		matched	1	1	2	2	c8631c764ef041a342f30c2e0df3ba8f877cfaf37da1fd2d6ead1f1e0cda1497	c8631c764ef041a342f30c2e0df3ba8f877cfaf37da1fd2d6ead1f1e0cda1497	1	1	1	1	1	0	0	0	0	0	0	0	0	0	0	1
phase2_holdout:hq09_ht01__repeat02	phase2_holdout_36	hq09_ht01	2	nt		matched	2	2	3	3	174e7750b193a8f63af99e769a60ad7455c29afc8cce955cddfb2d0f6c782ec6	174e7750b193a8f63af99e769a60ad7455c29afc8cce955cddfb2d0f6c782ec6	1	1	1	1	1	0	0	0	0	0	0	0	0	0	0	1
phase2_holdout:hq09_ht02__repeat00	phase2_holdout_36	hq09_ht02	0	score		matched	0	0	1	1	f2d3a50248834c4dc24f5110d9159ae8647663572c5cf4fad78c595fef6c2f04	f2d3a50248834c4dc24f5110d9159ae8647663572c5cf4fad78c595fef6c2f04	1	1	1	1	1	0	0	0	0	0	0	0	0	0	0	1
phase2_holdout:hq09_ht02__repeat00	phase2_holdout_36	hq09_ht02	0	score		matched	1	1	2	2	c6f598db9bce010c233c334ff684d486a6152122eac84b0dc7bd60d27c6637d5	c6f598db9bce010c233c334ff684d486a6152122eac84b0dc7bd60d27c6637d5	1	1	1	1	1	0	0	0	0	0	0	0	0	0	0	1
phase2_holdout:hq09_ht02__repeat00	phase2_holdout_36	hq09_ht02	0	score		matched	2	2	3	3	1326848627519eba4601ede7369ff5638e083f4251512339a33a676219393d19	1326848627519eba4601ede7369ff5638e083f4251512339a33a676219393d19	1	1	1	1	1	0	0	0	0	0	0	0	0	0	0	1
phase2_holdout:hq09_ht02__repeat00	phase2_holdout_36	hq09_ht02	0	score		matched	3	3	4	4	6c43361d63df0589b9d4c4d3795c9f61580d58828b8d7370f61fc7e2fc9266d5	6c43361d63df0589b9d4c4d3795c9f61580d58828b8d7370f61fc7e2fc9266d5	1	1	1	1	1	0	0	0	0	0	0	0	0	0	0	1
phase2_holdout:hq09_ht02__repeat00	phase2_holdout_36	hq09_ht02	0	score		matched	4	4	5	5	61c961dff8e19d34367bf836d9cf08acb1960216b06f54c722846ce635a5bbae	61c961dff8e19d34367bf836d9cf08acb1960216b06f54c722846ce635a5bbae	1	1	1	1	1	0	0	0	0	0	0	0	0	0	0	1
phase2_holdout:hq09_ht02__repeat00	phase2_holdout_36	hq09_ht02	0	stability		matched	0	0	1	1	231a4f7fa9a8ec168c7d15be3cb4afc4686ed90eb234a88e25d16cdaf2695374	231a4f7fa9a8ec168c7d15be3cb4afc4686ed90eb234a88e25d16cdaf2695374	1	1	1	1	1	0	0	0	0	0	0	0	0	0	0	1
phase2_holdout:hq09_ht02__repeat00	phase2_holdout_36	hq09_ht02	0	stability		matched	1	1	2	2	6c43361d63df0589b9d4c4d3795c9f61580d58828b8d7370f61fc7e2fc9266d5	6c43361d63df0589b9d4c4d3795c9f61580d58828b8d7370f61fc7e2fc9266d5	1	1	1	1	1	0	0	0	0	0	0	0	0	0	0	1
phase2_holdout:hq09_ht02__repeat00	phase2_holdout_36	hq09_ht02	0	stability		matched	2	2	3	3	a61acabe8687ac8f3815743946df3a8d8aab13ffa6f29eccfdbb396fb86eb70e	a61acabe8687ac8f3815743946df3a8d8aab13ffa6f29eccfdbb396fb86eb70e	1	1	1	1	1	0	0	0	0	0	0	0	0	0	0	1
phase2_holdout:hq09_ht02__repeat00	phase2_holdout_36	hq09_ht02	0	stability		matched	3	3	4	4	a384b47004380ebbf75e8c4a327bfba3ea5e289f25ed71d3c75460ea5bd63f6e	a384b47004380ebbf75e8c4a327bfba3ea5e289f25ed71d3c75460ea5bd63f6e	1	1	1	1	1	0	0	0	0	0	0	0	0	0	0	1
phase2_holdout:hq09_ht02__repeat00	phase2_holdout_36	hq09_ht02	0	stability		matched	4	4	5	5	f2d3a50248834c4dc24f5110d9159ae8647663572c5cf4fad78c595fef6c2f04	f2d3a50248834c4dc24f5110d9159ae8647663572c5cf4fad78c595fef6c2f04	1	1	1	1	1	0	0	0	0	0	0	0	0	0	0	1
phase2_holdout:hq09_ht02__repeat00	phase2_holdout_36	hq09_ht02	0	nt		matched	0	0	1	1	c6f598db9bce010c233c334ff684d486a6152122eac84b0dc7bd60d27c6637d5	c6f598db9bce010c233c334ff684d486a6152122eac84b0dc7bd60d27c6637d5	1	1	1	1	1	0	0	0	0	0	0	0	0	0	0	1
phase2_holdout:hq09_ht02__repeat00	phase2_holdout_36	hq09_ht02	0	nt		matched	1	1	2	2	f2d3a50248834c4dc24f5110d9159ae8647663572c5cf4fad78c595fef6c2f04	f2d3a50248834c4dc24f5110d9159ae8647663572c5cf4fad78c595fef6c2f04	1	1	1	1	1	0	0	0	0	0	0	0	0	0	0	1
phase2_holdout:hq09_ht02__repeat00	phase2_holdout_36	hq09_ht02	0	nt		matched	2	2	3	3	1326848627519eba4601ede7369ff5638e083f4251512339a33a676219393d19	1326848627519eba4601ede7369ff5638e083f4251512339a33a676219393d19	1	1	1	1	1	0	0	0	0	0	0	0	0	0	0	1
phase2_holdout:hq09_ht02__repeat00	phase2_holdout_36	hq09_ht02	0	nt		matched	3	3	4	4	61c961dff8e19d34367bf836d9cf08acb1960216b06f54c722846ce635a5bbae	61c961dff8e19d34367bf836d9cf08acb1960216b06f54c722846ce635a5bbae	1	1	1	1	1	0	0	0	0	0	0	0	0	0	0	1
phase2_holdout:hq09_ht02__repeat00	phase2_holdout_36	hq09_ht02	0	nt		matched	4	4	5	5	6c43361d63df0589b9d4c4d3795c9f61580d58828b8d7370f61fc7e2fc9266d5	6c43361d63df0589b9d4c4d3795c9f61580d58828b8d7370f61fc7e2fc9266d5	1	1	1	1	1	0	0	0	0	0	0	0	0	0	0	1
phase2_holdout:hq09_ht02__repeat01	phase2_holdout_36	hq09_ht02	1	score		matched	0	0	1	1	f2d3a50248834c4dc24f5110d9159ae8647663572c5cf4fad78c595fef6c2f04	f2d3a50248834c4dc24f5110d9159ae8647663572c5cf4fad78c595fef6c2f04	1	1	1	1	1	0	0	0	0	0	0	0	0	0	0	1
phase2_holdout:hq09_ht02__repeat01	phase2_holdout_36	hq09_ht02	1	score		matched	1	1	2	2	c6f598db9bce010c233c334ff684d486a6152122eac84b0dc7bd60d27c6637d5	c6f598db9bce010c233c334ff684d486a6152122eac84b0dc7bd60d27c6637d5	1	1	1	1	1	0	0	0	0	0	0	0	0	0	0	1
phase2_holdout:hq09_ht02__repeat01	phase2_holdout_36	hq09_ht02	1	score		matched	2	2	3	3	1326848627519eba4601ede7369ff5638e083f4251512339a33a676219393d19	1326848627519eba4601ede7369ff5638e083f4251512339a33a676219393d19	1	1	1	1	1	0	0	0	0	0	0	0	0	0	0	1
phase2_holdout:hq09_ht02__repeat01	phase2_holdout_36	hq09_ht02	1	score		matched	3	3	4	4	6c43361d63df0589b9d4c4d3795c9f61580d58828b8d7370f61fc7e2fc9266d5	6c43361d63df0589b9d4c4d3795c9f61580d58828b8d7370f61fc7e2fc9266d5	1	1	1	1	1	0	0	0	0	0	0	0	0	0	0	1
phase2_holdout:hq09_ht02__repeat01	phase2_holdout_36	hq09_ht02	1	score		matched	4	4	5	5	61c961dff8e19d34367bf836d9cf08acb1960216b06f54c722846ce635a5bbae	61c961dff8e19d34367bf836d9cf08acb1960216b06f54c722846ce635a5bbae	1	1	1	1	1	0	0	0	0	0	0	0	0	0	0	1
phase2_holdout:hq09_ht02__repeat01	phase2_holdout_36	hq09_ht02	1	stability		matched	0	0	1	1	231a4f7fa9a8ec168c7d15be3cb4afc4686ed90eb234a88e25d16cdaf2695374	231a4f7fa9a8ec168c7d15be3cb4afc4686ed90eb234a88e25d16cdaf2695374	1	1	1	1	1	0	0	0	0	0	0	0	0	0	0	1
phase2_holdout:hq09_ht02__repeat01	phase2_holdout_36	hq09_ht02	1	stability		matched	1	1	2	2	6c43361d63df0589b9d4c4d3795c9f61580d58828b8d7370f61fc7e2fc9266d5	6c43361d63df0589b9d4c4d3795c9f61580d58828b8d7370f61fc7e2fc9266d5	1	1	1	1	1	0	0	0	0	0	0	0	0	0	0	1
phase2_holdout:hq09_ht02__repeat01	phase2_holdout_36	hq09_ht02	1	stability		matched	2	2	3	3	a61acabe8687ac8f3815743946df3a8d8aab13ffa6f29eccfdbb396fb86eb70e	a61acabe8687ac8f3815743946df3a8d8aab13ffa6f29eccfdbb396fb86eb70e	1	1	1	1	1	0	0	0	0	0	0	0	0	0	0	1
phase2_holdout:hq09_ht02__repeat01	phase2_holdout_36	hq09_ht02	1	stability		matched	3	3	4	4	a384b47004380ebbf75e8c4a327bfba3ea5e289f25ed71d3c75460ea5bd63f6e	a384b47004380ebbf75e8c4a327bfba3ea5e289f25ed71d3c75460ea5bd63f6e	1	1	1	1	1	0	0	0	0	0	0	0	0	0	0	1
phase2_holdout:hq09_ht02__repeat01	phase2_holdout_36	hq09_ht02	1	stability		matched	4	4	5	5	f2d3a50248834c4dc24f5110d9159ae8647663572c5cf4fad78c595fef6c2f04	f2d3a50248834c4dc24f5110d9159ae8647663572c5cf4fad78c595fef6c2f04	1	1	1	1	1	0	0	0	0	0	0	0	0	0	0	1
phase2_holdout:hq09_ht02__repeat01	phase2_holdout_36	hq09_ht02	1	nt		matched	0	0	1	1	c6f598db9bce010c233c334ff684d486a6152122eac84b0dc7bd60d27c6637d5	c6f598db9bce010c233c334ff684d486a6152122eac84b0dc7bd60d27c6637d5	1	1	1	1	1	0	0	0	0	0	0	0	0	0	0	1
phase2_holdout:hq09_ht02__repeat01	phase2_holdout_36	hq09_ht02	1	nt		matched	1	1	2	2	f2d3a50248834c4dc24f5110d9159ae8647663572c5cf4fad78c595fef6c2f04	f2d3a50248834c4dc24f5110d9159ae8647663572c5cf4fad78c595fef6c2f04	1	1	1	1	1	0	0	0	0	0	0	0	0	0	0	1
phase2_holdout:hq09_ht02__repeat01	phase2_holdout_36	hq09_ht02	1	nt		matched	2	2	3	3	1326848627519eba4601ede7369ff5638e083f4251512339a33a676219393d19	1326848627519eba4601ede7369ff5638e083f4251512339a33a676219393d19	1	1	1	1	1	0	0	0	0	0	0	0	0	0	0	1
phase2_holdout:hq09_ht02__repeat01	phase2_holdout_36	hq09_ht02	1	nt		matched	3	3	4	4	61c961dff8e19d34367bf836d9cf08acb1960216b06f54c722846ce635a5bbae	61c961dff8e19d34367bf836d9cf08acb1960216b06f54c722846ce635a5bbae	1	1	1	1	1	0	0	0	0	0	0	0	0	0	0	1
phase2_holdout:hq09_ht02__repeat01	phase2_holdout_36	hq09_ht02	1	nt		matched	4	4	5	5	6c43361d63df0589b9d4c4d3795c9f61580d58828b8d7370f61fc7e2fc9266d5	6c43361d63df0589b9d4c4d3795c9f61580d58828b8d7370f61fc7e2fc9266d5	1	1	1	1	1	0	0	0	0	0	0	0	0	0	0	1
phase2_holdout:hq09_ht02__repeat02	phase2_holdout_36	hq09_ht02	2	score		matched	0	0	1	1	f2d3a50248834c4dc24f5110d9159ae8647663572c5cf4fad78c595fef6c2f04	f2d3a50248834c4dc24f5110d9159ae8647663572c5cf4fad78c595fef6c2f04	1	1	1	1	1	0	0	0	0	0	0	0	0	0	0	1
phase2_holdout:hq09_ht02__repeat02	phase2_holdout_36	hq09_ht02	2	score		matched	1	1	2	2	c6f598db9bce010c233c334ff684d486a6152122eac84b0dc7bd60d27c6637d5	c6f598db9bce010c233c334ff684d486a6152122eac84b0dc7bd60d27c6637d5	1	1	1	1	1	0	0	0	0	0	0	0	0	0	0	1
phase2_holdout:hq09_ht02__repeat02	phase2_holdout_36	hq09_ht02	2	score		matched	2	2	3	3	1326848627519eba4601ede7369ff5638e083f4251512339a33a676219393d19	1326848627519eba4601ede7369ff5638e083f4251512339a33a676219393d19	1	1	1	1	1	0	0	0	0	0	0	0	0	0	0	1
phase2_holdout:hq09_ht02__repeat02	phase2_holdout_36	hq09_ht02	2	score		matched	3	3	4	4	6c43361d63df0589b9d4c4d3795c9f61580d58828b8d7370f61fc7e2fc9266d5	6c43361d63df0589b9d4c4d3795c9f61580d58828b8d7370f61fc7e2fc9266d5	1	1	1	1	1	0	0	0	0	0	0	0	0	0	0	1
phase2_holdout:hq09_ht02__repeat02	phase2_holdout_36	hq09_ht02	2	score		matched	4	4	5	5	61c961dff8e19d34367bf836d9cf08acb1960216b06f54c722846ce635a5bbae	61c961dff8e19d34367bf836d9cf08acb1960216b06f54c722846ce635a5bbae	1	1	1	1	1	0	0	0	0	0	0	0	0	0	0	1
phase2_holdout:hq09_ht02__repeat02	phase2_holdout_36	hq09_ht02	2	stability		matched	0	0	1	1	231a4f7fa9a8ec168c7d15be3cb4afc4686ed90eb234a88e25d16cdaf2695374	231a4f7fa9a8ec168c7d15be3cb4afc4686ed90eb234a88e25d16cdaf2695374	1	1	1	1	1	0	0	0	0	0	0	0	0	0	0	1
phase2_holdout:hq09_ht02__repeat02	phase2_holdout_36	hq09_ht02	2	stability		matched	1	1	2	2	6c43361d63df0589b9d4c4d3795c9f61580d58828b8d7370f61fc7e2fc9266d5	6c43361d63df0589b9d4c4d3795c9f61580d58828b8d7370f61fc7e2fc9266d5	1	1	1	1	1	0	0	0	0	0	0	0	0	0	0	1
phase2_holdout:hq09_ht02__repeat02	phase2_holdout_36	hq09_ht02	2	stability		matched	2	2	3	3	a61acabe8687ac8f3815743946df3a8d8aab13ffa6f29eccfdbb396fb86eb70e	a61acabe8687ac8f3815743946df3a8d8aab13ffa6f29eccfdbb396fb86eb70e	1	1	1	1	1	0	0	0	0	0	0	0	0	0	0	1
phase2_holdout:hq09_ht02__repeat02	phase2_holdout_36	hq09_ht02	2	stability		matched	3	3	4	4	a384b47004380ebbf75e8c4a327bfba3ea5e289f25ed71d3c75460ea5bd63f6e	a384b47004380ebbf75e8c4a327bfba3ea5e289f25ed71d3c75460ea5bd63f6e	1	1	1	1	1	0	0	0	0	0	0	0	0	0	0	1
phase2_holdout:hq09_ht02__repeat02	phase2_holdout_36	hq09_ht02	2	stability		matched	4	4	5	5	f2d3a50248834c4dc24f5110d9159ae8647663572c5cf4fad78c595fef6c2f04	f2d3a50248834c4dc24f5110d9159ae8647663572c5cf4fad78c595fef6c2f04	1	1	1	1	1	0	0	0	0	0	0	0	0	0	0	1
phase2_holdout:hq09_ht02__repeat02	phase2_holdout_36	hq09_ht02	2	nt		matched	0	0	1	1	c6f598db9bce010c233c334ff684d486a6152122eac84b0dc7bd60d27c6637d5	c6f598db9bce010c233c334ff684d486a6152122eac84b0dc7bd60d27c6637d5	1	1	1	1	1	0	0	0	0	0	0	0	0	0	0	1
phase2_holdout:hq09_ht02__repeat02	phase2_holdout_36	hq09_ht02	2	nt		matched	1	1	2	2	f2d3a50248834c4dc24f5110d9159ae8647663572c5cf4fad78c595fef6c2f04	f2d3a50248834c4dc24f5110d9159ae8647663572c5cf4fad78c595fef6c2f04	1	1	1	1	1	0	0	0	0	0	0	0	0	0	0	1
phase2_holdout:hq09_ht02__repeat02	phase2_holdout_36	hq09_ht02	2	nt		matched	2	2	3	3	1326848627519eba4601ede7369ff5638e083f4251512339a33a676219393d19	1326848627519eba4601ede7369ff5638e083f4251512339a33a676219393d19	1	1	1	1	1	0	0	0	0	0	0	0	0	0	0	1
phase2_holdout:hq09_ht02__repeat02	phase2_holdout_36	hq09_ht02	2	nt		matched	3	3	4	4	61c961dff8e19d34367bf836d9cf08acb1960216b06f54c722846ce635a5bbae	61c961dff8e19d34367bf836d9cf08acb1960216b06f54c722846ce635a5bbae	1	1	1	1	1	0	0	0	0	0	0	0	0	0	0	1
phase2_holdout:hq09_ht02__repeat02	phase2_holdout_36	hq09_ht02	2	nt		matched	4	4	5	5	6c43361d63df0589b9d4c4d3795c9f61580d58828b8d7370f61fc7e2fc9266d5	6c43361d63df0589b9d4c4d3795c9f61580d58828b8d7370f61fc7e2fc9266d5	1	1	1	1	1	0	0	0	0	0	0	0	0	0	0	1
phase2_holdout:hq10_ht01__repeat00	phase2_holdout_36	hq10_ht01	0	score		matched	0	0	1	1	d6473ec2698eef25ae8a3dc070b7b6ebaf2b2a823060427d151c3623f1c36973	d6473ec2698eef25ae8a3dc070b7b6ebaf2b2a823060427d151c3623f1c36973	1	1	1	1	1	0	0	0	0	0	0	0	0	0	0	1
phase2_holdout:hq10_ht01__repeat00	phase2_holdout_36	hq10_ht01	0	score		matched	1	1	2	2	7a19f27aa16cd18706abf76732b2f2de838b8ac58912135c7abcd3c39d386d6d	7a19f27aa16cd18706abf76732b2f2de838b8ac58912135c7abcd3c39d386d6d	1	1	1	1	1	0	0	0	0	0	0	0	0	0	0	1
phase2_holdout:hq10_ht01__repeat00	phase2_holdout_36	hq10_ht01	0	score		matched	2	2	3	3	576a1d836e777b9a54087308c5d1f8199cac8181298b499497ccc5a0448ee059	576a1d836e777b9a54087308c5d1f8199cac8181298b499497ccc5a0448ee059	1	1	1	1	1	0	0	0	0	0	0	0	0	0	0	1
phase2_holdout:hq10_ht01__repeat00	phase2_holdout_36	hq10_ht01	0	score		matched	3	3	4	4	db57f3348f0cde6282e326528b167e1922e5b84546e881e776d426b44b675107	db57f3348f0cde6282e326528b167e1922e5b84546e881e776d426b44b675107	1	1	1	1	1	0	0	0	0	0	0	0	0	0	0	1
phase2_holdout:hq10_ht01__repeat00	phase2_holdout_36	hq10_ht01	0	score		matched	4	4	5	5	1624064c597855bcc6e5110cbf9a91cae6266f5af36f3f8796d992c7f8131f76	1624064c597855bcc6e5110cbf9a91cae6266f5af36f3f8796d992c7f8131f76	1	1	1	1	1	0	0	0	0	0	0	0	0	0	0	1
phase2_holdout:hq10_ht01__repeat00	phase2_holdout_36	hq10_ht01	0	stability		matched	0	0	1	1	86a7020435557b8a159f2c8c010ca86f723de1be6b3eff6c47d600f67b594db4	86a7020435557b8a159f2c8c010ca86f723de1be6b3eff6c47d600f67b594db4	1	1	1	1	1	0	0	0	0	0	0	0	0	0	0	1
phase2_holdout:hq10_ht01__repeat00	phase2_holdout_36	hq10_ht01	0	stability		matched	1	1	2	2	db57f3348f0cde6282e326528b167e1922e5b84546e881e776d426b44b675107	db57f3348f0cde6282e326528b167e1922e5b84546e881e776d426b44b675107	1	1	1	1	1	0	0	0	0	0	0	0	0	0	0	1
phase2_holdout:hq10_ht01__repeat00	phase2_holdout_36	hq10_ht01	0	stability		matched	2	2	3	3	601c88e9620b1c12d1e64a0a8f69e99b884b593178f510db65a43cec3b218602	601c88e9620b1c12d1e64a0a8f69e99b884b593178f510db65a43cec3b218602	1	1	1	1	1	0	0	0	0	0	0	0	0	0	0	1
phase2_holdout:hq10_ht01__repeat00	phase2_holdout_36	hq10_ht01	0	stability		matched	3	3	4	4	d6473ec2698eef25ae8a3dc070b7b6ebaf2b2a823060427d151c3623f1c36973	d6473ec2698eef25ae8a3dc070b7b6ebaf2b2a823060427d151c3623f1c36973	1	1	1	1	1	0	0	0	0	0	0	0	0	0	0	1
phase2_holdout:hq10_ht01__repeat00	phase2_holdout_36	hq10_ht01	0	stability		matched	4	4	5	5	8d148d064faddf4233d961a6b2eaf7b4641c691f25731b275e9f21256c1e4b59	8d148d064faddf4233d961a6b2eaf7b4641c691f25731b275e9f21256c1e4b59	1	1	1	1	1	0	0	0	0	0	0	0	0	0	0	1
phase2_holdout:hq10_ht01__repeat00	phase2_holdout_36	hq10_ht01	0	nt		matched	0	0	1	1	d6473ec2698eef25ae8a3dc070b7b6ebaf2b2a823060427d151c3623f1c36973	d6473ec2698eef25ae8a3dc070b7b6ebaf2b2a823060427d151c3623f1c36973	1	1	1	1	1	0	0	0	0	0	0	0	0	0	0	1
phase2_holdout:hq10_ht01__repeat00	phase2_holdout_36	hq10_ht01	0	nt		matched	1	1	2	2	7a19f27aa16cd18706abf76732b2f2de838b8ac58912135c7abcd3c39d386d6d	7a19f27aa16cd18706abf76732b2f2de838b8ac58912135c7abcd3c39d386d6d	1	1	1	1	1	0	0	0	0	0	0	0	0	0	0	1
phase2_holdout:hq10_ht01__repeat00	phase2_holdout_36	hq10_ht01	0	nt		matched	2	2	3	3	6b6d534204e77f8bde245493dc55ccfd71197c01f5478f34bd41cfe32ef58c7d	6b6d534204e77f8bde245493dc55ccfd71197c01f5478f34bd41cfe32ef58c7d	1	1	1	1	1	0	0	0	0	0	0	0	0	0	0	1
phase2_holdout:hq10_ht01__repeat00	phase2_holdout_36	hq10_ht01	0	nt		matched	3	3	4	4	86a7020435557b8a159f2c8c010ca86f723de1be6b3eff6c47d600f67b594db4	86a7020435557b8a159f2c8c010ca86f723de1be6b3eff6c47d600f67b594db4	1	1	1	1	1	0	0	0	0	0	0	0	0	0	0	1
phase2_holdout:hq10_ht01__repeat00	phase2_holdout_36	hq10_ht01	0	nt		matched	4	4	5	5	d66bc8c1bffb290e47d55969e94dd86567494a5afacd1eedd5beba3c3dc94202	d66bc8c1bffb290e47d55969e94dd86567494a5afacd1eedd5beba3c3dc94202	1	1	1	1	1	0	0	0	0	0	0	0	0	0	0	1
phase2_holdout:hq10_ht02__repeat00	phase2_holdout_36	hq10_ht02	0	score		matched	0	0	1	1	caba5de8f9ad50d551234d7fbd596ce5e2c0b33b14a079d4b2bdbdfbe70d032b	caba5de8f9ad50d551234d7fbd596ce5e2c0b33b14a079d4b2bdbdfbe70d032b	1	1	1	1	1	0	0	0	0	0	0	0	0	0	0	1
phase2_holdout:hq10_ht02__repeat00	phase2_holdout_36	hq10_ht02	0	score		matched	1	1	2	2	c439b62a67ac266734e45b8b112e13177d997b7c379f1e000dc2a004f7533cbb	c439b62a67ac266734e45b8b112e13177d997b7c379f1e000dc2a004f7533cbb	1	1	1	1	1	0	0	0	0	0	0	0	0	0	0	1
phase2_holdout:hq10_ht02__repeat00	phase2_holdout_36	hq10_ht02	0	score		matched	2	2	3	3	6aba36a81332d6a31558d2afdbf9d9178781cc1ae0165e2dbe32106061d93260	6aba36a81332d6a31558d2afdbf9d9178781cc1ae0165e2dbe32106061d93260	1	1	1	1	1	0	0	0	0	0	0	0	0	0	0	1
phase2_holdout:hq10_ht02__repeat00	phase2_holdout_36	hq10_ht02	0	score		matched	3	3	4	4	073a4a5c70eadd2d567ffb604d2fcdefdaa92d0fe7c8b4368148f61acee3ef8f	073a4a5c70eadd2d567ffb604d2fcdefdaa92d0fe7c8b4368148f61acee3ef8f	1	1	1	1	1	0	0	0	0	0	0	0	0	0	0	1
phase2_holdout:hq10_ht02__repeat00	phase2_holdout_36	hq10_ht02	0	score		matched	4	4	5	5	4cb2b2ed58b50b6b025a5e72edbc778e682cc57641474a76411bedb3e18cb5ee	4cb2b2ed58b50b6b025a5e72edbc778e682cc57641474a76411bedb3e18cb5ee	1	1	1	1	1	0	0	0	0	0	0	0	0	0	0	1
phase2_holdout:hq10_ht02__repeat00	phase2_holdout_36	hq10_ht02	0	stability	representation-only difference;strict-row diagnostic mismatch	matched	0	0	1	1	482dc6963db36f056bfe39d31a91c2f2df8701c1c780db8c2bc0f11f7c198e1a	482dc6963db36f056bfe39d31a91c2f2df8701c1c780db8c2bc0f11f7c198e1a	1	1	1	1	1	0	0	0	0	0	0	0	0	0	0.01379	0
phase2_holdout:hq10_ht02__repeat00	phase2_holdout_36	hq10_ht02	0	stability	representation-only difference;strict-row diagnostic mismatch	matched	1	1	2	2	0fe0d166391443a4177705f909086c06e7a607e0511dba94811e1141bb693348	0fe0d166391443a4177705f909086c06e7a607e0511dba94811e1141bb693348	1	1	1	1	1	0	0	0	0	0	0	0	0	0	0	1
phase2_holdout:hq10_ht02__repeat00	phase2_holdout_36	hq10_ht02	0	stability	representation-only difference;strict-row diagnostic mismatch	matched	2	2	3	3	6aba36a81332d6a31558d2afdbf9d9178781cc1ae0165e2dbe32106061d93260	6aba36a81332d6a31558d2afdbf9d9178781cc1ae0165e2dbe32106061d93260	1	1	1	1	1	0	0	0	0	0	0	0	0	0	0	1
phase2_holdout:hq10_ht02__repeat00	phase2_holdout_36	hq10_ht02	0	stability	representation-only difference;strict-row diagnostic mismatch	matched	3	3	4	4	073a4a5c70eadd2d567ffb604d2fcdefdaa92d0fe7c8b4368148f61acee3ef8f	073a4a5c70eadd2d567ffb604d2fcdefdaa92d0fe7c8b4368148f61acee3ef8f	1	1	1	1	1	0	0	0	0	0	0	0	0	0	0	1
phase2_holdout:hq10_ht02__repeat00	phase2_holdout_36	hq10_ht02	0	stability	representation-only difference;strict-row diagnostic mismatch	matched	4	4	5	5	0210dc6fc7e3b2326684010a8a1256d7b8c206ed7e4807348336fc3b80a1db8e	0210dc6fc7e3b2326684010a8a1256d7b8c206ed7e4807348336fc3b80a1db8e	1	1	1	1	1	0	0	0	0	0	0	0	0	0	0	1
phase2_holdout:hq10_ht02__repeat00	phase2_holdout_36	hq10_ht02	0	nt		matched	0	0	1	1	c439b62a67ac266734e45b8b112e13177d997b7c379f1e000dc2a004f7533cbb	c439b62a67ac266734e45b8b112e13177d997b7c379f1e000dc2a004f7533cbb	1	1	1	1	1	0	0	0	0	0	0	0	0	0	0	1
phase2_holdout:hq10_ht02__repeat00	phase2_holdout_36	hq10_ht02	0	nt		matched	1	1	2	2	4cb2b2ed58b50b6b025a5e72edbc778e682cc57641474a76411bedb3e18cb5ee	4cb2b2ed58b50b6b025a5e72edbc778e682cc57641474a76411bedb3e18cb5ee	1	1	1	1	1	0	0	0	0	0	0	0	0	0	0	1
phase2_holdout:hq10_ht02__repeat00	phase2_holdout_36	hq10_ht02	0	nt		matched	2	2	3	3	1e044da15b808e74b9f003976d587573ead3dc99d6c5686ef33898f4614bf5fa	1e044da15b808e74b9f003976d587573ead3dc99d6c5686ef33898f4614bf5fa	1	1	1	1	1	0	0	0	0	0	0	0	0	0	0	1
phase2_holdout:hq10_ht02__repeat00	phase2_holdout_36	hq10_ht02	0	nt		matched	3	3	4	4	073a4a5c70eadd2d567ffb604d2fcdefdaa92d0fe7c8b4368148f61acee3ef8f	073a4a5c70eadd2d567ffb604d2fcdefdaa92d0fe7c8b4368148f61acee3ef8f	1	1	1	1	1	0	0	0	0	0	0	0	0	0	0	1
phase2_holdout:hq10_ht02__repeat00	phase2_holdout_36	hq10_ht02	0	nt		matched	4	4	5	5	6aba36a81332d6a31558d2afdbf9d9178781cc1ae0165e2dbe32106061d93260	6aba36a81332d6a31558d2afdbf9d9178781cc1ae0165e2dbe32106061d93260	1	1	1	1	1	0	0	0	0	0	0	0	0	0	0	1
phase2_holdout:hq11_ht01__repeat00	phase2_holdout_36	hq11_ht01	0	score		matched	0	0	1	1	b29d74427d2c43d66b3f8de8c303f2e112cf5eb771dcb9657641ecf4579011b7	b29d74427d2c43d66b3f8de8c303f2e112cf5eb771dcb9657641ecf4579011b7	1	1	1	1	1	0	0	0	0	0	0	0	0	0	0	1
phase2_holdout:hq11_ht01__repeat00	phase2_holdout_36	hq11_ht01	0	score		matched	1	1	2	2	d59258a52c45e572ef7d89df9ed271c49c232c16dff222ecfc9a43fb55bd1f05	d59258a52c45e572ef7d89df9ed271c49c232c16dff222ecfc9a43fb55bd1f05	1	1	1	1	1	0	0	0	0	0	0	0	0	0	0	1
phase2_holdout:hq11_ht01__repeat00	phase2_holdout_36	hq11_ht01	0	score		matched	2	2	3	3	ee0623a52e6a84ad1a1f47066f988f79c7c8ebe415e9a1f9edd92d47a0866079	ee0623a52e6a84ad1a1f47066f988f79c7c8ebe415e9a1f9edd92d47a0866079	1	1	1	1	1	0	0	0	0	0	0	0	0	0	0	1
phase2_holdout:hq11_ht01__repeat00	phase2_holdout_36	hq11_ht01	0	score		matched	3	3	4	4	4c02dfb4b39c77748ad88d758ce6bddfed2891d4385c50e834db41cce9afe937	4c02dfb4b39c77748ad88d758ce6bddfed2891d4385c50e834db41cce9afe937	1	1	1	1	1	0	0	0	0	0	0	0	0	0	0	1
phase2_holdout:hq11_ht01__repeat00	phase2_holdout_36	hq11_ht01	0	score		matched	4	4	5	5	81417f8804b5c34e1b23e3711321cfb56c790b313cdc64878b176ebba693742e	81417f8804b5c34e1b23e3711321cfb56c790b313cdc64878b176ebba693742e	1	1	1	1	1	0	0	0	0	0	0	0	0	0	0	1
phase2_holdout:hq11_ht01__repeat00	phase2_holdout_36	hq11_ht01	0	stability		matched	0	0	1	1	6d570484e9656f7072e6d7d8e7d581d14d1b9335072e42f0ec2b2001a59aae32	6d570484e9656f7072e6d7d8e7d581d14d1b9335072e42f0ec2b2001a59aae32	1	1	1	1	1	0	0	0	0	0	0	0	0	0	0	1
phase2_holdout:hq11_ht01__repeat00	phase2_holdout_36	hq11_ht01	0	stability		matched	1	1	2	2	81417f8804b5c34e1b23e3711321cfb56c790b313cdc64878b176ebba693742e	81417f8804b5c34e1b23e3711321cfb56c790b313cdc64878b176ebba693742e	1	1	1	1	1	0	0	0	0	0	0	0	0	0	0	1
phase2_holdout:hq11_ht01__repeat00	phase2_holdout_36	hq11_ht01	0	stability		matched	2	2	3	3	b29d74427d2c43d66b3f8de8c303f2e112cf5eb771dcb9657641ecf4579011b7	b29d74427d2c43d66b3f8de8c303f2e112cf5eb771dcb9657641ecf4579011b7	1	1	1	1	1	0	0	0	0	0	0	0	0	0	0	1
phase2_holdout:hq11_ht01__repeat00	phase2_holdout_36	hq11_ht01	0	stability		matched	3	3	4	4	a8f154bb2a8ae04c7469eb31a9dc7141095baeef6fa8c60da3a3ca5b116bd171	a8f154bb2a8ae04c7469eb31a9dc7141095baeef6fa8c60da3a3ca5b116bd171	1	1	1	1	1	0	0	0	0	0	0	0	0	0	0	1
phase2_holdout:hq11_ht01__repeat00	phase2_holdout_36	hq11_ht01	0	stability		matched	4	4	5	5	4c02dfb4b39c77748ad88d758ce6bddfed2891d4385c50e834db41cce9afe937	4c02dfb4b39c77748ad88d758ce6bddfed2891d4385c50e834db41cce9afe937	1	1	1	1	1	0	0	0	0	0	0	0	0	0	0	1
phase2_holdout:hq11_ht01__repeat00	phase2_holdout_36	hq11_ht01	0	nt		matched	0	0	1	1	d59258a52c45e572ef7d89df9ed271c49c232c16dff222ecfc9a43fb55bd1f05	d59258a52c45e572ef7d89df9ed271c49c232c16dff222ecfc9a43fb55bd1f05	1	1	1	1	1	0	0	0	0	0	0	0	0	0	0	1
phase2_holdout:hq11_ht01__repeat00	phase2_holdout_36	hq11_ht01	0	nt		matched	1	1	2	2	4c02dfb4b39c77748ad88d758ce6bddfed2891d4385c50e834db41cce9afe937	4c02dfb4b39c77748ad88d758ce6bddfed2891d4385c50e834db41cce9afe937	1	1	1	1	1	0	0	0	0	0	0	0	0	0	0	1
phase2_holdout:hq11_ht01__repeat00	phase2_holdout_36	hq11_ht01	0	nt		matched	2	2	3	3	ee0623a52e6a84ad1a1f47066f988f79c7c8ebe415e9a1f9edd92d47a0866079	ee0623a52e6a84ad1a1f47066f988f79c7c8ebe415e9a1f9edd92d47a0866079	1	1	1	1	1	0	0	0	0	0	0	0	0	0	0	1
phase2_holdout:hq11_ht01__repeat00	phase2_holdout_36	hq11_ht01	0	nt		matched	3	3	4	4	b29d74427d2c43d66b3f8de8c303f2e112cf5eb771dcb9657641ecf4579011b7	b29d74427d2c43d66b3f8de8c303f2e112cf5eb771dcb9657641ecf4579011b7	1	1	1	1	1	0	0	0	0	0	0	0	0	0	0	1
phase2_holdout:hq11_ht01__repeat00	phase2_holdout_36	hq11_ht01	0	nt		matched	4	4	5	5	81417f8804b5c34e1b23e3711321cfb56c790b313cdc64878b176ebba693742e	81417f8804b5c34e1b23e3711321cfb56c790b313cdc64878b176ebba693742e	1	1	1	1	1	0	0	0	0	0	0	0	0	0	0	1
phase2_holdout:hq11_ht02__repeat00	phase2_holdout_36	hq11_ht02	0	score	same candidate site endpoint shift;strict-row diagnostic mismatch	matched	0	0	1	1	40b58c6d8c1c273cf5f2c0103091e1bddfb456d8d038ddac92c4614cca68e280	40b58c6d8c1c273cf5f2c0103091e1bddfb456d8d038ddac92c4614cca68e280	1	1	1	1	1	0	0	0	0	0	0	0	0	0	0	1
phase2_holdout:hq11_ht02__repeat00	phase2_holdout_36	hq11_ht02	0	score	same candidate site endpoint shift;strict-row diagnostic mismatch	matched	1	1	2	2	271dd1da9cbfe379ca8060a3008a031a795afe497278eeb9f933097d5e1a09b9	271dd1da9cbfe379ca8060a3008a031a795afe497278eeb9f933097d5e1a09b9	1	1	1	1	1	0	0	0	0	0	0	0	0	0	0	1
phase2_holdout:hq11_ht02__repeat00	phase2_holdout_36	hq11_ht02	0	score	same candidate site endpoint shift;strict-row diagnostic mismatch	matched	2	2	3	3	49d567deccbbd4de636ad06be3b126f303dded9866e2693d541a1c4fe2cbb049	4ff9b771bc2a2d9212be1afca4392d93b5b6f4d1eccd429038a7cfdda6d7e4e2	62/65	1	1	1	0	3	0	0	0	1	0	0	0	0	0.06819	0
phase2_holdout:hq11_ht02__repeat00	phase2_holdout_36	hq11_ht02	0	score	same candidate site endpoint shift;strict-row diagnostic mismatch	matched	3	3	4	4	6142c1f3c9d81a9e1b54dbd1c57f4fd0bf37d8f82044afef1d61a261271da751	6142c1f3c9d81a9e1b54dbd1c57f4fd0bf37d8f82044afef1d61a261271da751	1	1	1	1	1	0	0	0	0	0	0	0	0	0	0	1
phase2_holdout:hq11_ht02__repeat00	phase2_holdout_36	hq11_ht02	0	score	same candidate site endpoint shift;strict-row diagnostic mismatch	matched	4	4	5	5	f953ca8a7a3cf4f0f6ea409482aa767a31aa7d5d8cf8b65f9cc5d59700490a07	f953ca8a7a3cf4f0f6ea409482aa767a31aa7d5d8cf8b65f9cc5d59700490a07	1	1	1	1	1	0	0	0	0	0	0	0	0	0	0	1
phase2_holdout:hq11_ht02__repeat00	phase2_holdout_36	hq11_ht02	0	stability		matched	0	0	1	1	88f0b7449f182bb4329933bec572244f5c2e22ec5d4c3676f9da341e2d2fe448	88f0b7449f182bb4329933bec572244f5c2e22ec5d4c3676f9da341e2d2fe448	1	1	1	1	1	0	0	0	0	0	0	0	0	0	0	1
phase2_holdout:hq11_ht02__repeat00	phase2_holdout_36	hq11_ht02	0	stability		matched	1	1	2	2	480dc719366a8c3b2c8feeec03c9feeb750a1f1581c83926cee7abc2cb4dc542	480dc719366a8c3b2c8feeec03c9feeb750a1f1581c83926cee7abc2cb4dc542	1	1	1	1	1	0	0	0	0	0	0	0	0	0	0	1
phase2_holdout:hq11_ht02__repeat00	phase2_holdout_36	hq11_ht02	0	stability		matched	2	2	3	3	ad1606f86b0d07bbda36d0e774d8bb1f28110ef2039072111c15235d4a6a84d4	ad1606f86b0d07bbda36d0e774d8bb1f28110ef2039072111c15235d4a6a84d4	1	1	1	1	1	0	0	0	0	0	0	0	0	0	0	1
phase2_holdout:hq11_ht02__repeat00	phase2_holdout_36	hq11_ht02	0	stability		matched	3	3	4	4	6142c1f3c9d81a9e1b54dbd1c57f4fd0bf37d8f82044afef1d61a261271da751	6142c1f3c9d81a9e1b54dbd1c57f4fd0bf37d8f82044afef1d61a261271da751	1	1	1	1	1	0	0	0	0	0	0	0	0	0	0	1
phase2_holdout:hq11_ht02__repeat00	phase2_holdout_36	hq11_ht02	0	stability		matched	4	4	5	5	ac92a8c4a7267bd8bd9da415890cfeb2fb7c29be0930571a8d7bc159b53d4e38	ac92a8c4a7267bd8bd9da415890cfeb2fb7c29be0930571a8d7bc159b53d4e38	1	1	1	1	1	0	0	0	0	0	0	0	0	0	0	1
phase2_holdout:hq11_ht02__repeat00	phase2_holdout_36	hq11_ht02	0	nt		matched	0	0	1	1	480dc719366a8c3b2c8feeec03c9feeb750a1f1581c83926cee7abc2cb4dc542	480dc719366a8c3b2c8feeec03c9feeb750a1f1581c83926cee7abc2cb4dc542	1	1	1	1	1	0	0	0	0	0	0	0	0	0	0	1
phase2_holdout:hq11_ht02__repeat00	phase2_holdout_36	hq11_ht02	0	nt		matched	1	1	2	2	ad1606f86b0d07bbda36d0e774d8bb1f28110ef2039072111c15235d4a6a84d4	ad1606f86b0d07bbda36d0e774d8bb1f28110ef2039072111c15235d4a6a84d4	1	1	1	1	1	0	0	0	0	0	0	0	0	0	0	1
phase2_holdout:hq11_ht02__repeat00	phase2_holdout_36	hq11_ht02	0	nt		matched	2	2	3	3	84c1ad43abede72e900b190d2153745c3fa565603b2809f7fab80cc9dc589091	84c1ad43abede72e900b190d2153745c3fa565603b2809f7fab80cc9dc589091	1	1	1	1	1	0	0	0	0	0	0	0	0	0	0	1
phase2_holdout:hq11_ht02__repeat00	phase2_holdout_36	hq11_ht02	0	nt		matched	3	3	4	4	88f0b7449f182bb4329933bec572244f5c2e22ec5d4c3676f9da341e2d2fe448	88f0b7449f182bb4329933bec572244f5c2e22ec5d4c3676f9da341e2d2fe448	1	1	1	1	1	0	0	0	0	0	0	0	0	0	0	1
phase2_holdout:hq11_ht02__repeat00	phase2_holdout_36	hq11_ht02	0	nt		matched	4	4	5	5	f953ca8a7a3cf4f0f6ea409482aa767a31aa7d5d8cf8b65f9cc5d59700490a07	f953ca8a7a3cf4f0f6ea409482aa767a31aa7d5d8cf8b65f9cc5d59700490a07	1	1	1	1	1	0	0	0	0	0	0	0	0	0	0	1
phase2_holdout:hq12_ht01__repeat00	phase2_holdout_36	hq12_ht01	0	score		matched	0	0	1	1	4231c50dd604c36ceb2410a357b83652cf14ca19af2262d816b7e776773edf25	4231c50dd604c36ceb2410a357b83652cf14ca19af2262d816b7e776773edf25	1	1	1	1	1	0	0	0	0	0	0	0	0	0	0	1
phase2_holdout:hq12_ht01__repeat00	phase2_holdout_36	hq12_ht01	0	score		matched	1	1	2	2	34c7433bfc16ceb0dad252b9d0bc49e14edec2311d01f084615d7a7be74da9aa	34c7433bfc16ceb0dad252b9d0bc49e14edec2311d01f084615d7a7be74da9aa	1	1	1	1	1	0	0	0	0	0	0	0	0	0	0	1
phase2_holdout:hq12_ht01__repeat00	phase2_holdout_36	hq12_ht01	0	score		matched	2	2	3	3	93a400e9c9e9983bb0a10605e5774ea99091ee9b9b4691bba749847d62b4e11b	93a400e9c9e9983bb0a10605e5774ea99091ee9b9b4691bba749847d62b4e11b	1	1	1	1	1	0	0	0	0	0	0	0	0	0	0	1
phase2_holdout:hq12_ht01__repeat00	phase2_holdout_36	hq12_ht01	0	score		matched	3	3	4	4	56149fde62e5884db5cd9bdefe89ef3f083e8038ade7dd5eea0afd40037b5edd	56149fde62e5884db5cd9bdefe89ef3f083e8038ade7dd5eea0afd40037b5edd	1	1	1	1	1	0	0	0	0	0	0	0	0	0	0	1
phase2_holdout:hq12_ht01__repeat00	phase2_holdout_36	hq12_ht01	0	score		matched	4	4	5	5	11a150fd2a100b8178889f5f072c56180653c884cfa150dcef4343b3802532a4	11a150fd2a100b8178889f5f072c56180653c884cfa150dcef4343b3802532a4	1	1	1	1	1	0	0	0	0	0	0	0	0	0	0	1
phase2_holdout:hq12_ht01__repeat00	phase2_holdout_36	hq12_ht01	0	stability		matched	0	0	1	1	93a400e9c9e9983bb0a10605e5774ea99091ee9b9b4691bba749847d62b4e11b	93a400e9c9e9983bb0a10605e5774ea99091ee9b9b4691bba749847d62b4e11b	1	1	1	1	1	0	0	0	0	0	0	0	0	0	0	1
phase2_holdout:hq12_ht01__repeat00	phase2_holdout_36	hq12_ht01	0	stability		matched	1	1	2	2	d272f3d40241bf0d86bad81531f6f65bf9ed5d97760cf6fc080109faba2c642d	d272f3d40241bf0d86bad81531f6f65bf9ed5d97760cf6fc080109faba2c642d	1	1	1	1	1	0	0	0	0	0	0	0	0	0	0	1
phase2_holdout:hq12_ht01__repeat00	phase2_holdout_36	hq12_ht01	0	stability		matched	2	2	3	3	4d09dc7edd8fda210de70333a965e8c5e9094314db3baec7b9a9e29199860adb	4d09dc7edd8fda210de70333a965e8c5e9094314db3baec7b9a9e29199860adb	1	1	1	1	1	0	0	0	0	0	0	0	0	0	0	1
phase2_holdout:hq12_ht01__repeat00	phase2_holdout_36	hq12_ht01	0	stability		matched	3	3	4	4	56149fde62e5884db5cd9bdefe89ef3f083e8038ade7dd5eea0afd40037b5edd	56149fde62e5884db5cd9bdefe89ef3f083e8038ade7dd5eea0afd40037b5edd	1	1	1	1	1	0	0	0	0	0	0	0	0	0	0	1
phase2_holdout:hq12_ht01__repeat00	phase2_holdout_36	hq12_ht01	0	stability		matched	4	4	5	5	633491533b2c07b33c01263ea176f1687c4d75af515e89d8d0bc643220a98d39	633491533b2c07b33c01263ea176f1687c4d75af515e89d8d0bc643220a98d39	1	1	1	1	1	0	0	0	0	0	0	0	0	0	0	1
phase2_holdout:hq12_ht01__repeat00	phase2_holdout_36	hq12_ht01	0	nt		matched	0	0	1	1	34c7433bfc16ceb0dad252b9d0bc49e14edec2311d01f084615d7a7be74da9aa	34c7433bfc16ceb0dad252b9d0bc49e14edec2311d01f084615d7a7be74da9aa	1	1	1	1	1	0	0	0	0	0	0	0	0	0	0	1
phase2_holdout:hq12_ht01__repeat00	phase2_holdout_36	hq12_ht01	0	nt		matched	1	1	2	2	4231c50dd604c36ceb2410a357b83652cf14ca19af2262d816b7e776773edf25	4231c50dd604c36ceb2410a357b83652cf14ca19af2262d816b7e776773edf25	1	1	1	1	1	0	0	0	0	0	0	0	0	0	0	1
phase2_holdout:hq12_ht01__repeat00	phase2_holdout_36	hq12_ht01	0	nt		matched	2	2	3	3	56149fde62e5884db5cd9bdefe89ef3f083e8038ade7dd5eea0afd40037b5edd	56149fde62e5884db5cd9bdefe89ef3f083e8038ade7dd5eea0afd40037b5edd	1	1	1	1	1	0	0	0	0	0	0	0	0	0	0	1
phase2_holdout:hq12_ht01__repeat00	phase2_holdout_36	hq12_ht01	0	nt		matched	3	3	4	4	d272f3d40241bf0d86bad81531f6f65bf9ed5d97760cf6fc080109faba2c642d	d272f3d40241bf0d86bad81531f6f65bf9ed5d97760cf6fc080109faba2c642d	1	1	1	1	1	0	0	0	0	0	0	0	0	0	0	1
phase2_holdout:hq12_ht01__repeat00	phase2_holdout_36	hq12_ht01	0	nt		matched	4	4	5	5	633491533b2c07b33c01263ea176f1687c4d75af515e89d8d0bc643220a98d39	633491533b2c07b33c01263ea176f1687c4d75af515e89d8d0bc643220a98d39	1	1	1	1	1	0	0	0	0	0	0	0	0	0	0	1
phase2_holdout:hq12_ht02__repeat00	phase2_holdout_36	hq12_ht02	0	score		matched	0	0	1	1	3cf3d010d93f71ecabdb402771d790992bb10209b8d49ae583141959b60d8942	3cf3d010d93f71ecabdb402771d790992bb10209b8d49ae583141959b60d8942	1	1	1	1	1	0	0	0	0	0	0	0	0	0	0	1
phase2_holdout:hq12_ht02__repeat00	phase2_holdout_36	hq12_ht02	0	score		matched	1	1	2	2	195483634b579ed3e331af5d3f4f59e75f7fecbb42ed217ef4ce84715946a9c5	195483634b579ed3e331af5d3f4f59e75f7fecbb42ed217ef4ce84715946a9c5	1	1	1	1	1	0	0	0	0	0	0	0	0	0	0	1
phase2_holdout:hq12_ht02__repeat00	phase2_holdout_36	hq12_ht02	0	score		matched	2	2	3	3	81aabc3c34970c6f429c02e4f1cc285d0e99aef17f3020662f599339fa876c81	81aabc3c34970c6f429c02e4f1cc285d0e99aef17f3020662f599339fa876c81	1	1	1	1	1	0	0	0	0	0	0	0	0	0	0	1
phase2_holdout:hq12_ht02__repeat00	phase2_holdout_36	hq12_ht02	0	score		matched	3	3	4	4	5d5ef17372613b2b95620c514cae712804a7002aa37f2e7551008b6b36793390	5d5ef17372613b2b95620c514cae712804a7002aa37f2e7551008b6b36793390	1	1	1	1	1	0	0	0	0	0	0	0	0	0	0	1
phase2_holdout:hq12_ht02__repeat00	phase2_holdout_36	hq12_ht02	0	score		matched	4	4	5	5	3d0d8c833c1d27dd6fe685616574b12352bef65a9fee487d9368dccccafd3fa7	3d0d8c833c1d27dd6fe685616574b12352bef65a9fee487d9368dccccafd3fa7	1	1	1	1	1	0	0	0	0	0	0	0	0	0	0	1
phase2_holdout:hq12_ht02__repeat00	phase2_holdout_36	hq12_ht02	0	stability		matched	0	0	1	1	6208579aa6c0ab86bf63458208ec42278e85f62c5001a50897aa10101732bbbe	6208579aa6c0ab86bf63458208ec42278e85f62c5001a50897aa10101732bbbe	1	1	1	1	1	0	0	0	0	0	0	0	0	0	0	1
phase2_holdout:hq12_ht02__repeat00	phase2_holdout_36	hq12_ht02	0	stability		matched	1	1	2	2	195483634b579ed3e331af5d3f4f59e75f7fecbb42ed217ef4ce84715946a9c5	195483634b579ed3e331af5d3f4f59e75f7fecbb42ed217ef4ce84715946a9c5	1	1	1	1	1	0	0	0	0	0	0	0	0	0	0	1
phase2_holdout:hq12_ht02__repeat00	phase2_holdout_36	hq12_ht02	0	stability		matched	2	2	3	3	3d0d8c833c1d27dd6fe685616574b12352bef65a9fee487d9368dccccafd3fa7	3d0d8c833c1d27dd6fe685616574b12352bef65a9fee487d9368dccccafd3fa7	1	1	1	1	1	0	0	0	0	0	0	0	0	0	0	1
phase2_holdout:hq12_ht02__repeat00	phase2_holdout_36	hq12_ht02	0	stability		matched	3	3	4	4	81aabc3c34970c6f429c02e4f1cc285d0e99aef17f3020662f599339fa876c81	81aabc3c34970c6f429c02e4f1cc285d0e99aef17f3020662f599339fa876c81	1	1	1	1	1	0	0	0	0	0	0	0	0	0	0	1
phase2_holdout:hq12_ht02__repeat00	phase2_holdout_36	hq12_ht02	0	stability		matched	4	4	5	5	02931a6e892440913a46c2fcbce9da2298f996f3e8d4269ca064243b631fb073	02931a6e892440913a46c2fcbce9da2298f996f3e8d4269ca064243b631fb073	1	1	1	1	1	0	0	0	0	0	0	0	0	0	0	1
phase2_holdout:hq12_ht02__repeat00	phase2_holdout_36	hq12_ht02	0	nt		matched	0	0	1	1	7cc2bc7d92edc4c731f939a9244feea5cc902a95ecb7b7d48d11c68c01f60c88	7cc2bc7d92edc4c731f939a9244feea5cc902a95ecb7b7d48d11c68c01f60c88	1	1	1	1	1	0	0	0	0	0	0	0	0	0	0	1
phase2_holdout:hq12_ht02__repeat00	phase2_holdout_36	hq12_ht02	0	nt		matched	1	1	2	2	7a7f41eef8021dd5a18b7bc0c3140bce07c347f3b635add0365218b8fff89342	7a7f41eef8021dd5a18b7bc0c3140bce07c347f3b635add0365218b8fff89342	1	1	1	1	1	0	0	0	0	0	0	0	0	0	0	1
phase2_holdout:hq12_ht02__repeat00	phase2_holdout_36	hq12_ht02	0	nt		matched	2	2	3	3	195483634b579ed3e331af5d3f4f59e75f7fecbb42ed217ef4ce84715946a9c5	195483634b579ed3e331af5d3f4f59e75f7fecbb42ed217ef4ce84715946a9c5	1	1	1	1	1	0	0	0	0	0	0	0	0	0	0	1
phase2_holdout:hq12_ht02__repeat00	phase2_holdout_36	hq12_ht02	0	nt		matched	3	3	4	4	926c36b8e55558d4f8a10780f213292209af3e23c68e944ab9595ed8e8c0c3a3	926c36b8e55558d4f8a10780f213292209af3e23c68e944ab9595ed8e8c0c3a3	1	1	1	1	1	0	0	0	0	0	0	0	0	0	0	1
phase2_holdout:hq12_ht02__repeat00	phase2_holdout_36	hq12_ht02	0	nt		matched	4	4	5	5	02931a6e892440913a46c2fcbce9da2298f996f3e8d4269ca064243b631fb073	02931a6e892440913a46c2fcbce9da2298f996f3e8d4269ca064243b631fb073	1	1	1	1	1	0	0	0	0	0	0	0	0	0	0	1
